episodio,goal_id,resultado,pasos_total,reward_total,llego_estanteria,llego_descarga,n_replans
1,goal_01,col_exit,802,5.68,1,0,0
2,goal_01,col_exit,758,1.9,1,0,0
3,goal_01,col_exit,740,-1.75,1,0,0
4,goal_01,col_exit,752,0.46,1,0,0
5,goal_01,col_exit,757,1.44,1,0,0
6,goal_01,col_exit,749,-0.74,1,0,0
7,goal_01,col_exit,753,1.15,1,0,0
8,goal_01,col_exit,754,1.27,1,0,0
9,goal_01,col_exit,739,-1.56,1,0,0
10,goal_01,col_exit,746,-0.02,1,0,0
11,goal_01,col_exit,755,0.25,1,0,0
12,goal_01,col_exit,754,-0.98,1,0,0
13,goal_01,col_exit,752,0.97,1,0,0
14,goal_01,col_exit,756,-0.81,1,0,0
15,goal_01,col_exit,738,-1.35,1,0,0
16,goal_01,col_exit,744,-0.97,1,0,0
17,goal_01,col_exit,748,-0.88,1,0,0
18,goal_01,col_exit,753,1.15,1,0,0
19,goal_01,col_exit,754,1.28,1,0,0
20,goal_01,col_exit,739,-1.56,1,0,0
21,goal_01,col_exit,746,-0.02,1,0,0
22,goal_01,col_exit,755,0.25,1,0,0
23,goal_01,col_exit,754,-0.99,1,0,0
24,goal_01,col_exit,752,0.97,1,0,0
25,goal_01,col_exit,756,-0.81,1,0,0
26,goal_01,col_exit,738,-1.35,1,0,0
27,goal_01,col_exit,744,-0.97,1,0,0
28,goal_01,col_exit,748,-0.88,1,0,0
29,goal_01,col_exit,753,1.15,1,0,0
30,goal_01,col_exit,754,1.27,1,0,0
31,goal_01,col_exit,739,-1.56,1,0,0
32,goal_01,col_exit,746,-0.02,1,0,0
33,goal_01,col_exit,755,0.25,1,0,0
34,goal_01,col_exit,754,-0.99,1,0,0
35,goal_01,col_exit,752,0.97,1,0,0
36,goal_01,col_exit,756,-0.81,1,0,0
37,goal_01,col_exit,738,-1.35,1,0,0
38,goal_01,col_exit,744,-0.97,1,0,0
39,goal_01,col_exit,748,-0.88,1,0,0
40,goal_01,col_exit,753,1.15,1,0,0
41,goal_01,col_exit,754,1.27,1,0,0
42,goal_01,col_exit,739,-1.56,1,0,0
43,goal_01,col_exit,746,-0.02,1,0,0
44,goal_01,col_exit,755,0.25,1,0,0
45,goal_01,col_exit,754,-0.98,1,0,0
46,goal_01,col_exit,752,0.97,1,0,0
47,goal_01,col_exit,756,-0.81,1,0,0
48,goal_01,col_exit,738,-1.35,1,0,0
49,goal_01,col_exit,744,-0.97,1,0,0
50,goal_01,col_exit,748,-0.88,1,0,0
51,goal_01,col_exit,753,1.15,1,0,0
52,goal_01,col_exit,754,1.27,1,0,0
53,goal_01,col_exit,739,-1.56,1,0,0
54,goal_01,col_exit,746,-0.02,1,0,0
55,goal_01,col_exit,755,0.25,1,0,0
56,goal_01,col_exit,754,-0.98,1,0,0
57,goal_01,col_exit,752,0.97,1,0,0
58,goal_01,col_exit,756,-0.81,1,0,0
59,goal_01,col_exit,738,-1.35,1,0,0
60,goal_01,col_exit,744,-0.97,1,0,0
61,goal_01,col_exit,748,-0.88,1,0,0
62,goal_01,col_exit,753,1.15,1,0,0
63,goal_01,col_exit,754,1.27,1,0,0
64,goal_01,col_exit,739,-1.56,1,0,0
65,goal_01,col_exit,746,-0.02,1,0,0
66,goal_01,col_exit,755,0.25,1,0,0
67,goal_01,col_exit,754,-0.98,1,0,0
68,goal_01,col_exit,752,0.97,1,0,0
69,goal_01,col_exit,756,-0.81,1,0,0
70,goal_01,col_exit,738,-1.35,1,0,0
71,goal_01,col_exit,744,-0.97,1,0,0
72,goal_01,col_exit,748,-0.88,1,0,0
73,goal_01,col_exit,753,1.15,1,0,0
74,goal_01,col_exit,754,1.27,1,0,0
75,goal_01,col_exit,739,-1.56,1,0,0
76,goal_01,col_exit,746,-0.02,1,0,0
77,goal_01,col_exit,755,0.25,1,0,0
78,goal_01,col_exit,754,-0.98,1,0,0
79,goal_01,col_exit,752,0.97,1,0,0
80,goal_01,col_exit,756,-0.81,1,0,0
81,goal_01,col_exit,738,-1.35,1,0,0
82,goal_01,col_exit,744,-0.97,1,0,0
83,goal_01,col_exit,748,-0.88,1,0,0
84,goal_01,col_exit,753,1.15,1,0,0
85,goal_01,col_exit,754,1.28,1,0,0
86,goal_01,col_exit,739,-1.56,1,0,0
87,goal_01,col_exit,746,-0.02,1,0,0
88,goal_01,col_exit,755,0.25,1,0,0
89,goal_01,col_exit,754,-0.98,1,0,0
90,goal_01,col_exit,752,0.97,1,0,0
91,goal_01,col_exit,756,-0.81,1,0,0
92,goal_01,col_exit,738,-1.35,1,0,0
93,goal_01,col_exit,744,-0.97,1,0,0
94,goal_01,col_exit,748,-0.88,1,0,0
95,goal_01,col_exit,753,1.15,1,0,0
96,goal_01,col_exit,754,1.27,1,0,0
97,goal_01,col_exit,739,-1.56,1,0,0
98,goal_01,col_exit,746,-0.02,1,0,0
99,goal_01,col_exit,755,0.25,1,0,0
100,goal_01,col_exit,754,-0.99,1,0,0
101,goal_02,exito,2980,589.44,1,1,0
102,goal_02,col_exit,835,-9.42,1,0,0
103,goal_02,col_return,2195,248.89,1,1,0
104,goal_02,exito,2981,588.03,1,1,0
105,goal_02,exito,2966,592.61,1,1,0
106,goal_02,col_exit,858,-7.03,1,0,0
107,goal_02,col_return,2173,239.37,1,1,0
108,goal_02,col_exit,834,-9.32,1,0,0
109,goal_02,col_return,2170,239.13,1,1,0
110,goal_02,exito,2987,587.84,1,1,0
111,goal_02,exito,2997,590.48,1,1,0
112,goal_02,col_exit,844,-14.4,1,0,0
113,goal_02,col_return,2160,245.06,1,1,0
114,goal_02,col_exit,836,-9.31,1,0,0
115,goal_02,col_return,2169,238.66,1,1,0
116,goal_02,exito,2984,587.62,1,1,0
117,goal_02,exito,2987,588.11,1,1,0
118,goal_02,col_exit,835,-9.36,1,0,0
119,goal_02,col_return,2222,248.57,1,1,0
120,goal_02,col_return,2205,241.44,1,1,0
121,goal_02,exito,2983,586.28,1,1,0
122,goal_02,col_exit,836,-9.21,1,0,0
123,goal_02,col_return,2222,248.59,1,1,0
124,goal_02,col_return,2205,241.43,1,1,0
125,goal_02,exito,2981,587.07,1,1,0
126,goal_02,col_exit,835,-9.45,1,0,0
127,goal_02,col_return,2178,239.45,1,1,0
128,goal_02,col_exit,839,-10.31,1,0,0
129,goal_02,col_return,2174,247.8,1,1,0
130,goal_02,exito,2994,590.64,1,1,0
131,goal_02,exito,2986,588.37,1,1,0
132,goal_02,col_exit,836,-9.06,1,0,0
133,goal_02,col_return,2190,248.42,1,1,0
134,goal_02,exito,2993,586.09,1,1,0
135,goal_02,exito,2967,593.35,1,1,0
136,goal_02,col_exit,840,-10.77,1,0,0
137,goal_02,col_return,2178,246.7,1,1,0
138,goal_02,col_exit,836,-9.46,1,0,0
139,goal_02,col_return,2175,246.88,1,1,0
140,goal_02,exito,2975,591.79,1,1,0
141,goal_02,exito,2996,586.56,1,1,0
142,goal_02,col_exit,836,-10.55,1,0,0
143,goal_02,col_return,2196,248.21,1,1,0
144,goal_02,exito,2982,588.25,1,1,0
145,goal_02,exito,2967,592.69,1,1,0
146,goal_02,col_exit,857,-7.2,1,0,0
147,goal_02,col_return,2173,239.6,1,1,0
148,goal_02,col_exit,834,-9.32,1,0,0
149,goal_02,col_return,2170,239.12,1,1,0
150,goal_02,exito,2994,586.89,1,1,0
151,goal_02,exito,2980,590.14,1,1,0
152,goal_02,col_exit,842,-13.51,1,0,0
153,goal_02,col_return,2171,246.42,1,1,0
154,goal_02,col_exit,836,-9.87,1,0,0
155,goal_02,col_return,2170,238.63,1,1,0
156,goal_02,exito,2988,587.07,1,1,0
157,goal_02,exito,2984,588.28,1,1,0
158,goal_02,col_exit,835,-9.43,1,0,0
159,goal_02,col_return,2221,248.47,1,1,0
160,goal_02,col_return,2205,241.44,1,1,0
161,goal_02,exito,2983,586.27,1,1,0
162,goal_02,col_exit,836,-9.2,1,0,0
163,goal_02,col_return,2222,248.6,1,1,0
164,goal_02,col_return,2205,241.41,1,1,0
165,goal_02,exito,2981,586.86,1,1,0
166,goal_02,col_exit,835,-9.47,1,0,0
167,goal_02,col_return,2178,239.44,1,1,0
168,goal_02,col_exit,839,-10.31,1,0,0
169,goal_02,col_return,2170,239.14,1,1,0
170,goal_02,exito,2983,588.94,1,1,0
171,goal_02,exito,2984,588.0,1,1,0
172,goal_02,col_exit,836,-9.62,1,0,0
173,goal_02,exito,2967,592.66,1,1,0
174,goal_02,col_return,2225,240.98,1,1,0
175,goal_02,exito,2981,586.87,1,1,0
176,goal_02,col_exit,843,-13.98,1,0,0
177,goal_02,col_return,2167,238.98,1,1,0
178,goal_02,col_exit,835,-9.56,1,0,0
179,goal_02,col_return,2178,247.19,1,1,0
180,goal_02,exito,2984,588.18,1,1,0
181,goal_02,exito,2981,588.8,1,1,0
182,goal_02,col_exit,835,-9.44,1,0,0
183,goal_02,col_return,2176,239.03,1,1,0
184,goal_02,col_exit,839,-10.32,1,0,0
185,goal_02,col_return,2170,239.13,1,1,0
186,goal_02,exito,2991,587.99,1,1,0
187,goal_02,exito,2984,588.59,1,1,0
188,goal_02,col_exit,835,-9.35,1,0,0
189,goal_02,col_return,2222,249.36,1,1,0
190,goal_02,col_return,2225,239.31,1,1,0
191,goal_02,exito,2986,587.8,1,1,0
192,goal_02,col_exit,835,-9.12,1,0,0
193,goal_02,col_return,2177,248.15,1,1,0
194,goal_02,exito,2983,587.98,1,1,0
195,goal_02,exito,2990,591.26,1,1,0
196,goal_02,col_exit,840,-15.75,1,0,0
197,goal_02,col_return,2167,245.89,1,1,0
198,goal_02,col_exit,836,-9.3,1,0,0
199,goal_02,col_return,2174,246.74,1,1,0
200,goal_02,exito,2975,591.81,1,1,0
201,goal_03,col_return,2273,272.95,1,1,0
202,goal_03,col_return,2293,264.07,1,1,0
203,goal_03,exito,3106,626.8,1,1,0
204,goal_03,exito,3108,626.88,1,1,0
205,goal_03,col_exit,984,18.3,1,0,0
206,goal_03,col_return,2298,274.31,1,1,0
207,goal_03,col_exit,987,18.55,1,0,0
208,goal_03,col_return,2280,271.48,1,1,0
209,goal_03,exito,3108,626.43,1,1,0
210,goal_03,exito,3105,626.99,1,1,0
211,goal_03,col_exit,972,15.53,1,0,0
212,goal_03,col_exit,1024,23.09,1,0,0
213,goal_03,exito,3114,625.33,1,1,0
214,goal_03,exito,3107,627.64,1,1,0
215,goal_03,col_exit,1000,21.41,1,0,0
216,goal_03,col_exit,1024,22.84,1,0,0
217,goal_03,exito,3117,624.91,1,1,0
218,goal_03,exito,3094,626.36,1,1,0
219,goal_03,col_exit,1012,21.06,1,0,0
220,goal_03,col_exit,1024,23.1,1,0,0
221,goal_03,exito,3114,625.32,1,1,0
222,goal_03,exito,3109,627.78,1,1,0
223,goal_03,col_exit,999,20.78,1,0,0
224,goal_03,col_exit,1024,23.05,1,0,0
225,goal_03,exito,3114,625.33,1,1,0
226,goal_03,exito,3107,627.63,1,1,0
227,goal_03,col_exit,1000,21.41,1,0,0
228,goal_03,col_exit,1025,23.24,1,0,0
229,goal_03,exito,3114,625.33,1,1,0
230,goal_03,exito,3109,627.77,1,1,0
231,goal_03,col_exit,999,20.78,1,0,0
232,goal_03,col_exit,1024,23.09,1,0,0
233,goal_03,exito,3113,625.35,1,1,0
234,goal_03,exito,3115,627.37,1,1,0
235,goal_03,col_exit,993,20.05,1,0,0
236,goal_03,col_exit,1025,23.24,1,0,0
237,goal_03,exito,3114,625.33,1,1,0
238,goal_03,exito,3110,627.24,1,1,0
239,goal_03,col_exit,998,20.59,1,0,0
240,goal_03,col_exit,1024,23.09,1,0,0
241,goal_03,exito,3113,625.36,1,1,0
242,goal_03,exito,3115,627.37,1,1,0
243,goal_03,col_exit,993,20.04,1,0,0
244,goal_03,col_exit,1025,23.28,1,0,0
245,goal_03,exito,3114,625.33,1,1,0
246,goal_03,exito,3107,627.52,1,1,0
247,goal_03,col_exit,1001,21.17,1,0,0
248,goal_03,col_exit,1024,23.09,1,0,0
249,goal_03,exito,3113,625.34,1,1,0
250,goal_03,exito,3115,627.38,1,1,0
251,goal_03,col_exit,993,20.04,1,0,0
252,goal_03,col_exit,1025,23.24,1,0,0
253,goal_03,exito,3114,625.34,1,1,0
254,goal_03,exito,3107,627.53,1,1,0
255,goal_03,col_exit,1000,21.41,1,0,0
256,goal_03,col_exit,1025,23.28,1,0,0
257,goal_03,exito,3114,625.33,1,1,0
258,goal_03,exito,3106,627.62,1,1,0
259,goal_03,col_exit,1002,19.41,1,0,0
260,goal_03,col_exit,1024,23.09,1,0,0
261,goal_03,exito,3113,625.35,1,1,0
262,goal_03,exito,3115,627.37,1,1,0
263,goal_03,col_exit,993,20.05,1,0,0
264,goal_03,col_exit,1025,23.24,1,0,0
265,goal_03,exito,3114,625.33,1,1,0
266,goal_03,exito,3110,627.23,1,1,0
267,goal_03,col_exit,998,20.59,1,0,0
268,goal_03,col_exit,1024,23.09,1,0,0
269,goal_03,exito,3113,625.36,1,1,0
270,goal_03,exito,3115,627.37,1,1,0
271,goal_03,col_exit,993,20.04,1,0,0
272,goal_03,col_exit,1025,23.24,1,0,0
273,goal_03,exito,3114,625.33,1,1,0
274,goal_03,exito,3107,627.54,1,1,0
275,goal_03,col_exit,1001,21.17,1,0,0
276,goal_03,col_exit,1024,23.09,1,0,0
277,goal_03,exito,3114,625.33,1,1,0
278,goal_03,exito,3107,627.56,1,1,0
279,goal_03,col_exit,1000,21.41,1,0,0
280,goal_03,col_exit,1025,23.28,1,0,0
281,goal_03,exito,3114,625.34,1,1,0
282,goal_03,exito,3107,627.54,1,1,0
283,goal_03,col_exit,1000,21.41,1,0,0
284,goal_03,col_exit,1025,23.28,1,0,0
285,goal_03,exito,3114,625.32,1,1,0
286,goal_03,exito,3109,627.79,1,1,0
287,goal_03,col_exit,999,20.79,1,0,0
288,goal_03,col_exit,1024,23.09,1,0,0
289,goal_03,exito,3114,625.33,1,1,0
290,goal_03,exito,3107,627.63,1,1,0
291,goal_03,col_exit,1000,21.41,1,0,0
292,goal_03,col_exit,1025,23.24,1,0,0
293,goal_03,exito,3114,625.34,1,1,0
294,goal_03,exito,3106,627.61,1,1,0
295,goal_03,col_exit,1002,19.41,1,0,0
296,goal_03,col_exit,1024,23.1,1,0,0
297,goal_03,exito,3114,625.33,1,1,0
298,goal_03,exito,3107,627.55,1,1,0
299,goal_03,col_exit,1000,21.41,1,0,0
300,goal_03,col_exit,1025,23.24,1,0,0
301,goal_04,col_exit,1143,33.21,1,0,0
302,goal_04,col_exit,1189,39.62,1,0,0
303,goal_04,exito,3269,641.88,1,1,0
304,goal_04,col_return,2433,289.36,1,1,0
305,goal_04,col_return,2448,290.06,1,1,0
306,goal_04,col_exit,1142,33.02,1,0,0
307,goal_04,col_exit,1207,43.06,1,0,0
308,goal_04,exito,3263,642.96,1,1,0
309,goal_04,col_return,2434,288.53,1,1,0
310,goal_04,col_return,2433,286.18,1,1,0
311,goal_04,col_exit,1159,36.22,1,0,0
312,goal_04,exito,3263,642.36,1,1,0
313,goal_04,exito,3268,642.37,1,1,0
314,goal_04,exito,3260,643.02,1,1,0
315,goal_04,col_exit,1157,35.82,1,0,0
316,goal_04,exito,3263,643.15,1,1,0
317,goal_04,col_return,2445,286.02,1,1,0
318,goal_04,col_return,2427,287.31,1,1,0
319,goal_04,col_exit,1155,35.48,1,0,0
320,goal_04,exito,3263,642.43,1,1,0
321,goal_04,exito,3264,642.96,1,1,0
322,goal_04,exito,3263,643.3,1,1,0
323,goal_04,col_exit,1157,35.82,1,0,0
324,goal_04,exito,3262,642.94,1,1,0
325,goal_04,col_return,2454,283.57,1,1,0
326,goal_04,col_return,2426,287.4,1,1,0
327,goal_04,col_exit,1154,35.28,1,0,0
328,goal_04,col_exit,1200,41.73,1,0,0
329,goal_04,exito,3263,642.66,1,1,0
330,goal_04,col_return,2439,288.35,1,1,0
331,goal_04,col_return,2443,290.03,1,1,0
332,goal_04,col_exit,1147,33.97,1,0,0
333,goal_04,col_exit,1207,43.07,1,0,0
334,goal_04,exito,3263,643.15,1,1,0
335,goal_04,col_return,2445,285.98,1,1,0
336,goal_04,col_return,2427,287.3,1,1,0
337,goal_04,col_exit,1155,35.48,1,0,0
338,goal_04,exito,3263,642.48,1,1,0
339,goal_04,exito,3264,642.97,1,1,0
340,goal_04,exito,3263,643.37,1,1,0
341,goal_04,col_exit,1157,35.82,1,0,0
342,goal_04,exito,3262,642.94,1,1,0
343,goal_04,col_return,2454,283.52,1,1,0
344,goal_04,col_return,2426,287.39,1,1,0
345,goal_04,col_exit,1154,35.28,1,0,0
346,goal_04,col_exit,1200,41.73,1,0,0
347,goal_04,exito,3263,642.62,1,1,0
348,goal_04,col_return,2439,288.3,1,1,0
349,goal_04,col_return,2443,289.96,1,1,0
350,goal_04,col_exit,1147,33.97,1,0,0
351,goal_04,col_exit,1207,43.07,1,0,0
352,goal_04,exito,3263,643.15,1,1,0
353,goal_04,col_return,2446,285.92,1,1,0
354,goal_04,col_return,2432,287.54,1,1,0
355,goal_04,col_exit,1154,35.28,1,0,0
356,goal_04,exito,3263,642.53,1,1,0
357,goal_04,exito,3273,642.62,1,1,0
358,goal_04,exito,3256,644.57,1,1,0
359,goal_04,col_exit,1152,34.89,1,0,0
360,goal_04,exito,3262,643.29,1,1,0
361,goal_04,col_return,2453,283.66,1,1,0
362,goal_04,col_return,2428,287.64,1,1,0
363,goal_04,col_exit,1154,35.28,1,0,0
364,goal_04,col_exit,1197,41.15,1,0,0
365,goal_04,exito,3263,642.65,1,1,0
366,goal_04,col_return,2439,288.35,1,1,0
367,goal_04,col_return,2443,290.08,1,1,0
368,goal_04,col_exit,1147,33.97,1,0,0
369,goal_04,col_exit,1207,43.06,1,0,0
370,goal_04,exito,3263,643.15,1,1,0
371,goal_04,col_return,2445,286.01,1,1,0
372,goal_04,col_return,2427,287.3,1,1,0
373,goal_04,col_exit,1155,35.48,1,0,0
374,goal_04,exito,3263,642.49,1,1,0
375,goal_04,exito,3264,642.97,1,1,0
376,goal_04,exito,3265,642.92,1,1,0
377,goal_04,col_exit,1155,35.46,1,0,0
378,goal_04,exito,3262,642.95,1,1,0
379,goal_04,col_return,2454,283.56,1,1,0
380,goal_04,col_return,2426,287.39,1,1,0
381,goal_04,col_exit,1154,35.28,1,0,0
382,goal_04,col_exit,1200,41.73,1,0,0
383,goal_04,exito,3263,642.6,1,1,0
384,goal_04,col_return,2439,288.3,1,1,0
385,goal_04,col_return,2443,290.02,1,1,0
386,goal_04,col_exit,1147,33.97,1,0,0
387,goal_04,col_exit,1207,43.06,1,0,0
388,goal_04,exito,3263,643.16,1,1,0
389,goal_04,col_return,2445,286.02,1,1,0
390,goal_04,col_return,2427,287.31,1,1,0
391,goal_04,col_exit,1155,35.48,1,0,0
392,goal_04,exito,3263,642.49,1,1,0
393,goal_04,exito,3264,642.96,1,1,0
394,goal_04,exito,3265,643.02,1,1,0
395,goal_04,col_exit,1155,35.46,1,0,0
396,goal_04,exito,3262,642.94,1,1,0
397,goal_04,col_return,2454,283.57,1,1,0
398,goal_04,col_return,2426,287.39,1,1,0
399,goal_04,col_exit,1154,35.28,1,0,0
400,goal_04,col_exit,1200,41.73,1,0,0
401,goal_05,exito,3068,595.32,1,1,0
402,goal_05,exito,3069,595.28,1,1,0
403,goal_05,exito,3069,596.25,1,1,0
404,goal_05,exito,3070,596.25,1,1,0
405,goal_05,col_exit,958,6.99,1,0,0
406,goal_05,col_exit,891,-0.06,1,0,0
407,goal_05,col_return,2254,244.22,1,1,0
408,goal_05,col_return,2249,243.44,1,1,0
409,goal_05,col_return,2253,244.12,1,1,0
410,goal_05,col_return,2249,243.43,1,1,0
411,goal_05,col_return,2254,243.42,1,1,0
412,goal_05,col_return,2246,242.94,1,1,0
413,goal_05,col_return,2254,243.71,1,1,0
414,goal_05,col_return,2241,242.2,1,1,0
415,goal_05,col_return,2237,240.95,1,1,0
416,goal_05,col_return,2253,244.05,1,1,0
417,goal_05,col_return,2249,243.44,1,1,0
418,goal_05,col_return,2254,244.23,1,1,0
419,goal_05,col_return,2249,243.48,1,1,0
420,goal_05,col_return,2254,243.73,1,1,0
421,goal_05,col_return,2249,242.92,1,1,0
422,goal_05,col_return,2253,244.05,1,1,0
423,goal_05,col_return,2246,242.93,1,1,0
424,goal_05,col_return,2254,243.7,1,1,0
425,goal_05,col_return,2241,242.2,1,1,0
426,goal_05,col_return,2237,240.95,1,1,0
427,goal_05,col_return,2253,244.06,1,1,0
428,goal_05,col_return,2249,243.44,1,1,0
429,goal_05,col_return,2254,244.22,1,1,0
430,goal_05,col_return,2250,243.13,1,1,0
431,goal_05,col_return,2253,243.57,1,1,0
432,goal_05,col_return,2248,243.33,1,1,0
433,goal_05,col_return,2254,244.21,1,1,0
434,goal_05,col_return,2246,242.92,1,1,0
435,goal_05,col_return,2253,244.06,1,1,0
436,goal_05,col_return,2242,242.36,1,1,0
437,goal_05,col_return,2236,241.32,1,1,0
438,goal_05,col_return,2254,244.2,1,1,0
439,goal_05,col_return,2249,243.44,1,1,0
440,goal_05,col_return,2254,244.23,1,1,0
441,goal_05,col_return,2249,243.49,1,1,0
442,goal_05,col_return,2254,243.71,1,1,0
443,goal_05,col_return,2249,242.93,1,1,0
444,goal_05,col_return,2253,244.05,1,1,0
445,goal_05,col_return,2246,242.93,1,1,0
446,goal_05,col_return,2253,244.06,1,1,0
447,goal_05,col_return,2242,242.33,1,1,0
448,goal_05,col_return,2237,240.95,1,1,0
449,goal_05,col_return,2253,244.05,1,1,0
450,goal_05,col_return,2249,243.43,1,1,0
451,goal_05,col_return,2254,243.73,1,1,0
452,goal_05,col_return,2250,243.09,1,1,0
453,goal_05,col_return,2252,243.92,1,1,0
454,goal_05,col_return,2250,243.07,1,1,0
455,goal_05,col_return,2253,244.04,1,1,0
456,goal_05,col_return,2246,242.93,1,1,0
457,goal_05,col_return,2254,243.7,1,1,0
458,goal_05,col_return,2241,242.16,1,1,0
459,goal_05,col_return,2237,240.96,1,1,0
460,goal_05,col_return,2253,244.05,1,1,0
461,goal_05,col_return,2249,243.44,1,1,0
462,goal_05,col_return,2254,244.28,1,1,0
463,goal_05,col_return,2250,243.09,1,1,0
464,goal_05,col_return,2253,243.57,1,1,0
465,goal_05,col_return,2248,243.28,1,1,0
466,goal_05,col_return,2254,244.2,1,1,0
467,goal_05,col_return,2246,242.97,1,1,0
468,goal_05,col_return,2253,244.07,1,1,0
469,goal_05,col_return,2242,242.32,1,1,0
470,goal_05,col_return,2237,240.95,1,1,0
471,goal_05,col_return,2253,243.28,1,1,0
472,goal_05,col_return,2249,243.45,1,1,0
473,goal_05,col_return,2254,243.73,1,1,0
474,goal_05,col_return,2249,243.49,1,1,0
475,goal_05,col_return,2254,243.71,1,1,0
476,goal_05,col_return,2248,243.27,1,1,0
477,goal_05,col_return,2254,244.2,1,1,0
478,goal_05,col_return,2246,242.94,1,1,0
479,goal_05,col_return,2253,244.06,1,1,0
480,goal_05,col_return,2242,241.55,1,1,0
481,goal_05,col_return,2236,241.31,1,1,0
482,goal_05,col_return,2253,244.05,1,1,0
483,goal_05,col_return,2250,243.65,1,1,0
484,goal_05,col_return,2254,243.73,1,1,0
485,goal_05,col_return,2250,243.09,1,1,0
486,goal_05,col_return,2252,243.92,1,1,0
487,goal_05,col_return,2249,243.42,1,1,0
488,goal_05,col_return,2254,244.25,1,1,0
489,goal_05,col_return,2247,242.61,1,1,0
490,goal_05,col_return,2252,243.89,1,1,0
491,goal_05,col_return,2242,242.32,1,1,0
492,goal_05,col_return,2236,240.54,1,1,0
493,goal_05,col_return,2253,244.06,1,1,0
494,goal_05,col_return,2250,243.66,1,1,0
495,goal_05,col_return,2254,244.24,1,1,0
496,goal_05,col_return,2249,243.48,1,1,0
497,goal_05,col_return,2253,244.05,1,1,0
498,goal_05,col_return,2249,243.42,1,1,0
499,goal_05,col_return,2254,243.71,1,1,0
500,goal_05,col_return,2247,242.58,1,1,0
501,goal_06,col_return,2253,247.43,1,1,0
502,goal_06,col_return,2241,245.55,1,1,0
503,goal_06,col_return,2237,244.91,1,1,0
504,goal_06,col_return,2253,247.42,1,1,0
505,goal_06,col_return,2250,246.95,1,1,0
506,goal_06,col_return,2253,247.44,1,1,0
507,goal_06,col_return,2250,246.97,1,1,0
508,goal_06,col_return,2253,247.43,1,1,0
509,goal_06,col_return,2249,246.79,1,1,0
510,goal_06,col_return,2253,247.41,1,1,0
511,goal_06,col_return,2247,246.49,1,1,0
512,goal_06,col_return,2253,247.45,1,1,0
513,goal_06,col_return,2241,245.54,1,1,0
514,goal_06,col_return,2237,244.93,1,1,0
515,goal_06,col_return,2253,247.42,1,1,0
516,goal_06,col_return,2250,246.96,1,1,0
517,goal_06,col_return,2253,247.44,1,1,0
518,goal_06,col_return,2250,246.98,1,1,0
519,goal_06,col_return,2253,247.42,1,1,0
520,goal_06,col_return,2249,246.8,1,1,0
521,goal_06,col_return,2253,247.42,1,1,0
522,goal_06,col_return,2247,246.49,1,1,0
523,goal_06,col_return,2253,247.42,1,1,0
524,goal_06,col_return,2241,245.57,1,1,0
525,goal_06,col_return,2237,244.88,1,1,0
526,goal_06,col_return,2253,247.4,1,1,0
527,goal_06,col_return,2250,246.98,1,1,0
528,goal_06,col_return,2253,247.43,1,1,0
529,goal_06,col_return,2250,246.96,1,1,0
530,goal_06,col_return,2253,247.42,1,1,0
531,goal_06,col_return,2249,246.81,1,1,0
532,goal_06,col_return,2253,247.41,1,1,0
533,goal_06,col_return,2247,246.46,1,1,0
534,goal_06,col_return,2253,247.41,1,1,0
535,goal_06,col_return,2241,245.58,1,1,0
536,goal_06,col_return,2237,244.9,1,1,0
537,goal_06,col_return,2253,247.41,1,1,0
538,goal_06,col_return,2250,246.99,1,1,0
539,goal_06,col_return,2253,247.45,1,1,0
540,goal_06,col_return,2250,246.96,1,1,0
541,goal_06,col_return,2253,247.4,1,1,0
542,goal_06,col_return,2249,246.81,1,1,0
543,goal_06,col_return,2253,247.41,1,1,0
544,goal_06,col_return,2247,246.48,1,1,0
545,goal_06,col_return,2253,247.4,1,1,0
546,goal_06,col_return,2241,245.58,1,1,0
547,goal_06,col_return,2237,244.87,1,1,0
548,goal_06,col_return,2253,247.4,1,1,0
549,goal_06,col_return,2250,246.99,1,1,0
550,goal_06,col_return,2253,247.43,1,1,0
551,goal_06,col_return,2250,246.96,1,1,0
552,goal_06,col_return,2253,247.41,1,1,0
553,goal_06,col_return,2249,246.81,1,1,0
554,goal_06,col_return,2253,247.4,1,1,0
555,goal_06,col_return,2247,246.48,1,1,0
556,goal_06,col_return,2253,247.42,1,1,0
557,goal_06,col_return,2241,245.59,1,1,0
558,goal_06,col_return,2237,244.88,1,1,0
559,goal_06,col_return,2253,247.4,1,1,0
560,goal_06,col_return,2249,247.08,1,1,0
561,goal_06,col_return,2254,247.58,1,1,0
562,goal_06,col_return,2250,246.98,1,1,0
563,goal_06,col_return,2253,247.41,1,1,0
564,goal_06,col_return,2249,246.79,1,1,0
565,goal_06,col_return,2253,247.39,1,1,0
566,goal_06,col_return,2247,246.49,1,1,0
567,goal_06,col_return,2253,247.41,1,1,0
568,goal_06,col_return,2241,245.55,1,1,0
569,goal_06,col_return,2237,244.87,1,1,0
570,goal_06,col_return,2253,247.41,1,1,0
571,goal_06,col_return,2250,246.99,1,1,0
572,goal_06,col_return,2253,247.42,1,1,0
573,goal_06,col_return,2250,246.97,1,1,0
574,goal_06,col_return,2253,247.41,1,1,0
575,goal_06,col_return,2249,246.8,1,1,0
576,goal_06,col_return,2253,247.4,1,1,0
577,goal_06,col_return,2247,246.49,1,1,0
578,goal_06,col_return,2253,247.43,1,1,0
579,goal_06,col_return,2241,245.56,1,1,0
580,goal_06,col_return,2237,244.91,1,1,0
581,goal_06,col_return,2253,247.42,1,1,0
582,goal_06,col_return,2250,246.98,1,1,0
583,goal_06,col_return,2253,247.42,1,1,0
584,goal_06,col_return,2250,246.98,1,1,0
585,goal_06,col_return,2253,247.42,1,1,0
586,goal_06,col_return,2249,246.8,1,1,0
587,goal_06,col_return,2253,247.39,1,1,0
588,goal_06,col_return,2247,246.49,1,1,0
589,goal_06,col_return,2253,247.42,1,1,0
590,goal_06,col_return,2241,245.55,1,1,0
591,goal_06,col_return,2237,244.91,1,1,0
592,goal_06,col_return,2253,247.42,1,1,0
593,goal_06,col_return,2250,246.97,1,1,0
594,goal_06,col_return,2253,247.43,1,1,0
595,goal_06,col_return,2250,246.98,1,1,0
596,goal_06,col_return,2253,247.43,1,1,0
597,goal_06,col_return,2249,246.8,1,1,0
598,goal_06,col_return,2253,247.41,1,1,0
599,goal_06,col_return,2247,246.5,1,1,0
600,goal_06,col_return,2253,247.42,1,1,0
601,goal_07,exito,2973,591.55,1,1,0
602,goal_07,exito,2965,595.18,1,1,0
603,goal_07,col_exit,818,-12.41,1,0,0
604,goal_07,exito,2971,593.76,1,1,0
605,goal_07,exito,2966,593.66,1,1,0
606,goal_07,col_exit,835,-12.65,1,0,0
607,goal_07,col_return,2210,246.04,1,1,0
608,goal_07,exito,2975,593.87,1,1,0
609,goal_07,exito,3001,583.47,1,1,0
610,goal_07,exito,2976,592.09,1,1,0
611,goal_07,col_exit,825,-10.45,1,0,0
612,goal_07,col_return,2213,246.29,1,1,0
613,goal_07,exito,2972,594.27,1,1,0
614,goal_07,col_exit,825,-12.96,1,0,0
615,goal_07,col_return,2198,247.04,1,1,0
616,goal_07,exito,2969,591.36,1,1,0
617,goal_07,col_exit,817,-8.08,1,0,0
618,goal_07,col_return,2208,245.25,1,1,0
619,goal_07,col_exit,823,-10.67,1,0,0
620,goal_07,col_return,2185,246.95,1,1,0
621,goal_07,exito,2968,593.82,1,1,0
622,goal_07,col_exit,839,-9.02,1,0,0
623,goal_07,col_return,2188,247.35,1,1,0
624,goal_07,exito,2973,593.94,1,1,0
625,goal_07,exito,2997,581.69,1,1,0
626,goal_07,col_exit,809,-10.81,1,0,0
627,goal_07,exito,2971,593.62,1,1,0
628,goal_07,exito,2968,593.39,1,1,0
629,goal_07,col_exit,821,-6.45,1,0,0
630,goal_07,col_return,2195,247.62,1,1,0
631,goal_07,col_exit,821,-11.04,1,0,0
632,goal_07,col_return,2190,247.22,1,1,0
633,goal_07,exito,2966,594.04,1,1,0
634,goal_07,col_exit,839,-9.02,1,0,0
635,goal_07,col_return,2188,247.38,1,1,0
636,goal_07,exito,2974,593.97,1,1,0
637,goal_07,exito,2996,581.28,1,1,0
638,goal_07,col_exit,809,-10.8,1,0,0
639,goal_07,exito,2971,593.64,1,1,0
640,goal_07,exito,2969,593.43,1,1,0
641,goal_07,col_exit,822,-6.24,1,0,0
642,goal_07,col_return,2193,247.57,1,1,0
643,goal_07,col_exit,820,-10.4,1,0,0
644,goal_07,col_return,2191,247.21,1,1,0
645,goal_07,exito,2964,594.09,1,1,0
646,goal_07,col_exit,837,-8.78,1,0,0
647,goal_07,col_return,2193,247.73,1,1,0
648,goal_07,exito,2982,592.43,1,1,0
649,goal_07,exito,2992,584.55,1,1,0
650,goal_07,col_exit,806,-9.28,1,0,0
651,goal_07,exito,2965,593.84,1,1,0
652,goal_07,exito,2970,593.07,1,1,0
653,goal_07,col_exit,821,-6.45,1,0,0
654,goal_07,col_return,2197,247.69,1,1,0
655,goal_07,col_exit,821,-11.06,1,0,0
656,goal_07,col_return,2190,247.25,1,1,0
657,goal_07,exito,2965,593.77,1,1,0
658,goal_07,col_exit,837,-8.71,1,0,0
659,goal_07,col_return,2192,247.63,1,1,0
660,goal_07,exito,2972,594.06,1,1,0
661,goal_07,exito,2997,581.7,1,1,0
662,goal_07,col_exit,809,-10.81,1,0,0
663,goal_07,exito,2971,593.59,1,1,0
664,goal_07,exito,2968,593.38,1,1,0
665,goal_07,col_exit,821,-6.45,1,0,0
666,goal_07,col_return,2195,247.62,1,1,0
667,goal_07,col_exit,821,-11.05,1,0,0
668,goal_07,col_return,2190,247.23,1,1,0
669,goal_07,exito,2966,594.01,1,1,0
670,goal_07,col_exit,839,-9.02,1,0,0
671,goal_07,col_return,2188,247.37,1,1,0
672,goal_07,exito,2975,593.93,1,1,0
673,goal_07,exito,2997,582.97,1,1,0
674,goal_07,col_exit,807,-10.22,1,0,0
675,goal_07,exito,2970,593.48,1,1,0
676,goal_07,exito,2967,592.78,1,1,0
677,goal_07,col_exit,823,-6.29,1,0,0
678,goal_07,col_return,2195,247.62,1,1,0
679,goal_07,col_exit,820,-10.39,1,0,0
680,goal_07,col_return,2191,247.23,1,1,0
681,goal_07,exito,2965,593.79,1,1,0
682,goal_07,col_exit,836,-8.32,1,0,0
683,goal_07,col_return,2193,247.71,1,1,0
684,goal_07,exito,2983,592.06,1,1,0
685,goal_07,exito,2988,583.64,1,1,0
686,goal_07,col_exit,806,-8.53,1,0,0
687,goal_07,exito,2968,593.61,1,1,0
688,goal_07,exito,2969,592.99,1,1,0
689,goal_07,col_exit,823,-6.3,1,0,0
690,goal_07,col_return,2196,247.67,1,1,0
691,goal_07,col_exit,821,-11.07,1,0,0
692,goal_07,col_return,2190,247.25,1,1,0
693,goal_07,exito,2964,593.68,1,1,0
694,goal_07,col_exit,837,-8.78,1,0,0
695,goal_07,col_return,2193,247.71,1,1,0
696,goal_07,exito,2981,592.42,1,1,0
697,goal_07,exito,2993,584.93,1,1,0
698,goal_07,col_exit,806,-9.26,1,0,0
699,goal_07,exito,2965,593.73,1,1,0
700,goal_07,exito,2969,593.0,1,1,0
701,goal_08,col_return,2802,299.89,1,1,0
702,goal_08,exito,3619,653.24,1,1,0
703,goal_08,exito,3622,653.54,1,1,0
704,goal_08,exito,3680,642.92,1,1,0
705,goal_08,col_return,2807,300.9,1,1,0
706,goal_08,col_return,2815,294.16,1,1,0
707,goal_08,exito,3620,653.64,1,1,0
708,goal_08,exito,3621,653.96,1,1,0
709,goal_08,exito,3621,653.63,1,1,0
710,goal_08,col_return,2818,303.23,1,1,0
711,goal_08,col_return,2815,294.17,1,1,0
712,goal_08,exito,3620,653.63,1,1,0
713,goal_08,exito,3623,653.13,1,1,0
714,goal_08,exito,3622,653.44,1,1,0
715,goal_08,col_return,2814,302.7,1,1,0
716,goal_08,col_return,2809,294.48,1,1,0
717,goal_08,exito,3618,653.11,1,1,0
718,goal_08,exito,3622,653.41,1,1,0
719,goal_08,exito,3622,653.28,1,1,0
720,goal_08,col_return,2824,303.73,1,1,0
721,goal_08,col_return,2814,294.03,1,1,0
722,goal_08,exito,3620,653.63,1,1,0
723,goal_08,exito,3622,653.62,1,1,0
724,goal_08,exito,3620,653.17,1,1,0
725,goal_08,col_return,2820,302.82,1,1,0
726,goal_08,col_return,2815,294.17,1,1,0
727,goal_08,exito,3619,653.88,1,1,0
728,goal_08,exito,3622,653.69,1,1,0
729,goal_08,exito,3620,653.15,1,1,0
730,goal_08,col_return,2819,302.7,1,1,0
731,goal_08,col_return,2814,294.23,1,1,0
732,goal_08,exito,3620,653.59,1,1,0
733,goal_08,exito,3622,653.68,1,1,0
734,goal_08,exito,3620,653.16,1,1,0
735,goal_08,col_return,2819,303.11,1,1,0
736,goal_08,col_return,2815,294.16,1,1,0
737,goal_08,exito,3620,653.64,1,1,0
738,goal_08,exito,3622,653.68,1,1,0
739,goal_08,exito,3621,653.57,1,1,0
740,goal_08,col_return,2817,302.43,1,1,0
741,goal_08,col_return,2815,294.15,1,1,0
742,goal_08,exito,3619,653.89,1,1,0
743,goal_08,exito,3622,653.65,1,1,0
744,goal_08,exito,3621,653.65,1,1,0
745,goal_08,col_return,2817,303.05,1,1,0
746,goal_08,col_return,2809,294.47,1,1,0
747,goal_08,exito,3622,653.5,1,1,0
748,goal_08,exito,3622,653.63,1,1,0
749,goal_08,exito,3623,653.11,1,1,0
750,goal_08,col_return,2820,303.24,1,1,0
751,goal_08,col_return,2815,294.17,1,1,0
752,goal_08,exito,3620,653.64,1,1,0
753,goal_08,exito,3623,653.12,1,1,0
754,goal_08,exito,3621,653.58,1,1,0
755,goal_08,col_return,2816,302.29,1,1,0
756,goal_08,col_return,2815,294.15,1,1,0
757,goal_08,exito,3619,653.88,1,1,0
758,goal_08,exito,3622,653.45,1,1,0
759,goal_08,exito,3621,653.62,1,1,0
760,goal_08,col_return,2818,302.99,1,1,0
761,goal_08,col_return,2814,294.18,1,1,0
762,goal_08,exito,3618,653.39,1,1,0
763,goal_08,exito,3622,653.45,1,1,0
764,goal_08,exito,3624,653.61,1,1,0
765,goal_08,col_return,2817,302.98,1,1,0
766,goal_08,col_return,2815,294.16,1,1,0
767,goal_08,exito,3619,653.88,1,1,0
768,goal_08,exito,3623,653.12,1,1,0
769,goal_08,exito,3621,653.58,1,1,0
770,goal_08,col_return,2817,302.42,1,1,0
771,goal_08,col_return,2815,294.15,1,1,0
772,goal_08,exito,3619,653.89,1,1,0
773,goal_08,exito,3623,653.14,1,1,0
774,goal_08,exito,3622,653.44,1,1,0
775,goal_08,col_return,2816,302.32,1,1,0
776,goal_08,col_return,2814,294.19,1,1,0
777,goal_08,exito,3618,653.41,1,1,0
778,goal_08,exito,3622,653.61,1,1,0
779,goal_08,exito,3623,653.66,1,1,0
780,goal_08,col_return,2818,303.17,1,1,0
781,goal_08,col_return,2815,294.16,1,1,0
782,goal_08,exito,3619,653.89,1,1,0
783,goal_08,exito,3623,653.12,1,1,0
784,goal_08,exito,3620,653.15,1,1,0
785,goal_08,col_return,2818,302.56,1,1,0
786,goal_08,col_return,2815,294.16,1,1,0
787,goal_08,exito,3619,653.88,1,1,0
788,goal_08,exito,3620,653.24,1,1,0
789,goal_08,exito,3624,653.3,1,1,0
790,goal_08,col_return,2817,302.37,1,1,0
791,goal_08,col_return,2814,294.17,1,1,0
792,goal_08,exito,3619,653.12,1,1,0
793,goal_08,exito,3620,653.31,1,1,0
794,goal_08,exito,3623,653.64,1,1,0
795,goal_08,col_return,2819,303.24,1,1,0
796,goal_08,col_return,2815,294.16,1,1,0
797,goal_08,exito,3620,653.65,1,1,0
798,goal_08,exito,3623,653.16,1,1,0
799,goal_08,exito,3620,653.29,1,1,0
800,goal_08,col_return,2817,302.43,1,1,0
801,goal_09,exito,3456,631.55,1,1,0
802,goal_09,exito,3467,630.87,1,1,0
803,goal_09,col_return,2634,276.25,1,1,0
804,goal_09,exito,3492,627.51,1,1,0
805,goal_09,col_return,2687,284.35,1,1,0
806,goal_09,exito,3456,631.62,1,1,0
807,goal_09,exito,3499,624.84,1,1,0
808,goal_09,col_return,2624,276.32,1,1,0
809,goal_09,exito,3453,631.81,1,1,0
810,goal_09,exito,3455,631.75,1,1,0
811,goal_09,exito,3456,631.79,1,1,0
812,goal_09,exito,3455,631.05,1,1,0
813,goal_09,col_return,2637,277.1,1,1,0
814,goal_09,exito,3463,631.29,1,1,0
815,goal_09,exito,3463,630.45,1,1,0
816,goal_09,exito,3455,631.81,1,1,0
817,goal_09,col_return,2630,275.76,1,1,0
818,goal_09,exito,3454,631.56,1,1,0
819,goal_09,exito,3487,628.11,1,1,0
820,goal_09,exito,3458,630.15,1,1,0
821,goal_09,exito,3453,631.75,1,1,0
822,goal_09,col_return,2634,273.97,1,1,0
823,goal_09,exito,3454,631.47,1,1,0
824,goal_09,exito,3498,626.2,1,1,0
825,goal_09,exito,3466,629.53,1,1,0
826,goal_09,exito,3462,631.17,1,1,0
827,goal_09,col_return,2626,275.68,1,1,0
828,goal_09,exito,3453,631.34,1,1,0
829,goal_09,exito,3497,625.18,1,1,0
830,goal_09,exito,3460,630.62,1,1,0
831,goal_09,exito,3456,631.6,1,1,0
832,goal_09,col_return,2627,275.18,1,1,0
833,goal_09,exito,3457,631.73,1,1,0
834,goal_09,exito,3484,627.59,1,1,0
835,goal_09,exito,3458,630.12,1,1,0
836,goal_09,exito,3448,631.02,1,1,0
837,goal_09,col_return,2639,272.22,1,1,0
838,goal_09,exito,3454,631.02,1,1,0
839,goal_09,exito,3499,626.19,1,1,0
840,goal_09,exito,3462,630.44,1,1,0
841,goal_09,exito,3449,630.76,1,1,0
842,goal_09,col_return,2634,274.34,1,1,0
843,goal_09,exito,3453,631.74,1,1,0
844,goal_09,exito,3490,626.49,1,1,0
845,goal_09,exito,3461,630.32,1,1,0
846,goal_09,exito,3453,631.71,1,1,0
847,goal_09,col_return,2635,273.66,1,1,0
848,goal_09,exito,3454,631.57,1,1,0
849,goal_09,exito,3499,626.16,1,1,0
850,goal_09,exito,3461,630.28,1,1,0
851,goal_09,exito,3454,631.7,1,1,0
852,goal_09,col_return,2631,273.12,1,1,0
853,goal_09,exito,3453,631.74,1,1,0
854,goal_09,exito,3495,625.71,1,1,0
855,goal_09,exito,3466,629.49,1,1,0
856,goal_09,exito,3463,631.3,1,1,0
857,goal_09,exito,3466,631.04,1,1,0
858,goal_09,col_return,2648,275.75,1,1,0
859,goal_09,exito,3452,631.41,1,1,0
860,goal_09,exito,3460,630.33,1,1,0
861,goal_09,exito,3453,631.72,1,1,0
862,goal_09,col_return,2634,274.04,1,1,0
863,goal_09,exito,3453,631.19,1,1,0
864,goal_09,exito,3495,625.67,1,1,0
865,goal_09,exito,3466,629.52,1,1,0
866,goal_09,exito,3461,631.3,1,1,0
867,goal_09,col_return,2627,276.58,1,1,0
868,goal_09,exito,3453,631.86,1,1,0
869,goal_09,exito,3497,625.19,1,1,0
870,goal_09,exito,3460,630.78,1,1,0
871,goal_09,exito,3454,631.43,1,1,0
872,goal_09,col_return,2630,275.98,1,1,0
873,goal_09,exito,3453,631.84,1,1,0
874,goal_09,exito,3497,625.2,1,1,0
875,goal_09,exito,3460,630.68,1,1,0
876,goal_09,exito,3455,631.19,1,1,0
877,goal_09,col_return,2630,275.97,1,1,0
878,goal_09,exito,3454,631.53,1,1,0
879,goal_09,exito,3497,625.19,1,1,0
880,goal_09,exito,3460,630.59,1,1,0
881,goal_09,exito,3457,631.87,1,1,0
882,goal_09,col_return,2627,275.39,1,1,0
883,goal_09,exito,3453,631.91,1,1,0
884,goal_09,exito,3496,625.2,1,1,0
885,goal_09,exito,3460,630.67,1,1,0
886,goal_09,exito,3453,631.73,1,1,0
887,goal_09,col_return,2629,274.37,1,1,0
888,goal_09,exito,3452,631.08,1,1,0
889,goal_09,exito,3480,629.12,1,1,0
890,goal_09,exito,3470,627.87,1,1,0
891,goal_09,exito,3462,631.74,1,1,0
892,goal_09,col_return,2630,273.61,1,1,0
893,goal_09,exito,3453,631.75,1,1,0
894,goal_09,exito,3495,625.68,1,1,0
895,goal_09,exito,3465,629.57,1,1,0
896,goal_09,exito,3459,631.36,1,1,0
897,goal_09,col_return,2629,276.45,1,1,0
898,goal_09,exito,3456,632.05,1,1,0
899,goal_09,exito,3484,627.6,1,1,0
900,goal_09,exito,3460,629.82,1,1,0
901,goal_10,exito,3341,620.45,1,1,1
902,goal_10,col_exit,1208,23.45,1,0,1
903,goal_10,exito,3342,620.22,1,1,1
904,goal_10,col_exit,1162,22.36,1,0,1
905,goal_10,col_exit,1218,25.2,1,0,1
906,goal_10,col_return,2518,267.94,1,1,1
907,goal_10,exito,3353,619.3,1,1,1
908,goal_10,col_exit,1157,21.91,1,0,1
909,goal_10,col_exit,1218,25.21,1,0,1
910,goal_10,col_return,2518,267.95,1,1,1
911,goal_10,exito,3343,620.87,1,1,1
912,goal_10,col_exit,1166,23.05,1,0,1
913,goal_10,col_exit,1219,25.27,1,0,1
914,goal_10,col_return,2518,267.94,1,1,1
915,goal_10,exito,3344,620.66,1,1,1
916,goal_10,col_exit,1165,22.86,1,0,1
917,goal_10,col_exit,1219,25.31,1,0,1
918,goal_10,col_return,2518,267.95,1,1,1
919,goal_10,exito,3348,619.89,1,1,1
920,goal_10,col_exit,1162,22.34,1,0,1
921,goal_10,col_exit,1218,25.21,1,0,1
922,goal_10,col_return,2518,267.96,1,1,1
923,goal_10,exito,3344,620.49,1,1,1
924,goal_10,col_exit,1165,22.88,1,0,1
925,goal_10,col_exit,1219,25.26,1,0,1
926,goal_10,col_return,2518,267.93,1,1,1
927,goal_10,exito,3344,620.5,1,1,1
928,goal_10,col_exit,1165,22.87,1,0,1
929,goal_10,col_exit,1219,25.27,1,0,1
930,goal_10,col_return,2518,267.96,1,1,1
931,goal_10,exito,3348,619.96,1,1,1
932,goal_10,col_exit,1162,22.33,1,0,1
933,goal_10,col_exit,1218,25.16,1,0,1
934,goal_10,col_return,2518,267.97,1,1,1
935,goal_10,exito,3343,620.41,1,1,1
936,goal_10,col_exit,1166,23.03,1,0,1
937,goal_10,col_exit,1219,25.29,1,0,1
938,goal_10,col_return,2518,268.04,1,1,1
939,goal_10,exito,3344,620.85,1,1,1
940,goal_10,col_exit,1165,22.83,1,0,1
941,goal_10,col_exit,1219,25.3,1,0,1
942,goal_10,col_return,2518,267.95,1,1,1
943,goal_10,exito,3343,620.37,1,1,1
944,goal_10,col_exit,1166,22.97,1,0,1
945,goal_10,col_exit,1219,25.29,1,0,1
946,goal_10,col_return,2518,267.93,1,1,1
947,goal_10,exito,3342,621.07,1,1,1
948,goal_10,col_exit,1167,23.16,1,0,1
949,goal_10,col_exit,1219,25.27,1,0,1
950,goal_10,col_return,2518,267.95,1,1,1
951,goal_10,exito,3344,620.4,1,1,1
952,goal_10,col_exit,1165,22.85,1,0,1
953,goal_10,col_exit,1219,25.24,1,0,1
954,goal_10,col_return,2518,267.93,1,1,1
955,goal_10,exito,3343,620.54,1,1,1
956,goal_10,col_exit,1166,23.05,1,0,1
957,goal_10,col_exit,1219,25.32,1,0,1
958,goal_10,col_return,2518,267.95,1,1,1
959,goal_10,exito,3344,620.37,1,1,1
960,goal_10,col_exit,1165,22.89,1,0,1
961,goal_10,col_exit,1219,25.31,1,0,1
962,goal_10,col_return,2518,267.93,1,1,1
963,goal_10,exito,3348,619.91,1,1,1
964,goal_10,col_exit,1162,22.36,1,0,1
965,goal_10,col_exit,1218,25.22,1,0,1
966,goal_10,col_return,2518,267.96,1,1,1
967,goal_10,exito,3344,620.66,1,1,1
968,goal_10,col_exit,1165,22.89,1,0,1
969,goal_10,col_exit,1219,25.32,1,0,1
970,goal_10,col_return,2518,268.08,1,1,1
971,goal_10,exito,3344,620.52,1,1,1
972,goal_10,col_exit,1165,22.86,1,0,1
973,goal_10,col_exit,1219,25.31,1,0,1
974,goal_10,col_return,2518,267.95,1,1,1
975,goal_10,exito,3349,619.86,1,1,1
976,goal_10,col_exit,1161,22.21,1,0,1
977,goal_10,col_exit,1218,25.19,1,0,1
978,goal_10,col_return,2518,267.94,1,1,1
979,goal_10,exito,3344,620.66,1,1,1
980,goal_10,col_exit,1165,22.89,1,0,1
981,goal_10,col_exit,1219,25.27,1,0,1
982,goal_10,col_return,2518,268.07,1,1,1
983,goal_10,exito,3343,620.86,1,1,1
984,goal_10,col_exit,1166,23.03,1,0,1
985,goal_10,col_exit,1219,25.27,1,0,1
986,goal_10,col_return,2518,267.96,1,1,1
987,goal_10,exito,3348,619.9,1,1,1
988,goal_10,col_exit,1162,22.34,1,0,1
989,goal_10,col_exit,1218,25.2,1,0,1
990,goal_10,col_return,2518,267.93,1,1,1
991,goal_10,exito,3344,620.63,1,1,1
992,goal_10,col_exit,1165,22.85,1,0,1
993,goal_10,col_exit,1219,25.26,1,0,1
994,goal_10,col_return,2518,268.05,1,1,1
995,goal_10,exito,3343,620.86,1,1,1
996,goal_10,col_exit,1166,23.03,1,0,1
997,goal_10,col_exit,1219,25.28,1,0,1
998,goal_10,col_return,2518,267.96,1,1,1
999,goal_10,exito,3353,619.36,1,1,1
1000,goal_10,col_exit,1157,21.92,1,0,1
1001,goal_11,col_exit,1664,84.82,1,0,0
1002,goal_11,col_exit,1688,87.86,1,0,0
1003,goal_11,exito,3802,687.11,1,1,0
1004,goal_11,exito,3795,686.28,1,1,0
1005,goal_11,exito,3791,686.33,1,1,0
1006,goal_11,col_return,3018,339.97,1,1,0
1007,goal_11,col_return,3010,340.19,1,1,0
1008,goal_11,col_return,2985,337.01,1,1,0
1009,goal_11,col_return,3010,339.89,1,1,0
1010,goal_11,col_return,2986,336.95,1,1,0
1011,goal_11,col_return,3011,340.0,1,1,0
1012,goal_11,col_return,2985,336.5,1,1,0
1013,goal_11,col_return,3010,339.88,1,1,0
1014,goal_11,col_return,2985,336.56,1,1,0
1015,goal_11,col_return,3012,340.06,1,1,0
1016,goal_11,col_return,3003,339.4,1,1,0
1017,goal_11,col_return,2992,338.07,1,1,0
1018,goal_11,col_return,3009,339.8,1,1,0
1019,goal_11,col_return,2987,337.66,1,1,0
1020,goal_11,col_return,3010,340.16,1,1,0
1021,goal_11,col_return,2986,337.62,1,1,0
1022,goal_11,col_return,3010,340.29,1,1,0
1023,goal_11,col_return,2987,337.01,1,1,0
1024,goal_11,col_return,3008,340.3,1,1,0
1025,goal_11,col_return,2988,337.4,1,1,0
1026,goal_11,col_return,3009,339.82,1,1,0
1027,goal_11,col_return,3002,339.28,1,1,0
1028,goal_11,col_return,2992,337.95,1,1,0
1029,goal_11,col_return,3012,340.33,1,1,0
1030,goal_11,col_return,2987,337.01,1,1,0
1031,goal_11,col_return,3007,340.16,1,1,0
1032,goal_11,col_return,2988,337.4,1,1,0
1033,goal_11,col_return,3010,340.52,1,1,0
1034,goal_11,col_return,2983,337.15,1,1,0
1035,goal_11,col_return,3011,339.97,1,1,0
1036,goal_11,col_return,2985,336.49,1,1,0
1037,goal_11,col_return,3012,340.06,1,1,0
1038,goal_11,col_return,3003,339.41,1,1,0
1039,goal_11,col_return,2991,337.68,1,1,0
1040,goal_11,col_return,3010,339.88,1,1,0
1041,goal_11,col_return,2987,337.07,1,1,0
1042,goal_11,col_return,3009,339.77,1,1,0
1043,goal_11,col_return,2987,337.61,1,1,0
1044,goal_11,col_return,3010,340.31,1,1,0
1045,goal_11,col_return,2987,336.98,1,1,0
1046,goal_11,col_return,3008,340.13,1,1,0
1047,goal_11,col_return,2986,337.64,1,1,0
1048,goal_11,col_return,3011,340.41,1,1,0
1049,goal_11,col_return,3006,338.96,1,1,0
1050,goal_11,col_return,2988,337.48,1,1,0
1051,goal_11,col_return,3010,339.85,1,1,0
1052,goal_11,col_return,2987,336.81,1,1,0
1053,goal_11,col_return,3009,339.78,1,1,0
1054,goal_11,col_return,2987,337.66,1,1,0
1055,goal_11,col_return,3011,340.62,1,1,0
1056,goal_11,col_return,2983,336.83,1,1,0
1057,goal_11,col_return,3011,339.97,1,1,0
1058,goal_11,col_return,2985,336.5,1,1,0
1059,goal_11,col_return,3012,340.07,1,1,0
1060,goal_11,col_return,3003,339.41,1,1,0
1061,goal_11,col_return,2991,337.7,1,1,0
1062,goal_11,col_return,3010,339.88,1,1,0
1063,goal_11,col_return,2986,336.72,1,1,0
1064,goal_11,col_return,3011,340.0,1,1,0
1065,goal_11,col_return,3002,336.5,1,1,0
1066,goal_11,col_return,2994,338.57,1,1,0
1067,goal_11,col_return,2984,336.86,1,1,0
1068,goal_11,col_return,3011,339.97,1,1,0
1069,goal_11,col_return,2985,336.49,1,1,0
1070,goal_11,col_return,3012,340.06,1,1,0
1071,goal_11,col_return,3003,339.39,1,1,0
1072,goal_11,col_return,2991,337.7,1,1,0
1073,goal_11,col_return,3010,339.88,1,1,0
1074,goal_11,col_return,2987,337.07,1,1,0
1075,goal_11,col_return,3009,339.77,1,1,0
1076,goal_11,col_return,2987,337.62,1,1,0
1077,goal_11,col_return,3010,340.31,1,1,0
1078,goal_11,col_return,2987,337.0,1,1,0
1079,goal_11,col_return,3008,340.14,1,1,0
1080,goal_11,col_return,2986,337.64,1,1,0
1081,goal_11,col_return,3011,340.41,1,1,0
1082,goal_11,col_return,3006,338.96,1,1,0
1083,goal_11,col_return,2988,337.47,1,1,0
1084,goal_11,col_return,3010,339.85,1,1,0
1085,goal_11,col_return,2987,336.82,1,1,0
1086,goal_11,col_return,3009,339.79,1,1,0
1087,goal_11,col_return,2987,337.66,1,1,0
1088,goal_11,col_return,3011,340.62,1,1,0
1089,goal_11,col_return,2984,336.96,1,1,0
1090,goal_11,col_return,3011,340.04,1,1,0
1091,goal_11,col_return,3003,337.1,1,1,0
1092,goal_11,col_return,2993,337.98,1,1,0
1093,goal_11,col_return,3002,339.19,1,1,0
1094,goal_11,col_return,2993,338.38,1,1,0
1095,goal_11,col_return,3009,339.78,1,1,0
1096,goal_11,col_return,2987,337.64,1,1,0
1097,goal_11,col_return,3009,339.82,1,1,0
1098,goal_11,col_return,2999,338.59,1,1,0
1099,goal_11,col_return,2998,338.6,1,1,0
1100,goal_11,col_return,2984,336.83,1,1,0
1101,goal_12,col_exit,1436,53.17,1,0,0
1102,goal_12,col_exit,1445,54.48,1,0,0
1103,goal_12,col_exit,1499,62.82,1,0,0
1104,goal_12,col_exit,1493,61.74,1,0,0
1105,goal_12,col_exit,1491,61.37,1,0,0
1106,goal_12,exito,3570,659.96,1,1,0
1107,goal_12,col_exit,1442,53.43,1,0,0
1108,goal_12,col_exit,1471,57.61,1,0,0
1109,goal_12,col_exit,1492,61.56,1,0,0
1110,goal_12,col_exit,1517,63.9,1,0,0
1111,goal_12,col_exit,1493,61.74,1,0,0
1112,goal_12,col_exit,1492,61.55,1,0,0
1113,goal_12,col_exit,1511,62.78,1,0,0
1114,goal_12,col_exit,1498,62.66,1,0,0
1115,goal_12,col_exit,1493,61.74,1,0,0
1116,goal_12,col_exit,1491,61.38,1,0,0
1117,goal_12,exito,3578,658.26,1,1,0
1118,goal_12,exito,3574,661.49,1,1,0
1119,goal_12,exito,3573,658.85,1,1,0
1120,goal_12,exito,3603,654.69,1,1,0
1121,goal_12,col_exit,1452,55.94,1,0,0
1122,goal_12,col_exit,1474,58.18,1,0,0
1123,goal_12,col_exit,1492,61.57,1,0,0
1124,goal_12,col_exit,1511,62.79,1,0,0
1125,goal_12,col_exit,1498,62.65,1,0,0
1126,goal_12,col_exit,1493,61.74,1,0,0
1127,goal_12,col_exit,1491,61.38,1,0,0
1128,goal_12,exito,3579,658.2,1,1,0
1129,goal_12,exito,3572,661.24,1,1,0
1130,goal_12,col_exit,1440,53.06,1,0,0
1131,goal_12,col_exit,1440,53.05,1,0,0
1132,goal_12,col_exit,1497,62.47,1,0,0
1133,goal_12,col_exit,1493,61.74,1,0,0
1134,goal_12,col_exit,1491,61.37,1,0,0
1135,goal_12,exito,3570,659.95,1,1,0
1136,goal_12,col_exit,1442,53.43,1,0,0
1137,goal_12,col_exit,1471,57.61,1,0,0
1138,goal_12,col_exit,1492,61.57,1,0,0
1139,goal_12,col_exit,1517,63.92,1,0,0
1140,goal_12,col_exit,1493,61.76,1,0,0
1141,goal_12,col_exit,1492,61.56,1,0,0
1142,goal_12,col_exit,1511,62.79,1,0,0
1143,goal_12,col_exit,1498,62.66,1,0,0
1144,goal_12,col_exit,1493,61.74,1,0,0
1145,goal_12,col_exit,1491,61.38,1,0,0
1146,goal_12,exito,3579,658.21,1,1,0
1147,goal_12,exito,3572,661.06,1,1,0
1148,goal_12,col_exit,1440,53.06,1,0,0
1149,goal_12,col_exit,1440,53.05,1,0,0
1150,goal_12,col_exit,1497,62.47,1,0,0
1151,goal_12,col_exit,1493,61.74,1,0,0
1152,goal_12,col_exit,1491,61.37,1,0,0
1153,goal_12,exito,3570,659.97,1,1,0
1154,goal_12,col_exit,1442,53.42,1,0,0
1155,goal_12,col_exit,1471,57.62,1,0,0
1156,goal_12,col_exit,1492,61.57,1,0,0
1157,goal_12,col_exit,1517,63.91,1,0,0
1158,goal_12,col_exit,1493,61.75,1,0,0
1159,goal_12,col_exit,1492,61.56,1,0,0
1160,goal_12,col_exit,1511,62.78,1,0,0
1161,goal_12,col_exit,1498,62.66,1,0,0
1162,goal_12,col_exit,1493,61.74,1,0,0
1163,goal_12,col_exit,1491,61.38,1,0,0
1164,goal_12,exito,3579,658.2,1,1,0
1165,goal_12,exito,3572,661.08,1,1,0
1166,goal_12,col_exit,1440,53.05,1,0,0
1167,goal_12,col_exit,1440,53.05,1,0,0
1168,goal_12,col_exit,1497,62.47,1,0,0
1169,goal_12,col_exit,1493,61.74,1,0,0
1170,goal_12,col_exit,1491,61.37,1,0,0
1171,goal_12,exito,3570,659.96,1,1,0
1172,goal_12,col_exit,1442,53.43,1,0,0
1173,goal_12,col_exit,1471,57.61,1,0,0
1174,goal_12,col_exit,1492,61.57,1,0,0
1175,goal_12,col_exit,1517,63.91,1,0,0
1176,goal_12,col_exit,1493,61.75,1,0,0
1177,goal_12,col_exit,1492,61.56,1,0,0
1178,goal_12,col_exit,1511,62.78,1,0,0
1179,goal_12,col_exit,1498,62.66,1,0,0
1180,goal_12,col_exit,1493,61.74,1,0,0
1181,goal_12,col_exit,1491,61.38,1,0,0
1182,goal_12,exito,3579,658.21,1,1,0
1183,goal_12,exito,3573,661.08,1,1,0
1184,goal_12,exito,3573,658.83,1,1,0
1185,goal_12,exito,3613,652.99,1,1,0
1186,goal_12,col_exit,1447,56.09,1,0,0
1187,goal_12,col_exit,1469,57.23,1,0,0
1188,goal_12,col_exit,1492,61.55,1,0,0
1189,goal_12,col_exit,1511,62.78,1,0,0
1190,goal_12,col_exit,1498,62.66,1,0,0
1191,goal_12,col_exit,1493,61.74,1,0,0
1192,goal_12,col_exit,1491,61.38,1,0,0
1193,goal_12,exito,3579,658.21,1,1,0
1194,goal_12,exito,3574,661.46,1,1,0
1195,goal_12,exito,3573,658.9,1,1,0
1196,goal_12,exito,3603,654.68,1,1,0
1197,goal_12,col_exit,1452,56.12,1,0,0
1198,goal_12,col_exit,1473,57.99,1,0,0
1199,goal_12,col_exit,1492,61.57,1,0,0
1200,goal_12,col_exit,1511,62.79,1,0,0
1201,goal_13,exito,3284,628.72,1,1,0
1202,goal_13,col_exit,1157,24.02,1,0,0
1203,goal_13,col_exit,1155,24.68,1,0,0
1204,goal_13,col_return,2509,282.2,1,1,0
1205,goal_13,col_exit,1209,31.6,1,0,0
1206,goal_13,col_exit,1163,20.55,1,0,0
1207,goal_13,col_exit,1158,22.91,1,0,0
1208,goal_13,col_return,2461,277.72,1,1,0
1209,goal_13,col_exit,1213,32.66,1,0,0
1210,goal_13,col_exit,1178,24.36,1,0,0
1211,goal_13,exito,3300,626.56,1,1,0
1212,goal_13,col_exit,1170,22.26,1,0,0
1213,goal_13,col_exit,1154,24.11,1,0,0
1214,goal_13,col_return,2483,279.83,1,1,0
1215,goal_13,col_exit,1210,32.29,1,0,0
1216,goal_13,col_exit,1163,20.58,1,0,0
1217,goal_13,col_exit,1158,22.97,1,0,0
1218,goal_13,col_return,2461,277.73,1,1,0
1219,goal_13,col_exit,1213,32.67,1,0,0
1220,goal_13,col_exit,1178,24.37,1,0,0
1221,goal_13,exito,3297,626.92,1,1,0
1222,goal_13,col_exit,1167,21.79,1,0,0
1223,goal_13,col_exit,1155,24.13,1,0,0
1224,goal_13,col_return,2488,281.05,1,1,0
1225,goal_13,col_exit,1210,32.3,1,0,0
1226,goal_13,col_exit,1163,20.58,1,0,0
1227,goal_13,col_exit,1158,22.91,1,0,0
1228,goal_13,col_return,2461,277.72,1,1,0
1229,goal_13,col_exit,1213,32.66,1,0,0
1230,goal_13,col_exit,1178,24.29,1,0,0
1231,goal_13,exito,3300,626.56,1,1,0
1232,goal_13,col_exit,1167,22.85,1,0,0
1233,goal_13,col_exit,1154,24.21,1,0,0
1234,goal_13,col_return,2486,281.07,1,1,0
1235,goal_13,col_exit,1210,32.3,1,0,0
1236,goal_13,col_exit,1163,20.55,1,0,0
1237,goal_13,col_exit,1158,22.91,1,0,0
1238,goal_13,col_return,2461,277.72,1,1,0
1239,goal_13,col_exit,1213,32.67,1,0,0
1240,goal_13,col_exit,1178,24.36,1,0,0
1241,goal_13,exito,3300,626.58,1,1,0
1242,goal_13,col_exit,1170,22.24,1,0,0
1243,goal_13,col_exit,1154,24.1,1,0,0
1244,goal_13,col_return,2483,279.83,1,1,0
1245,goal_13,col_exit,1210,32.29,1,0,0
1246,goal_13,col_exit,1163,20.57,1,0,0
1247,goal_13,col_exit,1158,22.91,1,0,0
1248,goal_13,col_return,2461,277.43,1,1,0
1249,goal_13,col_exit,1213,32.67,1,0,0
1250,goal_13,col_exit,1178,24.22,1,0,0
1251,goal_13,exito,3301,626.49,1,1,0
1252,goal_13,col_exit,1170,23.11,1,0,0
1253,goal_13,col_exit,1154,24.09,1,0,0
1254,goal_13,col_return,2482,279.99,1,1,0
1255,goal_13,col_exit,1210,32.28,1,0,0
1256,goal_13,col_exit,1163,20.58,1,0,0
1257,goal_13,col_exit,1158,22.91,1,0,0
1258,goal_13,col_return,2461,277.72,1,1,0
1259,goal_13,col_exit,1213,32.65,1,0,0
1260,goal_13,col_exit,1178,24.22,1,0,0
1261,goal_13,exito,3300,626.58,1,1,0
1262,goal_13,col_exit,1167,22.86,1,0,0
1263,goal_13,col_exit,1154,24.22,1,0,0
1264,goal_13,col_return,2486,281.06,1,1,0
1265,goal_13,col_exit,1210,32.3,1,0,0
1266,goal_13,col_exit,1163,20.56,1,0,0
1267,goal_13,col_exit,1158,22.97,1,0,0
1268,goal_13,col_return,2461,277.73,1,1,0
1269,goal_13,col_exit,1213,32.67,1,0,0
1270,goal_13,col_exit,1178,24.37,1,0,0
1271,goal_13,exito,3300,626.59,1,1,0
1272,goal_13,col_exit,1167,22.85,1,0,0
1273,goal_13,col_exit,1154,24.15,1,0,0
1274,goal_13,col_return,2486,281.07,1,1,0
1275,goal_13,col_exit,1210,32.29,1,0,0
1276,goal_13,col_exit,1163,20.58,1,0,0
1277,goal_13,col_exit,1158,22.91,1,0,0
1278,goal_13,col_return,2461,277.73,1,1,0
1279,goal_13,col_exit,1213,32.66,1,0,0
1280,goal_13,col_exit,1178,24.3,1,0,0
1281,goal_13,exito,3300,626.59,1,1,0
1282,goal_13,col_exit,1167,22.86,1,0,0
1283,goal_13,col_exit,1154,24.14,1,0,0
1284,goal_13,col_return,2486,281.06,1,1,0
1285,goal_13,col_exit,1210,32.3,1,0,0
1286,goal_13,col_exit,1163,20.56,1,0,0
1287,goal_13,col_exit,1158,22.97,1,0,0
1288,goal_13,col_return,2461,277.72,1,1,0
1289,goal_13,col_exit,1213,32.67,1,0,0
1290,goal_13,col_exit,1178,24.37,1,0,0
1291,goal_13,exito,3300,626.58,1,1,0
1292,goal_13,col_exit,1169,23.16,1,0,0
1293,goal_13,col_exit,1154,24.23,1,0,0
1294,goal_13,col_return,2484,280.42,1,1,0
1295,goal_13,col_exit,1210,32.29,1,0,0
1296,goal_13,col_exit,1163,20.56,1,0,0
1297,goal_13,col_exit,1158,22.91,1,0,0
1298,goal_13,col_return,2461,277.43,1,1,0
1299,goal_13,col_exit,1213,32.66,1,0,0
1300,goal_13,col_exit,1178,24.28,1,0,0
1301,goal_14,exito,3622,674.44,1,1,0
1302,goal_14,col_return,2794,327.56,1,1,0
1303,goal_14,exito,3602,682.08,1,1,0
1304,goal_14,exito,3623,673.71,1,1,0
1305,goal_14,exito,3612,675.46,1,1,0
1306,goal_14,col_approach,874,-40.32,0,0,0
1307,goal_14,exito,3607,665.95,1,1,0
1308,goal_14,col_approach,886,-40.04,0,0,0
1309,goal_14,exito,3655,666.45,1,1,0
1310,goal_14,col_approach,856,-42.38,0,0,0
1311,goal_14,exito,3661,675.37,1,1,0
1312,goal_14,col_approach,867,-42.57,0,0,0
1313,goal_14,exito,3642,678.06,1,1,0
1314,goal_14,col_approach,837,-43.84,0,0,0
1315,goal_14,exito,3659,676.22,1,1,0
1316,goal_14,col_approach,838,-44.65,0,0,0
1317,goal_14,exito,3628,670.2,1,1,0
1318,goal_14,col_approach,862,-42.54,0,0,0
1319,goal_14,exito,3698,675.23,1,1,0
1320,goal_14,col_approach,848,-45.64,0,0,0
1321,goal_14,exito,3606,676.68,1,1,0
1322,goal_14,col_approach,863,-41.18,0,0,0
1323,goal_14,exito,3605,670.72,1,1,0
1324,goal_14,col_approach,844,-45.18,0,0,0
1325,goal_14,exito,3632,678.77,1,1,0
1326,goal_14,col_approach,881,-39.98,0,0,0
1327,goal_14,col_return,2773,325.15,1,1,0
1328,goal_14,col_return,2784,327.17,1,1,0
1329,goal_14,exito,3608,681.72,1,1,0
1330,goal_14,exito,3641,677.2,1,1,0
1331,goal_14,exito,3591,669.94,1,1,0
1332,goal_14,col_approach,847,-43.58,0,0,0
1333,goal_14,exito,3615,679.41,1,1,0
1334,goal_14,exito,3596,670.19,1,1,0
1335,goal_14,col_return,2806,329.37,1,1,0
1336,goal_14,exito,3639,679.74,1,1,0
1337,goal_14,exito,3625,673.89,1,1,0
1338,goal_14,exito,3648,679.83,1,1,0
1339,goal_14,col_approach,837,-43.66,0,0,0
1340,goal_14,exito,3662,675.81,1,1,0
1341,goal_14,col_approach,860,-43.93,0,0,0
1342,goal_14,exito,3649,673.31,1,1,0
1343,goal_14,col_approach,863,-47.71,0,0,0
1344,goal_14,exito,3680,679.57,1,1,0
1345,goal_14,col_approach,830,-44.24,0,0,0
1346,goal_14,exito,3595,673.6,1,1,0
1347,goal_14,col_approach,854,-44.29,0,0,0
1348,goal_14,exito,3587,672.92,1,1,0
1349,goal_14,exito,3631,674.44,1,1,0
1350,goal_14,col_return,2795,327.64,1,1,0
1351,goal_14,exito,3602,682.17,1,1,0
1352,goal_14,exito,3567,676.17,1,1,0
1353,goal_14,col_approach,839,-46.03,0,0,0
1354,goal_14,exito,3601,672.41,1,1,0
1355,goal_14,col_approach,851,-43.21,0,0,0
1356,goal_14,exito,3637,678.41,1,1,0
1357,goal_14,col_approach,879,-39.99,0,0,0
1358,goal_14,exito,3629,679.08,1,1,0
1359,goal_14,col_approach,879,-39.99,0,0,0
1360,goal_14,exito,3629,679.85,1,1,0
1361,goal_14,col_approach,851,-42.15,0,0,0
1362,goal_14,exito,3633,668.44,1,1,0
1363,goal_14,col_approach,863,-43.28,0,0,0
1364,goal_14,exito,3702,673.19,1,1,0
1365,goal_14,col_approach,847,-44.95,0,0,0
1366,goal_14,exito,3593,676.38,1,1,0
1367,goal_14,col_approach,873,-40.4,0,0,0
1368,goal_14,exito,3598,670.29,1,1,0
1369,goal_14,col_approach,883,-40.41,0,0,0
1370,goal_14,exito,3650,673.17,1,1,0
1371,goal_14,col_approach,831,-44.72,0,0,0
1372,goal_14,col_return,2774,324.93,1,1,0
1373,goal_14,col_return,2785,327.31,1,1,0
1374,goal_14,exito,3608,681.78,1,1,0
1375,goal_14,exito,3641,677.08,1,1,0
1376,goal_14,exito,3591,669.97,1,1,0
1377,goal_14,col_approach,847,-43.59,0,0,0
1378,goal_14,exito,3615,679.39,1,1,0
1379,goal_14,exito,3588,674.14,1,1,0
1380,goal_14,col_return,2848,334.02,1,1,0
1381,goal_14,exito,3606,682.14,1,1,0
1382,goal_14,exito,3625,673.74,1,1,0
1383,goal_14,exito,3642,680.65,1,1,0
1384,goal_14,col_approach,833,-43.79,0,0,0
1385,goal_14,exito,3644,673.07,1,1,0
1386,goal_14,col_approach,882,-39.95,0,0,0
1387,goal_14,exito,3653,673.64,1,1,0
1388,goal_14,col_approach,860,-47.42,0,0,0
1389,goal_14,exito,3620,675.01,1,1,0
1390,goal_14,col_approach,844,-43.92,0,0,0
1391,goal_14,exito,3707,672.4,1,1,0
1392,goal_14,col_approach,840,-45.07,0,0,0
1393,goal_14,exito,3604,677.51,1,1,0
1394,goal_14,col_approach,862,-41.42,0,0,0
1395,goal_14,exito,3634,671.54,1,1,0
1396,goal_14,col_approach,854,-50.77,0,0,0
1397,goal_14,exito,3633,677.35,1,1,0
1398,goal_14,col_approach,837,-43.88,0,0,0
1399,goal_14,exito,3620,666.05,1,1,0
1400,goal_14,col_approach,881,-40.43,0,0,0
1401,goal_15,col_approach,876,-56.25,0,0,0
1402,goal_15,exito,3548,625.36,1,1,0
1403,goal_15,col_approach,886,-48.69,0,0,0
1404,goal_15,col_return,2660,290.87,1,1,0
1405,goal_15,exito,3497,640.8,1,1,0
1406,goal_15,exito,3477,645.06,1,1,0
1407,goal_15,col_approach,885,-48.3,0,0,0
1408,goal_15,col_return,2647,292.35,1,1,0
1409,goal_15,exito,3497,640.72,1,1,0
1410,goal_15,exito,3485,643.77,1,1,0
1411,goal_15,col_approach,865,-49.65,0,0,0
1412,goal_15,col_return,2643,290.91,1,1,0
1413,goal_15,exito,3483,642.94,1,1,0
1414,goal_15,exito,3499,640.63,1,1,0
1415,goal_15,col_approach,883,-49.12,0,0,0
1416,goal_15,col_return,2651,292.99,1,1,0
1417,goal_15,exito,3497,640.7,1,1,0
1418,goal_15,exito,3472,645.5,1,1,0
1419,goal_15,col_approach,868,-50.36,0,0,0
1420,goal_15,col_return,2643,292.4,1,1,0
1421,goal_15,exito,3483,643.03,1,1,0
1422,goal_15,exito,3499,640.65,1,1,0
1423,goal_15,col_approach,881,-51.83,0,0,0
1424,goal_15,col_return,2643,292.82,1,1,0
1425,goal_15,exito,3483,643.04,1,1,0
1426,goal_15,exito,3499,640.52,1,1,0
1427,goal_15,exito,3520,636.16,1,1,0
1428,goal_15,exito,3504,640.57,1,1,0
1429,goal_15,exito,3504,640.6,1,1,0
1430,goal_15,col_return,2726,293.61,1,1,0
1431,goal_15,exito,3483,643.04,1,1,0
1432,goal_15,exito,3484,643.11,1,1,0
1433,goal_15,col_approach,877,-51.19,0,0,0
1434,goal_15,col_return,2650,293.22,1,1,0
1435,goal_15,exito,3497,640.81,1,1,0
1436,goal_15,exito,3504,640.62,1,1,0
1437,goal_15,col_approach,878,-51.89,0,0,0
1438,goal_15,col_return,2635,291.23,1,1,0
1439,goal_15,exito,3497,640.79,1,1,0
1440,goal_15,exito,3489,643.19,1,1,0
1441,goal_15,exito,3503,638.46,1,1,0
1442,goal_15,exito,3501,641.11,1,1,0
1443,goal_15,exito,3504,640.59,1,1,0
1444,goal_15,col_return,2734,292.95,1,1,0
1445,goal_15,exito,3493,641.39,1,1,0
1446,goal_15,exito,3485,643.74,1,1,0
1447,goal_15,col_approach,870,-50.8,0,0,0
1448,goal_15,col_return,2646,292.85,1,1,0
1449,goal_15,exito,3497,640.71,1,1,0
1450,goal_15,exito,3504,640.61,1,1,0
1451,goal_15,col_approach,878,-51.88,0,0,0
1452,goal_15,col_return,2635,291.23,1,1,0
1453,goal_15,exito,3483,642.94,1,1,0
1454,goal_15,exito,3499,640.54,1,1,0
1455,goal_15,exito,3492,641.43,1,1,0
1456,goal_15,exito,3498,640.77,1,1,0
1457,goal_15,exito,3504,640.45,1,1,0
1458,goal_15,col_approach,890,-56.83,0,0,0
1459,goal_15,col_return,2634,289.72,1,1,0
1460,goal_15,exito,3497,640.79,1,1,0
1461,goal_15,exito,3504,640.44,1,1,0
1462,goal_15,exito,3507,639.92,1,1,0
1463,goal_15,exito,3497,641.84,1,1,0
1464,goal_15,exito,3502,640.58,1,1,0
1465,goal_15,col_return,2718,295.75,1,1,0
1466,goal_15,exito,3498,640.77,1,1,0
1467,goal_15,exito,3504,640.62,1,1,0
1468,goal_15,exito,3491,641.75,1,1,0
1469,goal_15,exito,3498,640.72,1,1,0
1470,goal_15,exito,3504,640.59,1,1,0
1471,goal_15,col_approach,886,-54.76,0,0,0
1472,goal_15,col_return,2634,289.32,1,1,0
1473,goal_15,exito,3487,642.29,1,1,0
1474,goal_15,exito,3493,642.18,1,1,0
1475,goal_15,exito,3499,639.84,1,1,0
1476,goal_15,exito,3484,642.93,1,1,0
1477,goal_15,exito,3490,641.98,1,1,0
1478,goal_15,col_approach,867,-50.04,0,0,0
1479,goal_15,col_return,2632,289.85,1,1,0
1480,goal_15,exito,3487,642.3,1,1,0
1481,goal_15,exito,3474,644.41,1,1,0
1482,goal_15,col_approach,887,-47.55,0,0,0
1483,goal_15,col_return,2652,291.61,1,1,0
1484,goal_15,exito,3497,640.8,1,1,0
1485,goal_15,exito,3499,641.6,1,1,0
1486,goal_15,exito,3505,639.9,1,1,0
1487,goal_15,exito,3503,640.93,1,1,0
1488,goal_15,exito,3472,645.72,1,1,0
1489,goal_15,col_approach,881,-48.92,0,0,0
1490,goal_15,col_return,2647,292.36,1,1,0
1491,goal_15,exito,3493,641.38,1,1,0
1492,goal_15,exito,3476,644.89,1,1,0
1493,goal_15,col_approach,872,-49.2,0,0,0
1494,goal_15,col_return,2649,291.4,1,1,0
1495,goal_15,exito,3497,640.81,1,1,0
1496,goal_15,exito,3485,643.77,1,1,0
1497,goal_15,col_approach,873,-48.81,0,0,0
1498,goal_15,col_return,2647,293.2,1,1,0
1499,goal_15,exito,3497,640.71,1,1,0
1500,goal_15,exito,3476,644.93,1,1,0
1501,goal_16,col_approach,874,-51.05,0,0,0
1502,goal_16,col_return,2458,268.21,1,1,0
1503,goal_16,col_exit,1138,13.97,1,0,0
1504,goal_16,col_approach,888,-47.1,0,0,0
1505,goal_16,col_return,2471,268.37,1,1,0
1506,goal_16,col_exit,1144,14.84,1,0,0
1507,goal_16,col_approach,887,-47.11,0,0,0
1508,goal_16,col_return,2469,267.01,1,1,0
1509,goal_16,col_exit,1146,15.48,1,0,0
1510,goal_16,col_approach,884,-47.46,0,0,0
1511,goal_16,col_return,2481,260.83,1,1,0
1512,goal_16,col_exit,1136,12.58,1,0,0
1513,goal_16,col_approach,881,-47.96,0,0,0
1514,goal_16,col_return,2473,263.01,1,1,0
1515,goal_16,col_exit,1146,14.82,1,0,0
1516,goal_16,col_approach,875,-48.93,0,0,0
1517,goal_16,col_return,2460,266.98,1,1,0
1518,goal_16,col_exit,1143,14.61,1,0,0
1519,goal_16,col_approach,876,-48.54,0,0,0
1520,goal_16,col_return,2467,267.76,1,1,0
1521,goal_16,col_exit,1155,16.97,1,0,0
1522,goal_16,col_approach,878,-48.08,0,0,0
1523,goal_16,col_return,2472,265.39,1,1,0
1524,goal_16,col_exit,1152,16.42,1,0,0
1525,goal_16,col_approach,878,-48.08,0,0,0
1526,goal_16,col_return,2472,265.23,1,1,0
1527,goal_16,col_exit,1152,16.32,1,0,0
1528,goal_16,col_approach,877,-48.22,0,0,0
1529,goal_16,col_return,2471,265.41,1,1,0
1530,goal_16,col_exit,1148,15.52,1,0,0
1531,goal_16,col_approach,880,-49.91,0,0,0
1532,goal_16,col_return,2462,267.36,1,1,0
1533,goal_16,col_exit,1141,14.51,1,0,0
1534,goal_16,col_approach,888,-47.44,0,0,0
1535,goal_16,col_return,2472,268.81,1,1,0
1536,goal_16,col_exit,1142,14.46,1,0,0
1537,goal_16,col_approach,888,-47.11,0,0,0
1538,goal_16,col_return,2471,268.38,1,1,0
1539,goal_16,col_exit,1144,14.85,1,0,0
1540,goal_16,col_approach,887,-47.11,0,0,0
1541,goal_16,col_return,2468,267.33,1,1,0
1542,goal_16,col_exit,1147,15.4,1,0,0
1543,goal_16,col_approach,884,-47.46,0,0,0
1544,goal_16,col_return,2481,260.84,1,1,0
1545,goal_16,col_exit,1136,12.57,1,0,0
1546,goal_16,col_approach,881,-47.96,0,0,0
1547,goal_16,col_return,2473,263.01,1,1,0
1548,goal_16,col_exit,1146,14.82,1,0,0
1549,goal_16,col_approach,875,-48.93,0,0,0
1550,goal_16,col_return,2460,266.98,1,1,0
1551,goal_16,col_exit,1144,14.83,1,0,0
1552,goal_16,col_approach,875,-48.63,0,0,0
1553,goal_16,col_return,2465,268.53,1,1,0
1554,goal_16,col_exit,1157,15.02,1,0,0
1555,goal_16,col_approach,878,-48.09,0,0,0
1556,goal_16,col_return,2472,265.25,1,1,0
1557,goal_16,col_exit,1152,16.62,1,0,0
1558,goal_16,col_approach,878,-48.09,0,0,0
1559,goal_16,col_return,2472,265.24,1,1,0
1560,goal_16,col_exit,1151,16.43,1,0,0
1561,goal_16,col_approach,877,-48.22,0,0,0
1562,goal_16,col_return,2462,267.22,1,1,0
1563,goal_16,col_exit,1157,14.59,1,0,0
1564,goal_16,col_approach,881,-49.88,0,0,0
1565,goal_16,col_return,2462,267.38,1,1,0
1566,goal_16,col_exit,1142,14.41,1,0,0
1567,goal_16,col_approach,887,-47.54,0,0,0
1568,goal_16,col_return,2472,268.8,1,1,0
1569,goal_16,col_exit,1142,14.46,1,0,0
1570,goal_16,col_approach,888,-47.11,0,0,0
1571,goal_16,col_return,2471,268.42,1,1,0
1572,goal_16,col_exit,1144,14.84,1,0,0
1573,goal_16,col_approach,887,-47.12,0,0,0
1574,goal_16,col_return,2469,267.1,1,1,0
1575,goal_16,col_exit,1146,15.21,1,0,0
1576,goal_16,col_approach,884,-47.44,0,0,0
1577,goal_16,col_return,2481,260.79,1,1,0
1578,goal_16,col_exit,1136,12.66,1,0,0
1579,goal_16,col_approach,881,-47.97,0,0,0
1580,goal_16,col_return,2473,262.99,1,1,0
1581,goal_16,col_exit,1146,14.83,1,0,0
1582,goal_16,col_approach,875,-48.92,0,0,0
1583,goal_16,col_return,2457,266.93,1,1,0
1584,goal_16,col_exit,1145,15.06,1,0,0
1585,goal_16,col_approach,876,-48.61,0,0,0
1586,goal_16,col_return,2467,267.88,1,1,0
1587,goal_16,col_exit,1156,14.47,1,0,0
1588,goal_16,col_approach,878,-47.81,0,0,0
1589,goal_16,col_return,2467,266.77,1,1,0
1590,goal_16,col_exit,1157,14.95,1,0,0
1591,goal_16,col_approach,877,-47.94,0,0,0
1592,goal_16,col_return,2473,265.4,1,1,0
1593,goal_16,col_exit,1152,16.33,1,0,0
1594,goal_16,col_approach,877,-48.22,0,0,0
1595,goal_16,col_return,2471,265.37,1,1,0
1596,goal_16,col_exit,1148,15.52,1,0,0
1597,goal_16,col_approach,880,-49.91,0,0,0
1598,goal_16,col_return,2462,267.33,1,1,0
1599,goal_16,col_exit,1142,14.4,1,0,0
1600,goal_16,col_approach,887,-47.53,0,0,0
1601,goal_17,col_exit,1683,71.61,1,0,3
1602,goal_17,exito,3762,671.47,1,1,3
1603,goal_17,col_return,3002,313.89,1,1,3
1604,goal_17,col_return,3006,312.76,1,1,3
1605,goal_17,col_return,3002,312.53,1,1,3
1606,goal_17,col_return,2997,311.21,1,1,3
1607,goal_17,col_return,2987,311.86,1,1,3
1608,goal_17,col_return,3008,312.98,1,1,3
1609,goal_17,col_return,3003,310.32,1,1,3
1610,goal_17,col_return,2995,310.88,1,1,3
1611,goal_17,col_return,2989,311.07,1,1,3
1612,goal_17,col_return,3007,312.99,1,1,3
1613,goal_17,col_return,3002,309.91,1,1,3
1614,goal_17,col_return,2994,311.47,1,1,3
1615,goal_17,col_return,3006,312.82,1,1,3
1616,goal_17,col_return,3002,312.02,1,1,3
1617,goal_17,col_return,2997,311.14,1,1,3
1618,goal_17,col_return,2987,311.13,1,1,3
1619,goal_17,col_return,3008,313.17,1,1,3
1620,goal_17,col_return,3002,310.74,1,1,3
1621,goal_17,col_return,2995,311.62,1,1,3
1622,goal_17,col_return,2989,311.1,1,1,3
1623,goal_17,col_return,3007,312.99,1,1,3
1624,goal_17,col_return,3002,309.9,1,1,3
1625,goal_17,col_return,2994,311.43,1,1,3
1626,goal_17,col_return,3006,312.8,1,1,3
1627,goal_17,col_return,3002,312.53,1,1,3
1628,goal_17,col_return,2997,310.54,1,1,3
1629,goal_17,col_return,2986,311.71,1,1,3
1630,goal_17,col_return,3008,313.17,1,1,3
1631,goal_17,col_return,3003,310.85,1,1,3
1632,goal_17,col_return,2995,311.62,1,1,3
1633,goal_17,col_return,2989,311.11,1,1,3
1634,goal_17,col_exit,1738,75.76,1,0,3
1635,goal_17,col_exit,1401,51.83,1,0,1
1636,goal_17,col_exit,1630,60.13,1,0,3
1637,goal_17,col_exit,1392,53.7,1,0,1
1638,goal_17,col_exit,1458,52.9,1,0,2
1639,goal_17,col_return,3090,319.62,1,1,3
1640,goal_17,col_exit,1417,48.19,1,0,1
1641,goal_17,col_exit,1640,63.93,1,0,3
1642,goal_17,col_exit,1378,53.49,1,0,0
1643,goal_17,col_exit,1451,52.24,1,0,2
1644,goal_17,col_exit,1625,61.88,1,0,3
1645,goal_17,col_exit,1403,51.27,1,0,1
1646,goal_17,col_exit,1631,59.76,1,0,3
1647,goal_17,col_exit,1384,54.47,1,0,0
1648,goal_17,col_return,3069,317.21,1,1,3
1649,goal_17,col_exit,1405,50.95,1,0,1
1650,goal_17,col_exit,1622,61.38,1,0,3
1651,goal_17,col_exit,1386,55.07,1,0,0
1652,goal_17,col_exit,1647,62.55,1,0,3
1653,goal_17,exito,3880,664.11,1,1,3
1654,goal_17,exito,3872,667.64,1,1,3
1655,goal_17,col_exit,1708,70.02,1,0,3
1656,goal_17,col_return,3008,313.08,1,1,3
1657,goal_17,col_return,3002,310.44,1,1,3
1658,goal_17,col_return,2993,317.47,1,1,3
1659,goal_17,col_return,3006,312.77,1,1,3
1660,goal_17,col_return,3002,311.97,1,1,3
1661,goal_17,col_return,2997,310.6,1,1,3
1662,goal_17,col_return,2987,311.88,1,1,3
1663,goal_17,col_exit,1742,76.45,1,0,3
1664,goal_17,col_exit,1402,51.45,1,0,1
1665,goal_17,col_exit,1634,61.78,1,0,3
1666,goal_17,col_exit,1371,52.05,1,0,0
1667,goal_17,col_exit,1657,67.24,1,0,3
1668,goal_17,exito,3823,664.22,1,1,3
1669,goal_17,exito,3883,665.54,1,1,3
1670,goal_17,col_exit,1718,69.16,1,0,3
1671,goal_17,col_return,3005,313.08,1,1,3
1672,goal_17,col_return,3010,313.24,1,1,3
1673,goal_17,col_return,3004,310.76,1,1,3
1674,goal_17,col_exit,1732,74.75,1,0,3
1675,goal_17,col_exit,1391,54.33,1,0,1
1676,goal_17,col_exit,1640,64.82,1,0,3
1677,goal_17,col_exit,1417,46.26,1,0,1
1678,goal_17,col_exit,1422,49.04,1,0,1
1679,goal_17,col_exit,1620,60.38,1,0,3
1680,goal_17,col_exit,1411,47.98,1,0,1
1681,goal_17,col_exit,1649,64.78,1,0,3
1682,goal_17,exito,3849,665.39,1,1,3
1683,goal_17,exito,3875,666.52,1,1,3
1684,goal_17,col_exit,1716,71.58,1,0,3
1685,goal_17,col_exit,1611,56.45,1,0,3
1686,goal_17,col_exit,1705,69.76,1,0,3
1687,goal_17,exito,3803,660.85,1,1,3
1688,goal_17,exito,3890,665.03,1,1,3
1689,goal_17,col_exit,1724,72.13,1,0,3
1690,goal_17,col_return,3013,314.68,1,1,3
1691,goal_17,col_return,3011,330.36,1,1,3
1692,goal_17,col_return,2988,311.1,1,1,3
1693,goal_17,col_return,3009,313.09,1,1,3
1694,goal_17,col_return,3003,310.52,1,1,3
1695,goal_17,col_return,2994,311.48,1,1,3
1696,goal_17,col_return,3006,312.81,1,1,3
1697,goal_17,col_return,3002,312.51,1,1,3
1698,goal_17,col_return,2997,311.12,1,1,3
1699,goal_17,col_return,2986,311.7,1,1,3
1700,goal_17,col_return,3008,312.98,1,1,3
1701,goal_18,exito,3464,639.34,1,1,0
1702,goal_18,exito,3465,638.81,1,1,0
1703,goal_18,exito,3466,639.56,1,1,0
1704,goal_18,exito,3479,629.9,1,1,0
1705,goal_18,col_return,2645,286.07,1,1,0
1706,goal_18,exito,3464,639.37,1,1,0
1707,goal_18,exito,3465,639.77,1,1,0
1708,goal_18,exito,3466,639.68,1,1,0
1709,goal_18,exito,3474,633.09,1,1,0
1710,goal_18,col_return,2636,283.53,1,1,0
1711,goal_18,exito,3463,639.22,1,1,0
1712,goal_18,col_return,2719,291.65,1,1,0
1713,goal_18,exito,3463,639.02,1,1,0
1714,goal_18,exito,3466,639.38,1,1,0
1715,goal_18,col_return,2636,284.51,1,1,0
1716,goal_18,exito,3483,638.09,1,1,0
1717,goal_18,col_return,2686,290.28,1,1,0
1718,goal_18,exito,3469,640.13,1,1,0
1719,goal_18,exito,3507,633.12,1,1,0
1720,goal_18,col_return,2641,280.74,1,1,0
1721,goal_18,exito,3494,636.51,1,1,0
1722,goal_18,col_return,2638,284.63,1,1,0
1723,goal_18,exito,3463,638.94,1,1,0
1724,goal_18,exito,3467,639.76,1,1,0
1725,goal_18,col_return,2635,283.67,1,1,0
1726,goal_18,exito,3465,640.24,1,1,0
1727,goal_18,exito,3479,637.92,1,1,0
1728,goal_18,exito,3476,639.08,1,1,0
1729,goal_18,exito,3465,639.39,1,1,0
1730,goal_18,col_return,2633,284.4,1,1,0
1731,goal_18,exito,3464,639.65,1,1,0
1732,goal_18,col_return,2700,292.27,1,1,0
1733,goal_18,exito,3467,639.89,1,1,0
1734,goal_18,exito,3465,639.38,1,1,0
1735,goal_18,col_return,2639,284.2,1,1,0
1736,goal_18,exito,3464,639.65,1,1,0
1737,goal_18,col_return,2699,291.89,1,1,0
1738,goal_18,exito,3467,639.9,1,1,0
1739,goal_18,exito,3498,632.24,1,1,0
1740,goal_18,col_return,2658,283.61,1,1,0
1741,goal_18,exito,3464,639.4,1,1,0
1742,goal_18,col_return,2668,289.93,1,1,0
1743,goal_18,exito,3461,638.14,1,1,0
1744,goal_18,exito,3470,638.68,1,1,0
1745,goal_18,col_return,2636,283.46,1,1,0
1746,goal_18,exito,3464,639.55,1,1,0
1747,goal_18,col_return,2711,291.02,1,1,0
1748,goal_18,exito,3460,638.98,1,1,0
1749,goal_18,exito,3467,639.82,1,1,0
1750,goal_18,col_return,2636,285.06,1,1,0
1751,goal_18,exito,3464,639.86,1,1,0
1752,goal_18,col_return,2708,289.12,1,1,0
1753,goal_18,exito,3469,639.88,1,1,0
1754,goal_18,exito,3496,635.3,1,1,0
1755,goal_18,col_return,2637,280.29,1,1,0
1756,goal_18,exito,3466,639.81,1,1,0
1757,goal_18,col_return,2690,291.59,1,1,0
1758,goal_18,exito,3463,639.6,1,1,0
1759,goal_18,exito,3470,639.66,1,1,0
1760,goal_18,col_return,2637,284.49,1,1,0
1761,goal_18,exito,3467,639.0,1,1,0
1762,goal_18,col_return,2704,291.75,1,1,0
1763,goal_18,exito,3469,639.98,1,1,0
1764,goal_18,exito,3468,639.57,1,1,0
1765,goal_18,col_return,2642,282.42,1,1,0
1766,goal_18,exito,3466,639.66,1,1,0
1767,goal_18,col_return,2686,291.27,1,1,0
1768,goal_18,exito,3464,639.17,1,1,0
1769,goal_18,exito,3475,632.0,1,1,0
1770,goal_18,col_return,2638,285.23,1,1,0
1771,goal_18,exito,3463,639.23,1,1,0
1772,goal_18,exito,3467,639.23,1,1,0
1773,goal_18,exito,3462,639.33,1,1,0
1774,goal_18,exito,3488,634.23,1,1,0
1775,goal_18,col_return,2662,282.22,1,1,0
1776,goal_18,exito,3464,639.42,1,1,0
1777,goal_18,col_return,2674,290.19,1,1,0
1778,goal_18,exito,3463,639.13,1,1,0
1779,goal_18,exito,3467,639.72,1,1,0
1780,goal_18,col_return,2636,284.61,1,1,0
1781,goal_18,exito,3493,635.91,1,1,0
1782,goal_18,col_return,2677,290.5,1,1,0
1783,goal_18,exito,3467,639.08,1,1,0
1784,goal_18,exito,3510,633.46,1,1,0
1785,goal_18,col_return,2646,281.4,1,1,0
1786,goal_18,exito,3463,639.26,1,1,0
1787,goal_18,col_return,2650,286.97,1,1,0
1788,goal_18,exito,3469,640.17,1,1,0
1789,goal_18,exito,3488,636.56,1,1,0
1790,goal_18,col_return,2636,283.74,1,1,0
1791,goal_18,exito,3463,639.88,1,1,0
1792,goal_18,exito,3464,639.65,1,1,0
1793,goal_18,exito,3467,640.17,1,1,0
1794,goal_18,exito,3465,639.51,1,1,0
1795,goal_18,col_return,2632,284.04,1,1,0
1796,goal_18,exito,3463,639.96,1,1,0
1797,goal_18,exito,3468,639.28,1,1,0
1798,goal_18,exito,3462,638.52,1,1,0
1799,goal_18,exito,3465,639.39,1,1,0
1800,goal_18,col_return,2634,283.26,1,1,0
1801,goal_19,col_return,2465,255.01,1,1,2
1802,goal_19,exito,3284,610.93,1,1,2
1803,goal_19,col_return,2464,257.63,1,1,2
1804,goal_19,col_return,2461,257.17,1,1,2
1805,goal_19,exito,3282,610.14,1,1,2
1806,goal_19,col_return,2501,262.27,1,1,2
1807,goal_19,col_return,2463,257.31,1,1,2
1808,goal_19,exito,3293,608.93,1,1,2
1809,goal_19,col_return,2491,261.71,1,1,2
1810,goal_19,col_return,2464,257.52,1,1,2
1811,goal_19,exito,3293,609.0,1,1,2
1812,goal_19,col_return,2490,261.61,1,1,2
1813,goal_19,col_return,2463,257.66,1,1,2
1814,goal_19,exito,3285,610.52,1,1,2
1815,goal_19,col_return,2499,261.97,1,1,2
1816,goal_19,col_return,2463,257.32,1,1,2
1817,goal_19,exito,3291,609.53,1,1,2
1818,goal_19,col_return,2493,261.9,1,1,2
1819,goal_19,col_return,2463,257.36,1,1,2
1820,goal_19,exito,3293,609.71,1,1,2
1821,goal_19,col_return,2490,261.87,1,1,2
1822,goal_19,col_return,2464,257.49,1,1,2
1823,goal_19,exito,3292,609.06,1,1,2
1824,goal_19,col_return,2492,261.57,1,1,2
1825,goal_19,col_return,2463,257.6,1,1,2
1826,goal_19,exito,3291,609.25,1,1,2
1827,goal_19,col_return,2493,261.92,1,1,2
1828,goal_19,col_return,2463,257.8,1,1,2
1829,goal_19,exito,3291,609.6,1,1,2
1830,goal_19,col_return,2492,261.64,1,1,2
1831,goal_19,col_return,2464,257.51,1,1,2
1832,goal_19,exito,3285,610.57,1,1,2
1833,goal_19,col_return,2499,262.63,1,1,2
1834,goal_19,col_return,2463,257.64,1,1,2
1835,goal_19,exito,3283,610.23,1,1,2
1836,goal_19,col_return,2501,262.81,1,1,2
1837,goal_19,col_return,2463,257.79,1,1,2
1838,goal_19,exito,3291,609.52,1,1,2
1839,goal_19,col_return,2493,261.51,1,1,2
1840,goal_19,col_return,2463,257.64,1,1,2
1841,goal_19,exito,3281,610.17,1,1,2
1842,goal_19,col_return,2503,262.72,1,1,2
1843,goal_19,col_return,2464,257.51,1,1,2
1844,goal_19,exito,3291,609.01,1,1,2
1845,goal_19,col_return,2492,261.84,1,1,2
1846,goal_19,col_return,2463,257.62,1,1,2
1847,goal_19,exito,3284,610.21,1,1,2
1848,goal_19,col_return,2500,262.72,1,1,2
1849,goal_19,col_return,2463,257.65,1,1,2
1850,goal_19,exito,3291,609.57,1,1,2
1851,goal_19,col_return,2493,261.48,1,1,2
1852,goal_19,col_return,2463,257.32,1,1,2
1853,goal_19,exito,3285,610.55,1,1,2
1854,goal_19,col_return,2499,262.63,1,1,2
1855,goal_19,col_return,2463,257.67,1,1,2
1856,goal_19,exito,3285,610.54,1,1,2
1857,goal_19,col_return,2499,262.66,1,1,2
1858,goal_19,col_return,2464,257.49,1,1,2
1859,goal_19,exito,3291,609.55,1,1,2
1860,goal_19,col_return,2492,261.37,1,1,2
1861,goal_19,col_return,2462,257.3,1,1,2
1862,goal_19,exito,3281,610.44,1,1,2
1863,goal_19,col_return,2504,262.68,1,1,2
1864,goal_19,col_return,2464,258.07,1,1,2
1865,goal_19,exito,3281,610.47,1,1,2
1866,goal_19,col_return,2501,262.46,1,1,2
1867,goal_19,col_return,2465,257.67,1,1,2
1868,goal_19,exito,3292,609.75,1,1,2
1869,goal_19,col_return,2491,261.25,1,1,2
1870,goal_19,col_return,2463,257.63,1,1,2
1871,goal_19,exito,3285,610.57,1,1,2
1872,goal_19,col_return,2499,262.67,1,1,2
1873,goal_19,col_return,2463,258.23,1,1,2
1874,goal_19,exito,3284,610.16,1,1,2
1875,goal_19,col_return,2499,262.36,1,1,2
1876,goal_19,col_return,2464,257.51,1,1,2
1877,goal_19,exito,3292,609.06,1,1,2
1878,goal_19,col_return,2491,261.53,1,1,2
1879,goal_19,col_return,2464,257.82,1,1,2
1880,goal_19,exito,3281,610.48,1,1,2
1881,goal_19,col_return,2503,262.61,1,1,2
1882,goal_19,col_return,2463,258.22,1,1,2
1883,goal_19,exito,3285,610.58,1,1,2
1884,goal_19,col_return,2498,262.24,1,1,2
1885,goal_19,col_return,2465,257.64,1,1,2
1886,goal_19,exito,3291,609.28,1,1,2
1887,goal_19,col_return,2492,261.83,1,1,2
1888,goal_19,col_return,2463,257.37,1,1,2
1889,goal_19,exito,3291,609.55,1,1,2
1890,goal_19,col_return,2493,261.64,1,1,2
1891,goal_19,col_return,2463,257.58,1,1,2
1892,goal_19,exito,3284,610.19,1,1,2
1893,goal_19,col_return,2499,262.33,1,1,2
1894,goal_19,col_return,2464,257.92,1,1,2
1895,goal_19,exito,3285,610.55,1,1,2
1896,goal_19,col_return,2498,262.27,1,1,2
1897,goal_19,col_return,2463,257.56,1,1,2
1898,goal_19,exito,3282,610.19,1,1,2
1899,goal_19,col_return,2503,262.45,1,1,2
1900,goal_19,col_return,2463,258.21,1,1,2
1901,goal_20,col_return,2814,307.94,1,1,0
1902,goal_20,col_approach,778,-57.98,0,0,0
1903,goal_20,col_approach,771,-58.95,0,0,0
1904,goal_20,col_approach,820,-68.37,0,0,0
1905,goal_20,col_approach,777,-58.76,0,0,0
1906,goal_20,col_approach,771,-60.63,0,0,0
1907,goal_20,col_approach,763,-60.03,0,0,0
1908,goal_20,col_approach,777,-62.99,0,0,0
1909,goal_20,col_return,2819,309.37,1,1,0
1910,goal_20,col_approach,762,-60.18,0,0,0
1911,goal_20,col_approach,762,-60.2,0,0,0
1912,goal_20,col_approach,812,-65.5,0,0,0
1913,goal_20,col_approach,778,-57.97,0,0,0
1914,goal_20,col_approach,769,-60.4,0,0,0
1915,goal_20,col_approach,763,-60.05,0,0,0
1916,goal_20,col_approach,777,-62.99,0,0,0
1917,goal_20,col_return,2819,309.36,1,1,0
1918,goal_20,col_approach,762,-60.17,0,0,0
1919,goal_20,col_approach,763,-60.3,0,0,0
1920,goal_20,col_approach,813,-65.12,0,0,0
1921,goal_20,col_approach,776,-58.49,0,0,0
1922,goal_20,col_approach,770,-60.72,0,0,0
1923,goal_20,col_approach,763,-60.04,0,0,0
1924,goal_20,col_return,2815,303.04,1,1,0
1925,goal_20,col_approach,776,-58.57,0,0,0
1926,goal_20,col_approach,763,-60.0,0,0,0
1927,goal_20,col_approach,763,-60.25,0,0,0
1928,goal_20,col_approach,815,-66.19,0,0,0
1929,goal_20,col_approach,777,-58.31,0,0,0
1930,goal_20,col_approach,770,-60.39,0,0,0
1931,goal_20,col_approach,762,-59.93,0,0,0
1932,goal_20,col_approach,777,-62.99,0,0,0
1933,goal_20,col_return,2819,309.34,1,1,0
1934,goal_20,col_approach,762,-60.18,0,0,0
1935,goal_20,col_approach,763,-60.3,0,0,0
1936,goal_20,col_approach,812,-65.06,0,0,0
1937,goal_20,col_approach,775,-58.94,0,0,0
1938,goal_20,col_approach,771,-60.66,0,0,0
1939,goal_20,col_approach,763,-60.04,0,0,0
1940,goal_20,col_approach,777,-62.99,0,0,0
1941,goal_20,col_return,2819,309.35,1,1,0
1942,goal_20,col_approach,761,-60.06,0,0,0
1943,goal_20,col_approach,763,-60.3,0,0,0
1944,goal_20,col_approach,813,-65.43,0,0,0
1945,goal_20,col_approach,777,-58.3,0,0,0
1946,goal_20,col_approach,770,-60.69,0,0,0
1947,goal_20,col_approach,762,-59.93,0,0,0
1948,goal_20,col_approach,777,-62.98,0,0,0
1949,goal_20,col_return,2819,309.35,1,1,0
1950,goal_20,col_approach,762,-60.18,0,0,0
1951,goal_20,col_approach,763,-60.29,0,0,0
1952,goal_20,col_approach,812,-65.05,0,0,0
1953,goal_20,col_approach,777,-58.32,0,0,0
1954,goal_20,col_approach,770,-60.38,0,0,0
1955,goal_20,col_approach,762,-59.94,0,0,0
1956,goal_20,col_approach,777,-62.99,0,0,0
1957,goal_20,col_return,2819,309.35,1,1,0
1958,goal_20,col_approach,761,-60.07,0,0,0
1959,goal_20,col_approach,763,-60.3,0,0,0
1960,goal_20,col_approach,813,-65.42,0,0,0
1961,goal_20,col_approach,777,-58.32,0,0,0
1962,goal_20,col_approach,770,-60.7,0,0,0
1963,goal_20,col_approach,762,-59.95,0,0,0
1964,goal_20,col_approach,777,-62.99,0,0,0
1965,goal_20,col_return,2819,309.33,1,1,0
1966,goal_20,col_approach,762,-60.17,0,0,0
1967,goal_20,col_approach,763,-60.29,0,0,0
1968,goal_20,col_approach,813,-65.1,0,0,0
1969,goal_20,col_approach,776,-58.49,0,0,0
1970,goal_20,col_approach,770,-60.72,0,0,0
1971,goal_20,col_approach,763,-60.04,0,0,0
1972,goal_20,col_approach,776,-63.16,0,0,0
1973,goal_20,col_return,2819,309.35,1,1,0
1974,goal_20,col_approach,762,-60.18,0,0,0
1975,goal_20,col_approach,763,-60.28,0,0,0
1976,goal_20,col_approach,812,-65.04,0,0,0
1977,goal_20,col_approach,777,-58.31,0,0,0
1978,goal_20,col_approach,769,-60.41,0,0,0
1979,goal_20,col_approach,762,-59.94,0,0,0
1980,goal_20,col_approach,777,-62.96,0,0,0
1981,goal_20,col_return,2819,309.31,1,1,0
1982,goal_20,col_approach,761,-60.06,0,0,0
1983,goal_20,col_approach,763,-60.23,0,0,0
1984,goal_20,col_approach,814,-65.82,0,0,0
1985,goal_20,col_approach,777,-58.32,0,0,0
1986,goal_20,col_approach,770,-60.68,0,0,0
1987,goal_20,col_approach,762,-59.93,0,0,0
1988,goal_20,col_approach,777,-62.99,0,0,0
1989,goal_20,col_return,2819,309.32,1,1,0
1990,goal_20,col_approach,761,-60.08,0,0,0
1991,goal_20,col_approach,763,-60.3,0,0,0
1992,goal_20,col_approach,813,-65.41,0,0,0
1993,goal_20,col_approach,777,-58.32,0,0,0
1994,goal_20,col_approach,769,-60.41,0,0,0
1995,goal_20,col_approach,762,-59.94,0,0,0
1996,goal_20,col_approach,777,-62.96,0,0,0
1997,goal_20,exito,3643,662.44,1,1,0
1998,goal_20,col_approach,778,-59.91,0,0,0
1999,goal_20,col_approach,768,-59.75,0,0,0
2000,goal_20,col_approach,770,-62.21,0,0,0
2001,goal_21,col_return,2777,301.35,1,1,0
2002,goal_21,col_approach,817,-55.53,0,0,0
2003,goal_21,col_approach,762,-59.92,0,0,0
2004,goal_21,col_approach,771,-60.06,0,0,0
2005,goal_21,col_approach,783,-57.91,0,0,0
2006,goal_21,col_approach,787,-59.03,0,0,0
2007,goal_21,col_approach,768,-59.29,0,0,0
2008,goal_21,col_approach,770,-62.6,0,0,0
2009,goal_21,col_approach,762,-60.18,0,0,0
2010,goal_21,col_approach,762,-60.17,0,0,0
2011,goal_21,col_return,2778,298.88,1,1,0
2012,goal_21,col_approach,789,-61.21,0,0,0
2013,goal_21,col_approach,778,-57.87,0,0,0
2014,goal_21,col_approach,763,-60.12,0,0,0
2015,goal_21,col_approach,816,-66.49,0,0,0
2016,goal_21,col_approach,776,-58.91,0,0,0
2017,goal_21,col_approach,770,-60.53,0,0,0
2018,goal_21,col_approach,762,-59.93,0,0,0
2019,goal_21,col_approach,777,-62.96,0,0,0
2020,goal_21,col_return,2744,298.33,1,1,0
2021,goal_21,col_approach,815,-56.29,0,0,0
2022,goal_21,col_approach,775,-58.28,0,0,0
2023,goal_21,col_approach,821,-68.69,0,0,0
2024,goal_21,col_approach,777,-58.76,0,0,0
2025,goal_21,col_approach,771,-60.65,0,0,0
2026,goal_21,col_approach,763,-60.04,0,0,0
2027,goal_21,col_approach,777,-62.99,0,0,0
2028,goal_21,col_return,2742,297.7,1,1,0
2029,goal_21,col_approach,816,-56.12,0,0,0
2030,goal_21,col_approach,775,-58.27,0,0,0
2031,goal_21,col_approach,821,-68.65,0,0,0
2032,goal_21,col_approach,777,-58.75,0,0,0
2033,goal_21,col_approach,771,-60.65,0,0,0
2034,goal_21,col_approach,763,-60.03,0,0,0
2035,goal_21,col_approach,777,-63.0,0,0,0
2036,goal_21,col_return,2742,297.68,1,1,0
2037,goal_21,col_approach,816,-56.12,0,0,0
2038,goal_21,col_approach,773,-58.25,0,0,0
2039,goal_21,col_approach,823,-69.42,0,0,0
2040,goal_21,col_approach,777,-58.76,0,0,0
2041,goal_21,col_approach,771,-60.64,0,0,0
2042,goal_21,col_approach,763,-60.04,0,0,0
2043,goal_21,col_approach,777,-62.99,0,0,0
2044,goal_21,col_return,2743,298.2,1,1,0
2045,goal_21,col_approach,815,-56.29,0,0,0
2046,goal_21,col_approach,775,-58.51,0,0,0
2047,goal_21,col_approach,821,-68.72,0,0,0
2048,goal_21,col_approach,777,-58.76,0,0,0
2049,goal_21,col_approach,771,-60.65,0,0,0
2050,goal_21,col_approach,763,-60.04,0,0,0
2051,goal_21,col_approach,777,-62.81,0,0,0
2052,goal_21,col_return,2742,297.71,1,1,0
2053,goal_21,col_approach,816,-56.11,0,0,0
2054,goal_21,col_approach,775,-58.29,0,0,0
2055,goal_21,col_approach,821,-68.64,0,0,0
2056,goal_21,col_approach,776,-58.95,0,0,0
2057,goal_21,col_approach,771,-60.75,0,0,0
2058,goal_21,col_approach,762,-59.94,0,0,0
2059,goal_21,col_approach,777,-63.1,0,0,0
2060,goal_21,col_return,2744,297.95,1,1,0
2061,goal_21,col_approach,816,-56.12,0,0,0
2062,goal_21,col_approach,775,-58.28,0,0,0
2063,goal_21,col_approach,821,-68.71,0,0,0
2064,goal_21,col_approach,777,-58.74,0,0,0
2065,goal_21,col_approach,771,-60.64,0,0,0
2066,goal_21,col_approach,763,-60.04,0,0,0
2067,goal_21,col_approach,777,-62.98,0,0,0
2068,goal_21,col_return,2742,297.73,1,1,0
2069,goal_21,col_approach,816,-56.1,0,0,0
2070,goal_21,col_approach,775,-58.29,0,0,0
2071,goal_21,col_approach,821,-68.64,0,0,0
2072,goal_21,col_approach,777,-58.75,0,0,0
2073,goal_21,col_approach,771,-60.95,0,0,0
2074,goal_21,col_approach,762,-59.84,0,0,0
2075,goal_21,col_approach,777,-63.13,0,0,0
2076,goal_21,col_return,2743,297.83,1,1,0
2077,goal_21,col_approach,816,-56.11,0,0,0
2078,goal_21,col_approach,775,-58.29,0,0,0
2079,goal_21,col_approach,821,-68.7,0,0,0
2080,goal_21,col_approach,776,-58.95,0,0,0
2081,goal_21,col_approach,771,-60.8,0,0,0
2082,goal_21,col_approach,763,-60.05,0,0,0
2083,goal_21,col_approach,777,-62.97,0,0,0
2084,goal_21,col_return,2744,298.33,1,1,0
2085,goal_21,col_approach,815,-56.29,0,0,0
2086,goal_21,col_approach,775,-58.29,0,0,0
2087,goal_21,col_approach,821,-68.66,0,0,0
2088,goal_21,col_approach,777,-58.75,0,0,0
2089,goal_21,col_approach,771,-60.63,0,0,0
2090,goal_21,col_approach,763,-60.03,0,0,0
2091,goal_21,col_approach,777,-62.99,0,0,0
2092,goal_21,col_return,2743,298.17,1,1,0
2093,goal_21,col_approach,815,-56.29,0,0,0
2094,goal_21,col_approach,775,-58.28,0,0,0
2095,goal_21,col_approach,821,-68.69,0,0,0
2096,goal_21,col_approach,776,-58.94,0,0,0
2097,goal_21,col_approach,771,-60.79,0,0,0
2098,goal_21,col_approach,762,-59.95,0,0,0
2099,goal_21,col_approach,777,-63.1,0,0,0
2100,goal_21,col_return,2745,298.33,1,1,0
2101,goal_22,col_approach,815,-56.3,0,0,0
2102,goal_22,col_approach,775,-58.51,0,0,0
2103,goal_22,col_approach,821,-68.65,0,0,0
2104,goal_22,col_approach,777,-58.75,0,0,0
2105,goal_22,col_approach,771,-60.65,0,0,0
2106,goal_22,col_approach,763,-60.04,0,0,0
2107,goal_22,col_approach,777,-62.99,0,0,0
2108,goal_22,exito,3313,613.25,1,1,0
2109,goal_22,col_return,2478,257.93,1,1,0
2110,goal_22,col_approach,773,-58.5,0,0,0
2111,goal_22,col_approach,765,-60.99,0,0,0
2112,goal_22,col_approach,763,-59.79,0,0,0
2113,goal_22,col_approach,809,-64.47,0,0,0
2114,goal_22,col_approach,775,-58.53,0,0,0
2115,goal_22,col_approach,772,-61.91,0,0,0
2116,goal_22,col_approach,764,-60.02,0,0,0
2117,goal_22,col_approach,772,-62.44,0,0,0
2118,goal_22,exito,3319,611.87,1,1,0
2119,goal_22,col_return,2484,259.61,1,1,0
2120,goal_22,col_approach,768,-59.35,0,0,0
2121,goal_22,col_approach,769,-60.32,0,0,0
2122,goal_22,col_approach,773,-58.93,0,0,0
2123,goal_22,col_approach,795,-60.18,0,0,0
2124,goal_22,col_approach,771,-59.13,0,0,0
2125,goal_22,col_approach,772,-63.21,0,0,0
2126,goal_22,col_approach,762,-60.2,0,0,0
2127,goal_22,col_approach,762,-60.17,0,0,0
2128,goal_22,exito,3316,611.78,1,1,0
2129,goal_22,col_return,2494,255.72,1,1,0
2130,goal_22,col_approach,771,-58.73,0,0,0
2131,goal_22,col_approach,763,-60.18,0,0,0
2132,goal_22,col_approach,833,-63.48,0,0,0
2133,goal_22,col_approach,772,-61.1,0,0,0
2134,goal_22,col_approach,765,-59.75,0,0,0
2135,goal_22,exito,3285,606.66,1,1,0
2136,goal_22,col_return,2507,263.59,1,1,0
2137,goal_22,col_approach,810,-57.19,0,0,0
2138,goal_22,col_approach,779,-57.61,0,0,0
2139,goal_22,col_approach,766,-60.66,0,0,0
2140,goal_22,col_approach,767,-59.61,0,0,0
2141,goal_22,col_approach,783,-61.57,0,0,0
2142,goal_22,col_approach,772,-60.07,0,0,0
2143,goal_22,col_approach,765,-60.83,0,0,0
2144,goal_22,col_approach,781,-58.25,0,0,0
2145,goal_22,exito,3329,612.95,1,1,0
2146,goal_22,col_return,2483,258.34,1,1,0
2147,goal_22,col_approach,777,-58.68,0,0,0
2148,goal_22,col_approach,762,-60.11,0,0,0
2149,goal_22,col_approach,763,-60.23,0,0,0
2150,goal_22,col_approach,815,-66.19,0,0,0
2151,goal_22,col_approach,777,-58.32,0,0,0
2152,goal_22,col_approach,769,-60.4,0,0,0
2153,goal_22,col_approach,762,-59.94,0,0,0
2154,goal_22,col_approach,777,-62.96,0,0,0
2155,goal_22,exito,3313,613.26,1,1,0
2156,goal_22,col_return,2478,257.5,1,1,0
2157,goal_22,col_approach,774,-58.39,0,0,0
2158,goal_22,col_approach,765,-60.98,0,0,0
2159,goal_22,col_approach,765,-59.68,0,0,0
2160,goal_22,col_approach,807,-64.16,0,0,0
2161,goal_22,col_approach,775,-58.77,0,0,0
2162,goal_22,col_approach,772,-61.69,0,0,0
2163,goal_22,col_approach,764,-60.0,0,0,0
2164,goal_22,col_approach,772,-62.44,0,0,0
2165,goal_22,exito,3319,611.82,1,1,0
2166,goal_22,col_return,2480,259.52,1,1,0
2167,goal_22,col_approach,770,-58.61,0,0,0
2168,goal_22,col_approach,767,-60.52,0,0,0
2169,goal_22,col_approach,770,-59.1,0,0,0
2170,goal_22,col_approach,799,-62.08,0,0,0
2171,goal_22,col_approach,772,-58.77,0,0,0
2172,goal_22,col_approach,772,-63.65,0,0,0
2173,goal_22,col_approach,763,-60.06,0,0,0
2174,goal_22,col_approach,761,-60.07,0,0,0
2175,goal_22,exito,3318,611.31,1,1,0
2176,goal_22,col_return,2494,255.7,1,1,0
2177,goal_22,col_approach,771,-58.74,0,0,0
2178,goal_22,col_approach,763,-60.19,0,0,0
2179,goal_22,col_approach,833,-63.49,0,0,0
2180,goal_22,col_approach,772,-61.1,0,0,0
2181,goal_22,col_approach,765,-59.75,0,0,0
2182,goal_22,exito,3285,606.66,1,1,0
2183,goal_22,col_return,2507,263.57,1,1,0
2184,goal_22,col_approach,810,-57.18,0,0,0
2185,goal_22,col_approach,780,-57.81,0,0,0
2186,goal_22,col_approach,767,-60.62,0,0,0
2187,goal_22,col_approach,767,-59.6,0,0,0
2188,goal_22,col_approach,782,-61.16,0,0,0
2189,goal_22,col_approach,772,-60.2,0,0,0
2190,goal_22,col_approach,765,-60.76,0,0,0
2191,goal_22,col_approach,796,-60.17,0,0,0
2192,goal_22,exito,3320,613.18,1,1,0
2193,goal_22,col_return,2478,258.47,1,1,0
2194,goal_22,col_approach,775,-58.9,0,0,0
2195,goal_22,col_approach,762,-60.14,0,0,0
2196,goal_22,col_approach,763,-60.24,0,0,0
2197,goal_22,col_approach,815,-66.21,0,0,0
2198,goal_22,col_approach,777,-58.32,0,0,0
2199,goal_22,col_approach,769,-60.4,0,0,0
2200,goal_22,col_approach,762,-59.94,0,0,0
2201,goal_23,col_return,2817,309.94,1,1,0
2202,goal_23,exito,3648,666.29,1,1,0
2203,goal_23,exito,3649,666.43,1,1,0
2204,goal_23,col_exit,1430,57.25,1,0,0
2205,goal_23,col_exit,1471,63.56,1,0,0
2206,goal_23,col_exit,1482,62.42,1,0,0
2207,goal_23,col_approach,860,-50.3,0,0,0
2208,goal_23,col_exit,1434,57.81,1,0,0
2209,goal_23,col_exit,1465,58.68,1,0,0
2210,goal_23,col_exit,1487,60.12,1,0,0
2211,goal_23,col_approach,868,-48.9,0,0,0
2212,goal_23,col_exit,1469,64.19,1,0,0
2213,goal_23,col_exit,1443,59.27,1,0,0
2214,goal_23,col_exit,1475,64.56,1,0,0
2215,goal_23,col_approach,862,-49.96,0,0,0
2216,goal_23,exito,3680,653.95,1,1,0
2217,goal_23,col_exit,1465,56.55,1,0,0
2218,goal_23,col_exit,1487,59.76,1,0,0
2219,goal_23,col_approach,862,-50.23,0,0,0
2220,goal_23,col_exit,1479,64.75,1,0,0
2221,goal_23,col_exit,1439,59.02,1,0,0
2222,goal_23,col_exit,1473,63.61,1,0,0
2223,goal_23,col_exit,1484,62.35,1,0,0
2224,goal_23,col_approach,861,-50.23,0,0,0
2225,goal_23,col_exit,1434,57.81,1,0,0
2226,goal_23,col_exit,1465,57.57,1,0,0
2227,goal_23,col_exit,1487,60.71,1,0,0
2228,goal_23,col_approach,868,-48.95,0,0,0
2229,goal_23,col_exit,1470,63.75,1,0,0
2230,goal_23,col_exit,1443,58.22,1,0,0
2231,goal_23,col_exit,1476,63.97,1,0,0
2232,goal_23,col_exit,1483,63.91,1,0,0
2233,goal_23,col_approach,862,-51.3,0,0,0
2234,goal_23,col_exit,1441,56.44,1,0,0
2235,goal_23,col_exit,1462,59.72,1,0,0
2236,goal_23,col_exit,1487,60.61,1,0,0
2237,goal_23,col_approach,865,-49.21,0,0,0
2238,goal_23,col_exit,1461,61.68,1,0,0
2239,goal_23,col_exit,1449,56.84,1,0,0
2240,goal_23,col_exit,1477,64.55,1,0,0
2241,goal_23,col_approach,870,-55.56,0,0,0
2242,goal_23,col_exit,1489,63.76,1,0,0
2243,goal_23,col_exit,1431,57.18,1,0,0
2244,goal_23,col_exit,1467,63.27,1,0,0
2245,goal_23,col_exit,1485,61.61,1,0,0
2246,goal_23,col_approach,862,-49.81,0,0,0
2247,goal_23,col_exit,1460,57.31,1,0,0
2248,goal_23,col_exit,1445,57.54,1,0,0
2249,goal_23,col_exit,1485,58.57,1,0,0
2250,goal_23,col_approach,861,-50.02,0,0,0
2251,goal_23,col_exit,1480,62.88,1,0,0
2252,goal_23,col_exit,1437,58.67,1,0,0
2253,goal_23,col_exit,1473,63.62,1,0,0
2254,goal_23,col_exit,1483,62.35,1,0,0
2255,goal_23,col_approach,861,-50.2,0,0,0
2256,goal_23,col_exit,1434,57.78,1,0,0
2257,goal_23,col_exit,1465,58.14,1,0,0
2258,goal_23,col_exit,1488,60.01,1,0,0
2259,goal_23,col_approach,867,-49.02,0,0,0
2260,goal_23,col_exit,1470,63.76,1,0,0
2261,goal_23,col_exit,1443,58.23,1,0,0
2262,goal_23,col_exit,1476,64.12,1,0,0
2263,goal_23,col_approach,862,-49.75,0,0,0
2264,goal_23,exito,3683,654.78,1,1,0
2265,goal_23,col_exit,1461,57.78,1,0,0
2266,goal_23,col_exit,1486,59.68,1,0,0
2267,goal_23,col_approach,862,-50.23,0,0,0
2268,goal_23,col_exit,1479,64.75,1,0,0
2269,goal_23,col_exit,1439,59.02,1,0,0
2270,goal_23,col_exit,1474,63.87,1,0,0
2271,goal_23,col_exit,1483,62.37,1,0,0
2272,goal_23,col_approach,861,-50.23,0,0,0
2273,goal_23,col_exit,1433,58.24,1,0,0
2274,goal_23,col_exit,1466,57.89,1,0,0
2275,goal_23,col_exit,1488,59.99,1,0,0
2276,goal_23,col_approach,867,-49.01,0,0,0
2277,goal_23,col_exit,1470,63.76,1,0,0
2278,goal_23,col_exit,1443,58.22,1,0,0
2279,goal_23,col_exit,1476,64.12,1,0,0
2280,goal_23,col_approach,862,-49.71,0,0,0
2281,goal_23,exito,3683,655.31,1,1,0
2282,goal_23,col_exit,1461,57.35,1,0,0
2283,goal_23,col_exit,1486,59.66,1,0,0
2284,goal_23,col_approach,862,-50.25,0,0,0
2285,goal_23,col_exit,1479,64.76,1,0,0
2286,goal_23,col_exit,1439,59.01,1,0,0
2287,goal_23,col_exit,1473,64.35,1,0,0
2288,goal_23,col_exit,1484,62.37,1,0,0
2289,goal_23,col_approach,861,-50.23,0,0,0
2290,goal_23,col_exit,1433,58.24,1,0,0
2291,goal_23,col_exit,1466,57.88,1,0,0
2292,goal_23,col_exit,1488,59.99,1,0,0
2293,goal_23,col_approach,867,-49.01,0,0,0
2294,goal_23,col_exit,1470,63.77,1,0,0
2295,goal_23,col_exit,1443,58.22,1,0,0
2296,goal_23,col_exit,1476,64.12,1,0,0
2297,goal_23,col_approach,862,-49.7,0,0,0
2298,goal_23,exito,3689,654.1,1,1,0
2299,goal_23,col_exit,1456,58.2,1,0,0
2300,goal_23,col_exit,1485,59.61,1,0,0
2301,goal_24,col_approach,863,-48.19,0,0,0
2302,goal_24,col_exit,1343,44.69,1,0,0
2303,goal_24,col_approach,875,-46.81,0,0,0
2304,goal_24,col_exit,1353,43.36,1,0,0
2305,goal_24,col_approach,881,-46.19,0,0,0
2306,goal_24,col_exit,1374,39.0,1,0,0
2307,goal_24,col_approach,885,-46.4,0,0,0
2308,goal_24,col_exit,1352,44.25,1,0,0
2309,goal_24,col_approach,887,-47.12,0,0,0
2310,goal_24,col_exit,1363,39.74,1,0,0
2311,goal_24,col_approach,891,-45.31,0,0,0
2312,goal_24,col_exit,1356,44.16,1,0,0
2313,goal_24,col_approach,886,-47.96,0,0,0
2314,goal_24,col_exit,1352,43.2,1,0,0
2315,goal_24,col_approach,881,-46.48,0,0,0
2316,goal_24,col_exit,1384,43.51,1,0,0
2317,goal_24,col_approach,882,-46.3,0,0,0
2318,goal_24,col_exit,1351,45.27,1,0,0
2319,goal_24,col_approach,883,-46.1,0,0,0
2320,goal_24,col_exit,1387,41.83,1,0,0
2321,goal_24,col_approach,881,-46.17,0,0,0
2322,goal_24,col_exit,1351,44.54,1,0,0
2323,goal_24,col_approach,881,-45.77,0,0,0
2324,goal_24,col_exit,1375,38.54,1,0,0
2325,goal_24,col_approach,884,-46.3,0,0,0
2326,goal_24,col_exit,1358,42.62,1,0,0
2327,goal_24,col_approach,883,-46.01,0,0,0
2328,goal_24,col_exit,1375,38.55,1,0,0
2329,goal_24,col_approach,885,-46.38,0,0,0
2330,goal_24,col_exit,1352,44.25,1,0,0
2331,goal_24,col_approach,887,-47.13,0,0,0
2332,goal_24,col_exit,1363,39.74,1,0,0
2333,goal_24,col_approach,891,-45.3,0,0,0
2334,goal_24,col_exit,1356,44.15,1,0,0
2335,goal_24,col_approach,886,-47.96,0,0,0
2336,goal_24,col_exit,1352,43.2,1,0,0
2337,goal_24,col_approach,881,-46.49,0,0,0
2338,goal_24,col_exit,1384,43.52,1,0,0
2339,goal_24,col_approach,882,-46.31,0,0,0
2340,goal_24,col_exit,1351,45.26,1,0,0
2341,goal_24,col_approach,883,-46.11,0,0,0
2342,goal_24,col_exit,1386,41.97,1,0,0
2343,goal_24,col_approach,881,-46.23,0,0,0
2344,goal_24,col_exit,1352,44.51,1,0,0
2345,goal_24,col_approach,882,-46.01,0,0,0
2346,goal_24,col_exit,1375,39.14,1,0,0
2347,goal_24,col_approach,884,-46.08,0,0,0
2348,goal_24,col_exit,1357,43.08,1,0,0
2349,goal_24,col_approach,883,-46.0,0,0,0
2350,goal_24,col_exit,1375,38.55,1,0,0
2351,goal_24,col_approach,885,-46.37,0,0,0
2352,goal_24,col_exit,1352,44.25,1,0,0
2353,goal_24,col_approach,887,-47.14,0,0,0
2354,goal_24,col_exit,1363,39.75,1,0,0
2355,goal_24,col_approach,891,-45.47,0,0,0
2356,goal_24,col_exit,1356,44.14,1,0,0
2357,goal_24,col_approach,886,-47.96,0,0,0
2358,goal_24,col_exit,1352,43.0,1,0,0
2359,goal_24,col_approach,881,-46.48,0,0,0
2360,goal_24,col_exit,1384,43.51,1,0,0
2361,goal_24,col_approach,882,-46.31,0,0,0
2362,goal_24,col_exit,1351,45.26,1,0,0
2363,goal_24,col_approach,883,-46.17,0,0,0
2364,goal_24,col_exit,1386,41.97,1,0,0
2365,goal_24,col_approach,881,-46.23,0,0,0
2366,goal_24,col_exit,1352,44.52,1,0,0
2367,goal_24,col_approach,882,-46.01,0,0,0
2368,goal_24,col_exit,1375,39.13,1,0,0
2369,goal_24,col_approach,884,-46.08,0,0,0
2370,goal_24,col_exit,1357,43.08,1,0,0
2371,goal_24,col_approach,883,-46.0,0,0,0
2372,goal_24,col_exit,1375,38.56,1,0,0
2373,goal_24,col_approach,885,-46.38,0,0,0
2374,goal_24,col_exit,1352,44.26,1,0,0
2375,goal_24,col_approach,887,-47.14,0,0,0
2376,goal_24,col_exit,1363,39.76,1,0,0
2377,goal_24,col_approach,891,-45.47,0,0,0
2378,goal_24,col_exit,1356,44.15,1,0,0
2379,goal_24,col_approach,886,-48.25,0,0,0
2380,goal_24,col_exit,1352,43.29,1,0,0
2381,goal_24,col_approach,881,-46.48,0,0,0
2382,goal_24,col_exit,1384,43.52,1,0,0
2383,goal_24,col_approach,882,-46.31,0,0,0
2384,goal_24,col_exit,1351,45.27,1,0,0
2385,goal_24,col_approach,883,-46.16,0,0,0
2386,goal_24,col_exit,1386,41.96,1,0,0
2387,goal_24,col_approach,881,-46.24,0,0,0
2388,goal_24,col_exit,1352,44.53,1,0,0
2389,goal_24,col_approach,881,-45.76,0,0,0
2390,goal_24,col_exit,1375,38.54,1,0,0
2391,goal_24,col_approach,884,-46.29,0,0,0
2392,goal_24,col_exit,1359,43.02,1,0,0
2393,goal_24,col_approach,883,-46.0,0,0,0
2394,goal_24,col_exit,1374,39.0,1,0,0
2395,goal_24,col_approach,885,-46.27,0,0,0
2396,goal_24,col_exit,1352,44.25,1,0,0
2397,goal_24,col_approach,887,-47.13,0,0,0
2398,goal_24,col_exit,1363,39.76,1,0,0
2399,goal_24,col_approach,891,-45.48,0,0,0
2400,goal_24,col_exit,1356,44.17,1,0,0
2401,goal_25,col_approach,891,-44.91,0,0,0
2402,goal_25,col_return,2439,254.69,1,1,0
2403,goal_25,exito,3196,605.65,1,1,0
2404,goal_25,exito,3207,598.44,1,1,0
2405,goal_25,col_approach,898,-44.06,0,0,0
2406,goal_25,col_return,2439,255.8,1,1,0
2407,goal_25,exito,3203,603.6,1,1,0
2408,goal_25,exito,3203,604.9,1,1,0
2409,goal_25,col_approach,898,-42.85,0,0,0
2410,goal_25,exito,3212,603.25,1,1,0
2411,goal_25,col_return,2453,256.65,1,1,0
2412,goal_25,exito,3199,605.09,1,1,0
2413,goal_25,col_approach,886,-44.64,0,0,0
2414,goal_25,col_return,2449,255.84,1,1,0
2415,goal_25,exito,3204,603.36,1,1,0
2416,goal_25,exito,3243,598.99,1,1,0
2417,goal_25,col_approach,876,-45.88,0,0,0
2418,goal_25,col_return,2427,254.57,1,1,0
2419,goal_25,exito,3198,604.5,1,1,0
2420,goal_25,exito,3202,604.35,1,1,0
2421,goal_25,col_approach,894,-43.47,0,0,0
2422,goal_25,col_return,2435,255.27,1,1,0
2423,goal_25,exito,3203,603.41,1,1,0
2424,goal_25,exito,3206,604.36,1,1,0
2425,goal_25,col_approach,892,-44.02,0,0,0
2426,goal_25,exito,3203,604.0,1,1,0
2427,goal_25,exito,3205,603.3,1,1,0
2428,goal_25,exito,3201,605.06,1,1,0
2429,goal_25,col_approach,892,-43.42,0,0,0
2430,goal_25,exito,3212,603.18,1,1,0
2431,goal_25,col_return,2453,256.65,1,1,0
2432,goal_25,exito,3200,604.83,1,1,0
2433,goal_25,col_approach,886,-44.59,0,0,0
2434,goal_25,col_return,2448,255.65,1,1,0
2435,goal_25,exito,3195,605.78,1,1,0
2436,goal_25,exito,3235,600.39,1,1,0
2437,goal_25,col_approach,882,-44.83,0,0,0
2438,goal_25,col_return,2431,254.51,1,1,0
2439,goal_25,exito,3200,604.69,1,1,0
2440,goal_25,exito,3203,604.61,1,1,0
2441,goal_25,col_approach,898,-43.14,0,0,0
2442,goal_25,col_return,2435,255.27,1,1,0
2443,goal_25,exito,3203,603.36,1,1,0
2444,goal_25,exito,3204,604.49,1,1,0
2445,goal_25,col_approach,894,-43.81,0,0,0
2446,goal_25,exito,3203,603.83,1,1,0
2447,goal_25,exito,3206,603.32,1,1,0
2448,goal_25,exito,3204,604.34,1,1,0
2449,goal_25,col_approach,888,-43.8,0,0,0
2450,goal_25,exito,3212,603.22,1,1,0
2451,goal_25,col_return,2453,256.69,1,1,0
2452,goal_25,exito,3199,605.21,1,1,0
2453,goal_25,col_approach,886,-44.63,0,0,0
2454,goal_25,col_return,2449,255.84,1,1,0
2455,goal_25,exito,3207,603.09,1,1,0
2456,goal_25,exito,3227,601.63,1,1,0
2457,goal_25,col_approach,882,-45.76,0,0,0
2458,goal_25,col_return,2428,254.77,1,1,0
2459,goal_25,exito,3204,603.62,1,1,0
2460,goal_25,exito,3208,604.08,1,1,0
2461,goal_25,col_approach,888,-44.09,0,0,0
2462,goal_25,col_return,2435,255.25,1,1,0
2463,goal_25,exito,3203,603.41,1,1,0
2464,goal_25,exito,3203,605.02,1,1,0
2465,goal_25,col_approach,895,-43.72,0,0,0
2466,goal_25,exito,3206,603.63,1,1,0
2467,goal_25,exito,3204,603.27,1,1,0
2468,goal_25,exito,3201,605.02,1,1,0
2469,goal_25,col_approach,890,-43.69,0,0,0
2470,goal_25,exito,3212,603.24,1,1,0
2471,goal_25,col_return,2453,256.69,1,1,0
2472,goal_25,exito,3199,604.94,1,1,0
2473,goal_25,col_approach,886,-44.64,0,0,0
2474,goal_25,col_return,2449,255.84,1,1,0
2475,goal_25,exito,3207,603.09,1,1,0
2476,goal_25,exito,3228,601.38,1,1,0
2477,goal_25,col_approach,881,-46.37,0,0,0
2478,goal_25,col_return,2430,254.44,1,1,0
2479,goal_25,exito,3205,603.4,1,1,0
2480,goal_25,exito,3201,605.11,1,1,0
2481,goal_25,col_approach,892,-43.65,0,0,0
2482,goal_25,col_return,2435,255.26,1,1,0
2483,goal_25,exito,3203,603.4,1,1,0
2484,goal_25,exito,3206,604.32,1,1,0
2485,goal_25,col_approach,892,-44.03,0,0,0
2486,goal_25,exito,3203,603.99,1,1,0
2487,goal_25,exito,3205,603.31,1,1,0
2488,goal_25,exito,3205,604.84,1,1,0
2489,goal_25,col_approach,888,-44.39,0,0,0
2490,goal_25,exito,3213,603.15,1,1,0
2491,goal_25,col_return,2452,256.49,1,1,0
2492,goal_25,exito,3221,602.65,1,1,0
2493,goal_25,col_approach,874,-47.86,0,0,0
2494,goal_25,col_return,2439,254.71,1,1,0
2495,goal_25,exito,3211,602.79,1,1,0
2496,goal_25,exito,3233,600.7,1,1,0
2497,goal_25,col_approach,876,-45.88,0,0,0
2498,goal_25,col_return,2431,254.33,1,1,0
2499,goal_25,exito,3199,604.56,1,1,0
2500,goal_25,exito,3206,604.43,1,1,0
2501,goal_26,col_approach,903,-37.74,0,0,0
2502,goal_26,exito,3635,675.16,1,1,0
2503,goal_26,col_approach,868,-44.24,0,0,0
2504,goal_26,exito,3635,675.03,1,1,0
2505,goal_26,col_approach,868,-44.21,0,0,0
2506,goal_26,exito,3608,674.95,1,1,0
2507,goal_26,col_approach,895,-39.27,0,0,0
2508,goal_26,exito,3579,672.16,1,1,0
2509,goal_26,col_approach,921,-37.01,0,0,0
2510,goal_26,exito,3627,676.27,1,1,0
2511,goal_26,col_approach,871,-44.61,0,0,0
2512,goal_26,exito,3627,676.42,1,1,0
2513,goal_26,col_approach,872,-44.61,0,0,0
2514,goal_26,exito,3625,676.69,1,1,0
2515,goal_26,col_approach,872,-43.45,0,0,0
2516,goal_26,exito,3663,671.39,1,1,0
2517,goal_26,col_approach,858,-47.16,0,0,0
2518,goal_26,exito,3614,676.4,1,1,0
2519,goal_26,col_approach,871,-43.69,0,0,0
2520,goal_26,exito,3624,674.74,1,1,0
2521,goal_26,col_approach,872,-43.5,0,0,0
2522,goal_26,exito,3626,676.64,1,1,0
2523,goal_26,col_approach,861,-45.54,0,0,0
2524,goal_26,exito,3626,676.54,1,1,0
2525,goal_26,col_approach,863,-45.16,0,0,0
2526,goal_26,exito,3635,675.14,1,1,0
2527,goal_26,col_approach,868,-44.21,0,0,0
2528,goal_26,exito,3638,671.4,1,1,0
2529,goal_26,col_approach,864,-44.88,0,0,0
2530,goal_26,exito,3532,670.9,1,1,0
2531,goal_26,col_return,2849,327.22,1,1,0
2532,goal_26,col_return,2806,320.65,1,1,0
2533,goal_26,exito,3633,675.37,1,1,0
2534,goal_26,exito,3618,676.7,1,1,0
2535,goal_26,col_approach,854,-46.81,0,0,0
2536,goal_26,exito,3627,676.68,1,1,0
2537,goal_26,col_approach,856,-46.58,0,0,0
2538,goal_26,exito,3634,675.36,1,1,0
2539,goal_26,col_approach,855,-46.14,0,0,0
2540,goal_26,exito,3649,673.77,1,1,0
2541,goal_26,col_approach,860,-47.21,0,0,0
2542,goal_26,exito,3641,674.32,1,1,0
2543,goal_26,col_approach,868,-47.69,0,0,0
2544,goal_26,exito,3620,675.52,1,1,0
2545,goal_26,col_approach,859,-46.74,0,0,0
2546,goal_26,exito,3630,675.95,1,1,0
2547,goal_26,col_approach,863,-47.35,0,0,0
2548,goal_26,exito,3631,676.02,1,1,0
2549,goal_26,col_approach,866,-49.69,0,0,0
2550,goal_26,exito,3627,676.38,1,1,0
2551,goal_26,col_approach,857,-46.28,0,0,0
2552,goal_26,exito,3654,670.9,1,1,0
2553,goal_26,col_approach,858,-46.59,0,0,0
2554,goal_26,exito,3640,673.44,1,1,0
2555,goal_26,col_approach,867,-47.73,0,0,0
2556,goal_26,exito,3592,674.41,1,1,0
2557,goal_26,col_approach,879,-42.23,0,0,0
2558,goal_26,exito,3634,675.29,1,1,0
2559,goal_26,col_approach,865,-45.37,0,0,0
2560,goal_26,exito,3626,676.76,1,1,0
2561,goal_26,col_approach,870,-43.32,0,0,0
2562,goal_26,exito,3663,671.51,1,1,0
2563,goal_26,col_approach,858,-46.57,0,0,0
2564,goal_26,exito,3619,676.41,1,1,0
2565,goal_26,col_approach,870,-43.63,0,0,0
2566,goal_26,exito,3629,674.87,1,1,0
2567,goal_26,col_approach,871,-43.7,0,0,0
2568,goal_26,exito,3627,676.31,1,1,0
2569,goal_26,col_approach,860,-46.87,0,0,0
2570,goal_26,exito,3626,676.57,1,1,0
2571,goal_26,col_approach,860,-45.72,0,0,0
2572,goal_26,exito,3634,675.03,1,1,0
2573,goal_26,col_approach,865,-44.77,0,0,0
2574,goal_26,exito,3639,671.82,1,1,0
2575,goal_26,col_approach,865,-46.22,0,0,0
2576,goal_26,exito,3531,674.15,1,1,0
2577,goal_26,col_return,2850,329.13,1,1,0
2578,goal_26,col_return,2806,320.49,1,1,0
2579,goal_26,exito,3630,675.99,1,1,0
2580,goal_26,exito,3620,676.69,1,1,0
2581,goal_26,col_approach,854,-46.81,0,0,0
2582,goal_26,exito,3627,676.71,1,1,0
2583,goal_26,col_approach,855,-46.64,0,0,0
2584,goal_26,exito,3628,676.44,1,1,0
2585,goal_26,col_approach,856,-46.47,0,0,0
2586,goal_26,exito,3653,673.21,1,1,0
2587,goal_26,col_approach,855,-47.1,0,0,0
2588,goal_26,exito,3624,676.49,1,1,0
2589,goal_26,col_approach,868,-45.39,0,0,0
2590,goal_26,exito,3622,674.37,1,1,0
2591,goal_26,col_approach,871,-43.71,0,0,0
2592,goal_26,exito,3637,674.91,1,1,0
2593,goal_26,col_approach,865,-45.85,0,0,0
2594,goal_26,exito,3628,676.32,1,1,0
2595,goal_26,col_approach,863,-49.34,0,0,0
2596,goal_26,exito,3626,676.14,1,1,0
2597,goal_26,col_approach,859,-45.92,0,0,0
2598,goal_26,exito,3637,671.91,1,1,0
2599,goal_26,col_approach,861,-46.21,0,0,0
2600,goal_26,exito,3531,674.15,1,1,0
2601,goal_27,exito,3431,658.78,1,1,0
2602,goal_27,exito,3437,660.48,1,1,0
2603,goal_27,col_approach,867,-46.75,0,0,0
2604,goal_27,col_return,2587,307.9,1,1,0
2605,goal_27,exito,3424,658.22,1,1,0
2606,goal_27,col_return,2590,307.6,1,1,0
2607,goal_27,col_approach,924,-38.35,0,0,0
2608,goal_27,col_return,2637,313.49,1,1,0
2609,goal_27,exito,3428,661.64,1,1,0
2610,goal_27,col_approach,867,-43.91,0,0,0
2611,goal_27,col_return,2623,314.5,1,1,0
2612,goal_27,exito,3430,657.62,1,1,0
2613,goal_27,col_return,2587,306.9,1,1,0
2614,goal_27,col_approach,921,-38.93,0,0,0
2615,goal_27,col_return,2637,313.43,1,1,0
2616,goal_27,exito,3420,662.35,1,1,0
2617,goal_27,col_approach,875,-42.93,0,0,0
2618,goal_27,col_return,2623,314.72,1,1,0
2619,goal_27,exito,3433,657.29,1,1,0
2620,goal_27,col_return,2583,308.17,1,1,0
2621,goal_27,col_approach,922,-38.73,0,0,0
2622,goal_27,col_return,2638,313.33,1,1,0
2623,goal_27,exito,3428,661.4,1,1,0
2624,goal_27,col_approach,866,-44.09,0,0,0
2625,goal_27,col_return,2623,314.5,1,1,0
2626,goal_27,exito,3421,658.48,1,1,0
2627,goal_27,col_return,2593,308.02,1,1,0
2628,goal_27,col_approach,924,-38.34,0,0,0
2629,goal_27,col_return,2637,313.47,1,1,0
2630,goal_27,exito,3428,661.66,1,1,0
2631,goal_27,col_approach,867,-43.94,0,0,0
2632,goal_27,col_return,2623,314.5,1,1,0
2633,goal_27,exito,3433,657.26,1,1,0
2634,goal_27,col_return,2583,308.2,1,1,0
2635,goal_27,col_approach,922,-38.73,0,0,0
2636,goal_27,col_return,2638,313.37,1,1,0
2637,goal_27,exito,3428,661.36,1,1,0
2638,goal_27,col_approach,866,-44.09,0,0,0
2639,goal_27,col_return,2623,314.5,1,1,0
2640,goal_27,exito,3420,658.55,1,1,0
2641,goal_27,col_return,2594,306.96,1,1,0
2642,goal_27,col_approach,924,-38.36,0,0,0
2643,goal_27,col_return,2637,313.46,1,1,0
2644,goal_27,exito,3456,657.95,1,1,0
2645,goal_27,col_approach,872,-46.26,0,0,0
2646,goal_27,col_return,2589,308.27,1,1,0
2647,goal_27,exito,3420,658.59,1,1,0
2648,goal_27,col_return,2595,307.35,1,1,0
2649,goal_27,col_approach,924,-38.34,0,0,0
2650,goal_27,col_return,2637,313.48,1,1,0
2651,goal_27,exito,3420,662.35,1,1,0
2652,goal_27,col_approach,875,-42.93,0,0,0
2653,goal_27,col_return,2623,314.48,1,1,0
2654,goal_27,exito,3433,657.27,1,1,0
2655,goal_27,col_return,2583,308.18,1,1,0
2656,goal_27,col_approach,922,-38.73,0,0,0
2657,goal_27,col_return,2637,313.47,1,1,0
2658,goal_27,exito,3427,661.75,1,1,0
2659,goal_27,col_approach,868,-43.72,0,0,0
2660,goal_27,col_return,2623,314.5,1,1,0
2661,goal_27,exito,3433,657.25,1,1,0
2662,goal_27,col_return,2584,307.21,1,1,0
2663,goal_27,col_approach,921,-38.93,0,0,0
2664,goal_27,col_return,2637,313.42,1,1,0
2665,goal_27,exito,3420,662.36,1,1,0
2666,goal_27,col_approach,875,-42.94,0,0,0
2667,goal_27,col_return,2623,315.04,1,1,0
2668,goal_27,exito,3420,658.58,1,1,0
2669,goal_27,col_return,2594,306.98,1,1,0
2670,goal_27,col_approach,924,-38.34,0,0,0
2671,goal_27,col_return,2638,313.32,1,1,0
2672,goal_27,exito,3428,661.4,1,1,0
2673,goal_27,col_approach,866,-44.09,0,0,0
2674,goal_27,col_return,2623,314.49,1,1,0
2675,goal_27,exito,3421,658.52,1,1,0
2676,goal_27,col_return,2593,308.03,1,1,0
2677,goal_27,col_approach,924,-38.36,0,0,0
2678,goal_27,col_return,2638,312.89,1,1,0
2679,goal_27,exito,3420,662.32,1,1,0
2680,goal_27,col_approach,874,-43.11,0,0,0
2681,goal_27,col_return,2623,314.79,1,1,0
2682,goal_27,exito,3433,657.27,1,1,0
2683,goal_27,col_return,2583,308.19,1,1,0
2684,goal_27,col_approach,922,-38.73,0,0,0
2685,goal_27,col_return,2638,313.37,1,1,0
2686,goal_27,exito,3437,660.9,1,1,0
2687,goal_27,col_approach,862,-46.01,0,0,0
2688,goal_27,col_return,2618,313.85,1,1,0
2689,goal_27,exito,3393,661.05,1,1,0
2690,goal_27,col_return,2604,311.33,1,1,0
2691,goal_27,exito,3430,657.61,1,1,0
2692,goal_27,col_return,2590,307.87,1,1,0
2693,goal_27,col_approach,916,-39.9,0,0,0
2694,goal_27,col_return,2638,313.17,1,1,0
2695,goal_27,exito,3416,662.94,1,1,0
2696,goal_27,col_approach,877,-42.55,0,0,0
2697,goal_27,col_return,2625,315.35,1,1,0
2698,goal_27,exito,3430,657.88,1,1,0
2699,goal_27,col_return,2589,307.24,1,1,0
2700,goal_27,col_approach,918,-39.51,0,0,0
2701,goal_28,exito,3289,612.29,1,1,0
2702,goal_28,col_return,2524,257.85,1,1,0
2703,goal_28,col_approach,883,-49.36,0,0,0
2704,goal_28,exito,3296,610.1,1,1,0
2705,goal_28,col_approach,820,-54.4,0,0,0
2706,goal_28,col_return,2488,262.85,1,1,0
2707,goal_28,col_approach,881,-49.73,0,0,0
2708,goal_28,exito,3309,606.18,1,1,0
2709,goal_28,col_approach,822,-56.1,0,0,0
2710,goal_28,col_return,2493,261.07,1,1,0
2711,goal_28,col_approach,858,-53.98,0,0,0
2712,goal_28,col_approach,824,-54.43,0,0,0
2713,goal_28,exito,3292,610.31,1,1,0
2714,goal_28,col_approach,829,-58.85,0,0,0
2715,goal_28,col_return,2457,256.93,1,1,0
2716,goal_28,col_approach,843,-53.09,0,0,0
2717,goal_28,col_approach,825,-54.3,0,0,0
2718,goal_28,exito,3287,612.24,1,1,0
2719,goal_28,col_approach,831,-59.7,0,0,0
2720,goal_28,col_return,2459,256.91,1,1,0
2721,goal_28,col_approach,843,-53.09,0,0,0
2722,goal_28,col_approach,825,-54.29,0,0,0
2723,goal_28,exito,3287,612.24,1,1,0
2724,goal_28,col_approach,831,-59.69,0,0,0
2725,goal_28,col_return,2459,256.91,1,1,0
2726,goal_28,col_approach,843,-53.09,0,0,0
2727,goal_28,col_approach,825,-54.29,0,0,0
2728,goal_28,exito,3287,612.24,1,1,0
2729,goal_28,col_approach,831,-59.68,0,0,0
2730,goal_28,col_return,2459,256.9,1,1,0
2731,goal_28,col_approach,843,-53.1,0,0,0
2732,goal_28,col_approach,825,-54.29,0,0,0
2733,goal_28,exito,3287,612.23,1,1,0
2734,goal_28,col_approach,832,-59.65,0,0,0
2735,goal_28,col_return,2456,256.75,1,1,0
2736,goal_28,col_approach,882,-49.03,0,0,0
2737,goal_28,exito,3295,610.08,1,1,0
2738,goal_28,col_approach,820,-54.52,0,0,0
2739,goal_28,col_return,2482,262.02,1,1,0
2740,goal_28,col_approach,890,-48.09,0,0,0
2741,goal_28,exito,3324,606.91,1,1,0
2742,goal_28,exito,3273,607.7,1,1,0
2743,goal_28,exito,3304,611.68,1,1,0
2744,goal_28,col_approach,878,-49.09,0,0,0
2745,goal_28,col_approach,829,-54.84,0,0,0
2746,goal_28,col_return,2504,262.48,1,1,0
2747,goal_28,col_approach,881,-49.73,0,0,0
2748,goal_28,exito,3303,607.72,1,1,0
2749,goal_28,col_approach,823,-54.87,0,0,0
2750,goal_28,col_return,2479,262.32,1,1,0
2751,goal_28,col_approach,883,-49.36,0,0,0
2752,goal_28,exito,3302,608.03,1,1,0
2753,goal_28,col_approach,821,-55.66,0,0,0
2754,goal_28,col_return,2480,261.82,1,1,0
2755,goal_28,exito,3286,613.28,1,1,0
2756,goal_28,col_approach,887,-48.15,0,0,0
2757,goal_28,col_approach,824,-54.77,0,0,0
2758,goal_28,col_return,2516,259.84,1,1,0
2759,goal_28,col_approach,889,-48.27,0,0,0
2760,goal_28,exito,3297,610.07,1,1,0
2761,goal_28,col_approach,821,-54.47,0,0,0
2762,goal_28,col_return,2479,262.43,1,1,0
2763,goal_28,col_approach,889,-48.27,0,0,0
2764,goal_28,exito,3324,605.86,1,1,0
2765,goal_28,col_return,2542,258.14,1,1,0
2766,goal_28,col_approach,883,-49.36,0,0,0
2767,goal_28,exito,3296,610.06,1,1,0
2768,goal_28,col_approach,820,-54.41,0,0,0
2769,goal_28,col_return,2488,262.84,1,1,0
2770,goal_28,col_approach,881,-49.74,0,0,0
2771,goal_28,exito,3324,602.39,1,1,0
2772,goal_28,col_approach,849,-63.2,0,0,0
2773,goal_28,col_return,2455,256.52,1,1,0
2774,goal_28,col_approach,854,-54.72,0,0,0
2775,goal_28,col_approach,824,-54.3,0,0,0
2776,goal_28,exito,3292,610.26,1,1,0
2777,goal_28,col_approach,829,-58.83,0,0,0
2778,goal_28,col_return,2457,256.94,1,1,0
2779,goal_28,col_approach,843,-53.09,0,0,0
2780,goal_28,col_approach,825,-54.29,0,0,0
2781,goal_28,exito,3287,612.22,1,1,0
2782,goal_28,col_approach,832,-59.64,0,0,0
2783,goal_28,col_return,2456,256.74,1,1,0
2784,goal_28,col_approach,845,-52.99,0,0,0
2785,goal_28,col_approach,825,-54.29,0,0,0
2786,goal_28,exito,3288,612.3,1,1,0
2787,goal_28,col_approach,833,-59.34,0,0,0
2788,goal_28,col_return,2448,256.33,1,1,0
2789,goal_28,col_approach,851,-55.28,0,0,0
2790,goal_28,col_approach,822,-54.44,0,0,0
2791,goal_28,exito,3292,610.36,1,1,0
2792,goal_28,col_approach,830,-59.71,0,0,0
2793,goal_28,col_return,2453,256.24,1,1,0
2794,goal_28,col_approach,848,-55.83,0,0,0
2795,goal_28,col_approach,822,-54.42,0,0,0
2796,goal_28,exito,3292,610.22,1,1,0
2797,goal_28,col_approach,830,-59.71,0,0,0
2798,goal_28,col_return,2454,256.45,1,1,0
2799,goal_28,col_approach,847,-56.01,0,0,0
2800,goal_28,col_approach,823,-54.41,0,0,0
