episodio,goal_id,resultado,pasos,reward
1,goal_01,colision_approach,114,-170.41
2,goal_01,colision_approach,109,-169.51
3,goal_01,colision_approach,111,-169.89
4,goal_01,colision_approach,110,-169.73
5,goal_01,colision_approach,110,-169.7
6,goal_01,colision_approach,111,-169.87
7,goal_01,colision_approach,111,-169.88
8,goal_01,colision_approach,111,-169.87
9,goal_01,colision_approach,111,-169.9
10,goal_01,colision_approach,110,-169.73
11,goal_01,colision_approach,110,-169.7
12,goal_01,colision_approach,111,-169.87
13,goal_01,colision_approach,111,-169.88
14,goal_01,colision_approach,111,-169.86
15,goal_01,colision_approach,111,-169.9
16,goal_01,colision_approach,110,-169.73
17,goal_01,colision_approach,110,-169.71
18,goal_01,colision_approach,111,-169.86
19,goal_01,colision_approach,111,-169.91
20,goal_01,colision_approach,110,-169.72
21,goal_01,colision_approach,110,-169.72
22,goal_01,colision_approach,110,-169.72
23,goal_01,colision_approach,110,-169.72
24,goal_01,colision_approach,110,-169.72
25,goal_01,colision_approach,110,-169.73
26,goal_01,colision_approach,108,-169.39
27,goal_01,colision_approach,108,-169.38
28,goal_01,colision_approach,108,-169.39
29,goal_01,colision_approach,108,-169.39
30,goal_01,colision_approach,108,-169.38
31,goal_01,colision_approach,108,-169.38
32,goal_01,colision_approach,108,-169.38
33,goal_01,colision_approach,109,-169.49
34,goal_01,colision_approach,111,-169.93
35,goal_01,colision_approach,109,-169.5
36,goal_01,colision_approach,111,-169.93
37,goal_01,colision_approach,109,-169.49
38,goal_01,colision_approach,111,-169.94
39,goal_01,colision_approach,109,-169.49
40,goal_01,colision_approach,111,-169.93
41,goal_01,colision_approach,109,-169.5
42,goal_01,colision_approach,111,-169.91
43,goal_01,colision_approach,110,-169.72
44,goal_01,colision_approach,110,-169.73
45,goal_01,colision_approach,110,-169.71
46,goal_01,colision_approach,110,-169.75
47,goal_01,colision_approach,109,-169.49
48,goal_01,colision_approach,111,-169.94
49,goal_01,colision_approach,109,-169.5
50,goal_01,colision_approach,111,-169.92
51,goal_01,colision_approach,110,-169.7
52,goal_01,colision_approach,111,-169.87
53,goal_01,colision_approach,111,-169.89
54,goal_01,colision_approach,110,-169.74
55,goal_01,colision_approach,109,-169.5
56,goal_01,colision_approach,111,-169.92
57,goal_01,colision_approach,110,-169.69
58,goal_01,colision_approach,111,-169.89
59,goal_01,colision_approach,110,-169.73
60,goal_01,colision_approach,110,-169.7
61,goal_01,colision_approach,111,-169.87
62,goal_01,colision_approach,111,-169.89
63,goal_01,colision_approach,111,-169.85
64,goal_01,colision_approach,111,-169.94
65,goal_01,colision_approach,109,-169.5
66,goal_01,colision_approach,111,-169.93
67,goal_01,colision_approach,109,-169.5
68,goal_01,colision_approach,111,-169.91
69,goal_01,colision_approach,110,-169.72
70,goal_01,colision_approach,110,-169.73
71,goal_01,colision_approach,110,-169.7
72,goal_01,colision_approach,111,-169.88
73,goal_01,colision_approach,111,-169.86
74,goal_01,colision_approach,111,-169.91
75,goal_01,colision_approach,110,-169.73
76,goal_01,colision_approach,110,-169.72
77,goal_01,colision_approach,110,-169.74
78,goal_01,colision_approach,109,-169.5
79,goal_01,colision_approach,111,-169.93
80,goal_01,colision_approach,109,-169.49
81,goal_01,colision_approach,111,-169.93
82,goal_01,colision_approach,109,-169.5
83,goal_01,colision_approach,111,-169.93
84,goal_01,colision_approach,109,-169.5
85,goal_01,colision_approach,111,-169.92
86,goal_01,colision_approach,110,-169.71
87,goal_01,colision_approach,110,-169.75
88,goal_01,colision_approach,109,-169.5
89,goal_01,colision_approach,111,-169.93
90,goal_01,colision_approach,109,-169.49
91,goal_01,colision_approach,111,-169.93
92,goal_01,colision_approach,109,-169.5
93,goal_01,colision_approach,111,-169.93
94,goal_01,colision_approach,110,-169.7
95,goal_01,colision_approach,111,-169.87
96,goal_01,colision_approach,111,-169.88
97,goal_01,colision_approach,111,-169.87
98,goal_01,colision_approach,111,-169.89
99,goal_01,colision_approach,110,-169.75
100,goal_01,colision_approach,109,-169.5
101,goal_02,colision_approach,111,-169.93
102,goal_02,colision_approach,109,-169.5
103,goal_02,colision_approach,111,-169.92
104,goal_02,colision_approach,110,-169.7
105,goal_02,colision_approach,111,-169.87
106,goal_02,colision_approach,111,-169.88
107,goal_02,colision_approach,111,-169.87
108,goal_02,colision_approach,111,-169.89
109,goal_02,colision_approach,110,-169.74
110,goal_02,colision_approach,109,-169.5
111,goal_02,colision_approach,111,-169.93
112,goal_02,colision_approach,109,-169.5
113,goal_02,colision_approach,111,-169.92
114,goal_02,colision_approach,110,-169.71
115,goal_02,colision_approach,110,-169.74
116,goal_02,colision_approach,109,-169.5
117,goal_02,colision_approach,111,-169.93
118,goal_02,colision_approach,109,-169.5
119,goal_02,colision_approach,111,-169.93
120,goal_02,colision_approach,109,-169.5
121,goal_02,colision_approach,111,-169.92
122,goal_02,colision_approach,110,-169.7
123,goal_02,colision_approach,111,-169.87
124,goal_02,colision_approach,111,-169.88
125,goal_02,colision_approach,111,-169.87
126,goal_02,colision_approach,111,-169.88
127,goal_02,colision_approach,111,-169.85
128,goal_02,colision_approach,111,-169.93
129,goal_02,colision_approach,109,-169.5
130,goal_02,colision_approach,111,-169.93
131,goal_02,colision_approach,109,-169.5
132,goal_02,colision_approach,111,-169.91
133,goal_02,colision_approach,110,-169.72
134,goal_02,colision_approach,110,-169.72
135,goal_02,colision_approach,110,-169.72
136,goal_02,colision_approach,110,-169.72
137,goal_02,colision_approach,110,-169.72
138,goal_02,colision_approach,110,-169.73
139,goal_02,colision_approach,109,-169.49
140,goal_02,colision_approach,111,-169.94
141,goal_02,colision_approach,109,-169.5
142,goal_02,colision_approach,111,-169.91
143,goal_02,colision_approach,110,-169.72
144,goal_02,colision_approach,110,-169.73
145,goal_02,colision_approach,109,-169.49
146,goal_02,colision_approach,111,-169.94
147,goal_02,colision_approach,109,-169.5
148,goal_02,colision_approach,111,-169.93
149,goal_02,colision_approach,109,-169.5
150,goal_02,colision_approach,111,-169.92
151,goal_02,colision_approach,110,-169.7
152,goal_02,colision_approach,111,-169.87
153,goal_02,colision_approach,111,-169.88
154,goal_02,colision_approach,111,-169.87
155,goal_02,colision_approach,111,-169.88
156,goal_02,colision_approach,111,-169.87
157,goal_02,colision_approach,111,-169.9
158,goal_02,colision_approach,110,-169.73
159,goal_02,colision_approach,110,-169.72
160,goal_02,colision_approach,110,-169.74
161,goal_02,colision_approach,109,-169.49
162,goal_02,colision_approach,111,-169.94
163,goal_02,colision_approach,109,-169.5
164,goal_02,colision_approach,111,-169.94
165,goal_02,colision_approach,109,-169.5
166,goal_02,colision_approach,111,-169.92
167,goal_02,colision_approach,110,-169.71
168,goal_02,colision_approach,110,-169.75
169,goal_02,colision_approach,109,-169.5
170,goal_02,colision_approach,111,-169.93
171,goal_02,colision_approach,109,-169.5
172,goal_02,colision_approach,111,-169.94
173,goal_02,colision_approach,109,-169.5
174,goal_02,colision_approach,111,-169.93
175,goal_02,colision_approach,109,-169.5
176,goal_02,colision_approach,111,-169.91
177,goal_02,colision_approach,110,-169.72
178,goal_02,colision_approach,110,-169.72
179,goal_02,colision_approach,110,-169.73
180,goal_02,colision_approach,110,-169.71
181,goal_02,colision_approach,111,-169.85
182,goal_02,colision_approach,111,-169.94
183,goal_02,colision_approach,109,-169.49
184,goal_02,colision_approach,111,-169.94
185,goal_02,colision_approach,109,-169.49
186,goal_02,colision_approach,111,-169.93
187,goal_02,colision_approach,109,-169.51
188,goal_02,colision_approach,111,-169.9
189,goal_02,colision_approach,110,-169.73
190,goal_02,colision_approach,110,-169.7
191,goal_02,colision_approach,111,-169.87
192,goal_02,colision_approach,111,-169.89
193,goal_02,colision_approach,110,-169.74
194,goal_02,colision_approach,109,-169.5
195,goal_02,colision_approach,111,-169.91
196,goal_02,colision_approach,110,-169.72
197,goal_02,colision_approach,110,-169.72
198,goal_02,colision_approach,110,-169.72
199,goal_02,colision_approach,110,-169.74
200,goal_02,colision_approach,108,-169.38
201,goal_03,colision_approach,108,-169.38
202,goal_03,colision_approach,109,-169.49
203,goal_03,colision_approach,111,-169.94
204,goal_03,colision_approach,109,-169.5
205,goal_03,colision_approach,111,-169.93
206,goal_03,colision_approach,109,-169.49
207,goal_03,colision_approach,111,-169.94
208,goal_03,colision_approach,109,-169.5
209,goal_03,colision_approach,111,-169.92
210,goal_03,colision_approach,110,-169.7
211,goal_03,colision_approach,111,-169.88
212,goal_03,colision_approach,111,-169.87
213,goal_03,colision_approach,111,-169.88
214,goal_03,colision_approach,111,-169.87
215,goal_03,colision_approach,111,-169.88
216,goal_03,colision_approach,111,-169.87
217,goal_03,colision_approach,111,-169.87
218,goal_03,colision_approach,111,-169.88
219,goal_03,colision_approach,111,-169.87
220,goal_03,colision_approach,111,-169.89
221,goal_03,colision_approach,110,-169.74
222,goal_03,colision_approach,109,-169.5
223,goal_03,colision_approach,111,-169.94
224,goal_03,colision_approach,109,-169.49
225,goal_03,colision_approach,111,-169.94
226,goal_03,colision_approach,109,-169.5
227,goal_03,colision_approach,111,-169.93
228,goal_03,colision_approach,109,-169.51
229,goal_03,colision_approach,111,-169.9
230,goal_03,colision_approach,110,-169.73
231,goal_03,colision_approach,110,-169.72
232,goal_03,colision_approach,110,-169.73
233,goal_03,colision_approach,109,-169.5
234,goal_03,colision_approach,111,-169.92
235,goal_03,colision_approach,110,-169.71
236,goal_03,colision_approach,110,-169.75
237,goal_03,colision_approach,109,-169.49
238,goal_03,colision_approach,111,-169.94
239,goal_03,colision_approach,109,-169.49
240,goal_03,colision_approach,111,-169.94
241,goal_03,colision_approach,109,-169.5
242,goal_03,colision_approach,111,-169.92
243,goal_03,colision_approach,110,-169.71
244,goal_03,colision_approach,111,-169.85
245,goal_03,colision_approach,111,-169.94
246,goal_03,colision_approach,109,-169.49
247,goal_03,colision_approach,111,-169.93
248,goal_03,colision_approach,109,-169.5
249,goal_03,colision_approach,111,-169.91
250,goal_03,colision_approach,110,-169.72
251,goal_03,colision_approach,110,-169.72
252,goal_03,colision_approach,110,-169.72
253,goal_03,colision_approach,110,-169.73
254,goal_03,colision_approach,110,-169.7
255,goal_03,colision_approach,111,-169.87
256,goal_03,colision_approach,111,-169.89
257,goal_03,colision_approach,111,-169.85
258,goal_03,colision_approach,111,-169.92
259,goal_03,colision_approach,110,-169.71
260,goal_03,colision_approach,111,-169.86
261,goal_03,colision_approach,111,-169.92
262,goal_03,colision_approach,110,-169.71
263,goal_03,colision_approach,110,-169.74
264,goal_03,colision_approach,109,-169.5
265,goal_03,colision_approach,111,-169.92
266,goal_03,colision_approach,110,-169.71
267,goal_03,colision_approach,111,-169.85
268,goal_03,colision_approach,111,-169.93
269,goal_03,colision_approach,109,-169.5
270,goal_03,colision_approach,111,-169.91
271,goal_03,colision_approach,110,-169.71
272,goal_03,colision_approach,110,-169.74
273,goal_03,colision_approach,109,-169.5
274,goal_03,colision_approach,111,-169.94
275,goal_03,colision_approach,109,-169.5
276,goal_03,colision_approach,111,-169.94
277,goal_03,colision_approach,109,-169.5
278,goal_03,colision_approach,111,-169.93
279,goal_03,colision_approach,109,-169.5
280,goal_03,colision_approach,111,-169.91
281,goal_03,colision_approach,110,-169.72
282,goal_03,colision_approach,110,-169.74
283,goal_03,colision_approach,109,-169.5
284,goal_03,colision_approach,111,-169.93
285,goal_03,colision_approach,109,-169.5
286,goal_03,colision_approach,111,-169.93
287,goal_03,colision_approach,109,-169.5
288,goal_03,colision_approach,111,-169.93
289,goal_03,colision_approach,109,-169.5
290,goal_03,colision_approach,111,-169.92
291,goal_03,colision_approach,110,-169.71
292,goal_03,colision_approach,111,-169.86
293,goal_03,colision_approach,111,-169.9
294,goal_03,colision_approach,110,-169.73
295,goal_03,colision_approach,110,-169.72
296,goal_03,colision_approach,110,-169.73
297,goal_03,colision_approach,110,-169.7
298,goal_03,colision_approach,111,-169.87
299,goal_03,colision_approach,111,-169.88
300,goal_03,colision_approach,111,-169.87
301,goal_04,colision_approach,111,-169.89
302,goal_04,colision_approach,110,-169.75
303,goal_04,colision_approach,109,-169.49
304,goal_04,colision_approach,111,-169.93
305,goal_04,colision_approach,109,-169.5
306,goal_04,colision_approach,111,-169.92
307,goal_04,colision_approach,110,-169.71
308,goal_04,colision_approach,110,-169.74
309,goal_04,colision_approach,109,-169.5
310,goal_04,colision_approach,111,-169.93
311,goal_04,colision_approach,109,-169.5
312,goal_04,colision_approach,111,-169.93
313,goal_04,colision_approach,109,-169.5
314,goal_04,colision_approach,111,-169.93
315,goal_04,colision_approach,109,-169.5
316,goal_04,colision_approach,111,-169.92
317,goal_04,colision_approach,110,-169.71
318,goal_04,colision_approach,111,-169.86
319,goal_04,colision_approach,111,-169.91
320,goal_04,colision_approach,110,-169.71
321,goal_04,colision_approach,110,-169.74
322,goal_04,colision_approach,109,-169.5
323,goal_04,colision_approach,111,-169.93
324,goal_04,colision_approach,109,-169.5
325,goal_04,colision_approach,111,-169.92
326,goal_04,colision_approach,110,-169.7
327,goal_04,colision_approach,111,-169.86
328,goal_04,colision_approach,111,-169.9
329,goal_04,colision_approach,110,-169.73
330,goal_04,colision_approach,110,-169.71
331,goal_04,colision_approach,111,-169.86
332,goal_04,colision_approach,111,-169.92
333,goal_04,colision_approach,110,-169.72
334,goal_04,colision_approach,110,-169.74
335,goal_04,colision_approach,109,-169.49
336,goal_04,colision_approach,111,-169.94
337,goal_04,colision_approach,109,-169.5
338,goal_04,colision_approach,111,-169.94
339,goal_04,colision_approach,109,-169.5
340,goal_04,colision_approach,111,-169.92
341,goal_04,colision_approach,110,-169.7
342,goal_04,colision_approach,111,-169.87
343,goal_04,colision_approach,111,-169.89
344,goal_04,colision_approach,110,-169.75
345,goal_04,colision_approach,109,-169.5
346,goal_04,colision_approach,111,-169.93
347,goal_04,colision_approach,109,-169.5
348,goal_04,colision_approach,111,-169.93
349,goal_04,colision_approach,109,-169.5
350,goal_04,colision_approach,111,-169.93
351,goal_04,colision_approach,109,-169.5
352,goal_04,colision_approach,111,-169.92
353,goal_04,colision_approach,110,-169.71
354,goal_04,colision_approach,110,-169.74
355,goal_04,colision_approach,109,-169.5
356,goal_04,colision_approach,111,-169.93
357,goal_04,colision_approach,109,-169.5
358,goal_04,colision_approach,111,-169.94
359,goal_04,colision_approach,109,-169.5
360,goal_04,colision_approach,111,-169.93
361,goal_04,colision_approach,109,-169.5
362,goal_04,colision_approach,111,-169.92
363,goal_04,colision_approach,110,-169.72
364,goal_04,colision_approach,110,-169.74
365,goal_04,colision_approach,109,-169.5
366,goal_04,colision_approach,111,-169.93
367,goal_04,colision_approach,109,-169.5
368,goal_04,colision_approach,111,-169.94
369,goal_04,colision_approach,109,-169.49
370,goal_04,colision_approach,111,-169.93
371,goal_04,colision_approach,109,-169.5
372,goal_04,colision_approach,111,-169.92
373,goal_04,colision_approach,110,-169.71
374,goal_04,colision_approach,110,-169.75
375,goal_04,colision_approach,109,-169.5
376,goal_04,colision_approach,111,-169.93
377,goal_04,colision_approach,109,-169.49
378,goal_04,colision_approach,111,-169.94
379,goal_04,colision_approach,109,-169.49
380,goal_04,colision_approach,111,-169.93
381,goal_04,colision_approach,109,-169.5
382,goal_04,colision_approach,111,-169.91
383,goal_04,colision_approach,110,-169.73
384,goal_04,colision_approach,110,-169.71
385,goal_04,colision_approach,110,-169.74
386,goal_04,colision_approach,109,-169.5
387,goal_04,colision_approach,111,-169.92
388,goal_04,colision_approach,110,-169.72
389,goal_04,colision_approach,110,-169.74
390,goal_04,colision_approach,109,-169.5
391,goal_04,colision_approach,111,-169.94
392,goal_04,colision_approach,109,-169.49
393,goal_04,colision_approach,111,-169.94
394,goal_04,colision_approach,109,-169.5
395,goal_04,colision_approach,111,-169.92
396,goal_04,colision_approach,110,-169.7
397,goal_04,colision_approach,111,-169.87
398,goal_04,colision_approach,111,-169.89
399,goal_04,colision_approach,111,-169.85
400,goal_04,colision_approach,111,-169.94
401,goal_05,exito,3211,583.5
402,goal_05,exito,3203,584.47
403,goal_05,exito,3208,583.07
404,goal_05,exito,3207,584.03
405,goal_05,exito,3212,580.97
406,goal_05,exito,3209,581.58
407,goal_05,exito,3212,583.38
408,goal_05,exito,3206,582.5
409,goal_05,exito,3215,580.47
410,goal_05,exito,3211,582.43
411,goal_05,exito,3208,583.08
412,goal_05,exito,3206,582.53
413,goal_05,exito,3211,582.53
414,goal_05,exito,3212,581.66
415,goal_05,exito,3211,582.7
416,goal_05,exito,3209,583.27
417,goal_05,exito,3208,582.43
418,goal_05,exito,3209,582.76
419,goal_05,exito,3209,582.91
420,goal_05,exito,3210,582.73
421,goal_05,exito,3209,581.91
422,goal_05,exito,3210,582.01
423,goal_05,exito,3205,584.31
424,goal_05,exito,3212,581.87
425,goal_05,exito,3206,583.45
426,goal_05,exito,3206,583.61
427,goal_05,exito,3210,582.97
428,goal_05,exito,3207,583.21
429,goal_05,exito,3209,583.84
430,goal_05,exito,3204,583.18
431,goal_05,exito,3212,582.8
432,goal_05,exito,3206,581.59
433,goal_05,exito,3209,580.54
434,goal_05,exito,3207,581.53
435,goal_05,exito,3206,582.52
436,goal_05,exito,3213,582.25
437,goal_05,exito,3205,582.7
438,goal_05,exito,3208,582.45
439,goal_05,exito,3209,583.21
440,goal_05,exito,3210,582.28
441,goal_05,exito,3207,583.17
442,goal_05,exito,3212,581.79
443,goal_05,exito,3209,582.44
444,goal_05,exito,3208,581.85
445,goal_05,exito,3209,583.07
446,goal_05,exito,3215,581.61
447,goal_05,exito,3210,582.48
448,goal_05,exito,3204,584.17
449,goal_05,exito,3207,583.02
450,goal_05,exito,3213,581.79
451,goal_05,exito,3206,582.37
452,goal_05,exito,3206,581.96
453,goal_05,exito,3204,582.42
454,goal_05,exito,3208,581.56
455,goal_05,exito,3205,582.41
456,goal_05,exito,3208,582.54
457,goal_05,exito,3205,583.28
458,goal_05,exito,3209,580.38
459,goal_05,exito,3209,581.93
460,goal_05,exito,3213,581.59
461,goal_05,exito,3207,582.31
462,goal_05,exito,3209,582.78
463,goal_05,exito,3209,582.69
464,goal_05,exito,3208,582.91
465,goal_05,exito,3210,583.02
466,goal_05,exito,3210,582.01
467,goal_05,exito,3207,581.17
468,goal_05,exito,3211,582.37
469,goal_05,exito,3211,582.32
470,goal_05,exito,3210,583.22
471,goal_05,exito,3204,583.45
472,goal_05,exito,3207,582.82
473,goal_05,exito,3207,582.01
474,goal_05,exito,3207,582.88
475,goal_05,exito,3205,584.72
476,goal_05,exito,3211,581.74
477,goal_05,exito,3209,582.64
478,goal_05,exito,3208,582.8
479,goal_05,exito,3206,583.81
480,goal_05,exito,3209,583.14
481,goal_05,exito,3207,582.07
482,goal_05,exito,3211,581.47
483,goal_05,exito,3209,584.05
484,goal_05,exito,3210,583.27
485,goal_05,exito,3206,582.21
486,goal_05,exito,3204,581.9
487,goal_05,exito,3210,583.01
488,goal_05,exito,3209,581.57
489,goal_05,exito,3205,582.56
490,goal_05,exito,3210,582.93
491,goal_05,exito,3213,581.25
492,goal_05,exito,3215,581.0
493,goal_05,exito,3208,583.03
494,goal_05,exito,3210,581.74
495,goal_05,exito,3208,583.29
496,goal_05,exito,3205,583.04
497,goal_05,exito,3208,582.25
498,goal_05,exito,3209,583.65
499,goal_05,exito,3212,579.24
500,goal_05,exito,3206,582.44
501,goal_06,exito,3195,580.39
502,goal_06,exito,3199,581.79
503,goal_06,exito,3194,580.27
504,goal_06,exito,3194,580.84
505,goal_06,exito,3199,580.53
506,goal_06,exito,3199,578.89
507,goal_06,exito,3199,581.05
508,goal_06,exito,3196,581.53
509,goal_06,exito,3197,581.18
510,goal_06,exito,3197,579.11
511,goal_06,exito,3197,580.25
512,goal_06,exito,3195,581.96
513,goal_06,exito,3195,581.47
514,goal_06,exito,3199,579.6
515,goal_06,exito,3193,582.69
516,goal_06,exito,3195,580.33
517,goal_06,exito,3197,581.48
518,goal_06,exito,3197,581.06
519,goal_06,exito,3196,580.35
520,goal_06,exito,3193,581.6
521,goal_06,exito,3191,582.0
522,goal_06,exito,3195,581.28
523,goal_06,exito,3192,581.56
524,goal_06,exito,3193,581.62
525,goal_06,exito,3197,581.04
526,goal_06,exito,3195,583.03
527,goal_06,exito,3195,581.39
528,goal_06,exito,3193,582.53
529,goal_06,exito,3195,582.64
530,goal_06,exito,3198,580.35
531,goal_06,exito,3198,581.28
532,goal_06,exito,3194,580.86
533,goal_06,exito,3193,582.34
534,goal_06,exito,3194,581.49
535,goal_06,exito,3191,581.95
536,goal_06,exito,3196,581.62
537,goal_06,exito,3194,581.64
538,goal_06,exito,3193,581.52
539,goal_06,exito,3194,581.14
540,goal_06,exito,3192,581.74
541,goal_06,exito,3194,580.91
542,goal_06,exito,3195,581.67
543,goal_06,exito,3197,580.83
544,goal_06,exito,3192,580.89
545,goal_06,exito,3193,581.58
546,goal_06,exito,3195,581.0
547,goal_06,exito,3197,581.84
548,goal_06,exito,3194,579.47
549,goal_06,exito,3194,580.41
550,goal_06,exito,3191,581.72
551,goal_06,exito,3193,581.24
552,goal_06,exito,3192,581.85
553,goal_06,exito,3194,581.73
554,goal_06,exito,3202,579.74
555,goal_06,exito,3193,580.77
556,goal_06,exito,3199,580.51
557,goal_06,exito,3193,581.77
558,goal_06,exito,3193,580.81
559,goal_06,exito,3193,581.31
560,goal_06,exito,3194,580.78
561,goal_06,exito,3195,581.59
562,goal_06,exito,3193,581.51
563,goal_06,exito,3199,581.86
564,goal_06,exito,3196,582.03
565,goal_06,exito,3194,579.82
566,goal_06,exito,3194,581.03
567,goal_06,exito,3196,581.78
568,goal_06,exito,3195,578.87
569,goal_06,exito,3194,580.55
570,goal_06,exito,3189,581.84
571,goal_06,exito,3199,580.83
572,goal_06,exito,3193,580.84
573,goal_06,exito,3195,580.82
574,goal_06,exito,3196,581.43
575,goal_06,exito,3196,582.35
576,goal_06,exito,3194,582.39
577,goal_06,exito,3190,581.37
578,goal_06,exito,3195,581.62
579,goal_06,exito,3193,581.84
580,goal_06,exito,3196,581.0
581,goal_06,exito,3192,581.93
582,goal_06,exito,3200,580.81
583,goal_06,exito,3197,581.65
584,goal_06,exito,3192,581.79
585,goal_06,exito,3193,581.8
586,goal_06,exito,3195,580.9
587,goal_06,exito,3193,580.99
588,goal_06,exito,3194,581.82
589,goal_06,exito,3197,580.35
590,goal_06,exito,3200,578.76
591,goal_06,exito,3197,582.66
592,goal_06,exito,3194,583.54
593,goal_06,exito,3192,581.46
594,goal_06,exito,3192,580.16
595,goal_06,exito,3193,582.19
596,goal_06,exito,3195,581.96
597,goal_06,exito,3194,582.46
598,goal_06,exito,3193,582.8
599,goal_06,exito,3199,580.18
600,goal_06,exito,3195,579.49
601,goal_07,exito,3123,570.14
602,goal_07,exito,3124,568.69
603,goal_07,exito,3126,569.95
604,goal_07,exito,3120,569.85
605,goal_07,exito,3122,570.66
606,goal_07,exito,3120,570.43
607,goal_07,exito,3126,570.46
608,goal_07,exito,3121,569.08
609,goal_07,exito,3121,567.19
610,goal_07,exito,3123,568.59
611,goal_07,exito,3128,568.27
612,goal_07,exito,3121,571.01
613,goal_07,exito,3120,571.33
614,goal_07,exito,3126,568.86
615,goal_07,exito,3122,569.42
616,goal_07,exito,3127,569.2
617,goal_07,exito,3121,568.6
618,goal_07,exito,3119,569.62
619,goal_07,exito,3122,570.14
620,goal_07,exito,3119,569.35
621,goal_07,exito,3124,569.65
622,goal_07,exito,3121,569.2
623,goal_07,exito,3125,570.04
624,goal_07,exito,3125,569.22
625,goal_07,exito,3123,568.4
626,goal_07,exito,3120,569.57
627,goal_07,exito,3123,569.19
628,goal_07,exito,3122,569.82
629,goal_07,exito,3123,569.09
630,goal_07,exito,3117,568.72
631,goal_07,exito,3122,570.36
632,goal_07,exito,3126,569.88
633,goal_07,exito,3118,569.78
634,goal_07,exito,3118,569.94
635,goal_07,exito,3123,569.32
636,goal_07,exito,3122,569.38
637,goal_07,exito,3125,569.24
638,goal_07,exito,3123,570.41
639,goal_07,exito,3125,567.44
640,goal_07,exito,3125,569.69
641,goal_07,exito,3125,569.88
642,goal_07,exito,3119,570.66
643,goal_07,exito,3113,569.58
644,goal_07,exito,3119,571.01
645,goal_07,exito,3123,568.74
646,goal_07,exito,3121,568.53
647,goal_07,exito,3117,569.61
648,goal_07,exito,3120,568.13
649,goal_07,exito,3123,569.65
650,goal_07,exito,3121,570.68
651,goal_07,exito,3126,569.87
652,goal_07,exito,3117,570.95
653,goal_07,exito,3121,569.85
654,goal_07,exito,3126,568.73
655,goal_07,exito,3121,570.35
656,goal_07,exito,3123,570.04
657,goal_07,exito,3118,567.61
658,goal_07,exito,3125,569.72
659,goal_07,exito,3123,569.87
660,goal_07,exito,3122,569.86
661,goal_07,exito,3123,567.53
662,goal_07,exito,3118,570.92
663,goal_07,exito,3124,568.17
664,goal_07,exito,3121,571.33
665,goal_07,exito,3124,568.94
666,goal_07,exito,3125,568.17
667,goal_07,exito,3126,566.86
668,goal_07,exito,3124,568.64
669,goal_07,exito,3119,571.2
670,goal_07,exito,3127,569.23
671,goal_07,exito,3121,569.75
672,goal_07,exito,3121,569.83
673,goal_07,exito,3122,570.51
674,goal_07,exito,3123,569.66
675,goal_07,exito,3127,569.22
676,goal_07,exito,3127,567.03
677,goal_07,exito,3118,569.48
678,goal_07,exito,3124,568.75
679,goal_07,exito,3121,569.81
680,goal_07,exito,3120,571.31
681,goal_07,exito,3120,570.41
682,goal_07,exito,3125,569.88
683,goal_07,exito,3125,569.89
684,goal_07,exito,3120,570.63
685,goal_07,exito,3125,569.7
686,goal_07,exito,3125,569.32
687,goal_07,exito,3124,569.74
688,goal_07,exito,3125,569.49
689,goal_07,exito,3125,567.94
690,goal_07,exito,3121,571.13
691,goal_07,exito,3120,569.94
692,goal_07,exito,3124,568.78
693,goal_07,exito,3117,570.75
694,goal_07,exito,3126,567.29
695,goal_07,exito,3119,570.6
696,goal_07,exito,3122,570.59
697,goal_07,exito,3122,569.07
698,goal_07,exito,3118,571.41
699,goal_07,exito,3118,571.85
700,goal_07,exito,3120,568.32
701,goal_08,truncado,6000,-0.87
702,goal_08,truncado,6000,-1.21
703,goal_08,truncado,6000,-0.84
704,goal_08,truncado,6000,-2.11
705,goal_08,truncado,6000,-1.67
706,goal_08,truncado,6000,-1.26
707,goal_08,truncado,6000,-1.6
708,goal_08,truncado,6000,-1.04
709,goal_08,truncado,6000,-1.56
710,goal_08,truncado,6000,-1.16
711,goal_08,truncado,6000,-1.34
712,goal_08,truncado,6000,-1.16
713,goal_08,truncado,6000,-1.64
714,goal_08,truncado,6000,-1.47
715,goal_08,truncado,6000,-0.97
716,goal_08,truncado,6000,-0.8
717,goal_08,truncado,6000,-0.79
718,goal_08,truncado,6000,-1.19
719,goal_08,truncado,6000,-1.36
720,goal_08,truncado,6000,-0.77
721,goal_08,truncado,6000,-1.32
722,goal_08,truncado,6000,-1.3
723,goal_08,truncado,6000,-2.02
724,goal_08,truncado,6000,-1.18
725,goal_08,truncado,6000,-1.8
726,goal_08,truncado,6000,-1.01
727,goal_08,truncado,6000,-1.47
728,goal_08,truncado,6000,-1.61
729,goal_08,truncado,6000,-1.92
730,goal_08,truncado,6000,-1.33
731,goal_08,truncado,6000,-1.25
732,goal_08,truncado,6000,-1.58
733,goal_08,truncado,6000,-0.94
734,goal_08,truncado,6000,-1.2
735,goal_08,truncado,6000,-2.62
736,goal_08,truncado,6000,-2.04
737,goal_08,truncado,6000,-2.03
738,goal_08,truncado,6000,-1.47
739,goal_08,truncado,6000,-1.4
740,goal_08,truncado,6000,-1.21
741,goal_08,truncado,6000,-0.73
742,goal_08,truncado,6000,-0.79
743,goal_08,truncado,6000,-1.47
744,goal_08,truncado,6000,-1.14
745,goal_08,truncado,6000,-1.49
746,goal_08,truncado,6000,-1.5
747,goal_08,truncado,6000,-1.19
748,goal_08,truncado,6000,-1.33
749,goal_08,truncado,6000,-1.22
750,goal_08,truncado,6000,-1.04
751,goal_08,truncado,6000,-1.66
752,goal_08,truncado,6000,-1.53
753,goal_08,truncado,6000,-1.63
754,goal_08,truncado,6000,-1.83
755,goal_08,truncado,6000,-1.63
756,goal_08,truncado,6000,-1.36
757,goal_08,truncado,6000,-1.08
758,goal_08,truncado,6000,-1.46
759,goal_08,truncado,6000,-1.78
760,goal_08,truncado,6000,-0.68
761,goal_08,truncado,6000,-1.43
762,goal_08,truncado,6000,-1.04
763,goal_08,truncado,6000,-1.1
764,goal_08,truncado,6000,-0.57
765,goal_08,truncado,6000,-1.02
766,goal_08,truncado,6000,-1.06
767,goal_08,truncado,6000,-1.32
768,goal_08,truncado,6000,-1.25
769,goal_08,truncado,6000,-1.17
770,goal_08,truncado,6000,-1.83
771,goal_08,truncado,6000,-1.97
772,goal_08,truncado,6000,-1.22
773,goal_08,truncado,6000,-1.8
774,goal_08,truncado,6000,-1.77
775,goal_08,truncado,6000,-1.17
776,goal_08,truncado,6000,-1.21
777,goal_08,truncado,6000,-1.92
778,goal_08,truncado,6000,-1.04
779,goal_08,truncado,6000,-1.91
780,goal_08,truncado,6000,-0.92
781,goal_08,truncado,6000,-0.9
782,goal_08,truncado,6000,-0.72
783,goal_08,truncado,6000,-0.79
784,goal_08,truncado,6000,-1.01
785,goal_08,truncado,6000,-1.52
786,goal_08,truncado,6000,-1.35
787,goal_08,truncado,6000,-1.47
788,goal_08,truncado,6000,-1.58
789,goal_08,truncado,6000,-0.97
790,goal_08,truncado,6000,-1.7
791,goal_08,truncado,6000,-1.65
792,goal_08,truncado,6000,-1.59
793,goal_08,truncado,6000,-1.01
794,goal_08,truncado,6000,-1.15
795,goal_08,truncado,6000,-1.13
796,goal_08,truncado,6000,-1.72
797,goal_08,truncado,6000,-1.48
798,goal_08,truncado,6000,-0.8
799,goal_08,truncado,6000,-1.16
800,goal_08,truncado,6000,-1.3
801,goal_09,truncado,6000,-7.79
802,goal_09,truncado,6000,-8.2
803,goal_09,truncado,6000,-8.1
804,goal_09,truncado,6000,-8.52
805,goal_09,truncado,6000,-7.65
806,goal_09,truncado,6000,-7.67
807,goal_09,truncado,6000,-8.77
808,goal_09,truncado,6000,-7.85
809,goal_09,truncado,6000,-8.65
810,goal_09,truncado,6000,-8.64
811,goal_09,truncado,6000,-8.44
812,goal_09,truncado,6000,-8.78
813,goal_09,truncado,6000,-7.72
814,goal_09,truncado,6000,-7.45
815,goal_09,truncado,6000,-7.78
816,goal_09,truncado,6000,-7.62
817,goal_09,truncado,6000,-8.45
818,goal_09,truncado,6000,-8.2
819,goal_09,truncado,6000,-7.79
820,goal_09,truncado,6000,-8.08
821,goal_09,truncado,6000,-8.28
822,goal_09,truncado,6000,-7.89
823,goal_09,truncado,6000,-8.82
824,goal_09,truncado,6000,-8.36
825,goal_09,truncado,6000,-8.07
826,goal_09,truncado,6000,-8.01
827,goal_09,truncado,6000,-8.6
828,goal_09,truncado,6000,-8.93
829,goal_09,truncado,6000,-8.33
830,goal_09,truncado,6000,-9.31
831,goal_09,truncado,6000,-8.33
832,goal_09,truncado,6000,-8.02
833,goal_09,truncado,6000,-8.92
834,goal_09,truncado,6000,-8.35
835,goal_09,truncado,6000,-8.34
836,goal_09,truncado,6000,-8.09
837,goal_09,truncado,6000,-8.25
838,goal_09,truncado,6000,-8.01
839,goal_09,truncado,6000,-8.82
840,goal_09,truncado,6000,-7.96
841,goal_09,truncado,6000,-8.03
842,goal_09,truncado,6000,-7.6
843,goal_09,truncado,6000,-8.18
844,goal_09,truncado,6000,-8.26
845,goal_09,truncado,6000,-9.28
846,goal_09,truncado,6000,-8.8
847,goal_09,truncado,6000,-8.2
848,goal_09,truncado,6000,-8.32
849,goal_09,truncado,6000,-8.08
850,goal_09,truncado,6000,-8.08
851,goal_09,truncado,6000,-7.78
852,goal_09,truncado,6000,-8.68
853,goal_09,truncado,6000,-8.67
854,goal_09,truncado,6000,-8.36
855,goal_09,truncado,6000,-8.0
856,goal_09,truncado,6000,-8.18
857,goal_09,truncado,6000,-8.34
858,goal_09,truncado,6000,-7.98
859,goal_09,truncado,6000,-8.12
860,goal_09,truncado,6000,-7.59
861,goal_09,truncado,6000,-8.0
862,goal_09,truncado,6000,-8.45
863,goal_09,truncado,6000,-8.13
864,goal_09,truncado,6000,-8.12
865,goal_09,truncado,6000,-9.94
866,goal_09,truncado,6000,-8.04
867,goal_09,truncado,6000,-8.36
868,goal_09,truncado,6000,-8.44
869,goal_09,truncado,6000,-7.8
870,goal_09,truncado,6000,-8.17
871,goal_09,truncado,6000,-8.38
872,goal_09,truncado,6000,-8.17
873,goal_09,truncado,6000,-7.67
874,goal_09,truncado,6000,-8.34
875,goal_09,truncado,6000,-8.16
876,goal_09,truncado,6000,-9.23
877,goal_09,truncado,6000,-7.9
878,goal_09,truncado,6000,-7.95
879,goal_09,truncado,6000,-8.24
880,goal_09,truncado,6000,-7.98
881,goal_09,truncado,6000,-8.26
882,goal_09,truncado,6000,-8.22
883,goal_09,truncado,6000,-8.78
884,goal_09,truncado,6000,-7.99
885,goal_09,truncado,6000,-7.89
886,goal_09,truncado,6000,-7.88
887,goal_09,truncado,6000,-7.74
888,goal_09,truncado,6000,-8.65
889,goal_09,truncado,6000,-8.92
890,goal_09,truncado,6000,-7.84
891,goal_09,truncado,6000,-8.71
892,goal_09,truncado,6000,-7.88
893,goal_09,truncado,6000,-8.26
894,goal_09,truncado,6000,-8.25
895,goal_09,truncado,6000,-7.59
896,goal_09,truncado,6000,-7.9
897,goal_09,truncado,6000,-7.99
898,goal_09,truncado,6000,-7.91
899,goal_09,truncado,6000,-8.41
900,goal_09,truncado,6000,-8.15
901,goal_10,truncado,6000,-25.04
902,goal_10,truncado,6000,-24.5
903,goal_10,truncado,6000,-24.64
904,goal_10,truncado,6000,-24.6
905,goal_10,truncado,6000,-24.46
906,goal_10,truncado,6000,-24.71
907,goal_10,truncado,6000,-24.47
908,goal_10,truncado,6000,-24.64
909,goal_10,truncado,6000,-24.23
910,goal_10,truncado,6000,-24.89
911,goal_10,truncado,6000,-24.66
912,goal_10,truncado,6000,-24.36
913,goal_10,truncado,6000,-24.64
914,goal_10,truncado,6000,-23.97
915,goal_10,truncado,6000,-24.43
916,goal_10,truncado,6000,-24.38
917,goal_10,truncado,6000,-24.51
918,goal_10,truncado,6000,-24.65
919,goal_10,truncado,6000,-25.02
920,goal_10,truncado,6000,-24.3
921,goal_10,truncado,6000,-24.63
922,goal_10,truncado,6000,-24.46
923,goal_10,truncado,6000,-25.26
924,goal_10,truncado,6000,-24.66
925,goal_10,truncado,6000,-24.12
926,goal_10,truncado,6000,-24.78
927,goal_10,truncado,6000,-24.93
928,goal_10,truncado,6000,-24.47
929,goal_10,truncado,6000,-24.71
930,goal_10,truncado,6000,-25.13
931,goal_10,truncado,6000,-24.47
932,goal_10,truncado,6000,-24.39
933,goal_10,truncado,6000,-24.57
934,goal_10,truncado,6000,-25.48
935,goal_10,truncado,6000,-24.71
936,goal_10,truncado,6000,-24.52
937,goal_10,truncado,6000,-25.04
938,goal_10,truncado,6000,-24.01
939,goal_10,truncado,6000,-24.5
940,goal_10,truncado,6000,-24.16
941,goal_10,truncado,6000,-24.86
942,goal_10,truncado,6000,-24.3
943,goal_10,truncado,6000,-24.36
944,goal_10,truncado,6000,-25.17
945,goal_10,truncado,6000,-24.37
946,goal_10,truncado,6000,-24.39
947,goal_10,truncado,6000,-24.49
948,goal_10,truncado,6000,-24.14
949,goal_10,truncado,6000,-24.06
950,goal_10,truncado,6000,-24.91
951,goal_10,truncado,6000,-25.12
952,goal_10,truncado,6000,-24.8
953,goal_10,truncado,6000,-24.52
954,goal_10,truncado,6000,-25.37
955,goal_10,truncado,6000,-25.14
956,goal_10,truncado,6000,-25.03
957,goal_10,truncado,6000,-24.15
958,goal_10,truncado,6000,-24.46
959,goal_10,truncado,6000,-24.32
960,goal_10,truncado,6000,-24.61
961,goal_10,truncado,6000,-24.9
962,goal_10,truncado,6000,-24.48
963,goal_10,truncado,6000,-24.78
964,goal_10,truncado,6000,-24.59
965,goal_10,truncado,6000,-24.81
966,goal_10,truncado,6000,-24.32
967,goal_10,truncado,6000,-24.9
968,goal_10,truncado,6000,-24.12
969,goal_10,truncado,6000,-24.18
970,goal_10,truncado,6000,-24.35
971,goal_10,truncado,6000,-24.94
972,goal_10,truncado,6000,-24.67
973,goal_10,truncado,6000,-25.05
974,goal_10,truncado,6000,-24.94
975,goal_10,truncado,6000,-24.55
976,goal_10,truncado,6000,-24.57
977,goal_10,truncado,6000,-24.78
978,goal_10,truncado,6000,-24.92
979,goal_10,truncado,6000,-24.15
980,goal_10,truncado,6000,-24.69
981,goal_10,truncado,6000,-24.17
982,goal_10,truncado,6000,-24.32
983,goal_10,truncado,6000,-24.7
984,goal_10,truncado,6000,-24.28
985,goal_10,truncado,6000,-24.81
986,goal_10,truncado,6000,-23.97
987,goal_10,truncado,6000,-24.2
988,goal_10,truncado,6000,-24.05
989,goal_10,truncado,6000,-24.59
990,goal_10,truncado,6000,-25.37
991,goal_10,truncado,6000,-24.6
992,goal_10,truncado,6000,-24.24
993,goal_10,truncado,6000,-24.67
994,goal_10,truncado,6000,-25.44
995,goal_10,truncado,6000,-24.09
996,goal_10,truncado,6000,-24.79
997,goal_10,truncado,6000,-24.74
998,goal_10,truncado,6000,-25.14
999,goal_10,truncado,6000,-25.1
1000,goal_10,truncado,6000,-24.7
1001,goal_11,colision_approach,160,-180.14
1002,goal_11,colision_approach,159,-180.02
1003,goal_11,colision_approach,159,-180.01
1004,goal_11,colision_approach,160,-180.16
1005,goal_11,colision_approach,159,-180.02
1006,goal_11,colision_approach,159,-180.02
1007,goal_11,colision_approach,159,-180.02
1008,goal_11,colision_approach,159,-180.02
1009,goal_11,colision_approach,159,-180.01
1010,goal_11,colision_approach,159,-180.02
1011,goal_11,colision_approach,159,-180.01
1012,goal_11,colision_approach,159,-180.02
1013,goal_11,colision_approach,160,-180.16
1014,goal_11,colision_approach,160,-180.17
1015,goal_11,colision_approach,159,-180.02
1016,goal_11,colision_approach,159,-180.03
1017,goal_11,colision_approach,159,-180.01
1018,goal_11,colision_approach,160,-180.16
1019,goal_11,colision_approach,159,-180.02
1020,goal_11,colision_approach,159,-180.03
1021,goal_11,colision_approach,159,-180.02
1022,goal_11,colision_approach,159,-180.01
1023,goal_11,colision_approach,159,-180.02
1024,goal_11,colision_approach,159,-180.02
1025,goal_11,colision_approach,159,-180.01
1026,goal_11,colision_approach,160,-180.16
1027,goal_11,colision_approach,159,-180.02
1028,goal_11,colision_approach,159,-180.01
1029,goal_11,colision_approach,159,-180.02
1030,goal_11,colision_approach,160,-180.15
1031,goal_11,colision_approach,160,-180.16
1032,goal_11,colision_approach,159,-180.01
1033,goal_11,colision_approach,160,-180.16
1034,goal_11,colision_approach,160,-180.16
1035,goal_11,colision_approach,160,-180.16
1036,goal_11,colision_approach,160,-180.16
1037,goal_11,colision_approach,159,-180.02
1038,goal_11,colision_approach,159,-180.02
1039,goal_11,colision_approach,159,-180.02
1040,goal_11,colision_approach,158,-179.87
1041,goal_11,colision_approach,160,-180.16
1042,goal_11,colision_approach,160,-180.16
1043,goal_11,colision_approach,159,-180.02
1044,goal_11,colision_approach,159,-180.02
1045,goal_11,colision_approach,159,-180.01
1046,goal_11,colision_approach,160,-180.17
1047,goal_11,colision_approach,159,-180.02
1048,goal_11,colision_approach,160,-180.16
1049,goal_11,colision_approach,160,-180.16
1050,goal_11,colision_approach,160,-180.15
1051,goal_11,colision_approach,160,-180.16
1052,goal_11,colision_approach,159,-180.02
1053,goal_11,colision_approach,159,-180.02
1054,goal_11,colision_approach,159,-180.01
1055,goal_11,colision_approach,160,-180.17
1056,goal_11,colision_approach,159,-180.02
1057,goal_11,colision_approach,159,-180.02
1058,goal_11,colision_approach,159,-180.02
1059,goal_11,colision_approach,160,-180.16
1060,goal_11,colision_approach,160,-180.16
1061,goal_11,colision_approach,159,-180.01
1062,goal_11,colision_approach,160,-180.15
1063,goal_11,colision_approach,160,-180.17
1064,goal_11,colision_approach,160,-180.16
1065,goal_11,colision_approach,160,-180.16
1066,goal_11,colision_approach,160,-180.16
1067,goal_11,colision_approach,160,-180.16
1068,goal_11,colision_approach,160,-180.16
1069,goal_11,colision_approach,159,-180.02
1070,goal_11,colision_approach,159,-180.02
1071,goal_11,colision_approach,159,-180.02
1072,goal_11,colision_approach,159,-180.02
1073,goal_11,colision_approach,159,-180.02
1074,goal_11,colision_approach,160,-180.16
1075,goal_11,colision_approach,160,-180.17
1076,goal_11,colision_approach,160,-180.15
1077,goal_11,colision_approach,160,-180.17
1078,goal_11,colision_approach,158,-179.87
1079,goal_11,colision_approach,160,-180.16
1080,goal_11,colision_approach,159,-180.02
1081,goal_11,colision_approach,160,-180.16
1082,goal_11,colision_approach,160,-180.16
1083,goal_11,colision_approach,159,-180.01
1084,goal_11,colision_approach,160,-180.16
1085,goal_11,colision_approach,159,-180.02
1086,goal_11,colision_approach,159,-180.02
1087,goal_11,colision_approach,159,-180.02
1088,goal_11,colision_approach,160,-180.16
1089,goal_11,colision_approach,160,-180.15
1090,goal_11,colision_approach,160,-180.16
1091,goal_11,colision_approach,158,-179.88
1092,goal_11,colision_approach,159,-180.02
1093,goal_11,colision_approach,159,-180.02
1094,goal_11,colision_approach,159,-180.02
1095,goal_11,colision_approach,159,-180.02
1096,goal_11,colision_approach,159,-180.03
1097,goal_11,colision_approach,159,-180.01
1098,goal_11,colision_approach,159,-180.02
1099,goal_11,colision_approach,160,-180.15
1100,goal_11,colision_approach,160,-180.17
1101,goal_12,colision_approach,159,-180.02
1102,goal_12,colision_approach,160,-180.16
1103,goal_12,colision_approach,160,-180.15
1104,goal_12,colision_approach,160,-180.17
1105,goal_12,colision_approach,159,-180.02
1106,goal_12,colision_approach,159,-180.01
1107,goal_12,colision_approach,160,-180.18
1108,goal_12,colision_approach,159,-180.02
1109,goal_12,colision_approach,159,-180.02
1110,goal_12,colision_approach,159,-180.01
1111,goal_12,colision_approach,160,-180.16
1112,goal_12,colision_approach,159,-180.01
1113,goal_12,colision_approach,159,-180.03
1114,goal_12,colision_approach,159,-180.01
1115,goal_12,colision_approach,160,-180.16
1116,goal_12,colision_approach,160,-180.15
1117,goal_12,colision_approach,160,-180.17
1118,goal_12,colision_approach,160,-180.16
1119,goal_12,colision_approach,160,-180.15
1120,goal_12,colision_approach,160,-180.17
1121,goal_12,colision_approach,160,-180.15
1122,goal_12,colision_approach,160,-180.17
1123,goal_12,colision_approach,159,-180.03
1124,goal_12,colision_approach,159,-180.01
1125,goal_12,colision_approach,159,-180.02
1126,goal_12,colision_approach,159,-180.01
1127,goal_12,colision_approach,160,-180.16
1128,goal_12,colision_approach,160,-180.16
1129,goal_12,colision_approach,159,-180.02
1130,goal_12,colision_approach,158,-179.87
1131,goal_12,colision_approach,160,-180.16
1132,goal_12,colision_approach,160,-180.15
1133,goal_12,colision_approach,160,-180.17
1134,goal_12,colision_approach,159,-180.02
1135,goal_12,colision_approach,160,-180.16
1136,goal_12,colision_approach,160,-180.15
1137,goal_12,colision_approach,160,-180.16
1138,goal_12,colision_approach,159,-180.01
1139,goal_12,colision_approach,160,-180.17
1140,goal_12,colision_approach,159,-180.03
1141,goal_12,colision_approach,159,-180.02
1142,goal_12,colision_approach,159,-180.02
1143,goal_12,colision_approach,159,-180.01
1144,goal_12,colision_approach,160,-180.16
1145,goal_12,colision_approach,159,-180.02
1146,goal_12,colision_approach,160,-180.16
1147,goal_12,colision_approach,159,-180.03
1148,goal_12,colision_approach,159,-180.02
1149,goal_12,colision_approach,159,-180.02
1150,goal_12,colision_approach,159,-180.01
1151,goal_12,colision_approach,160,-180.16
1152,goal_12,colision_approach,159,-180.01
1153,goal_12,colision_approach,160,-180.16
1154,goal_12,colision_approach,160,-180.15
1155,goal_12,colision_approach,160,-180.16
1156,goal_12,colision_approach,159,-180.01
1157,goal_12,colision_approach,160,-180.16
1158,goal_12,colision_approach,160,-180.16
1159,goal_12,colision_approach,159,-180.02
1160,goal_12,colision_approach,160,-180.16
1161,goal_12,colision_approach,159,-180.02
1162,goal_12,colision_approach,159,-180.03
1163,goal_12,colision_approach,159,-180.02
1164,goal_12,colision_approach,159,-180.02
1165,goal_12,colision_approach,159,-180.02
1166,goal_12,colision_approach,159,-180.02
1167,goal_12,colision_approach,159,-180.02
1168,goal_12,colision_approach,159,-180.02
1169,goal_12,colision_approach,159,-180.02
1170,goal_12,colision_approach,159,-180.01
1171,goal_12,colision_approach,159,-180.02
1172,goal_12,colision_approach,159,-180.03
1173,goal_12,colision_approach,159,-180.02
1174,goal_12,colision_approach,159,-180.02
1175,goal_12,colision_approach,159,-180.02
1176,goal_12,colision_approach,159,-180.02
1177,goal_12,colision_approach,159,-180.02
1178,goal_12,colision_approach,160,-180.17
1179,goal_12,colision_approach,159,-180.02
1180,goal_12,colision_approach,159,-180.02
1181,goal_12,colision_approach,160,-180.16
1182,goal_12,colision_approach,160,-180.16
1183,goal_12,colision_approach,159,-180.02
1184,goal_12,colision_approach,159,-180.03
1185,goal_12,colision_approach,159,-180.01
1186,goal_12,colision_approach,160,-180.16
1187,goal_12,colision_approach,159,-180.02
1188,goal_12,colision_approach,159,-180.02
1189,goal_12,colision_approach,160,-180.15
1190,goal_12,colision_approach,160,-180.17
1191,goal_12,colision_approach,159,-180.03
1192,goal_12,colision_approach,159,-180.02
1193,goal_12,colision_approach,159,-180.02
1194,goal_12,colision_approach,158,-179.87
1195,goal_12,colision_approach,159,-180.02
1196,goal_12,colision_approach,159,-180.01
1197,goal_12,colision_approach,160,-180.16
1198,goal_12,colision_approach,160,-180.16
1199,goal_12,colision_approach,159,-180.01
1200,goal_12,colision_approach,160,-180.16
1201,goal_13,colision_approach,160,-180.16
1202,goal_13,colision_approach,160,-180.15
1203,goal_13,colision_approach,160,-180.16
1204,goal_13,colision_approach,159,-180.01
1205,goal_13,colision_approach,160,-180.16
1206,goal_13,colision_approach,159,-180.02
1207,goal_13,colision_approach,160,-180.16
1208,goal_13,colision_approach,160,-180.15
1209,goal_13,colision_approach,160,-180.17
1210,goal_13,colision_approach,160,-180.16
1211,goal_13,colision_approach,160,-180.16
1212,goal_13,colision_approach,159,-180.01
1213,goal_13,colision_approach,159,-180.02
1214,goal_13,colision_approach,159,-180.02
1215,goal_13,colision_approach,159,-180.02
1216,goal_13,colision_approach,159,-180.01
1217,goal_13,colision_approach,159,-180.02
1218,goal_13,colision_approach,160,-180.16
1219,goal_13,colision_approach,160,-180.16
1220,goal_13,colision_approach,160,-180.16
1221,goal_13,colision_approach,159,-180.01
1222,goal_13,colision_approach,160,-180.16
1223,goal_13,colision_approach,160,-180.16
1224,goal_13,colision_approach,159,-180.02
1225,goal_13,colision_approach,159,-180.02
1226,goal_13,colision_approach,160,-180.16
1227,goal_13,colision_approach,160,-180.16
1228,goal_13,colision_approach,159,-180.02
1229,goal_13,colision_approach,159,-180.01
1230,goal_13,colision_approach,160,-180.16
1231,goal_13,colision_approach,160,-180.16
1232,goal_13,colision_approach,159,-180.02
1233,goal_13,colision_approach,159,-180.03
1234,goal_13,colision_approach,159,-180.02
1235,goal_13,colision_approach,159,-180.01
1236,goal_13,colision_approach,160,-180.16
1237,goal_13,colision_approach,159,-180.02
1238,goal_13,colision_approach,158,-179.88
1239,goal_13,colision_approach,159,-180.01
1240,goal_13,colision_approach,159,-180.02
1241,goal_13,colision_approach,159,-180.02
1242,goal_13,colision_approach,158,-179.87
1243,goal_13,colision_approach,160,-180.16
1244,goal_13,colision_approach,159,-180.02
1245,goal_13,colision_approach,160,-180.16
1246,goal_13,colision_approach,160,-180.16
1247,goal_13,colision_approach,160,-180.16
1248,goal_13,colision_approach,160,-180.16
1249,goal_13,colision_approach,159,-180.02
1250,goal_13,colision_approach,160,-180.16
1251,goal_13,colision_approach,160,-180.16
1252,goal_13,colision_approach,160,-180.15
1253,goal_13,colision_approach,160,-180.17
1254,goal_13,colision_approach,159,-180.01
1255,goal_13,colision_approach,160,-180.16
1256,goal_13,colision_approach,159,-180.02
1257,goal_13,colision_approach,158,-179.88
1258,goal_13,colision_approach,159,-180.02
1259,goal_13,colision_approach,159,-180.02
1260,goal_13,colision_approach,158,-179.87
1261,goal_13,colision_approach,159,-180.02
1262,goal_13,colision_approach,159,-180.01
1263,goal_13,colision_approach,159,-180.03
1264,goal_13,colision_approach,159,-180.01
1265,goal_13,colision_approach,161,-180.3
1266,goal_13,colision_approach,158,-179.87
1267,goal_13,colision_approach,159,-180.01
1268,goal_13,colision_approach,160,-180.16
1269,goal_13,colision_approach,159,-180.01
1270,goal_13,colision_approach,159,-180.02
1271,goal_13,colision_approach,159,-180.01
1272,goal_13,colision_approach,159,-180.03
1273,goal_13,colision_approach,159,-180.02
1274,goal_13,colision_approach,159,-180.02
1275,goal_13,colision_approach,159,-180.02
1276,goal_13,colision_approach,159,-180.02
1277,goal_13,colision_approach,159,-180.01
1278,goal_13,colision_approach,159,-180.02
1279,goal_13,colision_approach,159,-180.01
1280,goal_13,colision_approach,160,-180.15
1281,goal_13,colision_approach,160,-180.17
1282,goal_13,colision_approach,159,-180.02
1283,goal_13,colision_approach,160,-180.16
1284,goal_13,colision_approach,160,-180.16
1285,goal_13,colision_approach,160,-180.16
1286,goal_13,colision_approach,159,-180.02
1287,goal_13,colision_approach,159,-180.01
1288,goal_13,colision_approach,160,-180.17
1289,goal_13,colision_approach,158,-179.87
1290,goal_13,colision_approach,159,-180.02
1291,goal_13,colision_approach,159,-180.02
1292,goal_13,colision_approach,160,-180.15
1293,goal_13,colision_approach,160,-180.17
1294,goal_13,colision_approach,159,-180.03
1295,goal_13,colision_approach,159,-180.01
1296,goal_13,colision_approach,159,-180.02
1297,goal_13,colision_approach,159,-180.02
1298,goal_13,colision_approach,158,-179.88
1299,goal_13,colision_approach,159,-180.01
1300,goal_13,colision_approach,159,-180.03
1301,goal_14,exito,4238,617.84
1302,goal_14,exito,4222,619.93
1303,goal_14,exito,4237,618.28
1304,goal_14,exito,4246,617.23
1305,goal_14,exito,4234,619.27
1306,goal_14,exito,4236,619.52
1307,goal_14,exito,4224,619.74
1308,goal_14,exito,4231,618.77
1309,goal_14,exito,4233,618.15
1310,goal_14,exito,4231,619.76
1311,goal_14,exito,4234,619.23
1312,goal_14,exito,4246,618.52
1313,goal_14,exito,4239,617.78
1314,goal_14,exito,4232,620.0
1315,goal_14,exito,4242,618.09
1316,goal_14,exito,4223,619.77
1317,goal_14,exito,4228,619.23
1318,goal_14,exito,4237,617.83
1319,goal_14,exito,4235,617.35
1320,goal_14,exito,4228,618.86
1321,goal_14,exito,4228,618.98
1322,goal_14,exito,4227,619.68
1323,goal_14,exito,4240,617.95
1324,goal_14,exito,4230,618.68
1325,goal_14,exito,4240,617.59
1326,goal_14,exito,4237,618.7
1327,goal_14,exito,4230,619.15
1328,goal_14,exito,4234,618.66
1329,goal_14,exito,4243,618.45
1330,goal_14,exito,4241,618.66
1331,goal_14,exito,4218,620.12
1332,goal_14,exito,4230,619.25
1333,goal_14,exito,4234,619.35
1334,goal_14,exito,4235,620.69
1335,goal_14,exito,4225,619.9
1336,goal_14,exito,4234,617.42
1337,goal_14,exito,4239,620.25
1338,goal_14,exito,4240,617.47
1339,goal_14,exito,4226,620.68
1340,goal_14,exito,4223,618.35
1341,goal_14,exito,4244,618.24
1342,goal_14,exito,4229,618.56
1343,goal_14,exito,4237,616.98
1344,goal_14,exito,4227,620.3
1345,goal_14,exito,4226,620.69
1346,goal_14,exito,4242,619.26
1347,goal_14,exito,4240,617.32
1348,goal_14,exito,4243,618.8
1349,goal_14,exito,4236,618.43
1350,goal_14,exito,4232,618.66
1351,goal_14,exito,4236,618.98
1352,goal_14,exito,4233,619.35
1353,goal_14,exito,4239,618.79
1354,goal_14,exito,4238,619.88
1355,goal_14,exito,4242,617.5
1356,goal_14,exito,4224,619.07
1357,goal_14,exito,4228,618.94
1358,goal_14,exito,4223,619.52
1359,goal_14,exito,4239,618.16
1360,goal_14,exito,4235,619.41
1361,goal_14,exito,4232,621.01
1362,goal_14,exito,4234,619.58
1363,goal_14,exito,4229,617.57
1364,goal_14,exito,4221,621.26
1365,goal_14,exito,4237,618.19
1366,goal_14,exito,4240,618.21
1367,goal_14,exito,4220,618.05
1368,goal_14,exito,4233,617.93
1369,goal_14,exito,4228,617.16
1370,goal_14,exito,4227,619.34
1371,goal_14,exito,4231,619.46
1372,goal_14,exito,4243,617.81
1373,goal_14,exito,4234,619.34
1374,goal_14,exito,4238,619.63
1375,goal_14,exito,4234,619.85
1376,goal_14,exito,4232,619.87
1377,goal_14,exito,4237,618.72
1378,goal_14,exito,4232,620.18
1379,goal_14,exito,4232,618.43
1380,goal_14,exito,4238,618.0
1381,goal_14,exito,4240,618.46
1382,goal_14,exito,4241,618.77
1383,goal_14,exito,4223,619.89
1384,goal_14,exito,4232,620.04
1385,goal_14,exito,4225,620.08
1386,goal_14,exito,4228,620.73
1387,goal_14,exito,4249,617.61
1388,goal_14,exito,4229,618.9
1389,goal_14,exito,4228,618.63
1390,goal_14,exito,4236,618.74
1391,goal_14,exito,4220,620.21
1392,goal_14,exito,4230,620.55
1393,goal_14,exito,4232,619.68
1394,goal_14,exito,4224,618.42
1395,goal_14,exito,4229,618.18
1396,goal_14,exito,4231,619.18
1397,goal_14,exito,4223,619.84
1398,goal_14,exito,4232,618.55
1399,goal_14,exito,4232,618.18
1400,goal_14,exito,4241,618.52
1401,goal_15,exito,4049,597.36
1402,goal_15,exito,4045,598.49
1403,goal_15,exito,4051,597.46
1404,goal_15,exito,4043,597.55
1405,goal_15,exito,4056,596.87
1406,goal_15,exito,4066,597.62
1407,goal_15,exito,4050,597.13
1408,goal_15,exito,4055,596.72
1409,goal_15,exito,4040,599.13
1410,goal_15,exito,4060,598.12
1411,goal_15,exito,4044,598.57
1412,goal_15,exito,4050,599.34
1413,goal_15,exito,4052,598.04
1414,goal_15,exito,4049,597.46
1415,goal_15,exito,4034,598.66
1416,goal_15,exito,4062,595.86
1417,goal_15,exito,4046,597.8
1418,goal_15,exito,4060,595.88
1419,goal_15,exito,4043,599.33
1420,goal_15,exito,4061,595.41
1421,goal_15,exito,4032,598.81
1422,goal_15,exito,4050,596.92
1423,goal_15,exito,4042,596.65
1424,goal_15,exito,4046,598.44
1425,goal_15,exito,4043,597.8
1426,goal_15,exito,4049,595.88
1427,goal_15,exito,4053,599.19
1428,goal_15,exito,4059,597.43
1429,goal_15,exito,4059,597.78
1430,goal_15,exito,4049,597.44
1431,goal_15,exito,4056,597.08
1432,goal_15,exito,4044,597.74
1433,goal_15,exito,4052,597.66
1434,goal_15,exito,4039,597.87
1435,goal_15,exito,4049,598.2
1436,goal_15,exito,4047,597.46
1437,goal_15,exito,4046,598.57
1438,goal_15,exito,4059,598.18
1439,goal_15,exito,4051,598.03
1440,goal_15,exito,4055,597.4
1441,goal_15,exito,4051,597.89
1442,goal_15,exito,4046,597.42
1443,goal_15,exito,4045,598.39
1444,goal_15,exito,4050,598.46
1445,goal_15,exito,4052,596.54
1446,goal_15,exito,4041,599.31
1447,goal_15,exito,4059,597.75
1448,goal_15,exito,4063,598.14
1449,goal_15,exito,4046,597.89
1450,goal_15,exito,4051,598.56
1451,goal_15,exito,4056,597.5
1452,goal_15,exito,4053,597.51
1453,goal_15,exito,4053,596.44
1454,goal_15,exito,4052,597.31
1455,goal_15,exito,4046,597.95
1456,goal_15,exito,4045,597.71
1457,goal_15,exito,4038,598.57
1458,goal_15,exito,4062,597.66
1459,goal_15,exito,4051,597.06
1460,goal_15,exito,4055,597.48
1461,goal_15,exito,4064,598.25
1462,goal_15,exito,4050,597.8
1463,goal_15,exito,4042,598.16
1464,goal_15,exito,4042,597.36
1465,goal_15,exito,4058,597.42
1466,goal_15,exito,4049,598.04
1467,goal_15,exito,4059,598.2
1468,goal_15,exito,4042,599.08
1469,goal_15,exito,4070,598.16
1470,goal_15,exito,4064,597.75
1471,goal_15,exito,4056,598.4
1472,goal_15,exito,4059,597.6
1473,goal_15,exito,4050,598.35
1474,goal_15,exito,4048,597.82
1475,goal_15,exito,4047,598.54
1476,goal_15,exito,4059,596.71
1477,goal_15,exito,4050,597.02
1478,goal_15,exito,4044,597.97
1479,goal_15,exito,4046,596.54
1480,goal_15,exito,4047,597.23
1481,goal_15,exito,4053,597.24
1482,goal_15,exito,4051,595.57
1483,goal_15,exito,4038,597.52
1484,goal_15,exito,4056,597.55
1485,goal_15,exito,4053,599.35
1486,goal_15,exito,4053,598.65
1487,goal_15,exito,4051,598.41
1488,goal_15,exito,4045,598.39
1489,goal_15,exito,4038,598.42
1490,goal_15,exito,4050,596.87
1491,goal_15,exito,4052,597.86
1492,goal_15,exito,4062,598.25
1493,goal_15,exito,4052,598.42
1494,goal_15,exito,4063,597.23
1495,goal_15,exito,4045,597.23
1496,goal_15,exito,4048,595.98
1497,goal_15,exito,4046,598.2
1498,goal_15,exito,4061,597.55
1499,goal_15,exito,4050,598.37
1500,goal_15,exito,4046,598.19
1501,goal_16,truncado,6000,-13.8
1502,goal_16,truncado,6000,-12.94
1503,goal_16,truncado,6000,-13.05
1504,goal_16,truncado,6000,-13.24
1505,goal_16,truncado,6000,-13.13
1506,goal_16,truncado,6000,-13.21
1507,goal_16,truncado,6000,-13.46
1508,goal_16,truncado,6000,-13.0
1509,goal_16,truncado,6000,-12.98
1510,goal_16,truncado,6000,-13.21
1511,goal_16,truncado,6000,-13.3
1512,goal_16,truncado,6000,-13.0
1513,goal_16,truncado,6000,-13.58
1514,goal_16,truncado,6000,-13.27
1515,goal_16,truncado,6000,-13.3
1516,goal_16,truncado,6000,-13.4
1517,goal_16,truncado,6000,-12.99
1518,goal_16,truncado,6000,-13.51
1519,goal_16,truncado,6000,-13.42
1520,goal_16,truncado,6000,-12.99
1521,goal_16,truncado,6000,-12.85
1522,goal_16,truncado,6000,-13.42
1523,goal_16,truncado,6000,-13.05
1524,goal_16,truncado,6000,-13.08
1525,goal_16,truncado,6000,-13.23
1526,goal_16,truncado,6000,-13.32
1527,goal_16,truncado,6000,-13.57
1528,goal_16,truncado,6000,-13.36
1529,goal_16,truncado,6000,-13.47
1530,goal_16,truncado,6000,-13.36
1531,goal_16,truncado,6000,-13.56
1532,goal_16,truncado,6000,-13.31
1533,goal_16,truncado,6000,-12.96
1534,goal_16,truncado,6000,-13.3
1535,goal_16,truncado,6000,-13.7
1536,goal_16,truncado,6000,-13.28
1537,goal_16,truncado,6000,-13.36
1538,goal_16,truncado,6000,-12.82
1539,goal_16,truncado,6000,-13.58
1540,goal_16,truncado,6000,-13.18
1541,goal_16,truncado,6000,-13.11
1542,goal_16,truncado,6000,-13.3
1543,goal_16,truncado,6000,-13.26
1544,goal_16,truncado,6000,-13.39
1545,goal_16,truncado,6000,-13.3
1546,goal_16,truncado,6000,-13.04
1547,goal_16,truncado,6000,-13.6
1548,goal_16,truncado,6000,-13.36
1549,goal_16,truncado,6000,-13.06
1550,goal_16,truncado,6000,-13.66
1551,goal_16,truncado,6000,-14.0
1552,goal_16,truncado,6000,-13.25
1553,goal_16,truncado,6000,-13.41
1554,goal_16,truncado,6000,-13.41
1555,goal_16,truncado,6000,-13.61
1556,goal_16,truncado,6000,-13.63
1557,goal_16,truncado,6000,-13.17
1558,goal_16,truncado,6000,-13.12
1559,goal_16,truncado,6000,-13.29
1560,goal_16,truncado,6000,-13.75
1561,goal_16,truncado,6000,-12.73
1562,goal_16,truncado,6000,-12.94
1563,goal_16,truncado,6000,-13.37
1564,goal_16,truncado,6000,-13.36
1565,goal_16,truncado,6000,-12.95
1566,goal_16,truncado,6000,-13.36
1567,goal_16,truncado,6000,-13.11
1568,goal_16,truncado,6000,-13.46
1569,goal_16,truncado,6000,-13.42
1570,goal_16,truncado,6000,-13.25
1571,goal_16,truncado,6000,-13.41
1572,goal_16,truncado,6000,-13.08
1573,goal_16,truncado,6000,-12.91
1574,goal_16,truncado,6000,-12.82
1575,goal_16,truncado,6000,-13.66
1576,goal_16,truncado,6000,-13.36
1577,goal_16,truncado,6000,-13.66
1578,goal_16,truncado,6000,-13.81
1579,goal_16,truncado,6000,-13.31
1580,goal_16,truncado,6000,-13.31
1581,goal_16,truncado,6000,-13.48
1582,goal_16,truncado,6000,-13.43
1583,goal_16,truncado,6000,-12.92
1584,goal_16,truncado,6000,-13.02
1585,goal_16,truncado,6000,-13.7
1586,goal_16,truncado,6000,-13.34
1587,goal_16,truncado,6000,-13.57
1588,goal_16,truncado,6000,-13.13
1589,goal_16,truncado,6000,-13.5
1590,goal_16,truncado,6000,-13.43
1591,goal_16,truncado,6000,-13.47
1592,goal_16,truncado,6000,-13.33
1593,goal_16,truncado,6000,-13.57
1594,goal_16,truncado,6000,-13.23
1595,goal_16,truncado,6000,-13.61
1596,goal_16,truncado,6000,-13.48
1597,goal_16,truncado,6000,-13.64
1598,goal_16,truncado,6000,-13.65
1599,goal_16,truncado,6000,-13.5
1600,goal_16,truncado,6000,-13.06
1601,goal_17,exito,3945,620.92
1602,goal_17,exito,3949,622.05
1603,goal_17,exito,3960,622.22
1604,goal_17,exito,3949,621.44
1605,goal_17,exito,3950,622.56
1606,goal_17,exito,3947,621.68
1607,goal_17,exito,3946,621.78
1608,goal_17,exito,3952,620.04
1609,goal_17,exito,3948,621.27
1610,goal_17,exito,3951,622.12
1611,goal_17,exito,3946,621.99
1612,goal_17,exito,3953,622.01
1613,goal_17,exito,3955,620.93
1614,goal_17,exito,3951,621.35
1615,goal_17,exito,3951,621.53
1616,goal_17,exito,3952,621.77
1617,goal_17,exito,3945,621.54
1618,goal_17,exito,3951,620.56
1619,goal_17,exito,3952,621.64
1620,goal_17,exito,3956,620.76
1621,goal_17,exito,3951,621.25
1622,goal_17,exito,3955,621.39
1623,goal_17,exito,3957,619.95
1624,goal_17,exito,3958,619.58
1625,goal_17,exito,3954,621.69
1626,goal_17,exito,3948,620.96
1627,goal_17,exito,3952,621.76
1628,goal_17,exito,3957,621.2
1629,goal_17,exito,3950,621.18
1630,goal_17,exito,3948,620.88
1631,goal_17,exito,3952,622.06
1632,goal_17,exito,3952,620.72
1633,goal_17,exito,3946,621.62
1634,goal_17,exito,3952,621.01
1635,goal_17,exito,3951,621.43
1636,goal_17,exito,3958,621.63
1637,goal_17,exito,3951,620.46
1638,goal_17,exito,3948,621.67
1639,goal_17,exito,3951,621.56
1640,goal_17,exito,3952,621.72
1641,goal_17,exito,3957,621.73
1642,goal_17,exito,3948,621.57
1643,goal_17,exito,3947,621.77
1644,goal_17,exito,3951,621.2
1645,goal_17,exito,3950,621.71
1646,goal_17,exito,3951,622.73
1647,goal_17,exito,3955,620.05
1648,goal_17,exito,3950,621.39
1649,goal_17,exito,3951,621.27
1650,goal_17,exito,3955,620.73
1651,goal_17,exito,3950,621.46
1652,goal_17,exito,3953,620.74
1653,goal_17,exito,3951,621.38
1654,goal_17,exito,3951,620.9
1655,goal_17,exito,3954,620.41
1656,goal_17,exito,3947,621.56
1657,goal_17,exito,3949,620.65
1658,goal_17,exito,3950,620.69
1659,goal_17,exito,3945,621.03
1660,goal_17,exito,3952,620.96
1661,goal_17,exito,3950,621.38
1662,goal_17,exito,3957,620.72
1663,goal_17,exito,3949,622.37
1664,goal_17,exito,3954,621.7
1665,goal_17,exito,3950,619.68
1666,goal_17,exito,3955,619.82
1667,goal_17,exito,3948,621.98
1668,goal_17,exito,3959,621.82
1669,goal_17,exito,3949,621.76
1670,goal_17,exito,3963,620.22
1671,goal_17,exito,3945,620.39
1672,goal_17,exito,3949,621.79
1673,goal_17,exito,3952,621.4
1674,goal_17,exito,3946,619.88
1675,goal_17,exito,3952,620.89
1676,goal_17,exito,3951,622.39
1677,goal_17,exito,3952,621.72
1678,goal_17,exito,3952,620.54
1679,goal_17,exito,3953,620.05
1680,goal_17,exito,3959,620.07
1681,goal_17,exito,3953,620.92
1682,goal_17,exito,3950,621.28
1683,goal_17,exito,3945,621.62
1684,goal_17,exito,3952,622.43
1685,goal_17,exito,3959,618.47
1686,goal_17,exito,3950,621.99
1687,goal_17,exito,3952,621.96
1688,goal_17,exito,3962,620.86
1689,goal_17,exito,3950,622.28
1690,goal_17,exito,3948,622.04
1691,goal_17,exito,3952,621.08
1692,goal_17,exito,3953,620.73
1693,goal_17,exito,3958,620.03
1694,goal_17,exito,3958,618.83
1695,goal_17,exito,3958,619.58
1696,goal_17,exito,3950,622.31
1697,goal_17,exito,3953,622.76
1698,goal_17,exito,3958,620.06
1699,goal_17,exito,3949,619.5
1700,goal_17,exito,3959,620.65
1701,goal_18,exito,3898,609.45
1702,goal_18,exito,3894,608.57
1703,goal_18,exito,3891,610.24
1704,goal_18,exito,3893,609.82
1705,goal_18,exito,3883,610.23
1706,goal_18,exito,3893,608.72
1707,goal_18,exito,3891,610.07
1708,goal_18,exito,3898,607.38
1709,goal_18,exito,3894,609.99
1710,goal_18,exito,3892,609.46
1711,goal_18,exito,3894,609.6
1712,goal_18,exito,3899,609.33
1713,goal_18,exito,3887,610.27
1714,goal_18,exito,3891,610.75
1715,goal_18,exito,3890,611.04
1716,goal_18,exito,3896,609.0
1717,goal_18,exito,3896,608.67
1718,goal_18,exito,3893,610.35
1719,goal_18,exito,3891,608.82
1720,goal_18,exito,3889,610.55
1721,goal_18,exito,3890,607.4
1722,goal_18,exito,3891,609.9
1723,goal_18,exito,3890,609.34
1724,goal_18,exito,3893,609.57
1725,goal_18,exito,3888,610.4
1726,goal_18,exito,3888,609.99
1727,goal_18,exito,3888,610.14
1728,goal_18,exito,3890,609.33
1729,goal_18,exito,3892,610.61
1730,goal_18,exito,3892,608.48
1731,goal_18,exito,3895,610.15
1732,goal_18,exito,3885,611.05
1733,goal_18,exito,3890,611.03
1734,goal_18,exito,3889,609.19
1735,goal_18,exito,3887,609.56
1736,goal_18,exito,3892,609.74
1737,goal_18,exito,3896,608.15
1738,goal_18,exito,3891,611.01
1739,goal_18,exito,3895,608.52
1740,goal_18,exito,3898,609.97
1741,goal_18,exito,3892,609.88
1742,goal_18,exito,3896,609.78
1743,goal_18,exito,3893,610.86
1744,goal_18,exito,3888,609.48
1745,goal_18,exito,3893,609.61
1746,goal_18,exito,3898,610.62
1747,goal_18,exito,3898,608.92
1748,goal_18,exito,3897,609.46
1749,goal_18,exito,3901,609.13
1750,goal_18,exito,3895,609.62
1751,goal_18,exito,3891,610.34
1752,goal_18,exito,3888,609.63
1753,goal_18,exito,3886,610.05
1754,goal_18,exito,3893,610.6
1755,goal_18,exito,3898,611.39
1756,goal_18,exito,3898,609.71
1757,goal_18,exito,3891,611.0
1758,goal_18,exito,3899,610.11
1759,goal_18,exito,3888,609.89
1760,goal_18,exito,3893,609.68
1761,goal_18,exito,3893,608.41
1762,goal_18,exito,3901,608.64
1763,goal_18,exito,3898,610.18
1764,goal_18,exito,3898,610.04
1765,goal_18,exito,3893,610.76
1766,goal_18,exito,3895,610.37
1767,goal_18,exito,3896,609.31
1768,goal_18,exito,3897,610.44
1769,goal_18,exito,3897,610.51
1770,goal_18,exito,3890,610.1
1771,goal_18,exito,3889,610.3
1772,goal_18,exito,3897,608.26
1773,goal_18,exito,3891,610.1
1774,goal_18,exito,3894,608.68
1775,goal_18,exito,3896,608.92
1776,goal_18,exito,3894,610.71
1777,goal_18,exito,3892,608.19
1778,goal_18,exito,3892,609.18
1779,goal_18,exito,3886,609.67
1780,goal_18,exito,3892,609.05
1781,goal_18,exito,3892,609.58
1782,goal_18,exito,3894,608.99
1783,goal_18,exito,3890,609.51
1784,goal_18,exito,3888,609.74
1785,goal_18,exito,3889,609.7
1786,goal_18,exito,3893,609.96
1787,goal_18,exito,3894,609.42
1788,goal_18,exito,3890,609.07
1789,goal_18,exito,3901,608.52
1790,goal_18,exito,3886,610.06
1791,goal_18,exito,3894,610.1
1792,goal_18,exito,3895,608.97
1793,goal_18,exito,3886,609.75
1794,goal_18,exito,3893,608.85
1795,goal_18,exito,3892,611.2
1796,goal_18,exito,3899,609.84
1797,goal_18,exito,3892,610.56
1798,goal_18,exito,3886,609.91
1799,goal_18,exito,3889,609.73
1800,goal_18,exito,3898,610.13
1801,goal_19,exito,3703,584.94
1802,goal_19,exito,3702,586.09
1803,goal_19,exito,3701,585.98
1804,goal_19,exito,3714,585.7
1805,goal_19,exito,3702,586.54
1806,goal_19,exito,3700,585.71
1807,goal_19,exito,3703,587.24
1808,goal_19,exito,3709,585.45
1809,goal_19,exito,3689,586.74
1810,goal_19,exito,3698,586.08
1811,goal_19,exito,3703,584.92
1812,goal_19,exito,3704,586.37
1813,goal_19,exito,3703,586.54
1814,goal_19,exito,3706,585.61
1815,goal_19,exito,3704,585.05
1816,goal_19,exito,3705,585.3
1817,goal_19,exito,3709,585.36
1818,goal_19,exito,3710,585.9
1819,goal_19,exito,3707,584.95
1820,goal_19,exito,3706,585.8
1821,goal_19,exito,3696,585.72
1822,goal_19,exito,3703,584.92
1823,goal_19,exito,3707,585.27
1824,goal_19,exito,3695,586.18
1825,goal_19,exito,3708,585.18
1826,goal_19,exito,3691,585.21
1827,goal_19,exito,3695,587.11
1828,goal_19,exito,3697,585.07
1829,goal_19,exito,3709,585.33
1830,goal_19,exito,3696,585.61
1831,goal_19,exito,3704,586.04
1832,goal_19,exito,3703,585.33
1833,goal_19,exito,3710,585.43
1834,goal_19,exito,3695,586.65
1835,goal_19,exito,3695,586.07
1836,goal_19,exito,3710,586.19
1837,goal_19,exito,3705,586.8
1838,goal_19,exito,3712,585.48
1839,goal_19,exito,3704,585.18
1840,goal_19,exito,3704,584.47
1841,goal_19,exito,3700,587.05
1842,goal_19,exito,3696,585.75
1843,goal_19,exito,3695,586.48
1844,goal_19,exito,3696,586.18
1845,goal_19,exito,3701,586.16
1846,goal_19,exito,3701,584.67
1847,goal_19,exito,3699,584.45
1848,goal_19,exito,3707,585.67
1849,goal_19,exito,3703,586.64
1850,goal_19,exito,3703,585.44
1851,goal_19,exito,3711,586.34
1852,goal_19,exito,3707,586.01
1853,goal_19,exito,3707,585.92
1854,goal_19,exito,3701,584.97
1855,goal_19,exito,3707,586.92
1856,goal_19,exito,3701,586.3
1857,goal_19,exito,3694,584.41
1858,goal_19,exito,3706,585.76
1859,goal_19,exito,3704,585.65
1860,goal_19,exito,3706,586.16
1861,goal_19,exito,3705,585.71
1862,goal_19,exito,3707,585.57
1863,goal_19,exito,3706,585.23
1864,goal_19,exito,3709,585.74
1865,goal_19,exito,3702,586.15
1866,goal_19,exito,3691,585.39
1867,goal_19,exito,3706,585.14
1868,goal_19,exito,3709,586.08
1869,goal_19,exito,3695,586.13
1870,goal_19,exito,3711,585.25
1871,goal_19,exito,3711,584.47
1872,goal_19,exito,3703,585.59
1873,goal_19,exito,3699,585.43
1874,goal_19,exito,3697,585.81
1875,goal_19,exito,3712,585.63
1876,goal_19,exito,3693,584.85
1877,goal_19,exito,3707,586.82
1878,goal_19,exito,3692,586.17
1879,goal_19,exito,3697,585.24
1880,goal_19,exito,3704,585.99
1881,goal_19,exito,3694,585.23
1882,goal_19,exito,3697,586.92
1883,goal_19,exito,3707,586.06
1884,goal_19,exito,3698,585.67
1885,goal_19,exito,3703,584.2
1886,goal_19,exito,3699,586.37
1887,goal_19,exito,3696,587.17
1888,goal_19,exito,3699,585.39
1889,goal_19,exito,3706,585.72
1890,goal_19,exito,3702,585.42
1891,goal_19,exito,3713,585.86
1892,goal_19,exito,3710,585.86
1893,goal_19,exito,3699,585.28
1894,goal_19,exito,3705,586.66
1895,goal_19,exito,3692,586.64
1896,goal_19,exito,3701,584.92
1897,goal_19,exito,3691,585.61
1898,goal_19,exito,3693,586.38
1899,goal_19,exito,3705,585.3
1900,goal_19,exito,3705,585.36
1901,goal_20,truncado,6000,59.72
1902,goal_20,truncado,6000,57.63
1903,goal_20,truncado,6000,59.13
1904,goal_20,truncado,6000,59.24
1905,goal_20,truncado,6000,58.14
1906,goal_20,truncado,6000,59.83
1907,goal_20,truncado,6000,58.58
1908,goal_20,truncado,6000,58.47
1909,goal_20,truncado,6000,58.26
1910,goal_20,truncado,6000,58.88
1911,goal_20,truncado,6000,58.67
1912,goal_20,truncado,6000,59.46
1913,goal_20,truncado,6000,59.37
1914,goal_20,truncado,6000,58.9
1915,goal_20,truncado,6000,57.61
1916,goal_20,truncado,6000,59.05
1917,goal_20,truncado,6000,59.18
1918,goal_20,truncado,6000,58.73
1919,goal_20,truncado,6000,58.56
1920,goal_20,truncado,6000,57.9
1921,goal_20,truncado,6000,59.66
1922,goal_20,truncado,6000,58.5
1923,goal_20,truncado,6000,57.21
1924,goal_20,truncado,6000,58.28
1925,goal_20,truncado,6000,58.97
1926,goal_20,truncado,6000,59.79
1927,goal_20,truncado,6000,57.19
1928,goal_20,truncado,6000,59.1
1929,goal_20,truncado,6000,59.24
1930,goal_20,truncado,6000,58.92
1931,goal_20,truncado,6000,58.83
1932,goal_20,truncado,6000,58.54
1933,goal_20,truncado,6000,58.14
1934,goal_20,truncado,6000,59.23
1935,goal_20,truncado,6000,59.24
1936,goal_20,truncado,6000,59.53
1937,goal_20,truncado,6000,58.61
1938,goal_20,truncado,6000,59.35
1939,goal_20,truncado,6000,59.29
1940,goal_20,truncado,6000,58.86
1941,goal_20,truncado,6000,59.43
1942,goal_20,truncado,6000,58.71
1943,goal_20,truncado,6000,59.12
1944,goal_20,truncado,6000,57.38
1945,goal_20,truncado,6000,58.49
1946,goal_20,truncado,6000,58.27
1947,goal_20,truncado,6000,59.14
1948,goal_20,truncado,6000,58.6
1949,goal_20,truncado,6000,58.63
1950,goal_20,truncado,6000,57.95
1951,goal_20,truncado,6000,57.37
1952,goal_20,truncado,6000,58.41
1953,goal_20,truncado,6000,59.48
1954,goal_20,truncado,6000,59.47
1955,goal_20,truncado,6000,59.34
1956,goal_20,truncado,6000,58.58
1957,goal_20,truncado,6000,59.19
1958,goal_20,truncado,6000,59.31
1959,goal_20,truncado,6000,59.41
1960,goal_20,truncado,6000,58.61
1961,goal_20,truncado,6000,59.18
1962,goal_20,truncado,6000,58.04
1963,goal_20,truncado,6000,58.92
1964,goal_20,truncado,6000,59.52
1965,goal_20,truncado,6000,58.73
1966,goal_20,truncado,6000,58.92
1967,goal_20,truncado,6000,58.98
1968,goal_20,truncado,6000,58.65
1969,goal_20,truncado,6000,58.74
1970,goal_20,truncado,6000,58.57
1971,goal_20,truncado,6000,59.49
1972,goal_20,truncado,6000,58.16
1973,goal_20,truncado,6000,59.94
1974,goal_20,truncado,6000,59.26
1975,goal_20,truncado,6000,58.12
1976,goal_20,truncado,6000,58.18
1977,goal_20,truncado,6000,58.32
1978,goal_20,truncado,6000,58.31
1979,goal_20,truncado,6000,58.04
1980,goal_20,truncado,6000,59.25
1981,goal_20,truncado,6000,58.72
1982,goal_20,truncado,6000,58.67
1983,goal_20,truncado,6000,57.87
1984,goal_20,truncado,6000,59.32
1985,goal_20,truncado,6000,59.61
1986,goal_20,truncado,6000,59.1
1987,goal_20,truncado,6000,59.07
1988,goal_20,truncado,6000,59.48
1989,goal_20,truncado,6000,57.62
1990,goal_20,truncado,6000,59.79
1991,goal_20,truncado,6000,57.09
1992,goal_20,truncado,6000,58.78
1993,goal_20,truncado,6000,58.3
1994,goal_20,truncado,6000,58.29
1995,goal_20,truncado,6000,58.88
1996,goal_20,truncado,6000,58.98
1997,goal_20,truncado,6000,58.91
1998,goal_20,truncado,6000,58.09
1999,goal_20,truncado,6000,58.89
2000,goal_20,truncado,6000,59.3
2001,goal_21,truncado,6000,53.51
2002,goal_21,truncado,6000,53.24
2003,goal_21,truncado,6000,53.16
2004,goal_21,truncado,6000,53.01
2005,goal_21,truncado,6000,53.81
2006,goal_21,truncado,6000,54.09
2007,goal_21,truncado,6000,53.39
2008,goal_21,truncado,6000,53.19
2009,goal_21,truncado,6000,54.63
2010,goal_21,truncado,6000,54.07
2011,goal_21,truncado,6000,53.73
2012,goal_21,truncado,6000,54.35
2013,goal_21,truncado,6000,54.39
2014,goal_21,truncado,6000,54.06
2015,goal_21,truncado,6000,53.7
2016,goal_21,truncado,6000,54.63
2017,goal_21,truncado,6000,54.09
2018,goal_21,truncado,6000,53.54
2019,goal_21,truncado,6000,53.96
2020,goal_21,truncado,6000,53.64
2021,goal_21,truncado,6000,53.5
2022,goal_21,truncado,6000,54.71
2023,goal_21,truncado,6000,55.03
2024,goal_21,truncado,6000,53.77
2025,goal_21,truncado,6000,53.52
2026,goal_21,truncado,6000,54.26
2027,goal_21,truncado,6000,52.44
2028,goal_21,truncado,6000,53.9
2029,goal_21,truncado,6000,54.02
2030,goal_21,truncado,6000,52.95
2031,goal_21,truncado,6000,54.15
2032,goal_21,truncado,6000,54.05
2033,goal_21,truncado,6000,54.04
2034,goal_21,truncado,6000,53.26
2035,goal_21,truncado,6000,53.62
2036,goal_21,truncado,6000,54.95
2037,goal_21,truncado,6000,54.39
2038,goal_21,truncado,6000,54.13
2039,goal_21,truncado,6000,54.58
2040,goal_21,truncado,6000,54.17
2041,goal_21,truncado,6000,54.01
2042,goal_21,truncado,6000,54.33
2043,goal_21,truncado,6000,53.29
2044,goal_21,truncado,6000,54.59
2045,goal_21,truncado,6000,54.09
2046,goal_21,truncado,6000,53.39
2047,goal_21,truncado,6000,53.13
2048,goal_21,truncado,6000,54.02
2049,goal_21,truncado,6000,52.49
2050,goal_21,truncado,6000,53.47
2051,goal_21,truncado,6000,54.03
2052,goal_21,truncado,6000,53.53
2053,goal_21,truncado,6000,54.84
2054,goal_21,truncado,6000,53.41
2055,goal_21,truncado,6000,54.15
2056,goal_21,truncado,6000,52.86
2057,goal_21,truncado,6000,54.1
2058,goal_21,truncado,6000,53.76
2059,goal_21,truncado,6000,53.39
2060,goal_21,truncado,6000,53.73
2061,goal_21,truncado,6000,53.71
2062,goal_21,truncado,6000,54.24
2063,goal_21,truncado,6000,54.25
2064,goal_21,truncado,6000,54.12
2065,goal_21,truncado,6000,54.33
2066,goal_21,truncado,6000,53.68
2067,goal_21,truncado,6000,54.68
2068,goal_21,truncado,6000,54.56
2069,goal_21,truncado,6000,54.15
2070,goal_21,truncado,6000,52.97
2071,goal_21,truncado,6000,54.01
2072,goal_21,truncado,6000,53.57
2073,goal_21,truncado,6000,54.54
2074,goal_21,truncado,6000,54.26
2075,goal_21,truncado,6000,53.82
2076,goal_21,truncado,6000,53.86
2077,goal_21,truncado,6000,53.91
2078,goal_21,truncado,6000,53.46
2079,goal_21,truncado,6000,53.98
2080,goal_21,truncado,6000,53.97
2081,goal_21,truncado,6000,54.36
2082,goal_21,truncado,6000,54.78
2083,goal_21,truncado,6000,52.64
2084,goal_21,truncado,6000,53.47
2085,goal_21,truncado,6000,54.11
2086,goal_21,truncado,6000,53.61
2087,goal_21,truncado,6000,55.22
2088,goal_21,truncado,6000,54.41
2089,goal_21,truncado,6000,52.06
2090,goal_21,truncado,6000,53.41
2091,goal_21,truncado,6000,54.47
2092,goal_21,truncado,6000,54.29
2093,goal_21,truncado,6000,54.64
2094,goal_21,truncado,6000,54.58
2095,goal_21,truncado,6000,53.02
2096,goal_21,truncado,6000,54.09
2097,goal_21,truncado,6000,53.25
2098,goal_21,truncado,6000,53.87
2099,goal_21,truncado,6000,54.83
2100,goal_21,truncado,6000,52.76
2101,goal_22,truncado,6000,37.16
2102,goal_22,truncado,6000,37.36
2103,goal_22,truncado,6000,36.57
2104,goal_22,truncado,6000,35.33
2105,goal_22,truncado,6000,37.19
2106,goal_22,truncado,6000,38.07
2107,goal_22,truncado,6000,38.06
2108,goal_22,truncado,6000,37.44
2109,goal_22,truncado,6000,37.42
2110,goal_22,truncado,6000,37.96
2111,goal_22,truncado,6000,37.06
2112,goal_22,truncado,6000,35.39
2113,goal_22,truncado,6000,36.29
2114,goal_22,truncado,6000,37.21
2115,goal_22,truncado,6000,37.05
2116,goal_22,truncado,6000,37.72
2117,goal_22,truncado,6000,37.69
2118,goal_22,truncado,6000,37.63
2119,goal_22,truncado,6000,37.46
2120,goal_22,truncado,6000,37.36
2121,goal_22,truncado,6000,37.8
2122,goal_22,truncado,6000,37.57
2123,goal_22,truncado,6000,37.17
2124,goal_22,truncado,6000,37.41
2125,goal_22,truncado,6000,37.24
2126,goal_22,truncado,6000,37.69
2127,goal_22,truncado,6000,38.02
2128,goal_22,truncado,6000,38.12
2129,goal_22,truncado,6000,38.14
2130,goal_22,truncado,6000,36.13
2131,goal_22,truncado,6000,37.74
2132,goal_22,truncado,6000,37.88
2133,goal_22,truncado,6000,36.61
2134,goal_22,truncado,6000,36.61
2135,goal_22,truncado,6000,37.85
2136,goal_22,truncado,6000,37.76
2137,goal_22,truncado,6000,37.54
2138,goal_22,truncado,6000,37.29
2139,goal_22,truncado,6000,35.41
2140,goal_22,truncado,6000,37.34
2141,goal_22,truncado,6000,37.31
2142,goal_22,truncado,6000,37.45
2143,goal_22,truncado,6000,37.39
2144,goal_22,truncado,6000,38.12
2145,goal_22,truncado,6000,38.09
2146,goal_22,truncado,6000,37.27
2147,goal_22,truncado,6000,36.72
2148,goal_22,truncado,6000,36.97
2149,goal_22,truncado,6000,36.56
2150,goal_22,truncado,6000,35.08
2151,goal_22,truncado,6000,36.91
2152,goal_22,truncado,6000,36.46
2153,goal_22,truncado,6000,37.23
2154,goal_22,truncado,6000,37.06
2155,goal_22,truncado,6000,37.42
2156,goal_22,truncado,6000,37.63
2157,goal_22,truncado,6000,36.94
2158,goal_22,truncado,6000,37.19
2159,goal_22,truncado,6000,36.81
2160,goal_22,truncado,6000,37.17
2161,goal_22,truncado,6000,37.67
2162,goal_22,truncado,6000,36.78
2163,goal_22,truncado,6000,37.4
2164,goal_22,truncado,6000,36.97
2165,goal_22,truncado,6000,36.71
2166,goal_22,truncado,6000,37.98
2167,goal_22,truncado,6000,37.46
2168,goal_22,truncado,6000,36.95
2169,goal_22,truncado,6000,36.41
2170,goal_22,truncado,6000,36.32
2171,goal_22,truncado,6000,37.5
2172,goal_22,truncado,6000,37.06
2173,goal_22,truncado,6000,37.31
2174,goal_22,truncado,6000,36.86
2175,goal_22,truncado,6000,37.3
2176,goal_22,truncado,6000,36.95
2177,goal_22,truncado,6000,36.79
2178,goal_22,truncado,6000,37.58
2179,goal_22,truncado,6000,37.58
2180,goal_22,truncado,6000,37.19
2181,goal_22,truncado,6000,37.67
2182,goal_22,truncado,6000,37.83
2183,goal_22,truncado,6000,36.83
2184,goal_22,truncado,6000,37.33
2185,goal_22,truncado,6000,37.3
2186,goal_22,truncado,6000,37.07
2187,goal_22,truncado,6000,37.21
2188,goal_22,truncado,6000,36.84
2189,goal_22,truncado,6000,38.18
2190,goal_22,truncado,6000,38.36
2191,goal_22,truncado,6000,36.79
2192,goal_22,truncado,6000,35.43
2193,goal_22,truncado,6000,37.93
2194,goal_22,truncado,6000,35.42
2195,goal_22,truncado,6000,36.55
2196,goal_22,truncado,6000,37.68
2197,goal_22,truncado,6000,36.34
2198,goal_22,truncado,6000,37.61
2199,goal_22,truncado,6000,38.01
2200,goal_22,truncado,6000,36.77
2201,goal_23,colision_exit,1275,14.95
2202,goal_23,colision_exit,1278,14.91
2203,goal_23,colision_exit,1279,14.74
2204,goal_23,colision_exit,1277,15.74
2205,goal_23,colision_exit,1278,14.62
2206,goal_23,colision_exit,1277,15.47
2207,goal_23,colision_exit,1278,15.51
2208,goal_23,colision_exit,1277,15.16
2209,goal_23,colision_exit,1278,14.8
2210,goal_23,colision_exit,1278,14.31
2211,goal_23,colision_exit,1278,15.01
2212,goal_23,colision_exit,1276,15.32
2213,goal_23,colision_exit,1277,14.97
2214,goal_23,colision_exit,1278,15.28
2215,goal_23,colision_exit,1280,14.56
2216,goal_23,colision_exit,1277,15.11
2217,goal_23,colision_exit,1279,14.83
2218,goal_23,colision_exit,1279,15.2
2219,goal_23,colision_exit,1278,14.69
2220,goal_23,colision_exit,1277,15.12
2221,goal_23,colision_exit,1278,15.3
2222,goal_23,colision_exit,1278,14.45
2223,goal_23,colision_exit,1277,15.37
2224,goal_23,colision_exit,1278,15.02
2225,goal_23,colision_exit,1278,14.99
2226,goal_23,colision_exit,1278,15.28
2227,goal_23,colision_exit,1278,14.77
2228,goal_23,colision_exit,1277,15.4
2229,goal_23,colision_exit,1277,15.02
2230,goal_23,colision_exit,1278,14.92
2231,goal_23,colision_exit,1279,14.66
2232,goal_23,colision_exit,1279,15.39
2233,goal_23,colision_exit,1279,14.87
2234,goal_23,colision_exit,1279,14.48
2235,goal_23,colision_exit,1277,14.93
2236,goal_23,colision_exit,1278,14.97
2237,goal_23,colision_exit,1277,15.56
2238,goal_23,colision_exit,1278,15.58
2239,goal_23,colision_exit,1277,15.37
2240,goal_23,colision_exit,1277,15.02
2241,goal_23,colision_exit,1278,15.15
2242,goal_23,colision_exit,1277,15.34
2243,goal_23,colision_exit,1277,15.11
2244,goal_23,colision_exit,1277,15.23
2245,goal_23,colision_exit,1278,15.2
2246,goal_23,colision_exit,1277,15.67
2247,goal_23,colision_exit,1277,15.27
2248,goal_23,colision_exit,1277,15.21
2249,goal_23,colision_exit,1277,15.53
2250,goal_23,colision_exit,1278,14.66
2251,goal_23,colision_exit,1279,15.01
2252,goal_23,colision_exit,1279,14.22
2253,goal_23,colision_exit,1278,15.12
2254,goal_23,colision_exit,1278,15.15
2255,goal_23,colision_exit,1277,15.14
2256,goal_23,colision_exit,1279,14.9
2257,goal_23,colision_exit,1276,15.78
2258,goal_23,colision_exit,1278,15.25
2259,goal_23,colision_exit,1277,15.02
2260,goal_23,colision_exit,1279,14.96
2261,goal_23,colision_exit,1277,15.43
2262,goal_23,colision_exit,1279,14.74
2263,goal_23,colision_exit,1277,15.2
2264,goal_23,colision_exit,1279,14.93
2265,goal_23,colision_exit,1279,14.7
2266,goal_23,colision_exit,1277,15.09
2267,goal_23,colision_exit,1277,15.44
2268,goal_23,colision_exit,1277,15.44
2269,goal_23,colision_exit,1277,15.32
2270,goal_23,colision_exit,1279,14.69
2271,goal_23,colision_exit,1277,15.06
2272,goal_23,colision_exit,1278,15.03
2273,goal_23,colision_exit,1276,15.57
2274,goal_23,colision_exit,1277,15.7
2275,goal_23,colision_exit,1278,14.52
2276,goal_23,colision_exit,1277,15.2
2277,goal_23,colision_exit,1277,15.22
2278,goal_23,colision_exit,1276,15.12
2279,goal_23,colision_exit,1278,15.27
2280,goal_23,colision_exit,1277,15.32
2281,goal_23,colision_exit,1278,15.2
2282,goal_23,colision_exit,1276,15.35
2283,goal_23,colision_exit,1279,15.05
2284,goal_23,colision_exit,1278,14.9
2285,goal_23,colision_exit,1279,15.29
2286,goal_23,colision_exit,1280,14.87
2287,goal_23,colision_exit,1278,14.78
2288,goal_23,colision_exit,1279,15.19
2289,goal_23,colision_exit,1278,15.16
2290,goal_23,colision_exit,1278,14.62
2291,goal_23,colision_exit,1278,15.05
2292,goal_23,colision_exit,1277,15.35
2293,goal_23,colision_exit,1279,14.63
2294,goal_23,colision_exit,1279,15.11
2295,goal_23,colision_exit,1278,15.05
2296,goal_23,colision_exit,1279,14.73
2297,goal_23,colision_exit,1276,15.24
2298,goal_23,colision_exit,1276,15.52
2299,goal_23,colision_exit,1278,14.64
2300,goal_23,colision_exit,1280,14.78
2301,goal_24,colision_exit,1184,1.87
2302,goal_24,colision_exit,1184,2.16
2303,goal_24,colision_exit,1183,2.38
2304,goal_24,colision_exit,1184,1.97
2305,goal_24,colision_exit,1184,2.69
2306,goal_24,colision_exit,1183,2.54
2307,goal_24,colision_exit,1182,2.51
2308,goal_24,colision_exit,1184,1.97
2309,goal_24,colision_exit,1182,2.52
2310,goal_24,colision_exit,1181,2.44
2311,goal_24,colision_exit,1184,1.49
2312,goal_24,colision_exit,1184,2.14
2313,goal_24,colision_exit,1182,2.69
2314,goal_24,colision_exit,1184,2.03
2315,goal_24,colision_exit,1185,1.91
2316,goal_24,colision_exit,1183,2.29
2317,goal_24,colision_exit,1181,2.52
2318,goal_24,colision_exit,1184,2.33
2319,goal_24,colision_exit,1183,2.28
2320,goal_24,colision_exit,1184,1.97
2321,goal_24,colision_exit,1185,1.73
2322,goal_24,colision_exit,1185,1.78
2323,goal_24,colision_exit,1184,2.31
2324,goal_24,colision_exit,1183,2.05
2325,goal_24,colision_exit,1183,1.84
2326,goal_24,colision_exit,1182,2.49
2327,goal_24,colision_exit,1184,2.55
2328,goal_24,colision_exit,1183,2.02
2329,goal_24,colision_exit,1183,2.5
2330,goal_24,colision_exit,1183,2.22
2331,goal_24,colision_exit,1184,1.94
2332,goal_24,colision_exit,1183,1.57
2333,goal_24,colision_exit,1184,2.11
2334,goal_24,colision_exit,1182,2.4
2335,goal_24,colision_exit,1183,2.3
2336,goal_24,colision_exit,1183,2.39
2337,goal_24,colision_exit,1183,2.25
2338,goal_24,colision_exit,1183,2.44
2339,goal_24,colision_exit,1182,2.44
2340,goal_24,colision_exit,1184,1.85
2341,goal_24,colision_exit,1184,2.2
2342,goal_24,colision_exit,1184,1.84
2343,goal_24,colision_exit,1183,2.36
2344,goal_24,colision_exit,1184,2.02
2345,goal_24,colision_exit,1184,2.12
2346,goal_24,colision_exit,1184,2.19
2347,goal_24,colision_exit,1183,1.92
2348,goal_24,colision_exit,1183,2.16
2349,goal_24,colision_exit,1184,1.57
2350,goal_24,colision_exit,1183,1.93
2351,goal_24,colision_exit,1184,1.89
2352,goal_24,colision_exit,1185,1.57
2353,goal_24,colision_exit,1184,2.39
2354,goal_24,colision_exit,1184,1.8
2355,goal_24,colision_exit,1181,2.13
2356,goal_24,colision_exit,1183,2.16
2357,goal_24,colision_exit,1184,1.96
2358,goal_24,colision_exit,1184,2.29
2359,goal_24,colision_exit,1183,2.17
2360,goal_24,colision_exit,1184,1.77
2361,goal_24,colision_exit,1184,1.72
2362,goal_24,colision_exit,1183,1.98
2363,goal_24,colision_exit,1181,2.57
2364,goal_24,colision_exit,1183,2.01
2365,goal_24,colision_exit,1183,2.26
2366,goal_24,colision_exit,1182,2.63
2367,goal_24,colision_exit,1183,1.88
2368,goal_24,colision_exit,1183,2.34
2369,goal_24,colision_exit,1184,2.27
2370,goal_24,colision_exit,1182,2.63
2371,goal_24,colision_exit,1183,2.21
2372,goal_24,colision_exit,1184,1.76
2373,goal_24,colision_exit,1185,1.74
2374,goal_24,colision_exit,1183,2.16
2375,goal_24,colision_exit,1184,2.14
2376,goal_24,colision_exit,1184,2.06
2377,goal_24,colision_exit,1184,2.14
2378,goal_24,colision_exit,1181,2.27
2379,goal_24,colision_exit,1184,2.15
2380,goal_24,colision_exit,1183,2.1
2381,goal_24,colision_exit,1184,1.73
2382,goal_24,colision_exit,1184,2.21
2383,goal_24,colision_exit,1184,1.9
2384,goal_24,colision_exit,1183,2.36
2385,goal_24,colision_exit,1184,1.86
2386,goal_24,colision_exit,1183,1.94
2387,goal_24,colision_exit,1183,2.45
2388,goal_24,colision_exit,1183,2.57
2389,goal_24,colision_exit,1185,1.87
2390,goal_24,colision_exit,1185,1.79
2391,goal_24,colision_exit,1184,1.96
2392,goal_24,colision_exit,1184,1.96
2393,goal_24,colision_exit,1184,1.93
2394,goal_24,colision_exit,1182,2.35
2395,goal_24,colision_exit,1183,1.48
2396,goal_24,colision_exit,1185,1.62
2397,goal_24,colision_exit,1186,1.2
2398,goal_24,colision_exit,1183,1.61
2399,goal_24,colision_exit,1182,2.11
2400,goal_24,colision_exit,1183,2.54
2401,goal_25,truncado,6000,307.99
2402,goal_25,truncado,6000,261.26
2403,goal_25,truncado,6000,261.56
2404,goal_25,truncado,6000,260.8
2405,goal_25,truncado,6000,308.26
2406,goal_25,truncado,6000,308.49
2407,goal_25,truncado,6000,308.61
2408,goal_25,truncado,6000,307.68
2409,goal_25,truncado,6000,308.41
2410,goal_25,truncado,6000,307.89
2411,goal_25,truncado,6000,308.84
2412,goal_25,truncado,6000,307.29
2413,goal_25,truncado,6000,260.41
2414,goal_25,truncado,6000,307.42
2415,goal_25,truncado,6000,308.32
2416,goal_25,truncado,6000,308.21
2417,goal_25,truncado,6000,260.77
2418,goal_25,truncado,6000,307.49
2419,goal_25,truncado,6000,308.34
2420,goal_25,truncado,6000,308.2
2421,goal_25,truncado,6000,260.18
2422,goal_25,truncado,6000,308.28
2423,goal_25,truncado,6000,260.51
2424,goal_25,truncado,6000,260.29
2425,goal_25,truncado,6000,308.57
2426,goal_25,truncado,6000,309.23
2427,goal_25,truncado,6000,260.32
2428,goal_25,truncado,6000,308.45
2429,goal_25,truncado,6000,308.38
2430,goal_25,truncado,6000,308.69
2431,goal_25,truncado,6000,307.43
2432,goal_25,truncado,6000,261.94
2433,goal_25,truncado,6000,261.83
2434,goal_25,truncado,6000,306.56
2435,goal_25,truncado,6000,260.75
2436,goal_25,truncado,6000,307.79
2437,goal_25,truncado,6000,260.75
2438,goal_25,truncado,6000,308.51
2439,goal_25,truncado,6000,260.61
2440,goal_25,truncado,6000,260.77
2441,goal_25,truncado,6000,308.11
2442,goal_25,truncado,6000,260.61
2443,goal_25,truncado,6000,259.82
2444,goal_25,truncado,6000,307.37
2445,goal_25,truncado,6000,307.56
2446,goal_25,truncado,6000,308.46
2447,goal_25,truncado,6000,261.18
2448,goal_25,truncado,6000,308.36
2449,goal_25,truncado,6000,307.6
2450,goal_25,truncado,6000,259.67
2451,goal_25,truncado,6000,307.6
2452,goal_25,truncado,6000,260.42
2453,goal_25,truncado,6000,307.47
2454,goal_25,truncado,6000,307.5
2455,goal_25,truncado,6000,307.96
2456,goal_25,truncado,6000,307.43
2457,goal_25,truncado,6000,258.97
2458,goal_25,truncado,6000,307.52
2459,goal_25,truncado,6000,259.46
2460,goal_25,truncado,6000,260.37
2461,goal_25,truncado,6000,308.09
2462,goal_25,truncado,6000,307.93
2463,goal_25,truncado,6000,307.33
2464,goal_25,truncado,6000,260.64
2465,goal_25,truncado,6000,261.13
2466,goal_25,truncado,6000,261.01
2467,goal_25,truncado,6000,308.6
2468,goal_25,truncado,6000,260.31
2469,goal_25,truncado,6000,308.83
2470,goal_25,truncado,6000,260.0
2471,goal_25,truncado,6000,260.7
2472,goal_25,truncado,6000,261.88
2473,goal_25,truncado,6000,261.25
2474,goal_25,truncado,6000,308.48
2475,goal_25,truncado,6000,308.81
2476,goal_25,truncado,6000,260.28
2477,goal_25,truncado,6000,261.3
2478,goal_25,truncado,6000,307.23
2479,goal_25,truncado,6000,307.41
2480,goal_25,truncado,6000,307.44
2481,goal_25,truncado,6000,306.95
2482,goal_25,truncado,6000,308.14
2483,goal_25,truncado,6000,307.52
2484,goal_25,truncado,6000,258.83
2485,goal_25,truncado,6000,260.28
2486,goal_25,truncado,6000,309.01
2487,goal_25,truncado,6000,261.32
2488,goal_25,truncado,6000,261.03
2489,goal_25,truncado,6000,259.93
2490,goal_25,truncado,6000,309.15
2491,goal_25,truncado,6000,308.82
2492,goal_25,truncado,6000,307.72
2493,goal_25,truncado,6000,259.38
2494,goal_25,truncado,6000,259.9
2495,goal_25,truncado,6000,307.16
2496,goal_25,truncado,6000,260.89
2497,goal_25,truncado,6000,308.87
2498,goal_25,truncado,6000,259.12
2499,goal_25,truncado,6000,259.67
2500,goal_25,truncado,6000,307.79
2501,goal_26,exito,4064,629.79
2502,goal_26,exito,4069,630.15
2503,goal_26,exito,4054,632.11
2504,goal_26,exito,4067,631.55
2505,goal_26,exito,4054,629.64
2506,goal_26,exito,4063,631.07
2507,goal_26,exito,4055,630.18
2508,goal_26,exito,4059,631.06
2509,goal_26,exito,4055,629.54
2510,goal_26,exito,4059,631.25
2511,goal_26,exito,4067,628.28
2512,goal_26,exito,4063,630.74
2513,goal_26,exito,4058,630.46
2514,goal_26,exito,4053,629.77
2515,goal_26,exito,4067,631.54
2516,goal_26,exito,4060,630.25
2517,goal_26,exito,4059,629.55
2518,goal_26,exito,4058,630.45
2519,goal_26,exito,4063,631.01
2520,goal_26,exito,4066,630.71
2521,goal_26,exito,4053,631.36
2522,goal_26,exito,4065,629.85
2523,goal_26,exito,4053,629.04
2524,goal_26,exito,4056,631.87
2525,goal_26,exito,4060,630.54
2526,goal_26,exito,4057,630.53
2527,goal_26,exito,4060,631.01
2528,goal_26,exito,4055,631.54
2529,goal_26,exito,4072,630.19
2530,goal_26,exito,4055,630.91
2531,goal_26,exito,4068,630.68
2532,goal_26,exito,4070,630.76
2533,goal_26,exito,4060,631.24
2534,goal_26,exito,4052,630.6
2535,goal_26,exito,4054,629.66
2536,goal_26,exito,4054,630.29
2537,goal_26,exito,4060,630.9
2538,goal_26,exito,4050,630.32
2539,goal_26,exito,4056,630.73
2540,goal_26,exito,4060,629.18
2541,goal_26,exito,4049,630.27
2542,goal_26,exito,4058,630.8
2543,goal_26,exito,4056,631.8
2544,goal_26,exito,4056,630.34
2545,goal_26,exito,4060,628.86
2546,goal_26,exito,4058,630.65
2547,goal_26,exito,4057,630.3
2548,goal_26,exito,4053,629.92
2549,goal_26,exito,4061,631.51
2550,goal_26,exito,4060,630.21
2551,goal_26,exito,4061,631.19
2552,goal_26,exito,4061,630.6
2553,goal_26,exito,4059,630.37
2554,goal_26,exito,4058,631.22
2555,goal_26,exito,4055,631.47
2556,goal_26,exito,4056,629.16
2557,goal_26,exito,4046,631.38
2558,goal_26,exito,4060,629.49
2559,goal_26,exito,4066,630.79
2560,goal_26,exito,4071,629.96
2561,goal_26,exito,4055,631.37
2562,goal_26,exito,4074,629.01
2563,goal_26,exito,4070,630.65
2564,goal_26,exito,4061,630.09
2565,goal_26,exito,4052,630.59
2566,goal_26,exito,4062,630.69
2567,goal_26,exito,4051,630.55
2568,goal_26,exito,4063,630.72
2569,goal_26,exito,4046,629.75
2570,goal_26,exito,4065,630.0
2571,goal_26,exito,4055,630.97
2572,goal_26,exito,4055,631.2
2573,goal_26,exito,4054,631.91
2574,goal_26,exito,4058,630.65
2575,goal_26,exito,4056,630.94
2576,goal_26,exito,4063,630.44
2577,goal_26,exito,4054,629.5
2578,goal_26,exito,4070,630.05
2579,goal_26,exito,4071,630.79
2580,goal_26,exito,4060,630.88
2581,goal_26,exito,4063,629.09
2582,goal_26,exito,4060,630.94
2583,goal_26,exito,4071,629.3
2584,goal_26,exito,4056,631.35
2585,goal_26,exito,4056,630.19
2586,goal_26,exito,4055,631.23
2587,goal_26,exito,4056,630.97
2588,goal_26,exito,4070,630.51
2589,goal_26,exito,4051,630.83
2590,goal_26,exito,4048,631.02
2591,goal_26,exito,4060,628.93
2592,goal_26,exito,4064,630.63
2593,goal_26,exito,4054,630.1
2594,goal_26,exito,4057,630.02
2595,goal_26,exito,4057,630.31
2596,goal_26,exito,4053,631.36
2597,goal_26,exito,4059,631.21
2598,goal_26,exito,4057,629.02
2599,goal_26,exito,4049,631.28
2600,goal_26,exito,4065,630.66
2601,goal_27,colision_exit,1824,31.92
2602,goal_27,colision_exit,1821,33.54
2603,goal_27,colision_exit,1838,31.31
2604,goal_27,colision_exit,1820,31.82
2605,goal_27,truncado,6000,86.13
2606,goal_27,colision_exit,1816,33.14
2607,goal_27,colision_exit,1834,31.65
2608,goal_27,truncado,6000,61.38
2609,goal_27,exito,4243,577.83
2610,goal_27,colision_exit,1819,32.56
2611,goal_27,colision_exit,1826,32.61
2612,goal_27,colision_exit,1820,33.23
2613,goal_27,colision_exit,1821,32.45
2614,goal_27,colision_exit,1821,32.82
2615,goal_27,colision_exit,1833,31.12
2616,goal_27,colision_exit,1821,32.46
2617,goal_27,colision_exit,1824,32.4
2618,goal_27,colision_exit,1876,23.75
2619,goal_27,colision_exit,1829,32.13
2620,goal_27,colision_exit,1820,33.49
2621,goal_27,colision_exit,1829,30.74
2622,goal_27,colision_exit,1823,31.93
2623,goal_27,truncado,6000,65.78
2624,goal_27,truncado,6000,60.2
2625,goal_27,truncado,6000,232.04
2626,goal_27,colision_exit,1966,9.52
2627,goal_27,truncado,6000,61.0
2628,goal_27,colision_exit,1829,32.38
2629,goal_27,colision_exit,1820,32.61
2630,goal_27,colision_exit,1828,31.52
2631,goal_27,truncado,6000,61.11
2632,goal_27,colision_exit,1838,31.61
2633,goal_27,colision_exit,1819,32.93
2634,goal_27,colision_exit,1823,32.62
2635,goal_27,colision_exit,1823,31.93
2636,goal_27,colision_exit,1906,18.07
2637,goal_27,colision_exit,1958,10.31
2638,goal_27,truncado,6000,61.12
2639,goal_27,colision_exit,1832,32.51
2640,goal_27,colision_exit,1822,31.64
2641,goal_27,colision_exit,1834,31.25
2642,goal_27,colision_exit,1820,33.36
2643,goal_27,truncado,6000,60.29
2644,goal_27,colision_exit,1828,31.96
2645,goal_27,colision_exit,1821,32.46
2646,goal_27,colision_exit,1825,31.89
2647,goal_27,colision_exit,1835,32.18
2648,goal_27,colision_exit,1826,32.28
2649,goal_27,colision_exit,1822,31.4
2650,goal_27,truncado,6000,59.98
2651,goal_27,colision_exit,1825,32.5
2652,goal_27,colision_exit,1830,31.74
2653,goal_27,colision_exit,1831,32.08
2654,goal_27,colision_exit,1820,32.66
2655,goal_27,colision_exit,1827,32.0
2656,goal_27,colision_exit,1824,30.79
2657,goal_27,colision_exit,1820,32.94
2658,goal_27,colision_exit,1824,32.59
2659,goal_27,colision_exit,1884,22.34
2660,goal_27,colision_exit,1819,32.59
2661,goal_27,colision_exit,1950,11.71
2662,goal_27,colision_exit,1820,31.99
2663,goal_27,colision_exit,1839,32.15
2664,goal_27,colision_exit,1830,31.32
2665,goal_27,colision_exit,1861,26.35
2666,goal_27,exito,4211,578.65
2667,goal_27,colision_exit,1830,31.85
2668,goal_27,exito,4156,578.57
2669,goal_27,truncado,6000,60.52
2670,goal_27,truncado,6000,61.03
2671,goal_27,truncado,6000,60.43
2672,goal_27,colision_exit,1831,31.59
2673,goal_27,colision_exit,1820,31.59
2674,goal_27,colision_exit,1821,32.72
2675,goal_27,colision_exit,2173,13.64
2676,goal_27,colision_exit,1825,31.06
2677,goal_27,colision_exit,1862,26.75
2678,goal_27,colision_exit,1822,32.29
2679,goal_27,exito,4208,576.55
2680,goal_27,colision_exit,1820,32.27
2681,goal_27,colision_exit,1819,31.18
2682,goal_27,exito,4165,576.89
2683,goal_27,exito,4208,576.12
2684,goal_27,colision_exit,1896,19.95
2685,goal_27,colision_exit,1819,32.68
2686,goal_27,exito,4882,566.64
2687,goal_27,colision_exit,1819,32.55
2688,goal_27,exito,4164,577.13
2689,goal_27,truncado,6000,60.75
2690,goal_27,colision_exit,1819,31.66
2691,goal_27,colision_exit,1820,32.74
2692,goal_27,colision_exit,1828,31.79
2693,goal_27,colision_exit,1822,32.53
2694,goal_27,exito,4171,576.38
2695,goal_27,colision_exit,1823,32.84
2696,goal_27,colision_exit,1822,31.6
2697,goal_27,truncado,6000,66.53
2698,goal_27,colision_exit,1829,31.45
2699,goal_27,colision_exit,1819,32.85
2700,goal_27,colision_exit,1820,33.17
2701,goal_28,colision_exit,1697,6.32
2702,goal_28,colision_exit,1724,2.16
2703,goal_28,colision_exit,1728,1.89
2704,goal_28,truncado,6000,315.91
2705,goal_28,colision_exit,1771,-4.04
2706,goal_28,colision_exit,1804,-6.9
2707,goal_28,colision_exit,1708,5.25
2708,goal_28,colision_exit,1704,4.37
2709,goal_28,colision_exit,1773,-3.81
2710,goal_28,colision_exit,1727,1.81
2711,goal_28,colision_exit,1776,-4.32
2712,goal_28,colision_exit,1727,1.74
2713,goal_28,exito,4105,535.31
2714,goal_28,colision_exit,1697,6.17
2715,goal_28,colision_exit,1743,-0.78
2716,goal_28,colision_exit,1744,-1.06
2717,goal_28,colision_exit,1733,0.89
2718,goal_28,colision_exit,1713,4.22
2719,goal_28,colision_exit,1816,-7.89
2720,goal_28,colision_exit,1726,2.0
2721,goal_28,colision_exit,1715,3.47
2722,goal_28,colision_exit,1718,3.36
2723,goal_28,colision_exit,1715,3.93
2724,goal_28,colision_exit,1709,4.68
2725,goal_28,colision_exit,1735,0.69
2726,goal_28,colision_exit,1725,2.32
2727,goal_28,colision_exit,1708,5.02
2728,goal_28,colision_exit,1789,-5.72
2729,goal_28,colision_exit,1709,4.61
2730,goal_28,colision_exit,1766,-3.1
2731,goal_28,colision_exit,1700,6.42
2732,goal_28,colision_exit,1700,6.41
2733,goal_28,colision_exit,1796,-6.19
2734,goal_28,colision_exit,1778,-4.79
2735,goal_28,colision_exit,1735,0.23
2736,goal_28,colision_exit,1719,3.16
2737,goal_28,colision_exit,1721,2.74
2738,goal_28,colision_exit,1707,5.05
2739,goal_28,colision_exit,1718,3.34
2740,goal_28,colision_exit,1722,3.09
2741,goal_28,truncado,6000,36.56
2742,goal_28,colision_exit,1782,-5.12
2743,goal_28,colision_exit,1724,2.48
2744,goal_28,exito,3976,556.9
2745,goal_28,colision_exit,1756,-2.16
2746,goal_28,colision_exit,1722,2.4
2747,goal_28,colision_exit,1798,-6.53
2748,goal_28,colision_exit,1776,-4.04
2749,goal_28,colision_exit,1716,3.7
2750,goal_28,colision_exit,1694,7.27
2751,goal_28,colision_exit,1755,-2.29
2752,goal_28,colision_exit,1702,5.58
2753,goal_28,colision_exit,1738,0.37
2754,goal_28,colision_exit,1764,-3.07
2755,goal_28,colision_exit,1706,5.22
2756,goal_28,colision_exit,1704,5.24
2757,goal_28,colision_exit,1712,3.43
2758,goal_28,colision_exit,1695,7.12
2759,goal_28,colision_exit,1702,5.72
2760,goal_28,colision_exit,1747,-1.86
2761,goal_28,colision_exit,1771,-3.93
2762,goal_28,colision_exit,1736,0.76
2763,goal_28,colision_exit,1738,0.5
2764,goal_28,colision_exit,1694,7.15
2765,goal_28,colision_exit,1715,3.53
2766,goal_28,colision_exit,1709,4.43
2767,goal_28,colision_exit,1795,-5.98
2768,goal_28,colision_exit,1788,-5.96
2769,goal_28,colision_exit,1698,6.24
2770,goal_28,colision_exit,1730,1.24
2771,goal_28,colision_exit,1723,2.81
2772,goal_28,colision_exit,1824,-8.06
2773,goal_28,truncado,6000,36.24
2774,goal_28,colision_exit,1720,2.74
2775,goal_28,exito,4118,533.45
2776,goal_28,colision_exit,1731,1.17
2777,goal_28,colision_exit,1759,-2.24
2778,goal_28,colision_exit,1715,3.68
2779,goal_28,colision_exit,1712,4.29
2780,goal_28,colision_exit,1704,5.22
2781,goal_28,colision_exit,1745,-0.29
2782,goal_28,colision_exit,1822,-8.19
2783,goal_28,colision_exit,1707,5.11
2784,goal_28,colision_exit,1711,4.38
2785,goal_28,colision_exit,1704,5.43
2786,goal_28,colision_exit,1765,-3.15
2787,goal_28,colision_exit,1744,-0.57
2788,goal_28,colision_exit,1777,-4.34
2789,goal_28,colision_exit,1722,3.2
2790,goal_28,colision_exit,1825,-8.33
2791,goal_28,colision_exit,1703,4.51
2792,goal_28,colision_exit,1695,6.82
2793,goal_28,colision_exit,1819,-7.78
2794,goal_28,colision_exit,1721,2.66
2795,goal_28,truncado,6000,62.67
2796,goal_28,colision_exit,1711,4.39
2797,goal_28,colision_exit,1762,-2.84
2798,goal_28,colision_exit,1705,4.99
2799,goal_28,colision_exit,1703,5.84
2800,goal_28,colision_exit,1715,3.69

RESUMEN_GLOBAL,,,,
n_total,2800,,,
exito_%,32.6,,,
colision_approach_%,25.0,,,
colision_exit_%,13.2,,,
colision_return_%,0.0,,,
colision_total_%,38.2,,,
truncado_%,29.2,,,
pasos_medio,3194.7,,,
reward_medio,167.6,,,

RESUMEN_POR_GOAL,exito,col_approach,col_exit,col_return,truncado,exito_%
goal_01,0,100,0,0,0,0.0
goal_02,0,100,0,0,0,0.0
goal_03,0,100,0,0,0,0.0
goal_04,0,100,0,0,0,0.0
goal_05,100,0,0,0,0,100.0
goal_06,100,0,0,0,0,100.0
goal_07,100,0,0,0,0,100.0
goal_08,0,0,0,0,100,0.0
goal_09,0,0,0,0,100,0.0
goal_10,0,0,0,0,100,0.0
goal_11,0,100,0,0,0,0.0
goal_12,0,100,0,0,0,0.0
goal_13,0,100,0,0,0,0.0
goal_14,100,0,0,0,0,100.0
goal_15,100,0,0,0,0,100.0
goal_16,0,0,0,0,100,0.0
goal_17,100,0,0,0,0,100.0
goal_18,100,0,0,0,0,100.0
goal_19,100,0,0,0,0,100.0
goal_20,0,0,0,0,100,0.0
goal_21,0,0,0,0,100,0.0
goal_22,0,0,0,0,100,0.0
goal_23,0,0,100,0,0,0.0
goal_24,0,0,100,0,0,0.0
goal_25,0,0,0,0,100,0.0
goal_26,100,0,0,0,0,100.0
goal_27,9,0,76,0,15,9.0
goal_28,3,0,93,0,4,3.0
