episodio,goal_id,resultado,pasos_total,reward_total,llego_estanteria,llego_descarga,n_replans
1,goal_01,col_exit,842,-15.4,1,0,1
2,goal_01,col_return,2203,246.56,1,1,3
3,goal_01,col_exit,841,-17.32,1,0,2
4,goal_01,col_return,2151,250.74,1,1,1
5,goal_01,col_exit,822,-16.92,1,0,1
6,goal_01,col_return,2178,250.71,1,1,2
7,goal_01,col_exit,852,-20.84,1,0,2
8,goal_01,col_return,2129,252.61,1,1,0
9,goal_01,col_exit,843,-16.25,1,0,1
10,goal_01,col_return,2169,249.95,1,1,2
11,goal_01,col_exit,821,-16.85,1,0,1
12,goal_01,col_return,2177,249.94,1,1,1
13,goal_01,col_exit,844,-17.99,1,0,2
14,goal_01,col_return,2149,252.76,1,1,2
15,goal_01,col_exit,853,-17.72,1,0,2
16,goal_01,col_return,2157,251.37,1,1,2
17,goal_01,col_exit,817,-17.22,1,0,1
18,goal_01,col_return,2177,251.12,1,1,2
19,goal_01,col_exit,840,-17.86,1,0,1
20,goal_01,col_return,2153,254.91,1,1,3
21,goal_01,col_exit,854,-19.51,1,0,2
22,goal_01,col_return,2141,249.97,1,1,0
23,goal_01,col_exit,817,-15.36,1,0,1
24,goal_01,col_return,2191,247.53,1,1,3
25,goal_01,col_exit,838,-17.84,1,0,1
26,goal_01,col_return,2144,252.85,1,1,2
27,goal_01,col_exit,841,-16.49,1,0,1
28,goal_01,col_return,2171,252.44,1,1,3
29,goal_01,col_exit,818,-17.03,1,0,1
30,goal_01,col_return,2166,249.21,1,1,1
31,goal_01,col_exit,839,-17.21,1,0,1
32,goal_01,col_return,2167,250.71,1,1,3
33,goal_01,col_exit,841,-16.8,1,0,1
34,goal_01,col_return,2153,250.54,1,1,1
35,goal_01,col_exit,824,-15.59,1,0,1
36,goal_01,col_return,2180,249.59,1,1,1
37,goal_01,col_exit,840,-17.82,1,0,1
38,goal_01,col_return,2140,252.94,1,1,2
39,goal_01,col_exit,843,-16.37,1,0,1
40,goal_01,col_return,2170,250.07,1,1,2
41,goal_01,col_exit,829,-16.29,1,0,1
42,goal_01,col_return,2179,250.21,1,1,2
43,goal_01,col_exit,850,-20.81,1,0,2
44,goal_01,col_return,2133,252.12,1,1,0
45,goal_01,col_exit,848,-16.98,1,0,1
46,goal_01,col_return,2164,250.86,1,1,2
47,goal_01,col_exit,814,-17.05,1,0,1
48,goal_01,col_return,2176,249.63,1,1,1
49,goal_01,col_exit,839,-17.69,1,0,1
50,goal_01,col_return,2164,253.0,1,1,2
51,goal_01,col_exit,868,-26.88,1,0,2
52,goal_01,col_return,2122,250.5,1,1,0
53,goal_01,col_exit,817,-15.74,1,0,1
54,goal_01,col_return,2187,246.42,1,1,2
55,goal_01,col_exit,836,-18.02,1,0,1
56,goal_01,col_return,2144,253.0,1,1,2
57,goal_01,col_exit,842,-16.42,1,0,1
58,goal_01,col_return,2173,250.18,1,1,2
59,goal_01,col_exit,817,-16.64,1,0,1
60,goal_01,col_return,2186,247.63,1,1,2
61,goal_01,col_exit,839,-17.79,1,0,1
62,goal_01,col_return,2148,255.26,1,1,1
63,goal_01,col_exit,835,-16.16,1,0,1
64,goal_01,col_return,2174,251.79,1,1,3
65,goal_01,col_exit,819,-16.65,1,0,1
66,goal_01,col_return,2169,249.9,1,1,1
67,goal_01,col_exit,840,-17.54,1,0,1
68,goal_01,col_return,2170,253.93,1,1,3
69,goal_01,col_exit,840,-17.72,1,0,2
70,goal_01,col_return,2149,250.92,1,1,1
71,goal_01,col_exit,826,-16.01,1,0,1
72,goal_01,col_return,2178,250.62,1,1,2
73,goal_01,col_exit,852,-20.89,1,0,2
74,goal_01,col_return,2129,251.64,1,1,0
75,goal_01,col_exit,845,-16.24,1,0,1
76,goal_01,col_return,2167,250.22,1,1,2
77,goal_01,col_exit,821,-16.51,1,0,1
78,goal_01,col_return,2177,249.8,1,1,1
79,goal_01,col_exit,843,-18.15,1,0,1
80,goal_01,col_return,2150,253.14,1,1,2
81,goal_01,col_exit,853,-17.51,1,0,2
82,goal_01,col_return,2156,251.42,1,1,2
83,goal_01,col_exit,817,-17.07,1,0,1
84,goal_01,col_return,2175,250.06,1,1,1
85,goal_01,col_exit,838,-17.99,1,0,1
86,goal_01,col_return,2158,254.23,1,1,3
87,goal_01,col_exit,856,-19.6,1,0,2
88,goal_01,col_return,2139,250.06,1,1,0
89,goal_01,col_exit,817,-15.33,1,0,1
90,goal_01,col_return,2191,247.11,1,1,3
91,goal_01,col_exit,837,-18.32,1,0,1
92,goal_01,col_return,2143,252.62,1,1,2
93,goal_01,col_exit,837,-15.77,1,0,1
94,goal_01,col_return,2177,251.08,1,1,3
95,goal_01,col_exit,818,-17.07,1,0,1
96,goal_01,col_return,2166,248.92,1,1,1
97,goal_01,col_exit,840,-17.23,1,0,1
98,goal_01,col_return,2166,250.72,1,1,3
99,goal_01,col_exit,839,-16.56,1,0,1
100,goal_01,col_return,2153,250.79,1,1,1
101,goal_02,col_return,2246,253.27,1,1,3
102,goal_02,col_return,2252,253.55,1,1,3
103,goal_02,col_return,2258,255.65,1,1,3
104,goal_02,col_return,2245,256.36,1,1,2
105,goal_02,col_return,2259,255.59,1,1,3
106,goal_02,col_return,2243,256.94,1,1,2
107,goal_02,col_return,2252,257.38,1,1,3
108,goal_02,col_return,2250,258.02,1,1,3
109,goal_02,col_return,2249,258.49,1,1,3
110,goal_02,col_return,2248,258.2,1,1,3
111,goal_02,col_return,2232,256.49,1,1,2
112,goal_02,col_return,2287,255.32,1,1,3
113,goal_02,col_return,2216,257.26,1,1,1
114,goal_02,col_return,2252,253.86,1,1,3
115,goal_02,col_return,2259,255.41,1,1,3
116,goal_02,col_return,2244,256.44,1,1,2
117,goal_02,col_return,2250,256.63,1,1,2
118,goal_02,col_return,2252,257.31,1,1,3
119,goal_02,col_return,2250,258.5,1,1,3
120,goal_02,col_return,2250,257.38,1,1,3
121,goal_02,col_return,2247,258.06,1,1,3
122,goal_02,col_return,2232,256.51,1,1,2
123,goal_02,col_return,2287,255.3,1,1,3
124,goal_02,col_return,2216,256.93,1,1,1
125,goal_02,col_return,2252,253.54,1,1,3
126,goal_02,col_return,2259,255.59,1,1,3
127,goal_02,col_return,2244,256.44,1,1,2
128,goal_02,col_return,2250,256.06,1,1,2
129,goal_02,col_return,2252,257.82,1,1,3
130,goal_02,col_return,2250,258.39,1,1,3
131,goal_02,col_return,2250,258.07,1,1,3
132,goal_02,col_return,2247,258.16,1,1,3
133,goal_02,col_return,2232,256.48,1,1,2
134,goal_02,col_return,2286,255.8,1,1,3
135,goal_02,col_return,2217,257.37,1,1,1
136,goal_02,col_return,2252,253.8,1,1,3
137,goal_02,col_return,2260,255.92,1,1,3
138,goal_02,col_return,2243,257.15,1,1,2
139,goal_02,col_return,2250,256.18,1,1,2
140,goal_02,col_return,2252,257.39,1,1,3
141,goal_02,col_return,2250,258.31,1,1,3
142,goal_02,col_return,2250,257.91,1,1,3
143,goal_02,col_return,2247,258.12,1,1,3
144,goal_02,col_return,2232,256.22,1,1,2
145,goal_02,col_return,2287,255.25,1,1,3
146,goal_02,col_return,2216,257.0,1,1,1
147,goal_02,col_return,2252,253.45,1,1,3
148,goal_02,col_return,2260,255.88,1,1,3
149,goal_02,col_return,2243,257.13,1,1,2
150,goal_02,col_return,2250,255.91,1,1,2
151,goal_02,col_return,2252,256.8,1,1,3
152,goal_02,col_return,2250,257.86,1,1,3
153,goal_02,col_return,2249,258.58,1,1,3
154,goal_02,col_return,2248,257.78,1,1,3
155,goal_02,col_return,2231,257.19,1,1,2
156,goal_02,col_return,2287,256.18,1,1,3
157,goal_02,col_return,2217,257.4,1,1,1
158,goal_02,col_return,2258,255.55,1,1,3
159,goal_02,col_return,2245,256.12,1,1,2
160,goal_02,col_return,2259,255.46,1,1,3
161,goal_02,col_return,2243,256.77,1,1,2
162,goal_02,col_return,2252,257.39,1,1,3
163,goal_02,col_return,2250,258.69,1,1,3
164,goal_02,col_return,2250,257.69,1,1,3
165,goal_02,col_return,2247,258.14,1,1,3
166,goal_02,col_return,2231,256.78,1,1,2
167,goal_02,col_return,2287,256.18,1,1,3
168,goal_02,col_return,2217,256.53,1,1,1
169,goal_02,col_return,2259,255.62,1,1,3
170,goal_02,col_return,2244,256.46,1,1,2
171,goal_02,col_return,2259,255.56,1,1,3
172,goal_02,col_return,2243,256.92,1,1,2
173,goal_02,col_return,2252,257.17,1,1,3
174,goal_02,col_return,2250,257.43,1,1,3
175,goal_02,col_return,2250,258.05,1,1,3
176,goal_02,col_return,2247,258.13,1,1,3
177,goal_02,col_return,2232,256.12,1,1,2
178,goal_02,col_return,2286,255.66,1,1,3
179,goal_02,col_return,2217,257.02,1,1,1
180,goal_02,col_return,2252,253.57,1,1,3
181,goal_02,col_return,2260,255.48,1,1,3
182,goal_02,col_return,2243,257.38,1,1,2
183,goal_02,col_return,2250,256.13,1,1,2
184,goal_02,col_return,2252,257.35,1,1,3
185,goal_02,col_return,2250,257.75,1,1,3
186,goal_02,col_return,2249,258.43,1,1,3
187,goal_02,col_return,2248,258.64,1,1,3
188,goal_02,col_return,2231,256.38,1,1,2
189,goal_02,col_return,2287,256.07,1,1,3
190,goal_02,col_return,2217,256.9,1,1,1
191,goal_02,col_return,2258,255.65,1,1,3
192,goal_02,col_return,2245,255.62,1,1,2
193,goal_02,col_return,2259,255.05,1,1,3
194,goal_02,col_return,2243,257.65,1,1,2
195,goal_02,col_return,2252,256.73,1,1,3
196,goal_02,col_return,2250,257.67,1,1,3
197,goal_02,col_return,2250,257.65,1,1,3
198,goal_02,col_return,2247,258.13,1,1,3
199,goal_02,col_return,2231,256.49,1,1,2
200,goal_02,col_return,2287,251.99,1,1,3
201,goal_03,col_return,2310,271.3,1,1,2
202,goal_03,exito,3079,636.76,1,1,0
203,goal_03,exito,3088,631.44,1,1,0
204,goal_03,col_exit,1020,12.26,1,0,0
205,goal_03,col_exit,1059,16.46,1,0,1
206,goal_03,exito,3065,640.05,1,1,0
207,goal_03,exito,3085,634.44,1,1,0
208,goal_03,col_exit,1033,14.55,1,0,0
209,goal_03,col_exit,1063,13.14,1,0,1
210,goal_03,exito,3114,641.26,1,1,0
211,goal_03,col_exit,1073,18.65,1,0,0
212,goal_03,col_exit,1049,17.14,1,0,0
213,goal_03,exito,3074,636.76,1,1,2
214,goal_03,exito,3087,632.68,1,1,0
215,goal_03,col_exit,1033,14.76,1,0,0
216,goal_03,col_exit,1053,17.11,1,0,0
217,goal_03,exito,3092,640.51,1,1,0
218,goal_03,exito,3078,632.0,1,1,0
219,goal_03,col_exit,1032,9.75,1,0,1
220,goal_03,col_exit,1040,16.02,1,0,0
221,goal_03,exito,3083,635.73,1,1,0
222,goal_03,exito,3088,631.98,1,1,0
223,goal_03,col_exit,1027,13.05,1,0,0
224,goal_03,col_exit,1050,18.54,1,0,0
225,goal_03,exito,3075,636.66,1,1,2
226,goal_03,exito,3087,632.64,1,1,0
227,goal_03,col_exit,1033,14.73,1,0,0
228,goal_03,col_exit,1053,17.28,1,0,0
229,goal_03,exito,3089,639.71,1,1,0
230,goal_03,exito,3075,633.08,1,1,0
231,goal_03,col_exit,1034,11.27,1,0,1
232,goal_03,col_exit,1044,15.98,1,0,0
233,goal_03,exito,3107,622.38,1,1,2
234,goal_03,col_exit,1077,18.45,1,0,0
235,goal_03,col_exit,1077,16.74,1,0,0
236,goal_03,exito,3118,640.54,1,1,0
237,goal_03,exito,3072,626.19,1,1,0
238,goal_03,col_exit,1018,7.87,1,0,1
239,goal_03,col_exit,1035,11.32,1,0,1
240,goal_03,exito,3078,636.56,1,1,0
241,goal_03,exito,3089,632.52,1,1,0
242,goal_03,col_exit,1007,12.11,1,0,0
243,goal_03,col_exit,1075,19.46,1,0,0
244,goal_03,exito,3065,639.74,1,1,0
245,goal_03,exito,3087,633.99,1,1,0
246,goal_03,col_exit,1018,14.31,1,0,0
247,goal_03,col_exit,1076,16.64,1,0,0
248,goal_03,exito,3115,640.18,1,1,0
249,goal_03,exito,3073,627.02,1,1,0
250,goal_03,col_exit,1017,8.04,1,0,1
251,goal_03,col_exit,1036,11.6,1,0,1
252,goal_03,exito,3080,636.36,1,1,0
253,goal_03,exito,3088,632.18,1,1,0
254,goal_03,col_exit,1008,12.45,1,0,0
255,goal_03,col_exit,1074,18.26,1,0,0
256,goal_03,exito,3064,639.89,1,1,0
257,goal_03,exito,3087,634.05,1,1,0
258,goal_03,col_exit,1020,14.05,1,0,0
259,goal_03,col_exit,1076,16.64,1,0,0
260,goal_03,exito,3119,640.01,1,1,0
261,goal_03,exito,3073,625.91,1,1,0
262,goal_03,col_exit,1017,7.82,1,0,1
263,goal_03,col_exit,1035,11.07,1,0,1
264,goal_03,exito,3079,636.37,1,1,0
265,goal_03,exito,3085,632.04,1,1,0
266,goal_03,col_exit,1009,12.37,1,0,0
267,goal_03,col_exit,1074,18.25,1,0,0
268,goal_03,exito,3064,639.61,1,1,0
269,goal_03,exito,3087,633.76,1,1,0
270,goal_03,col_exit,1020,14.13,1,0,0
271,goal_03,col_exit,1076,16.62,1,0,0
272,goal_03,exito,3116,640.47,1,1,0
273,goal_03,exito,3074,626.49,1,1,0
274,goal_03,col_exit,1017,8.14,1,0,1
275,goal_03,col_exit,1035,11.44,1,0,1
276,goal_03,exito,3081,637.14,1,1,0
277,goal_03,exito,3086,631.59,1,1,0
278,goal_03,col_exit,1008,12.25,1,0,0
279,goal_03,col_exit,1074,17.92,1,0,0
280,goal_03,exito,3063,639.72,1,1,0
281,goal_03,exito,3086,634.15,1,1,0
282,goal_03,col_exit,1032,13.26,1,0,0
283,goal_03,col_exit,1066,13.4,1,0,1
284,goal_03,exito,3109,640.73,1,1,0
285,goal_03,exito,3074,628.3,1,1,0
286,goal_03,col_exit,1018,8.33,1,0,1
287,goal_03,col_exit,1038,11.91,1,0,1
288,goal_03,exito,3083,636.42,1,1,0
289,goal_03,exito,3088,632.48,1,1,0
290,goal_03,col_exit,1007,12.05,1,0,0
291,goal_03,col_exit,1075,19.68,1,0,0
292,goal_03,exito,3063,639.55,1,1,0
293,goal_03,exito,3086,634.34,1,1,0
294,goal_03,col_exit,1024,14.02,1,0,0
295,goal_03,col_exit,1073,16.78,1,0,1
296,goal_03,exito,3113,640.01,1,1,0
297,goal_03,exito,3073,627.44,1,1,0
298,goal_03,col_exit,1017,8.46,1,0,1
299,goal_03,col_exit,1037,11.44,1,0,1
300,goal_03,exito,3083,636.56,1,1,0
301,goal_04,exito,3271,664.7,1,1,1
302,goal_04,col_exit,1206,36.43,1,0,0
303,goal_04,exito,3259,653.69,1,1,2
304,goal_04,col_return,2496,279.93,1,1,1
305,goal_04,exito,3274,652.24,1,1,0
306,goal_04,exito,3243,656.0,1,1,0
307,goal_04,exito,3291,621.27,1,1,1
308,goal_04,col_exit,1245,33.47,1,0,0
309,goal_04,col_exit,1198,31.48,1,0,1
310,goal_04,exito,3272,664.27,1,1,1
311,goal_04,col_exit,1211,35.31,1,0,0
312,goal_04,exito,3258,653.33,1,1,2
313,goal_04,col_exit,1245,40.43,1,0,0
314,goal_04,exito,3252,649.3,1,1,2
315,goal_04,exito,3347,628.93,1,1,1
316,goal_04,col_exit,1203,33.46,1,0,0
317,goal_04,col_exit,1203,32.23,1,0,1
318,goal_04,exito,3270,664.4,1,1,1
319,goal_04,col_exit,1231,35.69,1,0,0
320,goal_04,exito,3270,664.47,1,1,1
321,goal_04,col_exit,1208,35.15,1,0,0
322,goal_04,exito,3261,652.62,1,1,2
323,goal_04,exito,3347,633.12,1,1,1
324,goal_04,col_exit,1195,33.27,1,0,0
325,goal_04,col_exit,1203,36.06,1,0,0
326,goal_04,exito,3252,649.71,1,1,2
327,goal_04,col_return,2478,279.81,1,1,1
328,goal_04,col_return,2472,290.74,1,1,2
329,goal_04,col_exit,1162,23.39,1,0,2
330,goal_04,col_exit,1181,24.19,1,0,2
331,goal_04,exito,3239,659.61,1,1,0
332,goal_04,col_exit,1208,32.28,1,0,1
333,goal_04,exito,3292,657.14,1,1,1
334,goal_04,col_exit,1187,34.28,1,0,0
335,goal_04,exito,3274,644.19,1,1,2
336,goal_04,col_return,2445,286.67,1,1,0
337,goal_04,exito,3280,645.04,1,1,2
338,goal_04,exito,3274,644.45,1,1,2
339,goal_04,col_return,2445,291.8,1,1,1
340,goal_04,exito,3280,645.41,1,1,2
341,goal_04,exito,3275,645.3,1,1,2
342,goal_04,col_return,2447,289.1,1,1,1
343,goal_04,exito,3290,646.96,1,1,2
344,goal_04,exito,3294,657.03,1,1,1
345,goal_04,col_exit,1193,34.53,1,0,0
346,goal_04,exito,3267,647.18,1,1,2
347,goal_04,col_exit,1236,38.64,1,0,0
348,goal_04,exito,3310,638.59,1,1,2
349,goal_04,col_exit,1193,32.32,1,0,1
350,goal_04,exito,3295,656.88,1,1,1
351,goal_04,col_exit,1204,31.7,1,0,1
352,goal_04,exito,3292,657.49,1,1,1
353,goal_04,col_exit,1187,34.35,1,0,0
354,goal_04,exito,3274,644.2,1,1,2
355,goal_04,col_exit,1228,38.29,1,0,0
356,goal_04,exito,3274,644.9,1,1,2
357,goal_04,col_return,2444,291.29,1,1,1
358,goal_04,exito,3280,645.16,1,1,2
359,goal_04,exito,3280,646.09,1,1,2
360,goal_04,col_return,2444,287.79,1,1,1
361,goal_04,exito,3296,646.07,1,1,2
362,goal_04,exito,3280,654.26,1,1,2
363,goal_04,col_exit,1193,35.65,1,0,0
364,goal_04,exito,3275,644.83,1,1,2
365,goal_04,col_exit,1228,37.8,1,0,0
366,goal_04,exito,3266,647.19,1,1,2
367,goal_04,col_exit,1237,38.87,1,0,0
368,goal_04,exito,3315,637.8,1,1,2
369,goal_04,col_exit,1187,32.01,1,0,1
370,goal_04,exito,3293,656.69,1,1,1
371,goal_04,col_exit,1207,31.92,1,0,1
372,goal_04,exito,3295,656.76,1,1,1
373,goal_04,col_exit,1183,34.04,1,0,0
374,goal_04,exito,3274,644.07,1,1,2
375,goal_04,col_return,2443,288.79,1,1,0
376,goal_04,col_return,2512,290.47,1,1,4
377,goal_04,col_exit,1150,26.63,1,0,2
378,goal_04,col_exit,1163,26.64,1,0,1
379,goal_04,exito,3219,660.69,1,1,1
380,goal_04,col_exit,1243,42.39,1,0,0
381,goal_04,col_exit,1145,24.13,1,0,2
382,goal_04,col_exit,1162,25.07,1,0,2
383,goal_04,exito,3211,664.49,1,1,0
384,goal_04,exito,3295,624.13,1,1,1
385,goal_04,col_exit,1242,40.5,1,0,0
386,goal_04,col_exit,1198,35.49,1,0,1
387,goal_04,exito,3224,649.64,1,1,2
388,goal_04,exito,3359,640.3,1,1,1
389,goal_04,col_exit,1225,36.76,1,0,0
390,goal_04,col_exit,1172,35.67,1,0,0
391,goal_04,col_exit,1144,24.6,1,0,2
392,goal_04,col_exit,1160,25.69,1,0,1
393,goal_04,exito,3206,662.96,1,1,0
394,goal_04,col_return,2516,280.0,1,1,1
395,goal_04,exito,3227,654.12,1,1,2
396,goal_04,col_exit,1178,20.13,1,0,3
397,goal_04,col_return,2484,286.11,1,1,3
398,goal_04,col_exit,1170,27.41,1,0,1
399,goal_04,col_exit,1181,30.42,1,0,1
400,goal_04,exito,3272,664.72,1,1,1
401,goal_05,col_exit,904,11.69,1,0,0
402,goal_05,col_return,2251,270.38,1,1,1
403,goal_05,col_return,2252,267.12,1,1,1
404,goal_05,col_return,2251,267.69,1,1,1
405,goal_05,col_return,2252,266.51,1,1,1
406,goal_05,col_return,2251,266.09,1,1,1
407,goal_05,col_exit,946,12.64,1,0,1
408,goal_05,col_return,2194,277.14,1,1,0
409,goal_05,exito,3023,598.88,1,1,4
410,goal_05,col_return,2249,272.12,1,1,1
411,goal_05,col_return,2243,270.07,1,1,2
412,goal_05,col_return,2261,261.55,1,1,3
413,goal_05,col_return,2251,273.38,1,1,1
414,goal_05,exito,2962,608.7,1,1,1
415,goal_05,exito,3123,611.03,1,1,5
416,goal_05,col_return,2204,270.22,1,1,2
417,goal_05,col_return,2179,275.4,1,1,0
418,goal_05,exito,2980,600.01,1,1,4
419,goal_05,col_exit,892,0.55,1,0,3
420,goal_05,col_return,2166,274.69,1,1,1
421,goal_05,exito,2943,616.07,1,1,1
422,goal_05,col_return,2386,258.17,1,1,6
423,goal_05,col_return,2157,269.95,1,1,1
424,goal_05,col_return,2231,276.59,1,1,1
425,goal_05,col_return,2254,264.44,1,1,3
426,goal_05,exito,2960,613.1,1,1,1
427,goal_05,col_exit,894,0.57,1,0,3
428,goal_05,col_return,2165,274.55,1,1,1
429,goal_05,col_return,2232,278.02,1,1,1
430,goal_05,exito,2947,614.78,1,1,1
431,goal_05,col_exit,901,1.78,1,0,3
432,goal_05,col_return,2197,271.15,1,1,2
433,goal_05,col_return,2206,268.7,1,1,1
434,goal_05,col_return,2247,273.39,1,1,1
435,goal_05,col_return,2252,273.41,1,1,1
436,goal_05,exito,2962,608.6,1,1,1
437,goal_05,exito,3123,611.11,1,1,5
438,goal_05,col_return,2205,270.06,1,1,2
439,goal_05,col_return,2178,275.44,1,1,0
440,goal_05,exito,2982,600.69,1,1,4
441,goal_05,col_exit,891,0.65,1,0,3
442,goal_05,col_return,2166,274.5,1,1,1
443,goal_05,col_return,2232,278.05,1,1,1
444,goal_05,exito,2946,616.86,1,1,1
445,goal_05,col_exit,907,-1.41,1,0,3
446,goal_05,col_return,2229,268.1,1,1,3
447,goal_05,col_return,2206,270.1,1,1,2
448,goal_05,col_return,2197,273.98,1,1,1
449,goal_05,col_return,2235,258.14,1,1,3
450,goal_05,col_return,2258,264.57,1,1,4
451,goal_05,col_return,2341,258.29,1,1,5
452,goal_05,col_return,2202,270.8,1,1,2
453,goal_05,col_return,2207,273.43,1,1,1
454,goal_05,col_return,2257,261.21,1,1,3
455,goal_05,col_return,2252,272.43,1,1,1
456,goal_05,exito,2960,609.85,1,1,1
457,goal_05,col_exit,896,-0.15,1,0,3
458,goal_05,col_return,2202,269.44,1,1,2
459,goal_05,col_return,2200,271.69,1,1,1
460,goal_05,col_return,2227,277.07,1,1,2
461,goal_05,exito,2956,613.2,1,1,1
462,goal_05,col_exit,889,2.87,1,0,2
463,goal_05,col_return,2173,274.52,1,1,1
464,goal_05,exito,2945,611.32,1,1,1
465,goal_05,col_exit,900,0.91,1,0,3
466,goal_05,col_return,2201,270.65,1,1,2
467,goal_05,col_return,2204,270.5,1,1,1
468,goal_05,col_return,2235,273.37,1,1,1
469,goal_05,col_return,2252,267.96,1,1,1
470,goal_05,exito,2962,608.71,1,1,1
471,goal_05,exito,3124,611.22,1,1,5
472,goal_05,col_return,2221,269.46,1,1,2
473,goal_05,col_return,2170,275.99,1,1,1
474,goal_05,col_return,2240,265.01,1,1,3
475,goal_05,exito,2979,600.0,1,1,4
476,goal_05,col_exit,867,3.65,1,0,2
477,goal_05,col_return,2170,275.36,1,1,1
478,goal_05,exito,2947,616.89,1,1,1
479,goal_05,col_exit,910,-1.56,1,0,3
480,goal_05,col_return,2222,267.85,1,1,2
481,goal_05,col_return,2206,270.64,1,1,2
482,goal_05,col_return,2195,272.2,1,1,0
483,goal_05,col_exit,879,2.44,1,0,3
484,goal_05,col_return,2168,273.57,1,1,2
485,goal_05,col_return,2210,277.16,1,1,2
486,goal_05,col_return,2262,260.5,1,1,3
487,goal_05,exito,2946,613.98,1,1,1
488,goal_05,col_exit,900,1.03,1,0,3
489,goal_05,col_return,2198,270.98,1,1,2
490,goal_05,col_return,2212,270.57,1,1,1
491,goal_05,col_return,2226,271.66,1,1,2
492,goal_05,col_return,2265,261.59,1,1,3
493,goal_05,exito,2960,608.97,1,1,1
494,goal_05,exito,3124,611.33,1,1,5
495,goal_05,col_return,2204,270.13,1,1,2
496,goal_05,col_return,2178,275.34,1,1,0
497,goal_05,exito,2980,600.37,1,1,4
498,goal_05,col_exit,892,0.7,1,0,3
499,goal_05,col_return,2167,274.53,1,1,1
500,goal_05,exito,2943,616.04,1,1,1
501,goal_06,col_exit,846,3.21,1,0,2
502,goal_06,col_return,2182,267.15,1,1,1
503,goal_06,col_return,2376,240.08,1,1,5
504,goal_06,col_return,2171,265.15,1,1,2
505,goal_06,col_return,2218,268.73,1,1,1
506,goal_06,exito,2937,606.0,1,1,3
507,goal_06,col_exit,837,3.92,1,0,2
508,goal_06,col_return,2185,273.42,1,1,1
509,goal_06,exito,3160,610.89,1,1,2
510,goal_06,col_return,2172,262.98,1,1,2
511,goal_06,col_return,2183,267.29,1,1,1
512,goal_06,col_return,2364,244.66,1,1,4
513,goal_06,col_return,2144,265.03,1,1,1
514,goal_06,exito,2950,602.64,1,1,3
515,goal_06,col_exit,838,3.12,1,0,2
516,goal_06,col_return,2200,272.93,1,1,1
517,goal_06,col_return,2316,257.12,1,1,4
518,goal_06,col_return,2163,271.32,1,1,0
519,goal_06,col_exit,856,-2.04,1,0,2
520,goal_06,col_return,2158,268.02,1,1,1
521,goal_06,col_return,2303,251.0,1,1,4
522,goal_06,col_return,2203,268.69,1,1,1
523,goal_06,exito,2950,601.02,1,1,3
524,goal_06,col_exit,834,2.36,1,0,1
525,goal_06,col_return,2201,273.04,1,1,1
526,goal_06,exito,3085,601.88,1,1,5
527,goal_06,col_return,2175,269.51,1,1,1
528,goal_06,exito,2950,600.04,1,1,3
529,goal_06,col_exit,837,4.19,1,0,2
530,goal_06,col_return,2204,271.92,1,1,1
531,goal_06,col_exit,855,-0.84,1,0,2
532,goal_06,col_return,2169,265.79,1,1,1
533,goal_06,exito,2945,603.57,1,1,3
534,goal_06,col_exit,840,2.23,1,0,2
535,goal_06,col_return,2172,271.82,1,1,0
536,goal_06,col_exit,869,-6.76,1,0,2
537,goal_06,col_return,2169,265.62,1,1,1
538,goal_06,exito,2945,598.51,1,1,3
539,goal_06,col_exit,835,1.39,1,0,1
540,goal_06,col_return,2190,269.02,1,1,1
541,goal_06,col_return,2323,255.63,1,1,4
542,goal_06,col_return,2170,270.92,1,1,1
543,goal_06,col_return,2332,254.83,1,1,4
544,goal_06,col_return,2166,272.9,1,1,1
545,goal_06,col_return,2339,255.6,1,1,4
546,goal_06,col_return,2161,270.95,1,1,1
547,goal_06,col_return,2345,255.22,1,1,4
548,goal_06,col_return,2164,269.38,1,1,1
549,goal_06,col_return,2141,257.49,1,1,3
550,goal_06,col_exit,861,1.43,1,0,1
551,goal_06,exito,2948,603.3,1,1,3
552,goal_06,col_exit,838,3.05,1,0,2
553,goal_06,col_return,2201,272.51,1,1,1
554,goal_06,col_return,2317,257.09,1,1,4
555,goal_06,col_return,2156,268.73,1,1,1
556,goal_06,col_exit,860,-2.73,1,0,2
557,goal_06,col_return,2160,268.01,1,1,0
558,goal_06,col_return,2303,251.13,1,1,4
559,goal_06,col_return,2203,268.62,1,1,1
560,goal_06,exito,2950,601.04,1,1,3
561,goal_06,col_exit,834,2.32,1,0,1
562,goal_06,col_return,2203,273.36,1,1,1
563,goal_06,col_return,2349,254.34,1,1,5
564,goal_06,col_return,2158,269.03,1,1,1
565,goal_06,exito,2985,597.93,1,1,3
566,goal_06,col_exit,849,-2.15,1,0,2
567,goal_06,col_return,2158,275.09,1,1,1
568,goal_06,col_return,2313,253.04,1,1,4
569,goal_06,col_return,2193,275.66,1,1,1
570,goal_06,col_return,2316,254.96,1,1,4
571,goal_06,col_return,2173,275.56,1,1,1
572,goal_06,col_exit,848,-0.85,1,0,2
573,goal_06,col_return,2158,269.41,1,1,1
574,goal_06,col_return,2141,257.5,1,1,3
575,goal_06,col_exit,861,1.42,1,0,1
576,goal_06,exito,2948,603.47,1,1,3
577,goal_06,col_exit,838,3.21,1,0,2
578,goal_06,col_return,2201,273.05,1,1,1
579,goal_06,col_return,2317,257.36,1,1,4
580,goal_06,col_return,2156,268.9,1,1,1
581,goal_06,col_exit,860,-2.64,1,0,2
582,goal_06,col_return,2160,267.97,1,1,0
583,goal_06,col_return,2303,251.11,1,1,4
584,goal_06,col_return,2193,265.34,1,1,1
585,goal_06,col_exit,838,2.48,1,0,2
586,goal_06,col_return,2157,275.53,1,1,0
587,goal_06,exito,3194,611.25,1,1,2
588,goal_06,exito,2938,624.94,1,1,2
589,goal_06,col_return,2173,265.09,1,1,2
590,goal_06,col_return,2218,268.72,1,1,1
591,goal_06,exito,2937,605.99,1,1,3
592,goal_06,col_exit,837,3.95,1,0,2
593,goal_06,col_return,2185,273.4,1,1,1
594,goal_06,exito,3160,611.08,1,1,2
595,goal_06,col_return,2159,263.8,1,1,2
596,goal_06,col_return,2203,268.7,1,1,1
597,goal_06,exito,2952,601.4,1,1,3
598,goal_06,col_exit,840,2.15,1,0,2
599,goal_06,col_return,2195,272.51,1,1,1
600,goal_06,col_return,2314,256.25,1,1,4
601,goal_07,col_return,2188,249.26,1,1,3
602,goal_07,col_exit,807,-9.33,1,0,1
603,goal_07,col_exit,796,-12.02,1,0,2
604,goal_07,col_return,2139,257.96,1,1,1
605,goal_07,col_exit,792,-8.22,1,0,1
606,goal_07,col_exit,803,-9.68,1,0,2
607,goal_07,col_return,2148,250.46,1,1,3
608,goal_07,col_exit,788,-5.19,1,0,1
609,goal_07,col_exit,795,-9.62,1,0,1
610,goal_07,col_return,2159,253.59,1,1,3
611,goal_07,col_exit,809,-8.37,1,0,1
612,goal_07,col_exit,784,-9.07,1,0,1
613,goal_07,exito,2884,587.69,1,1,3
614,goal_07,col_exit,803,-5.15,1,0,0
615,goal_07,col_exit,787,-8.75,1,0,1
616,goal_07,col_exit,800,-11.94,1,0,2
617,goal_07,col_return,2136,252.54,1,1,3
618,goal_07,col_exit,803,-8.45,1,0,1
619,goal_07,col_exit,788,-8.86,1,0,1
620,goal_07,col_return,2156,254.81,1,1,3
621,goal_07,col_exit,793,-8.41,1,0,1
622,goal_07,col_exit,800,-9.6,1,0,1
623,goal_07,col_return,2144,254.95,1,1,3
624,goal_07,col_exit,807,-11.6,1,0,1
625,goal_07,col_return,2209,248.06,1,1,3
626,goal_07,col_exit,792,-8.82,1,0,1
627,goal_07,col_return,2301,240.58,1,1,4
628,goal_07,col_return,2136,251.64,1,1,3
629,goal_07,col_exit,809,-8.38,1,0,1
630,goal_07,col_exit,784,-9.11,1,0,1
631,goal_07,exito,2883,587.52,1,1,3
632,goal_07,col_exit,804,-5.03,1,0,0
633,goal_07,col_exit,787,-8.95,1,0,1
634,goal_07,col_exit,800,-11.62,1,0,2
635,goal_07,col_return,2136,252.55,1,1,3
636,goal_07,col_exit,802,-8.3,1,0,1
637,goal_07,col_exit,788,-8.91,1,0,1
638,goal_07,col_return,2158,254.2,1,1,3
639,goal_07,col_exit,792,-8.42,1,0,1
640,goal_07,col_exit,799,-9.63,1,0,1
641,goal_07,col_return,2145,255.35,1,1,3
642,goal_07,col_exit,807,-11.61,1,0,1
643,goal_07,col_return,2209,248.17,1,1,3
644,goal_07,col_exit,792,-8.83,1,0,1
645,goal_07,col_return,2301,240.58,1,1,4
646,goal_07,col_return,2136,251.62,1,1,3
647,goal_07,col_exit,809,-8.88,1,0,1
648,goal_07,col_exit,784,-9.02,1,0,1
649,goal_07,exito,2883,587.74,1,1,3
650,goal_07,col_exit,804,-4.92,1,0,0
651,goal_07,col_exit,787,-8.95,1,0,1
652,goal_07,col_exit,800,-11.6,1,0,2
653,goal_07,col_return,2136,252.51,1,1,3
654,goal_07,col_exit,804,-8.91,1,0,1
655,goal_07,col_exit,790,-8.91,1,0,2
656,goal_07,col_return,2153,252.96,1,1,3
657,goal_07,col_exit,792,-8.34,1,0,1
658,goal_07,col_exit,800,-9.64,1,0,1
659,goal_07,col_return,2145,254.9,1,1,3
660,goal_07,col_exit,807,-10.96,1,0,1
661,goal_07,col_return,2209,248.17,1,1,3
662,goal_07,col_exit,792,-8.9,1,0,1
663,goal_07,col_return,2301,240.61,1,1,4
664,goal_07,col_return,2136,251.62,1,1,3
665,goal_07,col_exit,809,-8.38,1,0,1
666,goal_07,col_exit,784,-9.09,1,0,1
667,goal_07,exito,2884,587.67,1,1,3
668,goal_07,col_exit,803,-5.12,1,0,0
669,goal_07,col_exit,787,-8.74,1,0,1
670,goal_07,col_exit,800,-11.63,1,0,2
671,goal_07,col_return,2136,252.54,1,1,3
672,goal_07,col_exit,802,-8.32,1,0,1
673,goal_07,col_exit,788,-8.92,1,0,1
674,goal_07,col_return,2158,254.44,1,1,3
675,goal_07,col_exit,792,-8.43,1,0,1
676,goal_07,col_exit,800,-9.6,1,0,1
677,goal_07,col_return,2144,254.9,1,1,3
678,goal_07,col_exit,807,-11.61,1,0,1
679,goal_07,exito,2920,584.45,1,1,3
680,goal_07,col_exit,822,-9.67,1,0,1
681,goal_07,col_exit,785,-9.43,1,0,1
682,goal_07,exito,2884,583.27,1,1,3
683,goal_07,col_exit,804,-4.57,1,0,0
684,goal_07,col_exit,785,-8.65,1,0,1
685,goal_07,col_exit,808,-11.73,1,0,2
686,goal_07,col_return,2132,252.7,1,1,3
687,goal_07,col_exit,800,-8.44,1,0,1
688,goal_07,col_exit,785,-9.04,1,0,1
689,goal_07,exito,2883,587.29,1,1,3
690,goal_07,col_exit,806,-4.84,1,0,0
691,goal_07,col_exit,789,-8.81,1,0,1
692,goal_07,col_return,2185,249.04,1,1,3
693,goal_07,col_exit,793,-8.36,1,0,1
694,goal_07,col_exit,799,-9.54,1,0,1
695,goal_07,col_return,2145,255.45,1,1,3
696,goal_07,col_exit,807,-11.57,1,0,1
697,goal_07,exito,2920,584.43,1,1,3
698,goal_07,col_exit,821,-9.73,1,0,1
699,goal_07,col_exit,785,-9.34,1,0,1
700,goal_07,exito,2884,583.05,1,1,3
701,goal_08,exito,3439,668.76,1,1,0
702,goal_08,exito,3452,670.91,1,1,2
703,goal_08,col_return,2746,304.09,1,1,1
704,goal_08,exito,3455,672.69,1,1,0
705,goal_08,col_return,2718,312.35,1,1,1
706,goal_08,exito,3464,657.34,1,1,0
707,goal_08,exito,3477,679.49,1,1,0
708,goal_08,col_return,2793,317.57,1,1,1
709,goal_08,exito,3498,651.01,1,1,0
710,goal_08,exito,3471,683.6,1,1,0
711,goal_08,exito,3473,659.19,1,1,1
712,goal_08,exito,3443,668.57,1,1,0
713,goal_08,exito,3452,671.05,1,1,2
714,goal_08,col_return,2732,309.04,1,1,0
715,goal_08,exito,3449,675.07,1,1,0
716,goal_08,col_return,2699,320.59,1,1,0
717,goal_08,exito,3440,668.54,1,1,0
718,goal_08,exito,3486,676.14,1,1,2
719,goal_08,exito,3566,661.15,1,1,1
720,goal_08,exito,3489,655.87,1,1,0
721,goal_08,exito,3433,680.02,1,1,0
722,goal_08,col_return,2698,314.84,1,1,1
723,goal_08,exito,3459,669.5,1,1,0
724,goal_08,col_return,2685,319.64,1,1,1
725,goal_08,exito,3493,653.38,1,1,0
726,goal_08,exito,3434,682.37,1,1,0
727,goal_08,col_return,2680,313.22,1,1,1
728,goal_08,exito,3459,667.42,1,1,0
729,goal_08,col_return,2678,319.35,1,1,1
730,goal_08,exito,3490,653.29,1,1,0
731,goal_08,exito,3434,681.9,1,1,0
732,goal_08,col_return,2685,315.43,1,1,1
733,goal_08,exito,3458,665.92,1,1,0
734,goal_08,col_return,2669,319.01,1,1,0
735,goal_08,exito,3494,654.72,1,1,0
736,goal_08,exito,3435,681.75,1,1,0
737,goal_08,col_return,2679,317.57,1,1,1
738,goal_08,exito,3460,669.92,1,1,0
739,goal_08,col_return,2687,319.49,1,1,1
740,goal_08,exito,3490,654.83,1,1,0
741,goal_08,exito,3434,682.23,1,1,0
742,goal_08,col_return,2671,318.4,1,1,1
743,goal_08,exito,3456,670.84,1,1,0
744,goal_08,col_return,2691,319.8,1,1,0
745,goal_08,exito,3493,650.91,1,1,0
746,goal_08,exito,3433,681.99,1,1,0
747,goal_08,col_return,2670,318.41,1,1,1
748,goal_08,exito,3457,671.17,1,1,0
749,goal_08,col_return,2688,319.68,1,1,0
750,goal_08,exito,3492,652.96,1,1,0
751,goal_08,exito,3433,681.66,1,1,0
752,goal_08,col_return,2689,317.43,1,1,1
753,goal_08,exito,3456,667.86,1,1,0
754,goal_08,col_return,2683,319.39,1,1,1
755,goal_08,exito,3495,652.07,1,1,0
756,goal_08,exito,3434,682.45,1,1,0
757,goal_08,col_return,2676,315.34,1,1,1
758,goal_08,exito,3459,666.27,1,1,0
759,goal_08,col_return,2675,318.58,1,1,0
760,goal_08,exito,3490,655.23,1,1,0
761,goal_08,exito,3430,681.3,1,1,0
762,goal_08,col_return,2679,317.41,1,1,1
763,goal_08,exito,3460,669.59,1,1,0
764,goal_08,col_return,2676,318.66,1,1,0
765,goal_08,exito,3492,655.58,1,1,0
766,goal_08,exito,3434,681.38,1,1,0
767,goal_08,col_return,2681,317.52,1,1,1
768,goal_08,exito,3461,670.52,1,1,0
769,goal_08,col_return,2692,319.36,1,1,1
770,goal_08,exito,3497,650.94,1,1,0
771,goal_08,exito,3435,682.74,1,1,0
772,goal_08,col_return,2668,321.01,1,1,1
773,goal_08,exito,3458,670.01,1,1,0
774,goal_08,col_return,2684,318.93,1,1,0
775,goal_08,exito,3493,651.25,1,1,0
776,goal_08,exito,3434,682.17,1,1,0
777,goal_08,col_return,2683,316.83,1,1,1
778,goal_08,exito,3456,667.29,1,1,0
779,goal_08,col_return,2682,319.64,1,1,1
780,goal_08,exito,3493,653.46,1,1,0
781,goal_08,exito,3434,682.43,1,1,0
782,goal_08,col_return,2680,313.33,1,1,1
783,goal_08,exito,3459,667.63,1,1,0
784,goal_08,col_return,2678,319.35,1,1,1
785,goal_08,exito,3490,653.73,1,1,0
786,goal_08,exito,3433,682.22,1,1,0
787,goal_08,col_return,2676,317.62,1,1,1
788,goal_08,exito,3460,667.71,1,1,0
789,goal_08,col_return,2677,318.75,1,1,0
790,goal_08,exito,3493,654.66,1,1,0
791,goal_08,exito,3434,681.57,1,1,0
792,goal_08,col_return,2680,317.26,1,1,1
793,goal_08,exito,3458,670.22,1,1,0
794,goal_08,col_return,2689,319.56,1,1,1
795,goal_08,exito,3489,655.35,1,1,0
796,goal_08,exito,3434,682.2,1,1,0
797,goal_08,col_return,2670,317.9,1,1,1
798,goal_08,exito,3460,671.45,1,1,0
799,goal_08,col_return,2689,319.25,1,1,0
800,goal_08,exito,3492,651.52,1,1,0
801,goal_09,col_return,2563,297.43,1,1,2
802,goal_09,exito,3337,650.33,1,1,0
803,goal_09,col_return,2603,302.93,1,1,1
804,goal_09,exito,3330,655.82,1,1,0
805,goal_09,col_return,2555,292.18,1,1,1
806,goal_09,exito,3347,650.63,1,1,0
807,goal_09,exito,3329,631.87,1,1,0
808,goal_09,exito,3325,660.6,1,1,2
809,goal_09,exito,3308,652.12,1,1,0
810,goal_09,col_return,2558,301.23,1,1,1
811,goal_09,exito,3345,655.08,1,1,0
812,goal_09,col_return,2562,295.08,1,1,1
813,goal_09,exito,3317,655.38,1,1,0
814,goal_09,col_return,2611,294.02,1,1,0
815,goal_09,exito,3350,656.35,1,1,0
816,goal_09,exito,3352,626.15,1,1,0
817,goal_09,exito,3340,653.8,1,1,2
818,goal_09,exito,3358,639.64,1,1,0
819,goal_09,exito,3329,639.06,1,1,3
820,goal_09,exito,3342,650.67,1,1,0
821,goal_09,col_return,2573,302.14,1,1,1
822,goal_09,exito,3307,660.24,1,1,0
823,goal_09,col_return,2563,287.13,1,1,1
824,goal_09,exito,3326,651.63,1,1,0
825,goal_09,exito,3334,637.11,1,1,0
826,goal_09,col_return,2553,299.54,1,1,2
827,goal_09,exito,3349,647.85,1,1,0
828,goal_09,col_return,2570,297.68,1,1,1
829,goal_09,exito,3321,657.95,1,1,0
830,goal_09,col_return,2541,294.17,1,1,1
831,goal_09,exito,3322,649.92,1,1,0
832,goal_09,exito,3353,625.93,1,1,0
833,goal_09,exito,3332,653.14,1,1,2
834,goal_09,exito,3353,643.67,1,1,0
835,goal_09,col_return,2557,297.92,1,1,2
836,goal_09,exito,3313,652.27,1,1,0
837,goal_09,exito,3354,644.57,1,1,1
838,goal_09,exito,3315,657.78,1,1,0
839,goal_09,col_return,2584,291.94,1,1,1
840,goal_09,exito,3324,652.38,1,1,0
841,goal_09,exito,3335,637.93,1,1,0
842,goal_09,col_return,2556,299.73,1,1,2
843,goal_09,exito,3354,647.69,1,1,0
844,goal_09,col_return,2571,297.59,1,1,1
845,goal_09,exito,3321,657.63,1,1,0
846,goal_09,col_return,2541,294.19,1,1,1
847,goal_09,exito,3348,652.12,1,1,0
848,goal_09,col_return,2622,286.31,1,1,0
849,goal_09,exito,3318,659.29,1,1,0
850,goal_09,exito,3323,644.89,1,1,0
851,goal_09,col_return,2539,301.76,1,1,1
852,goal_09,exito,3335,653.94,1,1,0
853,goal_09,exito,3347,641.07,1,1,1
854,goal_09,exito,3374,653.15,1,1,0
855,goal_09,exito,3368,641.96,1,1,1
856,goal_09,exito,3365,655.02,1,1,0
857,goal_09,col_return,2564,294.0,1,1,1
858,goal_09,exito,3319,655.63,1,1,0
859,goal_09,exito,3313,636.0,1,1,0
860,goal_09,col_return,2545,296.93,1,1,2
861,goal_09,exito,3334,650.28,1,1,0
862,goal_09,col_return,2603,302.39,1,1,1
863,goal_09,exito,3313,659.93,1,1,0
864,goal_09,col_return,2547,289.75,1,1,1
865,goal_09,exito,3353,651.5,1,1,0
866,goal_09,col_return,2623,292.76,1,1,0
867,goal_09,exito,3316,654.59,1,1,0
868,goal_09,exito,3312,645.41,1,1,0
869,goal_09,col_return,2552,294.92,1,1,1
870,goal_09,exito,3321,657.27,1,1,0
871,goal_09,exito,3383,654.2,1,1,1
872,goal_09,exito,3319,657.9,1,1,0
873,goal_09,col_return,2562,293.47,1,1,1
874,goal_09,exito,3345,652.97,1,1,0
875,goal_09,col_return,2636,281.33,1,1,0
876,goal_09,exito,3327,659.38,1,1,0
877,goal_09,exito,3326,642.19,1,1,0
878,goal_09,col_return,2553,300.13,1,1,2
879,goal_09,exito,3336,648.71,1,1,0
880,goal_09,col_return,2602,302.54,1,1,1
881,goal_09,exito,3319,658.53,1,1,0
882,goal_09,col_return,2546,293.37,1,1,1
883,goal_09,exito,3350,653.03,1,1,0
884,goal_09,col_return,2633,284.81,1,1,1
885,goal_09,exito,3329,658.94,1,1,0
886,goal_09,exito,3323,638.74,1,1,0
887,goal_09,col_return,2543,301.57,1,1,2
888,goal_09,exito,3337,650.61,1,1,0
889,goal_09,col_return,2618,298.89,1,1,1
890,goal_09,exito,3319,658.09,1,1,0
891,goal_09,col_return,2551,293.42,1,1,1
892,goal_09,exito,3344,652.87,1,1,0
893,goal_09,col_return,2608,286.64,1,1,0
894,goal_09,exito,3319,663.92,1,1,0
895,goal_09,exito,3308,649.3,1,1,0
896,goal_09,col_return,2558,299.96,1,1,1
897,goal_09,exito,3341,655.49,1,1,0
898,goal_09,exito,3347,641.37,1,1,1
899,goal_09,exito,3381,653.24,1,1,0
900,goal_09,exito,3370,642.64,1,1,1
901,goal_10,col_return,2346,263.2,1,1,2
902,goal_10,exito,3151,630.17,1,1,0
903,goal_10,exito,3104,635.69,1,1,0
904,goal_10,col_exit,1093,6.25,1,0,1
905,goal_10,col_return,2357,261.13,1,1,1
906,goal_10,exito,3125,624.31,1,1,2
907,goal_10,exito,3107,636.35,1,1,0
908,goal_10,exito,3126,624.98,1,1,0
909,goal_10,col_exit,1052,9.12,1,0,1
910,goal_10,col_return,2331,262.62,1,1,1
911,goal_10,exito,3131,628.02,1,1,2
912,goal_10,exito,3106,639.67,1,1,0
913,goal_10,exito,3127,630.33,1,1,0
914,goal_10,col_exit,1051,10.6,1,0,1
915,goal_10,col_return,2367,263.6,1,1,2
916,goal_10,exito,3107,631.23,1,1,0
917,goal_10,exito,3130,629.24,1,1,0
918,goal_10,exito,3109,628.25,1,1,0
919,goal_10,col_exit,1039,5.67,1,0,1
920,goal_10,col_return,2323,263.61,1,1,1
921,goal_10,exito,3133,625.28,1,1,2
922,goal_10,exito,3105,636.33,1,1,0
923,goal_10,exito,3124,624.39,1,1,0
924,goal_10,col_exit,1025,14.11,1,0,0
925,goal_10,col_return,2346,262.93,1,1,1
926,goal_10,exito,3121,625.1,1,1,2
927,goal_10,exito,3118,638.6,1,1,0
928,goal_10,exito,3128,630.9,1,1,0
929,goal_10,col_exit,1037,14.86,1,0,0
930,goal_10,col_return,2369,262.29,1,1,1
931,goal_10,exito,3104,622.6,1,1,2
932,goal_10,exito,3095,631.52,1,1,0
933,goal_10,exito,3100,633.83,1,1,0
934,goal_10,col_exit,1064,8.79,1,0,1
935,goal_10,col_return,2360,259.89,1,1,1
936,goal_10,exito,3120,623.84,1,1,2
937,goal_10,exito,3103,637.38,1,1,0
938,goal_10,exito,3137,626.18,1,1,0
939,goal_10,col_exit,1047,13.22,1,0,1
940,goal_10,col_return,2337,262.7,1,1,1
941,goal_10,exito,3126,625.05,1,1,2
942,goal_10,exito,3109,639.17,1,1,0
943,goal_10,exito,3128,631.22,1,1,0
944,goal_10,col_exit,1051,15.18,1,0,1
945,goal_10,col_return,2374,262.1,1,1,2
946,goal_10,exito,3109,630.98,1,1,0
947,goal_10,exito,3166,627.71,1,1,0
948,goal_10,col_exit,1104,6.82,1,0,1
949,goal_10,col_return,2331,262.33,1,1,1
950,goal_10,exito,3131,628.37,1,1,2
951,goal_10,exito,3106,639.53,1,1,0
952,goal_10,exito,3127,630.24,1,1,0
953,goal_10,col_exit,1051,10.63,1,0,1
954,goal_10,col_return,2367,263.81,1,1,2
955,goal_10,exito,3107,631.26,1,1,0
956,goal_10,exito,3128,629.64,1,1,0
957,goal_10,exito,3093,631.65,1,1,0
958,goal_10,col_exit,1044,11.78,1,0,1
959,goal_10,col_return,2322,266.76,1,1,1
960,goal_10,exito,3152,624.08,1,1,2
961,goal_10,exito,3116,636.08,1,1,0
962,goal_10,exito,3120,624.04,1,1,0
963,goal_10,col_exit,1022,13.36,1,0,0
964,goal_10,col_return,2337,264.18,1,1,1
965,goal_10,exito,3125,626.03,1,1,2
966,goal_10,exito,3107,639.37,1,1,0
967,goal_10,exito,3128,631.68,1,1,0
968,goal_10,col_exit,1044,15.6,1,0,0
969,goal_10,col_return,2367,262.89,1,1,1
970,goal_10,exito,3115,625.9,1,1,2
971,goal_10,exito,3099,631.51,1,1,0
972,goal_10,exito,3097,633.26,1,1,0
973,goal_10,col_exit,1069,15.83,1,0,1
974,goal_10,col_return,2356,261.34,1,1,1
975,goal_10,exito,3126,624.26,1,1,2
976,goal_10,exito,3109,636.16,1,1,0
977,goal_10,exito,3124,624.66,1,1,0
978,goal_10,col_exit,1037,14.76,1,0,0
979,goal_10,col_return,2337,264.12,1,1,1
980,goal_10,exito,3126,625.16,1,1,2
981,goal_10,exito,3109,639.13,1,1,0
982,goal_10,exito,3126,630.96,1,1,0
983,goal_10,col_exit,1052,15.25,1,0,0
984,goal_10,col_return,2374,262.86,1,1,2
985,goal_10,exito,3107,631.12,1,1,0
986,goal_10,exito,3124,631.3,1,1,0
987,goal_10,exito,3095,631.52,1,1,0
988,goal_10,col_exit,1037,14.27,1,0,0
989,goal_10,col_return,2331,265.12,1,1,1
990,goal_10,exito,3107,621.84,1,1,2
991,goal_10,exito,3102,636.55,1,1,0
992,goal_10,exito,3139,626.03,1,1,0
993,goal_10,col_exit,1072,12.04,1,0,1
994,goal_10,col_return,2335,262.87,1,1,1
995,goal_10,exito,3128,626.5,1,1,2
996,goal_10,exito,3107,638.95,1,1,0
997,goal_10,exito,3125,631.49,1,1,0
998,goal_10,col_exit,1057,11.91,1,0,1
999,goal_10,col_return,2369,262.72,1,1,2
1000,goal_10,exito,3108,630.88,1,1,0
1001,goal_11,exito,3749,716.97,1,1,1
1002,goal_11,exito,3722,710.04,1,1,3
1003,goal_11,exito,3791,723.64,1,1,1
1004,goal_11,col_exit,1712,97.73,1,0,0
1005,goal_11,exito,3730,728.34,1,1,0
1006,goal_11,exito,3739,719.69,1,1,2
1007,goal_11,exito,3728,726.97,1,1,1
1008,goal_11,exito,3781,720.73,1,1,2
1009,goal_11,exito,3715,721.57,1,1,1
1010,goal_11,exito,3764,719.93,1,1,2
1011,goal_11,exito,3757,724.32,1,1,1
1012,goal_11,col_exit,1664,91.08,1,0,2
1013,goal_11,exito,3704,729.09,1,1,0
1014,goal_11,exito,3742,727.25,1,1,0
1015,goal_11,exito,3711,732.97,1,1,0
1016,goal_11,exito,3724,731.64,1,1,0
1017,goal_11,exito,3788,727.99,1,1,0
1018,goal_11,exito,3703,732.87,1,1,0
1019,goal_11,exito,3724,729.87,1,1,0
1020,goal_11,exito,3733,728.11,1,1,0
1021,goal_11,exito,3737,718.3,1,1,2
1022,goal_11,exito,3757,723.48,1,1,2
1023,goal_11,exito,3729,726.8,1,1,0
1024,goal_11,col_exit,1635,91.8,1,0,2
1025,goal_11,exito,3718,731.12,1,1,0
1026,goal_11,exito,3749,727.8,1,1,0
1027,goal_11,exito,3706,732.55,1,1,0
1028,goal_11,exito,3724,730.25,1,1,0
1029,goal_11,exito,3731,727.7,1,1,0
1030,goal_11,col_exit,1686,87.06,1,0,3
1031,goal_11,exito,3699,729.63,1,1,0
1032,goal_11,col_return,3089,374.53,1,1,0
1033,goal_11,exito,3701,725.01,1,1,0
1034,goal_11,exito,3731,724.41,1,1,0
1035,goal_11,exito,3721,727.4,1,1,0
1036,goal_11,exito,3713,731.62,1,1,0
1037,goal_11,exito,3746,727.17,1,1,0
1038,goal_11,exito,3705,733.21,1,1,0
1039,goal_11,exito,3726,730.61,1,1,0
1040,goal_11,exito,3734,728.72,1,1,0
1041,goal_11,exito,3739,719.32,1,1,2
1042,goal_11,exito,3729,726.91,1,1,1
1043,goal_11,exito,3781,720.69,1,1,2
1044,goal_11,exito,3739,719.7,1,1,2
1045,goal_11,exito,3729,726.92,1,1,1
1046,goal_11,exito,3781,722.17,1,1,2
1047,goal_11,exito,3715,722.16,1,1,1
1048,goal_11,col_exit,1687,92.23,1,0,2
1049,goal_11,exito,3774,716.07,1,1,0
1050,goal_11,exito,3733,719.28,1,1,0
1051,goal_11,exito,3702,729.55,1,1,0
1052,goal_11,exito,3789,718.88,1,1,0
1053,goal_11,exito,3723,726.34,1,1,0
1054,goal_11,exito,3708,731.65,1,1,0
1055,goal_11,exito,3786,724.22,1,1,0
1056,goal_11,exito,3725,729.78,1,1,0
1057,goal_11,exito,3715,731.46,1,1,0
1058,goal_11,exito,3790,723.64,1,1,0
1059,goal_11,exito,3717,732.25,1,1,0
1060,goal_11,exito,3718,731.46,1,1,0
1061,goal_11,exito,3785,726.49,1,1,0
1062,goal_11,exito,3716,732.61,1,1,0
1063,goal_11,exito,3721,731.34,1,1,0
1064,goal_11,exito,3731,728.84,1,1,0
1065,goal_11,exito,3724,722.05,1,1,1
1066,goal_11,exito,3755,723.12,1,1,2
1067,goal_11,exito,3726,727.45,1,1,0
1068,goal_11,col_exit,1636,90.75,1,0,2
1069,goal_11,exito,3718,731.2,1,1,0
1070,goal_11,exito,3744,728.15,1,1,0
1071,goal_11,exito,3704,732.05,1,1,0
1072,goal_11,exito,3733,729.65,1,1,0
1073,goal_11,exito,3731,727.76,1,1,0
1074,goal_11,exito,3766,708.65,1,1,3
1075,goal_11,exito,3728,728.73,1,1,0
1076,goal_11,exito,3757,724.32,1,1,1
1077,goal_11,col_exit,1684,88.7,1,0,3
1078,goal_11,exito,3699,729.01,1,1,0
1079,goal_11,exito,3784,720.37,1,1,0
1080,goal_11,exito,3725,726.04,1,1,0
1081,goal_11,exito,3708,731.37,1,1,0
1082,goal_11,exito,3743,728.0,1,1,0
1083,goal_11,exito,3710,734.01,1,1,0
1084,goal_11,exito,3721,730.98,1,1,0
1085,goal_11,exito,3735,728.98,1,1,0
1086,goal_11,exito,3713,727.96,1,1,0
1087,goal_11,exito,3763,722.74,1,1,2
1088,goal_11,exito,3726,726.83,1,1,0
1089,goal_11,col_exit,1636,90.95,1,0,2
1090,goal_11,exito,3719,731.2,1,1,0
1091,goal_11,exito,3744,728.15,1,1,0
1092,goal_11,exito,3705,732.31,1,1,0
1093,goal_11,exito,3731,729.9,1,1,0
1094,goal_11,exito,3731,727.92,1,1,0
1095,goal_11,exito,3895,704.11,1,1,2
1096,goal_11,exito,3706,731.97,1,1,0
1097,goal_11,exito,3788,724.54,1,1,0
1098,goal_11,exito,3724,729.95,1,1,0
1099,goal_11,exito,3716,731.27,1,1,0
1100,goal_11,exito,3789,724.77,1,1,0
1101,goal_12,col_exit,1435,69.73,1,0,0
1102,goal_12,col_exit,1487,69.39,1,0,0
1103,goal_12,exito,3483,683.82,1,1,2
1104,goal_12,col_return,2725,330.88,1,1,1
1105,goal_12,exito,3545,690.48,1,1,2
1106,goal_12,col_exit,1506,71.29,1,0,0
1107,goal_12,exito,3503,678.02,1,1,2
1108,goal_12,exito,3575,676.81,1,1,1
1109,goal_12,exito,3523,690.14,1,1,0
1110,goal_12,col_exit,1414,63.46,1,0,1
1111,goal_12,col_exit,1467,68.1,1,0,0
1112,goal_12,exito,3483,683.88,1,1,2
1113,goal_12,col_return,2725,330.94,1,1,1
1114,goal_12,exito,3545,690.48,1,1,2
1115,goal_12,col_exit,1506,70.55,1,0,0
1116,goal_12,exito,3503,678.4,1,1,2
1117,goal_12,exito,3575,677.06,1,1,1
1118,goal_12,exito,3523,690.23,1,1,0
1119,goal_12,col_exit,1415,63.37,1,0,1
1120,goal_12,col_exit,1466,68.14,1,0,0
1121,goal_12,exito,3483,683.9,1,1,2
1122,goal_12,col_return,2726,330.89,1,1,1
1123,goal_12,exito,3546,690.69,1,1,2
1124,goal_12,col_exit,1504,70.39,1,0,0
1125,goal_12,exito,3503,678.38,1,1,2
1126,goal_12,exito,3575,677.03,1,1,1
1127,goal_12,exito,3522,689.66,1,1,0
1128,goal_12,col_exit,1415,63.64,1,0,1
1129,goal_12,col_exit,1467,68.11,1,0,0
1130,goal_12,exito,3483,683.94,1,1,2
1131,goal_12,col_return,2725,330.94,1,1,1
1132,goal_12,exito,3544,690.37,1,1,2
1133,goal_12,col_exit,1507,70.84,1,0,0
1134,goal_12,exito,3503,678.11,1,1,2
1135,goal_12,exito,3575,677.21,1,1,1
1136,goal_12,exito,3522,689.97,1,1,0
1137,goal_12,col_exit,1415,63.73,1,0,1
1138,goal_12,col_exit,1467,68.17,1,0,0
1139,goal_12,exito,3483,683.8,1,1,2
1140,goal_12,col_return,2725,330.95,1,1,1
1141,goal_12,exito,3544,690.36,1,1,2
1142,goal_12,col_exit,1507,70.86,1,0,0
1143,goal_12,exito,3503,678.42,1,1,2
1144,goal_12,exito,3574,677.13,1,1,1
1145,goal_12,exito,3523,689.67,1,1,0
1146,goal_12,col_exit,1415,63.7,1,0,1
1147,goal_12,col_exit,1467,68.09,1,0,0
1148,goal_12,exito,3483,683.9,1,1,2
1149,goal_12,col_return,2726,331.01,1,1,1
1150,goal_12,exito,3544,691.0,1,1,2
1151,goal_12,col_exit,1506,70.68,1,0,0
1152,goal_12,exito,3503,677.97,1,1,2
1153,goal_12,exito,3574,677.13,1,1,1
1154,goal_12,exito,3523,690.5,1,1,0
1155,goal_12,col_exit,1417,63.58,1,0,1
1156,goal_12,col_exit,1465,70.16,1,0,0
1157,goal_12,exito,3483,683.95,1,1,2
1158,goal_12,col_return,2726,331.03,1,1,1
1159,goal_12,exito,3544,691.06,1,1,2
1160,goal_12,col_exit,1506,70.63,1,0,0
1161,goal_12,exito,3503,678.21,1,1,2
1162,goal_12,exito,3575,676.81,1,1,1
1163,goal_12,exito,3522,690.04,1,1,0
1164,goal_12,col_exit,1415,63.55,1,0,1
1165,goal_12,col_exit,1467,68.12,1,0,0
1166,goal_12,exito,3483,683.91,1,1,2
1167,goal_12,col_return,2725,330.85,1,1,1
1168,goal_12,exito,3545,690.51,1,1,2
1169,goal_12,col_exit,1506,70.52,1,0,0
1170,goal_12,exito,3503,678.01,1,1,2
1171,goal_12,exito,3575,677.39,1,1,1
1172,goal_12,exito,3521,690.32,1,1,0
1173,goal_12,col_exit,1416,63.75,1,0,1
1174,goal_12,col_exit,1467,68.11,1,0,0
1175,goal_12,exito,3483,684.0,1,1,2
1176,goal_12,col_return,2725,331.24,1,1,1
1177,goal_12,exito,3545,690.53,1,1,2
1178,goal_12,col_exit,1506,70.72,1,0,0
1179,goal_12,exito,3503,677.96,1,1,2
1180,goal_12,exito,3575,677.2,1,1,1
1181,goal_12,exito,3523,690.29,1,1,0
1182,goal_12,col_exit,1417,63.52,1,0,1
1183,goal_12,col_exit,1464,70.12,1,0,0
1184,goal_12,exito,3483,684.04,1,1,2
1185,goal_12,col_return,2726,331.19,1,1,1
1186,goal_12,exito,3548,690.06,1,1,2
1187,goal_12,col_exit,1502,70.05,1,0,0
1188,goal_12,exito,3503,678.07,1,1,2
1189,goal_12,exito,3575,677.16,1,1,1
1190,goal_12,exito,3522,689.59,1,1,0
1191,goal_12,col_exit,1414,63.5,1,0,1
1192,goal_12,col_exit,1468,68.45,1,0,0
1193,goal_12,exito,3483,684.15,1,1,2
1194,goal_12,col_return,2725,331.03,1,1,1
1195,goal_12,exito,3545,690.48,1,1,2
1196,goal_12,col_exit,1506,70.57,1,0,0
1197,goal_12,exito,3503,678.09,1,1,2
1198,goal_12,exito,3575,676.79,1,1,1
1199,goal_12,exito,3523,689.77,1,1,0
1200,goal_12,col_exit,1414,63.47,1,0,1
1201,goal_13,col_exit,1184,30.45,1,0,0
1202,goal_13,col_exit,1196,20.42,1,0,2
1203,goal_13,col_return,2456,297.67,1,1,1
1204,goal_13,col_exit,1191,32.03,1,0,0
1205,goal_13,col_exit,1168,29.89,1,0,1
1206,goal_13,col_exit,1220,22.11,1,0,3
1207,goal_13,col_return,2453,297.08,1,1,2
1208,goal_13,col_exit,1183,28.34,1,0,1
1209,goal_13,col_exit,1169,29.02,1,0,1
1210,goal_13,exito,3261,652.84,1,1,1
1211,goal_13,col_exit,1197,34.71,1,0,0
1212,goal_13,col_exit,1193,22.13,1,0,2
1213,goal_13,col_return,2470,289.78,1,1,2
1214,goal_13,col_exit,1188,29.32,1,0,1
1215,goal_13,col_exit,1181,27.09,1,0,1
1216,goal_13,exito,3273,652.71,1,1,1
1217,goal_13,col_exit,1191,30.81,1,0,0
1218,goal_13,col_return,2726,279.31,1,1,2
1219,goal_13,col_return,2467,294.34,1,1,2
1220,goal_13,col_exit,1184,27.75,1,0,1
1221,goal_13,col_exit,1176,29.08,1,0,2
1222,goal_13,exito,3237,659.79,1,1,0
1223,goal_13,col_exit,1201,35.19,1,0,0
1224,goal_13,col_exit,1195,21.69,1,0,2
1225,goal_13,col_return,2468,290.03,1,1,2
1226,goal_13,col_exit,1178,31.05,1,0,0
1227,goal_13,col_exit,1174,28.01,1,0,1
1228,goal_13,exito,3296,651.86,1,1,1
1229,goal_13,col_exit,1180,32.31,1,0,0
1230,goal_13,col_exit,1198,20.35,1,0,2
1231,goal_13,col_return,2458,297.76,1,1,1
1232,goal_13,col_exit,1190,31.68,1,0,0
1233,goal_13,col_exit,1166,29.74,1,0,1
1234,goal_13,col_exit,1219,21.65,1,0,3
1235,goal_13,col_return,2453,296.73,1,1,2
1236,goal_13,col_exit,1183,28.28,1,0,1
1237,goal_13,col_exit,1169,29.02,1,0,1
1238,goal_13,exito,3259,652.75,1,1,1
1239,goal_13,col_exit,1199,34.97,1,0,0
1240,goal_13,col_exit,1193,22.14,1,0,2
1241,goal_13,col_return,2474,289.41,1,1,2
1242,goal_13,col_exit,1186,28.66,1,0,1
1243,goal_13,col_exit,1184,26.86,1,0,1
1244,goal_13,exito,3225,663.11,1,1,0
1245,goal_13,col_exit,1231,34.92,1,0,0
1246,goal_13,col_return,2729,277.52,1,1,2
1247,goal_13,col_return,2464,294.78,1,1,2
1248,goal_13,col_exit,1184,27.91,1,0,1
1249,goal_13,col_exit,1173,30.37,1,0,2
1250,goal_13,exito,3239,659.75,1,1,0
1251,goal_13,col_exit,1205,35.73,1,0,0
1252,goal_13,col_exit,1195,21.65,1,0,2
1253,goal_13,col_return,2468,290.03,1,1,2
1254,goal_13,col_exit,1178,31.05,1,0,0
1255,goal_13,col_exit,1183,28.14,1,0,1
1256,goal_13,exito,3296,653.58,1,1,1
1257,goal_13,col_exit,1177,31.68,1,0,0
1258,goal_13,col_exit,1194,21.23,1,0,2
1259,goal_13,col_return,2460,298.11,1,1,1
1260,goal_13,col_exit,1188,31.12,1,0,0
1261,goal_13,col_exit,1169,28.13,1,0,1
1262,goal_13,exito,3278,637.6,1,1,2
1263,goal_13,col_exit,1203,35.04,1,0,0
1264,goal_13,col_exit,1163,25.52,1,0,1
1265,goal_13,col_return,2487,285.17,1,1,2
1266,goal_13,col_exit,1190,31.01,1,0,0
1267,goal_13,col_exit,1172,31.15,1,0,1
1268,goal_13,col_exit,1189,23.49,1,0,2
1269,goal_13,col_return,2467,293.13,1,1,2
1270,goal_13,col_exit,1180,28.28,1,0,1
1271,goal_13,col_exit,1177,27.46,1,0,1
1272,goal_13,exito,3272,652.85,1,1,1
1273,goal_13,col_exit,1193,31.43,1,0,0
1274,goal_13,col_return,2728,276.49,1,1,2
1275,goal_13,col_return,2465,294.62,1,1,2
1276,goal_13,col_exit,1184,27.72,1,0,1
1277,goal_13,col_exit,1176,29.09,1,0,2
1278,goal_13,exito,3239,659.56,1,1,0
1279,goal_13,col_exit,1201,35.19,1,0,0
1280,goal_13,col_exit,1195,21.7,1,0,2
1281,goal_13,col_return,2468,290.01,1,1,2
1282,goal_13,col_exit,1178,30.94,1,0,0
1283,goal_13,col_exit,1184,28.07,1,0,1
1284,goal_13,exito,3296,653.63,1,1,1
1285,goal_13,col_exit,1175,31.48,1,0,0
1286,goal_13,col_exit,1194,21.14,1,0,2
1287,goal_13,col_return,2457,297.68,1,1,1
1288,goal_13,col_exit,1190,31.69,1,0,0
1289,goal_13,col_exit,1167,29.27,1,0,1
1290,goal_13,col_exit,1220,22.04,1,0,3
1291,goal_13,col_return,2454,296.76,1,1,2
1292,goal_13,col_exit,1183,28.02,1,0,1
1293,goal_13,col_exit,1169,28.95,1,0,1
1294,goal_13,exito,3259,653.16,1,1,1
1295,goal_13,col_exit,1197,34.38,1,0,0
1296,goal_13,col_exit,1192,22.48,1,0,2
1297,goal_13,col_return,2471,289.89,1,1,2
1298,goal_13,col_exit,1188,28.9,1,0,1
1299,goal_13,col_exit,1183,27.01,1,0,1
1300,goal_13,exito,3273,652.9,1,1,1
1301,goal_14,exito,3543,686.12,1,1,0
1302,goal_14,col_exit,1554,67.17,1,0,1
1303,goal_14,col_exit,1512,66.51,1,0,1
1304,goal_14,col_return,2760,321.92,1,1,2
1305,goal_14,col_return,2801,345.74,1,1,1
1306,goal_14,exito,3533,706.96,1,1,0
1307,goal_14,exito,3536,676.67,1,1,0
1308,goal_14,col_return,2823,314.49,1,1,1
1309,goal_14,col_return,2828,339.69,1,1,0
1310,goal_14,exito,3574,700.55,1,1,0
1311,goal_14,exito,3543,690.17,1,1,0
1312,goal_14,col_return,2788,321.91,1,1,0
1313,goal_14,exito,3545,690.88,1,1,0
1314,goal_14,exito,3568,703.57,1,1,0
1315,goal_14,exito,3558,673.7,1,1,0
1316,goal_14,col_return,2850,328.4,1,1,1
1317,goal_14,col_return,2833,340.49,1,1,0
1318,goal_14,exito,3535,700.4,1,1,0
1319,goal_14,col_exit,1446,68.96,1,0,0
1320,goal_14,exito,3519,673.81,1,1,2
1321,goal_14,col_return,2793,324.95,1,1,1
1322,goal_14,exito,3643,687.35,1,1,0
1323,goal_14,exito,3554,706.76,1,1,0
1324,goal_14,exito,3527,673.86,1,1,2
1325,goal_14,exito,3576,670.86,1,1,1
1326,goal_14,exito,3579,696.51,1,1,0
1327,goal_14,exito,3511,705.96,1,1,0
1328,goal_14,col_exit,1520,62.15,1,0,1
1329,goal_14,col_return,2760,319.31,1,1,2
1330,goal_14,col_return,2804,339.42,1,1,1
1331,goal_14,exito,3528,707.23,1,1,0
1332,goal_14,exito,3542,681.08,1,1,0
1333,goal_14,col_return,2824,307.43,1,1,1
1334,goal_14,col_return,2815,338.15,1,1,0
1335,goal_14,exito,3571,700.65,1,1,0
1336,goal_14,exito,3541,691.57,1,1,0
1337,goal_14,col_return,2796,322.15,1,1,1
1338,goal_14,col_return,2838,341.48,1,1,0
1339,goal_14,exito,3520,701.33,1,1,0
1340,goal_14,col_exit,1451,70.91,1,0,0
1341,goal_14,col_return,2783,320.56,1,1,2
1342,goal_14,col_return,2781,334.65,1,1,1
1343,goal_14,exito,3527,706.93,1,1,0
1344,goal_14,exito,3539,681.48,1,1,0
1345,goal_14,col_exit,1557,67.29,1,0,0
1346,goal_14,col_return,2802,314.02,1,1,2
1347,goal_14,col_return,2793,335.24,1,1,1
1348,goal_14,exito,3536,700.57,1,1,0
1349,goal_14,col_exit,1439,69.15,1,0,0
1350,goal_14,exito,3519,673.17,1,1,2
1351,goal_14,exito,3630,685.02,1,1,1
1352,goal_14,col_return,2869,347.51,1,1,0
1353,goal_14,exito,3535,707.19,1,1,0
1354,goal_14,exito,3536,675.05,1,1,0
1355,goal_14,col_return,2825,315.86,1,1,1
1356,goal_14,col_return,2849,340.47,1,1,1
1357,goal_14,exito,3568,704.89,1,1,0
1358,goal_14,exito,3539,692.89,1,1,0
1359,goal_14,col_return,2796,317.41,1,1,1
1360,goal_14,col_return,2824,341.12,1,1,0
1361,goal_14,exito,3522,700.67,1,1,0
1362,goal_14,col_exit,1459,68.0,1,0,0
1363,goal_14,col_return,2801,312.45,1,1,3
1364,goal_14,exito,3622,686.58,1,1,1
1365,goal_14,col_return,2857,339.12,1,1,0
1366,goal_14,exito,3567,704.78,1,1,0
1367,goal_14,exito,3541,692.24,1,1,0
1368,goal_14,col_return,2797,321.77,1,1,1
1369,goal_14,col_return,2828,341.82,1,1,0
1370,goal_14,exito,3515,702.11,1,1,0
1371,goal_14,col_exit,1464,69.19,1,0,0
1372,goal_14,col_return,2761,320.18,1,1,2
1373,goal_14,col_return,2800,338.87,1,1,1
1374,goal_14,exito,3530,707.25,1,1,0
1375,goal_14,exito,3543,682.03,1,1,0
1376,goal_14,col_return,2821,307.32,1,1,1
1377,goal_14,col_return,2816,338.03,1,1,0
1378,goal_14,exito,3572,701.08,1,1,0
1379,goal_14,exito,3541,692.0,1,1,0
1380,goal_14,col_return,2795,321.4,1,1,1
1381,goal_14,exito,3545,685.11,1,1,0
1382,goal_14,exito,3570,703.56,1,1,0
1383,goal_14,exito,3554,678.73,1,1,0
1384,goal_14,col_return,2841,323.39,1,1,1
1385,goal_14,col_return,2816,344.31,1,1,0
1386,goal_14,exito,3518,702.17,1,1,0
1387,goal_14,col_exit,1453,70.95,1,0,0
1388,goal_14,col_return,2764,320.15,1,1,2
1389,goal_14,col_return,2788,339.97,1,1,1
1390,goal_14,exito,3535,708.05,1,1,0
1391,goal_14,exito,3537,677.96,1,1,0
1392,goal_14,col_return,2850,305.82,1,1,1
1393,goal_14,col_return,2814,339.24,1,1,1
1394,goal_14,exito,3568,700.56,1,1,0
1395,goal_14,exito,3538,692.81,1,1,0
1396,goal_14,col_return,2796,321.12,1,1,1
1397,goal_14,exito,3544,684.6,1,1,0
1398,goal_14,exito,3570,702.81,1,1,0
1399,goal_14,exito,3554,679.7,1,1,0
1400,goal_14,col_return,2838,323.72,1,1,1
1401,goal_15,exito,3308,673.65,1,1,0
1402,goal_15,col_return,2548,298.84,1,1,1
1403,goal_15,exito,3370,654.0,1,1,0
1404,goal_15,col_return,2611,298.12,1,1,1
1405,goal_15,col_exit,1203,38.88,1,0,1
1406,goal_15,col_return,2550,297.98,1,1,1
1407,goal_15,col_exit,1212,42.03,1,0,0
1408,goal_15,col_return,2550,298.9,1,1,1
1409,goal_15,exito,3473,664.57,1,1,0
1410,goal_15,exito,3360,639.73,1,1,1
1411,goal_15,exito,3410,666.07,1,1,0
1412,goal_15,col_return,2631,302.64,1,1,1
1413,goal_15,exito,3336,670.71,1,1,0
1414,goal_15,exito,3400,650.29,1,1,1
1415,goal_15,exito,3322,668.69,1,1,0
1416,goal_15,col_return,2552,298.04,1,1,1
1417,goal_15,col_exit,1199,40.84,1,0,0
1418,goal_15,col_return,2551,298.65,1,1,1
1419,goal_15,exito,3495,664.52,1,1,1
1420,goal_15,col_return,2634,302.51,1,1,1
1421,goal_15,exito,3323,668.61,1,1,0
1422,goal_15,col_return,2559,300.35,1,1,1
1423,goal_15,col_exit,1260,32.11,1,0,1
1424,goal_15,col_return,2594,303.47,1,1,1
1425,goal_15,exito,3358,671.36,1,1,0
1426,goal_15,exito,3353,642.28,1,1,1
1427,goal_15,exito,3410,666.11,1,1,0
1428,goal_15,col_return,2633,303.09,1,1,1
1429,goal_15,exito,3325,668.63,1,1,0
1430,goal_15,col_return,2559,300.25,1,1,1
1431,goal_15,col_exit,1196,39.46,1,0,0
1432,goal_15,col_return,2551,298.62,1,1,1
1433,goal_15,col_exit,1197,34.96,1,0,0
1434,goal_15,exito,3378,639.97,1,1,1
1435,goal_15,exito,3411,665.96,1,1,0
1436,goal_15,col_return,2620,301.12,1,1,1
1437,goal_15,exito,3321,668.68,1,1,0
1438,goal_15,col_return,2559,301.46,1,1,1
1439,goal_15,col_exit,1199,39.94,1,0,0
1440,goal_15,col_return,2550,298.8,1,1,1
1441,goal_15,col_exit,1197,36.17,1,0,0
1442,goal_15,exito,3376,639.99,1,1,1
1443,goal_15,exito,3409,665.53,1,1,0
1444,goal_15,exito,3350,640.09,1,1,1
1445,goal_15,exito,3409,666.2,1,1,0
1446,goal_15,col_return,2622,301.65,1,1,1
1447,goal_15,exito,3318,668.75,1,1,0
1448,goal_15,col_return,2555,299.47,1,1,1
1449,goal_15,col_exit,1211,40.38,1,0,1
1450,goal_15,exito,3392,657.21,1,1,1
1451,goal_15,exito,3318,671.06,1,1,0
1452,goal_15,col_return,2575,298.44,1,1,1
1453,goal_15,exito,3415,664.34,1,1,0
1454,goal_15,exito,3440,651.4,1,1,1
1455,goal_15,exito,3359,670.79,1,1,0
1456,goal_15,exito,3361,641.3,1,1,1
1457,goal_15,exito,3410,665.1,1,1,0
1458,goal_15,col_return,2654,298.96,1,1,1
1459,goal_15,exito,3328,668.16,1,1,0
1460,goal_15,col_return,2548,295.54,1,1,1
1461,goal_15,exito,3339,657.18,1,1,0
1462,goal_15,col_return,2606,302.4,1,1,0
1463,goal_15,exito,3415,660.92,1,1,0
1464,goal_15,col_return,2595,298.36,1,1,1
1465,goal_15,col_exit,1212,38.08,1,0,1
1466,goal_15,col_return,2555,298.43,1,1,1
1467,goal_15,col_exit,1206,40.38,1,0,0
1468,goal_15,col_return,2554,298.68,1,1,2
1469,goal_15,col_exit,1197,35.27,1,0,0
1470,goal_15,exito,3373,637.52,1,1,1
1471,goal_15,exito,3411,665.28,1,1,0
1472,goal_15,col_return,2625,301.85,1,1,1
1473,goal_15,exito,3320,669.12,1,1,0
1474,goal_15,col_return,2559,298.81,1,1,1
1475,goal_15,col_exit,1200,39.99,1,0,0
1476,goal_15,col_return,2550,298.99,1,1,1
1477,goal_15,col_exit,1197,36.18,1,0,0
1478,goal_15,exito,3378,639.78,1,1,1
1479,goal_15,exito,3410,665.89,1,1,0
1480,goal_15,exito,3354,640.91,1,1,1
1481,goal_15,exito,3410,667.08,1,1,0
1482,goal_15,col_return,2614,298.52,1,1,1
1483,goal_15,exito,3335,671.22,1,1,0
1484,goal_15,exito,3407,653.69,1,1,1
1485,goal_15,exito,3323,668.89,1,1,0
1486,goal_15,col_return,2554,299.02,1,1,1
1487,goal_15,col_exit,1209,40.7,1,0,0
1488,goal_15,col_return,2559,298.92,1,1,2
1489,goal_15,exito,3354,656.02,1,1,0
1490,goal_15,col_return,2601,299.59,1,1,1
1491,goal_15,col_exit,1233,34.26,1,0,1
1492,goal_15,exito,3409,653.18,1,1,1
1493,goal_15,exito,3321,668.55,1,1,0
1494,goal_15,col_return,2569,296.71,1,1,1
1495,goal_15,col_exit,1198,39.18,1,0,0
1496,goal_15,col_return,2552,298.58,1,1,2
1497,goal_15,col_exit,1197,35.27,1,0,0
1498,goal_15,exito,3383,642.56,1,1,1
1499,goal_15,exito,3362,670.42,1,1,0
1500,goal_15,exito,3379,638.9,1,1,1
1501,goal_16,col_exit,1061,1.79,1,0,1
1502,goal_16,exito,3084,643.95,1,1,0
1503,goal_16,exito,3086,642.55,1,1,0
1504,goal_16,col_return,2390,292.33,1,1,0
1505,goal_16,col_return,2407,269.02,1,1,1
1506,goal_16,col_exit,1001,15.83,1,0,0
1507,goal_16,exito,3101,638.03,1,1,0
1508,goal_16,exito,3079,648.03,1,1,0
1509,goal_16,exito,3112,628.46,1,1,0
1510,goal_16,col_return,2315,284.61,1,1,1
1511,goal_16,col_return,2389,268.21,1,1,1
1512,goal_16,col_exit,1050,2.56,1,0,1
1513,goal_16,exito,3095,641.75,1,1,0
1514,goal_16,exito,3088,641.94,1,1,0
1515,goal_16,col_return,2354,289.7,1,1,0
1516,goal_16,col_return,2409,268.83,1,1,1
1517,goal_16,col_exit,1002,13.06,1,0,1
1518,goal_16,exito,3099,638.51,1,1,0
1519,goal_16,exito,3072,648.79,1,1,0
1520,goal_16,col_return,2406,287.04,1,1,0
1521,goal_16,exito,3149,632.43,1,1,1
1522,goal_16,col_exit,1055,2.98,1,0,1
1523,goal_16,exito,3086,643.87,1,1,0
1524,goal_16,exito,3085,642.85,1,1,0
1525,goal_16,col_return,2378,287.81,1,1,0
1526,goal_16,exito,3130,609.09,1,1,1
1527,goal_16,col_exit,1024,15.43,1,0,1
1528,goal_16,exito,3087,641.94,1,1,0
1529,goal_16,exito,3101,641.86,1,1,0
1530,goal_16,exito,3087,640.54,1,1,0
1531,goal_16,col_return,2332,283.89,1,1,1
1532,goal_16,col_return,2417,263.84,1,1,1
1533,goal_16,col_exit,993,11.3,1,0,1
1534,goal_16,exito,3092,640.7,1,1,0
1535,goal_16,exito,3076,647.52,1,1,0
1536,goal_16,exito,3108,629.95,1,1,0
1537,goal_16,col_return,2320,277.7,1,1,1
1538,goal_16,col_return,2389,268.19,1,1,1
1539,goal_16,col_exit,1044,7.93,1,0,2
1540,goal_16,exito,3088,642.17,1,1,0
1541,goal_16,exito,3091,642.24,1,1,0
1542,goal_16,col_return,2370,284.54,1,1,1
1543,goal_16,exito,3118,606.81,1,1,1
1544,goal_16,col_exit,1017,17.59,1,0,0
1545,goal_16,exito,3177,652.49,1,1,2
1546,goal_16,exito,3113,629.91,1,1,0
1547,goal_16,col_return,2306,285.09,1,1,0
1548,goal_16,exito,3181,620.26,1,1,1
1549,goal_16,col_exit,988,10.57,1,0,1
1550,goal_16,exito,3098,640.02,1,1,0
1551,goal_16,exito,3076,647.48,1,1,0
1552,goal_16,col_return,2399,287.06,1,1,0
1553,goal_16,exito,3150,631.82,1,1,1
1554,goal_16,col_exit,1028,8.35,1,0,1
1555,goal_16,exito,3083,643.02,1,1,0
1556,goal_16,exito,3088,641.75,1,1,0
1557,goal_16,exito,3102,637.28,1,1,0
1558,goal_16,col_return,2337,273.7,1,1,1
1559,goal_16,col_exit,1085,21.29,1,0,0
1560,goal_16,exito,3193,645.72,1,1,3
1561,goal_16,exito,3114,628.85,1,1,0
1562,goal_16,col_return,2320,287.01,1,1,1
1563,goal_16,exito,3149,614.04,1,1,1
1564,goal_16,col_exit,1008,12.53,1,0,1
1565,goal_16,exito,3101,639.11,1,1,0
1566,goal_16,exito,3077,648.36,1,1,0
1567,goal_16,exito,3109,629.24,1,1,0
1568,goal_16,col_return,2303,284.27,1,1,1
1569,goal_16,exito,3155,613.44,1,1,1
1570,goal_16,col_exit,1003,11.8,1,0,1
1571,goal_16,exito,3097,639.71,1,1,0
1572,goal_16,exito,3076,648.42,1,1,0
1573,goal_16,exito,3109,629.38,1,1,0
1574,goal_16,col_return,2316,283.41,1,1,1
1575,goal_16,exito,3110,612.42,1,1,1
1576,goal_16,col_exit,1019,17.81,1,0,0
1577,goal_16,exito,3099,637.92,1,1,0
1578,goal_16,exito,3082,647.94,1,1,0
1579,goal_16,col_return,2421,285.86,1,1,0
1580,goal_16,exito,3113,620.52,1,1,1
1581,goal_16,col_exit,1054,2.36,1,0,1
1582,goal_16,exito,3084,643.41,1,1,0
1583,goal_16,exito,3086,642.96,1,1,0
1584,goal_16,exito,3101,635.6,1,1,0
1585,goal_16,col_return,2333,274.99,1,1,1
1586,goal_16,col_exit,1086,22.73,1,0,0
1587,goal_16,exito,3192,643.5,1,1,3
1588,goal_16,exito,3114,631.51,1,1,0
1589,goal_16,col_return,2322,287.44,1,1,0
1590,goal_16,exito,3162,610.09,1,1,1
1591,goal_16,col_exit,1005,11.61,1,0,1
1592,goal_16,exito,3095,639.52,1,1,0
1593,goal_16,exito,3076,648.42,1,1,0
1594,goal_16,exito,3108,629.34,1,1,0
1595,goal_16,col_return,2307,284.69,1,1,1
1596,goal_16,col_exit,1137,16.76,1,0,0
1597,goal_16,exito,3096,638.87,1,1,0
1598,goal_16,exito,3087,643.57,1,1,0
1599,goal_16,exito,3097,640.24,1,1,0
1600,goal_16,exito,3206,630.08,1,1,1
1601,goal_17,exito,3436,671.01,1,1,0
1602,goal_17,exito,3438,674.05,1,1,2
1603,goal_17,col_return,2735,303.9,1,1,0
1604,goal_17,exito,3435,674.72,1,1,0
1605,goal_17,col_return,2717,323.15,1,1,1
1606,goal_17,exito,3457,664.0,1,1,0
1607,goal_17,exito,3441,682.58,1,1,0
1608,goal_17,col_return,2707,313.74,1,1,1
1609,goal_17,exito,3436,673.42,1,1,0
1610,goal_17,col_return,2698,318.13,1,1,0
1611,goal_17,exito,3436,670.29,1,1,0
1612,goal_17,exito,3446,677.71,1,1,2
1613,goal_17,col_return,2724,306.92,1,1,1
1614,goal_17,exito,3438,673.58,1,1,0
1615,goal_17,col_return,2707,322.04,1,1,2
1616,goal_17,exito,3445,669.36,1,1,0
1617,goal_17,exito,3450,679.39,1,1,2
1618,goal_17,col_return,2695,307.78,1,1,0
1619,goal_17,exito,3436,675.91,1,1,0
1620,goal_17,col_return,2717,322.13,1,1,1
1621,goal_17,exito,3446,668.78,1,1,0
1622,goal_17,exito,3449,678.87,1,1,2
1623,goal_17,col_return,2714,306.67,1,1,1
1624,goal_17,exito,3439,674.24,1,1,0
1625,goal_17,col_return,2696,321.58,1,1,0
1626,goal_17,exito,3437,670.25,1,1,0
1627,goal_17,exito,3446,677.67,1,1,2
1628,goal_17,col_return,2719,311.36,1,1,0
1629,goal_17,exito,3437,673.46,1,1,0
1630,goal_17,col_return,2709,321.99,1,1,2
1631,goal_17,exito,3436,670.07,1,1,0
1632,goal_17,exito,3448,677.61,1,1,2
1633,goal_17,col_return,2707,307.59,1,1,0
1634,goal_17,exito,3437,674.56,1,1,0
1635,goal_17,col_return,2712,322.78,1,1,1
1636,goal_17,exito,3438,669.75,1,1,0
1637,goal_17,exito,3446,678.01,1,1,2
1638,goal_17,col_return,2726,309.19,1,1,1
1639,goal_17,exito,3439,673.9,1,1,0
1640,goal_17,col_return,2684,321.5,1,1,0
1641,goal_17,exito,3434,670.23,1,1,0
1642,goal_17,col_return,2667,320.17,1,1,2
1643,goal_17,exito,3455,643.95,1,1,0
1644,goal_17,exito,3428,683.19,1,1,0
1645,goal_17,exito,3508,674.37,1,1,1
1646,goal_17,exito,3496,657.31,1,1,0
1647,goal_17,exito,3464,678.27,1,1,0
1648,goal_17,col_return,2712,310.83,1,1,1
1649,goal_17,exito,3489,658.08,1,1,0
1650,goal_17,exito,3474,666.56,1,1,2
1651,goal_17,col_return,2718,306.45,1,1,0
1652,goal_17,exito,3470,668.93,1,1,0
1653,goal_17,col_return,2685,320.09,1,1,0
1654,goal_17,exito,3487,654.75,1,1,0
1655,goal_17,exito,3433,679.75,1,1,0
1656,goal_17,col_return,2686,317.05,1,1,1
1657,goal_17,exito,3454,667.13,1,1,0
1658,goal_17,col_return,2694,319.85,1,1,1
1659,goal_17,exito,3486,654.15,1,1,0
1660,goal_17,exito,3430,680.81,1,1,0
1661,goal_17,col_return,2673,317.39,1,1,0
1662,goal_17,exito,3468,667.65,1,1,0
1663,goal_17,col_return,2685,319.85,1,1,0
1664,goal_17,exito,3492,651.53,1,1,0
1665,goal_17,exito,3430,681.42,1,1,0
1666,goal_17,col_return,2667,317.08,1,1,0
1667,goal_17,exito,3467,668.48,1,1,0
1668,goal_17,col_return,2680,319.89,1,1,0
1669,goal_17,exito,3488,653.17,1,1,0
1670,goal_17,exito,3434,679.6,1,1,0
1671,goal_17,col_return,2687,316.98,1,1,1
1672,goal_17,exito,3451,668.11,1,1,0
1673,goal_17,col_return,2700,319.9,1,1,2
1674,goal_17,exito,3489,651.36,1,1,0
1675,goal_17,exito,3430,681.36,1,1,0
1676,goal_17,col_return,2675,318.4,1,1,1
1677,goal_17,exito,3452,667.0,1,1,0
1678,goal_17,col_return,2692,320.68,1,1,0
1679,goal_17,exito,3491,654.15,1,1,0
1680,goal_17,exito,3431,681.48,1,1,0
1681,goal_17,col_return,2677,317.9,1,1,1
1682,goal_17,exito,3453,666.35,1,1,0
1683,goal_17,col_return,2683,318.71,1,1,1
1684,goal_17,exito,3483,656.06,1,1,0
1685,goal_17,exito,3436,678.83,1,1,0
1686,goal_17,col_return,2688,317.05,1,1,1
1687,goal_17,exito,3453,667.36,1,1,0
1688,goal_17,col_return,2701,320.27,1,1,2
1689,goal_17,exito,3490,652.48,1,1,0
1690,goal_17,exito,3432,681.32,1,1,0
1691,goal_17,col_return,2665,317.7,1,1,0
1692,goal_17,exito,3455,667.92,1,1,0
1693,goal_17,col_return,2694,319.42,1,1,1
1694,goal_17,exito,3485,651.34,1,1,0
1695,goal_17,exito,3435,680.23,1,1,0
1696,goal_17,col_return,2689,316.37,1,1,1
1697,goal_17,exito,3452,666.19,1,1,0
1698,goal_17,col_return,2681,319.92,1,1,0
1699,goal_17,exito,3486,654.64,1,1,0
1700,goal_17,exito,3435,679.96,1,1,0
1701,goal_18,col_exit,1313,33.24,1,0,1
1702,goal_18,exito,3356,663.41,1,1,0
1703,goal_18,exito,3416,646.66,1,1,1
1704,goal_18,exito,3354,661.6,1,1,0
1705,goal_18,col_return,2634,312.7,1,1,1
1706,goal_18,exito,3352,662.06,1,1,0
1707,goal_18,exito,3358,647.72,1,1,1
1708,goal_18,exito,3358,661.5,1,1,0
1709,goal_18,exito,3392,646.79,1,1,1
1710,goal_18,exito,3356,661.39,1,1,0
1711,goal_18,exito,3392,646.84,1,1,1
1712,goal_18,exito,3356,661.26,1,1,0
1713,goal_18,exito,3394,646.92,1,1,1
1714,goal_18,exito,3356,661.36,1,1,0
1715,goal_18,exito,3391,645.93,1,1,1
1716,goal_18,exito,3357,661.14,1,1,0
1717,goal_18,exito,3392,647.11,1,1,1
1718,goal_18,exito,3357,661.69,1,1,0
1719,goal_18,exito,3391,646.4,1,1,1
1720,goal_18,exito,3355,661.33,1,1,0
1721,goal_18,exito,3392,646.71,1,1,1
1722,goal_18,exito,3358,660.51,1,1,0
1723,goal_18,exito,3392,645.44,1,1,1
1724,goal_18,exito,3355,661.52,1,1,0
1725,goal_18,exito,3391,646.43,1,1,1
1726,goal_18,exito,3357,661.15,1,1,0
1727,goal_18,exito,3392,647.16,1,1,1
1728,goal_18,exito,3355,661.07,1,1,0
1729,goal_18,exito,3392,645.5,1,1,1
1730,goal_18,exito,3356,661.28,1,1,0
1731,goal_18,exito,3392,646.59,1,1,1
1732,goal_18,exito,3357,661.39,1,1,0
1733,goal_18,exito,3391,646.51,1,1,1
1734,goal_18,exito,3358,661.27,1,1,0
1735,goal_18,exito,3391,646.63,1,1,1
1736,goal_18,exito,3355,661.1,1,1,0
1737,goal_18,exito,3392,646.11,1,1,1
1738,goal_18,exito,3357,661.24,1,1,0
1739,goal_18,exito,3391,646.52,1,1,1
1740,goal_18,exito,3356,661.26,1,1,0
1741,goal_18,exito,3392,646.31,1,1,1
1742,goal_18,exito,3358,661.81,1,1,0
1743,goal_18,exito,3391,646.43,1,1,1
1744,goal_18,exito,3357,660.56,1,1,0
1745,goal_18,exito,3391,645.55,1,1,1
1746,goal_18,exito,3356,661.0,1,1,0
1747,goal_18,exito,3392,646.44,1,1,1
1748,goal_18,exito,3357,661.81,1,1,0
1749,goal_18,exito,3392,646.52,1,1,1
1750,goal_18,exito,3356,660.74,1,1,0
1751,goal_18,exito,3391,644.93,1,1,1
1752,goal_18,exito,3355,661.25,1,1,0
1753,goal_18,exito,3392,646.38,1,1,1
1754,goal_18,exito,3358,661.58,1,1,0
1755,goal_18,exito,3392,646.53,1,1,1
1756,goal_18,exito,3357,661.36,1,1,0
1757,goal_18,exito,3388,648.6,1,1,1
1758,goal_18,exito,3356,661.06,1,1,0
1759,goal_18,exito,3392,646.44,1,1,1
1760,goal_18,exito,3357,661.6,1,1,0
1761,goal_18,exito,3392,646.7,1,1,1
1762,goal_18,exito,3356,661.26,1,1,0
1763,goal_18,exito,3392,646.69,1,1,1
1764,goal_18,exito,3358,661.53,1,1,0
1765,goal_18,exito,3391,646.42,1,1,1
1766,goal_18,exito,3357,660.58,1,1,0
1767,goal_18,exito,3392,645.51,1,1,1
1768,goal_18,exito,3357,661.03,1,1,0
1769,goal_18,exito,3388,648.62,1,1,1
1770,goal_18,exito,3356,661.45,1,1,0
1771,goal_18,exito,3394,646.74,1,1,1
1772,goal_18,exito,3355,661.06,1,1,0
1773,goal_18,exito,3392,645.09,1,1,1
1774,goal_18,exito,3357,661.36,1,1,0
1775,goal_18,exito,3391,646.46,1,1,1
1776,goal_18,exito,3358,661.57,1,1,0
1777,goal_18,exito,3391,646.81,1,1,1
1778,goal_18,exito,3357,661.16,1,1,0
1779,goal_18,exito,3391,646.49,1,1,1
1780,goal_18,exito,3356,660.9,1,1,0
1781,goal_18,exito,3391,645.93,1,1,1
1782,goal_18,exito,3357,661.14,1,1,0
1783,goal_18,exito,3392,647.11,1,1,1
1784,goal_18,exito,3357,661.73,1,1,0
1785,goal_18,exito,3392,646.51,1,1,1
1786,goal_18,exito,3357,661.22,1,1,0
1787,goal_18,exito,3387,648.74,1,1,1
1788,goal_18,exito,3356,659.99,1,1,0
1789,goal_18,exito,3392,646.35,1,1,1
1790,goal_18,exito,3357,661.46,1,1,0
1791,goal_18,exito,3392,646.76,1,1,1
1792,goal_18,exito,3357,661.5,1,1,0
1793,goal_18,exito,3392,646.32,1,1,1
1794,goal_18,exito,3355,661.31,1,1,0
1795,goal_18,exito,3392,645.69,1,1,1
1796,goal_18,exito,3356,661.41,1,1,0
1797,goal_18,exito,3392,646.85,1,1,1
1798,goal_18,exito,3356,661.42,1,1,0
1799,goal_18,exito,3392,646.89,1,1,1
1800,goal_18,exito,3356,661.16,1,1,0
1801,goal_19,col_exit,1125,17.05,1,0,1
1802,goal_19,col_return,2414,269.67,1,1,3
1803,goal_19,exito,3203,637.58,1,1,0
1804,goal_19,col_exit,1114,21.12,1,0,0
1805,goal_19,col_approach,789,-62.81,0,0,2
1806,goal_19,col_return,2411,265.5,1,1,4
1807,goal_19,exito,3189,637.59,1,1,0
1808,goal_19,exito,3187,617.55,1,1,0
1809,goal_19,exito,3210,619.11,1,1,1
1810,goal_19,exito,3140,614.0,1,1,3
1811,goal_19,exito,3204,637.4,1,1,0
1812,goal_19,col_exit,1114,20.68,1,0,0
1813,goal_19,col_return,2411,266.88,1,1,3
1814,goal_19,exito,3204,638.14,1,1,0
1815,goal_19,col_exit,1115,22.06,1,0,0
1816,goal_19,col_approach,757,-67.47,0,0,1
1817,goal_19,col_approach,780,-64.89,0,0,1
1818,goal_19,exito,3130,613.48,1,1,4
1819,goal_19,exito,3197,638.61,1,1,0
1820,goal_19,col_exit,1131,22.7,1,0,0
1821,goal_19,col_approach,759,-67.66,0,0,1
1822,goal_19,col_approach,784,-64.73,0,0,1
1823,goal_19,col_return,2410,265.52,1,1,4
1824,goal_19,exito,3191,637.13,1,1,0
1825,goal_19,col_exit,1124,19.97,1,0,0
1826,goal_19,col_return,2366,261.41,1,1,3
1827,goal_19,exito,3160,641.41,1,1,1
1828,goal_19,exito,3187,634.69,1,1,0
1829,goal_19,col_return,2442,269.9,1,1,0
1830,goal_19,col_approach,807,-63.16,0,0,1
1831,goal_19,col_approach,759,-64.51,0,0,1
1832,goal_19,col_approach,781,-66.6,0,0,1
1833,goal_19,col_return,2376,265.13,1,1,3
1834,goal_19,exito,3167,638.81,1,1,1
1835,goal_19,col_exit,1159,24.71,1,0,0
1836,goal_19,col_approach,762,-62.31,0,0,1
1837,goal_19,col_approach,766,-68.07,0,0,1
1838,goal_19,col_approach,787,-63.06,0,0,2
1839,goal_19,exito,3141,614.48,1,1,3
1840,goal_19,exito,3204,637.73,1,1,0
1841,goal_19,col_exit,1115,20.75,1,0,0
1842,goal_19,col_return,2420,266.5,1,1,4
1843,goal_19,exito,3218,637.62,1,1,0
1844,goal_19,col_exit,1106,20.06,1,0,0
1845,goal_19,col_approach,797,-64.77,0,0,2
1846,goal_19,col_return,2378,270.99,1,1,3
1847,goal_19,exito,3197,638.13,1,1,0
1848,goal_19,exito,3191,619.27,1,1,0
1849,goal_19,exito,3231,625.57,1,1,1
1850,goal_19,exito,3148,624.23,1,1,3
1851,goal_19,exito,3193,637.94,1,1,0
1852,goal_19,col_exit,1120,18.5,1,0,1
1853,goal_19,col_return,2387,269.41,1,1,3
1854,goal_19,exito,3199,638.11,1,1,0
1855,goal_19,col_exit,1145,18.6,1,0,1
1856,goal_19,col_approach,788,-68.63,0,0,2
1857,goal_19,col_return,2395,268.38,1,1,3
1858,goal_19,exito,3196,638.1,1,1,0
1859,goal_19,exito,3190,617.0,1,1,0
1860,goal_19,exito,3214,622.5,1,1,1
1861,goal_19,col_return,2390,257.89,1,1,3
1862,goal_19,exito,3196,636.7,1,1,0
1863,goal_19,col_exit,1156,11.9,1,0,1
1864,goal_19,exito,3126,614.39,1,1,4
1865,goal_19,exito,3197,638.46,1,1,0
1866,goal_19,col_exit,1130,22.64,1,0,0
1867,goal_19,col_approach,760,-67.72,0,0,1
1868,goal_19,col_approach,784,-64.62,0,0,2
1869,goal_19,col_return,2409,255.68,1,1,4
1870,goal_19,exito,3204,634.39,1,1,0
1871,goal_19,col_exit,1141,13.6,1,0,1
1872,goal_19,col_approach,776,-63.42,0,0,1
1873,goal_19,exito,3141,634.19,1,1,3
1874,goal_19,exito,3196,638.85,1,1,0
1875,goal_19,exito,3181,616.01,1,1,0
1876,goal_19,col_return,2510,273.03,1,1,1
1877,goal_19,exito,3151,628.69,1,1,3
1878,goal_19,exito,3188,634.73,1,1,0
1879,goal_19,col_exit,1121,16.48,1,0,0
1880,goal_19,exito,3147,626.79,1,1,3
1881,goal_19,exito,3185,638.58,1,1,0
1882,goal_19,col_exit,1121,17.36,1,0,1
1883,goal_19,col_return,2421,271.05,1,1,4
1884,goal_19,exito,3197,638.07,1,1,0
1885,goal_19,col_exit,1114,20.75,1,0,0
1886,goal_19,col_return,2398,267.2,1,1,3
1887,goal_19,exito,3199,638.33,1,1,0
1888,goal_19,col_exit,1131,22.7,1,0,0
1889,goal_19,col_approach,759,-67.6,0,0,1
1890,goal_19,col_approach,784,-64.86,0,0,1
1891,goal_19,col_approach,768,-64.67,0,0,2
1892,goal_19,exito,3157,631.07,1,1,3
1893,goal_19,exito,3195,638.68,1,1,0
1894,goal_19,exito,3182,617.13,1,1,0
1895,goal_19,exito,3201,614.43,1,1,1
1896,goal_19,col_return,2398,258.95,1,1,3
1897,goal_19,exito,3192,636.95,1,1,0
1898,goal_19,col_exit,1153,12.5,1,0,1
1899,goal_19,col_return,2397,263.19,1,1,4
1900,goal_19,exito,3208,633.89,1,1,0
1901,goal_20,col_return,2749,326.5,1,1,2
1902,goal_20,col_approach,796,-65.95,0,0,3
1903,goal_20,col_return,2773,316.54,1,1,4
1904,goal_20,exito,3559,680.86,1,1,1
1905,goal_20,exito,3534,687.26,1,1,0
1906,goal_20,col_return,2764,334.92,1,1,0
1907,goal_20,col_approach,767,-61.03,0,0,1
1908,goal_20,col_approach,767,-62.9,0,0,1
1909,goal_20,col_approach,789,-66.86,0,0,2
1910,goal_20,col_approach,776,-64.43,0,0,3
1911,goal_20,col_return,2772,314.41,1,1,4
1912,goal_20,exito,3562,679.43,1,1,1
1913,goal_20,exito,3519,686.21,1,1,0
1914,goal_20,col_return,2798,330.14,1,1,2
1915,goal_20,col_approach,776,-62.18,0,0,1
1916,goal_20,col_approach,767,-63.58,0,0,2
1917,goal_20,col_approach,776,-65.18,0,0,2
1918,goal_20,col_approach,768,-64.01,0,0,3
1919,goal_20,col_return,2768,313.93,1,1,4
1920,goal_20,col_approach,750,-66.25,0,0,1
1921,goal_20,exito,3583,676.63,1,1,1
1922,goal_20,exito,3520,689.79,1,1,0
1923,goal_20,col_return,2784,333.36,1,1,2
1924,goal_20,col_approach,775,-62.72,0,0,1
1925,goal_20,col_approach,780,-66.5,0,0,2
1926,goal_20,col_approach,764,-63.9,0,0,2
1927,goal_20,col_return,2774,317.12,1,1,4
1928,goal_20,col_approach,754,-64.5,0,0,1
1929,goal_20,exito,3591,676.14,1,1,1
1930,goal_20,exito,3519,691.91,1,1,0
1931,goal_20,col_return,2775,332.25,1,1,1
1932,goal_20,col_approach,780,-61.43,0,0,1
1933,goal_20,col_approach,782,-66.35,0,0,2
1934,goal_20,col_approach,784,-67.93,0,0,3
1935,goal_20,col_return,2762,319.06,1,1,4
1936,goal_20,col_approach,756,-65.6,0,0,1
1937,goal_20,exito,3580,676.82,1,1,1
1938,goal_20,exito,3519,692.31,1,1,0
1939,goal_20,col_return,2800,333.31,1,1,1
1940,goal_20,col_approach,769,-63.03,0,0,1
1941,goal_20,col_approach,816,-76.2,0,0,3
1942,goal_20,col_return,2782,311.09,1,1,4
1943,goal_20,exito,3589,686.43,1,1,1
1944,goal_20,exito,3486,686.52,1,1,0
1945,goal_20,exito,3503,669.94,1,1,1
1946,goal_20,col_approach,838,-60.77,0,0,1
1947,goal_20,col_approach,772,-65.57,0,0,2
1948,goal_20,col_approach,784,-66.72,0,0,3
1949,goal_20,exito,3597,664.14,1,1,4
1950,goal_20,col_approach,837,-59.73,0,0,1
1951,goal_20,col_approach,779,-64.91,0,0,2
1952,goal_20,col_return,2757,318.43,1,1,3
1953,goal_20,col_approach,766,-62.26,0,0,1
1954,goal_20,col_approach,776,-66.83,0,0,1
1955,goal_20,exito,3590,684.51,1,1,1
1956,goal_20,exito,3487,687.6,1,1,0
1957,goal_20,exito,3501,666.44,1,1,1
1958,goal_20,col_approach,839,-60.14,0,0,1
1959,goal_20,col_approach,793,-70.9,0,0,3
1960,goal_20,col_return,2778,314.12,1,1,4
1961,goal_20,exito,3582,677.17,1,1,1
1962,goal_20,exito,3521,690.32,1,1,0
1963,goal_20,col_return,2765,334.38,1,1,0
1964,goal_20,col_approach,767,-61.2,0,0,1
1965,goal_20,col_approach,779,-64.2,0,0,2
1966,goal_20,col_approach,772,-64.51,0,0,2
1967,goal_20,col_approach,785,-66.76,0,0,3
1968,goal_20,col_return,2776,313.1,1,1,4
1969,goal_20,exito,3580,676.59,1,1,1
1970,goal_20,exito,3524,687.24,1,1,0
1971,goal_20,col_return,2766,334.58,1,1,1
1972,goal_20,col_approach,776,-62.58,0,0,1
1973,goal_20,col_approach,780,-66.5,0,0,2
1974,goal_20,col_approach,764,-63.89,0,0,2
1975,goal_20,col_return,2774,317.79,1,1,4
1976,goal_20,col_approach,754,-64.41,0,0,1
1977,goal_20,exito,3593,673.74,1,1,1
1978,goal_20,exito,3519,691.93,1,1,0
1979,goal_20,col_return,2773,332.23,1,1,1
1980,goal_20,col_approach,780,-61.43,0,0,1
1981,goal_20,col_approach,782,-66.35,0,0,2
1982,goal_20,col_approach,784,-67.93,0,0,3
1983,goal_20,col_return,2762,319.18,1,1,4
1984,goal_20,col_approach,756,-65.58,0,0,1
1985,goal_20,exito,3585,675.44,1,1,1
1986,goal_20,exito,3518,692.0,1,1,0
1987,goal_20,col_return,2784,333.33,1,1,2
1988,goal_20,col_approach,767,-62.38,0,0,1
1989,goal_20,col_approach,784,-66.07,0,0,2
1990,goal_20,col_approach,780,-65.39,0,0,3
1991,goal_20,col_return,2757,319.45,1,1,3
1992,goal_20,col_approach,763,-65.26,0,0,1
1993,goal_20,col_approach,771,-66.29,0,0,1
1994,goal_20,exito,3591,685.88,1,1,1
1995,goal_20,exito,3485,688.16,1,1,0
1996,goal_20,exito,3500,671.0,1,1,1
1997,goal_20,exito,3542,660.4,1,1,1
1998,goal_20,exito,3509,686.2,1,1,0
1999,goal_20,col_return,2740,333.19,1,1,1
2000,goal_20,col_approach,768,-62.55,0,0,1
2001,goal_21,col_approach,779,-65.59,0,0,2
2002,goal_21,col_approach,769,-64.22,0,0,2
2003,goal_21,col_approach,784,-68.05,0,0,3
2004,goal_21,exito,3424,659.16,1,1,2
2005,goal_21,col_approach,809,-56.17,0,0,0
2006,goal_21,col_approach,765,-64.2,0,0,1
2007,goal_21,exito,3474,661.9,1,1,1
2008,goal_21,col_return,2669,314.82,1,1,2
2009,goal_21,col_approach,779,-64.15,0,0,1
2010,goal_21,col_approach,767,-63.09,0,0,2
2011,goal_21,col_approach,789,-69.12,0,0,3
2012,goal_21,exito,3442,657.68,1,1,3
2013,goal_21,col_approach,795,-57.26,0,0,0
2014,goal_21,col_approach,759,-58.11,0,0,0
2015,goal_21,col_approach,772,-66.21,0,0,1
2016,goal_21,exito,3493,668.49,1,1,1
2017,goal_21,col_return,2653,313.77,1,1,1
2018,goal_21,col_approach,766,-62.44,0,0,1
2019,goal_21,col_approach,767,-63.42,0,0,2
2020,goal_21,col_approach,779,-65.19,0,0,2
2021,goal_21,col_approach,774,-65.86,0,0,3
2022,goal_21,col_return,2744,310.09,1,1,3
2023,goal_21,col_approach,754,-63.43,0,0,1
2024,goal_21,exito,3481,660.26,1,1,1
2025,goal_21,col_return,2650,315.31,1,1,1
2026,goal_21,col_approach,772,-57.91,0,0,1
2027,goal_21,col_approach,767,-62.21,0,0,1
2028,goal_21,col_approach,770,-62.74,0,0,2
2029,goal_21,col_approach,800,-70.88,0,0,3
2030,goal_21,col_approach,778,-66.53,0,0,3
2031,goal_21,col_return,2706,312.19,1,1,2
2032,goal_21,col_approach,766,-61.45,0,0,1
2033,goal_21,col_approach,776,-67.25,0,0,1
2034,goal_21,exito,3495,670.54,1,1,1
2035,goal_21,col_return,2653,311.8,1,1,1
2036,goal_21,col_approach,769,-62.64,0,0,2
2037,goal_21,col_approach,796,-70.8,0,0,3
2038,goal_21,exito,3436,660.0,1,1,3
2039,goal_21,col_approach,814,-56.07,0,0,0
2040,goal_21,col_approach,752,-62.96,0,0,1
2041,goal_21,exito,3483,659.62,1,1,1
2042,goal_21,col_return,2653,315.93,1,1,1
2043,goal_21,col_approach,779,-61.0,0,0,1
2044,goal_21,col_approach,765,-62.39,0,0,1
2045,goal_21,col_approach,766,-63.93,0,0,2
2046,goal_21,col_return,2952,296.64,1,1,4
2047,goal_21,col_approach,775,-62.18,0,0,1
2048,goal_21,col_approach,767,-63.57,0,0,2
2049,goal_21,col_approach,777,-65.1,0,0,2
2050,goal_21,col_approach,768,-64.06,0,0,3
2051,goal_21,col_return,2746,308.42,1,1,3
2052,goal_21,col_approach,756,-59.91,0,0,1
2053,goal_21,exito,3485,659.78,1,1,1
2054,goal_21,col_return,2666,314.08,1,1,2
2055,goal_21,col_approach,776,-64.18,0,0,1
2056,goal_21,col_approach,763,-62.92,0,0,2
2057,goal_21,col_approach,770,-65.1,0,0,2
2058,goal_21,col_approach,785,-65.98,0,0,3
2059,goal_21,col_approach,780,-66.42,0,0,3
2060,goal_21,col_return,2719,311.73,1,1,2
2061,goal_21,col_approach,755,-64.8,0,0,1
2062,goal_21,exito,3476,661.22,1,1,1
2063,goal_21,col_return,2661,315.18,1,1,1
2064,goal_21,col_approach,772,-61.61,0,0,1
2065,goal_21,col_approach,769,-62.58,0,0,1
2066,goal_21,col_approach,782,-65.75,0,0,2
2067,goal_21,exito,3639,642.7,1,1,4
2068,goal_21,exito,3447,661.28,1,1,1
2069,goal_21,col_return,2651,309.64,1,1,2
2070,goal_21,col_approach,766,-64.01,0,0,2
2071,goal_21,exito,3448,657.53,1,1,3
2072,goal_21,col_approach,818,-57.11,0,0,0
2073,goal_21,col_approach,764,-63.75,0,0,1
2074,goal_21,col_approach,749,-65.51,0,0,1
2075,goal_21,exito,3471,662.46,1,1,1
2076,goal_21,col_return,2661,314.99,1,1,1
2077,goal_21,col_approach,772,-61.76,0,0,1
2078,goal_21,col_approach,769,-62.62,0,0,1
2079,goal_21,col_approach,782,-65.76,0,0,2
2080,goal_21,exito,3641,643.46,1,1,4
2081,goal_21,exito,3448,660.92,1,1,1
2082,goal_21,col_return,2651,309.69,1,1,2
2083,goal_21,col_approach,792,-65.62,0,0,3
2084,goal_21,exito,3439,656.7,1,1,2
2085,goal_21,col_approach,797,-59.7,0,0,0
2086,goal_21,col_approach,764,-63.67,0,0,1
2087,goal_21,col_approach,750,-65.43,0,0,1
2088,goal_21,exito,3471,662.19,1,1,1
2089,goal_21,col_return,2661,314.99,1,1,1
2090,goal_21,col_approach,772,-61.7,0,0,1
2091,goal_21,col_approach,769,-62.55,0,0,1
2092,goal_21,col_approach,782,-65.68,0,0,2
2093,goal_21,exito,3641,643.42,1,1,4
2094,goal_21,exito,3446,660.86,1,1,1
2095,goal_21,col_return,2653,309.57,1,1,2
2096,goal_21,col_approach,790,-65.58,0,0,3
2097,goal_21,exito,3439,657.37,1,1,2
2098,goal_21,col_approach,799,-59.36,0,0,0
2099,goal_21,col_approach,764,-63.56,0,0,1
2100,goal_21,col_approach,750,-65.43,0,0,1
2101,goal_22,exito,3257,622.71,1,1,3
2102,goal_22,exito,3231,638.73,1,1,2
2103,goal_22,exito,3191,636.55,1,1,0
2104,goal_22,col_approach,796,-58.29,0,0,0
2105,goal_22,col_approach,756,-59.58,0,0,1
2106,goal_22,exito,3314,610.18,1,1,4
2107,goal_22,exito,3208,649.94,1,1,0
2108,goal_22,col_return,2464,287.73,1,1,0
2109,goal_22,col_approach,776,-65.97,0,0,1
2110,goal_22,col_approach,758,-64.65,0,0,1
2111,goal_22,exito,3251,621.2,1,1,3
2112,goal_22,exito,3164,639.49,1,1,2
2113,goal_22,exito,3211,648.58,1,1,0
2114,goal_22,col_return,2513,274.38,1,1,1
2115,goal_22,col_approach,764,-62.24,0,0,1
2116,goal_22,col_approach,766,-63.61,0,0,2
2117,goal_22,col_approach,780,-65.16,0,0,2
2118,goal_22,col_approach,775,-66.48,0,0,3
2119,goal_22,exito,3238,635.18,1,1,2
2120,goal_22,exito,3188,636.05,1,1,0
2121,goal_22,col_approach,816,-55.37,0,0,1
2122,goal_22,col_approach,755,-64.44,0,0,1
2123,goal_22,col_return,2495,264.8,1,1,3
2124,goal_22,exito,3190,635.89,1,1,3
2125,goal_22,exito,3211,648.51,1,1,0
2126,goal_22,col_approach,843,-52.85,0,0,0
2127,goal_22,col_approach,762,-63.83,0,0,1
2128,goal_22,col_approach,748,-65.37,0,0,1
2129,goal_22,exito,3296,611.0,1,1,4
2130,goal_22,exito,3209,650.11,1,1,0
2131,goal_22,col_return,2488,286.28,1,1,0
2132,goal_22,col_return,2496,265.29,1,1,3
2133,goal_22,exito,3185,636.12,1,1,3
2134,goal_22,exito,3214,646.52,1,1,0
2135,goal_22,col_approach,842,-52.88,0,0,0
2136,goal_22,col_approach,767,-64.44,0,0,1
2137,goal_22,col_approach,747,-66.07,0,0,1
2138,goal_22,exito,3298,612.46,1,1,4
2139,goal_22,exito,3209,649.93,1,1,0
2140,goal_22,col_return,2480,285.74,1,1,0
2141,goal_22,col_return,2489,264.51,1,1,3
2142,goal_22,exito,3169,634.18,1,1,3
2143,goal_22,exito,3198,650.59,1,1,0
2144,goal_22,exito,3283,621.69,1,1,1
2145,goal_22,col_approach,769,-61.79,0,0,1
2146,goal_22,col_approach,785,-65.64,0,0,2
2147,goal_22,col_approach,778,-64.64,0,0,2
2148,goal_22,exito,3248,635.22,1,1,3
2149,goal_22,col_return,2518,283.54,1,1,0
2150,goal_22,exito,3308,608.24,1,1,4
2151,goal_22,exito,3210,649.92,1,1,0
2152,goal_22,col_return,2486,287.68,1,1,0
2153,goal_22,col_return,2490,265.15,1,1,3
2154,goal_22,exito,3168,634.88,1,1,3
2155,goal_22,exito,3197,650.82,1,1,0
2156,goal_22,exito,3244,620.09,1,1,1
2157,goal_22,col_approach,836,-58.29,0,0,1
2158,goal_22,col_approach,807,-74.66,0,0,3
2159,goal_22,col_approach,788,-68.32,0,0,3
2160,goal_22,exito,3228,646.46,1,1,0
2161,goal_22,col_return,2480,285.8,1,1,0
2162,goal_22,col_return,2491,264.58,1,1,3
2163,goal_22,exito,3174,634.81,1,1,3
2164,goal_22,exito,3197,649.79,1,1,0
2165,goal_22,exito,3248,620.58,1,1,1
2166,goal_22,col_approach,822,-59.19,0,0,1
2167,goal_22,col_approach,806,-71.9,0,0,3
2168,goal_22,exito,3168,634.94,1,1,3
2169,goal_22,exito,3197,650.9,1,1,0
2170,goal_22,col_return,2431,271.36,1,1,1
2171,goal_22,exito,3255,628.4,1,1,1
2172,goal_22,exito,3208,649.27,1,1,0
2173,goal_22,exito,3173,637.31,1,1,0
2174,goal_22,col_approach,813,-57.32,0,0,1
2175,goal_22,col_approach,758,-65.32,0,0,1
2176,goal_22,col_return,2497,266.04,1,1,3
2177,goal_22,exito,3183,637.35,1,1,3
2178,goal_22,exito,3212,648.23,1,1,0
2179,goal_22,col_approach,845,-52.66,0,0,0
2180,goal_22,col_approach,762,-64.01,0,0,1
2181,goal_22,col_approach,748,-65.56,0,0,1
2182,goal_22,exito,3298,611.41,1,1,4
2183,goal_22,exito,3208,650.13,1,1,0
2184,goal_22,col_return,2486,288.26,1,1,0
2185,goal_22,col_return,2496,265.11,1,1,3
2186,goal_22,exito,3185,636.07,1,1,3
2187,goal_22,exito,3216,647.32,1,1,0
2188,goal_22,col_approach,840,-53.26,0,0,0
2189,goal_22,col_approach,767,-64.46,0,0,1
2190,goal_22,col_approach,747,-66.07,0,0,1
2191,goal_22,exito,3256,622.91,1,1,3
2192,goal_22,exito,3227,638.66,1,1,2
2193,goal_22,col_return,2504,280.89,1,1,0
2194,goal_22,exito,3263,620.55,1,1,3
2195,goal_22,exito,3230,638.48,1,1,2
2196,goal_22,col_return,2486,285.82,1,1,0
2197,goal_22,col_approach,777,-65.93,0,0,1
2198,goal_22,col_approach,759,-64.72,0,0,1
2199,goal_22,exito,3252,622.14,1,1,3
2200,goal_22,exito,3234,635.89,1,1,2
2201,goal_23,col_return,2729,320.03,1,1,2
2202,goal_23,col_return,2758,340.18,1,1,0
2203,goal_23,exito,3503,704.89,1,1,0
2204,goal_23,col_return,2720,320.28,1,1,2
2205,goal_23,col_return,2778,336.74,1,1,1
2206,goal_23,exito,3501,705.15,1,1,0
2207,goal_23,col_return,2738,319.29,1,1,3
2208,goal_23,col_return,2748,338.45,1,1,0
2209,goal_23,exito,3505,704.42,1,1,0
2210,goal_23,col_return,2707,322.1,1,1,2
2211,goal_23,col_return,2794,340.19,1,1,1
2212,goal_23,exito,3502,705.78,1,1,0
2213,goal_23,col_return,2711,321.39,1,1,2
2214,goal_23,col_return,2766,342.93,1,1,0
2215,goal_23,exito,3505,704.53,1,1,0
2216,goal_23,col_return,2735,320.34,1,1,2
2217,goal_23,col_return,2767,341.89,1,1,0
2218,goal_23,exito,3503,704.9,1,1,0
2219,goal_23,col_return,2721,321.45,1,1,2
2220,goal_23,col_return,2782,341.73,1,1,1
2221,goal_23,exito,3500,705.15,1,1,0
2222,goal_23,col_return,2722,320.04,1,1,2
2223,goal_23,col_return,2759,342.08,1,1,0
2224,goal_23,exito,3506,705.22,1,1,0
2225,goal_23,col_return,2708,322.56,1,1,2
2226,goal_23,col_return,2794,341.7,1,1,0
2227,goal_23,exito,3502,704.41,1,1,0
2228,goal_23,col_return,2707,322.22,1,1,2
2229,goal_23,col_return,2794,342.88,1,1,1
2230,goal_23,exito,3500,705.06,1,1,0
2231,goal_23,col_return,2717,320.92,1,1,2
2232,goal_23,col_return,2765,342.44,1,1,0
2233,goal_23,exito,3506,704.82,1,1,0
2234,goal_23,col_return,2740,315.97,1,1,3
2235,goal_23,col_return,2761,340.31,1,1,0
2236,goal_23,exito,3503,704.75,1,1,0
2237,goal_23,col_return,2720,320.11,1,1,2
2238,goal_23,col_return,2778,340.72,1,1,1
2239,goal_23,exito,3501,705.0,1,1,0
2240,goal_23,col_return,2738,319.69,1,1,2
2241,goal_23,col_return,2747,338.66,1,1,0
2242,goal_23,exito,3503,704.67,1,1,0
2243,goal_23,col_return,2709,322.34,1,1,2
2244,goal_23,col_return,2795,341.01,1,1,0
2245,goal_23,exito,3503,706.07,1,1,0
2246,goal_23,col_return,2712,321.39,1,1,2
2247,goal_23,col_return,2764,342.93,1,1,0
2248,goal_23,exito,3505,703.99,1,1,0
2249,goal_23,col_return,2732,320.72,1,1,2
2250,goal_23,col_return,2770,342.66,1,1,0
2251,goal_23,exito,3503,704.94,1,1,0
2252,goal_23,col_return,2721,321.47,1,1,2
2253,goal_23,col_return,2782,341.68,1,1,1
2254,goal_23,exito,3501,705.78,1,1,0
2255,goal_23,col_return,2726,321.25,1,1,2
2256,goal_23,col_return,2754,340.72,1,1,0
2257,goal_23,exito,3506,705.15,1,1,0
2258,goal_23,col_return,2708,322.59,1,1,2
2259,goal_23,col_return,2794,341.68,1,1,0
2260,goal_23,exito,3502,704.39,1,1,0
2261,goal_23,col_return,2710,321.95,1,1,2
2262,goal_23,col_return,2790,341.61,1,1,1
2263,goal_23,exito,3501,705.76,1,1,0
2264,goal_23,col_return,2716,320.49,1,1,2
2265,goal_23,col_return,2766,343.03,1,1,0
2266,goal_23,exito,3506,704.83,1,1,0
2267,goal_23,col_return,2740,315.78,1,1,3
2268,goal_23,col_return,2761,340.41,1,1,0
2269,goal_23,exito,3503,704.83,1,1,0
2270,goal_23,col_return,2720,320.53,1,1,2
2271,goal_23,col_return,2778,341.39,1,1,1
2272,goal_23,exito,3501,705.01,1,1,0
2273,goal_23,col_return,2738,319.7,1,1,2
2274,goal_23,col_return,2748,338.48,1,1,0
2275,goal_23,exito,3505,704.45,1,1,0
2276,goal_23,col_return,2707,322.08,1,1,2
2277,goal_23,col_return,2794,340.54,1,1,1
2278,goal_23,exito,3502,705.75,1,1,0
2279,goal_23,col_return,2711,321.4,1,1,2
2280,goal_23,col_return,2766,343.09,1,1,0
2281,goal_23,exito,3505,703.95,1,1,0
2282,goal_23,col_return,2732,320.74,1,1,2
2283,goal_23,col_return,2770,342.06,1,1,0
2284,goal_23,exito,3503,704.91,1,1,0
2285,goal_23,exito,3478,666.74,1,1,3
2286,goal_23,exito,3650,679.46,1,1,1
2287,goal_23,exito,3517,699.3,1,1,0
2288,goal_23,exito,3485,694.21,1,1,0
2289,goal_23,col_return,2764,320.91,1,1,1
2290,goal_23,exito,3491,694.35,1,1,0
2291,goal_23,exito,3496,690.12,1,1,0
2292,goal_23,col_return,2769,317.85,1,1,1
2293,goal_23,exito,3528,688.08,1,1,0
2294,goal_23,exito,3513,702.03,1,1,0
2295,goal_23,col_return,2723,324.64,1,1,1
2296,goal_23,col_return,2814,349.47,1,1,0
2297,goal_23,exito,3504,705.06,1,1,0
2298,goal_23,col_return,2707,322.36,1,1,2
2299,goal_23,col_return,2796,341.84,1,1,0
2300,goal_23,exito,3502,704.44,1,1,0
2301,goal_24,exito,3374,659.02,1,1,1
2302,goal_24,exito,3295,671.81,1,1,0
2303,goal_24,col_return,2578,304.36,1,1,2
2304,goal_24,exito,3332,652.44,1,1,0
2305,goal_24,col_approach,868,-47.54,0,0,1
2306,goal_24,col_return,2556,298.73,1,1,1
2307,goal_24,exito,3328,652.56,1,1,0
2308,goal_24,col_approach,894,-48.95,0,0,1
2309,goal_24,col_return,2548,299.17,1,1,1
2310,goal_24,exito,3335,656.99,1,1,0
2311,goal_24,col_return,2792,270.79,1,1,2
2312,goal_24,exito,3335,667.57,1,1,0
2313,goal_24,col_return,2530,300.94,1,1,1
2314,goal_24,col_exit,1201,41.57,1,0,0
2315,goal_24,col_return,2552,298.7,1,1,1
2316,goal_24,exito,3331,656.55,1,1,0
2317,goal_24,col_approach,886,-48.73,0,0,2
2318,goal_24,exito,3371,658.91,1,1,1
2319,goal_24,exito,3323,668.67,1,1,0
2320,goal_24,col_return,2550,304.58,1,1,1
2321,goal_24,exito,3328,651.74,1,1,0
2322,goal_24,col_approach,872,-47.37,0,0,1
2323,goal_24,col_return,2562,298.61,1,1,1
2324,goal_24,exito,3329,654.04,1,1,0
2325,goal_24,col_approach,897,-48.97,0,0,2
2326,goal_24,col_return,2538,300.22,1,1,1
2327,goal_24,exito,3333,654.96,1,1,0
2328,goal_24,col_approach,878,-46.83,0,0,1
2329,goal_24,col_return,2545,298.57,1,1,2
2330,goal_24,exito,3398,655.49,1,1,0
2331,goal_24,col_return,2561,297.22,1,1,1
2332,goal_24,col_exit,1197,40.56,1,0,0
2333,goal_24,col_return,2552,303.52,1,1,1
2334,goal_24,col_exit,1224,37.98,1,0,1
2335,goal_24,col_return,2542,299.63,1,1,1
2336,goal_24,exito,3337,655.89,1,1,0
2337,goal_24,col_approach,880,-47.66,0,0,1
2338,goal_24,col_return,2548,300.26,1,1,2
2339,goal_24,exito,3389,657.11,1,1,0
2340,goal_24,col_return,2567,302.46,1,1,2
2341,goal_24,col_exit,1207,41.62,1,0,1
2342,goal_24,col_return,2548,308.59,1,1,1
2343,goal_24,col_exit,1226,38.04,1,0,1
2344,goal_24,col_return,2538,299.48,1,1,1
2345,goal_24,exito,3333,654.97,1,1,0
2346,goal_24,col_approach,877,-47.22,0,0,1
2347,goal_24,col_return,2549,299.34,1,1,1
2348,goal_24,exito,3328,655.92,1,1,0
2349,goal_24,col_approach,886,-46.25,0,0,2
2350,goal_24,col_return,2531,300.7,1,1,1
2351,goal_24,exito,3329,655.82,1,1,0
2352,goal_24,col_approach,878,-47.61,0,0,1
2353,goal_24,col_return,2532,300.03,1,1,1
2354,goal_24,exito,3321,651.46,1,1,0
2355,goal_24,col_approach,872,-47.75,0,0,1
2356,goal_24,col_return,2553,298.58,1,1,1
2357,goal_24,exito,3337,655.93,1,1,0
2358,goal_24,col_approach,888,-46.62,0,0,2
2359,goal_24,col_return,2533,300.58,1,1,1
2360,goal_24,exito,3333,655.03,1,1,0
2361,goal_24,col_approach,878,-46.85,0,0,1
2362,goal_24,col_return,2545,298.61,1,1,2
2363,goal_24,exito,3398,655.54,1,1,0
2364,goal_24,col_return,2561,297.19,1,1,1
2365,goal_24,col_exit,1196,40.7,1,0,0
2366,goal_24,col_return,2554,303.45,1,1,1
2367,goal_24,col_exit,1224,37.8,1,0,1
2368,goal_24,col_return,2537,300.3,1,1,1
2369,goal_24,exito,3335,654.26,1,1,0
2370,goal_24,col_approach,883,-47.26,0,0,1
2371,goal_24,col_return,2553,299.57,1,1,2
2372,goal_24,exito,3397,655.03,1,1,0
2373,goal_24,col_return,2559,297.55,1,1,1
2374,goal_24,col_exit,1206,41.28,1,0,1
2375,goal_24,col_return,2547,309.01,1,1,1
2376,goal_24,col_exit,1226,37.53,1,0,1
2377,goal_24,col_return,2533,300.58,1,1,1
2378,goal_24,exito,3332,654.26,1,1,0
2379,goal_24,col_approach,878,-47.69,0,0,1
2380,goal_24,col_return,2551,298.68,1,1,1
2381,goal_24,exito,3335,655.49,1,1,0
2382,goal_24,col_approach,887,-48.79,0,0,2
2383,goal_24,exito,3371,658.92,1,1,1
2384,goal_24,exito,3323,668.59,1,1,0
2385,goal_24,col_return,2547,305.05,1,1,1
2386,goal_24,exito,3328,651.66,1,1,0
2387,goal_24,col_approach,872,-47.23,0,0,1
2388,goal_24,col_return,2556,304.29,1,1,1
2389,goal_24,exito,3327,652.45,1,1,0
2390,goal_24,col_approach,868,-47.54,0,0,1
2391,goal_24,col_return,2553,299.06,1,1,1
2392,goal_24,exito,3330,653.03,1,1,0
2393,goal_24,col_approach,893,-48.94,0,0,1
2394,goal_24,col_return,2555,301.66,1,1,2
2395,goal_24,exito,3334,657.24,1,1,0
2396,goal_24,col_return,2789,274.27,1,1,2
2397,goal_24,exito,3337,668.54,1,1,0
2398,goal_24,col_return,2527,301.13,1,1,1
2399,goal_24,col_exit,1199,41.53,1,0,0
2400,goal_24,col_return,2552,299.73,1,1,1
2401,goal_25,exito,3081,618.55,1,1,1
2402,goal_25,col_return,2314,271.44,1,1,1
2403,goal_25,col_return,2330,266.0,1,1,2
2404,goal_25,col_approach,904,-38.64,0,0,0
2405,goal_25,exito,3115,643.44,1,1,1
2406,goal_25,exito,3063,649.61,1,1,0
2407,goal_25,exito,3084,640.04,1,1,0
2408,goal_25,col_return,2320,288.17,1,1,1
2409,goal_25,exito,3128,638.54,1,1,1
2410,goal_25,col_return,2312,270.83,1,1,2
2411,goal_25,col_return,2317,262.35,1,1,2
2412,goal_25,col_approach,931,-39.44,0,0,0
2413,goal_25,exito,3101,642.25,1,1,1
2414,goal_25,exito,3067,649.83,1,1,0
2415,goal_25,col_return,2368,294.05,1,1,0
2416,goal_25,exito,3153,636.28,1,1,1
2417,goal_25,col_return,2302,272.01,1,1,2
2418,goal_25,exito,3089,624.48,1,1,2
2419,goal_25,col_approach,899,-41.77,0,0,0
2420,goal_25,exito,3114,643.12,1,1,1
2421,goal_25,exito,3065,649.55,1,1,0
2422,goal_25,col_return,2388,289.47,1,1,1
2423,goal_25,exito,3113,625.05,1,1,1
2424,goal_25,col_return,2298,275.06,1,1,1
2425,goal_25,col_return,2312,269.2,1,1,2
2426,goal_25,exito,3076,619.36,1,1,0
2427,goal_25,col_approach,870,-45.03,0,0,0
2428,goal_25,exito,3114,644.0,1,1,1
2429,goal_25,exito,3064,649.68,1,1,0
2430,goal_25,col_return,2392,291.4,1,1,0
2431,goal_25,exito,3113,624.98,1,1,1
2432,goal_25,col_return,2293,276.67,1,1,1
2433,goal_25,col_return,2308,269.55,1,1,2
2434,goal_25,exito,3079,621.31,1,1,0
2435,goal_25,col_approach,875,-43.86,0,0,0
2436,goal_25,exito,3115,643.95,1,1,1
2437,goal_25,exito,3064,649.77,1,1,0
2438,goal_25,col_return,2391,291.61,1,1,0
2439,goal_25,exito,3114,624.25,1,1,1
2440,goal_25,col_return,2296,276.19,1,1,1
2441,goal_25,col_return,2339,268.26,1,1,2
2442,goal_25,col_approach,934,-36.48,0,0,0
2443,goal_25,exito,3086,646.32,1,1,1
2444,goal_25,exito,3091,645.64,1,1,0
2445,goal_25,exito,3084,640.88,1,1,0
2446,goal_25,col_return,2320,277.71,1,1,1
2447,goal_25,exito,3086,624.08,1,1,1
2448,goal_25,col_return,2295,276.87,1,1,1
2449,goal_25,col_return,2310,270.44,1,1,2
2450,goal_25,exito,3087,619.15,1,1,2
2451,goal_25,col_approach,897,-49.52,0,0,1
2452,goal_25,exito,3097,642.66,1,1,1
2453,goal_25,exito,3066,649.8,1,1,0
2454,goal_25,col_return,2372,294.83,1,1,0
2455,goal_25,exito,3153,636.28,1,1,1
2456,goal_25,col_return,2295,271.77,1,1,1
2457,goal_25,exito,3092,623.86,1,1,2
2458,goal_25,col_approach,903,-40.98,0,0,0
2459,goal_25,exito,3114,643.14,1,1,1
2460,goal_25,exito,3065,649.49,1,1,0
2461,goal_25,col_return,2387,289.44,1,1,0
2462,goal_25,exito,3114,625.05,1,1,1
2463,goal_25,col_return,2298,275.14,1,1,1
2464,goal_25,col_return,2313,269.17,1,1,2
2465,goal_25,exito,3074,618.38,1,1,0
2466,goal_25,col_approach,871,-44.96,0,0,0
2467,goal_25,exito,3113,643.09,1,1,1
2468,goal_25,exito,3064,649.73,1,1,0
2469,goal_25,col_return,2393,291.14,1,1,0
2470,goal_25,exito,3113,624.94,1,1,1
2471,goal_25,col_return,2293,276.66,1,1,1
2472,goal_25,col_return,2308,269.57,1,1,2
2473,goal_25,exito,3079,621.22,1,1,0
2474,goal_25,col_approach,875,-43.86,0,0,0
2475,goal_25,exito,3113,642.82,1,1,1
2476,goal_25,exito,3063,649.58,1,1,0
2477,goal_25,col_return,2394,292.61,1,1,0
2478,goal_25,exito,3114,624.14,1,1,1
2479,goal_25,col_return,2296,276.28,1,1,1
2480,goal_25,col_return,2339,268.23,1,1,2
2481,goal_25,col_approach,935,-36.09,0,0,0
2482,goal_25,exito,3083,646.44,1,1,1
2483,goal_25,exito,3090,645.52,1,1,0
2484,goal_25,exito,3080,642.64,1,1,0
2485,goal_25,col_return,2322,283.79,1,1,1
2486,goal_25,exito,3107,625.33,1,1,1
2487,goal_25,col_return,2284,272.88,1,1,1
2488,goal_25,col_return,2344,269.09,1,1,3
2489,goal_25,col_approach,924,-36.82,0,0,0
2490,goal_25,exito,3086,645.82,1,1,1
2491,goal_25,exito,3091,645.39,1,1,0
2492,goal_25,exito,3085,642.95,1,1,0
2493,goal_25,col_return,2339,277.3,1,1,1
2494,goal_25,exito,3081,623.32,1,1,1
2495,goal_25,col_return,2285,275.94,1,1,1
2496,goal_25,col_return,2313,270.61,1,1,2
2497,goal_25,exito,3087,617.86,1,1,2
2498,goal_25,col_approach,891,-46.02,0,0,1
2499,goal_25,exito,3112,643.1,1,1,1
2500,goal_25,exito,3067,649.59,1,1,0
2501,goal_26,exito,3534,705.63,1,1,0
2502,goal_26,col_approach,892,-44.51,0,0,1
2503,goal_26,exito,3511,693.48,1,1,1
2504,goal_26,exito,3541,672.03,1,1,2
2505,goal_26,exito,3528,698.8,1,1,0
2506,goal_26,exito,3528,707.75,1,1,0
2507,goal_26,col_approach,888,-44.28,0,0,1
2508,goal_26,exito,3509,696.12,1,1,1
2509,goal_26,col_return,2837,318.77,1,1,2
2510,goal_26,col_approach,936,-37.07,0,0,0
2511,goal_26,exito,3524,671.91,1,1,2
2512,goal_26,exito,3518,699.74,1,1,0
2513,goal_26,exito,3540,705.36,1,1,0
2514,goal_26,col_approach,858,-46.05,0,0,0
2515,goal_26,exito,3559,684.93,1,1,2
2516,goal_26,col_return,2814,338.06,1,1,2
2517,goal_26,exito,3492,688.9,1,1,0
2518,goal_26,exito,3540,710.85,1,1,0
2519,goal_26,col_approach,867,-46.13,0,0,1
2520,goal_26,exito,3560,705.11,1,1,0
2521,goal_26,col_approach,918,-44.03,0,0,0
2522,goal_26,exito,3616,694.07,1,1,2
2523,goal_26,col_approach,887,-43.05,0,0,0
2524,goal_26,exito,3566,703.97,1,1,1
2525,goal_26,col_approach,938,-42.52,0,0,0
2526,goal_26,exito,3559,704.57,1,1,1
2527,goal_26,col_return,2807,334.25,1,1,1
2528,goal_26,col_approach,929,-42.55,0,0,0
2529,goal_26,col_return,2818,337.53,1,1,2
2530,goal_26,col_approach,929,-41.05,0,0,0
2531,goal_26,col_return,2808,323.91,1,1,2
2532,goal_26,col_approach,936,-37.93,0,0,0
2533,goal_26,exito,3517,673.71,1,1,2
2534,goal_26,exito,3521,699.88,1,1,0
2535,goal_26,exito,3537,705.93,1,1,0
2536,goal_26,col_approach,865,-45.47,0,0,0
2537,goal_26,exito,3564,685.49,1,1,2
2538,goal_26,col_return,2803,332.38,1,1,1
2539,goal_26,col_return,2846,340.2,1,1,1
2540,goal_26,exito,3560,707.81,1,1,0
2541,goal_26,exito,3516,703.47,1,1,0
2542,goal_26,col_return,2745,316.95,1,1,2
2543,goal_26,exito,3530,708.6,1,1,0
2544,goal_26,exito,3538,704.9,1,1,0
2545,goal_26,col_approach,894,-42.68,0,0,0
2546,goal_26,col_approach,882,-53.42,0,0,2
2547,goal_26,exito,3534,710.79,1,1,0
2548,goal_26,col_approach,869,-49.71,0,0,1
2549,goal_26,exito,3558,708.85,1,1,0
2550,goal_26,col_approach,919,-45.91,0,0,0
2551,goal_26,exito,3557,705.09,1,1,0
2552,goal_26,col_return,2788,333.65,1,1,1
2553,goal_26,col_approach,921,-42.21,0,0,1
2554,goal_26,exito,3527,673.63,1,1,2
2555,goal_26,exito,3531,698.6,1,1,0
2556,goal_26,exito,3524,708.44,1,1,0
2557,goal_26,col_approach,873,-44.46,0,0,0
2558,goal_26,exito,3534,685.38,1,1,2
2559,goal_26,col_return,2830,318.62,1,1,2
2560,goal_26,exito,3533,689.82,1,1,0
2561,goal_26,exito,3532,709.28,1,1,0
2562,goal_26,col_approach,854,-49.4,0,0,1
2563,goal_26,exito,3518,701.82,1,1,0
2564,goal_26,col_return,2812,337.51,1,1,2
2565,goal_26,exito,3492,688.75,1,1,0
2566,goal_26,exito,3540,710.93,1,1,0
2567,goal_26,col_approach,867,-46.11,0,0,1
2568,goal_26,exito,3563,705.3,1,1,0
2569,goal_26,col_approach,915,-44.37,0,0,0
2570,goal_26,exito,3609,695.34,1,1,2
2571,goal_26,col_approach,894,-42.32,0,0,0
2572,goal_26,exito,3562,703.64,1,1,1
2573,goal_26,col_return,2806,331.41,1,1,1
2574,goal_26,col_approach,916,-45.07,0,0,1
2575,goal_26,exito,3526,674.3,1,1,2
2576,goal_26,exito,3533,698.04,1,1,0
2577,goal_26,exito,3525,708.77,1,1,0
2578,goal_26,col_approach,875,-44.71,0,0,0
2579,goal_26,exito,3516,697.48,1,1,1
2580,goal_26,exito,3563,654.04,1,1,2
2581,goal_26,exito,3537,693.31,1,1,0
2582,goal_26,exito,3541,710.73,1,1,0
2583,goal_26,col_approach,871,-52.93,0,0,1
2584,goal_26,exito,3559,708.65,1,1,0
2585,goal_26,col_approach,920,-45.58,0,0,0
2586,goal_26,exito,3558,705.1,1,1,0
2587,goal_26,col_return,2783,333.91,1,1,1
2588,goal_26,col_approach,924,-44.05,0,0,0
2589,goal_26,exito,3549,674.68,1,1,2
2590,goal_26,exito,3531,693.59,1,1,0
2591,goal_26,exito,3515,704.39,1,1,0
2592,goal_26,col_approach,877,-44.25,0,0,1
2593,goal_26,exito,3513,698.71,1,1,1
2594,goal_26,col_return,2831,318.17,1,1,2
2595,goal_26,exito,3534,689.61,1,1,0
2596,goal_26,exito,3532,709.53,1,1,0
2597,goal_26,col_approach,852,-49.08,0,0,1
2598,goal_26,exito,3517,701.03,1,1,0
2599,goal_26,exito,3522,669.5,1,1,2
2600,goal_26,exito,3535,697.15,1,1,0
2601,goal_27,col_return,2551,302.9,1,1,2
2602,goal_27,col_approach,895,-41.94,0,0,0
2603,goal_27,col_return,2644,297.91,1,1,1
2604,goal_27,exito,3316,669.07,1,1,2
2605,goal_27,exito,3348,655.2,1,1,1
2606,goal_27,col_return,2574,312.76,1,1,2
2607,goal_27,col_approach,874,-45.39,0,0,1
2608,goal_27,col_approach,939,-42.73,0,0,0
2609,goal_27,col_return,2611,317.77,1,1,3
2610,goal_27,exito,3307,670.92,1,1,0
2611,goal_27,col_approach,857,-49.39,0,0,1
2612,goal_27,col_return,2565,311.5,1,1,1
2613,goal_27,exito,3305,667.59,1,1,0
2614,goal_27,col_approach,869,-48.4,0,0,1
2615,goal_27,col_return,2581,320.95,1,1,0
2616,goal_27,exito,3322,668.73,1,1,0
2617,goal_27,col_approach,857,-49.7,0,0,1
2618,goal_27,col_return,2572,313.18,1,1,1
2619,goal_27,exito,3321,668.37,1,1,0
2620,goal_27,col_approach,855,-49.91,0,0,1
2621,goal_27,col_return,2565,313.92,1,1,0
2622,goal_27,exito,3319,667.56,1,1,0
2623,goal_27,col_approach,858,-49.41,0,0,1
2624,goal_27,col_return,2567,312.48,1,1,1
2625,goal_27,exito,3321,668.82,1,1,0
2626,goal_27,col_approach,856,-49.25,0,0,1
2627,goal_27,col_return,2576,313.28,1,1,2
2628,goal_27,exito,3323,668.19,1,1,0
2629,goal_27,col_approach,855,-49.85,0,0,1
2630,goal_27,col_return,2571,313.33,1,1,1
2631,goal_27,exito,3304,670.73,1,1,0
2632,goal_27,col_approach,863,-49.78,0,0,1
2633,goal_27,col_return,2568,320.96,1,1,0
2634,goal_27,exito,3310,668.7,1,1,0
2635,goal_27,col_approach,858,-45.66,0,0,1
2636,goal_27,col_return,2588,320.98,1,1,0
2637,goal_27,exito,3323,667.57,1,1,0
2638,goal_27,col_approach,857,-49.82,0,0,1
2639,goal_27,col_return,2571,313.7,1,1,1
2640,goal_27,exito,3302,670.7,1,1,0
2641,goal_27,col_approach,855,-46.44,0,0,1
2642,goal_27,col_return,2574,320.8,1,1,0
2643,goal_27,exito,3312,669.49,1,1,0
2644,goal_27,col_approach,856,-47.33,0,0,0
2645,goal_27,col_return,2588,320.88,1,1,0
2646,goal_27,exito,3322,665.44,1,1,0
2647,goal_27,col_approach,862,-49.74,0,0,1
2648,goal_27,col_return,2566,313.33,1,1,0
2649,goal_27,exito,3322,668.7,1,1,0
2650,goal_27,col_approach,857,-49.75,0,0,1
2651,goal_27,col_return,2572,313.33,1,1,1
2652,goal_27,exito,3308,672.45,1,1,0
2653,goal_27,col_approach,856,-48.94,0,0,1
2654,goal_27,col_return,2583,322.24,1,1,1
2655,goal_27,exito,3303,668.26,1,1,0
2656,goal_27,col_approach,871,-52.93,0,0,1
2657,goal_27,col_return,2565,313.23,1,1,0
2658,goal_27,exito,3320,669.42,1,1,0
2659,goal_27,col_approach,856,-49.19,0,0,1
2660,goal_27,col_return,2577,312.73,1,1,2
2661,goal_27,exito,3321,668.37,1,1,0
2662,goal_27,col_approach,855,-49.78,0,0,1
2663,goal_27,col_return,2573,312.8,1,1,1
2664,goal_27,exito,3302,668.94,1,1,0
2665,goal_27,col_approach,864,-49.8,0,0,1
2666,goal_27,col_return,2571,321.47,1,1,0
2667,goal_27,exito,3321,667.18,1,1,0
2668,goal_27,col_approach,857,-49.16,0,0,1
2669,goal_27,col_return,2571,312.38,1,1,1
2670,goal_27,exito,3321,668.75,1,1,0
2671,goal_27,col_approach,863,-49.66,0,0,1
2672,goal_27,col_return,2571,314.13,1,1,1
2673,goal_27,exito,3303,669.54,1,1,0
2674,goal_27,col_approach,855,-46.81,0,0,1
2675,goal_27,col_return,2573,320.92,1,1,0
2676,goal_27,exito,3312,669.51,1,1,0
2677,goal_27,col_approach,856,-47.16,0,0,0
2678,goal_27,col_return,2588,321.03,1,1,0
2679,goal_27,exito,3322,665.33,1,1,0
2680,goal_27,col_approach,862,-49.72,0,0,1
2681,goal_27,col_return,2566,313.27,1,1,0
2682,goal_27,exito,3322,668.71,1,1,0
2683,goal_27,col_approach,857,-49.78,0,0,1
2684,goal_27,col_return,2572,313.16,1,1,1
2685,goal_27,exito,3302,668.94,1,1,0
2686,goal_27,col_approach,855,-46.4,0,0,1
2687,goal_27,col_return,2587,321.29,1,1,0
2688,goal_27,exito,3322,667.64,1,1,0
2689,goal_27,col_approach,855,-49.77,0,0,1
2690,goal_27,col_return,2565,312.37,1,1,0
2691,goal_27,exito,3320,669.42,1,1,0
2692,goal_27,col_approach,857,-49.25,0,0,1
2693,goal_27,col_return,2576,312.99,1,1,2
2694,goal_27,exito,3320,668.48,1,1,0
2695,goal_27,col_approach,855,-49.65,0,0,1
2696,goal_27,col_return,2574,312.81,1,1,1
2697,goal_27,exito,3303,669.12,1,1,0
2698,goal_27,col_approach,863,-49.79,0,0,1
2699,goal_27,col_return,2567,312.03,1,1,1
2700,goal_27,exito,3309,668.15,1,1,0
2701,goal_28,col_approach,872,-45.3,0,0,0
2702,goal_28,col_approach,816,-53.75,0,0,1
2703,goal_28,exito,3035,621.83,1,1,2
2704,goal_28,exito,3198,604.97,1,1,3
2705,goal_28,col_return,2278,271.78,1,1,1
2706,goal_28,col_return,2268,260.95,1,1,1
2707,goal_28,col_approach,884,-43.48,0,0,0
2708,goal_28,col_approach,815,-54.18,0,0,1
2709,goal_28,col_approach,914,-47.56,0,0,1
2710,goal_28,col_approach,819,-52.23,0,0,1
2711,goal_28,col_return,2389,249.49,1,1,2
2712,goal_28,col_return,2409,270.51,1,1,1
2713,goal_28,col_return,2305,264.13,1,1,2
2714,goal_28,col_approach,847,-50.29,0,0,0
2715,goal_28,col_approach,1034,-67.84,0,0,2
2716,goal_28,col_approach,829,-60.74,0,0,2
2717,goal_28,col_return,2330,275.83,1,1,2
2718,goal_28,exito,3123,628.24,1,1,1
2719,goal_28,col_return,2289,266.26,1,1,1
2720,goal_28,exito,3105,612.45,1,1,2
2721,goal_28,col_approach,818,-57.06,0,0,1
2722,goal_28,exito,3040,626.28,1,1,2
2723,goal_28,col_approach,896,-49.67,0,0,2
2724,goal_28,col_approach,826,-51.11,0,0,1
2725,goal_28,exito,3015,622.12,1,1,2
2726,goal_28,col_return,2381,253.69,1,1,3
2727,goal_28,col_return,2416,271.29,1,1,1
2728,goal_28,col_return,2249,259.44,1,1,1
2729,goal_28,col_approach,891,-40.69,0,0,0
2730,goal_28,exito,3067,619.55,1,1,2
2731,goal_28,col_approach,888,-49.25,0,0,1
2732,goal_28,col_approach,829,-50.68,0,0,1
2733,goal_28,exito,3015,622.21,1,1,2
2734,goal_28,col_return,2382,253.5,1,1,3
2735,goal_28,col_return,2416,271.65,1,1,1
2736,goal_28,col_return,2247,262.68,1,1,1
2737,goal_28,col_return,2311,260.27,1,1,2
2738,goal_28,col_approach,823,-54.71,0,0,0
2739,goal_28,col_approach,820,-52.8,0,0,2
2740,goal_28,col_approach,888,-48.95,0,0,1
2741,goal_28,col_approach,831,-50.04,0,0,1
2742,goal_28,col_approach,836,-63.05,0,0,2
2743,goal_28,col_return,2348,261.62,1,1,2
2744,goal_28,col_return,2358,273.11,1,1,0
2745,goal_28,col_return,2324,267.25,1,1,2
2746,goal_28,col_approach,854,-50.77,0,0,1
2747,goal_28,exito,3121,631.01,1,1,1
2748,goal_28,col_approach,884,-44.85,0,0,0
2749,goal_28,col_return,2421,261.96,1,1,1
2750,goal_28,exito,3122,610.81,1,1,1
2751,goal_28,col_return,2293,268.11,1,1,1
2752,goal_28,exito,3105,614.26,1,1,2
2753,goal_28,col_approach,837,-57.49,0,0,1
2754,goal_28,exito,3062,627.75,1,1,1
2755,goal_28,col_approach,894,-41.72,0,0,0
2756,goal_28,col_approach,811,-53.23,0,0,1
2757,goal_28,exito,3036,621.03,1,1,2
2758,goal_28,exito,3189,602.98,1,1,3
2759,goal_28,col_return,2291,273.73,1,1,2
2760,goal_28,col_return,2265,261.18,1,1,1
2761,goal_28,col_approach,893,-42.54,0,0,0
2762,goal_28,exito,3068,615.35,1,1,2
2763,goal_28,col_approach,893,-46.87,0,0,1
2764,goal_28,col_approach,829,-51.05,0,0,1
2765,goal_28,col_return,2396,248.94,1,1,3
2766,goal_28,col_return,2413,271.08,1,1,1
2767,goal_28,col_return,2310,261.7,1,1,2
2768,goal_28,col_approach,840,-53.27,0,0,0
2769,goal_28,exito,3068,619.66,1,1,2
2770,goal_28,col_approach,888,-49.12,0,0,1
2771,goal_28,col_approach,830,-50.82,0,0,1
2772,goal_28,exito,3017,621.82,1,1,2
2773,goal_28,col_return,2379,253.81,1,1,3
2774,goal_28,col_return,2419,269.43,1,1,1
2775,goal_28,col_return,2248,261.73,1,1,1
2776,goal_28,col_return,2254,261.98,1,1,1
2777,goal_28,col_approach,878,-42.06,0,0,0
2778,goal_28,col_approach,821,-53.69,0,0,2
2779,goal_28,col_approach,885,-49.28,0,0,1
2780,goal_28,col_approach,831,-50.01,0,0,1
2781,goal_28,exito,3014,620.67,1,1,2
2782,goal_28,col_approach,813,-56.47,0,0,2
2783,goal_28,col_return,2315,273.65,1,1,2
2784,goal_28,col_return,2272,276.75,1,1,1
2785,goal_28,exito,3119,629.41,1,1,1
2786,goal_28,col_return,2274,270.11,1,1,1
2787,goal_28,col_return,2339,259.93,1,1,2
2788,goal_28,col_approach,831,-54.5,0,0,1
2789,goal_28,exito,3099,617.76,1,1,2
2790,goal_28,col_approach,891,-40.12,0,0,0
2791,goal_28,col_approach,817,-56.86,0,0,1
2792,goal_28,col_return,2360,269.01,1,1,3
2793,goal_28,exito,3127,628.36,1,1,1
2794,goal_28,col_return,2291,270.86,1,1,1
2795,goal_28,exito,3105,613.78,1,1,2
2796,goal_28,col_approach,841,-57.83,0,0,1
2797,goal_28,exito,3095,626.58,1,1,2
2798,goal_28,col_approach,860,-47.9,0,0,0
2799,goal_28,col_return,2422,261.44,1,1,1
2800,goal_28,col_return,2279,270.76,1,1,1
