episodio,goal_id,rep,resultado,pasos,reward,warehouse_id,metodo,seed,peaton
1,goal_001,1,exito,14327,2296.14,05,sthwp,42,1
2,goal_001,2,exito,14327,2296.16,05,sthwp,42,1
3,goal_001,3,exito,14328,2296.34,05,sthwp,42,1
4,goal_001,4,exito,14328,2296.23,05,sthwp,42,1
5,goal_001,5,exito,14328,2296.25,05,sthwp,42,1
6,goal_001,6,exito,14328,2296.38,05,sthwp,42,1
7,goal_001,7,exito,14328,2296.35,05,sthwp,42,1
8,goal_001,8,exito,14331,2153.05,05,sthwp,42,1
9,goal_001,9,col_return,8811,1229.74,05,sthwp,42,1
10,goal_001,10,exito,14317,2297.06,05,sthwp,42,1
11,goal_002,1,col_return,8412,1190.3,05,sthwp,42,1
12,goal_002,2,exito,14166,2289.12,05,sthwp,42,1
13,goal_002,3,col_return,8375,1183.41,05,sthwp,42,1
14,goal_002,4,exito,14166,2289.13,05,sthwp,42,1
15,goal_002,5,col_return,8360,1177.16,05,sthwp,42,1
16,goal_002,6,exito,14168,2289.41,05,sthwp,42,1
17,goal_002,7,exito,14193,2036.08,05,sthwp,42,1
18,goal_002,8,col_return,8741,1237.88,05,sthwp,42,1
19,goal_002,9,exito,14166,2289.13,05,sthwp,42,1
20,goal_002,10,col_return,8536,1207.79,05,sthwp,42,1
21,goal_003,1,exito,14062,2277.89,05,sthwp,42,1
22,goal_003,2,col_return,8433,1197.15,05,sthwp,42,1
23,goal_003,3,exito,14062,2277.88,05,sthwp,42,1
24,goal_003,4,col_return,8434,1197.53,05,sthwp,42,1
25,goal_003,5,exito,14063,2278.12,05,sthwp,42,1
26,goal_003,6,col_return,8433,1196.92,05,sthwp,42,1
27,goal_003,7,exito,14062,2277.89,05,sthwp,42,1
28,goal_003,8,col_return,8446,1191.7,05,sthwp,42,1
29,goal_003,9,exito,14060,2277.9,05,sthwp,42,1
30,goal_003,10,col_return,8441,1194.13,05,sthwp,42,1
31,goal_004,1,exito,14007,2277.38,05,sthwp,42,1
32,goal_004,2,col_return,8439,1201.37,05,sthwp,42,1
33,goal_004,3,exito,14007,2277.38,05,sthwp,42,1
34,goal_004,4,col_return,8458,1207.65,05,sthwp,42,1
35,goal_004,5,exito,14007,2277.38,05,sthwp,42,1
36,goal_004,6,col_return,8474,1210.25,05,sthwp,42,1
37,goal_004,7,exito,14007,2277.44,05,sthwp,42,1
38,goal_004,8,col_return,8485,1210.6,05,sthwp,42,1
39,goal_004,9,exito,14007,2277.38,05,sthwp,42,1
40,goal_004,10,col_return,8486,1211.65,05,sthwp,42,1
41,goal_005,1,exito,13987,2275.51,05,sthwp,42,1
42,goal_005,2,col_return,8494,1211.19,05,sthwp,42,1
43,goal_005,3,exito,13986,2275.24,05,sthwp,42,1
44,goal_005,4,col_return,8503,1212.21,05,sthwp,42,1
45,goal_005,5,exito,13988,2275.67,05,sthwp,42,1
46,goal_005,6,col_return,8508,1212.35,05,sthwp,42,1
47,goal_005,7,exito,13987,2275.5,05,sthwp,42,1
48,goal_005,8,col_return,8507,1213.52,05,sthwp,42,1
49,goal_005,9,exito,13987,2275.5,05,sthwp,42,1
50,goal_005,10,col_return,8509,1213.9,05,sthwp,42,1
51,goal_006,1,exito,13976,2273.12,05,sthwp,42,1
52,goal_006,2,col_return,8512,1212.62,05,sthwp,42,1
53,goal_006,3,exito,13976,2273.12,05,sthwp,42,1
54,goal_006,4,col_return,8517,1213.59,05,sthwp,42,1
55,goal_006,5,exito,13976,2273.11,05,sthwp,42,1
56,goal_006,6,col_return,8518,1214.59,05,sthwp,42,1
57,goal_006,7,exito,13976,2273.12,05,sthwp,42,1
58,goal_006,8,col_return,8520,1214.98,05,sthwp,42,1
59,goal_006,9,exito,13976,2273.11,05,sthwp,42,1
60,goal_006,10,col_return,8520,1215.49,05,sthwp,42,1
61,goal_007,1,exito,13987,2276.09,05,sthwp,42,1
62,goal_007,2,col_return,8516,1217.97,05,sthwp,42,1
63,goal_007,3,exito,13987,2276.09,05,sthwp,42,1
64,goal_007,4,col_return,8510,1218.77,05,sthwp,42,1
65,goal_007,5,exito,13986,2275.93,05,sthwp,42,1
66,goal_007,6,col_return,8518,1216.86,05,sthwp,42,1
67,goal_007,7,exito,13986,2275.91,05,sthwp,42,1
68,goal_007,8,col_return,8518,1215.38,05,sthwp,42,1
69,goal_007,9,exito,13986,2275.93,05,sthwp,42,1
70,goal_007,10,col_return,8515,1215.52,05,sthwp,42,1
71,goal_008,1,exito,14018,2280.1,05,sthwp,42,1
72,goal_008,2,col_return,8509,1215.71,05,sthwp,42,1
73,goal_008,3,exito,14018,2280.1,05,sthwp,42,1
74,goal_008,4,col_return,8500,1211.95,05,sthwp,42,1
75,goal_008,5,exito,14017,2279.94,05,sthwp,42,1
76,goal_008,6,col_return,8485,1211.91,05,sthwp,42,1
77,goal_008,7,exito,14018,2280.11,05,sthwp,42,1
78,goal_008,8,col_return,8482,1212.13,05,sthwp,42,1
79,goal_008,9,exito,14018,2280.11,05,sthwp,42,1
80,goal_008,10,col_return,8477,1212.98,05,sthwp,42,1
81,goal_009,1,exito,14064,2283.66,05,sthwp,42,1
82,goal_009,2,col_return,8481,1209.41,05,sthwp,42,1
83,goal_009,3,exito,14064,2283.66,05,sthwp,42,1
84,goal_009,4,col_return,8463,1204.38,05,sthwp,42,1
85,goal_009,5,exito,14062,2283.63,05,sthwp,42,1
86,goal_009,6,col_return,8447,1203.55,05,sthwp,42,1
87,goal_009,7,exito,14064,2283.65,05,sthwp,42,1
88,goal_009,8,col_return,8436,1203.38,05,sthwp,42,1
89,goal_009,9,exito,14064,2283.65,05,sthwp,42,1
90,goal_009,10,col_return,8434,1204.07,05,sthwp,42,1
91,goal_010,1,exito,14130,2292.79,05,sthwp,42,1
92,goal_010,2,col_return,8443,1199.96,05,sthwp,42,1
93,goal_010,3,exito,14130,2292.8,05,sthwp,42,1
94,goal_010,4,col_return,8403,1194.45,05,sthwp,42,1
95,goal_010,5,exito,14130,2292.87,05,sthwp,42,1
96,goal_010,6,col_return,8388,1192.66,05,sthwp,42,1
97,goal_010,7,exito,14130,2292.79,05,sthwp,42,1
98,goal_010,8,col_return,8373,1192.87,05,sthwp,42,1
99,goal_010,9,exito,14130,2292.83,05,sthwp,42,1
100,goal_010,10,col_return,8368,1192.9,05,sthwp,42,1
101,goal_011,1,exito,14199,2302.86,05,sthwp,42,1
102,goal_011,2,exito,14226,2052.59,05,sthwp,42,1
103,goal_011,3,col_return,8754,1249.67,05,sthwp,42,1
104,goal_011,4,exito,14199,2302.86,05,sthwp,42,1
105,goal_011,5,col_return,8534,1214.28,05,sthwp,42,1
106,goal_011,6,exito,14199,2302.85,05,sthwp,42,1
107,goal_011,7,col_return,8417,1196.38,05,sthwp,42,1
108,goal_011,8,exito,14199,2302.85,05,sthwp,42,1
109,goal_011,9,exito,14212,2164.2,05,sthwp,42,1
110,goal_011,10,col_return,8752,1245.44,05,sthwp,42,1
111,goal_012,1,exito,14275,2315.0,05,sthwp,42,1
112,goal_012,2,col_return,8520,1215.31,05,sthwp,42,1
113,goal_012,3,exito,14274,2314.84,05,sthwp,42,1
114,goal_012,4,exito,14283,2305.71,05,sthwp,42,1
115,goal_012,5,col_return,8730,1245.33,05,sthwp,42,1
116,goal_012,6,exito,14274,2314.83,05,sthwp,42,1
117,goal_012,7,col_return,8482,1206.89,05,sthwp,42,1
118,goal_012,8,exito,14275,2315.01,05,sthwp,42,1
119,goal_012,9,exito,14284,2315.99,05,sthwp,42,1
120,goal_012,10,col_return,8706,1241.73,05,sthwp,42,1
121,goal_013,1,exito,14359,2327.3,05,sthwp,42,1
122,goal_013,2,exito,14371,2315.0,05,sthwp,42,1
123,goal_013,3,col_return,8783,1250.93,05,sthwp,42,1
124,goal_013,4,exito,14359,2327.29,05,sthwp,42,1
125,goal_013,5,exito,14371,2319.34,05,sthwp,42,1
126,goal_013,6,col_return,8774,1250.43,05,sthwp,42,1
127,goal_013,7,exito,14359,2327.32,05,sthwp,42,1
128,goal_013,8,exito,14371,2320.76,05,sthwp,42,1
129,goal_013,9,col_return,8764,1252.06,05,sthwp,42,1
130,goal_013,10,exito,14359,2327.27,05,sthwp,42,1
131,goal_014,1,exito,14464,2347.25,05,sthwp,42,1
132,goal_014,2,col_return,8774,1255.06,05,sthwp,42,1
133,goal_014,3,exito,14453,2346.23,05,sthwp,42,1
134,goal_014,4,exito,14464,2347.25,05,sthwp,42,1
135,goal_014,5,col_return,8667,1243.64,05,sthwp,42,1
136,goal_014,6,exito,14453,2346.23,05,sthwp,42,1
137,goal_014,7,exito,14464,2347.24,05,sthwp,42,1
138,goal_014,8,exito,14482,2095.87,05,sthwp,42,1
139,goal_014,9,col_return,8889,1273.37,05,sthwp,42,1
140,goal_014,10,exito,14455,2346.25,05,sthwp,42,1
141,goal_015,1,exito,14562,2363.82,05,sthwp,42,1
142,goal_015,2,col_return,8764,1243.41,05,sthwp,42,1
143,goal_015,3,exito,14551,2362.81,05,sthwp,42,1
144,goal_015,4,exito,14562,2363.82,05,sthwp,42,1
145,goal_015,5,exito,14562,2363.82,05,sthwp,42,1
146,goal_015,6,col_return,8766,1252.81,05,sthwp,42,1
147,goal_015,7,exito,14553,2362.91,05,sthwp,42,1
148,goal_015,8,exito,14562,2363.82,05,sthwp,42,1
149,goal_015,9,exito,14562,2363.82,05,sthwp,42,1
150,goal_015,10,col_return,8794,1255.53,05,sthwp,42,1
151,goal_016,1,exito,14650,2378.61,05,sthwp,42,1
152,goal_016,2,exito,14659,2379.53,05,sthwp,42,1
153,goal_016,3,exito,14659,2379.53,05,sthwp,42,1
154,goal_016,4,exito,14659,2379.52,05,sthwp,42,1
155,goal_016,5,col_return,8874,1274.73,05,sthwp,42,1
156,goal_016,6,exito,14649,2378.71,05,sthwp,42,1
157,goal_016,7,exito,14659,2379.5,05,sthwp,42,1
158,goal_016,8,exito,14659,2379.51,05,sthwp,42,1
159,goal_016,9,exito,14659,2379.51,05,sthwp,42,1
160,goal_016,10,col_return,8865,1276.33,05,sthwp,42,1
161,goal_017,1,exito,14736,2392.45,05,sthwp,42,1
162,goal_017,2,exito,14745,2393.44,05,sthwp,42,1
163,goal_017,3,exito,14746,2393.6,05,sthwp,42,1
164,goal_017,4,exito,14744,2393.33,05,sthwp,42,1
165,goal_017,5,exito,14745,2393.52,05,sthwp,42,1
166,goal_017,6,exito,14746,2340.38,05,sthwp,42,1
167,goal_017,7,col_return,8991,1295.74,05,sthwp,42,1
168,goal_017,8,exito,14736,2392.48,05,sthwp,42,1
169,goal_017,9,exito,14746,2393.66,05,sthwp,42,1
170,goal_017,10,exito,14744,2393.33,05,sthwp,42,1
171,goal_018,1,exito,14843,2400.99,05,sthwp,42,1
172,goal_018,2,exito,14843,2401.03,05,sthwp,42,1
173,goal_018,3,exito,14843,2401.01,05,sthwp,42,1
174,goal_018,4,exito,14843,2395.72,05,sthwp,42,1
175,goal_018,5,exito,14848,2197.78,05,sthwp,42,1
176,goal_018,6,col_return,9075,1298.03,05,sthwp,42,1
177,goal_018,7,exito,14834,2399.99,05,sthwp,42,1
178,goal_018,8,exito,14843,2401.02,05,sthwp,42,1
179,goal_018,9,exito,14843,2401.02,05,sthwp,42,1
180,goal_018,10,exito,14843,2401.04,05,sthwp,42,1
181,goal_019,1,col_exit,3772,434.99,05,sthwp,42,1
182,goal_019,2,col_exit,5624,711.87,05,sthwp,42,1
183,goal_019,3,col_exit,6570,847.47,05,sthwp,42,1
184,goal_019,4,col_exit,3275,365.1,05,sthwp,42,1
185,goal_019,5,col_exit,5387,677.09,05,sthwp,42,1
186,goal_019,6,col_exit,6454,826.85,05,sthwp,42,1
187,goal_019,7,col_exit,3219,355.83,05,sthwp,42,1
188,goal_019,8,col_exit,5365,668.95,05,sthwp,42,1
189,goal_019,9,col_exit,6432,827.21,05,sthwp,42,1
190,goal_019,10,col_exit,3211,353.64,05,sthwp,42,1
191,goal_020,1,exito,15051,2424.42,05,sthwp,42,1
192,goal_020,2,exito,15061,2422.36,05,sthwp,42,1
193,goal_020,3,exito,15061,2417.43,05,sthwp,42,1
194,goal_020,4,exito,15061,2410.44,05,sthwp,42,1
195,goal_020,5,exito,15061,2401.36,05,sthwp,42,1
196,goal_020,6,col_return,10169,1449.72,05,sthwp,42,1
197,goal_020,7,exito,15051,2429.94,05,sthwp,42,1
198,goal_020,8,exito,15061,2431.03,05,sthwp,42,1
199,goal_020,9,exito,15061,2431.04,05,sthwp,42,1
200,goal_020,10,exito,15061,2431.06,05,sthwp,42,1
201,goal_021,1,exito,15231,2466.41,05,sthwp,42,1
202,goal_021,2,exito,15231,2466.35,05,sthwp,42,1
203,goal_021,3,exito,15231,2466.33,05,sthwp,42,1
204,goal_021,4,exito,15231,2466.41,05,sthwp,42,1
205,goal_021,5,exito,15231,2451.12,05,sthwp,42,1
206,goal_021,6,exito,15231,2466.41,05,sthwp,42,1
207,goal_021,7,exito,15231,2466.41,05,sthwp,42,1
208,goal_021,8,exito,15231,2466.35,05,sthwp,42,1
209,goal_021,9,exito,15231,2466.36,05,sthwp,42,1
210,goal_021,10,exito,15231,2466.37,05,sthwp,42,1
211,goal_022,1,exito,15344,2483.88,05,sthwp,42,1
212,goal_022,2,exito,15346,2483.97,05,sthwp,42,1
213,goal_022,3,exito,15344,2483.89,05,sthwp,42,1
214,goal_022,4,exito,15346,2483.98,05,sthwp,42,1
215,goal_022,5,exito,15344,2483.9,05,sthwp,42,1
216,goal_022,6,exito,15346,2475.93,05,sthwp,42,1
217,goal_022,7,col_return,10396,1497.26,05,sthwp,42,1
218,goal_022,8,exito,15336,2482.76,05,sthwp,42,1
219,goal_022,9,exito,15344,2483.89,05,sthwp,42,1
220,goal_022,10,exito,15346,2483.97,05,sthwp,42,1
221,goal_023,1,exito,15489,2503.42,05,sthwp,42,1
222,goal_023,2,exito,15489,2503.42,05,sthwp,42,1
223,goal_023,3,exito,15489,2503.44,05,sthwp,42,1
224,goal_023,4,exito,15489,2503.43,05,sthwp,42,1
225,goal_023,5,exito,15489,2503.42,05,sthwp,42,1
226,goal_023,6,exito,15489,2503.42,05,sthwp,42,1
227,goal_023,7,exito,15489,2500.93,05,sthwp,42,1
228,goal_023,8,col_return,10541,1516.68,05,sthwp,42,1
229,goal_023,9,exito,15479,2502.26,05,sthwp,42,1
230,goal_023,10,exito,15489,2503.41,05,sthwp,42,1
231,goal_024,1,exito,15621,2521.7,05,sthwp,42,1
232,goal_024,2,exito,15621,2521.71,05,sthwp,42,1
233,goal_024,3,exito,15621,2521.69,05,sthwp,42,1
234,goal_024,4,exito,15621,2521.7,05,sthwp,42,1
235,goal_024,5,exito,15621,2521.69,05,sthwp,42,1
236,goal_024,6,exito,15621,2505.26,05,sthwp,42,1
237,goal_024,7,col_return,10483,1510.48,05,sthwp,42,1
238,goal_024,8,exito,15611,2520.47,05,sthwp,42,1
239,goal_024,9,exito,15621,2521.7,05,sthwp,42,1
240,goal_024,10,exito,15621,2521.7,05,sthwp,42,1
241,goal_025,1,exito,15776,2542.69,05,sthwp,42,1
242,goal_025,2,exito,15775,2542.53,05,sthwp,42,1
243,goal_025,3,exito,15775,2541.42,05,sthwp,42,1
244,goal_025,4,col_return,10717,1546.38,05,sthwp,42,1
245,goal_025,5,exito,15765,2541.31,05,sthwp,42,1
246,goal_025,6,exito,15775,2542.52,05,sthwp,42,1
247,goal_025,7,exito,15775,2542.52,05,sthwp,42,1
248,goal_025,8,exito,15775,2542.52,05,sthwp,42,1
249,goal_025,9,exito,15775,2542.48,05,sthwp,42,1
250,goal_025,10,exito,15775,2522.02,05,sthwp,42,1
251,goal_026,1,col_return,10622,1529.62,05,sthwp,42,1
252,goal_026,2,exito,15939,2563.77,05,sthwp,42,1
253,goal_026,3,exito,15949,2565.01,05,sthwp,42,1
254,goal_026,4,exito,15949,2564.99,05,sthwp,42,1
255,goal_026,5,exito,15949,2564.98,05,sthwp,42,1
256,goal_026,6,col_return,10925,1568.46,05,sthwp,42,1
257,goal_026,7,exito,15939,2563.77,05,sthwp,42,1
258,goal_026,8,exito,15949,2564.99,05,sthwp,42,1
259,goal_026,9,exito,15949,2564.98,05,sthwp,42,1
260,goal_026,10,exito,15949,2564.98,05,sthwp,42,1
261,goal_027,1,col_return,11139,1601.99,05,sthwp,42,1
262,goal_027,2,exito,16090,2585.3,05,sthwp,42,1
263,goal_027,3,exito,16100,2586.51,05,sthwp,42,1
264,goal_027,4,exito,16100,2586.5,05,sthwp,42,1
265,goal_027,5,exito,16100,2585.08,05,sthwp,42,1
266,goal_027,6,col_return,10873,1562.47,05,sthwp,42,1
267,goal_027,7,exito,16090,2585.31,05,sthwp,42,1
268,goal_027,8,exito,16100,2586.5,05,sthwp,42,1
269,goal_027,9,exito,16100,2586.5,05,sthwp,42,1
270,goal_027,10,exito,16100,2573.65,05,sthwp,42,1
271,goal_028,1,col_return,10825,1558.14,05,sthwp,42,1
272,goal_028,2,exito,16272,2612.48,05,sthwp,42,1
273,goal_028,3,exito,16282,2613.68,05,sthwp,42,1
274,goal_028,4,exito,16282,2613.01,05,sthwp,42,1
275,goal_028,5,col_return,10995,1582.12,05,sthwp,42,1
276,goal_028,6,exito,16272,2612.47,05,sthwp,42,1
277,goal_028,7,exito,16282,2613.67,05,sthwp,42,1
278,goal_028,8,exito,16282,2613.68,05,sthwp,42,1
279,goal_028,9,col_return,11078,1594.38,05,sthwp,42,1
280,goal_028,10,exito,16272,2612.47,05,sthwp,42,1
281,goal_029,1,exito,16445,2638.6,05,sthwp,42,1
282,goal_029,2,exito,16443,2636.73,05,sthwp,42,1
283,goal_029,3,col_return,11037,1589.3,05,sthwp,42,1
284,goal_029,4,exito,16435,2637.37,05,sthwp,42,1
285,goal_029,5,exito,16443,2638.27,05,sthwp,42,1
286,goal_029,6,exito,16443,2612.98,05,sthwp,42,1
287,goal_029,7,col_return,10853,1563.53,05,sthwp,42,1
288,goal_029,8,exito,16435,2637.41,05,sthwp,42,1
289,goal_029,9,exito,16443,2638.22,05,sthwp,42,1
290,goal_029,10,col_return,11497,1651.78,05,sthwp,42,1
291,goal_030,1,exito,16612,2663.93,05,sthwp,42,1
292,goal_030,2,exito,16622,2665.15,05,sthwp,42,1
293,goal_030,3,exito,16620,2624.25,05,sthwp,42,1
294,goal_030,4,col_return,10905,1568.69,05,sthwp,42,1
295,goal_030,5,exito,16611,2663.77,05,sthwp,42,1
296,goal_030,6,exito,16621,2664.97,05,sthwp,42,1
297,goal_030,7,col_return,11330,1632.92,05,sthwp,42,1
298,goal_030,8,exito,16611,2663.78,05,sthwp,42,1
299,goal_030,9,exito,16621,2664.97,05,sthwp,42,1
300,goal_030,10,col_return,11543,1666.6,05,sthwp,42,1
301,goal_031,1,exito,16821,2692.85,05,sthwp,42,1
302,goal_031,2,exito,16831,2694.09,05,sthwp,42,1
303,goal_031,3,col_return,11551,1665.08,05,sthwp,42,1
304,goal_031,4,exito,16821,2692.88,05,sthwp,42,1
305,goal_031,5,exito,16831,2694.09,05,sthwp,42,1
306,goal_031,6,col_return,11447,1649.61,05,sthwp,42,1
307,goal_031,7,exito,16821,2692.87,05,sthwp,42,1
308,goal_031,8,exito,16831,2694.1,05,sthwp,42,1
309,goal_031,9,col_return,11394,1642.95,05,sthwp,42,1
310,goal_031,10,exito,16822,2693.05,05,sthwp,42,1
311,goal_032,1,exito,17040,2723.84,05,sthwp,42,1
312,goal_032,2,col_return,11379,1636.54,05,sthwp,42,1
313,goal_032,3,exito,17030,2723.28,05,sthwp,42,1
314,goal_032,4,exito,17042,2697.35,05,sthwp,42,1
315,goal_032,5,exito,17040,2700.42,05,sthwp,42,1
316,goal_032,6,exito,17040,2724.51,05,sthwp,42,1
317,goal_032,7,exito,17042,2724.78,05,sthwp,42,1
318,goal_032,8,col_return,11833,1705.82,05,sthwp,42,1
319,goal_032,9,exito,17030,2723.3,05,sthwp,42,1
320,goal_032,10,exito,17042,2724.26,05,sthwp,42,1
321,goal_033,1,col_return,11508,1656.55,05,sthwp,42,1
322,goal_033,2,exito,17278,2759.71,05,sthwp,42,1
323,goal_033,3,col_return,12106,1746.85,05,sthwp,42,1
324,goal_033,4,exito,17278,2759.75,05,sthwp,42,1
325,goal_033,5,exito,17288,2734.2,05,sthwp,42,1
326,goal_033,6,exito,17288,2760.92,05,sthwp,42,1
327,goal_033,7,exito,17288,2760.92,05,sthwp,42,1
328,goal_033,8,exito,17288,2760.92,05,sthwp,42,1
329,goal_033,9,col_return,11594,1667.89,05,sthwp,42,1
330,goal_033,10,exito,17278,2759.7,05,sthwp,42,1
331,goal_034,1,col_return,12267,1766.91,05,sthwp,42,1
332,goal_034,2,exito,17498,2792.22,05,sthwp,42,1
333,goal_034,3,col_return,12380,1785.51,05,sthwp,42,1
334,goal_034,4,exito,17498,2792.2,05,sthwp,42,1
335,goal_034,5,col_return,12441,1793.98,05,sthwp,42,1
336,goal_034,6,exito,17499,2792.35,05,sthwp,42,1
337,goal_034,7,col_return,12463,1800.37,05,sthwp,42,1
338,goal_034,8,exito,17498,2792.21,05,sthwp,42,1
339,goal_034,9,col_return,12491,1800.23,05,sthwp,42,1
340,goal_034,10,exito,17498,2792.22,05,sthwp,42,1
341,goal_035,1,col_return,12615,1820.68,05,sthwp,42,1
342,goal_035,2,exito,17747,2828.9,05,sthwp,42,1
343,goal_035,3,col_return,12437,1792.26,05,sthwp,42,1
344,goal_035,4,exito,17747,2828.87,05,sthwp,42,1
345,goal_035,5,col_return,12342,1779.13,05,sthwp,42,1
346,goal_035,6,exito,17747,2828.86,05,sthwp,42,1
347,goal_035,7,col_return,12291,1774.41,05,sthwp,42,1
348,goal_035,8,exito,17747,2828.89,05,sthwp,42,1
349,goal_035,9,col_return,12275,1770.38,05,sthwp,42,1
350,goal_035,10,exito,17747,2828.87,05,sthwp,42,1
351,goal_036,1,col_return,12388,1787.29,05,sthwp,42,1
352,goal_036,2,exito,17996,2866.18,05,sthwp,42,1
353,goal_036,3,col_return,12195,1759.37,05,sthwp,42,1
354,goal_036,4,exito,17996,2866.18,05,sthwp,42,1
355,goal_036,5,exito,18006,2855.54,05,sthwp,42,1
356,goal_036,6,exito,18006,2867.36,05,sthwp,42,1
357,goal_036,7,col_return,12845,1852.93,05,sthwp,42,1
358,goal_036,8,exito,17996,2866.18,05,sthwp,42,1
359,goal_036,9,col_return,12425,1790.1,05,sthwp,42,1
360,goal_036,10,exito,17996,2866.19,05,sthwp,42,1
361,goal_037,1,exito,14252,2305.5,05,sthwp,42,1
362,goal_037,2,exito,14254,2305.73,05,sthwp,42,1
363,goal_037,3,exito,14252,2305.49,05,sthwp,42,1
364,goal_037,4,exito,14252,2305.38,05,sthwp,42,1
365,goal_037,5,exito,14252,2305.38,05,sthwp,42,1
366,goal_037,6,col_return,8443,1199.09,05,sthwp,42,1
367,goal_037,7,exito,14241,2306.95,05,sthwp,42,1
368,goal_037,8,exito,14252,2286.07,05,sthwp,42,1
369,goal_037,9,col_return,8728,1239.07,05,sthwp,42,1
370,goal_037,10,exito,14242,2306.33,05,sthwp,42,1
371,goal_038,1,exito,16535,2637.53,05,sthwp,42,1
372,goal_038,2,exito,16535,2637.54,05,sthwp,42,1
373,goal_038,3,exito,16535,2635.9,05,sthwp,42,1
374,goal_038,4,col_return,11081,1581.31,05,sthwp,42,1
375,goal_038,5,exito,16524,2637.2,05,sthwp,42,1
376,goal_038,6,exito,16535,2637.54,05,sthwp,42,1
377,goal_038,7,col_return,11512,1643.45,05,sthwp,42,1
378,goal_038,8,exito,16524,2637.2,05,sthwp,42,1
379,goal_038,9,exito,16535,2637.54,05,sthwp,42,1
380,goal_038,10,exito,16535,2624.66,05,sthwp,42,1
381,goal_039,1,exito,14186,2296.37,05,sthwp,42,1
382,goal_039,2,exito,14184,2296.17,05,sthwp,42,1
383,goal_039,3,exito,14185,2296.19,05,sthwp,42,1
384,goal_039,4,exito,14185,2296.18,05,sthwp,42,1
385,goal_039,5,exito,14186,2296.37,05,sthwp,42,1
386,goal_039,6,exito,14184,2296.16,05,sthwp,42,1
387,goal_039,7,col_return,8466,1203.61,05,sthwp,42,1
388,goal_039,8,exito,14174,2296.95,05,sthwp,42,1
389,goal_039,9,col_return,8404,1190.44,05,sthwp,42,1
390,goal_039,10,exito,14174,2296.95,05,sthwp,42,1
391,goal_040,1,exito,16428,2622.36,05,sthwp,42,1
392,goal_040,2,exito,16428,2622.36,05,sthwp,42,1
393,goal_040,3,exito,16428,2622.0,05,sthwp,42,1
394,goal_040,4,col_return,11085,1584.13,05,sthwp,42,1
395,goal_040,5,exito,16417,2622.03,05,sthwp,42,1
396,goal_040,6,exito,16428,2622.37,05,sthwp,42,1
397,goal_040,7,exito,16428,2610.64,05,sthwp,42,1
398,goal_040,8,col_return,10901,1558.18,05,sthwp,42,1
399,goal_040,9,exito,16417,2622.0,05,sthwp,42,1
400,goal_040,10,exito,16428,2622.37,05,sthwp,42,1
401,goal_041,1,exito,14060,2278.11,05,sthwp,42,1
402,goal_041,2,exito,14060,2278.12,05,sthwp,42,1
403,goal_041,3,exito,14060,2278.12,05,sthwp,42,1
404,goal_041,4,exito,14060,2278.11,05,sthwp,42,1
405,goal_041,5,col_return,8471,1204.62,05,sthwp,42,1
406,goal_041,6,exito,14051,2279.21,05,sthwp,42,1
407,goal_041,7,col_return,8467,1200.53,05,sthwp,42,1
408,goal_041,8,exito,14051,2279.21,05,sthwp,42,1
409,goal_041,9,col_return,8458,1198.28,05,sthwp,42,1
410,goal_041,10,exito,14051,2279.15,05,sthwp,42,1
411,goal_042,1,exito,16178,2586.76,05,sthwp,42,1
412,goal_042,2,exito,16178,2586.74,05,sthwp,42,1
413,goal_042,3,exito,16178,2586.74,05,sthwp,42,1
414,goal_042,4,exito,16178,2585.03,05,sthwp,42,1
415,goal_042,5,col_return,10896,1557.85,05,sthwp,42,1
416,goal_042,6,exito,16167,2586.41,05,sthwp,42,1
417,goal_042,7,exito,16178,2586.74,05,sthwp,42,1
418,goal_042,8,exito,16178,2586.75,05,sthwp,42,1
419,goal_042,9,col_return,11191,1598.49,05,sthwp,42,1
420,goal_042,10,exito,16167,2586.4,05,sthwp,42,1
421,goal_043,1,exito,13966,2267.94,05,sthwp,42,1
422,goal_043,2,col_return,8168,1160.69,05,sthwp,42,1
423,goal_043,3,exito,13954,2267.98,05,sthwp,42,1
424,goal_043,4,col_return,8356,1189.25,05,sthwp,42,1
425,goal_043,5,exito,13954,2267.88,05,sthwp,42,1
426,goal_043,6,col_return,8450,1203.06,05,sthwp,42,1
427,goal_043,7,exito,13955,2268.11,05,sthwp,42,1
428,goal_043,8,col_return,8501,1207.91,05,sthwp,42,1
429,goal_043,9,exito,13954,2267.94,05,sthwp,42,1
430,goal_043,10,col_return,8517,1212.9,05,sthwp,42,1
431,goal_044,1,exito,15916,2549.77,05,sthwp,42,1
432,goal_044,2,exito,15927,2550.11,05,sthwp,42,1
433,goal_044,3,exito,15927,2550.11,05,sthwp,42,1
434,goal_044,4,exito,15927,2550.12,05,sthwp,42,1
435,goal_044,5,col_return,10893,1554.6,05,sthwp,42,1
436,goal_044,6,exito,15916,2549.77,05,sthwp,42,1
437,goal_044,7,exito,15927,2550.11,05,sthwp,42,1
438,goal_044,8,exito,15927,2550.11,05,sthwp,42,1
439,goal_044,9,exito,15927,2550.11,05,sthwp,42,1
440,goal_044,10,exito,15927,2532.84,05,sthwp,42,1
441,goal_045,1,exito,13903,2262.24,05,sthwp,42,1
442,goal_045,2,exito,13903,2262.24,05,sthwp,42,1
443,goal_045,3,exito,13903,2262.21,05,sthwp,42,1
444,goal_045,4,exito,13903,2262.22,05,sthwp,42,1
445,goal_045,5,exito,13904,2051.13,05,sthwp,42,1
446,goal_045,6,col_return,8607,1229.22,05,sthwp,42,1
447,goal_045,7,exito,13900,2059.8,05,sthwp,42,1
448,goal_045,8,col_return,8600,1228.98,05,sthwp,42,1
449,goal_045,9,exito,13895,2069.02,05,sthwp,42,1
450,goal_045,10,col_return,8600,1229.58,05,sthwp,42,1
451,goal_046,1,exito,15692,2516.73,05,sthwp,42,1
452,goal_046,2,exito,15703,2517.06,05,sthwp,42,1
453,goal_046,3,exito,15703,2517.06,05,sthwp,42,1
454,goal_046,4,exito,15703,2517.06,05,sthwp,42,1
455,goal_046,5,exito,15703,2517.04,05,sthwp,42,1
456,goal_046,6,exito,15703,2511.67,05,sthwp,42,1
457,goal_046,7,col_return,10600,1510.57,05,sthwp,42,1
458,goal_046,8,exito,15692,2516.73,05,sthwp,42,1
459,goal_046,9,exito,15703,2517.06,05,sthwp,42,1
460,goal_046,10,exito,15703,2517.05,05,sthwp,42,1
461,goal_047,1,exito,13851,2256.52,05,sthwp,42,1
462,goal_047,2,exito,13851,2256.53,05,sthwp,42,1
463,goal_047,3,col_return,8211,1175.98,05,sthwp,42,1
464,goal_047,4,exito,13840,2256.21,05,sthwp,42,1
465,goal_047,5,col_return,8435,1207.92,05,sthwp,42,1
466,goal_047,6,exito,13840,2198.74,05,sthwp,42,1
467,goal_047,7,col_return,8554,1222.81,05,sthwp,42,1
468,goal_047,8,col_return,8014,1147.91,05,sthwp,42,1
469,goal_047,9,exito,13839,2256.14,05,sthwp,42,1
470,goal_047,10,col_return,8351,1191.72,05,sthwp,42,1
471,goal_048,1,exito,15443,2480.21,05,sthwp,42,1
472,goal_048,2,exito,15454,2480.55,05,sthwp,42,1
473,goal_048,3,exito,15454,2480.55,05,sthwp,42,1
474,goal_048,4,exito,15454,2480.55,05,sthwp,42,1
475,goal_048,5,exito,15454,2480.54,05,sthwp,42,1
476,goal_048,6,exito,15454,2480.55,05,sthwp,42,1
477,goal_048,7,exito,15454,2480.55,05,sthwp,42,1
478,goal_048,8,exito,15454,2480.55,05,sthwp,42,1
479,goal_048,9,exito,15454,2470.45,05,sthwp,42,1
480,goal_048,10,col_return,10429,1488.21,05,sthwp,42,1
481,goal_049,1,col_return,8144,1166.73,05,sthwp,42,1
482,goal_049,2,exito,13820,2253.25,05,sthwp,42,1
483,goal_049,3,col_return,8425,1202.92,05,sthwp,42,1
484,goal_049,4,exito,13821,2180.82,05,sthwp,42,1
485,goal_049,5,col_return,8548,1222.5,05,sthwp,42,1
486,goal_049,6,col_return,8013,1146.92,05,sthwp,42,1
487,goal_049,7,exito,13821,2253.37,05,sthwp,42,1
488,goal_049,8,col_return,8354,1194.18,05,sthwp,42,1
489,goal_049,9,exito,13821,2236.16,05,sthwp,42,1
490,goal_049,10,col_return,8520,1217.03,05,sthwp,42,1
491,goal_050,1,exito,15224,2448.15,05,sthwp,42,1
492,goal_050,2,exito,15235,2448.51,05,sthwp,42,1
493,goal_050,3,exito,15235,2448.51,05,sthwp,42,1
494,goal_050,4,exito,15235,2448.51,05,sthwp,42,1
495,goal_050,5,exito,15235,2448.52,05,sthwp,42,1
496,goal_050,6,exito,15235,2448.53,05,sthwp,42,1
497,goal_050,7,exito,15235,2448.53,05,sthwp,42,1
498,goal_050,8,exito,15235,2448.53,05,sthwp,42,1
499,goal_050,9,exito,15235,2448.52,05,sthwp,42,1
500,goal_050,10,exito,15235,2448.52,05,sthwp,42,1
501,goal_051,1,exito,13812,2249.8,05,sthwp,42,1
502,goal_051,2,exito,13812,2249.74,05,sthwp,42,1
503,goal_051,3,col_return,8014,1137.41,05,sthwp,42,1
504,goal_051,4,exito,13801,2249.48,05,sthwp,42,1
505,goal_051,5,col_return,8346,1193.83,05,sthwp,42,1
506,goal_051,6,exito,13802,2208.34,05,sthwp,42,1
507,goal_051,7,col_return,8520,1219.37,05,sthwp,42,1
508,goal_051,8,col_return,8011,1142.99,05,sthwp,42,1
509,goal_051,9,exito,13801,2249.42,05,sthwp,42,1
510,goal_051,10,col_return,8361,1192.65,05,sthwp,42,1
511,goal_052,1,exito,14969,2410.25,05,sthwp,42,1
512,goal_052,2,exito,14980,2410.59,05,sthwp,42,1
513,goal_052,3,exito,14980,2410.58,05,sthwp,42,1
514,goal_052,4,exito,14980,2410.59,05,sthwp,42,1
515,goal_052,5,exito,14980,2410.58,05,sthwp,42,1
516,goal_052,6,exito,14981,2410.74,05,sthwp,42,1
517,goal_052,7,exito,14980,2410.62,05,sthwp,42,1
518,goal_052,8,exito,14980,2410.59,05,sthwp,42,1
519,goal_052,9,exito,14980,2410.58,05,sthwp,42,1
520,goal_052,10,exito,14980,2410.58,05,sthwp,42,1
521,goal_053,1,col_return,8011,1144.03,05,sthwp,42,1
522,goal_053,2,exito,13780,2245.23,05,sthwp,42,1
523,goal_053,3,col_return,8371,1194.04,05,sthwp,42,1
524,goal_053,4,exito,13781,2096.14,05,sthwp,42,1
525,goal_053,5,col_return,8545,1219.41,05,sthwp,42,1
526,goal_053,6,col_return,8018,1141.71,05,sthwp,42,1
527,goal_053,7,exito,13780,2245.23,05,sthwp,42,1
528,goal_053,8,col_return,8373,1193.42,05,sthwp,42,1
529,goal_053,9,exito,13783,2102.14,05,sthwp,42,1
530,goal_053,10,col_return,8544,1218.67,05,sthwp,42,1
531,goal_054,1,exito,14707,2371.27,05,sthwp,42,1
532,goal_054,2,exito,14718,2371.59,05,sthwp,42,1
533,goal_054,3,exito,14718,2371.59,05,sthwp,42,1
534,goal_054,4,col_return,8905,1264.55,05,sthwp,42,1
535,goal_054,5,exito,14707,2371.28,05,sthwp,42,1
536,goal_054,6,exito,14718,2371.61,05,sthwp,42,1
537,goal_054,7,exito,14718,2371.6,05,sthwp,42,1
538,goal_054,8,exito,14718,2371.61,05,sthwp,42,1
539,goal_054,9,exito,14718,2371.58,05,sthwp,42,1
540,goal_054,10,col_return,8912,1264.35,05,sthwp,42,1
541,goal_055,1,exito,13760,2241.7,05,sthwp,42,1
542,goal_055,2,col_return,8350,1192.43,05,sthwp,42,1
543,goal_055,3,exito,13780,1997.05,05,sthwp,42,1
544,goal_055,4,col_return,8539,1218.22,05,sthwp,42,1
545,goal_055,5,col_return,8016,1139.26,05,sthwp,42,1
546,goal_055,6,exito,13760,2241.73,05,sthwp,42,1
547,goal_055,7,col_return,8374,1195.98,05,sthwp,42,1
548,goal_055,8,col_return,7936,1130.59,05,sthwp,42,1
549,goal_055,9,exito,13760,2241.7,05,sthwp,42,1
550,goal_055,10,col_return,8335,1191.51,05,sthwp,42,1
551,goal_056,1,exito,14498,2341.0,05,sthwp,42,1
552,goal_056,2,exito,14509,2341.31,05,sthwp,42,1
553,goal_056,3,col_return,8793,1241.7,05,sthwp,42,1
554,goal_056,4,exito,14497,2340.98,05,sthwp,42,1
555,goal_056,5,exito,14509,2341.31,05,sthwp,42,1
556,goal_056,6,exito,14510,2281.49,05,sthwp,42,1
557,goal_056,7,col_return,8876,1261.24,05,sthwp,42,1
558,goal_056,8,exito,14498,2341.0,05,sthwp,42,1
559,goal_056,9,exito,14509,2341.32,05,sthwp,42,1
560,goal_056,10,col_return,8692,1229.83,05,sthwp,42,1
561,goal_057,1,exito,13753,2241.69,05,sthwp,42,1
562,goal_057,2,col_return,8346,1190.57,05,sthwp,42,1
563,goal_057,3,exito,13760,1990.86,05,sthwp,42,1
564,goal_057,4,col_return,8540,1219.79,05,sthwp,42,1
565,goal_057,5,col_return,8016,1142.49,05,sthwp,42,1
566,goal_057,6,exito,13755,2242.11,05,sthwp,42,1
567,goal_057,7,col_return,8376,1198.49,05,sthwp,42,1
568,goal_057,8,col_return,7944,1127.8,05,sthwp,42,1
569,goal_057,9,exito,13753,2241.67,05,sthwp,42,1
570,goal_057,10,col_return,8347,1190.76,05,sthwp,42,1
571,goal_058,1,exito,14250,2304.87,05,sthwp,42,1
572,goal_058,2,col_return,8543,1210.5,05,sthwp,42,1
573,goal_058,3,exito,14250,2304.87,05,sthwp,42,1
574,goal_058,4,exito,14262,2226.34,05,sthwp,42,1
575,goal_058,5,col_return,8767,1241.13,05,sthwp,42,1
576,goal_058,6,exito,14250,2304.86,05,sthwp,42,1
577,goal_058,7,col_return,8510,1199.69,05,sthwp,42,1
578,goal_058,8,exito,14250,2304.88,05,sthwp,42,1
579,goal_058,9,exito,14262,2276.69,05,sthwp,42,1
580,goal_058,10,col_return,8740,1239.71,05,sthwp,42,1
581,goal_059,1,exito,13752,2209.2,05,sthwp,42,1
582,goal_059,2,col_return,8499,1212.58,05,sthwp,42,1
583,goal_059,3,col_return,7991,1139.6,05,sthwp,42,1
584,goal_059,4,exito,13752,2241.43,05,sthwp,42,1
585,goal_059,5,col_return,8369,1196.52,05,sthwp,42,1
586,goal_059,6,col_return,7937,1127.62,05,sthwp,42,1
587,goal_059,7,exito,13752,2241.52,05,sthwp,42,1
588,goal_059,8,col_return,8338,1192.13,05,sthwp,42,1
589,goal_059,9,exito,13767,1984.13,05,sthwp,42,1
590,goal_059,10,col_return,8543,1218.75,05,sthwp,42,1
591,goal_060,1,exito,14053,2252.39,05,sthwp,42,1
592,goal_060,2,col_return,8643,1225.68,05,sthwp,42,1
593,goal_060,3,exito,14053,2277.72,05,sthwp,42,1
594,goal_060,4,col_return,8536,1213.43,05,sthwp,42,1
595,goal_060,5,exito,14053,2277.73,05,sthwp,42,1
596,goal_060,6,col_return,8489,1206.99,05,sthwp,42,1
597,goal_060,7,exito,14053,2277.73,05,sthwp,42,1
598,goal_060,8,col_return,8476,1200.65,05,sthwp,42,1
599,goal_060,9,exito,14053,2277.74,05,sthwp,42,1
600,goal_060,10,col_return,8456,1200.37,05,sthwp,42,1
601,goal_061,1,exito,15147,2449.87,05,sthwp,42,1
602,goal_061,2,exito,15157,2451.15,05,sthwp,42,1
603,goal_061,3,exito,15157,2451.13,05,sthwp,42,1
604,goal_061,4,exito,15157,2451.13,05,sthwp,42,1
605,goal_061,5,exito,15157,2451.15,05,sthwp,42,1
606,goal_061,6,exito,15157,2451.14,05,sthwp,42,1
607,goal_061,7,exito,15157,2451.13,05,sthwp,42,1
608,goal_061,8,exito,15157,2451.13,05,sthwp,42,1
609,goal_061,9,exito,15157,2451.15,05,sthwp,42,1
610,goal_061,10,exito,15157,2451.13,05,sthwp,42,1
611,goal_062,1,exito,14969,2428.11,05,sthwp,42,1
612,goal_062,2,exito,14969,2428.12,05,sthwp,42,1
613,goal_062,3,exito,14969,2428.11,05,sthwp,42,1
614,goal_062,4,exito,14969,2428.11,05,sthwp,42,1
615,goal_062,5,exito,14969,2428.11,05,sthwp,42,1
616,goal_062,6,exito,14969,2428.11,05,sthwp,42,1
617,goal_062,7,exito,14969,2428.11,05,sthwp,42,1
618,goal_062,8,exito,14969,2428.11,05,sthwp,42,1
619,goal_062,9,exito,14969,2428.12,05,sthwp,42,1
620,goal_062,10,exito,14969,2428.11,05,sthwp,42,1
621,goal_063,1,exito,15326,2471.0,05,sthwp,42,1
622,goal_063,2,exito,15326,2471.0,05,sthwp,42,1
623,goal_063,3,exito,15326,2471.0,05,sthwp,42,1
624,goal_063,4,exito,15326,2471.0,05,sthwp,42,1
625,goal_063,5,exito,15326,2470.87,05,sthwp,42,1
626,goal_063,6,exito,15326,2471.01,05,sthwp,42,1
627,goal_063,7,exito,15326,2470.99,05,sthwp,42,1
628,goal_063,8,exito,15326,2466.48,05,sthwp,42,1
629,goal_063,9,exito,15326,2431.31,05,sthwp,42,1
630,goal_063,10,col_return,10250,1472.83,05,sthwp,42,1
631,goal_064,1,exito,15115,2444.45,05,sthwp,42,1
632,goal_064,2,exito,15125,2445.64,05,sthwp,42,1
633,goal_064,3,exito,15125,2445.66,05,sthwp,42,1
634,goal_064,4,exito,15125,2445.65,05,sthwp,42,1
635,goal_064,5,exito,15125,2445.64,05,sthwp,42,1
636,goal_064,6,exito,15125,2445.63,05,sthwp,42,1
637,goal_064,7,exito,15125,2445.64,05,sthwp,42,1
638,goal_064,8,exito,15125,2445.64,05,sthwp,42,1
639,goal_064,9,exito,15125,2445.65,05,sthwp,42,1
640,goal_064,10,exito,15125,2445.65,05,sthwp,42,1
641,goal_065,1,exito,15570,2506.86,05,sthwp,42,1
642,goal_065,2,exito,15570,2506.88,05,sthwp,42,1
643,goal_065,3,exito,15570,2506.87,05,sthwp,42,1
644,goal_065,4,exito,15570,2506.88,05,sthwp,42,1
645,goal_065,5,exito,15570,2506.88,05,sthwp,42,1
646,goal_065,6,exito,15570,2479.54,05,sthwp,42,1
647,goal_065,7,col_return,10410,1495.36,05,sthwp,42,1
648,goal_065,8,exito,15560,2505.69,05,sthwp,42,1
649,goal_065,9,exito,15570,2506.88,05,sthwp,42,1
650,goal_065,10,exito,15570,2506.86,05,sthwp,42,1
651,goal_066,1,exito,15341,2469.55,05,sthwp,42,1
652,goal_066,2,exito,15341,2469.54,05,sthwp,42,1
653,goal_066,3,exito,15341,2469.52,05,sthwp,42,1
654,goal_066,4,exito,15341,2469.54,05,sthwp,42,1
655,goal_066,5,exito,15341,2469.56,05,sthwp,42,1
656,goal_066,6,exito,15341,2469.54,05,sthwp,42,1
657,goal_066,7,exito,15341,2469.19,05,sthwp,42,1
658,goal_066,8,exito,15341,2459.42,05,sthwp,42,1
659,goal_066,9,col_return,10380,1479.4,05,sthwp,42,1
660,goal_066,10,exito,15331,2468.33,05,sthwp,42,1
661,goal_067,1,exito,15820,2543.95,05,sthwp,42,1
662,goal_067,2,exito,15820,2543.97,05,sthwp,42,1
663,goal_067,3,exito,15820,2543.96,05,sthwp,42,1
664,goal_067,4,exito,15820,2543.98,05,sthwp,42,1
665,goal_067,5,exito,15820,2541.64,05,sthwp,42,1
666,goal_067,6,col_return,10699,1538.57,05,sthwp,42,1
667,goal_067,7,exito,15812,2543.11,05,sthwp,42,1
668,goal_067,8,exito,15820,2543.97,05,sthwp,42,1
669,goal_067,9,exito,15820,2543.94,05,sthwp,42,1
670,goal_067,10,exito,15820,2543.97,05,sthwp,42,1
671,goal_068,1,exito,15581,2504.08,05,sthwp,42,1
672,goal_068,2,exito,15581,2496.62,05,sthwp,42,1
673,goal_068,3,col_return,10520,1501.11,05,sthwp,42,1
674,goal_068,4,exito,15571,2502.83,05,sthwp,42,1
675,goal_068,5,exito,15581,2504.05,05,sthwp,42,1
676,goal_068,6,exito,15581,2504.04,05,sthwp,42,1
677,goal_068,7,exito,15581,2504.03,05,sthwp,42,1
678,goal_068,8,exito,15581,2504.05,05,sthwp,42,1
679,goal_068,9,exito,15581,2504.04,05,sthwp,42,1
680,goal_068,10,exito,15581,2504.05,05,sthwp,42,1
681,goal_069,1,col_return,10955,1572.77,05,sthwp,42,1
682,goal_069,2,exito,16029,2574.84,05,sthwp,42,1
683,goal_069,3,exito,16039,2576.05,05,sthwp,42,1
684,goal_069,4,exito,16039,2576.1,05,sthwp,42,1
685,goal_069,5,exito,16039,2575.78,05,sthwp,42,1
686,goal_069,6,col_return,10893,1567.38,05,sthwp,42,1
687,goal_069,7,exito,16029,2574.87,05,sthwp,42,1
688,goal_069,8,exito,16039,2576.04,05,sthwp,42,1
689,goal_069,9,exito,16040,2576.46,05,sthwp,42,1
690,goal_069,10,exito,16039,2575.55,05,sthwp,42,1
691,goal_070,1,col_return,10753,1540.8,05,sthwp,42,1
692,goal_070,2,exito,15787,2534.22,05,sthwp,42,1
693,goal_070,3,exito,15797,2535.4,05,sthwp,42,1
694,goal_070,4,exito,15797,2535.41,05,sthwp,42,1
695,goal_070,5,exito,15797,2535.4,05,sthwp,42,1
696,goal_070,6,exito,15797,2535.41,05,sthwp,42,1
697,goal_070,7,col_return,10910,1551.76,05,sthwp,42,1
698,goal_070,8,exito,15787,2534.21,05,sthwp,42,1
699,goal_070,9,exito,15797,2535.4,05,sthwp,42,1
700,goal_070,10,exito,15797,2535.41,05,sthwp,42,1
701,goal_071,1,exito,16289,2612.97,05,sthwp,42,1
702,goal_071,2,col_return,11341,1630.88,05,sthwp,42,1
703,goal_071,3,exito,16279,2611.71,05,sthwp,42,1
704,goal_071,4,exito,16289,2612.97,05,sthwp,42,1
705,goal_071,5,exito,16289,2613.05,05,sthwp,42,1
706,goal_071,6,col_return,11237,1617.34,05,sthwp,42,1
707,goal_071,7,exito,16279,2611.79,05,sthwp,42,1
708,goal_071,8,exito,16289,2613.18,05,sthwp,42,1
709,goal_071,9,exito,16289,2612.95,05,sthwp,42,1
710,goal_071,10,col_return,11192,1609.2,05,sthwp,42,1
711,goal_072,1,exito,16038,2571.4,05,sthwp,42,1
712,goal_072,2,exito,16048,2572.59,05,sthwp,42,1
713,goal_072,3,exito,16049,2572.76,05,sthwp,42,1
714,goal_072,4,exito,16047,2571.83,05,sthwp,42,1
715,goal_072,5,col_return,10883,1557.66,05,sthwp,42,1
716,goal_072,6,exito,16038,2571.39,05,sthwp,42,1
717,goal_072,7,exito,16048,2572.58,05,sthwp,42,1
718,goal_072,8,exito,16048,2572.59,05,sthwp,42,1
719,goal_072,9,exito,16049,2571.37,05,sthwp,42,1
720,goal_072,10,col_return,10843,1554.21,05,sthwp,42,1
721,goal_073,1,exito,16499,2644.47,05,sthwp,42,1
722,goal_073,2,exito,16509,2645.59,05,sthwp,42,1
723,goal_073,3,exito,16510,2621.91,05,sthwp,42,1
724,goal_073,4,col_return,10900,1560.56,05,sthwp,42,1
725,goal_073,5,exito,16499,2644.38,05,sthwp,42,1
726,goal_073,6,exito,16509,2645.69,05,sthwp,42,1
727,goal_073,7,col_return,11441,1645.07,05,sthwp,42,1
728,goal_073,8,exito,16499,2644.48,05,sthwp,42,1
729,goal_073,9,exito,16509,2645.6,05,sthwp,42,1
730,goal_073,10,exito,16509,2635.4,05,sthwp,42,1
731,goal_074,1,col_return,10838,1554.66,05,sthwp,42,1
732,goal_074,2,exito,16267,2605.96,05,sthwp,42,1
733,goal_074,3,exito,16278,2607.31,05,sthwp,42,1
734,goal_074,4,exito,16276,2606.62,05,sthwp,42,1
735,goal_074,5,col_return,11006,1579.16,05,sthwp,42,1
736,goal_074,6,exito,16267,2605.94,05,sthwp,42,1
737,goal_074,7,exito,16278,2607.31,05,sthwp,42,1
738,goal_074,8,exito,16276,2607.0,05,sthwp,42,1
739,goal_074,9,col_return,11097,1589.44,05,sthwp,42,1
740,goal_074,10,exito,16267,2605.96,05,sthwp,42,1
741,goal_075,1,exito,16759,2682.48,05,sthwp,42,1
742,goal_075,2,col_return,11769,1696.16,05,sthwp,42,1
743,goal_075,3,exito,16749,2681.36,05,sthwp,42,1
744,goal_075,4,exito,16759,2682.55,05,sthwp,42,1
745,goal_075,5,col_return,11633,1674.46,05,sthwp,42,1
746,goal_075,6,exito,16749,2681.36,05,sthwp,42,1
747,goal_075,7,exito,16759,2682.47,05,sthwp,42,1
748,goal_075,8,col_return,11562,1663.08,05,sthwp,42,1
749,goal_075,9,exito,16749,2681.35,05,sthwp,42,1
750,goal_075,10,exito,16759,2682.46,05,sthwp,42,1
751,goal_076,1,col_return,11406,1638.87,05,sthwp,42,1
752,goal_076,2,exito,16522,2643.5,05,sthwp,42,1
753,goal_076,3,exito,16533,2644.87,05,sthwp,42,1
754,goal_076,4,exito,16533,2622.63,05,sthwp,42,1
755,goal_076,5,col_return,10907,1565.68,05,sthwp,42,1
756,goal_076,6,exito,16523,2643.67,05,sthwp,42,1
757,goal_076,7,exito,16533,2644.89,05,sthwp,42,1
758,goal_076,8,col_return,11429,1639.79,05,sthwp,42,1
759,goal_076,9,exito,16523,2643.7,05,sthwp,42,1
760,goal_076,10,exito,16533,2644.89,05,sthwp,42,1
761,goal_077,1,col_return,11926,1716.37,05,sthwp,42,1
762,goal_077,2,exito,16999,2718.22,05,sthwp,42,1
763,goal_077,3,exito,17009,2719.34,05,sthwp,42,1
764,goal_077,4,col_return,11457,1647.23,05,sthwp,42,1
765,goal_077,5,exito,16999,2718.14,05,sthwp,42,1
766,goal_077,6,exito,17009,2710.97,05,sthwp,42,1
767,goal_077,7,col_return,11220,1614.11,05,sthwp,42,1
768,goal_077,8,exito,16999,2718.23,05,sthwp,42,1
769,goal_077,9,exito,17009,2682.94,05,sthwp,42,1
770,goal_077,10,exito,17009,2706.05,05,sthwp,42,1
771,goal_078,1,exito,16782,2681.49,05,sthwp,42,1
772,goal_078,2,exito,16782,2681.49,05,sthwp,42,1
773,goal_078,3,exito,16783,2665.59,05,sthwp,42,1
774,goal_078,4,col_return,11057,1587.06,05,sthwp,42,1
775,goal_078,5,exito,16773,2680.46,05,sthwp,42,1
776,goal_078,6,exito,16781,2680.81,05,sthwp,42,1
777,goal_078,7,col_return,11257,1613.16,05,sthwp,42,1
778,goal_078,8,exito,16772,2680.31,05,sthwp,42,1
779,goal_078,9,exito,16783,2681.66,05,sthwp,42,1
780,goal_078,10,col_return,11341,1629.25,05,sthwp,42,1
781,goal_079,1,exito,17217,2750.33,05,sthwp,42,1
782,goal_079,2,col_return,12307,1759.87,05,sthwp,42,1
783,goal_079,3,exito,17218,2750.51,05,sthwp,42,1
784,goal_079,4,exito,17228,2749.54,05,sthwp,42,1
785,goal_079,5,col_return,11412,1642.2,05,sthwp,42,1
786,goal_079,6,exito,17217,2750.36,05,sthwp,42,1
787,goal_079,7,col_return,12097,1742.42,05,sthwp,42,1
788,goal_079,8,exito,17217,2750.34,05,sthwp,42,1
789,goal_079,9,exito,17227,2742.38,05,sthwp,42,1
790,goal_079,10,exito,17228,2737.93,05,sthwp,42,1
791,goal_080,1,exito,16999,2713.45,05,sthwp,42,1
792,goal_080,2,exito,16999,2713.41,05,sthwp,42,1
793,goal_080,3,col_return,11844,1702.02,05,sthwp,42,1
794,goal_080,4,exito,16991,2712.58,05,sthwp,42,1
795,goal_080,5,exito,16999,2713.44,05,sthwp,42,1
796,goal_080,6,col_return,11428,1638.86,05,sthwp,42,1
797,goal_080,7,exito,16991,2712.57,05,sthwp,42,1
798,goal_080,8,exito,16999,2705.16,05,sthwp,42,1
799,goal_080,9,col_return,11218,1608.54,05,sthwp,42,1
800,goal_080,10,exito,16991,2712.58,05,sthwp,42,1
801,goal_081,1,col_return,12350,1780.48,05,sthwp,42,1
802,goal_081,2,exito,17467,2787.19,05,sthwp,42,1
803,goal_081,3,col_return,12437,1794.48,05,sthwp,42,1
804,goal_081,4,exito,17467,2787.22,05,sthwp,42,1
805,goal_081,5,col_return,12490,1799.9,05,sthwp,42,1
806,goal_081,6,exito,17467,2787.21,05,sthwp,42,1
807,goal_081,7,col_return,12510,1802.66,05,sthwp,42,1
808,goal_081,8,exito,17468,2787.35,05,sthwp,42,1
809,goal_081,9,col_return,12514,1806.28,05,sthwp,42,1
810,goal_081,10,exito,17468,2787.35,05,sthwp,42,1
811,goal_082,1,exito,17249,2732.31,05,sthwp,42,1
812,goal_082,2,exito,17249,2750.2,05,sthwp,42,1
813,goal_082,3,exito,17249,2750.24,05,sthwp,42,1
814,goal_082,4,exito,17249,2750.22,05,sthwp,42,1
815,goal_082,5,col_return,11655,1676.0,05,sthwp,42,1
816,goal_082,6,exito,17241,2749.38,05,sthwp,42,1
817,goal_082,7,col_return,12216,1754.53,05,sthwp,42,1
818,goal_082,8,exito,17241,2749.38,05,sthwp,42,1
819,goal_082,9,exito,17249,2743.85,05,sthwp,42,1
820,goal_082,10,exito,17249,2724.92,05,sthwp,42,1
821,goal_083,1,exito,17696,2820.66,05,sthwp,42,1
822,goal_083,2,exito,17696,2802.59,05,sthwp,42,1
823,goal_083,3,exito,17696,2820.69,05,sthwp,42,1
824,goal_083,4,exito,17696,2820.67,05,sthwp,42,1
825,goal_083,5,col_return,12561,1812.03,05,sthwp,42,1
826,goal_083,6,exito,17686,2819.48,05,sthwp,42,1
827,goal_083,7,col_return,12441,1792.42,05,sthwp,42,1
828,goal_083,8,exito,17686,2819.46,05,sthwp,42,1
829,goal_083,9,col_return,12370,1785.2,05,sthwp,42,1
830,goal_083,10,exito,17686,2819.48,05,sthwp,42,1
831,goal_084,1,col_return,12225,1759.63,05,sthwp,42,1
832,goal_084,2,exito,17456,2781.23,05,sthwp,42,1
833,goal_084,3,col_return,12391,1781.42,05,sthwp,42,1
834,goal_084,4,exito,17458,2781.55,05,sthwp,42,1
835,goal_084,5,col_return,12464,1792.33,05,sthwp,42,1
836,goal_084,6,exito,17458,2781.55,05,sthwp,42,1
837,goal_084,7,col_return,12503,1797.5,05,sthwp,42,1
838,goal_084,8,exito,17456,2781.2,05,sthwp,42,1
839,goal_084,9,col_return,12525,1797.58,05,sthwp,42,1
840,goal_084,10,exito,17458,2781.41,05,sthwp,42,1
841,goal_085,1,exito,16500,2628.68,05,sthwp,42,1
842,goal_085,2,col_return,11296,1608.07,05,sthwp,42,1
843,goal_085,3,exito,16488,2628.15,05,sthwp,42,1
844,goal_085,4,exito,16500,2628.64,05,sthwp,42,1
845,goal_085,5,exito,16500,2607.8,05,sthwp,42,1
846,goal_085,6,col_return,10902,1550.1,05,sthwp,42,1
847,goal_085,7,exito,16488,2628.16,05,sthwp,42,1
848,goal_085,8,exito,16500,2628.67,05,sthwp,42,1
849,goal_085,9,col_return,11454,1632.26,05,sthwp,42,1
850,goal_085,10,exito,16489,2628.32,05,sthwp,42,1
851,goal_086,1,exito,16500,2630.18,05,sthwp,42,1
852,goal_086,2,exito,16500,2623.42,05,sthwp,42,1
853,goal_086,3,col_return,10983,1563.36,05,sthwp,42,1
854,goal_086,4,exito,16489,2629.83,05,sthwp,42,1
855,goal_086,5,exito,16500,2630.15,05,sthwp,42,1
856,goal_086,6,col_return,11487,1641.73,05,sthwp,42,1
857,goal_086,7,exito,16489,2629.84,05,sthwp,42,1
858,goal_086,8,exito,16500,2630.22,05,sthwp,42,1
859,goal_086,9,exito,16500,2625.43,05,sthwp,42,1
860,goal_086,10,col_return,11000,1568.51,05,sthwp,42,1
861,goal_087,1,exito,16400,2615.5,05,sthwp,42,1
862,goal_087,2,exito,16412,2615.97,05,sthwp,42,1
863,goal_087,3,exito,16412,2591.88,05,sthwp,42,1
864,goal_087,4,col_return,10838,1544.92,05,sthwp,42,1
865,goal_087,5,exito,16399,2615.45,05,sthwp,42,1
866,goal_087,6,exito,16412,2615.98,05,sthwp,42,1
867,goal_087,7,exito,16412,2581.2,05,sthwp,42,1
868,goal_087,8,col_return,10814,1537.41,05,sthwp,42,1
869,goal_087,9,exito,16401,2615.65,05,sthwp,42,1
870,goal_087,10,exito,16411,2615.76,05,sthwp,42,1
871,goal_088,1,exito,16366,2577.44,05,sthwp,42,1
872,goal_088,2,col_return,10786,1538.81,05,sthwp,42,1
873,goal_088,3,exito,16355,2611.15,05,sthwp,42,1
874,goal_088,4,exito,16366,2611.48,05,sthwp,42,1
875,goal_088,5,exito,16366,2595.22,05,sthwp,42,1
876,goal_088,6,col_return,10851,1547.17,05,sthwp,42,1
877,goal_088,7,exito,16355,2611.15,05,sthwp,42,1
878,goal_088,8,exito,16366,2611.48,05,sthwp,42,1
879,goal_088,9,exito,16366,2600.64,05,sthwp,42,1
880,goal_088,10,col_return,10881,1551.13,05,sthwp,42,1
881,goal_089,1,exito,16147,2577.83,05,sthwp,42,1
882,goal_089,2,exito,16158,2578.15,05,sthwp,42,1
883,goal_089,3,exito,16158,2578.17,05,sthwp,42,1
884,goal_089,4,col_return,11107,1579.81,05,sthwp,42,1
885,goal_089,5,exito,16147,2577.83,05,sthwp,42,1
886,goal_089,6,exito,16158,2578.17,05,sthwp,42,1
887,goal_089,7,exito,16158,2578.16,05,sthwp,42,1
888,goal_089,8,exito,16160,2559.5,05,sthwp,42,1
889,goal_089,9,col_return,10738,1526.36,05,sthwp,42,1
890,goal_089,10,exito,16147,2577.83,05,sthwp,42,1
891,goal_090,1,exito,16109,2574.64,05,sthwp,42,1
892,goal_090,2,exito,16109,2574.64,05,sthwp,42,1
893,goal_090,3,col_return,11158,1592.37,05,sthwp,42,1
894,goal_090,4,exito,16098,2574.29,05,sthwp,42,1
895,goal_090,5,exito,16109,2574.62,05,sthwp,42,1
896,goal_090,6,exito,16109,2574.63,05,sthwp,42,1
897,goal_090,7,exito,16109,2572.88,05,sthwp,42,1
898,goal_090,8,col_return,10861,1550.48,05,sthwp,42,1
899,goal_090,9,exito,16098,2574.31,05,sthwp,42,1
900,goal_090,10,exito,16109,2574.63,05,sthwp,42,1
901,goal_091,1,exito,15894,2538.89,05,sthwp,42,1
902,goal_091,2,exito,15895,2538.79,05,sthwp,42,1
903,goal_091,3,col_return,10829,1538.64,05,sthwp,42,1
904,goal_091,4,exito,15884,2538.72,05,sthwp,42,1
905,goal_091,5,exito,15895,2539.09,05,sthwp,42,1
906,goal_091,6,exito,15894,2538.91,05,sthwp,42,1
907,goal_091,7,exito,15895,2539.04,05,sthwp,42,1
908,goal_091,8,exito,15894,2532.1,05,sthwp,42,1
909,goal_091,9,col_return,10681,1516.08,05,sthwp,42,1
910,goal_091,10,exito,15884,2538.71,05,sthwp,42,1
911,goal_092,1,exito,15860,2538.35,05,sthwp,42,1
912,goal_092,2,exito,15860,2538.33,05,sthwp,42,1
913,goal_092,3,exito,15860,2538.31,05,sthwp,42,1
914,goal_092,4,exito,15861,2531.14,05,sthwp,42,1
915,goal_092,5,col_return,10657,1518.1,05,sthwp,42,1
916,goal_092,6,exito,15849,2538.0,05,sthwp,42,1
917,goal_092,7,exito,15861,2538.49,05,sthwp,42,1
918,goal_092,8,exito,15861,2538.52,05,sthwp,42,1
919,goal_092,9,exito,15861,2538.53,05,sthwp,42,1
920,goal_092,10,exito,15861,2533.31,05,sthwp,42,1
921,goal_093,1,col_return,10578,1502.26,05,sthwp,42,1
922,goal_093,2,exito,15651,2503.6,05,sthwp,42,1
923,goal_093,3,exito,15662,2503.93,05,sthwp,42,1
924,goal_093,4,exito,15662,2503.93,05,sthwp,42,1
925,goal_093,5,exito,15662,2503.88,05,sthwp,42,1
926,goal_093,6,exito,15662,2503.94,05,sthwp,42,1
927,goal_093,7,exito,15662,2503.93,05,sthwp,42,1
928,goal_093,8,exito,15662,2480.71,05,sthwp,42,1
929,goal_093,9,col_return,10477,1485.56,05,sthwp,42,1
930,goal_093,10,exito,15651,2503.59,05,sthwp,42,1
931,goal_094,1,exito,15645,2507.11,05,sthwp,42,1
932,goal_094,2,exito,15644,2506.98,05,sthwp,42,1
933,goal_094,3,exito,15644,2506.96,05,sthwp,42,1
934,goal_094,4,exito,15644,2506.95,05,sthwp,42,1
935,goal_094,5,exito,15645,2507.12,05,sthwp,42,1
936,goal_094,6,exito,15645,2483.56,05,sthwp,42,1
937,goal_094,7,col_return,10458,1492.38,05,sthwp,42,1
938,goal_094,8,exito,15633,2506.62,05,sthwp,42,1
939,goal_094,9,exito,15644,2506.95,05,sthwp,42,1
940,goal_094,10,exito,15644,2506.95,05,sthwp,42,1
941,goal_095,1,exito,15412,2467.25,05,sthwp,42,1
942,goal_095,2,exito,15412,2467.31,05,sthwp,42,1
943,goal_095,3,exito,15412,2467.31,05,sthwp,42,1
944,goal_095,4,exito,15412,2467.3,05,sthwp,42,1
945,goal_095,5,exito,15412,2467.31,05,sthwp,42,1
946,goal_095,6,exito,15412,2458.11,05,sthwp,42,1
947,goal_095,7,col_return,10410,1480.22,05,sthwp,42,1
948,goal_095,8,exito,15401,2466.98,05,sthwp,42,1
949,goal_095,9,exito,15412,2467.31,05,sthwp,42,1
950,goal_095,10,exito,15412,2467.31,05,sthwp,42,1
951,goal_096,1,exito,15397,2470.64,05,sthwp,42,1
952,goal_096,2,exito,15397,2470.64,05,sthwp,42,1
953,goal_096,3,exito,15397,2470.63,05,sthwp,42,1
954,goal_096,4,exito,15397,2470.63,05,sthwp,42,1
955,goal_096,5,exito,15397,2470.64,05,sthwp,42,1
956,goal_096,6,exito,15397,2470.64,05,sthwp,42,1
957,goal_096,7,exito,15397,2470.64,05,sthwp,42,1
958,goal_096,8,exito,15397,2468.46,05,sthwp,42,1
959,goal_096,9,exito,15397,2433.89,05,sthwp,42,1
960,goal_096,10,col_return,10301,1465.74,05,sthwp,42,1
961,goal_097,1,exito,15183,2435.02,05,sthwp,42,1
962,goal_097,2,exito,15194,2435.36,05,sthwp,42,1
963,goal_097,3,exito,15194,2435.35,05,sthwp,42,1
964,goal_097,4,exito,15194,2435.36,05,sthwp,42,1
965,goal_097,5,exito,15194,2435.36,05,sthwp,42,1
966,goal_097,6,exito,15194,2435.35,05,sthwp,42,1
967,goal_097,7,exito,15194,2435.35,05,sthwp,42,1
968,goal_097,8,exito,15194,2435.35,05,sthwp,42,1
969,goal_097,9,exito,15194,2435.36,05,sthwp,42,1
970,goal_097,10,exito,15194,2435.34,05,sthwp,42,1
971,goal_098,1,exito,15179,2438.75,05,sthwp,42,1
972,goal_098,2,exito,15179,2438.76,05,sthwp,42,1
973,goal_098,3,exito,15179,2438.76,05,sthwp,42,1
974,goal_098,4,exito,15179,2438.76,05,sthwp,42,1
975,goal_098,5,exito,15179,2438.76,05,sthwp,42,1
976,goal_098,6,exito,15179,2438.76,05,sthwp,42,1
977,goal_098,7,exito,15179,2438.74,05,sthwp,42,1
978,goal_098,8,exito,15179,2438.75,05,sthwp,42,1
979,goal_098,9,exito,15179,2438.75,05,sthwp,42,1
980,goal_098,10,exito,15179,2438.75,05,sthwp,42,1
981,goal_099,1,exito,14944,2398.75,05,sthwp,42,1
982,goal_099,2,exito,14944,2398.75,05,sthwp,42,1
983,goal_099,3,exito,14944,2398.73,05,sthwp,42,1
984,goal_099,4,exito,14944,2398.74,05,sthwp,42,1
985,goal_099,5,exito,14944,2398.74,05,sthwp,42,1
986,goal_099,6,exito,14944,2398.74,05,sthwp,42,1
987,goal_099,7,exito,14944,2398.75,05,sthwp,42,1
988,goal_099,8,exito,14944,2398.76,05,sthwp,42,1
989,goal_099,9,exito,14944,2398.75,05,sthwp,42,1
990,goal_099,10,exito,14944,2398.74,05,sthwp,42,1
991,goal_100,1,exito,14929,2402.2,05,sthwp,42,1
992,goal_100,2,exito,14929,2402.21,05,sthwp,42,1
993,goal_100,3,exito,14929,2402.2,05,sthwp,42,1
994,goal_100,4,exito,14929,2402.21,05,sthwp,42,1
995,goal_100,5,exito,14929,2402.2,05,sthwp,42,1
996,goal_100,6,exito,14929,2402.19,05,sthwp,42,1
997,goal_100,7,exito,14929,2402.2,05,sthwp,42,1
998,goal_100,8,exito,14929,2402.21,05,sthwp,42,1
999,goal_100,9,exito,14929,2402.21,05,sthwp,42,1
1000,goal_100,10,exito,14929,2402.21,05,sthwp,42,1
1001,goal_101,1,exito,14697,2363.1,05,sthwp,42,1
1002,goal_101,2,exito,14697,2363.11,05,sthwp,42,1
1003,goal_101,3,exito,14697,2363.11,05,sthwp,42,1
1004,goal_101,4,exito,14697,2363.1,05,sthwp,42,1
1005,goal_101,5,exito,14697,2363.1,05,sthwp,42,1
1006,goal_101,6,exito,14697,2363.11,05,sthwp,42,1
1007,goal_101,7,exito,14697,2363.09,05,sthwp,42,1
1008,goal_101,8,exito,14697,2363.09,05,sthwp,42,1
1009,goal_101,9,exito,14697,2363.1,05,sthwp,42,1
1010,goal_101,10,exito,14697,2363.11,05,sthwp,42,1
1011,goal_102,1,exito,14681,2318.42,05,sthwp,42,1
1012,goal_102,2,col_return,8957,1272.96,05,sthwp,42,1
1013,goal_102,3,exito,14670,2365.86,05,sthwp,42,1
1014,goal_102,4,exito,14681,2366.18,05,sthwp,42,1
1015,goal_102,5,exito,14681,2366.19,05,sthwp,42,1
1016,goal_102,6,exito,14681,2366.19,05,sthwp,42,1
1017,goal_102,7,col_return,8872,1259.14,05,sthwp,42,1
1018,goal_102,8,exito,14670,2365.87,05,sthwp,42,1
1019,goal_102,9,exito,14681,2366.21,05,sthwp,42,1
1020,goal_102,10,exito,14681,2366.19,05,sthwp,42,1
1021,goal_103,1,exito,14491,2325.92,05,sthwp,42,1
1022,goal_103,2,col_return,8833,1247.19,05,sthwp,42,1
1023,goal_103,3,exito,14480,2333.78,05,sthwp,42,1
1024,goal_103,4,exito,14491,2334.14,05,sthwp,42,1
1025,goal_103,5,col_return,8676,1225.63,05,sthwp,42,1
1026,goal_103,6,exito,14480,2333.77,05,sthwp,42,1
1027,goal_103,7,exito,14491,2334.1,05,sthwp,42,1
1028,goal_103,8,exito,14491,2306.67,05,sthwp,42,1
1029,goal_103,9,col_return,8859,1250.49,05,sthwp,42,1
1030,goal_103,10,exito,14480,2333.79,05,sthwp,42,1
1031,goal_104,1,exito,14471,2336.02,05,sthwp,42,1
1032,goal_104,2,col_return,8685,1233.12,05,sthwp,42,1
1033,goal_104,3,exito,14460,2335.69,05,sthwp,42,1
1034,goal_104,4,exito,14471,2336.02,05,sthwp,42,1
1035,goal_104,5,exito,14474,2087.89,05,sthwp,42,1
1036,goal_104,6,col_return,8892,1261.71,05,sthwp,42,1
1037,goal_104,7,exito,14460,2335.68,05,sthwp,42,1
1038,goal_104,8,exito,14471,2336.01,05,sthwp,42,1
1039,goal_104,9,col_return,8732,1236.98,05,sthwp,42,1
1040,goal_104,10,exito,14460,2335.69,05,sthwp,42,1
1041,goal_105,1,exito,14265,2304.57,05,sthwp,42,1
1042,goal_105,2,col_return,8651,1220.47,05,sthwp,42,1
1043,goal_105,3,exito,14254,2304.24,05,sthwp,42,1
1044,goal_105,4,col_return,8439,1195.91,05,sthwp,42,1
1045,goal_105,5,exito,14254,2304.25,05,sthwp,42,1
1046,goal_105,6,exito,14265,2298.2,05,sthwp,42,1
1047,goal_105,7,col_return,8711,1234.13,05,sthwp,42,1
1048,goal_105,8,exito,14254,2304.23,05,sthwp,42,1
1049,goal_105,9,col_return,8482,1198.95,05,sthwp,42,1
1050,goal_105,10,exito,14254,2304.24,05,sthwp,42,1
1051,goal_106,1,exito,14228,2269.52,05,sthwp,42,1
1052,goal_106,2,col_return,8725,1238.26,05,sthwp,42,1
1053,goal_106,3,exito,14216,2300.43,05,sthwp,42,1
1054,goal_106,4,col_return,8501,1206.39,05,sthwp,42,1
1055,goal_106,5,exito,14216,2300.43,05,sthwp,42,1
1056,goal_106,6,col_return,8391,1190.34,05,sthwp,42,1
1057,goal_106,7,exito,14215,2300.3,05,sthwp,42,1
1058,goal_106,8,exito,14228,2268.77,05,sthwp,42,1
1059,goal_106,9,col_return,8726,1238.26,05,sthwp,42,1
1060,goal_106,10,exito,14216,2300.43,05,sthwp,42,1
1061,goal_107,1,col_return,8432,1192.1,05,sthwp,42,1
1062,goal_107,2,exito,14065,2276.7,05,sthwp,42,1
1063,goal_107,3,col_return,8431,1192.64,05,sthwp,42,1
1064,goal_107,4,exito,14065,2276.7,05,sthwp,42,1
1065,goal_107,5,col_return,8432,1192.83,05,sthwp,42,1
1066,goal_107,6,exito,14065,2276.69,05,sthwp,42,1
1067,goal_107,7,col_return,8430,1193.57,05,sthwp,42,1
1068,goal_107,8,exito,14065,2276.7,05,sthwp,42,1
1069,goal_107,9,col_return,8431,1193.99,05,sthwp,42,1
1070,goal_107,10,exito,14064,2276.62,05,sthwp,42,1
1071,goal_108,1,col_return,8419,1195.22,05,sthwp,42,1
1072,goal_108,2,exito,14032,2275.91,05,sthwp,42,1
1073,goal_108,3,col_return,8446,1196.67,05,sthwp,42,1
1074,goal_108,4,exito,14032,2275.91,05,sthwp,42,1
1075,goal_108,5,col_return,8454,1199.31,05,sthwp,42,1
1076,goal_108,6,exito,14032,2275.92,05,sthwp,42,1
1077,goal_108,7,col_return,8457,1200.6,05,sthwp,42,1
1078,goal_108,8,exito,14032,2275.91,05,sthwp,42,1
1079,goal_108,9,col_return,8465,1200.43,05,sthwp,42,1
1080,goal_108,10,exito,14032,2275.92,05,sthwp,42,1
1081,goal_109,1,exito,14897,2409.67,05,sthwp,42,1
1082,goal_109,2,exito,14897,2409.68,05,sthwp,42,1
1083,goal_109,3,exito,14897,2397.06,05,sthwp,42,1
1084,goal_109,4,exito,14900,2274.89,05,sthwp,42,1
1085,goal_109,5,col_return,9098,1296.83,05,sthwp,42,1
1086,goal_109,6,exito,14885,2408.8,05,sthwp,42,1
1087,goal_109,7,exito,14897,2409.69,05,sthwp,42,1
1088,goal_109,8,exito,14897,2409.68,05,sthwp,42,1
1089,goal_109,9,exito,14897,2409.69,05,sthwp,42,1
1090,goal_109,10,exito,14897,2409.66,05,sthwp,42,1
1091,goal_110,1,exito,14674,2378.64,05,sthwp,42,1
1092,goal_110,2,exito,14674,2378.63,05,sthwp,42,1
1093,goal_110,3,exito,14674,2366.89,05,sthwp,42,1
1094,goal_110,4,col_return,8933,1278.71,05,sthwp,42,1
1095,goal_110,5,exito,14663,2377.95,05,sthwp,42,1
1096,goal_110,6,exito,14674,2378.63,05,sthwp,42,1
1097,goal_110,7,exito,14674,2378.63,05,sthwp,42,1
1098,goal_110,8,exito,14674,2378.63,05,sthwp,42,1
1099,goal_110,9,col_return,8868,1270.73,05,sthwp,42,1
1100,goal_110,10,exito,14663,2377.96,05,sthwp,42,1
1101,goal_111,1,exito,15074,2434.93,05,sthwp,42,1
1102,goal_111,2,exito,15074,2434.95,05,sthwp,42,1
1103,goal_111,3,exito,15076,2435.23,05,sthwp,42,1
1104,goal_111,4,exito,15074,2434.93,05,sthwp,42,1
1105,goal_111,5,exito,15074,2434.94,05,sthwp,42,1
1106,goal_111,6,exito,15074,2434.96,05,sthwp,42,1
1107,goal_111,7,exito,15074,2434.94,05,sthwp,42,1
1108,goal_111,8,exito,15074,2434.92,05,sthwp,42,1
1109,goal_111,9,exito,15074,2434.94,05,sthwp,42,1
1110,goal_111,10,exito,15074,2434.93,05,sthwp,42,1
1111,goal_112,1,exito,14833,2396.35,05,sthwp,42,1
1112,goal_112,2,exito,14830,2396.19,05,sthwp,42,1
1113,goal_112,3,exito,14833,2396.29,05,sthwp,42,1
1114,goal_112,4,exito,14833,2396.32,05,sthwp,42,1
1115,goal_112,5,exito,14833,2396.37,05,sthwp,42,1
1116,goal_112,6,exito,14833,2396.35,05,sthwp,42,1
1117,goal_112,7,exito,14830,2396.18,05,sthwp,42,1
1118,goal_112,8,exito,14833,2396.3,05,sthwp,42,1
1119,goal_112,9,exito,14833,2396.36,05,sthwp,42,1
1120,goal_112,10,exito,14833,2396.36,05,sthwp,42,1
1121,goal_113,1,exito,15321,2470.69,05,sthwp,42,1
1122,goal_113,2,exito,15321,2470.7,05,sthwp,42,1
1123,goal_113,3,exito,15321,2470.7,05,sthwp,42,1
1124,goal_113,4,exito,15321,2470.66,05,sthwp,42,1
1125,goal_113,5,exito,15321,2470.7,05,sthwp,42,1
1126,goal_113,6,exito,15321,2470.7,05,sthwp,42,1
1127,goal_113,7,exito,15321,2470.69,05,sthwp,42,1
1128,goal_113,8,exito,15321,2470.69,05,sthwp,42,1
1129,goal_113,9,exito,15321,2470.66,05,sthwp,42,1
1130,goal_113,10,exito,15321,2470.69,05,sthwp,42,1
1131,goal_114,1,exito,15046,2419.94,05,sthwp,42,1
1132,goal_114,2,exito,15046,2419.93,05,sthwp,42,1
1133,goal_114,3,exito,15046,2419.94,05,sthwp,42,1
1134,goal_114,4,exito,15046,2419.94,05,sthwp,42,1
1135,goal_114,5,exito,15046,2419.93,05,sthwp,42,1
1136,goal_114,6,exito,15046,2419.94,05,sthwp,42,1
1137,goal_114,7,exito,15046,2419.93,05,sthwp,42,1
1138,goal_114,8,exito,15046,2419.94,05,sthwp,42,1
1139,goal_114,9,exito,15046,2419.95,05,sthwp,42,1
1140,goal_114,10,exito,15046,2419.92,05,sthwp,42,1
1141,goal_115,1,exito,15551,2503.5,05,sthwp,42,1
1142,goal_115,2,exito,15553,2502.59,05,sthwp,42,1
1143,goal_115,3,col_return,10603,1518.93,05,sthwp,42,1
1144,goal_115,4,exito,15543,2502.59,05,sthwp,42,1
1145,goal_115,5,exito,15553,2503.72,05,sthwp,42,1
1146,goal_115,6,exito,15553,2503.91,05,sthwp,42,1
1147,goal_115,7,exito,15553,2503.89,05,sthwp,42,1
1148,goal_115,8,exito,15553,2503.76,05,sthwp,42,1
1149,goal_115,9,exito,15553,2503.73,05,sthwp,42,1
1150,goal_115,10,exito,15553,2503.73,05,sthwp,42,1
1151,goal_116,1,exito,15289,2455.1,05,sthwp,42,1
1152,goal_116,2,exito,15289,2452.9,05,sthwp,42,1
1153,goal_116,3,exito,15289,2434.73,05,sthwp,42,1
1154,goal_116,4,col_return,10293,1468.6,05,sthwp,42,1
1155,goal_116,5,exito,15278,2454.37,05,sthwp,42,1
1156,goal_116,6,exito,15289,2455.03,05,sthwp,42,1
1157,goal_116,7,exito,15289,2455.05,05,sthwp,42,1
1158,goal_116,8,exito,15289,2455.06,05,sthwp,42,1
1159,goal_116,9,exito,15289,2455.06,05,sthwp,42,1
1160,goal_116,10,exito,15289,2455.08,05,sthwp,42,1
1161,goal_117,1,exito,15762,2533.87,05,sthwp,42,1
1162,goal_117,2,exito,15763,2534.22,05,sthwp,42,1
1163,goal_117,3,exito,15763,2534.21,05,sthwp,42,1
1164,goal_117,4,exito,15762,2502.07,05,sthwp,42,1
1165,goal_117,5,col_return,10492,1506.25,05,sthwp,42,1
1166,goal_117,6,exito,15753,2533.02,05,sthwp,42,1
1167,goal_117,7,exito,15761,2533.81,05,sthwp,42,1
1168,goal_117,8,exito,15762,2533.82,05,sthwp,42,1
1169,goal_117,9,exito,15762,2533.84,05,sthwp,42,1
1170,goal_117,10,exito,15762,2533.87,05,sthwp,42,1
1171,goal_118,1,exito,15498,2476.89,05,sthwp,42,1
1172,goal_118,2,col_return,10463,1491.74,05,sthwp,42,1
1173,goal_118,3,exito,15487,2484.63,05,sthwp,42,1
1174,goal_118,4,exito,15498,2485.33,05,sthwp,42,1
1175,goal_118,5,exito,15498,2485.33,05,sthwp,42,1
1176,goal_118,6,exito,15498,2485.32,05,sthwp,42,1
1177,goal_118,7,exito,15498,2485.32,05,sthwp,42,1
1178,goal_118,8,exito,15498,2485.31,05,sthwp,42,1
1179,goal_118,9,exito,15498,2485.31,05,sthwp,42,1
1180,goal_118,10,exito,15498,2485.32,05,sthwp,42,1
1181,goal_119,1,col_return,10994,1580.74,05,sthwp,42,1
1182,goal_119,2,exito,16000,2569.29,05,sthwp,42,1
1183,goal_119,3,exito,16009,2570.18,05,sthwp,42,1
1184,goal_119,4,exito,16009,2570.19,05,sthwp,42,1
1185,goal_119,5,exito,16009,2570.17,05,sthwp,42,1
1186,goal_119,6,col_return,10983,1577.79,05,sthwp,42,1
1187,goal_119,7,exito,16000,2569.28,05,sthwp,42,1
1188,goal_119,8,exito,16009,2570.1,05,sthwp,42,1
1189,goal_119,9,exito,16009,2570.16,05,sthwp,42,1
1190,goal_119,10,exito,16010,2570.49,05,sthwp,42,1
1191,goal_120,1,exito,15747,2484.5,05,sthwp,42,1
1192,goal_120,2,col_return,10472,1491.44,05,sthwp,42,1
1193,goal_120,3,exito,15735,2520.92,05,sthwp,42,1
1194,goal_120,4,exito,15746,2521.59,05,sthwp,42,1
1195,goal_120,5,exito,15746,2521.59,05,sthwp,42,1
1196,goal_120,6,exito,15746,2521.6,05,sthwp,42,1
1197,goal_120,7,exito,15746,2521.6,05,sthwp,42,1
1198,goal_120,8,exito,15747,2493.72,05,sthwp,42,1
1199,goal_120,9,col_return,10502,1494.55,05,sthwp,42,1
1200,goal_120,10,exito,15735,2520.93,05,sthwp,42,1
1201,goal_121,1,exito,16226,2602.16,05,sthwp,42,1
1202,goal_121,2,exito,16226,2602.14,05,sthwp,42,1
1203,goal_121,3,exito,16226,2584.97,05,sthwp,42,1
1204,goal_121,4,col_return,10781,1545.98,05,sthwp,42,1
1205,goal_121,5,exito,16216,2600.92,05,sthwp,42,1
1206,goal_121,6,exito,16227,2602.33,05,sthwp,42,1
1207,goal_121,7,exito,16227,2602.36,05,sthwp,42,1
1208,goal_121,8,col_return,11055,1586.17,05,sthwp,42,1
1209,goal_121,9,exito,16217,2601.14,05,sthwp,42,1
1210,goal_121,10,exito,16227,2602.36,05,sthwp,42,1
1211,goal_122,1,exito,15966,2553.97,05,sthwp,42,1
1212,goal_122,2,exito,15967,2546.31,05,sthwp,42,1
1213,goal_122,3,col_return,10702,1526.53,05,sthwp,42,1
1214,goal_122,4,exito,15953,2553.12,05,sthwp,42,1
1215,goal_122,5,exito,15967,2554.21,05,sthwp,42,1
1216,goal_122,6,exito,15967,2553.36,05,sthwp,42,1
1217,goal_122,7,exito,15966,2554.04,05,sthwp,42,1
1218,goal_122,8,col_return,10926,1557.15,05,sthwp,42,1
1219,goal_122,9,exito,15956,2553.51,05,sthwp,42,1
1220,goal_122,10,exito,15967,2554.24,05,sthwp,42,1
1221,goal_123,1,exito,16477,2639.17,05,sthwp,42,1
1222,goal_123,2,col_return,11510,1655.92,05,sthwp,42,1
1223,goal_123,3,exito,16467,2637.87,05,sthwp,42,1
1224,goal_123,4,exito,16477,2639.14,05,sthwp,42,1
1225,goal_123,5,exito,16477,2637.34,05,sthwp,42,1
1226,goal_123,6,col_return,11049,1584.84,05,sthwp,42,1
1227,goal_123,7,exito,16466,2637.71,05,sthwp,42,1
1228,goal_123,8,exito,16476,2638.93,05,sthwp,42,1
1229,goal_123,9,col_return,11571,1646.92,05,sthwp,42,1
1230,goal_123,10,exito,16466,2637.72,05,sthwp,42,1
1231,goal_124,1,exito,16225,2593.15,05,sthwp,42,1
1232,goal_124,2,exito,16225,2593.17,05,sthwp,42,1
1233,goal_124,3,col_return,11181,1595.74,05,sthwp,42,1
1234,goal_124,4,exito,16214,2592.45,05,sthwp,42,1
1235,goal_124,5,exito,16224,2592.94,05,sthwp,42,1
1236,goal_124,6,exito,16225,2593.13,05,sthwp,42,1
1237,goal_124,7,col_return,11249,1608.83,05,sthwp,42,1
1238,goal_124,8,exito,16215,2592.51,05,sthwp,42,1
1239,goal_124,9,exito,16225,2593.13,05,sthwp,42,1
1240,goal_124,10,exito,16225,2593.14,05,sthwp,42,1
1241,goal_125,1,col_return,11547,1659.17,05,sthwp,42,1
1242,goal_125,2,exito,16718,2674.82,05,sthwp,42,1
1243,goal_125,3,exito,16728,2676.02,05,sthwp,42,1
1244,goal_125,4,col_return,11546,1660.35,05,sthwp,42,1
1245,goal_125,5,exito,16718,2674.83,05,sthwp,42,1
1246,goal_125,6,exito,16728,2676.04,05,sthwp,42,1
1247,goal_125,7,col_return,11546,1661.36,05,sthwp,42,1
1248,goal_125,8,exito,16718,2675.01,05,sthwp,42,1
1249,goal_125,9,exito,16728,2676.02,05,sthwp,42,1
1250,goal_125,10,col_return,11548,1661.93,05,sthwp,42,1
1251,goal_126,1,exito,16482,2632.93,05,sthwp,42,1
1252,goal_126,2,exito,16492,2633.46,05,sthwp,42,1
1253,goal_126,3,exito,16492,2619.23,05,sthwp,42,1
1254,goal_126,4,col_return,10924,1561.04,05,sthwp,42,1
1255,goal_126,5,exito,16481,2632.75,05,sthwp,42,1
1256,goal_126,6,exito,16493,2633.25,05,sthwp,42,1
1257,goal_126,7,col_return,11479,1640.84,05,sthwp,42,1
1258,goal_126,8,exito,16481,2632.76,05,sthwp,42,1
1259,goal_126,9,exito,16491,2633.25,05,sthwp,42,1
1260,goal_126,10,exito,16491,2628.85,05,sthwp,42,1
1261,goal_127,1,col_return,11228,1615.99,05,sthwp,42,1
1262,goal_127,2,exito,16941,2708.38,05,sthwp,42,1
1263,goal_127,3,exito,16954,2698.3,05,sthwp,42,1
1264,goal_127,4,col_return,11173,1604.67,05,sthwp,42,1
1265,goal_127,5,exito,16944,2708.84,05,sthwp,42,1
1266,goal_127,6,exito,16954,2690.78,05,sthwp,42,1
1267,goal_127,7,col_return,11137,1595.8,05,sthwp,42,1
1268,goal_127,8,exito,16942,2708.58,05,sthwp,42,1
1269,goal_127,9,exito,16954,2685.83,05,sthwp,42,1
1270,goal_127,10,exito,16973,2464.1,05,sthwp,42,1
1271,goal_128,1,exito,16726,2668.77,05,sthwp,42,1
1272,goal_128,2,exito,16726,2668.77,05,sthwp,42,1
1273,goal_128,3,exito,16726,2667.07,05,sthwp,42,1
1274,goal_128,4,col_return,11172,1598.2,05,sthwp,42,1
1275,goal_128,5,exito,16715,2668.08,05,sthwp,42,1
1276,goal_128,6,exito,16726,2668.45,05,sthwp,42,1
1277,goal_128,7,col_return,11370,1625.04,05,sthwp,42,1
1278,goal_128,8,exito,16715,2668.08,05,sthwp,42,1
1279,goal_128,9,exito,16726,2668.11,05,sthwp,42,1
1280,goal_128,10,col_return,11455,1640.96,05,sthwp,42,1
1281,goal_129,1,exito,17203,2747.45,05,sthwp,42,1
1282,goal_129,2,exito,17213,2729.82,05,sthwp,42,1
1283,goal_129,3,exito,17213,2748.63,05,sthwp,42,1
1284,goal_129,4,exito,17213,2748.62,05,sthwp,42,1
1285,goal_129,5,exito,17213,2748.61,05,sthwp,42,1
1286,goal_129,6,col_return,11698,1681.63,05,sthwp,42,1
1287,goal_129,7,exito,17203,2747.43,05,sthwp,42,1
1288,goal_129,8,col_return,12242,1763.84,05,sthwp,42,1
1289,goal_129,9,exito,17204,2747.65,05,sthwp,42,1
1290,goal_129,10,exito,17213,2746.71,05,sthwp,42,1
1291,goal_130,1,col_return,11293,1617.74,05,sthwp,42,1
1292,goal_130,2,exito,16972,2705.99,05,sthwp,42,1
1293,goal_130,3,exito,16984,2692.65,05,sthwp,42,1
1294,goal_130,4,col_return,11174,1597.28,05,sthwp,42,1
1295,goal_130,5,exito,16973,2706.19,05,sthwp,42,1
1296,goal_130,6,exito,16984,2674.14,05,sthwp,42,1
1297,goal_130,7,exito,16984,2664.68,05,sthwp,42,1
1298,goal_130,8,exito,16984,2706.87,05,sthwp,42,1
1299,goal_130,9,exito,16982,2706.54,05,sthwp,42,1
1300,goal_130,10,col_return,11880,1700.78,05,sthwp,42,1
1301,goal_131,1,exito,17422,2779.72,05,sthwp,42,1
1302,goal_131,2,col_return,12454,1793.02,05,sthwp,42,1
1303,goal_131,3,exito,17422,2779.6,05,sthwp,42,1
1304,goal_131,4,col_return,12512,1802.91,05,sthwp,42,1
1305,goal_131,5,exito,17422,2779.55,05,sthwp,42,1
1306,goal_131,6,exito,17432,2747.68,05,sthwp,42,1
1307,goal_131,7,exito,17432,2780.73,05,sthwp,42,1
1308,goal_131,8,exito,17432,2780.86,05,sthwp,42,1
1309,goal_131,9,exito,17432,2771.69,05,sthwp,42,1
1310,goal_131,10,exito,17432,2780.88,05,sthwp,42,1
1311,goal_132,1,exito,17201,2738.81,05,sthwp,42,1
1312,goal_132,2,exito,17201,2738.81,05,sthwp,42,1
1313,goal_132,3,col_return,11643,1667.39,05,sthwp,42,1
1314,goal_132,4,exito,17190,2738.13,05,sthwp,42,1
1315,goal_132,5,col_return,12228,1751.98,05,sthwp,42,1
1316,goal_132,6,exito,17190,2738.09,05,sthwp,42,1
1317,goal_132,7,exito,17201,2736.37,05,sthwp,42,1
1318,goal_132,8,col_return,11417,1632.95,05,sthwp,42,1
1319,goal_132,9,exito,17190,2738.13,05,sthwp,42,1
1320,goal_132,10,col_return,12113,1734.71,05,sthwp,42,1
1321,goal_133,1,exito,16459,2621.6,05,sthwp,42,1
1322,goal_133,2,exito,16470,2621.94,05,sthwp,42,1
1323,goal_133,3,exito,16470,2617.09,05,sthwp,42,1
1324,goal_133,4,col_return,10990,1560.36,05,sthwp,42,1
1325,goal_133,5,exito,16459,2621.6,05,sthwp,42,1
1326,goal_133,6,exito,16470,2621.94,05,sthwp,42,1
1327,goal_133,7,col_return,11526,1639.37,05,sthwp,42,1
1328,goal_133,8,exito,16459,2621.61,05,sthwp,42,1
1329,goal_133,9,exito,16470,2621.94,05,sthwp,42,1
1330,goal_133,10,exito,16470,2620.65,05,sthwp,42,1
1331,goal_134,1,col_return,11087,1578.85,05,sthwp,42,1
1332,goal_134,2,exito,16504,2632.92,05,sthwp,42,1
1333,goal_134,3,exito,16515,2633.24,05,sthwp,42,1
1334,goal_134,4,col_return,11532,1645.23,05,sthwp,42,1
1335,goal_134,5,exito,16504,2632.92,05,sthwp,42,1
1336,goal_134,6,exito,16515,2633.25,05,sthwp,42,1
1337,goal_134,7,exito,16515,2627.11,05,sthwp,42,1
1338,goal_134,8,col_return,10996,1566.32,05,sthwp,42,1
1339,goal_134,9,exito,16504,2632.92,05,sthwp,42,1
1340,goal_134,10,exito,16515,2633.24,05,sthwp,42,1
1341,goal_135,1,col_return,11396,1622.27,05,sthwp,42,1
1342,goal_135,2,exito,16332,2602.69,05,sthwp,42,1
1343,goal_135,3,exito,16344,2603.09,05,sthwp,42,1
1344,goal_135,4,exito,16344,2603.08,05,sthwp,42,1
1345,goal_135,5,col_return,11191,1590.81,05,sthwp,42,1
1346,goal_135,6,exito,16333,2602.75,05,sthwp,42,1
1347,goal_135,7,exito,16344,2603.09,05,sthwp,42,1
1348,goal_135,8,exito,16344,2603.09,05,sthwp,42,1
1349,goal_135,9,col_return,11085,1573.53,05,sthwp,42,1
1350,goal_135,10,exito,16333,2602.75,05,sthwp,42,1
1351,goal_136,1,exito,16413,2619.18,05,sthwp,42,1
1352,goal_136,2,exito,16414,2616.45,05,sthwp,42,1
1353,goal_136,3,col_return,10996,1566.48,05,sthwp,42,1
1354,goal_136,4,exito,16403,2618.89,05,sthwp,42,1
1355,goal_136,5,exito,16413,2619.18,05,sthwp,42,1
1356,goal_136,6,exito,16413,2603.0,05,sthwp,42,1
1357,goal_136,7,col_return,10880,1549.78,05,sthwp,42,1
1358,goal_136,8,exito,16403,2618.88,05,sthwp,42,1
1359,goal_136,9,exito,16414,2619.22,05,sthwp,42,1
1360,goal_136,10,exito,16414,2586.7,05,sthwp,42,1
1361,goal_137,1,col_return,10663,1511.07,05,sthwp,42,1
1362,goal_137,2,exito,16081,2565.61,05,sthwp,42,1
1363,goal_137,3,exito,16092,2565.92,05,sthwp,42,1
1364,goal_137,4,exito,16092,2565.92,05,sthwp,42,1
1365,goal_137,5,exito,16093,2529.48,05,sthwp,42,1
1366,goal_137,6,col_return,10651,1506.97,05,sthwp,42,1
1367,goal_137,7,exito,16081,2565.61,05,sthwp,42,1
1368,goal_137,8,exito,16092,2565.94,05,sthwp,42,1
1369,goal_137,9,exito,16092,2565.94,05,sthwp,42,1
1370,goal_137,10,exito,16093,2526.95,05,sthwp,42,1
1371,goal_138,1,col_return,10674,1520.59,05,sthwp,42,1
1372,goal_138,2,exito,16147,2582.13,05,sthwp,42,1
1373,goal_138,3,exito,16158,2582.38,05,sthwp,42,1
1374,goal_138,4,exito,16158,2582.38,05,sthwp,42,1
1375,goal_138,5,col_return,11102,1584.19,05,sthwp,42,1
1376,goal_138,6,exito,16147,2582.12,05,sthwp,42,1
1377,goal_138,7,exito,16158,2582.4,05,sthwp,42,1
1378,goal_138,8,exito,16158,2582.39,05,sthwp,42,1
1379,goal_138,9,exito,16158,2563.56,05,sthwp,42,1
1380,goal_138,10,col_return,10733,1532.11,05,sthwp,42,1
1381,goal_139,1,exito,15831,2529.05,05,sthwp,42,1
1382,goal_139,2,exito,15842,2529.37,05,sthwp,42,1
1383,goal_139,3,exito,15842,2529.38,05,sthwp,42,1
1384,goal_139,4,exito,15842,2529.38,05,sthwp,42,1
1385,goal_139,5,exito,15842,2516.95,05,sthwp,42,1
1386,goal_139,6,col_return,10609,1506.63,05,sthwp,42,1
1387,goal_139,7,exito,15831,2529.07,05,sthwp,42,1
1388,goal_139,8,exito,15842,2529.38,05,sthwp,42,1
1389,goal_139,9,exito,15842,2529.38,05,sthwp,42,1
1390,goal_139,10,exito,15842,2529.38,05,sthwp,42,1
1391,goal_140,1,exito,15906,2540.53,05,sthwp,42,1
1392,goal_140,2,col_return,10704,1526.27,05,sthwp,42,1
1393,goal_140,3,exito,15895,2545.16,05,sthwp,42,1
1394,goal_140,4,exito,15906,2545.49,05,sthwp,42,1
1395,goal_140,5,exito,15906,2545.5,05,sthwp,42,1
1396,goal_140,6,exito,15906,2545.49,05,sthwp,42,1
1397,goal_140,7,exito,15906,2520.45,05,sthwp,42,1
1398,goal_140,8,col_return,10589,1509.35,05,sthwp,42,1
1399,goal_140,9,exito,15895,2545.17,05,sthwp,42,1
1400,goal_140,10,exito,15906,2545.42,05,sthwp,42,1
1401,goal_141,1,exito,15623,2497.32,05,sthwp,42,1
1402,goal_141,2,exito,15623,2497.32,05,sthwp,42,1
1403,goal_141,3,exito,15623,2497.32,05,sthwp,42,1
1404,goal_141,4,exito,15623,2485.25,05,sthwp,42,1
1405,goal_141,5,col_return,10505,1489.36,05,sthwp,42,1
1406,goal_141,6,exito,15612,2496.98,05,sthwp,42,1
1407,goal_141,7,exito,15623,2497.31,05,sthwp,42,1
1408,goal_141,8,exito,15623,2497.31,05,sthwp,42,1
1409,goal_141,9,exito,15623,2497.32,05,sthwp,42,1
1410,goal_141,10,exito,15623,2497.31,05,sthwp,42,1
1411,goal_142,1,exito,15688,2513.47,05,sthwp,42,1
1412,goal_142,2,exito,15688,2502.01,05,sthwp,42,1
1413,goal_142,3,col_return,10534,1503.83,05,sthwp,42,1
1414,goal_142,4,exito,15677,2513.21,05,sthwp,42,1
1415,goal_142,5,exito,15688,2513.5,05,sthwp,42,1
1416,goal_142,6,exito,15688,2513.45,05,sthwp,42,1
1417,goal_142,7,exito,15688,2513.49,05,sthwp,42,1
1418,goal_142,8,exito,15688,2513.49,05,sthwp,42,1
1419,goal_142,9,exito,15688,2512.98,05,sthwp,42,1
1420,goal_142,10,col_return,10706,1528.85,05,sthwp,42,1
1421,goal_143,1,exito,15362,2460.45,05,sthwp,42,1
1422,goal_143,2,exito,15373,2460.77,05,sthwp,42,1
1423,goal_143,3,exito,15373,2460.77,05,sthwp,42,1
1424,goal_143,4,exito,15373,2460.77,05,sthwp,42,1
1425,goal_143,5,exito,15373,2460.77,05,sthwp,42,1
1426,goal_143,6,exito,15373,2460.77,05,sthwp,42,1
1427,goal_143,7,exito,15373,2460.77,05,sthwp,42,1
1428,goal_143,8,exito,15373,2460.77,05,sthwp,42,1
1429,goal_143,9,exito,15373,2460.77,05,sthwp,42,1
1430,goal_143,10,exito,15373,2460.78,05,sthwp,42,1
1431,goal_144,1,exito,15438,2476.84,05,sthwp,42,1
1432,goal_144,2,exito,15438,2467.47,05,sthwp,42,1
1433,goal_144,3,col_return,10423,1487.6,05,sthwp,42,1
1434,goal_144,4,exito,15427,2476.56,05,sthwp,42,1
1435,goal_144,5,exito,15438,2476.83,05,sthwp,42,1
1436,goal_144,6,exito,15438,2476.88,05,sthwp,42,1
1437,goal_144,7,exito,15438,2476.86,05,sthwp,42,1
1438,goal_144,8,exito,15438,2476.88,05,sthwp,42,1
1439,goal_144,9,exito,15438,2476.86,05,sthwp,42,1
1440,goal_144,10,exito,15438,2476.88,05,sthwp,42,1
1441,goal_145,1,exito,15155,2428.8,05,sthwp,42,1
1442,goal_145,2,exito,15155,2428.79,05,sthwp,42,1
1443,goal_145,3,exito,15155,2428.8,05,sthwp,42,1
1444,goal_145,4,exito,15155,2428.8,05,sthwp,42,1
1445,goal_145,5,exito,15155,2428.79,05,sthwp,42,1
1446,goal_145,6,exito,15155,2428.8,05,sthwp,42,1
1447,goal_145,7,exito,15155,2428.8,05,sthwp,42,1
1448,goal_145,8,exito,15155,2427.89,05,sthwp,42,1
1449,goal_145,9,exito,15155,2424.87,05,sthwp,42,1
1450,goal_145,10,exito,15155,2415.77,05,sthwp,42,1
1451,goal_146,1,col_return,10305,1464.28,05,sthwp,42,1
1452,goal_146,2,exito,15210,2444.74,05,sthwp,42,1
1453,goal_146,3,exito,15218,2444.65,05,sthwp,42,1
1454,goal_146,4,exito,15218,2444.64,05,sthwp,42,1
1455,goal_146,5,exito,15218,2444.64,05,sthwp,42,1
1456,goal_146,6,exito,15221,2445.06,05,sthwp,42,1
1457,goal_146,7,exito,15218,2444.65,05,sthwp,42,1
1458,goal_146,8,exito,15218,2444.65,05,sthwp,42,1
1459,goal_146,9,exito,15218,2444.65,05,sthwp,42,1
1460,goal_146,10,exito,15221,2445.07,05,sthwp,42,1
1461,goal_147,1,exito,14905,2392.39,05,sthwp,42,1
1462,goal_147,2,exito,14905,2392.35,05,sthwp,42,1
1463,goal_147,3,exito,14905,2392.35,05,sthwp,42,1
1464,goal_147,4,exito,14905,2392.36,05,sthwp,42,1
1465,goal_147,5,exito,14905,2392.36,05,sthwp,42,1
1466,goal_147,6,exito,14905,2392.36,05,sthwp,42,1
1467,goal_147,7,exito,14905,2392.36,05,sthwp,42,1
1468,goal_147,8,exito,14905,2392.36,05,sthwp,42,1
1469,goal_147,9,exito,14905,2392.35,05,sthwp,42,1
1470,goal_147,10,exito,14905,2392.36,05,sthwp,42,1
1471,goal_148,1,exito,14969,2408.25,05,sthwp,42,1
1472,goal_148,2,exito,14970,2408.26,05,sthwp,42,1
1473,goal_148,3,exito,14970,2408.26,05,sthwp,42,1
1474,goal_148,4,exito,14970,2408.28,05,sthwp,42,1
1475,goal_148,5,exito,14970,2408.27,05,sthwp,42,1
1476,goal_148,6,exito,14970,2408.26,05,sthwp,42,1
1477,goal_148,7,exito,14970,2408.27,05,sthwp,42,1
1478,goal_148,8,exito,14969,2408.24,05,sthwp,42,1
1479,goal_148,9,exito,14970,2408.26,05,sthwp,42,1
1480,goal_148,10,exito,14970,2408.27,05,sthwp,42,1
1481,goal_149,1,exito,14661,2357.78,05,sthwp,42,1
1482,goal_149,2,exito,14661,2357.79,05,sthwp,42,1
1483,goal_149,3,exito,14661,2357.79,05,sthwp,42,1
1484,goal_149,4,exito,14661,2347.31,05,sthwp,42,1
1485,goal_149,5,col_return,8920,1259.79,05,sthwp,42,1
1486,goal_149,6,exito,14650,2357.45,05,sthwp,42,1
1487,goal_149,7,exito,14661,2357.79,05,sthwp,42,1
1488,goal_149,8,exito,14661,2357.75,05,sthwp,42,1
1489,goal_149,9,exito,14661,2357.73,05,sthwp,42,1
1490,goal_149,10,col_return,8894,1254.77,05,sthwp,42,1
1491,goal_150,1,exito,14711,2371.84,05,sthwp,42,1
1492,goal_150,2,exito,14721,2372.18,05,sthwp,42,1
1493,goal_150,3,exito,14722,2372.15,05,sthwp,42,1
1494,goal_150,4,exito,14721,2372.18,05,sthwp,42,1
1495,goal_150,5,exito,14722,2372.11,05,sthwp,42,1
1496,goal_150,6,col_return,8917,1267.0,05,sthwp,42,1
1497,goal_150,7,exito,14711,2371.84,05,sthwp,42,1
1498,goal_150,8,exito,14722,2372.17,05,sthwp,42,1
1499,goal_150,9,exito,14722,2372.17,05,sthwp,42,1
1500,goal_150,10,exito,14722,2372.15,05,sthwp,42,1
1501,goal_151,1,col_return,8646,1220.53,05,sthwp,42,1
1502,goal_151,2,exito,14456,2330.05,05,sthwp,42,1
1503,goal_151,3,exito,14467,2330.37,05,sthwp,42,1
1504,goal_151,4,exito,14469,2207.96,05,sthwp,42,1
1505,goal_151,5,col_return,8869,1255.51,05,sthwp,42,1
1506,goal_151,6,exito,14456,2330.04,05,sthwp,42,1
1507,goal_151,7,exito,14467,2330.39,05,sthwp,42,1
1508,goal_151,8,col_return,8730,1232.02,05,sthwp,42,1
1509,goal_151,9,exito,14456,2330.05,05,sthwp,42,1
1510,goal_151,10,exito,14467,2330.38,05,sthwp,42,1
1511,goal_152,1,exito,14527,2094.83,05,sthwp,42,1
1512,goal_152,2,col_return,8910,1263.08,05,sthwp,42,1
1513,goal_152,3,exito,14501,2341.63,05,sthwp,42,1
1514,goal_152,4,exito,14513,2342.12,05,sthwp,42,1
1515,goal_152,5,col_return,8699,1231.49,05,sthwp,42,1
1516,goal_152,6,exito,14501,2341.62,05,sthwp,42,1
1517,goal_152,7,exito,14513,2342.11,05,sthwp,42,1
1518,goal_152,8,exito,14512,2337.09,05,sthwp,42,1
1519,goal_152,9,col_return,8834,1251.39,05,sthwp,42,1
1520,goal_152,10,exito,14502,2341.8,05,sthwp,42,1
1521,goal_153,1,exito,14243,2298.92,05,sthwp,42,1
1522,goal_153,2,col_return,8658,1221.74,05,sthwp,42,1
1523,goal_153,3,exito,14232,2298.56,05,sthwp,42,1
1524,goal_153,4,col_return,8465,1189.38,05,sthwp,42,1
1525,goal_153,5,exito,14232,2298.57,05,sthwp,42,1
1526,goal_153,6,exito,14243,2263.68,05,sthwp,42,1
1527,goal_153,7,col_return,8732,1236.18,05,sthwp,42,1
1528,goal_153,8,exito,14232,2298.58,05,sthwp,42,1
1529,goal_153,9,col_return,8509,1198.39,05,sthwp,42,1
1530,goal_153,10,exito,14232,2298.57,05,sthwp,42,1
1531,goal_154,1,exito,14265,2241.96,05,sthwp,42,1
1532,goal_154,2,col_return,8759,1242.74,05,sthwp,42,1
1533,goal_154,3,exito,14253,2305.46,05,sthwp,42,1
1534,goal_154,4,col_return,8505,1204.1,05,sthwp,42,1
1535,goal_154,5,exito,14253,2305.46,05,sthwp,42,1
1536,goal_154,6,exito,14265,2280.59,05,sthwp,42,1
1537,goal_154,7,col_return,8739,1239.52,05,sthwp,42,1
1538,goal_154,8,exito,14253,2305.47,05,sthwp,42,1
1539,goal_154,9,col_return,8493,1203.48,05,sthwp,42,1
1540,goal_154,10,exito,14253,2305.47,05,sthwp,42,1
1541,goal_155,1,col_return,8263,1169.23,05,sthwp,42,1
1542,goal_155,2,exito,14039,2275.71,05,sthwp,42,1
1543,goal_155,3,col_return,8364,1184.44,05,sthwp,42,1
1544,goal_155,4,exito,14038,2275.57,05,sthwp,42,1
1545,goal_155,5,col_return,8410,1192.21,05,sthwp,42,1
1546,goal_155,6,exito,14039,2275.71,05,sthwp,42,1
1547,goal_155,7,col_return,8439,1190.69,05,sthwp,42,1
1548,goal_155,8,exito,14038,2275.54,05,sthwp,42,1
1549,goal_155,9,col_return,8446,1196.04,05,sthwp,42,1
1550,goal_155,10,exito,14038,2275.53,05,sthwp,42,1
1551,goal_156,1,col_return,8464,1199.44,05,sthwp,42,1
1552,goal_156,2,exito,14061,2279.13,05,sthwp,42,1
1553,goal_156,3,col_return,8449,1198.43,05,sthwp,42,1
1554,goal_156,4,exito,14060,2278.98,05,sthwp,42,1
1555,goal_156,5,col_return,8439,1198.5,05,sthwp,42,1
1556,goal_156,6,exito,14061,2279.15,05,sthwp,42,1
1557,goal_156,7,col_return,8437,1198.44,05,sthwp,42,1
1558,goal_156,8,exito,14057,2278.52,05,sthwp,42,1
1559,goal_156,9,col_return,8437,1199.15,05,sthwp,42,1
1560,goal_156,10,exito,14060,2278.98,05,sthwp,42,1
1561,goal_157,1,exito,14631,2354.9,05,sthwp,42,1
1562,goal_157,2,col_return,8909,1270.44,05,sthwp,42,1
1563,goal_157,3,exito,14620,2366.07,05,sthwp,42,1
1564,goal_157,4,exito,14631,2366.36,05,sthwp,42,1
1565,goal_157,5,exito,14631,2366.35,05,sthwp,42,1
1566,goal_157,6,exito,14632,2303.82,05,sthwp,42,1
1567,goal_157,7,col_return,8947,1275.45,05,sthwp,42,1
1568,goal_157,8,exito,14620,2366.06,05,sthwp,42,1
1569,goal_157,9,exito,14631,2366.36,05,sthwp,42,1
1570,goal_157,10,exito,14631,2366.44,05,sthwp,42,1
1571,goal_158,1,col_return,8674,1244.95,05,sthwp,42,1
1572,goal_158,2,exito,14424,2343.92,05,sthwp,42,1
1573,goal_158,3,exito,14435,2344.24,05,sthwp,42,1
1574,goal_158,4,col_return,8660,1241.38,05,sthwp,42,1
1575,goal_158,5,exito,14424,2343.92,05,sthwp,42,1
1576,goal_158,6,exito,14435,2344.25,05,sthwp,42,1
1577,goal_158,7,col_return,8651,1239.46,05,sthwp,42,1
1578,goal_158,8,exito,14424,2343.92,05,sthwp,42,1
1579,goal_158,9,exito,14435,2344.25,05,sthwp,42,1
1580,goal_158,10,col_return,8638,1240.33,05,sthwp,42,1
1581,goal_159,1,exito,14813,2392.25,05,sthwp,42,1
1582,goal_159,2,exito,14826,2392.98,05,sthwp,42,1
1583,goal_159,3,exito,14826,2393.0,05,sthwp,42,1
1584,goal_159,4,exito,14826,2392.99,05,sthwp,42,1
1585,goal_159,5,exito,14825,2392.75,05,sthwp,42,1
1586,goal_159,6,exito,14826,2392.96,05,sthwp,42,1
1587,goal_159,7,exito,14826,2393.0,05,sthwp,42,1
1588,goal_159,8,exito,14826,2392.97,05,sthwp,42,1
1589,goal_159,9,exito,14828,2273.9,05,sthwp,42,1
1590,goal_159,10,col_return,9055,1289.79,05,sthwp,42,1
1591,goal_160,1,exito,14578,2361.32,05,sthwp,42,1
1592,goal_160,2,exito,14589,2361.61,05,sthwp,42,1
1593,goal_160,3,exito,14589,2361.62,05,sthwp,42,1
1594,goal_160,4,col_return,8774,1254.23,05,sthwp,42,1
1595,goal_160,5,exito,14578,2361.31,05,sthwp,42,1
1596,goal_160,6,exito,14591,2361.98,05,sthwp,42,1
1597,goal_160,7,exito,14591,2361.99,05,sthwp,42,1
1598,goal_160,8,col_return,8756,1251.08,05,sthwp,42,1
1599,goal_160,9,exito,14580,2361.6,05,sthwp,42,1
1600,goal_160,10,exito,14591,2361.97,05,sthwp,42,1
1601,goal_161,1,exito,15045,2423.77,05,sthwp,42,1
1602,goal_161,2,exito,15045,2423.75,05,sthwp,42,1
1603,goal_161,3,exito,15045,2423.73,05,sthwp,42,1
1604,goal_161,4,exito,15045,2423.72,05,sthwp,42,1
1605,goal_161,5,exito,15045,2423.71,05,sthwp,42,1
1606,goal_161,6,exito,15045,2423.7,05,sthwp,42,1
1607,goal_161,7,exito,15045,2423.71,05,sthwp,42,1
1608,goal_161,8,exito,15045,2423.7,05,sthwp,42,1
1609,goal_161,9,exito,15045,2423.69,05,sthwp,42,1
1610,goal_161,10,exito,15045,2423.76,05,sthwp,42,1
1611,goal_162,1,exito,14806,2385.65,05,sthwp,42,1
1612,goal_162,2,exito,14806,2385.64,05,sthwp,42,1
1613,goal_162,3,exito,14806,2385.62,05,sthwp,42,1
1614,goal_162,4,exito,14806,2385.63,05,sthwp,42,1
1615,goal_162,5,exito,14806,2385.62,05,sthwp,42,1
1616,goal_162,6,exito,14806,2370.06,05,sthwp,42,1
1617,goal_162,7,col_return,9000,1278.38,05,sthwp,42,1
1618,goal_162,8,exito,14795,2385.33,05,sthwp,42,1
1619,goal_162,9,exito,14806,2385.66,05,sthwp,42,1
1620,goal_162,10,exito,14806,2385.63,05,sthwp,42,1
1621,goal_163,1,exito,15262,2454.94,05,sthwp,42,1
1622,goal_163,2,exito,15262,2454.93,05,sthwp,42,1
1623,goal_163,3,exito,15262,2454.93,05,sthwp,42,1
1624,goal_163,4,exito,15262,2454.94,05,sthwp,42,1
1625,goal_163,5,exito,15262,2454.95,05,sthwp,42,1
1626,goal_163,6,exito,15262,2454.97,05,sthwp,42,1
1627,goal_163,7,exito,15262,2454.96,05,sthwp,42,1
1628,goal_163,8,exito,15262,2454.48,05,sthwp,42,1
1629,goal_163,9,exito,15262,2454.5,05,sthwp,42,1
1630,goal_163,10,exito,15262,2454.91,05,sthwp,42,1
1631,goal_164,1,exito,15045,2420.01,05,sthwp,42,1
1632,goal_164,2,exito,15045,2420.04,05,sthwp,42,1
1633,goal_164,3,exito,15045,2420.04,05,sthwp,42,1
1634,goal_164,4,exito,15045,2420.05,05,sthwp,42,1
1635,goal_164,5,exito,15045,2420.05,05,sthwp,42,1
1636,goal_164,6,exito,15045,2420.04,05,sthwp,42,1
1637,goal_164,7,exito,15045,2420.05,05,sthwp,42,1
1638,goal_164,8,exito,15045,2420.06,05,sthwp,42,1
1639,goal_164,9,exito,15045,2420.04,05,sthwp,42,1
1640,goal_164,10,exito,15045,2420.03,05,sthwp,42,1
1641,goal_165,1,exito,15465,2484.4,05,sthwp,42,1
1642,goal_165,2,exito,15465,2484.2,05,sthwp,42,1
1643,goal_165,3,exito,15465,2463.06,05,sthwp,42,1
1644,goal_165,4,col_return,10385,1481.86,05,sthwp,42,1
1645,goal_165,5,exito,15454,2483.71,05,sthwp,42,1
1646,goal_165,6,exito,15467,2484.74,05,sthwp,42,1
1647,goal_165,7,exito,15465,2484.24,05,sthwp,42,1
1648,goal_165,8,exito,15465,2484.4,05,sthwp,42,1
1649,goal_165,9,exito,15467,2484.75,05,sthwp,42,1
1650,goal_165,10,exito,15465,2484.25,05,sthwp,42,1
1651,goal_166,1,exito,15262,2451.47,05,sthwp,42,1
1652,goal_166,2,exito,15262,2451.45,05,sthwp,42,1
1653,goal_166,3,exito,15262,2451.45,05,sthwp,42,1
1654,goal_166,4,exito,15262,2451.46,05,sthwp,42,1
1655,goal_166,5,exito,15262,2451.44,05,sthwp,42,1
1656,goal_166,6,exito,15262,2448.07,05,sthwp,42,1
1657,goal_166,7,exito,15262,2428.09,05,sthwp,42,1
1658,goal_166,8,col_return,10271,1464.02,05,sthwp,42,1
1659,goal_166,9,exito,15251,2451.14,05,sthwp,42,1
1660,goal_166,10,exito,15262,2451.44,05,sthwp,42,1
1661,goal_167,1,exito,15709,2520.01,05,sthwp,42,1
1662,goal_167,2,exito,15709,2520.04,05,sthwp,42,1
1663,goal_167,3,exito,15709,2520.05,05,sthwp,42,1
1664,goal_167,4,exito,15709,2520.03,05,sthwp,42,1
1665,goal_167,5,exito,15709,2520.02,05,sthwp,42,1
1666,goal_167,6,exito,15709,2489.29,05,sthwp,42,1
1667,goal_167,7,col_return,10470,1496.38,05,sthwp,42,1
1668,goal_167,8,exito,15699,2519.48,05,sthwp,42,1
1669,goal_167,9,exito,15709,2520.0,05,sthwp,42,1
1670,goal_167,10,exito,15709,2520.0,05,sthwp,42,1
1671,goal_168,1,col_approach,2392,157.27,05,sthwp,42,1
1672,goal_168,2,col_return,10372,1477.99,05,sthwp,42,1
1673,goal_168,3,exito,15489,2485.64,05,sthwp,42,1
1674,goal_168,4,exito,15497,2485.61,05,sthwp,42,1
1675,goal_168,5,exito,15499,2485.8,05,sthwp,42,1
1676,goal_168,6,exito,15499,2478.82,05,sthwp,42,1
1677,goal_168,7,exito,15499,2459.86,05,sthwp,42,1
1678,goal_168,8,exito,15499,2484.36,05,sthwp,42,1
1679,goal_168,9,exito,15499,2485.8,05,sthwp,42,1
1680,goal_168,10,exito,15499,2485.8,05,sthwp,42,1
1681,goal_169,1,col_return,10912,1559.2,05,sthwp,42,1
1682,goal_169,2,exito,15914,2551.17,05,sthwp,42,1
1683,goal_169,3,exito,15927,2552.19,05,sthwp,42,1
1684,goal_169,4,exito,15926,2551.97,05,sthwp,42,1
1685,goal_169,5,exito,15925,2551.85,05,sthwp,42,1
1686,goal_169,6,exito,15927,2537.44,05,sthwp,42,1
1687,goal_169,7,col_return,10643,1519.49,05,sthwp,42,1
1688,goal_169,8,exito,15916,2551.49,05,sthwp,42,1
1689,goal_169,9,exito,15927,2552.22,05,sthwp,42,1
1690,goal_169,10,exito,15927,2551.21,05,sthwp,42,1
1691,goal_170,1,exito,15698,2514.14,05,sthwp,42,1
1692,goal_170,2,exito,15698,2510.54,05,sthwp,42,1
1693,goal_170,3,col_return,10621,1512.44,05,sthwp,42,1
1694,goal_170,4,exito,15687,2513.74,05,sthwp,42,1
1695,goal_170,5,exito,15698,2514.11,05,sthwp,42,1
1696,goal_170,6,exito,15698,2512.4,05,sthwp,42,1
1697,goal_170,7,exito,15698,2491.21,05,sthwp,42,1
1698,goal_170,8,exito,15698,2514.09,05,sthwp,42,1
1699,goal_170,9,exito,15698,2513.67,05,sthwp,42,1
1700,goal_170,10,col_return,10720,1526.4,05,sthwp,42,1
1701,goal_171,1,exito,16165,2588.13,05,sthwp,42,1
1702,goal_171,2,exito,16176,2588.85,05,sthwp,42,1
1703,goal_171,3,exito,16176,2588.46,05,sthwp,42,1
1704,goal_171,4,exito,16176,2569.8,05,sthwp,42,1
1705,goal_171,5,col_return,10749,1534.75,05,sthwp,42,1
1706,goal_171,6,exito,16165,2588.13,05,sthwp,42,1
1707,goal_171,7,exito,16176,2588.84,05,sthwp,42,1
1708,goal_171,8,exito,16176,2588.82,05,sthwp,42,1
1709,goal_171,9,col_return,11114,1589.0,05,sthwp,42,1
1710,goal_171,10,exito,16165,2588.13,05,sthwp,42,1
1711,goal_172,1,exito,15928,2547.24,05,sthwp,42,1
1712,goal_172,2,exito,15928,2519.43,05,sthwp,42,1
1713,goal_172,3,exito,15928,2547.24,05,sthwp,42,1
1714,goal_172,4,col_return,10956,1560.17,05,sthwp,42,1
1715,goal_172,5,exito,15919,2547.06,05,sthwp,42,1
1716,goal_172,6,exito,15928,2547.23,05,sthwp,42,1
1717,goal_172,7,exito,15928,2519.27,05,sthwp,42,1
1718,goal_172,8,exito,15928,2547.24,05,sthwp,42,1
1719,goal_172,9,exito,15928,2535.39,05,sthwp,42,1
1720,goal_172,10,col_return,10660,1516.54,05,sthwp,42,1
1721,goal_173,1,exito,16414,2624.66,05,sthwp,42,1
1722,goal_173,2,exito,16425,2625.28,05,sthwp,42,1
1723,goal_173,3,exito,16425,2618.38,05,sthwp,42,1
1724,goal_173,4,col_return,10935,1565.94,05,sthwp,42,1
1725,goal_173,5,exito,16414,2624.67,05,sthwp,42,1
1726,goal_173,6,exito,16425,2625.36,05,sthwp,42,1
1727,goal_173,7,exito,16425,2597.6,05,sthwp,42,1
1728,goal_173,8,col_return,10836,1550.86,05,sthwp,42,1
1729,goal_173,9,exito,16414,2624.68,05,sthwp,42,1
1730,goal_173,10,exito,16425,2625.36,05,sthwp,42,1
1731,goal_174,1,exito,16158,2570.94,05,sthwp,42,1
1732,goal_174,2,col_return,10786,1536.98,05,sthwp,42,1
1733,goal_174,3,exito,16148,2580.05,05,sthwp,42,1
1734,goal_174,4,exito,16158,2578.43,05,sthwp,42,1
1735,goal_174,5,exito,16158,2579.85,05,sthwp,42,1
1736,goal_174,6,col_return,11156,1592.61,05,sthwp,42,1
1737,goal_174,7,exito,16147,2579.83,05,sthwp,42,1
1738,goal_174,8,exito,16158,2580.33,05,sthwp,42,1
1739,goal_174,9,exito,16158,2542.17,05,sthwp,42,1
1740,goal_174,10,exito,16158,2568.14,05,sthwp,42,1
1741,goal_175,1,col_return,11005,1576.35,05,sthwp,42,1
1742,goal_175,2,exito,16631,2656.34,05,sthwp,42,1
1743,goal_175,3,exito,16642,2656.33,05,sthwp,42,1
1744,goal_175,4,col_return,11370,1627.89,05,sthwp,42,1
1745,goal_175,5,exito,16631,2656.34,05,sthwp,42,1
1746,goal_175,6,exito,16642,2657.05,05,sthwp,42,1
1747,goal_175,7,col_return,11548,1654.0,05,sthwp,42,1
1748,goal_175,8,exito,16631,2656.36,05,sthwp,42,1
1749,goal_175,9,exito,16642,2657.03,05,sthwp,42,1
1750,goal_175,10,col_return,11639,1665.8,05,sthwp,42,1
1751,goal_176,1,exito,16362,2612.77,05,sthwp,42,1
1752,goal_176,2,exito,16373,2613.25,05,sthwp,42,1
1753,goal_176,3,exito,16373,2613.44,05,sthwp,42,1
1754,goal_176,4,col_return,11128,1586.59,05,sthwp,42,1
1755,goal_176,5,exito,16362,2612.74,05,sthwp,42,1
1756,goal_176,6,exito,16373,2609.27,05,sthwp,42,1
1757,goal_176,7,exito,16373,2611.97,05,sthwp,42,1
1758,goal_176,8,col_return,11007,1569.5,05,sthwp,42,1
1759,goal_176,9,exito,16362,2612.74,05,sthwp,42,1
1760,goal_176,10,exito,16373,2602.25,05,sthwp,42,1
1761,goal_177,1,col_return,11897,1704.45,05,sthwp,42,1
1762,goal_177,2,exito,16884,2693.86,05,sthwp,42,1
1763,goal_177,3,exito,16897,2694.86,05,sthwp,42,1
1764,goal_177,4,col_return,11556,1653.63,05,sthwp,42,1
1765,goal_177,5,exito,16884,2693.69,05,sthwp,42,1
1766,goal_177,6,exito,16895,2693.54,05,sthwp,42,1
1767,goal_177,7,col_return,11383,1630.83,05,sthwp,42,1
1768,goal_177,8,exito,16884,2693.87,05,sthwp,42,1
1769,goal_177,9,exito,16895,2693.72,05,sthwp,42,1
1770,goal_177,10,col_return,11306,1616.6,05,sthwp,42,1
1771,goal_178,1,exito,16610,2649.27,05,sthwp,42,1
1772,goal_178,2,exito,16621,2623.81,05,sthwp,42,1
1773,goal_178,3,col_return,11390,1629.05,05,sthwp,42,1
1774,goal_178,4,exito,16610,2649.28,05,sthwp,42,1
1775,goal_178,5,exito,16621,2626.33,05,sthwp,42,1
1776,goal_178,6,col_return,11583,1655.04,05,sthwp,42,1
1777,goal_178,7,exito,16610,2649.3,05,sthwp,42,1
1778,goal_178,8,exito,16621,2644.38,05,sthwp,42,1
1779,goal_178,9,col_return,11689,1658.23,05,sthwp,42,1
1780,goal_178,10,exito,16610,2649.28,05,sthwp,42,1
1781,goal_179,1,exito,17127,2729.8,05,sthwp,42,1
1782,goal_179,2,col_return,11708,1680.89,05,sthwp,42,1
1783,goal_179,3,exito,17116,2729.14,05,sthwp,42,1
1784,goal_179,4,exito,17127,2714.22,05,sthwp,42,1
1785,goal_179,5,exito,17126,2703.9,05,sthwp,42,1
1786,goal_179,6,exito,17127,2729.72,05,sthwp,42,1
1787,goal_179,7,exito,17128,2729.72,05,sthwp,42,1
1788,goal_179,8,col_return,11797,1690.65,05,sthwp,42,1
1789,goal_179,9,exito,17116,2729.09,05,sthwp,42,1
1790,goal_179,10,exito,17127,2720.56,05,sthwp,42,1
1791,goal_180,1,col_return,11133,1588.34,05,sthwp,42,1
1792,goal_180,2,exito,16831,2682.7,05,sthwp,42,1
1793,goal_180,3,exito,16842,2659.86,05,sthwp,42,1
1794,goal_180,4,col_return,11226,1603.51,05,sthwp,42,1
1795,goal_180,5,exito,16831,2682.7,05,sthwp,42,1
1796,goal_180,6,col_approach,2318,142.61,05,sthwp,42,1
1797,goal_180,7,col_return,11033,1575.22,05,sthwp,42,1
1798,goal_180,8,exito,16831,2682.68,05,sthwp,42,1
1799,goal_180,9,exito,16842,2675.97,05,sthwp,42,1
1800,goal_180,10,col_return,11186,1593.34,05,sthwp,42,1
1801,goal_181,1,exito,16471,2624.45,05,sthwp,42,1
1802,goal_181,2,exito,16482,2624.83,05,sthwp,42,1
1803,goal_181,3,col_return,11435,1627.01,05,sthwp,42,1
1804,goal_181,4,exito,16471,2624.49,05,sthwp,42,1
1805,goal_181,5,exito,16482,2624.82,05,sthwp,42,1
1806,goal_181,6,exito,16482,2620.13,05,sthwp,42,1
1807,goal_181,7,col_return,10995,1563.38,05,sthwp,42,1
1808,goal_181,8,exito,16471,2624.51,05,sthwp,42,1
1809,goal_181,9,exito,16482,2624.8,05,sthwp,42,1
1810,goal_181,10,col_return,11517,1641.49,05,sthwp,42,1
1811,goal_182,1,exito,16489,2629.92,05,sthwp,42,1
1812,goal_182,2,exito,16500,2630.23,05,sthwp,42,1
1813,goal_182,3,exito,16501,2627.02,05,sthwp,42,1
1814,goal_182,4,col_return,11016,1572.28,05,sthwp,42,1
1815,goal_182,5,exito,16490,2630.09,05,sthwp,42,1
1816,goal_182,6,exito,16500,2630.21,05,sthwp,42,1
1817,goal_182,7,col_return,11521,1643.04,05,sthwp,42,1
1818,goal_182,8,exito,16489,2629.92,05,sthwp,42,1
1819,goal_182,9,exito,16500,2630.24,05,sthwp,42,1
1820,goal_182,10,exito,16500,2626.1,05,sthwp,42,1
1821,goal_183,1,col_return,10959,1555.88,05,sthwp,42,1
1822,goal_183,2,exito,16377,2610.45,05,sthwp,42,1
1823,goal_183,3,exito,16388,2610.77,05,sthwp,42,1
1824,goal_183,4,exito,16387,2600.59,05,sthwp,42,1
1825,goal_183,5,col_return,10901,1547.77,05,sthwp,42,1
1826,goal_183,6,exito,16377,2610.45,05,sthwp,42,1
1827,goal_183,7,exito,16388,2610.78,05,sthwp,42,1
1828,goal_183,8,exito,16388,2595.46,05,sthwp,42,1
1829,goal_183,9,col_return,10868,1544.81,05,sthwp,42,1
1830,goal_183,10,exito,16377,2610.45,05,sthwp,42,1
1831,goal_184,1,exito,16366,2611.56,05,sthwp,42,1
1832,goal_184,2,exito,16366,2598.11,05,sthwp,42,1
1833,goal_184,3,col_return,10870,1547.87,05,sthwp,42,1
1834,goal_184,4,exito,16355,2611.23,05,sthwp,42,1
1835,goal_184,5,exito,16366,2611.56,05,sthwp,42,1
1836,goal_184,6,exito,16366,2601.39,05,sthwp,42,1
1837,goal_184,7,col_return,10885,1552.22,05,sthwp,42,1
1838,goal_184,8,exito,16355,2611.23,05,sthwp,42,1
1839,goal_184,9,exito,16366,2611.55,05,sthwp,42,1
1840,goal_184,10,exito,16366,2603.05,05,sthwp,42,1
1841,goal_185,1,col_return,10787,1530.53,05,sthwp,42,1
1842,goal_185,2,exito,16125,2572.86,05,sthwp,42,1
1843,goal_185,3,exito,16136,2573.35,05,sthwp,42,1
1844,goal_185,4,exito,16136,2573.31,05,sthwp,42,1
1845,goal_185,5,col_return,11185,1592.3,05,sthwp,42,1
1846,goal_185,6,exito,16125,2572.86,05,sthwp,42,1
1847,goal_185,7,exito,16136,2573.19,05,sthwp,42,1
1848,goal_185,8,exito,16136,2573.12,05,sthwp,42,1
1849,goal_185,9,exito,16136,2568.96,05,sthwp,42,1
1850,goal_185,10,col_return,10829,1537.78,05,sthwp,42,1
1851,goal_186,1,exito,16099,2574.25,05,sthwp,42,1
1852,goal_186,2,exito,16109,2574.64,05,sthwp,42,1
1853,goal_186,3,exito,16110,2574.59,05,sthwp,42,1
1854,goal_186,4,exito,16109,2547.66,05,sthwp,42,1
1855,goal_186,5,col_return,10681,1523.25,05,sthwp,42,1
1856,goal_186,6,exito,16099,2574.26,05,sthwp,42,1
1857,goal_186,7,exito,16109,2574.65,05,sthwp,42,1
1858,goal_186,8,exito,16110,2574.58,05,sthwp,42,1
1859,goal_186,9,col_return,11181,1595.79,05,sthwp,42,1
1860,goal_186,10,exito,16099,2574.26,05,sthwp,42,1
1861,goal_187,1,exito,15886,2536.6,05,sthwp,42,1
1862,goal_187,2,exito,15884,2536.34,05,sthwp,42,1
1863,goal_187,3,exito,15887,2536.76,05,sthwp,42,1
1864,goal_187,4,exito,15884,2527.77,05,sthwp,42,1
1865,goal_187,5,col_return,10660,1512.58,05,sthwp,42,1
1866,goal_187,6,exito,15875,2536.26,05,sthwp,42,1
1867,goal_187,7,exito,15887,2536.72,05,sthwp,42,1
1868,goal_187,8,exito,15884,2536.4,05,sthwp,42,1
1869,goal_187,9,exito,15887,2536.73,05,sthwp,42,1
1870,goal_187,10,exito,15884,2520.79,05,sthwp,42,1
1871,goal_188,1,col_return,10606,1509.69,05,sthwp,42,1
1872,goal_188,2,exito,15851,2538.17,05,sthwp,42,1
1873,goal_188,3,exito,15859,2538.13,05,sthwp,42,1
1874,goal_188,4,exito,15859,2538.11,05,sthwp,42,1
1875,goal_188,5,exito,15859,2538.1,05,sthwp,42,1
1876,goal_188,6,exito,15859,2530.59,05,sthwp,42,1
1877,goal_188,7,col_return,10650,1519.41,05,sthwp,42,1
1878,goal_188,8,exito,15850,2538.01,05,sthwp,42,1
1879,goal_188,9,exito,15859,2538.1,05,sthwp,42,1
1880,goal_188,10,exito,15861,2538.34,05,sthwp,42,1
1881,goal_189,1,exito,15666,2504.47,05,sthwp,42,1
1882,goal_189,2,exito,15666,2504.44,05,sthwp,42,1
1883,goal_189,3,exito,15667,2471.5,05,sthwp,42,1
1884,goal_189,4,col_return,10447,1481.24,05,sthwp,42,1
1885,goal_189,5,exito,15655,2504.14,05,sthwp,42,1
1886,goal_189,6,exito,15666,2504.41,05,sthwp,42,1
1887,goal_189,7,exito,15666,2504.43,05,sthwp,42,1
1888,goal_189,8,exito,15666,2504.47,05,sthwp,42,1
1889,goal_189,9,exito,15666,2504.48,05,sthwp,42,1
1890,goal_189,10,exito,15666,2504.47,05,sthwp,42,1
1891,goal_190,1,col_return,10716,1525.72,05,sthwp,42,1
1892,goal_190,2,exito,15633,2506.64,05,sthwp,42,1
1893,goal_190,3,exito,15644,2506.97,05,sthwp,42,1
1894,goal_190,4,exito,15644,2506.94,05,sthwp,42,1
1895,goal_190,5,exito,15644,2506.94,05,sthwp,42,1
1896,goal_190,6,exito,15644,2506.96,05,sthwp,42,1
1897,goal_190,7,exito,15644,2506.96,05,sthwp,42,1
1898,goal_190,8,exito,15644,2503.97,05,sthwp,42,1
1899,goal_190,9,col_return,10598,1512.97,05,sthwp,42,1
1900,goal_190,10,exito,15633,2506.64,05,sthwp,42,1
1901,goal_191,1,exito,15416,2467.84,05,sthwp,42,1
1902,goal_191,2,exito,15416,2467.8,05,sthwp,42,1
1903,goal_191,3,exito,15416,2467.85,05,sthwp,42,1
1904,goal_191,4,exito,15416,2467.8,05,sthwp,42,1
1905,goal_191,5,exito,15416,2467.85,05,sthwp,42,1
1906,goal_191,6,exito,15416,2467.85,05,sthwp,42,1
1907,goal_191,7,exito,15416,2467.82,05,sthwp,42,1
1908,goal_191,8,exito,15416,2467.84,05,sthwp,42,1
1909,goal_191,9,exito,15416,2465.2,05,sthwp,42,1
1910,goal_191,10,col_return,10515,1481.23,05,sthwp,42,1
1911,goal_192,1,exito,15386,2470.31,05,sthwp,42,1
1912,goal_192,2,exito,15397,2470.62,05,sthwp,42,1
1913,goal_192,3,exito,15397,2470.62,05,sthwp,42,1
1914,goal_192,4,exito,15397,2470.63,05,sthwp,42,1
1915,goal_192,5,exito,15397,2470.63,05,sthwp,42,1
1916,goal_192,6,exito,15397,2470.62,05,sthwp,42,1
1917,goal_192,7,exito,15397,2470.62,05,sthwp,42,1
1918,goal_192,8,exito,15397,2470.65,05,sthwp,42,1
1919,goal_192,9,exito,15397,2470.63,05,sthwp,42,1
1920,goal_192,10,exito,15397,2470.62,05,sthwp,42,1
1921,goal_193,1,exito,15198,2435.87,05,sthwp,42,1
1922,goal_193,2,exito,15198,2435.06,05,sthwp,42,1
1923,goal_193,3,exito,15198,2430.64,05,sthwp,42,1
1924,goal_193,4,exito,15199,2414.06,05,sthwp,42,1
1925,goal_193,5,col_return,10252,1449.92,05,sthwp,42,1
1926,goal_193,6,exito,15187,2435.54,05,sthwp,42,1
1927,goal_193,7,exito,15199,2436.06,05,sthwp,42,1
1928,goal_193,8,exito,15198,2435.78,05,sthwp,42,1
1929,goal_193,9,exito,15199,2436.06,05,sthwp,42,1
1930,goal_193,10,exito,15196,2435.61,05,sthwp,42,1
1931,goal_194,1,exito,15179,2438.7,05,sthwp,42,1
1932,goal_194,2,exito,15179,2438.7,05,sthwp,42,1
1933,goal_194,3,exito,15179,2438.68,05,sthwp,42,1
1934,goal_194,4,exito,15179,2438.67,05,sthwp,42,1
1935,goal_194,5,exito,15179,2438.68,05,sthwp,42,1
1936,goal_194,6,exito,15179,2438.68,05,sthwp,42,1
1937,goal_194,7,exito,15179,2438.68,05,sthwp,42,1
1938,goal_194,8,exito,15179,2438.68,05,sthwp,42,1
1939,goal_194,9,exito,15179,2438.67,05,sthwp,42,1
1940,goal_194,10,exito,15179,2438.7,05,sthwp,42,1
1941,goal_195,1,exito,14949,2399.46,05,sthwp,42,1
1942,goal_195,2,exito,14946,2399.01,05,sthwp,42,1
1943,goal_195,3,exito,14948,2399.26,05,sthwp,42,1
1944,goal_195,4,exito,14948,2399.28,05,sthwp,42,1
1945,goal_195,5,exito,14949,2399.45,05,sthwp,42,1
1946,goal_195,6,exito,14948,2399.18,05,sthwp,42,1
1947,goal_195,7,exito,14948,2399.28,05,sthwp,42,1
1948,goal_195,8,exito,14948,2399.28,05,sthwp,42,1
1949,goal_195,9,exito,14948,2399.14,05,sthwp,42,1
1950,goal_195,10,exito,14949,2399.45,05,sthwp,42,1
1951,goal_196,1,exito,14929,2402.15,05,sthwp,42,1
1952,goal_196,2,exito,14929,2402.17,05,sthwp,42,1
1953,goal_196,3,exito,14929,2402.18,05,sthwp,42,1
1954,goal_196,4,exito,14929,2402.17,05,sthwp,42,1
1955,goal_196,5,exito,14929,2402.12,05,sthwp,42,1
1956,goal_196,6,exito,14929,2402.16,05,sthwp,42,1
1957,goal_196,7,exito,14929,2402.16,05,sthwp,42,1
1958,goal_196,8,exito,14929,2402.13,05,sthwp,42,1
1959,goal_196,9,exito,14929,2402.17,05,sthwp,42,1
1960,goal_196,10,exito,14929,2402.15,05,sthwp,42,1
1961,goal_197,1,exito,14699,2363.27,05,sthwp,42,1
1962,goal_197,2,exito,14702,2363.67,05,sthwp,42,1
1963,goal_197,3,exito,14700,2363.59,05,sthwp,42,1
1964,goal_197,4,exito,14701,2363.47,05,sthwp,42,1
1965,goal_197,5,exito,14702,2363.65,05,sthwp,42,1
1966,goal_197,6,exito,14699,2363.3,05,sthwp,42,1
1967,goal_197,7,exito,14701,2363.48,05,sthwp,42,1
1968,goal_197,8,col_return,8872,1254.62,05,sthwp,42,1
1969,goal_197,9,exito,14691,2363.33,05,sthwp,42,1
1970,goal_197,10,exito,14700,2363.57,05,sthwp,42,1
1971,goal_198,1,exito,14681,2366.16,05,sthwp,42,1
1972,goal_198,2,exito,14681,2366.16,05,sthwp,42,1
1973,goal_198,3,exito,14681,2322.72,05,sthwp,42,1
1974,goal_198,4,col_return,8954,1272.69,05,sthwp,42,1
1975,goal_198,5,exito,14670,2365.84,05,sthwp,42,1
1976,goal_198,6,exito,14681,2366.16,05,sthwp,42,1
1977,goal_198,7,exito,14681,2366.15,05,sthwp,42,1
1978,goal_198,8,exito,14681,2366.17,05,sthwp,42,1
1979,goal_198,9,col_return,8872,1258.96,05,sthwp,42,1
1980,goal_198,10,exito,14669,2365.68,05,sthwp,42,1
1981,goal_199,1,exito,14494,2334.56,05,sthwp,42,1
1982,goal_199,2,exito,14494,2334.53,05,sthwp,42,1
1983,goal_199,3,col_return,8759,1239.9,05,sthwp,42,1
1984,goal_199,4,exito,14483,2334.23,05,sthwp,42,1
1985,goal_199,5,exito,14494,2334.54,05,sthwp,42,1
1986,goal_199,6,exito,14500,2158.27,05,sthwp,42,1
1987,goal_199,7,col_return,8899,1255.66,05,sthwp,42,1
1988,goal_199,8,exito,14483,2334.21,05,sthwp,42,1
1989,goal_199,9,exito,14494,2334.54,05,sthwp,42,1
1990,goal_199,10,col_return,8709,1228.27,05,sthwp,42,1
1991,goal_200,1,exito,14460,2335.64,05,sthwp,42,1
1992,goal_200,2,exito,14471,2335.98,05,sthwp,42,1
1993,goal_200,3,exito,14476,2159.04,05,sthwp,42,1
1994,goal_200,4,col_return,8889,1258.24,05,sthwp,42,1
1995,goal_200,5,exito,14460,2335.62,05,sthwp,42,1
1996,goal_200,6,exito,14471,2335.97,05,sthwp,42,1
1997,goal_200,7,col_return,8728,1232.36,05,sthwp,42,1
1998,goal_200,8,exito,14460,2335.64,05,sthwp,42,1
1999,goal_200,9,exito,14471,2335.97,05,sthwp,42,1
2000,goal_200,10,exito,14502,2078.12,05,sthwp,42,1
2001,goal_201,1,col_return,8791,1243.94,05,sthwp,42,1
2002,goal_201,2,exito,14267,2303.54,05,sthwp,42,1
2003,goal_201,3,col_return,8508,1203.7,05,sthwp,42,1
2004,goal_201,4,exito,14267,2303.51,05,sthwp,42,1
2005,goal_201,5,exito,14279,2289.87,05,sthwp,42,1
2006,goal_201,6,col_return,8733,1235.37,05,sthwp,42,1
2007,goal_201,7,exito,14267,2303.51,05,sthwp,42,1
2008,goal_201,8,col_return,8488,1196.34,05,sthwp,42,1
2009,goal_201,9,exito,14267,2303.57,05,sthwp,42,1
2010,goal_201,10,exito,14279,2298.54,05,sthwp,42,1
2011,goal_202,1,col_return,8691,1231.91,05,sthwp,42,1
2012,goal_202,2,exito,14217,2300.56,05,sthwp,42,1
2013,goal_202,3,col_return,8489,1201.08,05,sthwp,42,1
2014,goal_202,4,exito,14216,2300.39,05,sthwp,42,1
2015,goal_202,5,exito,14233,2100.67,05,sthwp,42,1
2016,goal_202,6,col_return,8768,1242.05,05,sthwp,42,1
2017,goal_202,7,exito,14216,2300.39,05,sthwp,42,1
2018,goal_202,8,col_return,8522,1207.86,05,sthwp,42,1
2019,goal_202,9,exito,14216,2300.38,05,sthwp,42,1
2020,goal_202,10,col_return,8396,1191.64,05,sthwp,42,1
2021,goal_203,1,exito,14067,2277.12,05,sthwp,42,1
2022,goal_203,2,col_return,8348,1178.89,05,sthwp,42,1
2023,goal_203,3,exito,14067,2277.12,05,sthwp,42,1
2024,goal_203,4,col_return,8385,1186.85,05,sthwp,42,1
2025,goal_203,5,exito,14067,2277.12,05,sthwp,42,1
2026,goal_203,6,col_return,8413,1188.33,05,sthwp,42,1
2027,goal_203,7,exito,14067,2277.12,05,sthwp,42,1
2028,goal_203,8,col_return,8422,1189.44,05,sthwp,42,1
2029,goal_203,9,exito,14067,2277.07,05,sthwp,42,1
2030,goal_203,10,col_return,8426,1190.4,05,sthwp,42,1
2031,goal_204,1,exito,14032,2275.91,05,sthwp,42,1
2032,goal_204,2,col_return,8425,1195.98,05,sthwp,42,1
2033,goal_204,3,exito,14032,2275.91,05,sthwp,42,1
2034,goal_204,4,col_return,8448,1198.18,05,sthwp,42,1
2035,goal_204,5,exito,14032,2275.92,05,sthwp,42,1
2036,goal_204,6,col_return,8459,1198.48,05,sthwp,42,1
2037,goal_204,7,exito,14032,2275.91,05,sthwp,42,1
2038,goal_204,8,col_return,8461,1199.67,05,sthwp,42,1
2039,goal_204,9,exito,14032,2275.92,05,sthwp,42,1
2040,goal_204,10,col_return,8465,1199.63,05,sthwp,42,1
2041,goal_205,1,exito,14395,2328.48,05,sthwp,42,1
2042,goal_205,2,exito,14406,2328.84,05,sthwp,42,1
2043,goal_205,3,col_return,8760,1243.34,05,sthwp,42,1
2044,goal_205,4,exito,14394,2328.32,05,sthwp,42,1
2045,goal_205,5,exito,14406,2328.81,05,sthwp,42,1
2046,goal_205,6,col_return,8722,1240.34,05,sthwp,42,1
2047,goal_205,7,exito,14394,2328.31,05,sthwp,42,1
2048,goal_205,8,exito,14406,2328.81,05,sthwp,42,1
2049,goal_205,9,col_return,8708,1238.6,05,sthwp,42,1
2050,goal_205,10,exito,14395,2328.48,05,sthwp,42,1
2051,goal_206,1,exito,14394,2335.85,05,sthwp,42,1
2052,goal_206,2,col_return,8708,1245.83,05,sthwp,42,1
2053,goal_206,3,exito,14383,2331.67,05,sthwp,42,1
2054,goal_206,4,exito,14394,2335.84,05,sthwp,42,1
2055,goal_206,5,col_return,8717,1244.87,05,sthwp,42,1
2056,goal_206,6,exito,14383,2331.77,05,sthwp,42,1
2057,goal_206,7,exito,14394,2335.89,05,sthwp,42,1
2058,goal_206,8,col_return,8719,1243.03,05,sthwp,42,1
2059,goal_206,9,exito,14383,2331.76,05,sthwp,42,1
2060,goal_206,10,exito,14394,2335.88,05,sthwp,42,1
2061,goal_207,1,col_return,8799,1252.24,05,sthwp,42,1
2062,goal_207,2,exito,14545,2354.23,05,sthwp,42,1
2063,goal_207,3,exito,14556,2354.56,05,sthwp,42,1
2064,goal_207,4,exito,14556,2354.56,05,sthwp,42,1
2065,goal_207,5,col_return,8819,1255.93,05,sthwp,42,1
2066,goal_207,6,exito,14545,2354.2,05,sthwp,42,1
2067,goal_207,7,exito,14554,2354.3,05,sthwp,42,1
2068,goal_207,8,exito,14554,2354.25,05,sthwp,42,1
2069,goal_207,9,col_return,8825,1259.05,05,sthwp,42,1
2070,goal_207,10,exito,14542,2353.84,05,sthwp,42,1
2071,goal_208,1,exito,14552,2353.88,05,sthwp,42,1
2072,goal_208,2,exito,14552,2353.89,05,sthwp,42,1
2073,goal_208,3,col_return,8844,1254.77,05,sthwp,42,1
2074,goal_208,4,exito,14543,2348.75,05,sthwp,42,1
2075,goal_208,5,exito,14552,2353.89,05,sthwp,42,1
2076,goal_208,6,exito,14552,2353.88,05,sthwp,42,1
2077,goal_208,7,col_return,8842,1260.17,05,sthwp,42,1
2078,goal_208,8,exito,14541,2348.8,05,sthwp,42,1
2079,goal_208,9,exito,14554,2354.13,05,sthwp,42,1
2080,goal_208,10,exito,14554,2354.1,05,sthwp,42,1
2081,goal_209,1,col_return,8977,1266.62,05,sthwp,42,1
2082,goal_209,2,exito,14776,2386.43,05,sthwp,42,1
2083,goal_209,3,exito,14787,2386.77,05,sthwp,42,1
2084,goal_209,4,exito,14787,2386.79,05,sthwp,42,1
2085,goal_209,5,exito,14787,2386.8,05,sthwp,42,1
2086,goal_209,6,exito,14787,2386.79,05,sthwp,42,1
2087,goal_209,7,exito,14787,2386.78,05,sthwp,42,1
2088,goal_209,8,exito,14787,2381.38,05,sthwp,42,1
2089,goal_209,9,col_return,8971,1277.05,05,sthwp,42,1
2090,goal_209,10,exito,14776,2386.4,05,sthwp,42,1
2091,goal_210,1,exito,14768,2375.72,05,sthwp,42,1
2092,goal_210,2,exito,14768,2377.56,05,sthwp,42,1
2093,goal_210,3,exito,14768,2377.55,05,sthwp,42,1
2094,goal_210,4,exito,14768,2377.55,05,sthwp,42,1
2095,goal_210,5,exito,14768,2377.56,05,sthwp,42,1
2096,goal_210,6,exito,14769,2243.01,05,sthwp,42,1
2097,goal_210,7,col_return,9029,1279.51,05,sthwp,42,1
2098,goal_210,8,exito,14757,2371.18,05,sthwp,42,1
2099,goal_210,9,exito,14768,2376.91,05,sthwp,42,1
2100,goal_210,10,exito,14768,2377.56,05,sthwp,42,1
2101,goal_211,1,exito,15019,2419.9,05,sthwp,42,1
2102,goal_211,2,exito,15019,2419.93,05,sthwp,42,1
2103,goal_211,3,exito,15018,2419.78,05,sthwp,42,1
2104,goal_211,4,exito,15019,2419.89,05,sthwp,42,1
2105,goal_211,5,exito,15019,2419.89,05,sthwp,42,1
2106,goal_211,6,exito,15019,2419.95,05,sthwp,42,1
2107,goal_211,7,exito,15019,2419.94,05,sthwp,42,1
2108,goal_211,8,exito,15018,2419.71,05,sthwp,42,1
2109,goal_211,9,exito,15019,2419.9,05,sthwp,42,1
2110,goal_211,10,exito,15018,2419.77,05,sthwp,42,1
2111,goal_212,1,exito,15013,2412.73,05,sthwp,42,1
2112,goal_212,2,exito,15013,2412.89,05,sthwp,42,1
2113,goal_212,3,exito,15013,2412.89,05,sthwp,42,1
2114,goal_212,4,exito,15013,2412.89,05,sthwp,42,1
2115,goal_212,5,exito,15013,2412.89,05,sthwp,42,1
2116,goal_212,6,exito,15013,2412.9,05,sthwp,42,1
2117,goal_212,7,exito,15013,2412.88,05,sthwp,42,1
2118,goal_212,8,exito,15012,2412.71,05,sthwp,42,1
2119,goal_212,9,exito,15013,2412.72,05,sthwp,42,1
2120,goal_212,10,exito,15013,2412.76,05,sthwp,42,1
2121,goal_213,1,exito,15226,2449.69,05,sthwp,42,1
2122,goal_213,2,exito,15226,2449.7,05,sthwp,42,1
2123,goal_213,3,exito,15226,2449.7,05,sthwp,42,1
2124,goal_213,4,exito,15226,2449.66,05,sthwp,42,1
2125,goal_213,5,exito,15226,2449.39,05,sthwp,42,1
2126,goal_213,6,exito,15226,2445.68,05,sthwp,42,1
2127,goal_213,7,exito,15226,2425.43,05,sthwp,42,1
2128,goal_213,8,col_approach,2399,184.12,05,sthwp,42,1
2129,goal_213,9,exito,15215,2440.33,05,sthwp,42,1
2130,goal_213,10,col_return,10351,1466.57,05,sthwp,42,1
2131,goal_214,1,exito,15213,2442.97,05,sthwp,42,1
2132,goal_214,2,exito,15223,2443.16,05,sthwp,42,1
2133,goal_214,3,exito,15223,2443.11,05,sthwp,42,1
2134,goal_214,4,exito,15223,2441.32,05,sthwp,42,1
2135,goal_214,5,exito,15223,2430.99,05,sthwp,42,1
2136,goal_214,6,col_approach,2840,245.85,05,sthwp,42,1
2137,goal_214,7,exito,15212,2442.79,05,sthwp,42,1
2138,goal_214,8,exito,15223,2442.19,05,sthwp,42,1
2139,goal_214,9,exito,15223,2436.26,05,sthwp,42,1
2140,goal_214,10,exito,15224,2412.38,05,sthwp,42,1
2141,goal_215,1,col_return,10349,1480.44,05,sthwp,42,1
2142,goal_215,2,exito,15462,2485.59,05,sthwp,42,1
2143,goal_215,3,exito,15473,2485.94,05,sthwp,42,1
2144,goal_215,4,exito,15473,2485.94,05,sthwp,42,1
2145,goal_215,5,exito,15473,2481.26,05,sthwp,42,1
2146,goal_215,6,col_approach,2383,181.47,05,sthwp,42,1
2147,goal_215,7,col_return,10531,1508.74,05,sthwp,42,1
2148,goal_215,8,exito,15463,2485.77,05,sthwp,42,1
2149,goal_215,9,exito,15473,2485.95,05,sthwp,42,1
2150,goal_215,10,exito,15473,2485.92,05,sthwp,42,1
2151,goal_216,1,exito,15471,2463.73,05,sthwp,42,1
2152,goal_216,2,exito,15471,2479.53,05,sthwp,42,1
2153,goal_216,3,exito,15471,2454.7,05,sthwp,42,1
2154,goal_216,4,exito,15472,2479.71,05,sthwp,42,1
2155,goal_216,5,exito,15471,2479.5,05,sthwp,42,1
2156,goal_216,6,exito,15471,2479.55,05,sthwp,42,1
2157,goal_216,7,exito,15472,2466.08,05,sthwp,42,1
2158,goal_216,8,col_return,10421,1481.33,05,sthwp,42,1
2159,goal_216,9,exito,15460,2479.22,05,sthwp,42,1
2160,goal_216,10,exito,15471,2478.72,05,sthwp,42,1
2161,goal_217,1,exito,15692,2518.04,05,sthwp,42,1
2162,goal_217,2,exito,15692,2501.54,05,sthwp,42,1
2163,goal_217,3,col_approach,2384,162.87,05,sthwp,42,1
2164,goal_217,4,col_return,10455,1497.09,05,sthwp,42,1
2165,goal_217,5,exito,15681,2517.71,05,sthwp,42,1
2166,goal_217,6,exito,15692,2518.05,05,sthwp,42,1
2167,goal_217,7,exito,15692,2510.01,05,sthwp,42,1
2168,goal_217,8,exito,15692,2443.4,05,sthwp,42,1
2169,goal_217,9,exito,15692,2518.17,05,sthwp,42,1
2170,goal_217,10,exito,15692,2516.68,05,sthwp,42,1
2171,goal_218,1,col_return,10663,1517.86,05,sthwp,42,1
2172,goal_218,2,exito,15679,2511.28,05,sthwp,42,1
2173,goal_218,3,exito,15690,2506.58,05,sthwp,42,1
2174,goal_218,4,exito,15688,2502.25,05,sthwp,42,1
2175,goal_218,5,exito,15690,2511.66,05,sthwp,42,1
2176,goal_218,6,exito,15690,2511.65,05,sthwp,42,1
2177,goal_218,7,exito,15690,2511.65,05,sthwp,42,1
2178,goal_218,8,col_return,10760,1533.91,05,sthwp,42,1
2179,goal_218,9,exito,15679,2511.21,05,sthwp,42,1
2180,goal_218,10,exito,15690,2509.66,05,sthwp,42,1
2181,goal_219,1,exito,15942,2554.96,05,sthwp,42,1
2182,goal_219,2,exito,15942,2519.54,05,sthwp,42,1
2183,goal_219,3,exito,15942,2555.08,05,sthwp,42,1
2184,goal_219,4,col_return,10913,1560.33,05,sthwp,42,1
2185,goal_219,5,exito,15931,2554.74,05,sthwp,42,1
2186,goal_219,6,exito,15942,2555.07,05,sthwp,42,1
2187,goal_219,7,col_approach,2421,187.45,05,sthwp,42,1
2188,goal_219,8,col_return,10802,1544.93,05,sthwp,42,1
2189,goal_219,9,exito,15931,2554.75,05,sthwp,42,1
2190,goal_219,10,exito,15942,2555.07,05,sthwp,42,1
2191,goal_220,1,exito,15940,2548.34,05,sthwp,42,1
2192,goal_220,2,exito,15940,2548.36,05,sthwp,42,1
2193,goal_220,3,col_return,11024,1571.57,05,sthwp,42,1
2194,goal_220,4,exito,15929,2548.0,05,sthwp,42,1
2195,goal_220,5,exito,15938,2532.46,05,sthwp,42,1
2196,goal_220,6,exito,15938,2548.13,05,sthwp,42,1
2197,goal_220,7,exito,15938,2548.13,05,sthwp,42,1
2198,goal_220,8,exito,15940,2537.24,05,sthwp,42,1
2199,goal_220,9,col_return,10665,1519.02,05,sthwp,42,1
2200,goal_220,10,exito,15929,2547.96,05,sthwp,42,1
2201,goal_221,1,exito,16189,2591.31,05,sthwp,42,1
2202,goal_221,2,col_approach,2399,155.38,05,sthwp,42,1
2203,goal_221,3,col_return,10691,1530.63,05,sthwp,42,1
2204,goal_221,4,exito,16177,2590.79,05,sthwp,42,1
2205,goal_221,5,exito,16189,2579.17,05,sthwp,42,1
2206,goal_221,6,exito,16189,2591.31,05,sthwp,42,1
2207,goal_221,7,col_return,11068,1586.76,05,sthwp,42,1
2208,goal_221,8,exito,16178,2590.97,05,sthwp,42,1
2209,goal_221,9,exito,16189,2591.31,05,sthwp,42,1
2210,goal_221,10,exito,16189,2568.65,05,sthwp,42,1
2211,goal_222,1,col_return,11277,1596.24,05,sthwp,42,1
2212,goal_222,2,exito,16177,2584.33,05,sthwp,42,1
2213,goal_222,3,col_approach,2797,237.64,05,sthwp,42,1
2214,goal_222,4,col_return,11129,1586.86,05,sthwp,42,1
2215,goal_222,5,exito,16177,2584.35,05,sthwp,42,1
2216,goal_222,6,exito,16188,2552.36,05,sthwp,42,1
2217,goal_222,7,col_approach,2770,220.06,05,sthwp,42,1
2218,goal_222,8,col_return,10489,1495.55,05,sthwp,42,1
2219,goal_222,9,exito,16176,2580.63,05,sthwp,42,1
2220,goal_222,10,exito,16188,2584.69,05,sthwp,42,1
2221,goal_223,1,exito,16390,2617.13,05,sthwp,42,1
2222,goal_223,2,col_return,10972,1570.1,05,sthwp,42,1
2223,goal_223,3,exito,16379,2619.74,05,sthwp,42,1
2224,goal_223,4,exito,16390,2593.0,05,sthwp,42,1
2225,goal_223,5,exito,16390,2611.33,05,sthwp,42,1
2226,goal_223,6,col_return,10902,1561.07,05,sthwp,42,1
2227,goal_223,7,exito,16379,2619.75,05,sthwp,42,1
2228,goal_223,8,exito,16390,2577.17,05,sthwp,42,1
2229,goal_223,9,exito,16390,2606.05,05,sthwp,42,1
2230,goal_223,10,col_return,10878,1554.1,05,sthwp,42,1
2231,goal_224,1,exito,16393,2615.51,05,sthwp,42,1
2232,goal_224,2,exito,16404,2616.58,05,sthwp,42,1
2233,goal_224,3,exito,16404,2592.4,05,sthwp,42,1
2234,goal_224,4,col_return,10845,1542.8,05,sthwp,42,1
2235,goal_224,5,exito,16393,2614.95,05,sthwp,42,1
2236,goal_224,6,exito,16404,2616.58,05,sthwp,42,1
2237,goal_224,7,exito,16404,2584.3,05,sthwp,42,1
2238,goal_224,8,col_return,10815,1541.0,05,sthwp,42,1
2239,goal_224,9,exito,16393,2614.66,05,sthwp,42,1
2240,goal_224,10,exito,16406,2616.92,05,sthwp,42,1
2241,goal_225,1,col_return,11618,1662.02,05,sthwp,42,1
2242,goal_225,2,exito,16609,2652.55,05,sthwp,42,1
2243,goal_225,3,exito,16620,2647.19,05,sthwp,42,1
2244,goal_225,4,col_return,11694,1671.89,05,sthwp,42,1
2245,goal_225,5,exito,16609,2652.54,05,sthwp,42,1
2246,goal_225,6,exito,16620,2649.73,05,sthwp,42,1
2247,goal_225,7,exito,16620,2618.31,05,sthwp,42,1
2248,goal_225,8,col_return,10911,1561.62,05,sthwp,42,1
2249,goal_225,9,exito,16608,2652.48,05,sthwp,42,1
2250,goal_225,10,exito,16620,2592.43,05,sthwp,42,1
2251,goal_226,1,col_return,11362,1621.05,05,sthwp,42,1
2252,goal_226,2,exito,16642,2652.77,05,sthwp,42,1
2253,goal_226,3,exito,16653,2653.13,05,sthwp,42,1
2254,goal_226,4,col_return,11531,1646.67,05,sthwp,42,1
2255,goal_226,5,exito,16641,2652.72,05,sthwp,42,1
2256,goal_226,6,exito,16655,2653.46,05,sthwp,42,1
2257,goal_226,7,col_return,11621,1657.31,05,sthwp,42,1
2258,goal_226,8,exito,16642,2652.75,05,sthwp,42,1
2259,goal_226,9,exito,16654,2652.61,05,sthwp,42,1
2260,goal_226,10,col_return,11654,1665.54,05,sthwp,42,1
2261,goal_227,1,exito,16809,2681.33,05,sthwp,42,1
2262,goal_227,2,exito,16820,2660.27,05,sthwp,42,1
2263,goal_227,3,col_return,11601,1658.89,05,sthwp,42,1
2264,goal_227,4,exito,16809,2681.47,05,sthwp,42,1
2265,goal_227,5,col_approach,2334,172.14,05,sthwp,42,1
2266,goal_227,6,col_return,11221,1604.0,05,sthwp,42,1
2267,goal_227,7,exito,16809,2681.45,05,sthwp,42,1
2268,goal_227,8,col_approach,2319,151.52,05,sthwp,42,1
2269,goal_227,9,col_return,11037,1580.92,05,sthwp,42,1
2270,goal_227,10,exito,16809,2681.47,05,sthwp,42,1
2271,goal_228,1,exito,16871,2673.27,05,sthwp,42,1
2272,goal_228,2,col_return,11216,1598.78,05,sthwp,42,1
2273,goal_228,3,exito,16860,2681.75,05,sthwp,42,1
2274,goal_228,4,exito,16871,2659.91,05,sthwp,42,1
2275,goal_228,5,col_return,11234,1603.9,05,sthwp,42,1
2276,goal_228,6,exito,16860,2682.52,05,sthwp,42,1
2277,goal_228,7,exito,16873,2641.07,05,sthwp,42,1
2278,goal_228,8,col_return,11251,1606.46,05,sthwp,42,1
2279,goal_228,9,exito,16860,2682.83,05,sthwp,42,1
2280,goal_228,10,exito,16872,2630.46,05,sthwp,42,1
2281,goal_229,1,col_return,11064,1569.81,05,sthwp,42,1
2282,goal_229,2,exito,16461,2621.62,05,sthwp,42,1
2283,goal_229,3,exito,16469,2621.61,05,sthwp,42,1
2284,goal_229,4,exito,16469,2581.9,05,sthwp,42,1
2285,goal_229,5,col_return,10829,1537.15,05,sthwp,42,1
2286,goal_229,6,exito,16460,2621.46,05,sthwp,42,1
2287,goal_229,7,exito,16469,2621.57,05,sthwp,42,1
2288,goal_229,8,col_return,11449,1627.78,05,sthwp,42,1
2289,goal_229,9,exito,16461,2621.67,05,sthwp,42,1
2290,goal_229,10,exito,16471,2622.04,05,sthwp,42,1
2291,goal_230,1,exito,16516,2629.37,05,sthwp,42,1
2292,goal_230,2,col_return,11015,1571.86,05,sthwp,42,1
2293,goal_230,3,exito,16505,2633.13,05,sthwp,42,1
2294,goal_230,4,exito,16516,2633.48,05,sthwp,42,1
2295,goal_230,5,col_return,11502,1640.97,05,sthwp,42,1
2296,goal_230,6,exito,16504,2632.95,05,sthwp,42,1
2297,goal_230,7,exito,16515,2633.28,05,sthwp,42,1
2298,goal_230,8,exito,16515,2625.51,05,sthwp,42,1
2299,goal_230,9,col_return,10979,1564.74,05,sthwp,42,1
2300,goal_230,10,exito,16504,2632.96,05,sthwp,42,1
2301,goal_231,1,exito,16344,2603.02,05,sthwp,42,1
2302,goal_231,2,exito,16347,2577.35,05,sthwp,42,1
2303,goal_231,3,col_return,10806,1533.36,05,sthwp,42,1
2304,goal_231,4,exito,16335,2602.93,05,sthwp,42,1
2305,goal_231,5,exito,16345,2603.01,05,sthwp,42,1
2306,goal_231,6,exito,16344,2594.53,05,sthwp,42,1
2307,goal_231,7,col_return,10881,1547.65,05,sthwp,42,1
2308,goal_231,8,exito,16334,2602.69,05,sthwp,42,1
2309,goal_231,9,exito,16344,2603.02,05,sthwp,42,1
2310,goal_231,10,exito,16347,2599.28,05,sthwp,42,1
2311,goal_232,1,col_return,10967,1564.0,05,sthwp,42,1
2312,goal_232,2,exito,16403,2618.92,05,sthwp,42,1
2313,goal_232,3,exito,16415,2619.41,05,sthwp,42,1
2314,goal_232,4,exito,16413,2600.67,05,sthwp,42,1
2315,goal_232,5,col_return,10869,1548.46,05,sthwp,42,1
2316,goal_232,6,exito,16403,2619.18,05,sthwp,42,1
2317,goal_232,7,exito,16413,2619.37,05,sthwp,42,1
2318,goal_232,8,exito,16414,2585.69,05,sthwp,42,1
2319,goal_232,9,col_return,10817,1540.87,05,sthwp,42,1
2320,goal_232,10,exito,16403,2619.17,05,sthwp,42,1
2321,goal_233,1,exito,16092,2565.81,05,sthwp,42,1
2322,goal_233,2,exito,16093,2565.95,05,sthwp,42,1
2323,goal_233,3,col_return,10945,1556.59,05,sthwp,42,1
2324,goal_233,4,exito,16082,2565.49,05,sthwp,42,1
2325,goal_233,5,exito,16093,2565.81,05,sthwp,42,1
2326,goal_233,6,exito,16093,2565.96,05,sthwp,42,1
2327,goal_233,7,exito,16092,2560.74,05,sthwp,42,1
2328,goal_233,8,col_return,10799,1531.36,05,sthwp,42,1
2329,goal_233,9,exito,16082,2565.48,05,sthwp,42,1
2330,goal_233,10,exito,16093,2565.82,05,sthwp,42,1
2331,goal_234,1,exito,16159,2582.36,05,sthwp,42,1
2332,goal_234,2,exito,16157,2545.59,05,sthwp,42,1
2333,goal_234,3,col_return,10683,1521.18,05,sthwp,42,1
2334,goal_234,4,exito,16148,2582.06,05,sthwp,42,1
2335,goal_234,5,exito,16156,2582.03,05,sthwp,42,1
2336,goal_234,6,exito,16159,2582.38,05,sthwp,42,1
2337,goal_234,7,col_return,11109,1583.8,05,sthwp,42,1
2338,goal_234,8,exito,16147,2581.88,05,sthwp,42,1
2339,goal_234,9,exito,16158,2582.21,05,sthwp,42,1
2340,goal_234,10,exito,16159,2582.36,05,sthwp,42,1
2341,goal_235,1,exito,15843,2527.97,05,sthwp,42,1
2342,goal_235,2,col_return,10733,1525.63,05,sthwp,42,1
2343,goal_235,3,exito,15832,2528.94,05,sthwp,42,1
2344,goal_235,4,exito,15843,2529.55,05,sthwp,42,1
2345,goal_235,5,exito,15843,2529.59,05,sthwp,42,1
2346,goal_235,6,exito,15843,2529.54,05,sthwp,42,1
2347,goal_235,7,exito,15843,2528.68,05,sthwp,42,1
2348,goal_235,8,col_return,10761,1529.9,05,sthwp,42,1
2349,goal_235,9,exito,15832,2528.94,05,sthwp,42,1
2350,goal_235,10,exito,15843,2529.27,05,sthwp,42,1
2351,goal_236,1,exito,15907,2545.44,05,sthwp,42,1
2352,goal_236,2,exito,15907,2545.45,05,sthwp,42,1
2353,goal_236,3,exito,15907,2541.4,05,sthwp,42,1
2354,goal_236,4,col_return,10719,1527.05,05,sthwp,42,1
2355,goal_236,5,exito,15896,2545.11,05,sthwp,42,1
2356,goal_236,6,exito,15907,2545.44,05,sthwp,42,1
2357,goal_236,7,exito,15907,2545.45,05,sthwp,42,1
2358,goal_236,8,exito,15907,2545.44,05,sthwp,42,1
2359,goal_236,9,exito,15907,2520.99,05,sthwp,42,1
2360,goal_236,10,col_return,10586,1510.77,05,sthwp,42,1
2361,goal_237,1,exito,15612,2496.87,05,sthwp,42,1
2362,goal_237,2,exito,15623,2497.19,05,sthwp,42,1
2363,goal_237,3,exito,15623,2497.2,05,sthwp,42,1
2364,goal_237,4,exito,15623,2497.2,05,sthwp,42,1
2365,goal_237,5,exito,15623,2497.21,05,sthwp,42,1
2366,goal_237,6,exito,15623,2497.2,05,sthwp,42,1
2367,goal_237,7,exito,15623,2480.06,05,sthwp,42,1
2368,goal_237,8,col_return,10478,1486.27,05,sthwp,42,1
2369,goal_237,9,exito,15612,2496.87,05,sthwp,42,1
2370,goal_237,10,exito,15623,2497.19,05,sthwp,42,1
2371,goal_238,1,exito,15689,2513.68,05,sthwp,42,1
2372,goal_238,2,exito,15688,2513.47,05,sthwp,42,1
2373,goal_238,3,exito,15689,2513.68,05,sthwp,42,1
2374,goal_238,4,exito,15688,2513.54,05,sthwp,42,1
2375,goal_238,5,col_return,10797,1526.45,05,sthwp,42,1
2376,goal_238,6,exito,15677,2513.19,05,sthwp,42,1
2377,goal_238,7,exito,15689,2513.67,05,sthwp,42,1
2378,goal_238,8,exito,15689,2513.71,05,sthwp,42,1
2379,goal_238,9,exito,15689,2513.7,05,sthwp,42,1
2380,goal_238,10,exito,15689,2513.71,05,sthwp,42,1
2381,goal_239,1,exito,15373,2460.69,05,sthwp,42,1
2382,goal_239,2,exito,15373,2460.66,05,sthwp,42,1
2383,goal_239,3,exito,15373,2455.71,05,sthwp,42,1
2384,goal_239,4,col_return,10439,1479.01,05,sthwp,42,1
2385,goal_239,5,exito,15365,2460.74,05,sthwp,42,1
2386,goal_239,6,exito,15373,2460.69,05,sthwp,42,1
2387,goal_239,7,exito,15373,2460.66,05,sthwp,42,1
2388,goal_239,8,exito,15373,2460.66,05,sthwp,42,1
2389,goal_239,9,exito,15373,2460.66,05,sthwp,42,1
2390,goal_239,10,exito,15373,2460.67,05,sthwp,42,1
2391,goal_240,1,exito,15438,2476.88,05,sthwp,42,1
2392,goal_240,2,exito,15438,2476.87,05,sthwp,42,1
2393,goal_240,3,exito,15439,2477.05,05,sthwp,42,1
2394,goal_240,4,exito,15438,2476.92,05,sthwp,42,1
2395,goal_240,5,exito,15439,2475.42,05,sthwp,42,1
2396,goal_240,6,col_return,10557,1493.45,05,sthwp,42,1
2397,goal_240,7,exito,15428,2476.71,05,sthwp,42,1
2398,goal_240,8,exito,15438,2476.91,05,sthwp,42,1
2399,goal_240,9,exito,15438,2476.89,05,sthwp,42,1
2400,goal_240,10,exito,15438,2476.88,05,sthwp,42,1
2401,goal_241,1,exito,15155,2428.73,05,sthwp,42,1
2402,goal_241,2,exito,15155,2428.7,05,sthwp,42,1
2403,goal_241,3,exito,15155,2428.7,05,sthwp,42,1
2404,goal_241,4,exito,15155,2428.7,05,sthwp,42,1
2405,goal_241,5,exito,15155,2428.72,05,sthwp,42,1
2406,goal_241,6,exito,15155,2428.71,05,sthwp,42,1
2407,goal_241,7,exito,15155,2428.74,05,sthwp,42,1
2408,goal_241,8,exito,15155,2428.7,05,sthwp,42,1
2409,goal_241,9,exito,15155,2428.71,05,sthwp,42,1
2410,goal_241,10,exito,15155,2428.7,05,sthwp,42,1
2411,goal_242,1,exito,15219,2444.67,05,sthwp,42,1
2412,goal_242,2,exito,15219,2444.67,05,sthwp,42,1
2413,goal_242,3,exito,15219,2444.67,05,sthwp,42,1
2414,goal_242,4,exito,15219,2444.68,05,sthwp,42,1
2415,goal_242,5,exito,15219,2443.53,05,sthwp,42,1
2416,goal_242,6,exito,15219,2436.94,05,sthwp,42,1
2417,goal_242,7,exito,15219,2411.84,05,sthwp,42,1
2418,goal_242,8,col_return,10225,1453.92,05,sthwp,42,1
2419,goal_242,9,exito,15208,2444.34,05,sthwp,42,1
2420,goal_242,10,exito,15219,2444.66,05,sthwp,42,1
2421,goal_243,1,exito,14905,2392.37,05,sthwp,42,1
2422,goal_243,2,exito,14905,2392.36,05,sthwp,42,1
2423,goal_243,3,exito,14905,2392.37,05,sthwp,42,1
2424,goal_243,4,exito,14905,2392.36,05,sthwp,42,1
2425,goal_243,5,exito,14905,2392.35,05,sthwp,42,1
2426,goal_243,6,exito,14905,2392.36,05,sthwp,42,1
2427,goal_243,7,exito,14905,2392.35,05,sthwp,42,1
2428,goal_243,8,exito,14905,2392.35,05,sthwp,42,1
2429,goal_243,9,exito,14905,2392.36,05,sthwp,42,1
2430,goal_243,10,exito,14905,2392.36,05,sthwp,42,1
2431,goal_244,1,exito,14971,2408.45,05,sthwp,42,1
2432,goal_244,2,exito,14971,2408.48,05,sthwp,42,1
2433,goal_244,3,exito,14970,2408.3,05,sthwp,42,1
2434,goal_244,4,exito,14971,2408.45,05,sthwp,42,1
2435,goal_244,5,exito,14970,2403.58,05,sthwp,42,1
2436,goal_244,6,exito,14971,2398.57,05,sthwp,42,1
2437,goal_244,7,exito,14971,2389.29,05,sthwp,42,1
2438,goal_244,8,exito,14971,2371.71,05,sthwp,42,1
2439,goal_244,9,exito,14971,2338.29,05,sthwp,42,1
2440,goal_244,10,exito,14973,2274.99,05,sthwp,42,1
2441,goal_245,1,col_return,8980,1262.99,05,sthwp,42,1
2442,goal_245,2,exito,14650,2357.4,05,sthwp,42,1
2443,goal_245,3,exito,14661,2357.72,05,sthwp,42,1
2444,goal_245,4,exito,14661,2357.72,05,sthwp,42,1
2445,goal_245,5,exito,14662,2349.92,05,sthwp,42,1
2446,goal_245,6,col_return,8916,1258.1,05,sthwp,42,1
2447,goal_245,7,exito,14650,2357.4,05,sthwp,42,1
2448,goal_245,8,exito,14661,2357.7,05,sthwp,42,1
2449,goal_245,9,exito,14661,2357.71,05,sthwp,42,1
2450,goal_245,10,exito,14662,2357.87,05,sthwp,42,1
2451,goal_246,1,col_return,8913,1266.33,05,sthwp,42,1
2452,goal_246,2,exito,14711,2371.87,05,sthwp,42,1
2453,goal_246,3,exito,14722,2372.17,05,sthwp,42,1
2454,goal_246,4,exito,14722,2372.18,05,sthwp,42,1
2455,goal_246,5,exito,14722,2372.17,05,sthwp,42,1
2456,goal_246,6,exito,14722,2372.18,05,sthwp,42,1
2457,goal_246,7,col_return,8907,1263.94,05,sthwp,42,1
2458,goal_246,8,exito,14711,2371.85,05,sthwp,42,1
2459,goal_246,9,exito,14722,2372.18,05,sthwp,42,1
2460,goal_246,10,exito,14722,2372.17,05,sthwp,42,1
2461,goal_247,1,exito,14467,2330.35,05,sthwp,42,1
2462,goal_247,2,col_return,8768,1235.94,05,sthwp,42,1
2463,goal_247,3,exito,14456,2330.05,05,sthwp,42,1
2464,goal_247,4,exito,14468,2330.54,05,sthwp,42,1
2465,goal_247,5,col_return,8662,1224.49,05,sthwp,42,1
2466,goal_247,6,exito,14456,2330.12,05,sthwp,42,1
2467,goal_247,7,exito,14467,2330.33,05,sthwp,42,1
2468,goal_247,8,exito,14477,2120.84,05,sthwp,42,1
2469,goal_247,9,col_return,8885,1254.6,05,sthwp,42,1
2470,goal_247,10,exito,14457,2330.23,05,sthwp,42,1
2471,goal_248,1,exito,14513,2341.91,05,sthwp,42,1
2472,goal_248,2,col_return,8723,1237.98,05,sthwp,42,1
2473,goal_248,3,exito,14502,2341.56,05,sthwp,42,1
2474,goal_248,4,exito,14513,2341.88,05,sthwp,42,1
2475,goal_248,5,exito,14514,2329.81,05,sthwp,42,1
2476,goal_248,6,col_return,8853,1253.86,05,sthwp,42,1
2477,goal_248,7,exito,14502,2341.56,05,sthwp,42,1
2478,goal_248,8,exito,14513,2341.89,05,sthwp,42,1
2479,goal_248,9,exito,14515,2170.77,05,sthwp,42,1
2480,goal_248,10,col_return,8903,1264.24,05,sthwp,42,1
2481,goal_249,1,exito,14233,2298.56,05,sthwp,42,1
2482,goal_249,2,col_return,8456,1191.8,05,sthwp,42,1
2483,goal_249,3,exito,14233,2298.58,05,sthwp,42,1
2484,goal_249,4,exito,14245,2269.07,05,sthwp,42,1
2485,goal_249,5,col_return,8728,1236.14,05,sthwp,42,1
2486,goal_249,6,exito,14233,2298.57,05,sthwp,42,1
2487,goal_249,7,col_return,8506,1199.33,05,sthwp,42,1
2488,goal_249,8,exito,14233,2298.58,05,sthwp,42,1
2489,goal_249,9,exito,14244,2204.15,05,sthwp,42,1
2490,goal_249,10,col_return,8763,1237.4,05,sthwp,42,1
2491,goal_250,1,exito,14256,2306.25,05,sthwp,42,1
2492,goal_250,2,col_return,8513,1205.41,05,sthwp,42,1
2493,goal_250,3,exito,14257,2306.42,05,sthwp,42,1
2494,goal_250,4,exito,14265,2281.96,05,sthwp,42,1
2495,goal_250,5,col_return,8740,1239.65,05,sthwp,42,1
2496,goal_250,6,exito,14257,2306.41,05,sthwp,42,1
2497,goal_250,7,col_return,8490,1203.48,05,sthwp,42,1
2498,goal_250,8,exito,14254,2306.06,05,sthwp,42,1
2499,goal_250,9,exito,14265,2287.49,05,sthwp,42,1
2500,goal_250,10,col_return,8738,1238.29,05,sthwp,42,1
2501,goal_251,1,exito,14040,2275.73,05,sthwp,42,1
2502,goal_251,2,col_return,8485,1204.16,05,sthwp,42,1
2503,goal_251,3,exito,14038,2275.28,05,sthwp,42,1
2504,goal_251,4,col_return,8473,1202.34,05,sthwp,42,1
2505,goal_251,5,exito,14038,2275.3,05,sthwp,42,1
2506,goal_251,6,col_return,8471,1199.78,05,sthwp,42,1
2507,goal_251,7,exito,14038,2275.3,05,sthwp,42,1
2508,goal_251,8,col_return,8466,1198.54,05,sthwp,42,1
2509,goal_251,9,exito,14038,2275.29,05,sthwp,42,1
2510,goal_251,10,col_return,8459,1199.92,05,sthwp,42,1
2511,goal_252,1,exito,14060,2279.28,05,sthwp,42,1
2512,goal_252,2,col_return,8465,1196.12,05,sthwp,42,1
2513,goal_252,3,exito,14060,2279.26,05,sthwp,42,1
2514,goal_252,4,col_return,8450,1197.91,05,sthwp,42,1
2515,goal_252,5,exito,14060,2279.27,05,sthwp,42,1
2516,goal_252,6,col_return,8440,1197.91,05,sthwp,42,1
2517,goal_252,7,exito,14060,2279.27,05,sthwp,42,1
2518,goal_252,8,col_return,8438,1197.95,05,sthwp,42,1
2519,goal_252,9,exito,14059,2279.2,05,sthwp,42,1
2520,goal_252,10,col_return,8436,1198.55,05,sthwp,42,1
2521,goal_253,1,exito,14360,2320.65,05,sthwp,42,1
2522,goal_253,2,exito,14371,2323.24,05,sthwp,42,1
2523,goal_253,3,col_return,8758,1242.31,05,sthwp,42,1
2524,goal_253,4,exito,14360,2320.89,05,sthwp,42,1
2525,goal_253,5,exito,14371,2318.72,05,sthwp,42,1
2526,goal_253,6,col_return,8764,1239.47,05,sthwp,42,1
2527,goal_253,7,exito,14360,2320.86,05,sthwp,42,1
2528,goal_253,8,exito,14371,2318.41,05,sthwp,42,1
2529,goal_253,9,col_return,8755,1245.34,05,sthwp,42,1
2530,goal_253,10,exito,14360,2321.06,05,sthwp,42,1
2531,goal_254,1,exito,14311,2293.91,05,sthwp,42,1
2532,goal_254,2,col_return,8766,1251.28,05,sthwp,42,1
2533,goal_254,3,exito,14300,2319.63,05,sthwp,42,1
2534,goal_254,4,col_return,8478,1210.67,05,sthwp,42,1
2535,goal_254,5,exito,14300,2308.47,05,sthwp,42,1
2536,goal_254,6,exito,14311,2320.97,05,sthwp,42,1
2537,goal_254,7,col_return,8680,1241.18,05,sthwp,42,1
2538,goal_254,8,exito,14300,2318.51,05,sthwp,42,1
2539,goal_254,9,exito,14311,2243.01,05,sthwp,42,1
2540,goal_254,10,col_return,8784,1255.41,05,sthwp,42,1
2541,goal_255,1,exito,14512,2342.17,05,sthwp,42,1
2542,goal_255,2,exito,14525,2343.26,05,sthwp,42,1
2543,goal_255,3,col_return,8735,1236.89,05,sthwp,42,1
2544,goal_255,4,exito,14514,2333.6,05,sthwp,42,1
2545,goal_255,5,exito,14525,2343.28,05,sthwp,42,1
2546,goal_255,6,exito,14525,2343.27,05,sthwp,42,1
2547,goal_255,7,col_return,8835,1251.2,05,sthwp,42,1
2548,goal_255,8,exito,14514,2338.79,05,sthwp,42,1
2549,goal_255,9,exito,14525,2343.29,05,sthwp,42,1
2550,goal_255,10,exito,14525,2303.94,05,sthwp,42,1
2551,goal_256,1,col_return,8859,1260.65,05,sthwp,42,1
2552,goal_256,2,exito,14469,2338.57,05,sthwp,42,1
2553,goal_256,3,exito,14480,2341.09,05,sthwp,42,1
2554,goal_256,4,col_return,8709,1232.04,05,sthwp,42,1
2555,goal_256,5,exito,14469,2332.09,05,sthwp,42,1
2556,goal_256,6,exito,14480,2341.1,05,sthwp,42,1
2557,goal_256,7,exito,14480,2226.61,05,sthwp,42,1
2558,goal_256,8,col_return,8884,1262.78,05,sthwp,42,1
2559,goal_256,9,exito,14469,2338.99,05,sthwp,42,1
2560,goal_256,10,exito,14480,2341.09,05,sthwp,42,1
2561,goal_257,1,exito,14753,2365.15,05,sthwp,42,1
2562,goal_257,2,col_return,8977,1273.87,05,sthwp,42,1
2563,goal_257,3,exito,14742,2370.45,05,sthwp,42,1
2564,goal_257,4,exito,14753,2378.61,05,sthwp,42,1
2565,goal_257,5,exito,14753,2379.55,05,sthwp,42,1
2566,goal_257,6,exito,14753,2379.51,05,sthwp,42,1
2567,goal_257,7,exito,14753,2379.5,05,sthwp,42,1
2568,goal_257,8,exito,14753,2361.79,05,sthwp,42,1
2569,goal_257,9,col_return,8972,1277.91,05,sthwp,42,1
2570,goal_257,10,exito,14742,2371.42,05,sthwp,42,1
2571,goal_258,1,exito,14707,2366.74,05,sthwp,42,1
2572,goal_258,2,exito,14707,2367.49,05,sthwp,42,1
2573,goal_258,3,exito,14707,2367.44,05,sthwp,42,1
2574,goal_258,4,exito,14707,2362.0,05,sthwp,42,1
2575,goal_258,5,col_return,8931,1262.73,05,sthwp,42,1
2576,goal_258,6,exito,14696,2358.97,05,sthwp,42,1
2577,goal_258,7,exito,14707,2367.02,05,sthwp,42,1
2578,goal_258,8,exito,14707,2367.47,05,sthwp,42,1
2579,goal_258,9,exito,14707,2367.44,05,sthwp,42,1
2580,goal_258,10,exito,14708,2353.52,05,sthwp,42,1
2581,goal_259,1,exito,14982,2391.36,05,sthwp,42,1
2582,goal_259,2,exito,14982,2381.31,05,sthwp,42,1
2583,goal_259,3,exito,14982,2366.38,05,sthwp,42,1
2584,goal_259,4,exito,14982,2344.4,05,sthwp,42,1
2585,goal_259,5,exito,14983,2312.27,05,sthwp,42,1
2586,goal_259,6,exito,14984,2259.85,05,sthwp,42,1
2587,goal_259,7,exito,14984,2209.96,05,sthwp,42,1
2588,goal_259,8,exito,14996,2164.59,05,sthwp,42,1
2589,goal_259,9,exito,15004,2164.67,05,sthwp,42,1
2590,goal_259,10,exito,14990,2169.01,05,sthwp,42,1
2591,goal_260,1,col_return,9131,1290.37,05,sthwp,42,1
2592,goal_260,2,exito,14934,2389.68,05,sthwp,42,1
2593,goal_260,3,exito,14946,2394.04,05,sthwp,42,1
2594,goal_260,4,exito,14946,2396.68,05,sthwp,42,1
2595,goal_260,5,exito,14946,2398.43,05,sthwp,42,1
2596,goal_260,6,exito,14946,2399.6,05,sthwp,42,1
2597,goal_260,7,exito,14946,2400.37,05,sthwp,42,1
2598,goal_260,8,exito,14946,2400.89,05,sthwp,42,1
2599,goal_260,9,exito,14946,2401.45,05,sthwp,42,1
2600,goal_260,10,exito,14946,2401.44,05,sthwp,42,1
2601,goal_261,1,exito,15187,2441.65,05,sthwp,42,1
2602,goal_261,2,exito,15188,2441.01,05,sthwp,42,1
2603,goal_261,3,exito,15187,2436.65,05,sthwp,42,1
2604,goal_261,4,exito,15187,2419.44,05,sthwp,42,1
2605,goal_261,5,col_approach,2821,237.85,05,sthwp,42,1
2606,goal_261,6,exito,15178,2441.5,05,sthwp,42,1
2607,goal_261,7,exito,15187,2441.15,05,sthwp,42,1
2608,goal_261,8,exito,15187,2438.16,05,sthwp,42,1
2609,goal_261,9,exito,15187,2426.81,05,sthwp,42,1
2610,goal_261,10,col_return,10286,1457.91,05,sthwp,42,1
2611,goal_262,1,exito,15152,2432.48,05,sthwp,42,1
2612,goal_262,2,exito,15163,2432.84,05,sthwp,42,1
2613,goal_262,3,exito,15163,2432.83,05,sthwp,42,1
2614,goal_262,4,exito,15163,2432.84,05,sthwp,42,1
2615,goal_262,5,exito,15163,2431.26,05,sthwp,42,1
2616,goal_262,6,exito,15163,2426.03,05,sthwp,42,1
2617,goal_262,7,exito,15163,2408.39,05,sthwp,42,1
2618,goal_262,8,col_approach,2818,244.67,05,sthwp,42,1
2619,goal_262,9,exito,15152,2432.49,05,sthwp,42,1
2620,goal_262,10,exito,15163,2432.83,05,sthwp,42,1
2621,goal_263,1,exito,15433,2463.32,05,sthwp,42,1
2622,goal_263,2,col_return,10390,1484.72,05,sthwp,42,1
2623,goal_263,3,exito,15422,2477.27,05,sthwp,42,1
2624,goal_263,4,exito,15433,2477.32,05,sthwp,42,1
2625,goal_263,5,exito,15433,2456.22,05,sthwp,42,1
2626,goal_263,6,exito,15433,2461.06,05,sthwp,42,1
2627,goal_263,7,exito,15433,2477.65,05,sthwp,42,1
2628,goal_263,8,exito,15433,2473.15,05,sthwp,42,1
2629,goal_263,9,exito,15433,2475.19,05,sthwp,42,1
2630,goal_263,10,exito,15433,2477.65,05,sthwp,42,1
2631,goal_264,1,exito,15410,2469.2,05,sthwp,42,1
2632,goal_264,2,exito,15410,2468.28,05,sthwp,42,1
2633,goal_264,3,exito,15410,2444.37,05,sthwp,42,1
2634,goal_264,4,col_return,10345,1468.81,05,sthwp,42,1
2635,goal_264,5,exito,15399,2468.8,05,sthwp,42,1
2636,goal_264,6,exito,15410,2468.73,05,sthwp,42,1
2637,goal_264,7,exito,15410,2448.67,05,sthwp,42,1
2638,goal_264,8,exito,15410,2448.46,05,sthwp,42,1
2639,goal_264,9,exito,15410,2468.75,05,sthwp,42,1
2640,goal_264,10,exito,15410,2469.16,05,sthwp,42,1
2641,goal_265,1,exito,15652,2489.07,05,sthwp,42,1
2642,goal_265,2,exito,15650,2509.51,05,sthwp,42,1
2643,goal_265,3,exito,15652,2505.51,05,sthwp,42,1
2644,goal_265,4,col_return,10586,1509.73,05,sthwp,42,1
2645,goal_265,5,exito,15641,2509.47,05,sthwp,42,1
2646,goal_265,6,exito,15650,2504.25,05,sthwp,42,1
2647,goal_265,7,exito,15652,2497.78,05,sthwp,42,1
2648,goal_265,8,exito,15652,2509.83,05,sthwp,42,1
2649,goal_265,9,exito,15652,2509.79,05,sthwp,42,1
2650,goal_265,10,exito,15652,2509.81,05,sthwp,42,1
2651,goal_266,1,exito,15628,2490.17,05,sthwp,42,1
2652,goal_266,2,col_return,10515,1493.58,05,sthwp,42,1
2653,goal_266,3,exito,15618,2501.09,05,sthwp,42,1
2654,goal_266,4,exito,15626,2494.36,05,sthwp,42,1
2655,goal_266,5,exito,15629,2489.62,05,sthwp,42,1
2656,goal_266,6,exito,15628,2501.29,05,sthwp,42,1
2657,goal_266,7,exito,15629,2499.1,05,sthwp,42,1
2658,goal_266,8,exito,15626,2501.01,05,sthwp,42,1
2659,goal_266,9,exito,15626,2495.64,05,sthwp,42,1
2660,goal_266,10,col_return,10562,1499.1,05,sthwp,42,1
2661,goal_267,1,exito,15889,2545.89,05,sthwp,42,1
2662,goal_267,2,exito,15901,2510.23,05,sthwp,42,1
2663,goal_267,3,exito,15900,2546.25,05,sthwp,42,1
2664,goal_267,4,exito,15901,2546.37,05,sthwp,42,1
2665,goal_267,5,exito,15901,2537.81,05,sthwp,42,1
2666,goal_267,6,col_return,10666,1521.97,05,sthwp,42,1
2667,goal_267,7,exito,15889,2545.88,05,sthwp,42,1
2668,goal_267,8,col_approach,2792,240.25,05,sthwp,42,1
2669,goal_267,9,exito,15889,2507.02,05,sthwp,42,1
2670,goal_267,10,col_return,10539,1506.07,05,sthwp,42,1
2671,goal_268,1,exito,15866,2537.52,05,sthwp,42,1
2672,goal_268,2,exito,15884,2501.08,05,sthwp,42,1
2673,goal_268,3,exito,15877,2537.88,05,sthwp,42,1
2674,goal_268,4,exito,15876,2537.74,05,sthwp,42,1
2675,goal_268,5,exito,15877,2511.79,05,sthwp,42,1
2676,goal_268,6,col_return,10574,1502.07,05,sthwp,42,1
2677,goal_268,7,exito,15866,2537.52,05,sthwp,42,1
2678,goal_268,8,col_approach,2777,234.26,05,sthwp,42,1
2679,goal_268,9,col_return,10978,1551.96,05,sthwp,42,1
2680,goal_268,10,exito,15866,2537.51,05,sthwp,42,1
2681,goal_269,1,exito,16151,2572.24,05,sthwp,42,1
2682,goal_269,2,exito,16150,2582.96,05,sthwp,42,1
2683,goal_269,3,exito,16151,2582.74,05,sthwp,42,1
2684,goal_269,4,col_return,10948,1563.78,05,sthwp,42,1
2685,goal_269,5,exito,16139,2582.62,05,sthwp,42,1
2686,goal_269,6,exito,16150,2568.99,05,sthwp,42,1
2687,goal_269,7,exito,16155,2544.99,05,sthwp,42,1
2688,goal_269,8,exito,16152,2545.29,05,sthwp,42,1
2689,goal_269,9,col_return,10676,1522.02,05,sthwp,42,1
2690,goal_269,10,exito,16140,2582.35,05,sthwp,42,1
2691,goal_270,1,exito,16127,2573.41,05,sthwp,42,1
2692,goal_270,2,exito,16127,2574.66,05,sthwp,42,1
2693,goal_270,3,col_return,11125,1584.56,05,sthwp,42,1
2694,goal_270,4,exito,16116,2574.3,05,sthwp,42,1
2695,goal_270,5,col_approach,2795,240.42,05,sthwp,42,1
2696,goal_270,6,col_return,11102,1581.57,05,sthwp,42,1
2697,goal_270,7,exito,16116,2574.32,05,sthwp,42,1
2698,goal_270,8,col_approach,2789,238.61,05,sthwp,42,1
2699,goal_270,9,col_return,11092,1582.02,05,sthwp,42,1
2700,goal_270,10,exito,16116,2574.31,05,sthwp,42,1
2701,goal_271,1,col_approach,2794,236.84,05,sthwp,42,1
2702,goal_271,2,col_return,11216,1603.34,05,sthwp,42,1
2703,goal_271,3,exito,16360,2615.12,05,sthwp,42,1
2704,goal_271,4,exito,16371,2611.82,05,sthwp,42,1
2705,goal_271,5,exito,16371,2615.07,05,sthwp,42,1
2706,goal_271,6,col_return,11061,1579.2,05,sthwp,42,1
2707,goal_271,7,exito,16360,2615.11,05,sthwp,42,1
2708,goal_271,8,exito,16371,2614.76,05,sthwp,42,1
2709,goal_271,9,exito,16371,2612.86,05,sthwp,42,1
2710,goal_271,10,col_return,10971,1568.32,05,sthwp,42,1
2711,goal_272,1,exito,16334,2606.44,05,sthwp,42,1
2712,goal_272,2,exito,16345,2606.58,05,sthwp,42,1
2713,goal_272,3,exito,16346,2604.3,05,sthwp,42,1
2714,goal_272,4,col_return,10963,1560.06,05,sthwp,42,1
2715,goal_272,5,exito,16334,2606.43,05,sthwp,42,1
2716,goal_272,6,exito,16345,2606.5,05,sthwp,42,1
2717,goal_272,7,exito,16345,2604.43,05,sthwp,42,1
2718,goal_272,8,col_return,10970,1560.37,05,sthwp,42,1
2719,goal_272,9,exito,16334,2606.43,05,sthwp,42,1
2720,goal_272,10,exito,16345,2606.48,05,sthwp,42,1
2721,goal_273,1,exito,16619,2632.64,05,sthwp,42,1
2722,goal_273,2,col_return,10971,1565.54,05,sthwp,42,1
2723,goal_273,3,exito,16610,2648.86,05,sthwp,42,1
2724,goal_273,4,exito,16621,2629.61,05,sthwp,42,1
2725,goal_273,5,col_return,11368,1624.32,05,sthwp,42,1
2726,goal_273,6,exito,16610,2651.85,05,sthwp,42,1
2727,goal_273,7,exito,16621,2652.17,05,sthwp,42,1
2728,goal_273,8,col_return,11562,1655.63,05,sthwp,42,1
2729,goal_273,9,exito,16608,2651.62,05,sthwp,42,1
2730,goal_273,10,exito,16621,2651.43,05,sthwp,42,1
2731,goal_274,1,col_return,11663,1657.79,05,sthwp,42,1
2732,goal_274,2,exito,16584,2643.22,05,sthwp,42,1
2733,goal_274,3,exito,16596,2640.72,05,sthwp,42,1
2734,goal_274,4,exito,16595,2618.5,05,sthwp,42,1
2735,goal_274,5,col_return,10929,1557.87,05,sthwp,42,1
2736,goal_274,6,exito,16584,2640.23,05,sthwp,42,1
2737,goal_274,7,exito,16595,2629.82,05,sthwp,42,1
2738,goal_274,8,col_return,11372,1623.67,05,sthwp,42,1
2739,goal_274,9,exito,16584,2643.23,05,sthwp,42,1
2740,goal_274,10,exito,16595,2643.57,05,sthwp,42,1
2741,goal_275,1,col_return,11726,1676.43,05,sthwp,42,1
2742,goal_275,2,exito,16828,2683.9,05,sthwp,42,1
2743,goal_275,3,exito,16839,2684.26,05,sthwp,42,1
2744,goal_275,4,col_return,11525,1648.64,05,sthwp,42,1
2745,goal_275,5,exito,16828,2683.89,05,sthwp,42,1
2746,goal_275,6,exito,16839,2683.05,05,sthwp,42,1
2747,goal_275,7,col_return,11422,1635.24,05,sthwp,42,1
2748,goal_275,8,exito,16828,2683.88,05,sthwp,42,1
2749,goal_275,9,exito,16839,2672.36,05,sthwp,42,1
2750,goal_275,10,col_return,11381,1627.41,05,sthwp,42,1
2751,goal_276,1,exito,16804,2675.45,05,sthwp,42,1
2752,goal_276,2,exito,16815,2655.55,05,sthwp,42,1
2753,goal_276,3,col_return,11367,1620.62,05,sthwp,42,1
2754,goal_276,4,exito,16804,2675.62,05,sthwp,42,1
2755,goal_276,5,exito,16815,2659.56,05,sthwp,42,1
2756,goal_276,6,col_return,11376,1620.7,05,sthwp,42,1
2757,goal_276,7,exito,16804,2675.65,05,sthwp,42,1
2758,goal_276,8,exito,16815,2660.2,05,sthwp,42,1
2759,goal_276,9,col_return,11377,1620.88,05,sthwp,42,1
2760,goal_276,10,exito,16804,2675.65,05,sthwp,42,1
2761,goal_277,1,exito,16481,2624.45,05,sthwp,42,1
2762,goal_277,2,col_return,11378,1618.19,05,sthwp,42,1
2763,goal_277,3,exito,16470,2624.14,05,sthwp,42,1
2764,goal_277,4,exito,16481,2624.46,05,sthwp,42,1
2765,goal_277,5,exito,16481,2617.39,05,sthwp,42,1
2766,goal_277,6,col_return,10966,1560.13,05,sthwp,42,1
2767,goal_277,7,exito,16470,2624.13,05,sthwp,42,1
2768,goal_277,8,exito,16481,2624.45,05,sthwp,42,1
2769,goal_277,9,col_return,11506,1639.42,05,sthwp,42,1
2770,goal_277,10,exito,16470,2624.11,05,sthwp,42,1
2771,goal_278,1,exito,16514,2633.16,05,sthwp,42,1
2772,goal_278,2,exito,16515,2629.11,05,sthwp,42,1
2773,goal_278,3,col_return,11023,1569.68,05,sthwp,42,1
2774,goal_278,4,exito,16504,2632.79,05,sthwp,42,1
2775,goal_278,5,exito,16515,2633.1,05,sthwp,42,1
2776,goal_278,6,col_return,11491,1642.89,05,sthwp,42,1
2777,goal_278,7,exito,16504,2632.78,05,sthwp,42,1
2778,goal_278,8,exito,16514,2633.17,05,sthwp,42,1
2779,goal_278,9,exito,16514,2626.05,05,sthwp,42,1
2780,goal_278,10,col_return,10988,1564.47,05,sthwp,42,1
2781,goal_279,1,exito,16377,2610.23,05,sthwp,42,1
2782,goal_279,2,exito,16388,2610.54,05,sthwp,42,1
2783,goal_279,3,exito,16389,2590.71,05,sthwp,42,1
2784,goal_279,4,col_return,10851,1540.35,05,sthwp,42,1
2785,goal_279,5,exito,16377,2610.24,05,sthwp,42,1
2786,goal_279,6,exito,16388,2610.55,05,sthwp,42,1
2787,goal_279,7,exito,16389,2589.55,05,sthwp,42,1
2788,goal_279,8,col_return,10847,1539.3,05,sthwp,42,1
2789,goal_279,9,exito,16378,2610.39,05,sthwp,42,1
2790,goal_279,10,exito,16388,2610.58,05,sthwp,42,1
2791,goal_280,1,exito,16413,2593.57,05,sthwp,42,1
2792,goal_280,2,col_return,10839,1546.19,05,sthwp,42,1
2793,goal_280,3,exito,16402,2618.75,05,sthwp,42,1
2794,goal_280,4,exito,16413,2619.08,05,sthwp,42,1
2795,goal_280,5,exito,16413,2581.68,05,sthwp,42,1
2796,goal_280,6,col_return,10808,1539.52,05,sthwp,42,1
2797,goal_280,7,exito,16402,2618.75,05,sthwp,42,1
2798,goal_280,8,exito,16413,2619.08,05,sthwp,42,1
2799,goal_280,9,col_return,11502,1637.91,05,sthwp,42,1
2800,goal_280,10,exito,16402,2618.74,05,sthwp,42,1
2801,goal_281,1,exito,16137,2573.24,05,sthwp,42,1
2802,goal_281,2,exito,16137,2573.24,05,sthwp,42,1
2803,goal_281,3,exito,16137,2545.26,05,sthwp,42,1
2804,goal_281,4,col_return,10690,1519.39,05,sthwp,42,1
2805,goal_281,5,exito,16126,2572.9,05,sthwp,42,1
2806,goal_281,6,exito,16137,2573.25,05,sthwp,42,1
2807,goal_281,7,exito,16137,2573.24,05,sthwp,42,1
2808,goal_281,8,col_return,11146,1585.66,05,sthwp,42,1
2809,goal_281,9,exito,16126,2572.9,05,sthwp,42,1
2810,goal_281,10,exito,16137,2573.25,05,sthwp,42,1
2811,goal_282,1,exito,16157,2582.13,05,sthwp,42,1
2812,goal_282,2,exito,16157,2573.56,05,sthwp,42,1
2813,goal_282,3,col_return,10796,1538.37,05,sthwp,42,1
2814,goal_282,4,exito,16146,2581.78,05,sthwp,42,1
2815,goal_282,5,exito,16157,2582.11,05,sthwp,42,1
2816,goal_282,6,exito,16157,2582.1,05,sthwp,42,1
2817,goal_282,7,col_return,11167,1592.45,05,sthwp,42,1
2818,goal_282,8,exito,16146,2581.78,05,sthwp,42,1
2819,goal_282,9,exito,16157,2582.11,05,sthwp,42,1
2820,goal_282,10,exito,16157,2582.12,05,sthwp,42,1
2821,goal_283,1,exito,15885,2535.01,05,sthwp,42,1
2822,goal_283,2,col_return,10772,1528.82,05,sthwp,42,1
2823,goal_283,3,exito,15874,2535.95,05,sthwp,42,1
2824,goal_283,4,exito,15885,2536.28,05,sthwp,42,1
2825,goal_283,5,exito,15885,2536.3,05,sthwp,42,1
2826,goal_283,6,exito,15885,2536.28,05,sthwp,42,1
2827,goal_283,7,exito,15885,2529.55,05,sthwp,42,1
2828,goal_283,8,col_return,10676,1514.54,05,sthwp,42,1
2829,goal_283,9,exito,15874,2535.96,05,sthwp,42,1
2830,goal_283,10,exito,15885,2536.3,05,sthwp,42,1
2831,goal_284,1,exito,15907,2545.62,05,sthwp,42,1
2832,goal_284,2,exito,15907,2545.62,05,sthwp,42,1
2833,goal_284,3,exito,15907,2524.38,05,sthwp,42,1
2834,goal_284,4,col_return,10606,1510.4,05,sthwp,42,1
2835,goal_284,5,exito,15896,2545.28,05,sthwp,42,1
2836,goal_284,6,exito,15907,2545.6,05,sthwp,42,1
2837,goal_284,7,exito,15907,2545.62,05,sthwp,42,1
2838,goal_284,8,exito,15907,2545.62,05,sthwp,42,1
2839,goal_284,9,col_return,11002,1563.28,05,sthwp,42,1
2840,goal_284,10,exito,15896,2545.28,05,sthwp,42,1
2841,goal_285,1,exito,15667,2504.29,05,sthwp,42,1
2842,goal_285,2,exito,15667,2504.28,05,sthwp,42,1
2843,goal_285,3,exito,15667,2504.28,05,sthwp,42,1
2844,goal_285,4,exito,15667,2504.29,05,sthwp,42,1
2845,goal_285,5,exito,15667,2504.27,05,sthwp,42,1
2846,goal_285,6,col_return,10781,1512.75,05,sthwp,42,1
2847,goal_285,7,exito,15656,2503.93,05,sthwp,42,1
2848,goal_285,8,exito,15667,2504.29,05,sthwp,42,1
2849,goal_285,9,exito,15667,2504.29,05,sthwp,42,1
2850,goal_285,10,exito,15667,2504.28,05,sthwp,42,1
2851,goal_286,1,exito,15687,2513.43,05,sthwp,42,1
2852,goal_286,2,exito,15687,2513.44,05,sthwp,42,1
2853,goal_286,3,exito,15687,2495.36,05,sthwp,42,1
2854,goal_286,4,col_return,10505,1497.2,05,sthwp,42,1
2855,goal_286,5,exito,15676,2513.11,05,sthwp,42,1
2856,goal_286,6,exito,15687,2513.44,05,sthwp,42,1
2857,goal_286,7,exito,15687,2513.46,05,sthwp,42,1
2858,goal_286,8,exito,15687,2513.43,05,sthwp,42,1
2859,goal_286,9,exito,15687,2513.44,05,sthwp,42,1
2860,goal_286,10,exito,15687,2512.72,05,sthwp,42,1
2861,goal_287,1,exito,15417,2444.14,05,sthwp,42,1
2862,goal_287,2,col_return,10353,1467.52,05,sthwp,42,1
2863,goal_287,3,exito,15406,2467.32,05,sthwp,42,1
2864,goal_287,4,exito,15417,2467.66,05,sthwp,42,1
2865,goal_287,5,exito,15417,2467.66,05,sthwp,42,1
2866,goal_287,6,exito,15417,2467.65,05,sthwp,42,1
2867,goal_287,7,exito,15417,2467.66,05,sthwp,42,1
2868,goal_287,8,exito,15417,2467.65,05,sthwp,42,1
2869,goal_287,9,exito,15417,2467.66,05,sthwp,42,1
2870,goal_287,10,exito,15417,2467.66,05,sthwp,42,1
2871,goal_288,1,exito,15437,2476.83,05,sthwp,42,1
2872,goal_288,2,exito,15437,2476.24,05,sthwp,42,1
2873,goal_288,3,exito,15437,2453.3,05,sthwp,42,1
2874,goal_288,4,col_return,10363,1475.23,05,sthwp,42,1
2875,goal_288,5,exito,15426,2476.49,05,sthwp,42,1
2876,goal_288,6,exito,15437,2476.83,05,sthwp,42,1
2877,goal_288,7,exito,15437,2476.82,05,sthwp,42,1
2878,goal_288,8,exito,15437,2476.83,05,sthwp,42,1
2879,goal_288,9,exito,15437,2476.84,05,sthwp,42,1
2880,goal_288,10,exito,15437,2476.8,05,sthwp,42,1
2881,goal_289,1,exito,15197,2435.5,05,sthwp,42,1
2882,goal_289,2,exito,15197,2435.52,05,sthwp,42,1
2883,goal_289,3,exito,15197,2435.52,05,sthwp,42,1
2884,goal_289,4,exito,15197,2435.5,05,sthwp,42,1
2885,goal_289,5,exito,15197,2435.51,05,sthwp,42,1
2886,goal_289,6,exito,15197,2435.52,05,sthwp,42,1
2887,goal_289,7,exito,15197,2435.52,05,sthwp,42,1
2888,goal_289,8,exito,15197,2434.91,05,sthwp,42,1
2889,goal_289,9,exito,15197,2431.26,05,sthwp,42,1
2890,goal_289,10,exito,15197,2417.07,05,sthwp,42,1
2891,goal_290,1,col_return,10277,1457.84,05,sthwp,42,1
2892,goal_290,2,exito,15208,2444.48,05,sthwp,42,1
2893,goal_290,3,exito,15219,2444.86,05,sthwp,42,1
2894,goal_290,4,exito,15219,2444.86,05,sthwp,42,1
2895,goal_290,5,exito,15219,2444.87,05,sthwp,42,1
2896,goal_290,6,exito,15219,2444.86,05,sthwp,42,1
2897,goal_290,7,exito,15219,2444.86,05,sthwp,42,1
2898,goal_290,8,exito,15219,2444.85,05,sthwp,42,1
2899,goal_290,9,exito,15219,2444.85,05,sthwp,42,1
2900,goal_290,10,exito,15219,2444.86,05,sthwp,42,1
2901,goal_291,1,exito,14947,2398.89,05,sthwp,42,1
2902,goal_291,2,exito,14947,2398.91,05,sthwp,42,1
2903,goal_291,3,exito,14947,2398.91,05,sthwp,42,1
2904,goal_291,4,exito,14947,2398.91,05,sthwp,42,1
2905,goal_291,5,exito,14947,2398.9,05,sthwp,42,1
2906,goal_291,6,exito,14947,2398.91,05,sthwp,42,1
2907,goal_291,7,exito,14947,2398.9,05,sthwp,42,1
2908,goal_291,8,exito,14947,2398.91,05,sthwp,42,1
2909,goal_291,9,exito,14947,2398.91,05,sthwp,42,1
2910,goal_291,10,exito,14947,2398.9,05,sthwp,42,1
2911,goal_292,1,exito,14970,2408.62,05,sthwp,42,1
2912,goal_292,2,exito,14970,2408.64,05,sthwp,42,1
2913,goal_292,3,exito,14970,2408.62,05,sthwp,42,1
2914,goal_292,4,exito,14970,2408.63,05,sthwp,42,1
2915,goal_292,5,exito,14970,2408.62,05,sthwp,42,1
2916,goal_292,6,exito,14970,2408.62,05,sthwp,42,1
2917,goal_292,7,exito,14970,2408.62,05,sthwp,42,1
2918,goal_292,8,exito,14970,2408.64,05,sthwp,42,1
2919,goal_292,9,exito,14970,2408.63,05,sthwp,42,1
2920,goal_292,10,exito,14970,2408.63,05,sthwp,42,1
2921,goal_293,1,exito,14700,2363.24,05,sthwp,42,1
2922,goal_293,2,exito,14700,2363.23,05,sthwp,42,1
2923,goal_293,3,exito,14700,2363.24,05,sthwp,42,1
2924,goal_293,4,exito,14700,2363.24,05,sthwp,42,1
2925,goal_293,5,exito,14700,2363.23,05,sthwp,42,1
2926,goal_293,6,exito,14700,2353.55,05,sthwp,42,1
2927,goal_293,7,col_return,8933,1263.67,05,sthwp,42,1
2928,goal_293,8,exito,14689,2362.91,05,sthwp,42,1
2929,goal_293,9,exito,14700,2363.24,05,sthwp,42,1
2930,goal_293,10,exito,14700,2363.24,05,sthwp,42,1
2931,goal_294,1,exito,14738,2375.71,05,sthwp,42,1
2932,goal_294,2,exito,14739,2367.16,05,sthwp,42,1
2933,goal_294,3,col_return,8959,1270.19,05,sthwp,42,1
2934,goal_294,4,exito,14728,2375.57,05,sthwp,42,1
2935,goal_294,5,exito,14738,2375.75,05,sthwp,42,1
2936,goal_294,6,exito,14738,2375.72,05,sthwp,42,1
2937,goal_294,7,exito,14738,2375.73,05,sthwp,42,1
2938,goal_294,8,exito,14738,2375.71,05,sthwp,42,1
2939,goal_294,9,exito,14739,2248.81,05,sthwp,42,1
2940,goal_294,10,col_return,9008,1280.59,05,sthwp,42,1
2941,goal_295,1,exito,14484,2334.11,05,sthwp,42,1
2942,goal_295,2,exito,14495,2334.37,05,sthwp,42,1
2943,goal_295,3,exito,14498,2162.58,05,sthwp,42,1
2944,goal_295,4,col_return,8899,1256.1,05,sthwp,42,1
2945,goal_295,5,exito,14484,2334.11,05,sthwp,42,1
2946,goal_295,6,exito,14495,2334.37,05,sthwp,42,1
2947,goal_295,7,col_return,8708,1228.48,05,sthwp,42,1
2948,goal_295,8,exito,14484,2334.05,05,sthwp,42,1
2949,goal_295,9,exito,14495,2334.44,05,sthwp,42,1
2950,goal_295,10,exito,14495,2300.0,05,sthwp,42,1
2951,goal_296,1,col_return,8888,1263.47,05,sthwp,42,1
2952,goal_296,2,exito,14535,2348.63,05,sthwp,42,1
2953,goal_296,3,exito,14546,2348.94,05,sthwp,42,1
2954,goal_296,4,exito,14546,2326.77,05,sthwp,42,1
2955,goal_296,5,col_return,8882,1260.59,05,sthwp,42,1
2956,goal_296,6,exito,14535,2348.63,05,sthwp,42,1
2957,goal_296,7,exito,14546,2348.95,05,sthwp,42,1
2958,goal_296,8,exito,14546,2332.6,05,sthwp,42,1
2959,goal_296,9,col_return,8871,1261.33,05,sthwp,42,1
2960,goal_296,10,exito,14535,2348.62,05,sthwp,42,1
2961,goal_297,1,exito,14288,2306.04,05,sthwp,42,1
2962,goal_297,2,col_return,8648,1221.64,05,sthwp,42,1
2963,goal_297,3,exito,14277,2305.74,05,sthwp,42,1
2964,goal_297,4,exito,14290,2183.82,05,sthwp,42,1
2965,goal_297,5,col_return,8788,1242.36,05,sthwp,42,1
2966,goal_297,6,exito,14277,2305.73,05,sthwp,42,1
2967,goal_297,7,col_return,8500,1201.98,05,sthwp,42,1
2968,goal_297,8,exito,14276,2305.48,05,sthwp,42,1
2969,goal_297,9,exito,14288,2301.15,05,sthwp,42,1
2970,goal_297,10,col_return,8719,1232.76,05,sthwp,42,1
2971,goal_298,1,exito,14311,2317.94,05,sthwp,42,1
2972,goal_298,2,exito,14325,2171.69,05,sthwp,42,1
2973,goal_298,3,col_return,8809,1252.75,05,sthwp,42,1
2974,goal_298,4,exito,14312,2317.89,05,sthwp,42,1
2975,goal_298,5,col_return,8517,1196.66,05,sthwp,42,1
2976,goal_298,6,exito,14312,2317.89,05,sthwp,42,1
2977,goal_298,7,exito,14323,2318.21,05,sthwp,42,1
2978,goal_298,8,col_return,8663,1234.33,05,sthwp,42,1
2979,goal_298,9,exito,14312,2317.89,05,sthwp,42,1
2980,goal_298,10,exito,14324,2295.72,05,sthwp,42,1
2981,goal_299,1,col_return,8657,1228.41,05,sthwp,42,1
2982,goal_299,2,exito,14094,2282.94,05,sthwp,42,1
2983,goal_299,3,col_return,8536,1207.98,05,sthwp,42,1
2984,goal_299,4,exito,14094,2282.94,05,sthwp,42,1
2985,goal_299,5,col_return,8465,1200.8,05,sthwp,42,1
2986,goal_299,6,exito,14094,2282.95,05,sthwp,42,1
2987,goal_299,7,col_return,8440,1193.94,05,sthwp,42,1
2988,goal_299,8,exito,14094,2282.95,05,sthwp,42,1
2989,goal_299,9,col_return,8415,1193.91,05,sthwp,42,1
2990,goal_299,10,exito,14094,2282.95,05,sthwp,42,1
2991,goal_300,1,col_return,8434,1198.81,05,sthwp,42,1
2992,goal_300,2,exito,14131,2293.78,05,sthwp,42,1
2993,goal_300,3,col_return,8391,1197.08,05,sthwp,42,1
2994,goal_300,4,exito,14131,2293.76,05,sthwp,42,1
2995,goal_300,5,col_return,8389,1192.26,05,sthwp,42,1
2996,goal_300,6,exito,14131,2293.77,05,sthwp,42,1
2997,goal_300,7,col_return,8374,1192.09,05,sthwp,42,1
2998,goal_300,8,exito,14131,2293.81,05,sthwp,42,1
2999,goal_300,9,col_return,8369,1191.78,05,sthwp,42,1
3000,goal_300,10,exito,14130,2293.7,05,sthwp,42,1
3001,goal_301,1,exito,14330,2233.72,05,sthwp,42,1
3002,goal_301,2,col_return,8802,1245.22,05,sthwp,42,1
3003,goal_301,3,exito,14319,2311.75,05,sthwp,42,1
3004,goal_301,4,exito,14332,2085.67,05,sthwp,42,1
3005,goal_301,5,col_return,8821,1249.28,05,sthwp,42,1
3006,goal_301,6,exito,14319,2312.01,05,sthwp,42,1
3007,goal_301,7,exito,14355,2058.21,05,sthwp,42,1
3008,goal_301,8,col_return,8824,1248.58,05,sthwp,42,1
3009,goal_301,9,exito,14319,2312.0,05,sthwp,42,1
3010,goal_301,10,exito,14357,2050.4,05,sthwp,42,1
3011,goal_302,1,col_return,8813,1257.11,05,sthwp,42,1
3012,goal_302,2,exito,14299,2305.51,05,sthwp,42,1
3013,goal_302,3,col_return,8501,1212.75,05,sthwp,42,1
3014,goal_302,4,col_approach,2957,255.97,05,sthwp,42,1
3015,goal_302,5,exito,14299,2320.43,05,sthwp,42,1
3016,goal_302,6,exito,14310,2320.77,05,sthwp,42,1
3017,goal_302,7,col_approach,2877,209.29,05,sthwp,42,1
3018,goal_302,8,exito,14299,2312.96,05,sthwp,42,1
3019,goal_302,9,exito,14310,2320.74,05,sthwp,42,1
3020,goal_302,10,exito,14310,2320.75,05,sthwp,42,1
3021,goal_303,1,exito,14466,2332.8,05,sthwp,42,1
3022,goal_303,2,exito,14466,2331.32,05,sthwp,42,1
3023,goal_303,3,exito,14466,2332.83,05,sthwp,42,1
3024,goal_303,4,exito,14466,2330.82,05,sthwp,42,1
3025,goal_303,5,col_approach,2834,246.96,05,sthwp,42,1
3026,goal_303,6,exito,14455,2332.45,05,sthwp,42,1
3027,goal_303,7,exito,14466,2332.82,05,sthwp,42,1
3028,goal_303,8,exito,14466,2332.83,05,sthwp,42,1
3029,goal_303,9,exito,14466,2310.73,05,sthwp,42,1
3030,goal_303,10,exito,14466,2332.66,05,sthwp,42,1
3031,goal_304,1,exito,14474,2298.74,05,sthwp,42,1
3032,goal_304,2,exito,14470,2333.29,05,sthwp,42,1
3033,goal_304,3,exito,14470,2338.81,05,sthwp,42,1
3034,goal_304,4,col_return,8679,1231.26,05,sthwp,42,1
3035,goal_304,5,exito,14459,2327.78,05,sthwp,42,1
3036,goal_304,6,exito,14470,2338.4,05,sthwp,42,1
3037,goal_304,7,exito,14473,2172.26,05,sthwp,42,1
3038,goal_304,8,col_return,8885,1262.46,05,sthwp,42,1
3039,goal_304,9,exito,14459,2335.2,05,sthwp,42,1
3040,goal_304,10,exito,14470,2338.85,05,sthwp,42,1
3041,goal_305,1,exito,14718,2304.73,05,sthwp,42,1
3042,goal_305,2,col_return,8992,1274.88,05,sthwp,42,1
3043,goal_305,3,exito,14709,2366.92,05,sthwp,42,1
3044,goal_305,4,exito,14718,2372.27,05,sthwp,42,1
3045,goal_305,5,exito,14718,2372.37,05,sthwp,42,1
3046,goal_305,6,exito,14718,2372.41,05,sthwp,42,1
3047,goal_305,7,exito,14718,2361.66,05,sthwp,42,1
3048,goal_305,8,col_return,8946,1271.59,05,sthwp,42,1
3049,goal_305,9,exito,14708,2365.09,05,sthwp,42,1
3050,goal_305,10,exito,14718,2371.91,05,sthwp,42,1
3051,goal_306,1,exito,14719,2369.62,05,sthwp,42,1
3052,goal_306,2,exito,14719,2369.61,05,sthwp,42,1
3053,goal_306,3,exito,14719,2365.23,05,sthwp,42,1
3054,goal_306,4,col_return,8939,1259.39,05,sthwp,42,1
3055,goal_306,5,exito,14708,2359.95,05,sthwp,42,1
3056,goal_306,6,exito,14719,2368.94,05,sthwp,42,1
3057,goal_306,7,exito,14719,2369.61,05,sthwp,42,1
3058,goal_306,8,exito,14719,2369.6,05,sthwp,42,1
3059,goal_306,9,exito,14719,2369.59,05,sthwp,42,1
3060,goal_306,10,col_return,8920,1262.1,05,sthwp,42,1
3061,goal_307,1,exito,14918,2392.29,05,sthwp,42,1
3062,goal_307,2,exito,14929,2397.06,05,sthwp,42,1
3063,goal_307,3,exito,14928,2399.38,05,sthwp,42,1
3064,goal_307,4,exito,14929,2401.11,05,sthwp,42,1
3065,goal_307,5,exito,14929,2402.04,05,sthwp,42,1
3066,goal_307,6,exito,14928,2402.4,05,sthwp,42,1
3067,goal_307,7,exito,14929,2402.77,05,sthwp,42,1
3068,goal_307,8,exito,14929,2402.78,05,sthwp,42,1
3069,goal_307,9,exito,14928,2402.51,05,sthwp,42,1
3070,goal_307,10,exito,14929,2402.78,05,sthwp,42,1
3071,goal_308,1,exito,14979,2407.39,05,sthwp,42,1
3072,goal_308,2,exito,14977,2407.21,05,sthwp,42,1
3073,goal_308,3,exito,14979,2407.39,05,sthwp,42,1
3074,goal_308,4,exito,14977,2407.17,05,sthwp,42,1
3075,goal_308,5,exito,14979,2407.41,05,sthwp,42,1
3076,goal_308,6,exito,14979,2407.38,05,sthwp,42,1
3077,goal_308,7,exito,14979,2407.42,05,sthwp,42,1
3078,goal_308,8,exito,14979,2407.38,05,sthwp,42,1
3079,goal_308,9,exito,14979,2407.42,05,sthwp,42,1
3080,goal_308,10,exito,14979,2407.38,05,sthwp,42,1
3081,goal_309,1,exito,15130,2431.59,05,sthwp,42,1
3082,goal_309,2,exito,15130,2431.33,05,sthwp,42,1
3083,goal_309,3,exito,15130,2431.44,05,sthwp,42,1
3084,goal_309,4,exito,15130,2431.45,05,sthwp,42,1
3085,goal_309,5,exito,15130,2431.44,05,sthwp,42,1
3086,goal_309,6,exito,15130,2430.38,05,sthwp,42,1
3087,goal_309,7,exito,15130,2427.62,05,sthwp,42,1
3088,goal_309,8,exito,15130,2420.49,05,sthwp,42,1
3089,goal_309,9,exito,15130,2401.99,05,sthwp,42,1
3090,goal_309,10,col_approach,2822,243.87,05,sthwp,42,1
3091,goal_310,1,exito,15167,2434.78,05,sthwp,42,1
3092,goal_310,2,exito,15178,2434.96,05,sthwp,42,1
3093,goal_310,3,exito,15178,2432.75,05,sthwp,42,1
3094,goal_310,4,exito,15178,2425.05,05,sthwp,42,1
3095,goal_310,5,exito,15178,2403.24,05,sthwp,42,1
3096,goal_310,6,col_return,10198,1451.41,05,sthwp,42,1
3097,goal_310,7,exito,15167,2434.78,05,sthwp,42,1
3098,goal_310,8,exito,15178,2435.12,05,sthwp,42,1
3099,goal_310,9,exito,15178,2435.12,05,sthwp,42,1
3100,goal_310,10,exito,15178,2434.51,05,sthwp,42,1
3101,goal_311,1,exito,15375,2463.45,05,sthwp,42,1
3102,goal_311,2,col_approach,2829,245.69,05,sthwp,42,1
3103,goal_311,3,exito,15364,2466.61,05,sthwp,42,1
3104,goal_311,4,exito,15375,2454.76,05,sthwp,42,1
3105,goal_311,5,col_return,10381,1475.61,05,sthwp,42,1
3106,goal_311,6,exito,15364,2466.91,05,sthwp,42,1
3107,goal_311,7,exito,15375,2467.25,05,sthwp,42,1
3108,goal_311,8,exito,15375,2460.33,05,sthwp,42,1
3109,goal_311,9,col_approach,2793,241.24,05,sthwp,42,1
3110,goal_311,10,exito,15364,2466.34,05,sthwp,42,1
3111,goal_312,1,exito,15410,2448.65,05,sthwp,42,1
3112,goal_312,2,col_return,10362,1471.11,05,sthwp,42,1
3113,goal_312,3,exito,15399,2468.25,05,sthwp,42,1
3114,goal_312,4,exito,15410,2468.32,05,sthwp,42,1
3115,goal_312,5,exito,15410,2450.73,05,sthwp,42,1
3116,goal_312,6,exito,15410,2445.02,05,sthwp,42,1
3117,goal_312,7,exito,15410,2468.01,05,sthwp,42,1
3118,goal_312,8,exito,15410,2468.6,05,sthwp,42,1
3119,goal_312,9,exito,15410,2439.4,05,sthwp,42,1
3120,goal_312,10,exito,15410,2468.6,05,sthwp,42,1
3121,goal_313,1,exito,15592,2499.05,05,sthwp,42,1
3122,goal_313,2,exito,15592,2493.42,05,sthwp,42,1
3123,goal_313,3,col_return,10538,1501.28,05,sthwp,42,1
3124,goal_313,4,exito,15581,2498.83,05,sthwp,42,1
3125,goal_313,5,exito,15592,2496.3,05,sthwp,42,1
3126,goal_313,6,exito,15594,2466.96,05,sthwp,42,1
3127,goal_313,7,exito,15592,2499.04,05,sthwp,42,1
3128,goal_313,8,col_approach,2775,218.56,05,sthwp,42,1
3129,goal_313,9,col_return,10196,1450.58,05,sthwp,42,1
3130,goal_313,10,exito,15581,2498.72,05,sthwp,42,1
3131,goal_314,1,exito,15628,2461.96,05,sthwp,42,1
3132,goal_314,2,exito,15626,2499.16,05,sthwp,42,1
3133,goal_314,3,exito,15626,2490.22,05,sthwp,42,1
3134,goal_314,4,exito,15626,2500.69,05,sthwp,42,1
3135,goal_314,5,exito,15626,2500.69,05,sthwp,42,1
3136,goal_314,6,exito,15628,2474.08,05,sthwp,42,1
3137,goal_314,7,col_return,10447,1483.04,05,sthwp,42,1
3138,goal_314,8,exito,15617,2500.53,05,sthwp,42,1
3139,goal_314,9,exito,15628,2489.59,05,sthwp,42,1
3140,goal_314,10,exito,15628,2494.08,05,sthwp,42,1
3141,goal_315,1,exito,15844,2536.47,05,sthwp,42,1
3142,goal_315,2,exito,15844,2536.46,05,sthwp,42,1
3143,goal_315,3,exito,15841,2525.42,05,sthwp,42,1
3144,goal_315,4,col_return,10626,1514.05,05,sthwp,42,1
3145,goal_315,5,exito,15831,2535.74,05,sthwp,42,1
3146,goal_315,6,col_approach,2829,244.41,05,sthwp,42,1
3147,goal_315,7,exito,15833,2512.39,05,sthwp,42,1
3148,goal_315,8,col_return,10566,1504.51,05,sthwp,42,1
3149,goal_315,9,exito,15833,2536.08,05,sthwp,42,1
3150,goal_315,10,col_approach,2794,241.04,05,sthwp,42,1
3151,goal_316,1,exito,15867,2503.35,05,sthwp,42,1
3152,goal_316,2,col_return,10549,1499.05,05,sthwp,42,1
3153,goal_316,3,exito,15867,2537.31,05,sthwp,42,1
3154,goal_316,4,col_approach,2779,228.61,05,sthwp,42,1
3155,goal_316,5,col_return,10961,1549.88,05,sthwp,42,1
3156,goal_316,6,exito,15867,2537.3,05,sthwp,42,1
3157,goal_316,7,exito,15878,2526.07,05,sthwp,42,1
3158,goal_316,8,exito,15878,2537.14,05,sthwp,42,1
3159,goal_316,9,exito,15878,2528.46,05,sthwp,42,1
3160,goal_316,10,exito,15878,2536.66,05,sthwp,42,1
3161,goal_317,1,col_return,10886,1551.77,05,sthwp,42,1
3162,goal_317,2,exito,16083,2572.91,05,sthwp,42,1
3163,goal_317,3,exito,16091,2552.48,05,sthwp,42,1
3164,goal_317,4,col_approach,2778,221.84,05,sthwp,42,1
3165,goal_317,5,col_return,10453,1492.49,05,sthwp,42,1
3166,goal_317,6,exito,16079,2570.01,05,sthwp,42,1
3167,goal_317,7,exito,16094,2572.83,05,sthwp,42,1
3168,goal_317,8,exito,16094,2573.26,05,sthwp,42,1
3169,goal_317,9,col_return,11102,1583.46,05,sthwp,42,1
3170,goal_317,10,exito,16083,2572.9,05,sthwp,42,1
3171,goal_318,1,col_approach,2806,245.07,05,sthwp,42,1
3172,goal_318,2,col_return,11110,1585.6,05,sthwp,42,1
3173,goal_318,3,exito,16117,2574.1,05,sthwp,42,1
3174,goal_318,4,col_approach,2794,242.02,05,sthwp,42,1
3175,goal_318,5,col_return,11104,1582.59,05,sthwp,42,1
3176,goal_318,6,exito,16117,2574.11,05,sthwp,42,1
3177,goal_318,7,col_approach,2790,239.3,05,sthwp,42,1
3178,goal_318,8,col_return,11098,1580.92,05,sthwp,42,1
3179,goal_318,9,exito,16117,2574.11,05,sthwp,42,1
3180,goal_318,10,col_approach,2791,237.06,05,sthwp,42,1
3181,goal_319,1,col_return,11187,1596.83,05,sthwp,42,1
3182,goal_319,2,exito,16301,2604.95,05,sthwp,42,1
3183,goal_319,3,exito,16311,2597.75,05,sthwp,42,1
3184,goal_319,4,exito,16312,2605.27,05,sthwp,42,1
3185,goal_319,5,col_return,11135,1587.74,05,sthwp,42,1
3186,goal_319,6,exito,16301,2604.94,05,sthwp,42,1
3187,goal_319,7,exito,16311,2600.73,05,sthwp,42,1
3188,goal_319,8,exito,16311,2605.15,05,sthwp,42,1
3189,goal_319,9,col_return,11096,1586.16,05,sthwp,42,1
3190,goal_319,10,exito,16301,2604.94,05,sthwp,42,1
3191,goal_320,1,exito,16347,2603.06,05,sthwp,42,1
3192,goal_320,2,exito,16346,2606.54,05,sthwp,42,1
3193,goal_320,3,col_return,11065,1578.39,05,sthwp,42,1
3194,goal_320,4,exito,16335,2606.22,05,sthwp,42,1
3195,goal_320,5,exito,16346,2605.11,05,sthwp,42,1
3196,goal_320,6,exito,16346,2605.82,05,sthwp,42,1
3197,goal_320,7,col_return,11021,1570.5,05,sthwp,42,1
3198,goal_320,8,exito,16335,2606.21,05,sthwp,42,1
3199,goal_320,9,exito,16346,2605.75,05,sthwp,42,1
3200,goal_320,10,exito,16346,2605.24,05,sthwp,42,1
3201,goal_321,1,col_return,11104,1585.16,05,sthwp,42,1
3202,goal_321,2,exito,16551,2641.54,05,sthwp,42,1
3203,goal_321,3,exito,16562,2642.1,05,sthwp,42,1
3204,goal_321,4,col_return,11499,1639.18,05,sthwp,42,1
3205,goal_321,5,exito,16551,2641.76,05,sthwp,42,1
3206,goal_321,6,exito,16562,2640.9,05,sthwp,42,1
3207,goal_321,7,exito,16562,2613.54,05,sthwp,42,1
3208,goal_321,8,col_return,10902,1557.14,05,sthwp,42,1
3209,goal_321,9,exito,16551,2638.85,05,sthwp,42,1
3210,goal_321,10,exito,16562,2635.79,05,sthwp,42,1
3211,goal_322,1,col_return,11417,1625.58,05,sthwp,42,1
3212,goal_322,2,exito,16585,2643.0,05,sthwp,42,1
3213,goal_322,3,exito,16596,2643.36,05,sthwp,42,1
3214,goal_322,4,col_return,11608,1658.09,05,sthwp,42,1
3215,goal_322,5,exito,16585,2643.0,05,sthwp,42,1
3216,goal_322,6,exito,16596,2641.16,05,sthwp,42,1
3217,goal_322,7,exito,16596,2613.35,05,sthwp,42,1
3218,goal_322,8,col_return,10921,1553.46,05,sthwp,42,1
3219,goal_322,9,exito,16585,2639.33,05,sthwp,42,1
3220,goal_322,10,exito,16596,2621.27,05,sthwp,42,1
3221,goal_323,1,col_return,11460,1636.41,05,sthwp,42,1
3222,goal_323,2,exito,16769,2673.84,05,sthwp,42,1
3223,goal_323,3,exito,16780,2674.2,05,sthwp,42,1
3224,goal_323,4,col_return,11455,1635.75,05,sthwp,42,1
3225,goal_323,5,exito,16769,2673.84,05,sthwp,42,1
3226,goal_323,6,exito,16780,2674.18,05,sthwp,42,1
3227,goal_323,7,col_return,11447,1636.25,05,sthwp,42,1
3228,goal_323,8,exito,16769,2673.84,05,sthwp,42,1
3229,goal_323,9,exito,16780,2674.16,05,sthwp,42,1
3230,goal_323,10,col_return,11445,1636.88,05,sthwp,42,1
3231,goal_324,1,exito,16802,2675.25,05,sthwp,42,1
3232,goal_324,2,exito,16813,2674.96,05,sthwp,42,1
3233,goal_324,3,col_return,11429,1631.28,05,sthwp,42,1
3234,goal_324,4,exito,16802,2675.21,05,sthwp,42,1
3235,goal_324,5,exito,16813,2672.24,05,sthwp,42,1
3236,goal_324,6,col_return,11413,1625.97,05,sthwp,42,1
3237,goal_324,7,exito,16802,2675.19,05,sthwp,42,1
3238,goal_324,8,exito,16813,2668.79,05,sthwp,42,1
3239,goal_324,9,col_return,11388,1626.19,05,sthwp,42,1
3240,goal_324,10,exito,16802,2675.21,05,sthwp,42,1
3241,goal_325,1,exito,16482,2624.91,05,sthwp,42,1
3242,goal_325,2,col_return,11395,1621.06,05,sthwp,42,1
3243,goal_325,3,exito,16472,2624.69,05,sthwp,42,1
3244,goal_325,4,exito,16482,2624.91,05,sthwp,42,1
3245,goal_325,5,exito,16482,2618.41,05,sthwp,42,1
3246,goal_325,6,col_return,10974,1560.58,05,sthwp,42,1
3247,goal_325,7,exito,16471,2624.55,05,sthwp,42,1
3248,goal_325,8,exito,16482,2624.86,05,sthwp,42,1
3249,goal_325,9,col_return,11511,1638.96,05,sthwp,42,1
3250,goal_325,10,exito,16472,2624.51,05,sthwp,42,1
3251,goal_326,1,exito,16500,2630.13,05,sthwp,42,1
3252,goal_326,2,exito,16500,2626.9,05,sthwp,42,1
3253,goal_326,3,col_return,11027,1569.93,05,sthwp,42,1
3254,goal_326,4,exito,16489,2629.84,05,sthwp,42,1
3255,goal_326,5,exito,16500,2630.14,05,sthwp,42,1
3256,goal_326,6,col_return,11518,1642.58,05,sthwp,42,1
3257,goal_326,7,exito,16489,2629.84,05,sthwp,42,1
3258,goal_326,8,exito,16500,2630.16,05,sthwp,42,1
3259,goal_326,9,exito,16500,2625.95,05,sthwp,42,1
3260,goal_326,10,col_return,11012,1567.77,05,sthwp,42,1
3261,goal_327,1,exito,16377,2610.39,05,sthwp,42,1
3262,goal_327,2,exito,16388,2610.72,05,sthwp,42,1
3263,goal_327,3,exito,16388,2595.6,05,sthwp,42,1
3264,goal_327,4,col_return,10863,1546.2,05,sthwp,42,1
3265,goal_327,5,exito,16375,2610.14,05,sthwp,42,1
3266,goal_327,6,exito,16388,2610.73,05,sthwp,42,1
3267,goal_327,7,exito,16388,2593.68,05,sthwp,42,1
3268,goal_327,8,col_return,10861,1543.69,05,sthwp,42,1
3269,goal_327,9,exito,16377,2610.4,05,sthwp,42,1
3270,goal_327,10,exito,16388,2610.72,05,sthwp,42,1
3271,goal_328,1,exito,16366,2594.86,05,sthwp,42,1
3272,goal_328,2,col_return,10849,1546.94,05,sthwp,42,1
3273,goal_328,3,exito,16354,2611.05,05,sthwp,42,1
3274,goal_328,4,exito,16366,2611.46,05,sthwp,42,1
3275,goal_328,5,exito,16366,2600.62,05,sthwp,42,1
3276,goal_328,6,col_return,10881,1551.06,05,sthwp,42,1
3277,goal_328,7,exito,16355,2611.13,05,sthwp,42,1
3278,goal_328,8,exito,16366,2611.45,05,sthwp,42,1
3279,goal_328,9,exito,16366,2602.65,05,sthwp,42,1
3280,goal_328,10,col_return,10894,1553.3,05,sthwp,42,1
3281,goal_329,1,exito,16126,2573.28,05,sthwp,42,1
3282,goal_329,2,exito,16136,2573.42,05,sthwp,42,1
3283,goal_329,3,exito,16137,2573.58,05,sthwp,42,1
3284,goal_329,4,col_return,11135,1582.97,05,sthwp,42,1
3285,goal_329,5,exito,16126,2573.28,05,sthwp,42,1
3286,goal_329,6,exito,16137,2573.63,05,sthwp,42,1
3287,goal_329,7,exito,16137,2573.6,05,sthwp,42,1
3288,goal_329,8,exito,16136,2566.25,05,sthwp,42,1
3289,goal_329,9,col_return,10789,1535.18,05,sthwp,42,1
3290,goal_329,10,exito,16126,2573.28,05,sthwp,42,1
3291,goal_330,1,exito,16111,2575.05,05,sthwp,42,1
3292,goal_330,2,exito,16110,2574.88,05,sthwp,42,1
3293,goal_330,3,exito,16111,2538.02,05,sthwp,42,1
3294,goal_330,4,col_return,10656,1518.44,05,sthwp,42,1
3295,goal_330,5,exito,16099,2574.52,05,sthwp,42,1
3296,goal_330,6,exito,16110,2574.83,05,sthwp,42,1
3297,goal_330,7,exito,16110,2574.82,05,sthwp,42,1
3298,goal_330,8,col_return,11168,1593.18,05,sthwp,42,1
3299,goal_330,9,exito,16099,2574.53,05,sthwp,42,1
3300,goal_330,10,exito,16110,2574.83,05,sthwp,42,1
3301,goal_331,1,exito,15885,2536.65,05,sthwp,42,1
3302,goal_331,2,exito,15885,2536.65,05,sthwp,42,1
3303,goal_331,3,exito,15885,2497.03,05,sthwp,42,1
3304,goal_331,4,col_return,10529,1497.39,05,sthwp,42,1
3305,goal_331,5,exito,15874,2536.33,05,sthwp,42,1
3306,goal_331,6,exito,15885,2536.6,05,sthwp,42,1
3307,goal_331,7,exito,15885,2536.68,05,sthwp,42,1
3308,goal_331,8,exito,15885,2536.67,05,sthwp,42,1
3309,goal_331,9,exito,15885,2505.91,05,sthwp,42,1
3310,goal_331,10,col_return,10554,1500.95,05,sthwp,42,1
3311,goal_332,1,exito,15859,2540.06,05,sthwp,42,1
3312,goal_332,2,exito,15870,2540.38,05,sthwp,42,1
3313,goal_332,3,exito,15870,2540.39,05,sthwp,42,1
3314,goal_332,4,exito,15870,2540.38,05,sthwp,42,1
3315,goal_332,5,exito,15870,2523.69,05,sthwp,42,1
3316,goal_332,6,col_return,10606,1510.83,05,sthwp,42,1
3317,goal_332,7,exito,15859,2540.06,05,sthwp,42,1
3318,goal_332,8,exito,15870,2540.39,05,sthwp,42,1
3319,goal_332,9,exito,15870,2540.38,05,sthwp,42,1
3320,goal_332,10,exito,15870,2540.39,05,sthwp,42,1
3321,goal_333,1,exito,15667,2502.33,05,sthwp,42,1
3322,goal_333,2,col_return,10630,1508.62,05,sthwp,42,1
3323,goal_333,3,exito,15656,2504.34,05,sthwp,42,1
3324,goal_333,4,exito,15667,2504.66,05,sthwp,42,1
3325,goal_333,5,exito,15667,2504.86,05,sthwp,42,1
3326,goal_333,6,exito,15667,2504.86,05,sthwp,42,1
3327,goal_333,7,exito,15667,2504.71,05,sthwp,42,1
3328,goal_333,8,exito,15667,2504.66,05,sthwp,42,1
3329,goal_333,9,exito,15667,2482.44,05,sthwp,42,1
3330,goal_333,10,col_return,10473,1489.21,05,sthwp,42,1
3331,goal_334,1,exito,15660,2512.17,05,sthwp,42,1
3332,goal_334,2,exito,15671,2512.49,05,sthwp,42,1
3333,goal_334,3,exito,15671,2512.49,05,sthwp,42,1
3334,goal_334,4,exito,15671,2512.49,05,sthwp,42,1
3335,goal_334,5,exito,15671,2512.5,05,sthwp,42,1
3336,goal_334,6,exito,15671,2512.48,05,sthwp,42,1
3337,goal_334,7,col_return,10737,1530.59,05,sthwp,42,1
3338,goal_334,8,exito,15660,2512.1,05,sthwp,42,1
3339,goal_334,9,exito,15671,2512.5,05,sthwp,42,1
3340,goal_334,10,exito,15671,2512.48,05,sthwp,42,1
3341,goal_335,1,exito,15417,2468.04,05,sthwp,42,1
3342,goal_335,2,exito,15417,2468.06,05,sthwp,42,1
3343,goal_335,3,exito,15417,2468.04,05,sthwp,42,1
3344,goal_335,4,exito,15417,2468.06,05,sthwp,42,1
3345,goal_335,5,exito,15417,2468.05,05,sthwp,42,1
3346,goal_335,6,exito,15417,2464.66,05,sthwp,42,1
3347,goal_335,7,col_return,10493,1481.74,05,sthwp,42,1
3348,goal_335,8,exito,15406,2467.72,05,sthwp,42,1
3349,goal_335,9,exito,15417,2468.23,05,sthwp,42,1
3350,goal_335,10,exito,15417,2468.08,05,sthwp,42,1
3351,goal_336,1,exito,15444,2480.32,05,sthwp,42,1
3352,goal_336,2,exito,15444,2480.32,05,sthwp,42,1
3353,goal_336,3,exito,15444,2480.34,05,sthwp,42,1
3354,goal_336,4,exito,15444,2480.34,05,sthwp,42,1
3355,goal_336,5,exito,15444,2480.35,05,sthwp,42,1
3356,goal_336,6,exito,15444,2480.34,05,sthwp,42,1
3357,goal_336,7,exito,15444,2479.53,05,sthwp,42,1
3358,goal_336,8,exito,15444,2451.69,05,sthwp,42,1
3359,goal_336,9,col_return,10349,1475.87,05,sthwp,42,1
3360,goal_336,10,exito,15433,2480.0,05,sthwp,42,1
3361,goal_337,1,exito,15206,2438.0,05,sthwp,42,1
3362,goal_337,2,exito,15206,2438.0,05,sthwp,42,1
3363,goal_337,3,exito,15206,2438.01,05,sthwp,42,1
3364,goal_337,4,exito,15206,2438.03,05,sthwp,42,1
3365,goal_337,5,exito,15206,2438.01,05,sthwp,42,1
3366,goal_337,6,exito,15206,2438.01,05,sthwp,42,1
3367,goal_337,7,exito,15206,2438.0,05,sthwp,42,1
3368,goal_337,8,exito,15206,2438.01,05,sthwp,42,1
3369,goal_337,9,exito,15206,2438.01,05,sthwp,42,1
3370,goal_337,10,exito,15206,2438.04,05,sthwp,42,1
3371,goal_338,1,exito,15243,2452.1,05,sthwp,42,1
3372,goal_338,2,exito,15243,2452.09,05,sthwp,42,1
3373,goal_338,3,exito,15243,2452.09,05,sthwp,42,1
3374,goal_338,4,exito,15243,2452.1,05,sthwp,42,1
3375,goal_338,5,exito,15243,2452.1,05,sthwp,42,1
3376,goal_338,6,exito,15243,2452.11,05,sthwp,42,1
3377,goal_338,7,exito,15243,2451.22,05,sthwp,42,1
3378,goal_338,8,exito,15243,2444.34,05,sthwp,42,1
3379,goal_338,9,col_return,10364,1471.58,05,sthwp,42,1
3380,goal_338,10,exito,15233,2451.75,05,sthwp,42,1
3381,goal_339,1,exito,14975,2405.24,05,sthwp,42,1
3382,goal_339,2,exito,14976,2405.4,05,sthwp,42,1
3383,goal_339,3,exito,14976,2405.46,05,sthwp,42,1
3384,goal_339,4,exito,14976,2405.44,05,sthwp,42,1
3385,goal_339,5,exito,14976,2405.46,05,sthwp,42,1
3386,goal_339,6,exito,14976,2405.47,05,sthwp,42,1
3387,goal_339,7,exito,14976,2405.47,05,sthwp,42,1
3388,goal_339,8,exito,14975,2405.29,05,sthwp,42,1
3389,goal_339,9,exito,14976,2405.42,05,sthwp,42,1
3390,goal_339,10,exito,14975,2405.28,05,sthwp,42,1
3391,goal_340,1,exito,15014,2419.97,05,sthwp,42,1
3392,goal_340,2,exito,15014,2419.98,05,sthwp,42,1
3393,goal_340,3,exito,15014,2419.98,05,sthwp,42,1
3394,goal_340,4,exito,15014,2419.97,05,sthwp,42,1
3395,goal_340,5,exito,15014,2419.97,05,sthwp,42,1
3396,goal_340,6,exito,15014,2419.97,05,sthwp,42,1
3397,goal_340,7,exito,15014,2419.97,05,sthwp,42,1
3398,goal_340,8,exito,15014,2419.99,05,sthwp,42,1
3399,goal_340,9,exito,15014,2419.99,05,sthwp,42,1
3400,goal_340,10,exito,15014,2419.99,05,sthwp,42,1
3401,goal_341,1,exito,14748,2373.66,05,sthwp,42,1
3402,goal_341,2,exito,14748,2373.64,05,sthwp,42,1
3403,goal_341,3,exito,14749,2363.67,05,sthwp,42,1
3404,goal_341,4,col_return,8967,1267.88,05,sthwp,42,1
3405,goal_341,5,exito,14737,2373.33,05,sthwp,42,1
3406,goal_341,6,exito,14748,2373.66,05,sthwp,42,1
3407,goal_341,7,exito,14748,2373.65,05,sthwp,42,1
3408,goal_341,8,exito,14748,2373.64,05,sthwp,42,1
3409,goal_341,9,exito,14748,2373.64,05,sthwp,42,1
3410,goal_341,10,exito,14749,2342.49,05,sthwp,42,1
3411,goal_342,1,col_return,8997,1283.81,05,sthwp,42,1
3412,goal_342,2,exito,14761,2385.9,05,sthwp,42,1
3413,goal_342,3,exito,14773,2386.27,05,sthwp,42,1
3414,goal_342,4,exito,14773,2386.27,05,sthwp,42,1
3415,goal_342,5,exito,14773,2386.27,05,sthwp,42,1
3416,goal_342,6,exito,14773,2386.28,05,sthwp,42,1
3417,goal_342,7,exito,14773,2386.27,05,sthwp,42,1
3418,goal_342,8,exito,14782,2142.05,05,sthwp,42,1
3419,goal_342,9,col_return,9046,1288.58,05,sthwp,42,1
3420,goal_342,10,exito,14762,2385.94,05,sthwp,42,1
3421,goal_343,1,exito,14559,2348.38,05,sthwp,42,1
3422,goal_343,2,exito,14559,2348.41,05,sthwp,42,1
3423,goal_343,3,exito,14578,2105.77,05,sthwp,42,1
3424,goal_343,4,col_return,8928,1267.98,05,sthwp,42,1
3425,goal_343,5,exito,14547,2347.92,05,sthwp,42,1
3426,goal_343,6,exito,14559,2348.41,05,sthwp,42,1
3427,goal_343,7,exito,14560,2328.91,05,sthwp,42,1
3428,goal_343,8,col_return,8886,1258.8,05,sthwp,42,1
3429,goal_343,9,exito,14548,2348.09,05,sthwp,42,1
3430,goal_343,10,exito,14559,2348.41,05,sthwp,42,1
3431,goal_344,1,exito,14554,2349.06,05,sthwp,42,1
3432,goal_344,2,col_return,8858,1260.81,05,sthwp,42,1
3433,goal_344,3,exito,14543,2354.33,05,sthwp,42,1
3434,goal_344,4,exito,14554,2354.65,05,sthwp,42,1
3435,goal_344,5,exito,14554,2354.64,05,sthwp,42,1
3436,goal_344,6,col_return,8843,1262.87,05,sthwp,42,1
3437,goal_344,7,exito,14543,2354.34,05,sthwp,42,1
3438,goal_344,8,exito,14554,2354.65,05,sthwp,42,1
3439,goal_344,9,exito,14554,2350.57,05,sthwp,42,1
3440,goal_344,10,col_return,8852,1261.12,05,sthwp,42,1
3441,goal_345,1,exito,14352,2321.43,05,sthwp,42,1
3442,goal_345,2,exito,14363,2321.8,05,sthwp,42,1
3443,goal_345,3,col_return,8724,1233.01,05,sthwp,42,1
3444,goal_345,4,exito,14352,2321.47,05,sthwp,42,1
3445,goal_345,5,exito,14363,2321.77,05,sthwp,42,1
3446,goal_345,6,col_return,8751,1240.69,05,sthwp,42,1
3447,goal_345,7,exito,14352,2321.4,05,sthwp,42,1
3448,goal_345,8,exito,14363,2314.88,05,sthwp,42,1
3449,goal_345,9,col_return,8756,1246.07,05,sthwp,42,1
3450,goal_345,10,exito,14352,2321.45,05,sthwp,42,1
3451,goal_346,1,exito,14285,2233.24,05,sthwp,42,1
3452,goal_346,2,col_return,8780,1247.36,05,sthwp,42,1
3453,goal_346,3,exito,14274,2312.91,05,sthwp,42,1
3454,goal_346,4,col_return,8502,1206.97,05,sthwp,42,1
3455,goal_346,5,exito,14274,2312.93,05,sthwp,42,1
3456,goal_346,6,exito,14285,2308.66,05,sthwp,42,1
3457,goal_346,7,col_return,8720,1238.59,05,sthwp,42,1
3458,goal_346,8,exito,14274,2312.92,05,sthwp,42,1
3459,goal_346,9,col_return,8465,1204.55,05,sthwp,42,1
3460,goal_346,10,exito,14274,2312.93,05,sthwp,42,1
3461,goal_347,1,exito,14180,2266.56,05,sthwp,42,1
3462,goal_347,2,col_return,8708,1239.12,05,sthwp,42,1
3463,goal_347,3,exito,14169,2299.42,05,sthwp,42,1
3464,goal_347,4,col_return,8510,1214.42,05,sthwp,42,1
3465,goal_347,5,exito,14169,2299.42,05,sthwp,42,1
3466,goal_347,6,col_return,8425,1199.24,05,sthwp,42,1
3467,goal_347,7,exito,14169,2299.42,05,sthwp,42,1
3468,goal_347,8,col_return,8377,1192.12,05,sthwp,42,1
3469,goal_347,9,exito,14169,2299.42,05,sthwp,42,1
3470,goal_347,10,exito,14218,2034.94,05,sthwp,42,1
3471,goal_348,1,col_return,8690,1239.54,05,sthwp,42,1
3472,goal_348,2,exito,14071,2284.42,05,sthwp,42,1
3473,goal_348,3,col_return,8567,1217.44,05,sthwp,42,1
3474,goal_348,4,exito,14071,2284.42,05,sthwp,42,1
3475,goal_348,5,col_return,8492,1209.04,05,sthwp,42,1
3476,goal_348,6,exito,14071,2284.42,05,sthwp,42,1
3477,goal_348,7,col_return,8464,1202.43,05,sthwp,42,1
3478,goal_348,8,exito,14071,2284.41,05,sthwp,42,1
3479,goal_348,9,col_return,8438,1202.51,05,sthwp,42,1
3480,goal_348,10,exito,14071,2284.43,05,sthwp,42,1
3481,goal_349,1,col_return,8534,1205.46,05,sthwp,42,1
3482,goal_349,2,col_approach,2966,261.37,05,sthwp,42,1
3483,goal_349,3,exito,14275,2305.02,05,sthwp,42,1
3484,goal_349,4,exito,14286,2305.35,05,sthwp,42,1
3485,goal_349,5,exito,14286,2291.07,05,sthwp,42,1
3486,goal_349,6,exito,14286,2304.38,05,sthwp,42,1
3487,goal_349,7,exito,14287,2275.1,05,sthwp,42,1
3488,goal_349,8,exito,14286,2291.14,05,sthwp,42,1
3489,goal_349,9,col_return,8677,1227.99,05,sthwp,42,1
3490,goal_349,10,col_approach,3018,276.22,05,sthwp,42,1
3491,goal_350,1,exito,14200,2297.46,05,sthwp,42,1
3492,goal_350,2,exito,14211,2297.89,05,sthwp,42,1
3493,goal_350,3,exito,14211,2297.88,05,sthwp,42,1
3494,goal_350,4,exito,14211,2297.44,05,sthwp,42,1
3495,goal_350,5,exito,14211,2273.74,05,sthwp,42,1
3496,goal_350,6,col_return,8522,1194.14,05,sthwp,42,1
3497,goal_350,7,exito,14200,2288.12,05,sthwp,42,1
3498,goal_350,8,col_return,8408,1158.95,05,sthwp,42,1
3499,goal_350,9,exito,14200,2291.79,05,sthwp,42,1
3500,goal_350,10,col_approach,3309,309.66,05,sthwp,42,1
3501,goal_351,1,exito,14454,2333.47,05,sthwp,42,1
3502,goal_351,2,exito,14465,2333.81,05,sthwp,42,1
3503,goal_351,3,exito,14465,2321.51,05,sthwp,42,1
3504,goal_351,4,exito,14465,2333.34,05,sthwp,42,1
3505,goal_351,5,col_approach,2791,228.77,05,sthwp,42,1
3506,goal_351,6,exito,14457,2333.75,05,sthwp,42,1
3507,goal_351,7,exito,14465,2333.82,05,sthwp,42,1
3508,goal_351,8,exito,14465,2333.8,05,sthwp,42,1
3509,goal_351,9,col_approach,2867,220.74,05,sthwp,42,1
3510,goal_351,10,exito,14454,2315.96,05,sthwp,42,1
3511,goal_352,1,exito,14397,2322.25,05,sthwp,42,1
3512,goal_352,2,exito,14397,2322.25,05,sthwp,42,1
3513,goal_352,3,exito,14397,2322.25,05,sthwp,42,1
3514,goal_352,4,exito,14397,2322.25,05,sthwp,42,1
3515,goal_352,5,exito,14397,2311.38,05,sthwp,42,1
3516,goal_352,6,exito,14397,2321.91,05,sthwp,42,1
3517,goal_352,7,exito,14397,2310.44,05,sthwp,42,1
3518,goal_352,8,col_approach,3112,277.91,05,sthwp,42,1
3519,goal_352,9,exito,14386,2321.9,05,sthwp,42,1
3520,goal_352,10,exito,14397,2322.25,05,sthwp,42,1
3521,goal_353,1,col_approach,2825,220.68,05,sthwp,42,1
3522,goal_353,2,col_return,9770,1388.93,05,sthwp,42,1
3523,goal_353,3,exito,14710,2373.02,05,sthwp,42,1
3524,goal_353,4,exito,14721,2373.22,05,sthwp,42,1
3525,goal_353,5,col_return,8921,1264.69,05,sthwp,42,1
3526,goal_353,6,exito,14710,2362.56,05,sthwp,42,1
3527,goal_353,7,exito,14721,2372.17,05,sthwp,42,1
3528,goal_353,8,exito,14721,2373.51,05,sthwp,42,1
3529,goal_353,9,exito,14721,2373.26,05,sthwp,42,1
3530,goal_353,10,exito,14721,2373.23,05,sthwp,42,1
3531,goal_354,1,col_return,8877,1252.26,05,sthwp,42,1
3532,goal_354,2,exito,14655,2330.28,05,sthwp,42,1
3533,goal_354,3,exito,14666,2351.07,05,sthwp,42,1
3534,goal_354,4,exito,14666,2356.09,05,sthwp,42,1
3535,goal_354,5,exito,14666,2357.25,05,sthwp,42,1
3536,goal_354,6,col_return,8863,1249.44,05,sthwp,42,1
3537,goal_354,7,exito,14653,2327.58,05,sthwp,42,1
3538,goal_354,8,exito,14666,2350.51,05,sthwp,42,1
3539,goal_354,9,exito,14666,2355.96,05,sthwp,42,1
3540,goal_354,10,exito,14664,2356.88,05,sthwp,42,1
3541,goal_355,1,exito,14964,2409.73,05,sthwp,42,1
3542,goal_355,2,exito,14964,2409.76,05,sthwp,42,1
3543,goal_355,3,exito,14964,2405.3,05,sthwp,42,1
3544,goal_355,4,exito,14964,2398.91,05,sthwp,42,1
3545,goal_355,5,exito,14964,2385.04,05,sthwp,42,1
3546,goal_355,6,exito,14964,2354.23,05,sthwp,42,1
3547,goal_355,7,exito,14965,2285.77,05,sthwp,42,1
3548,goal_355,8,exito,14982,2166.08,05,sthwp,42,1
3549,goal_355,9,exito,14995,2155.68,05,sthwp,42,1
3550,goal_355,10,col_return,9131,1299.59,05,sthwp,42,1
3551,goal_356,1,exito,14969,2394.21,05,sthwp,42,1
3552,goal_356,2,exito,14982,2396.27,05,sthwp,42,1
3553,goal_356,3,exito,14981,2397.46,05,sthwp,42,1
3554,goal_356,4,exito,14982,2398.79,05,sthwp,42,1
3555,goal_356,5,exito,14982,2399.87,05,sthwp,42,1
3556,goal_356,6,exito,14982,2400.75,05,sthwp,42,1
3557,goal_356,7,exito,14981,2401.36,05,sthwp,42,1
3558,goal_356,8,exito,14982,2402.19,05,sthwp,42,1
3559,goal_356,9,exito,14982,2402.84,05,sthwp,42,1
3560,goal_356,10,exito,14982,2403.34,05,sthwp,42,1
3561,goal_357,1,exito,15178,2437.91,05,sthwp,42,1
3562,goal_357,2,exito,15178,2428.26,05,sthwp,42,1
3563,goal_357,3,col_approach,2862,250.14,05,sthwp,42,1
3564,goal_357,4,exito,15167,2440.48,05,sthwp,42,1
3565,goal_357,5,exito,15178,2440.75,05,sthwp,42,1
3566,goal_357,6,exito,15178,2438.94,05,sthwp,42,1
3567,goal_357,7,exito,15178,2432.5,05,sthwp,42,1
3568,goal_357,8,exito,15178,2413.18,05,sthwp,42,1
3569,goal_357,9,col_return,10224,1451.34,05,sthwp,42,1
3570,goal_357,10,exito,15167,2440.48,05,sthwp,42,1
3571,goal_358,1,exito,15254,2449.83,05,sthwp,42,1
3572,goal_358,2,exito,15254,2449.83,05,sthwp,42,1
3573,goal_358,3,exito,15254,2446.81,05,sthwp,42,1
3574,goal_358,4,exito,15254,2426.09,05,sthwp,42,1
3575,goal_358,5,col_approach,2781,235.1,05,sthwp,42,1
3576,goal_358,6,exito,15241,2449.27,05,sthwp,42,1
3577,goal_358,7,exito,15254,2446.93,05,sthwp,42,1
3578,goal_358,8,exito,15254,2429.67,05,sthwp,42,1
3579,goal_358,9,col_return,10275,1466.51,05,sthwp,42,1
3580,goal_358,10,exito,15243,2449.5,05,sthwp,42,1
3581,goal_359,1,exito,15401,2472.09,05,sthwp,42,1
3582,goal_359,2,exito,15401,2469.9,05,sthwp,42,1
3583,goal_359,3,col_approach,2857,245.99,05,sthwp,42,1
3584,goal_359,4,exito,15390,2471.32,05,sthwp,42,1
3585,goal_359,5,exito,15401,2455.07,05,sthwp,42,1
3586,goal_359,6,col_return,10370,1476.86,05,sthwp,42,1
3587,goal_359,7,exito,15390,2471.76,05,sthwp,42,1
3588,goal_359,8,exito,15401,2472.11,05,sthwp,42,1
3589,goal_359,9,exito,15401,2458.41,05,sthwp,42,1
3590,goal_359,10,exito,15404,2440.24,05,sthwp,42,1
3591,goal_360,1,exito,15511,2486.02,05,sthwp,42,1
3592,goal_360,2,exito,15511,2485.63,05,sthwp,42,1
3593,goal_360,3,exito,15511,2486.6,05,sthwp,42,1
3594,goal_360,4,exito,15511,2487.12,05,sthwp,42,1
3595,goal_360,5,exito,15511,2487.11,05,sthwp,42,1
3596,goal_360,6,exito,15511,2464.74,05,sthwp,42,1
3597,goal_360,7,col_return,10396,1482.56,05,sthwp,42,1
3598,goal_360,8,exito,15500,2486.75,05,sthwp,42,1
3599,goal_360,9,exito,15511,2485.02,05,sthwp,42,1
3600,goal_360,10,col_approach,2802,236.69,05,sthwp,42,1
3601,goal_361,1,exito,15593,2495.25,05,sthwp,42,1
3602,goal_361,2,col_return,10539,1504.08,05,sthwp,42,1
3603,goal_361,3,exito,15592,2500.85,05,sthwp,42,1
3604,goal_361,4,exito,15603,2498.12,05,sthwp,42,1
3605,goal_361,5,exito,15604,2472.94,05,sthwp,42,1
3606,goal_361,6,exito,15602,2500.88,05,sthwp,42,1
3607,goal_361,7,exito,15627,2436.89,05,sthwp,42,1
3608,goal_361,8,exito,15604,2501.29,05,sthwp,42,1
3609,goal_361,9,exito,15603,2500.4,05,sthwp,42,1
3610,goal_361,10,col_return,10657,1516.53,05,sthwp,42,1
3611,goal_362,1,exito,15702,2515.31,05,sthwp,42,1
3612,goal_362,2,exito,15712,2512.34,05,sthwp,42,1
3613,goal_362,3,exito,15712,2504.51,05,sthwp,42,1
3614,goal_362,4,exito,15712,2515.72,05,sthwp,42,1
3615,goal_362,5,exito,15712,2515.73,05,sthwp,42,1
3616,goal_362,6,exito,15711,2515.47,05,sthwp,42,1
3617,goal_362,7,col_return,10743,1530.96,05,sthwp,42,1
3618,goal_362,8,exito,15701,2515.2,05,sthwp,42,1
3619,goal_362,9,exito,15711,2511.8,05,sthwp,42,1
3620,goal_362,10,exito,15711,2505.03,05,sthwp,42,1
3621,goal_363,1,exito,15842,2536.11,05,sthwp,42,1
3622,goal_363,2,exito,15842,2536.07,05,sthwp,42,1
3623,goal_363,3,exito,15842,2523.5,05,sthwp,42,1
3624,goal_363,4,col_return,10604,1513.9,05,sthwp,42,1
3625,goal_363,5,exito,15831,2535.77,05,sthwp,42,1
3626,goal_363,6,col_approach,2813,247.91,05,sthwp,42,1
3627,goal_363,7,exito,15833,2513.85,05,sthwp,42,1
3628,goal_363,8,col_return,10561,1507.94,05,sthwp,42,1
3629,goal_363,9,exito,15831,2535.76,05,sthwp,42,1
3630,goal_363,10,col_approach,2808,237.58,05,sthwp,42,1
3631,goal_364,1,col_return,11006,1570.79,05,sthwp,42,1
3632,goal_364,2,exito,15931,2547.84,05,sthwp,42,1
3633,goal_364,3,exito,15940,2532.02,05,sthwp,42,1
3634,goal_364,4,exito,15940,2547.95,05,sthwp,42,1
3635,goal_364,5,exito,15940,2547.97,05,sthwp,42,1
3636,goal_364,6,exito,15940,2536.13,05,sthwp,42,1
3637,goal_364,7,col_return,10660,1518.87,05,sthwp,42,1
3638,goal_364,8,exito,15929,2547.64,05,sthwp,42,1
3639,goal_364,9,exito,15943,2508.78,05,sthwp,42,1
3640,goal_364,10,exito,15940,2546.5,05,sthwp,42,1
3641,goal_365,1,exito,16092,2572.84,05,sthwp,42,1
3642,goal_365,2,col_return,10950,1564.61,05,sthwp,42,1
3643,goal_365,3,exito,16081,2572.5,05,sthwp,42,1
3644,goal_365,4,exito,16092,2536.86,05,sthwp,42,1
3645,goal_365,5,exito,16092,2524.18,05,sthwp,42,1
3646,goal_365,6,exito,16092,2568.11,05,sthwp,42,1
3647,goal_365,7,col_return,10802,1538.71,05,sthwp,42,1
3648,goal_365,8,exito,16081,2572.55,05,sthwp,42,1
3649,goal_365,9,exito,16092,2562.25,05,sthwp,42,1
3650,goal_365,10,exito,16100,2516.54,05,sthwp,42,1
3651,goal_366,1,exito,16168,2552.9,05,sthwp,42,1
3652,goal_366,2,col_return,10706,1524.97,05,sthwp,42,1
3653,goal_366,3,exito,16157,2579.78,05,sthwp,42,1
3654,goal_366,4,exito,16168,2578.79,05,sthwp,42,1
3655,goal_366,5,exito,16168,2580.25,05,sthwp,42,1
3656,goal_366,6,col_return,11111,1582.13,05,sthwp,42,1
3657,goal_366,7,exito,16157,2579.88,05,sthwp,42,1
3658,goal_366,8,exito,16171,2543.87,05,sthwp,42,1
3659,goal_366,9,col_approach,2787,219.38,05,sthwp,42,1
3660,goal_366,10,col_return,10486,1493.98,05,sthwp,42,1
3661,goal_367,1,exito,16299,2601.47,05,sthwp,42,1
3662,goal_367,2,exito,16310,2604.95,05,sthwp,42,1
3663,goal_367,3,exito,16310,2595.36,05,sthwp,42,1
3664,goal_367,4,col_return,10859,1550.82,05,sthwp,42,1
3665,goal_367,5,exito,16299,2604.61,05,sthwp,42,1
3666,goal_367,6,exito,16310,2604.96,05,sthwp,42,1
3667,goal_367,7,exito,16310,2603.4,05,sthwp,42,1
3668,goal_367,8,col_return,10970,1566.51,05,sthwp,42,1
3669,goal_367,9,exito,16299,2604.64,05,sthwp,42,1
3670,goal_367,10,exito,16310,2603.88,05,sthwp,42,1
3671,goal_368,1,exito,16371,2608.37,05,sthwp,42,1
3672,goal_368,2,col_return,11022,1569.64,05,sthwp,42,1
3673,goal_368,3,exito,16360,2608.95,05,sthwp,42,1
3674,goal_368,4,exito,16371,2608.92,05,sthwp,42,1
3675,goal_368,5,exito,16371,2606.11,05,sthwp,42,1
3676,goal_368,6,col_return,10957,1560.37,05,sthwp,42,1
3677,goal_368,7,exito,16360,2609.0,05,sthwp,42,1
3678,goal_368,8,exito,16371,2609.35,05,sthwp,42,1
3679,goal_368,9,exito,16371,2603.91,05,sthwp,42,1
3680,goal_368,10,col_return,10932,1554.0,05,sthwp,42,1
3681,goal_369,1,exito,16549,2641.4,05,sthwp,42,1
3682,goal_369,2,exito,16560,2641.74,05,sthwp,42,1
3683,goal_369,3,col_return,11504,1642.96,05,sthwp,42,1
3684,goal_369,4,exito,16549,2641.4,05,sthwp,42,1
3685,goal_369,5,exito,16560,2640.32,05,sthwp,42,1
3686,goal_369,6,exito,16560,2615.89,05,sthwp,42,1
3687,goal_369,7,col_return,10916,1556.55,05,sthwp,42,1
3688,goal_369,8,exito,16549,2638.64,05,sthwp,42,1
3689,goal_369,9,exito,16560,2636.19,05,sthwp,42,1
3690,goal_369,10,col_return,11402,1627.97,05,sthwp,42,1
3691,goal_370,1,exito,16603,2644.76,05,sthwp,42,1
3692,goal_370,2,exito,16614,2645.1,05,sthwp,42,1
3693,goal_370,3,col_return,11614,1656.61,05,sthwp,42,1
3694,goal_370,4,exito,16603,2644.75,05,sthwp,42,1
3695,goal_370,5,exito,16614,2643.57,05,sthwp,42,1
3696,goal_370,6,col_return,11729,1653.68,05,sthwp,42,1
3697,goal_370,7,exito,16603,2644.76,05,sthwp,42,1
3698,goal_370,8,exito,16614,2642.6,05,sthwp,42,1
3699,goal_370,9,exito,16614,2611.84,05,sthwp,42,1
3700,goal_370,10,col_return,10918,1552.37,05,sthwp,42,1
3701,goal_371,1,exito,16768,2669.34,05,sthwp,42,1
3702,goal_371,2,exito,16789,2612.26,05,sthwp,42,1
3703,goal_371,3,col_return,11262,1607.28,05,sthwp,42,1
3704,goal_371,4,exito,16768,2672.87,05,sthwp,42,1
3705,goal_371,5,exito,16779,2639.33,05,sthwp,42,1
3706,goal_371,6,col_return,11348,1623.11,05,sthwp,42,1
3707,goal_371,7,exito,16768,2673.66,05,sthwp,42,1
3708,goal_371,8,exito,16779,2669.67,05,sthwp,42,1
3709,goal_371,9,col_return,11408,1628.89,05,sthwp,42,1
3710,goal_371,10,exito,16768,2673.63,05,sthwp,42,1
3711,goal_372,1,exito,16831,2675.81,05,sthwp,42,1
3712,goal_372,2,col_return,11420,1629.64,05,sthwp,42,1
3713,goal_372,3,exito,16821,2677.07,05,sthwp,42,1
3714,goal_372,4,exito,16832,2668.52,05,sthwp,42,1
3715,goal_372,5,col_return,11385,1623.05,05,sthwp,42,1
3716,goal_372,6,exito,16821,2677.07,05,sthwp,42,1
3717,goal_372,7,exito,16832,2656.95,05,sthwp,42,1
3718,goal_372,8,col_return,11371,1618.14,05,sthwp,42,1
3719,goal_372,9,exito,16821,2676.77,05,sthwp,42,1
3720,goal_372,10,exito,16831,2643.05,05,sthwp,42,1
3721,goal_373,1,col_return,11177,1588.22,05,sthwp,42,1
3722,goal_373,2,exito,16459,2621.58,05,sthwp,42,1
3723,goal_373,3,exito,16470,2621.92,05,sthwp,42,1
3724,goal_373,4,exito,16470,2600.5,05,sthwp,42,1
3725,goal_373,5,col_return,10884,1545.8,05,sthwp,42,1
3726,goal_373,6,exito,16459,2621.57,05,sthwp,42,1
3727,goal_373,7,exito,16470,2621.9,05,sthwp,42,1
3728,goal_373,8,col_return,11476,1632.82,05,sthwp,42,1
3729,goal_373,9,exito,16459,2621.58,05,sthwp,42,1
3730,goal_373,10,exito,16470,2621.91,05,sthwp,42,1
3731,goal_374,1,exito,16230,2599.38,05,sthwp,42,1
3732,goal_374,2,col_return,11037,1581.24,05,sthwp,42,1
3733,goal_374,3,exito,16219,2599.14,05,sthwp,42,1
3734,goal_374,4,exito,16230,2599.46,05,sthwp,42,1
3735,goal_374,5,exito,16230,2599.47,05,sthwp,42,1
3736,goal_374,6,col_return,11171,1604.01,05,sthwp,42,1
3737,goal_374,7,exito,16219,2599.13,05,sthwp,42,1
3738,goal_374,8,exito,16230,2599.46,05,sthwp,42,1
3739,goal_374,9,exito,16230,2599.47,05,sthwp,42,1
3740,goal_374,10,col_return,11251,1612.92,05,sthwp,42,1
3741,goal_375,1,exito,16335,2603.13,05,sthwp,42,1
3742,goal_375,2,exito,16346,2603.48,05,sthwp,42,1
3743,goal_375,3,exito,16344,2603.29,05,sthwp,42,1
3744,goal_375,4,col_return,11168,1587.36,05,sthwp,42,1
3745,goal_375,5,exito,16334,2602.96,05,sthwp,42,1
3746,goal_375,6,exito,16345,2603.28,05,sthwp,42,1
3747,goal_375,7,exito,16345,2603.28,05,sthwp,42,1
3748,goal_375,8,col_return,11067,1574.19,05,sthwp,42,1
3749,goal_375,9,exito,16333,2602.9,05,sthwp,42,1
3750,goal_375,10,exito,16345,2603.28,05,sthwp,42,1
3751,goal_376,1,exito,16129,2585.37,05,sthwp,42,1
3752,goal_376,2,col_return,11022,1580.53,05,sthwp,42,1
3753,goal_376,3,exito,16118,2585.07,05,sthwp,42,1
3754,goal_376,4,exito,16129,2585.4,05,sthwp,42,1
3755,goal_376,5,exito,16129,2585.41,05,sthwp,42,1
3756,goal_376,6,exito,16129,2573.37,05,sthwp,42,1
3757,goal_376,7,col_return,10754,1541.72,05,sthwp,42,1
3758,goal_376,8,exito,16118,2585.06,05,sthwp,42,1
3759,goal_376,9,exito,16129,2585.42,05,sthwp,42,1
3760,goal_376,10,exito,16129,2585.41,05,sthwp,42,1
3761,goal_377,1,col_return,11172,1590.83,05,sthwp,42,1
3762,goal_377,2,exito,16094,2568.39,05,sthwp,42,1
3763,goal_377,3,exito,16105,2568.8,05,sthwp,42,1
3764,goal_377,4,exito,16105,2568.8,05,sthwp,42,1
3765,goal_377,5,exito,16105,2567.66,05,sthwp,42,1
3766,goal_377,6,col_return,10880,1547.87,05,sthwp,42,1
3767,goal_377,7,exito,16094,2568.47,05,sthwp,42,1
3768,goal_377,8,exito,16105,2568.79,05,sthwp,42,1
3769,goal_377,9,exito,16105,2568.8,05,sthwp,42,1
3770,goal_377,10,exito,16105,2555.47,05,sthwp,42,1
3771,goal_378,1,col_return,10617,1522.94,05,sthwp,42,1
3772,goal_378,2,exito,15862,2548.26,05,sthwp,42,1
3773,goal_378,3,exito,15873,2548.6,05,sthwp,42,1
3774,goal_378,4,exito,15873,2548.59,05,sthwp,42,1
3775,goal_378,5,exito,15873,2548.59,05,sthwp,42,1
3776,goal_378,6,exito,15873,2537.32,05,sthwp,42,1
3777,goal_378,7,col_return,10636,1522.15,05,sthwp,42,1
3778,goal_378,8,exito,15862,2548.26,05,sthwp,42,1
3779,goal_378,9,exito,15873,2548.59,05,sthwp,42,1
3780,goal_378,10,exito,15873,2548.58,05,sthwp,42,1
3781,goal_379,1,exito,15874,2536.18,05,sthwp,42,1
3782,goal_379,2,exito,15874,2525.02,05,sthwp,42,1
3783,goal_379,3,col_return,10636,1510.73,05,sthwp,42,1
3784,goal_379,4,exito,15863,2535.83,05,sthwp,42,1
3785,goal_379,5,exito,15874,2536.16,05,sthwp,42,1
3786,goal_379,6,exito,15874,2536.15,05,sthwp,42,1
3787,goal_379,7,exito,15874,2536.16,05,sthwp,42,1
3788,goal_379,8,exito,15874,2524.93,05,sthwp,42,1
3789,goal_379,9,col_return,10628,1513.14,05,sthwp,42,1
3790,goal_379,10,exito,15863,2535.83,05,sthwp,42,1
3791,goal_380,1,exito,15627,2513.03,05,sthwp,42,1
3792,goal_380,2,exito,15627,2513.03,05,sthwp,42,1
3793,goal_380,3,exito,15627,2513.04,05,sthwp,42,1
3794,goal_380,4,exito,15627,2513.03,05,sthwp,42,1
3795,goal_380,5,exito,15627,2512.81,05,sthwp,42,1
3796,goal_380,6,col_return,10695,1532.59,05,sthwp,42,1
3797,goal_380,7,exito,15616,2512.7,05,sthwp,42,1
3798,goal_380,8,exito,15627,2513.03,05,sthwp,42,1
3799,goal_380,9,exito,15627,2513.05,05,sthwp,42,1
3800,goal_380,10,exito,15627,2513.02,05,sthwp,42,1
3801,goal_381,1,exito,15674,2507.96,05,sthwp,42,1
3802,goal_381,2,exito,15675,2508.11,05,sthwp,42,1
3803,goal_381,3,exito,15674,2504.32,05,sthwp,42,1
3804,goal_381,4,col_return,10605,1508.62,05,sthwp,42,1
3805,goal_381,5,exito,15661,2507.42,05,sthwp,42,1
3806,goal_381,6,exito,15675,2508.14,05,sthwp,42,1
3807,goal_381,7,exito,15674,2507.98,05,sthwp,42,1
3808,goal_381,8,exito,15674,2507.95,05,sthwp,42,1
3809,goal_381,9,exito,15674,2507.94,05,sthwp,42,1
3810,goal_381,10,exito,15674,2507.95,05,sthwp,42,1
3811,goal_382,1,exito,15412,2476.84,05,sthwp,42,1
3812,goal_382,2,col_return,10446,1498.2,05,sthwp,42,1
3813,goal_382,3,exito,15402,2482.31,05,sthwp,42,1
3814,goal_382,4,exito,15412,2482.67,05,sthwp,42,1
3815,goal_382,5,exito,15412,2482.66,05,sthwp,42,1
3816,goal_382,6,exito,15412,2482.67,05,sthwp,42,1
3817,goal_382,7,exito,15412,2482.65,05,sthwp,42,1
3818,goal_382,8,exito,15412,2482.67,05,sthwp,42,1
3819,goal_382,9,exito,15412,2482.64,05,sthwp,42,1
3820,goal_382,10,exito,15412,2482.66,05,sthwp,42,1
3821,goal_383,1,exito,15444,2475.49,05,sthwp,42,1
3822,goal_383,2,exito,15444,2475.49,05,sthwp,42,1
3823,goal_383,3,exito,15444,2465.13,05,sthwp,42,1
3824,goal_383,4,col_return,10428,1481.91,05,sthwp,42,1
3825,goal_383,5,exito,15433,2475.16,05,sthwp,42,1
3826,goal_383,6,exito,15444,2475.49,05,sthwp,42,1
3827,goal_383,7,exito,15444,2475.5,05,sthwp,42,1
3828,goal_383,8,exito,15444,2475.49,05,sthwp,42,1
3829,goal_383,9,exito,15444,2475.5,05,sthwp,42,1
3830,goal_383,10,exito,15444,2475.49,05,sthwp,42,1
3831,goal_384,1,exito,15176,2448.65,05,sthwp,42,1
3832,goal_384,2,exito,15175,2448.69,05,sthwp,42,1
3833,goal_384,3,exito,15175,2448.7,05,sthwp,42,1
3834,goal_384,4,exito,15175,2448.69,05,sthwp,42,1
3835,goal_384,5,exito,15175,2448.69,05,sthwp,42,1
3836,goal_384,6,exito,15175,2448.7,05,sthwp,42,1
3837,goal_384,7,exito,15175,2448.68,05,sthwp,42,1
3838,goal_384,8,exito,15175,2448.7,05,sthwp,42,1
3839,goal_384,9,exito,15175,2448.23,05,sthwp,42,1
3840,goal_384,10,exito,15175,2445.56,05,sthwp,42,1
3841,goal_385,1,exito,15243,2427.73,05,sthwp,42,1
3842,goal_385,2,col_return,10280,1461.28,05,sthwp,42,1
3843,goal_385,3,exito,15232,2447.06,05,sthwp,42,1
3844,goal_385,4,exito,15243,2447.39,05,sthwp,42,1
3845,goal_385,5,exito,15243,2447.38,05,sthwp,42,1
3846,goal_385,6,exito,15243,2447.39,05,sthwp,42,1
3847,goal_385,7,exito,15243,2447.39,05,sthwp,42,1
3848,goal_385,8,exito,15243,2447.38,05,sthwp,42,1
3849,goal_385,9,exito,15243,2447.38,05,sthwp,42,1
3850,goal_385,10,exito,15243,2447.38,05,sthwp,42,1
3851,goal_386,1,exito,15013,2425.76,05,sthwp,42,1
3852,goal_386,2,exito,15013,2425.76,05,sthwp,42,1
3853,goal_386,3,exito,15013,2425.77,05,sthwp,42,1
3854,goal_386,4,exito,15013,2425.76,05,sthwp,42,1
3855,goal_386,5,exito,15013,2425.76,05,sthwp,42,1
3856,goal_386,6,exito,15013,2425.75,05,sthwp,42,1
3857,goal_386,7,exito,15013,2425.76,05,sthwp,42,1
3858,goal_386,8,exito,15013,2425.75,05,sthwp,42,1
3859,goal_386,9,exito,15013,2425.76,05,sthwp,42,1
3860,goal_386,10,exito,15013,2425.76,05,sthwp,42,1
3861,goal_387,1,exito,15011,2416.56,05,sthwp,42,1
3862,goal_387,2,exito,15011,2416.55,05,sthwp,42,1
3863,goal_387,3,exito,15011,2416.55,05,sthwp,42,1
3864,goal_387,4,exito,15011,2416.55,05,sthwp,42,1
3865,goal_387,5,exito,15011,2416.56,05,sthwp,42,1
3866,goal_387,6,exito,15011,2416.55,05,sthwp,42,1
3867,goal_387,7,exito,15011,2416.55,05,sthwp,42,1
3868,goal_387,8,exito,15011,2416.55,05,sthwp,42,1
3869,goal_387,9,exito,15011,2416.55,05,sthwp,42,1
3870,goal_387,10,exito,15011,2416.56,05,sthwp,42,1
3871,goal_388,1,exito,14814,2395.55,05,sthwp,42,1
3872,goal_388,2,exito,14814,2395.55,05,sthwp,42,1
3873,goal_388,3,exito,14814,2395.56,05,sthwp,42,1
3874,goal_388,4,exito,14814,2395.55,05,sthwp,42,1
3875,goal_388,5,exito,14814,2395.54,05,sthwp,42,1
3876,goal_388,6,exito,14814,2395.55,05,sthwp,42,1
3877,goal_388,7,exito,14814,2395.54,05,sthwp,42,1
3878,goal_388,8,exito,14814,2395.55,05,sthwp,42,1
3879,goal_388,9,exito,14814,2395.54,05,sthwp,42,1
3880,goal_388,10,exito,14814,2395.55,05,sthwp,42,1
3881,goal_389,1,exito,14746,2377.1,05,sthwp,42,1
3882,goal_389,2,exito,14746,2377.1,05,sthwp,42,1
3883,goal_389,3,exito,14746,2377.08,05,sthwp,42,1
3884,goal_389,4,exito,14747,2364.1,05,sthwp,42,1
3885,goal_389,5,col_return,8971,1271.98,05,sthwp,42,1
3886,goal_389,6,exito,14736,2376.72,05,sthwp,42,1
3887,goal_389,7,exito,14746,2377.1,05,sthwp,42,1
3888,goal_389,8,exito,14746,2377.09,05,sthwp,42,1
3889,goal_389,9,exito,14746,2377.09,05,sthwp,42,1
3890,goal_389,10,exito,14747,2377.05,05,sthwp,42,1
3891,goal_390,1,col_return,8799,1254.19,05,sthwp,42,1
3892,goal_390,2,exito,14597,2362.15,05,sthwp,42,1
3893,goal_390,3,exito,14608,2362.45,05,sthwp,42,1
3894,goal_390,4,exito,14608,2362.46,05,sthwp,42,1
3895,goal_390,5,exito,14608,2285.33,05,sthwp,42,1
3896,goal_390,6,col_return,8939,1274.39,05,sthwp,42,1
3897,goal_390,7,exito,14597,2362.15,05,sthwp,42,1
3898,goal_390,8,exito,14608,2362.45,05,sthwp,42,1
3899,goal_390,9,exito,14608,2362.47,05,sthwp,42,1
3900,goal_390,10,col_return,8813,1254.68,05,sthwp,42,1
3901,goal_391,1,exito,14514,2342.87,05,sthwp,42,1
3902,goal_391,2,exito,14525,2343.2,05,sthwp,42,1
3903,goal_391,3,exito,14525,2343.19,05,sthwp,42,1
3904,goal_391,4,col_return,8831,1247.44,05,sthwp,42,1
3905,goal_391,5,exito,14514,2342.85,05,sthwp,42,1
3906,goal_391,6,exito,14525,2343.2,05,sthwp,42,1
3907,goal_391,7,exito,14525,2309.36,05,sthwp,42,1
3908,goal_391,8,col_return,8877,1258.91,05,sthwp,42,1
3909,goal_391,9,exito,14514,2342.87,05,sthwp,42,1
3910,goal_391,10,exito,14525,2343.19,05,sthwp,42,1
3911,goal_392,1,col_return,8626,1227.92,05,sthwp,42,1
3912,goal_392,2,exito,14427,2336.67,05,sthwp,42,1
3913,goal_392,3,exito,14438,2336.98,05,sthwp,42,1
3914,goal_392,4,col_return,8631,1226.63,05,sthwp,42,1
3915,goal_392,5,exito,14427,2336.66,05,sthwp,42,1
3916,goal_392,6,exito,14438,2336.98,05,sthwp,42,1
3917,goal_392,7,col_return,8632,1225.21,05,sthwp,42,1
3918,goal_392,8,exito,14427,2336.65,05,sthwp,42,1
3919,goal_392,9,exito,14438,2336.98,05,sthwp,42,1
3920,goal_392,10,col_return,8623,1230.06,05,sthwp,42,1
3921,goal_393,1,exito,14283,2310.58,05,sthwp,42,1
3922,goal_393,2,exito,14294,2310.91,05,sthwp,42,1
3923,goal_393,3,col_return,8704,1235.22,05,sthwp,42,1
3924,goal_393,4,exito,14283,2310.59,05,sthwp,42,1
3925,goal_393,5,exito,14319,2056.21,05,sthwp,42,1
3926,goal_393,6,col_return,8798,1249.79,05,sthwp,42,1
3927,goal_393,7,exito,14283,2310.58,05,sthwp,42,1
3928,goal_393,8,col_return,8515,1200.8,05,sthwp,42,1
3929,goal_393,9,exito,14283,2310.59,05,sthwp,42,1
3930,goal_393,10,exito,14294,2310.91,05,sthwp,42,1
3931,goal_394,1,col_return,8680,1236.16,05,sthwp,42,1
3932,goal_394,2,exito,14227,2305.75,05,sthwp,42,1
3933,goal_394,3,col_return,8479,1204.84,05,sthwp,42,1
3934,goal_394,4,exito,14227,2305.75,05,sthwp,42,1
3935,goal_394,5,exito,14238,2216.93,05,sthwp,42,1
3936,goal_394,6,col_return,8759,1243.86,05,sthwp,42,1
3937,goal_394,7,exito,14227,2305.75,05,sthwp,42,1
3938,goal_394,8,col_return,8505,1211.8,05,sthwp,42,1
3939,goal_394,9,exito,14227,2305.75,05,sthwp,42,1
3940,goal_394,10,exito,14243,2089.33,05,sthwp,42,1
3941,goal_395,1,col_return,8697,1238.77,05,sthwp,42,1
3942,goal_395,2,exito,14079,2285.04,05,sthwp,42,1
3943,goal_395,3,col_return,8562,1217.08,05,sthwp,42,1
3944,goal_395,4,exito,14079,2285.04,05,sthwp,42,1
3945,goal_395,5,col_return,8486,1208.13,05,sthwp,42,1
3946,goal_395,6,exito,14079,2285.03,05,sthwp,42,1
3947,goal_395,7,col_return,8457,1201.56,05,sthwp,42,1
3948,goal_395,8,exito,14079,2285.03,05,sthwp,42,1
3949,goal_395,9,col_return,8432,1200.94,05,sthwp,42,1
3950,goal_395,10,exito,14078,2284.98,05,sthwp,42,1
3951,goal_396,1,col_return,8414,1195.7,05,sthwp,42,1
3952,goal_396,2,exito,14055,2279.39,05,sthwp,42,1
3953,goal_396,3,col_return,8432,1196.92,05,sthwp,42,1
3954,goal_396,4,exito,14055,2279.39,05,sthwp,42,1
3955,goal_396,5,col_return,8437,1198.15,05,sthwp,42,1
3956,goal_396,6,exito,14055,2279.39,05,sthwp,42,1
3957,goal_396,7,col_return,8440,1198.75,05,sthwp,42,1
3958,goal_396,8,exito,14055,2279.4,05,sthwp,42,1
3959,goal_396,9,col_return,8440,1199.42,05,sthwp,42,1
3960,goal_396,10,exito,14055,2279.4,05,sthwp,42,1
3961,goal_397,1,col_approach,3448,333.49,05,sthwp,42,1
3962,goal_397,2,exito,14151,2281.19,05,sthwp,42,1
3963,goal_397,3,exito,14162,2279.43,05,sthwp,42,1
3964,goal_397,4,exito,14162,2281.48,05,sthwp,42,1
3965,goal_397,5,exito,14162,2279.31,05,sthwp,42,1
3966,goal_397,6,col_approach,3404,326.94,05,sthwp,42,1
3967,goal_397,7,exito,14151,2281.17,05,sthwp,42,1
3968,goal_397,8,exito,14162,2273.26,05,sthwp,42,1
3969,goal_397,9,exito,14162,2281.54,05,sthwp,42,1
3970,goal_397,10,exito,14162,2279.82,05,sthwp,42,1
3971,goal_398,1,col_return,8412,1181.67,05,sthwp,42,1
3972,goal_398,2,exito,14122,2282.89,05,sthwp,42,1
3973,goal_398,3,col_return,8386,1182.36,05,sthwp,42,1
3974,goal_398,4,exito,14122,2282.89,05,sthwp,42,1
3975,goal_398,5,col_return,8388,1177.88,05,sthwp,42,1
3976,goal_398,6,exito,14122,2282.89,05,sthwp,42,1
3977,goal_398,7,col_return,8383,1178.6,05,sthwp,42,1
3978,goal_398,8,exito,14122,2282.9,05,sthwp,42,1
3979,goal_398,9,col_return,8379,1178.24,05,sthwp,42,1
3980,goal_398,10,exito,14122,2282.89,05,sthwp,42,1
3981,goal_399,1,exito,14339,2183.68,05,sthwp,42,1
3982,goal_399,2,col_return,8810,1235.92,05,sthwp,42,1
3983,goal_399,3,exito,14328,2280.78,05,sthwp,42,1
3984,goal_399,4,exito,14342,2126.63,05,sthwp,42,1
3985,goal_399,5,col_return,8814,1238.21,05,sthwp,42,1
3986,goal_399,6,exito,14327,2279.14,05,sthwp,42,1
3987,goal_399,7,exito,14349,2070.66,05,sthwp,42,1
3988,goal_399,8,col_return,8822,1237.68,05,sthwp,42,1
3989,goal_399,9,exito,14328,2279.57,05,sthwp,42,1
3990,goal_399,10,exito,14348,2078.97,05,sthwp,42,1
3991,goal_400,1,col_return,8775,1218.74,05,sthwp,42,1
3992,goal_400,2,exito,14237,2292.92,05,sthwp,42,1
3993,goal_400,3,col_approach,3442,328.55,05,sthwp,42,1
3994,goal_400,4,exito,14238,2295.19,05,sthwp,42,1
3995,goal_400,5,exito,14248,2255.8,05,sthwp,42,1
3996,goal_400,6,exito,14248,2295.33,05,sthwp,42,1
3997,goal_400,7,exito,14248,2295.35,05,sthwp,42,1
3998,goal_400,8,exito,14249,2285.86,05,sthwp,42,1
3999,goal_400,9,col_return,8670,1187.75,05,sthwp,42,1
4000,goal_400,10,exito,14238,2293.85,05,sthwp,42,1
4001,goal_401,1,exito,14630,2352.12,05,sthwp,42,1
4002,goal_401,2,col_return,8846,1249.96,05,sthwp,42,1
4003,goal_401,3,col_approach,2944,259.42,05,sthwp,42,1
4004,goal_401,4,exito,14619,2353.46,05,sthwp,42,1
4005,goal_401,5,exito,14632,2354.12,05,sthwp,42,1
4006,goal_401,6,exito,14632,2354.11,05,sthwp,42,1
4007,goal_401,7,exito,14632,2343.01,05,sthwp,42,1
4008,goal_401,8,exito,14632,2344.77,05,sthwp,42,1
4009,goal_401,9,exito,14632,2354.12,05,sthwp,42,1
4010,goal_401,10,exito,14632,2351.92,05,sthwp,42,1
4011,goal_402,1,exito,14473,2322.55,05,sthwp,42,1
4012,goal_402,2,exito,14473,2311.41,05,sthwp,42,1
4013,goal_402,3,col_approach,3253,305.4,05,sthwp,42,1
4014,goal_402,4,exito,14462,2323.11,05,sthwp,42,1
4015,goal_402,5,exito,14473,2323.43,05,sthwp,42,1
4016,goal_402,6,exito,14473,2318.54,05,sthwp,42,1
4017,goal_402,7,exito,14473,2323.44,05,sthwp,42,1
4018,goal_402,8,exito,14473,2322.97,05,sthwp,42,1
4019,goal_402,9,exito,14473,2315.22,05,sthwp,42,1
4020,goal_402,10,col_approach,3211,299.98,05,sthwp,42,1
4021,goal_403,1,exito,14912,2399.85,05,sthwp,42,1
4022,goal_403,2,exito,14923,2400.19,05,sthwp,42,1
4023,goal_403,3,exito,14923,2400.25,05,sthwp,42,1
4024,goal_403,4,exito,14923,2400.17,05,sthwp,42,1
4025,goal_403,5,exito,14923,2400.26,05,sthwp,42,1
4026,goal_403,6,exito,14923,2400.16,05,sthwp,42,1
4027,goal_403,7,exito,14923,2400.19,05,sthwp,42,1
4028,goal_403,8,exito,14923,2400.18,05,sthwp,42,1
4029,goal_403,9,exito,14923,2400.2,05,sthwp,42,1
4030,goal_403,10,exito,14923,2400.22,05,sthwp,42,1
4031,goal_404,1,exito,14729,2353.4,05,sthwp,42,1
4032,goal_404,2,exito,14728,2288.89,05,sthwp,42,1
4033,goal_404,3,exito,14728,2364.31,05,sthwp,42,1
4034,goal_404,4,exito,14728,2364.26,05,sthwp,42,1
4035,goal_404,5,exito,14728,2362.91,05,sthwp,42,1
4036,goal_404,6,exito,14728,2358.38,05,sthwp,42,1
4037,goal_404,7,exito,14730,2344.94,05,sthwp,42,1
4038,goal_404,8,col_approach,2964,267.36,05,sthwp,42,1
4039,goal_404,9,exito,14718,2364.12,05,sthwp,42,1
4040,goal_404,10,exito,14730,2364.71,05,sthwp,42,1
4041,goal_405,1,exito,15168,2438.16,05,sthwp,42,1
4042,goal_405,2,exito,15169,2438.34,05,sthwp,42,1
4043,goal_405,3,exito,15168,2438.19,05,sthwp,42,1
4044,goal_405,4,exito,15168,2438.18,05,sthwp,42,1
4045,goal_405,5,exito,15169,2438.32,05,sthwp,42,1
4046,goal_405,6,exito,15170,2438.63,05,sthwp,42,1
4047,goal_405,7,exito,15168,2437.14,05,sthwp,42,1
4048,goal_405,8,exito,15168,2433.32,05,sthwp,42,1
4049,goal_405,9,exito,15169,2421.37,05,sthwp,42,1
4050,goal_405,10,col_return,10264,1456.26,05,sthwp,42,1
4051,goal_406,1,exito,14931,2398.22,05,sthwp,42,1
4052,goal_406,2,exito,14942,2399.02,05,sthwp,42,1
4053,goal_406,3,exito,14942,2399.04,05,sthwp,42,1
4054,goal_406,4,exito,14942,2399.04,05,sthwp,42,1
4055,goal_406,5,exito,14942,2399.04,05,sthwp,42,1
4056,goal_406,6,exito,14942,2399.03,05,sthwp,42,1
4057,goal_406,7,exito,14942,2399.03,05,sthwp,42,1
4058,goal_406,8,exito,14942,2399.03,05,sthwp,42,1
4059,goal_406,9,exito,14942,2399.04,05,sthwp,42,1
4060,goal_406,10,exito,14942,2394.42,05,sthwp,42,1
4061,goal_407,1,exito,15479,2487.44,05,sthwp,42,1
4062,goal_407,2,exito,15480,2487.63,05,sthwp,42,1
4063,goal_407,3,exito,15479,2487.46,05,sthwp,42,1
4064,goal_407,4,exito,15479,2477.37,05,sthwp,42,1
4065,goal_407,5,exito,15479,2463.23,05,sthwp,42,1
4066,goal_407,6,exito,15479,2487.49,05,sthwp,42,1
4067,goal_407,7,exito,15479,2476.51,05,sthwp,42,1
4068,goal_407,8,exito,15479,2487.48,05,sthwp,42,1
4069,goal_407,9,exito,15479,2487.49,05,sthwp,42,1
4070,goal_407,10,exito,15478,2487.32,05,sthwp,42,1
4071,goal_408,1,exito,15195,2439.13,05,sthwp,42,1
4072,goal_408,2,exito,15195,2433.44,05,sthwp,42,1
4073,goal_408,3,exito,15195,2413.67,05,sthwp,42,1
4074,goal_408,4,col_return,10233,1452.52,05,sthwp,42,1
4075,goal_408,5,exito,15184,2440.05,05,sthwp,42,1
4076,goal_408,6,exito,15195,2440.41,05,sthwp,42,1
4077,goal_408,7,exito,15195,2440.39,05,sthwp,42,1
4078,goal_408,8,exito,15195,2439.07,05,sthwp,42,1
4079,goal_408,9,exito,15195,2433.42,05,sthwp,42,1
4080,goal_408,10,exito,15195,2409.02,05,sthwp,42,1
4081,goal_409,1,col_approach,2792,237.68,05,sthwp,42,1
4082,goal_409,2,exito,15687,2506.36,05,sthwp,42,1
4083,goal_409,3,col_return,10539,1505.95,05,sthwp,42,1
4084,goal_409,4,exito,15687,2518.53,05,sthwp,42,1
4085,goal_409,5,exito,15698,2503.34,05,sthwp,42,1
4086,goal_409,6,exito,15698,2516.3,05,sthwp,42,1
4087,goal_409,7,exito,15698,2504.58,05,sthwp,42,1
4088,goal_409,8,exito,15698,2518.86,05,sthwp,42,1
4089,goal_409,9,exito,15698,2517.73,05,sthwp,42,1
4090,goal_409,10,col_return,10681,1525.67,05,sthwp,42,1
4091,goal_410,1,exito,15393,2473.77,05,sthwp,42,1
4092,goal_410,2,exito,15404,2474.11,05,sthwp,42,1
4093,goal_410,3,exito,15404,2461.18,05,sthwp,42,1
4094,goal_410,4,exito,15405,2441.08,05,sthwp,42,1
4095,goal_410,5,exito,15406,2473.36,05,sthwp,42,1
4096,goal_410,6,exito,15404,2474.12,05,sthwp,42,1
4097,goal_410,7,col_approach,2795,214.16,05,sthwp,42,1
4098,goal_410,8,col_return,10075,1437.7,05,sthwp,42,1
4099,goal_410,9,exito,15393,2473.79,05,sthwp,42,1
4100,goal_410,10,exito,15404,2468.87,05,sthwp,42,1
4101,goal_411,1,col_approach,2796,241.2,05,sthwp,42,1
4102,goal_411,2,col_return,11026,1563.35,05,sthwp,42,1
4103,goal_411,3,exito,15915,2550.81,05,sthwp,42,1
4104,goal_411,4,exito,15926,2534.35,05,sthwp,42,1
4105,goal_411,5,exito,15926,2551.17,05,sthwp,42,1
4106,goal_411,6,exito,15926,2551.16,05,sthwp,42,1
4107,goal_411,7,exito,15926,2542.95,05,sthwp,42,1
4108,goal_411,8,col_return,10675,1527.19,05,sthwp,42,1
4109,goal_411,9,exito,15915,2550.85,05,sthwp,42,1
4110,goal_411,10,col_approach,2776,239.59,05,sthwp,42,1
4111,goal_412,1,exito,15614,2501.04,05,sthwp,42,1
4112,goal_412,2,col_return,10541,1505.29,05,sthwp,42,1
4113,goal_412,3,exito,15614,2508.31,05,sthwp,42,1
4114,goal_412,4,exito,15625,2503.71,05,sthwp,42,1
4115,goal_412,5,exito,15625,2493.2,05,sthwp,42,1
4116,goal_412,6,exito,15625,2508.67,05,sthwp,42,1
4117,goal_412,7,exito,15623,2501.64,05,sthwp,42,1
4118,goal_412,8,exito,15623,2508.45,05,sthwp,42,1
4119,goal_412,9,exito,15625,2505.2,05,sthwp,42,1
4120,goal_412,10,col_return,10587,1511.77,05,sthwp,42,1
4121,goal_413,1,exito,16145,2583.54,05,sthwp,42,1
4122,goal_413,2,col_approach,2770,234.73,05,sthwp,42,1
4123,goal_413,3,col_return,11086,1587.94,05,sthwp,42,1
4124,goal_413,4,exito,16145,2583.53,05,sthwp,42,1
4125,goal_413,5,exito,16159,2541.84,05,sthwp,42,1
4126,goal_413,6,col_approach,2821,222.34,05,sthwp,42,1
4127,goal_413,7,col_return,10488,1492.31,05,sthwp,42,1
4128,goal_413,8,exito,16145,2580.31,05,sthwp,42,1
4129,goal_413,9,exito,16156,2583.87,05,sthwp,42,1
4130,goal_413,10,exito,16156,2583.89,05,sthwp,42,1
4131,goal_414,1,col_return,10858,1553.27,05,sthwp,42,1
4132,goal_414,2,exito,15835,2539.53,05,sthwp,42,1
4133,goal_414,3,exito,15848,2527.27,05,sthwp,42,1
4134,goal_414,4,exito,15848,2539.33,05,sthwp,42,1
4135,goal_414,5,exito,15848,2515.99,05,sthwp,42,1
4136,goal_414,6,exito,15848,2540.05,05,sthwp,42,1
4137,goal_414,7,col_return,10809,1547.22,05,sthwp,42,1
4138,goal_414,8,exito,15837,2539.77,05,sthwp,42,1
4139,goal_414,9,exito,15848,2522.01,05,sthwp,42,1
4140,goal_414,10,exito,15848,2539.78,05,sthwp,42,1
4141,goal_415,1,exito,16356,2602.39,05,sthwp,42,1
4142,goal_415,2,col_return,11219,1602.23,05,sthwp,42,1
4143,goal_415,3,exito,16345,2611.84,05,sthwp,42,1
4144,goal_415,4,exito,16356,2607.77,05,sthwp,42,1
4145,goal_415,5,exito,16356,2612.22,05,sthwp,42,1
4146,goal_415,6,col_return,11071,1583.38,05,sthwp,42,1
4147,goal_415,7,exito,16345,2611.86,05,sthwp,42,1
4148,goal_415,8,exito,16356,2610.96,05,sthwp,42,1
4149,goal_415,9,exito,16356,2611.18,05,sthwp,42,1
4150,goal_415,10,col_return,11012,1571.62,05,sthwp,42,1
4151,goal_416,1,exito,16052,2571.26,05,sthwp,42,1
4152,goal_416,2,exito,16063,2562.47,05,sthwp,42,1
4153,goal_416,3,exito,16064,2504.24,05,sthwp,42,1
4154,goal_416,4,exito,16063,2561.59,05,sthwp,42,1
4155,goal_416,5,col_return,10738,1533.35,05,sthwp,42,1
4156,goal_416,6,exito,16052,2571.25,05,sthwp,42,1
4157,goal_416,7,exito,16063,2561.34,05,sthwp,42,1
4158,goal_416,8,col_approach,2827,206.87,05,sthwp,42,1
4159,goal_416,9,col_return,10386,1484.59,05,sthwp,42,1
4160,goal_416,10,exito,16052,2568.14,05,sthwp,42,1
4161,goal_417,1,exito,16587,2644.88,05,sthwp,42,1
4162,goal_417,2,col_return,11638,1664.45,05,sthwp,42,1
4163,goal_417,3,exito,16578,2645.18,05,sthwp,42,1
4164,goal_417,4,exito,16589,2642.27,05,sthwp,42,1
4165,goal_417,5,exito,16587,2624.17,05,sthwp,42,1
4166,goal_417,6,col_return,10946,1560.45,05,sthwp,42,1
4167,goal_417,7,exito,16576,2642.15,05,sthwp,42,1
4168,goal_417,8,exito,16587,2635.91,05,sthwp,42,1
4169,goal_417,9,col_return,11389,1625.5,05,sthwp,42,1
4170,goal_417,10,exito,16576,2644.84,05,sthwp,42,1
4171,goal_418,1,exito,16310,2607.78,05,sthwp,42,1
4172,goal_418,2,exito,16310,2605.69,05,sthwp,42,1
4173,goal_418,3,col_return,10958,1564.56,05,sthwp,42,1
4174,goal_418,4,exito,16299,2607.48,05,sthwp,42,1
4175,goal_418,5,exito,16310,2606.99,05,sthwp,42,1
4176,goal_418,6,exito,16310,2607.17,05,sthwp,42,1
4177,goal_418,7,col_return,11019,1571.13,05,sthwp,42,1
4178,goal_418,8,exito,16299,2607.48,05,sthwp,42,1
4179,goal_418,9,exito,16310,2606.26,05,sthwp,42,1
4180,goal_418,10,exito,16310,2607.75,05,sthwp,42,1
4181,goal_419,1,col_return,11282,1612.74,05,sthwp,42,1
4182,goal_419,2,exito,16787,2675.12,05,sthwp,42,1
4183,goal_419,3,exito,16798,2638.35,05,sthwp,42,1
4184,goal_419,4,col_return,11346,1622.66,05,sthwp,42,1
4185,goal_419,5,exito,16787,2675.73,05,sthwp,42,1
4186,goal_419,6,exito,16798,2665.76,05,sthwp,42,1
4187,goal_419,7,col_return,11386,1625.34,05,sthwp,42,1
4188,goal_419,8,exito,16787,2675.76,05,sthwp,42,1
4189,goal_419,9,exito,16798,2670.24,05,sthwp,42,1
4190,goal_419,10,col_return,11400,1626.77,05,sthwp,42,1
4191,goal_420,1,exito,16514,2639.1,05,sthwp,42,1
4192,goal_420,2,exito,16525,2639.43,05,sthwp,42,1
4193,goal_420,3,col_return,11541,1652.05,05,sthwp,42,1
4194,goal_420,4,exito,16514,2639.1,05,sthwp,42,1
4195,goal_420,5,exito,16525,2635.57,05,sthwp,42,1
4196,goal_420,6,exito,16525,2631.96,05,sthwp,42,1
4197,goal_420,7,col_return,10988,1569.62,05,sthwp,42,1
4198,goal_420,8,exito,16514,2638.14,05,sthwp,42,1
4199,goal_420,9,exito,16525,2639.47,05,sthwp,42,1
4200,goal_420,10,col_return,11474,1640.93,05,sthwp,42,1
4201,goal_421,1,exito,16187,2590.72,05,sthwp,42,1
4202,goal_421,2,exito,16197,2590.99,05,sthwp,42,1
4203,goal_421,3,exito,16197,2590.99,05,sthwp,42,1
4204,goal_421,4,col_return,11288,1609.63,05,sthwp,42,1
4205,goal_421,5,exito,16187,2590.71,05,sthwp,42,1
4206,goal_421,6,exito,16197,2590.98,05,sthwp,42,1
4207,goal_421,7,exito,16197,2590.99,05,sthwp,42,1
4208,goal_421,8,exito,16197,2568.08,05,sthwp,42,1
4209,goal_421,9,col_return,10746,1533.19,05,sthwp,42,1
4210,goal_421,10,exito,16187,2590.7,05,sthwp,42,1
4211,goal_422,1,exito,16121,2585.15,05,sthwp,42,1
4212,goal_422,2,exito,16122,2585.09,05,sthwp,42,1
4213,goal_422,3,col_return,11115,1594.37,05,sthwp,42,1
4214,goal_422,4,exito,16111,2584.77,05,sthwp,42,1
4215,goal_422,5,exito,16122,2585.07,05,sthwp,42,1
4216,goal_422,6,exito,16122,2585.06,05,sthwp,42,1
4217,goal_422,7,exito,16122,2580.5,05,sthwp,42,1
4218,goal_422,8,col_return,10821,1546.46,05,sthwp,42,1
4219,goal_422,9,exito,16111,2584.74,05,sthwp,42,1
4220,goal_422,10,exito,16122,2585.07,05,sthwp,42,1
4221,goal_423,1,exito,16103,2576.9,05,sthwp,42,1
4222,goal_423,2,exito,16103,2547.91,05,sthwp,42,1
4223,goal_423,3,col_return,10667,1526.16,05,sthwp,42,1
4224,goal_423,4,exito,16092,2576.59,05,sthwp,42,1
4225,goal_423,5,exito,16103,2576.93,05,sthwp,42,1
4226,goal_423,6,exito,16103,2576.94,05,sthwp,42,1
4227,goal_423,7,col_return,11215,1588.67,05,sthwp,42,1
4228,goal_423,8,exito,16092,2576.57,05,sthwp,42,1
4229,goal_423,9,exito,16103,2576.92,05,sthwp,42,1
4230,goal_423,10,exito,16103,2576.93,05,sthwp,42,1
4231,goal_424,1,exito,15991,2566.5,05,sthwp,42,1
4232,goal_424,2,col_return,10877,1561.25,05,sthwp,42,1
4233,goal_424,3,exito,15980,2566.32,05,sthwp,42,1
4234,goal_424,4,exito,15991,2566.67,05,sthwp,42,1
4235,goal_424,5,exito,15991,2566.68,05,sthwp,42,1
4236,goal_424,6,exito,15991,2566.67,05,sthwp,42,1
4237,goal_424,7,col_return,10956,1574.34,05,sthwp,42,1
4238,goal_424,8,exito,15980,2566.34,05,sthwp,42,1
4239,goal_424,9,exito,15991,2566.67,05,sthwp,42,1
4240,goal_424,10,exito,15991,2566.67,05,sthwp,42,1
4241,goal_425,1,exito,15850,2539.26,05,sthwp,42,1
4242,goal_425,2,exito,15850,2519.21,05,sthwp,42,1
4243,goal_425,3,col_return,10578,1510.11,05,sthwp,42,1
4244,goal_425,4,exito,15839,2538.91,05,sthwp,42,1
4245,goal_425,5,exito,15850,2539.24,05,sthwp,42,1
4246,goal_425,6,exito,15850,2539.24,05,sthwp,42,1
4247,goal_425,7,exito,15850,2539.25,05,sthwp,42,1
4248,goal_425,8,exito,15850,2533.67,05,sthwp,42,1
4249,goal_425,9,col_return,10671,1521.59,05,sthwp,42,1
4250,goal_425,10,exito,15839,2538.94,05,sthwp,42,1
4251,goal_426,1,exito,15733,2530.09,05,sthwp,42,1
4252,goal_426,2,exito,15733,2530.08,05,sthwp,42,1
4253,goal_426,3,exito,15733,2530.08,05,sthwp,42,1
4254,goal_426,4,exito,15733,2530.07,05,sthwp,42,1
4255,goal_426,5,exito,15734,2509.45,05,sthwp,42,1
4256,goal_426,6,col_return,10523,1504.54,05,sthwp,42,1
4257,goal_426,7,exito,15722,2529.75,05,sthwp,42,1
4258,goal_426,8,exito,15733,2530.07,05,sthwp,42,1
4259,goal_426,9,exito,15733,2530.1,05,sthwp,42,1
4260,goal_426,10,exito,15733,2530.1,05,sthwp,42,1
4261,goal_427,1,exito,15599,2502.55,05,sthwp,42,1
4262,goal_427,2,exito,15599,2501.3,05,sthwp,42,1
4263,goal_427,3,col_return,10623,1517.7,05,sthwp,42,1
4264,goal_427,4,exito,15588,2502.18,05,sthwp,42,1
4265,goal_427,5,exito,15599,2502.57,05,sthwp,42,1
4266,goal_427,6,exito,15599,2502.56,05,sthwp,42,1
4267,goal_427,7,exito,15599,2502.56,05,sthwp,42,1
4268,goal_427,8,exito,15599,2502.57,05,sthwp,42,1
4269,goal_427,9,exito,15599,2502.56,05,sthwp,42,1
4270,goal_427,10,exito,15599,2502.56,05,sthwp,42,1
4271,goal_428,1,exito,15460,2477.36,05,sthwp,42,1
4272,goal_428,2,col_return,10421,1493.83,05,sthwp,42,1
4273,goal_428,3,exito,15449,2489.46,05,sthwp,42,1
4274,goal_428,4,exito,15460,2489.77,05,sthwp,42,1
4275,goal_428,5,exito,15460,2489.77,05,sthwp,42,1
4276,goal_428,6,exito,15460,2489.76,05,sthwp,42,1
4277,goal_428,7,exito,15460,2489.76,05,sthwp,42,1
4278,goal_428,8,exito,15460,2489.76,05,sthwp,42,1
4279,goal_428,9,exito,15460,2489.79,05,sthwp,42,1
4280,goal_428,10,exito,15460,2489.78,05,sthwp,42,1
4281,goal_429,1,exito,15382,2470.5,05,sthwp,42,1
4282,goal_429,2,exito,15382,2466.11,05,sthwp,42,1
4283,goal_429,3,col_return,10448,1489.33,05,sthwp,42,1
4284,goal_429,4,exito,15371,2470.24,05,sthwp,42,1
4285,goal_429,5,exito,15382,2470.53,05,sthwp,42,1
4286,goal_429,6,exito,15382,2470.53,05,sthwp,42,1
4287,goal_429,7,exito,15382,2470.52,05,sthwp,42,1
4288,goal_429,8,exito,15382,2470.52,05,sthwp,42,1
4289,goal_429,9,exito,15382,2470.53,05,sthwp,42,1
4290,goal_429,10,exito,15382,2470.53,05,sthwp,42,1
4291,goal_430,1,exito,15241,2457.62,05,sthwp,42,1
4292,goal_430,2,exito,15241,2457.6,05,sthwp,42,1
4293,goal_430,3,exito,15241,2457.6,05,sthwp,42,1
4294,goal_430,4,exito,15241,2457.6,05,sthwp,42,1
4295,goal_430,5,exito,15241,2457.6,05,sthwp,42,1
4296,goal_430,6,exito,15241,2457.6,05,sthwp,42,1
4297,goal_430,7,exito,15241,2456.85,05,sthwp,42,1
4298,goal_430,8,exito,15241,2450.73,05,sthwp,42,1
4299,goal_430,9,exito,15242,2423.79,05,sthwp,42,1
4300,goal_430,10,col_return,10232,1465.03,05,sthwp,42,1
4301,goal_431,1,exito,15120,2434.07,05,sthwp,42,1
4302,goal_431,2,exito,15132,2434.58,05,sthwp,42,1
4303,goal_431,3,exito,15132,2434.56,05,sthwp,42,1
4304,goal_431,4,exito,15132,2434.55,05,sthwp,42,1
4305,goal_431,5,exito,15132,2434.55,05,sthwp,42,1
4306,goal_431,6,exito,15132,2434.56,05,sthwp,42,1
4307,goal_431,7,exito,15132,2434.56,05,sthwp,42,1
4308,goal_431,8,exito,15132,2434.55,05,sthwp,42,1
4309,goal_431,9,exito,15132,2434.56,05,sthwp,42,1
4310,goal_431,10,exito,15132,2434.55,05,sthwp,42,1
4311,goal_432,1,exito,15016,2427.31,05,sthwp,42,1
4312,goal_432,2,exito,15016,2427.34,05,sthwp,42,1
4313,goal_432,3,exito,15016,2427.33,05,sthwp,42,1
4314,goal_432,4,exito,15016,2427.32,05,sthwp,42,1
4315,goal_432,5,exito,15016,2427.31,05,sthwp,42,1
4316,goal_432,6,exito,15016,2427.33,05,sthwp,42,1
4317,goal_432,7,exito,15016,2427.32,05,sthwp,42,1
4318,goal_432,8,exito,15016,2427.32,05,sthwp,42,1
4319,goal_432,9,exito,15016,2427.31,05,sthwp,42,1
4320,goal_432,10,exito,15016,2427.33,05,sthwp,42,1
4321,goal_433,1,exito,15243,2449.77,05,sthwp,42,1
4322,goal_433,2,exito,15242,2453.84,05,sthwp,42,1
4323,goal_433,3,exito,15242,2453.82,05,sthwp,42,1
4324,goal_433,4,exito,15243,2441.99,05,sthwp,42,1
4325,goal_433,5,exito,15254,2402.83,05,sthwp,42,1
4326,goal_433,6,exito,15241,2453.34,05,sthwp,42,1
4327,goal_433,7,exito,15241,2453.34,05,sthwp,42,1
4328,goal_433,8,exito,15243,2453.67,05,sthwp,42,1
4329,goal_433,9,exito,15242,2453.51,05,sthwp,42,1
4330,goal_433,10,exito,15243,2453.61,05,sthwp,42,1
4331,goal_434,1,exito,15172,2443.67,05,sthwp,42,1
4332,goal_434,2,exito,15172,2442.97,05,sthwp,42,1
4333,goal_434,3,exito,15172,2439.87,05,sthwp,42,1
4334,goal_434,4,exito,15172,2429.41,05,sthwp,42,1
4335,goal_434,5,col_return,10294,1457.94,05,sthwp,42,1
4336,goal_434,6,exito,15161,2443.39,05,sthwp,42,1
4337,goal_434,7,exito,15172,2443.3,05,sthwp,42,1
4338,goal_434,8,exito,15172,2442.36,05,sthwp,42,1
4339,goal_434,9,exito,15172,2440.35,05,sthwp,42,1
4340,goal_434,10,exito,15172,2436.02,05,sthwp,42,1
4341,goal_435,1,exito,15532,2485.72,05,sthwp,42,1
4342,goal_435,2,exito,15532,2479.16,05,sthwp,42,1
4343,goal_435,3,exito,15532,2495.55,05,sthwp,42,1
4344,goal_435,4,col_approach,2794,216.01,05,sthwp,42,1
4345,goal_435,5,col_return,10169,1453.49,05,sthwp,42,1
4346,goal_435,6,exito,15521,2495.31,05,sthwp,42,1
4347,goal_435,7,exito,15532,2476.23,05,sthwp,42,1
4348,goal_435,8,exito,15532,2487.24,05,sthwp,42,1
4349,goal_435,9,exito,15532,2495.74,05,sthwp,42,1
4350,goal_435,10,exito,15537,2442.07,05,sthwp,42,1
4351,goal_436,1,exito,15448,2480.16,05,sthwp,42,1
4352,goal_436,2,exito,15448,2480.16,05,sthwp,42,1
4353,goal_436,3,exito,15448,2478.72,05,sthwp,42,1
4354,goal_436,4,exito,15448,2441.45,05,sthwp,42,1
4355,goal_436,5,col_return,10316,1472.61,05,sthwp,42,1
4356,goal_436,6,exito,15437,2479.8,05,sthwp,42,1
4357,goal_436,7,exito,15446,2478.69,05,sthwp,42,1
4358,goal_436,8,col_approach,2872,239.76,05,sthwp,42,1
4359,goal_436,9,exito,15437,2478.81,05,sthwp,42,1
4360,goal_436,10,exito,15448,2448.17,05,sthwp,42,1
4361,goal_437,1,col_return,10520,1503.61,05,sthwp,42,1
4362,goal_437,2,exito,15792,2536.18,05,sthwp,42,1
4363,goal_437,3,col_approach,2814,240.92,05,sthwp,42,1
4364,goal_437,4,exito,15793,2515.98,05,sthwp,42,1
4365,goal_437,5,col_return,10551,1511.7,05,sthwp,42,1
4366,goal_437,6,exito,15793,2536.4,05,sthwp,42,1
4367,goal_437,7,col_approach,2836,246.88,05,sthwp,42,1
4368,goal_437,8,exito,15792,2518.82,05,sthwp,42,1
4369,goal_437,9,col_return,10564,1512.97,05,sthwp,42,1
4370,goal_437,10,exito,15792,2536.35,05,sthwp,42,1
4371,goal_438,1,col_approach,2842,248.41,05,sthwp,42,1
4372,goal_438,2,exito,15705,2509.27,05,sthwp,42,1
4373,goal_438,3,col_return,10573,1506.48,05,sthwp,42,1
4374,goal_438,4,exito,15705,2518.28,05,sthwp,42,1
4375,goal_438,5,exito,15716,2501.8,05,sthwp,42,1
4376,goal_438,6,exito,15716,2516.61,05,sthwp,42,1
4377,goal_438,7,exito,15716,2483.67,05,sthwp,42,1
4378,goal_438,8,exito,15716,2518.65,05,sthwp,42,1
4379,goal_438,9,exito,15716,2515.59,05,sthwp,42,1
4380,goal_438,10,col_return,10641,1515.37,05,sthwp,42,1
4381,goal_439,1,exito,16011,2568.37,05,sthwp,42,1
4382,goal_439,2,col_approach,2816,234.39,05,sthwp,42,1
4383,goal_439,3,col_return,11049,1584.14,05,sthwp,42,1
4384,goal_439,4,exito,16011,2568.35,05,sthwp,42,1
4385,goal_439,5,exito,16020,2529.09,05,sthwp,42,1
4386,goal_439,6,exito,16019,2568.16,05,sthwp,42,1
4387,goal_439,7,exito,16020,2568.29,05,sthwp,42,1
4388,goal_439,8,col_return,10995,1573.16,05,sthwp,42,1
4389,goal_439,9,exito,16011,2568.38,05,sthwp,42,1
4390,goal_439,10,col_approach,2826,248.06,05,sthwp,42,1
4391,goal_440,1,col_return,11061,1567.91,05,sthwp,42,1
4392,goal_440,2,exito,15942,2553.33,05,sthwp,42,1
4393,goal_440,3,exito,15953,2534.16,05,sthwp,42,1
4394,goal_440,4,exito,15953,2553.73,05,sthwp,42,1
4395,goal_440,5,exito,15953,2553.71,05,sthwp,42,1
4396,goal_440,6,exito,15953,2533.5,05,sthwp,42,1
4397,goal_440,7,col_return,10631,1516.07,05,sthwp,42,1
4398,goal_440,8,exito,15942,2553.35,05,sthwp,42,1
4399,goal_440,9,exito,15953,2528.66,05,sthwp,42,1
4400,goal_440,10,exito,15953,2544.78,05,sthwp,42,1
4401,goal_441,1,exito,16270,2601.97,05,sthwp,42,1
4402,goal_441,2,col_return,10908,1563.85,05,sthwp,42,1
4403,goal_441,3,exito,16259,2604.78,05,sthwp,42,1
4404,goal_441,4,exito,16270,2603.82,05,sthwp,42,1
4405,goal_441,5,exito,16270,2605.14,05,sthwp,42,1
4406,goal_441,6,col_return,11060,1582.57,05,sthwp,42,1
4407,goal_441,7,exito,16261,2605.22,05,sthwp,42,1
4408,goal_441,8,exito,16270,2600.46,05,sthwp,42,1
4409,goal_441,9,exito,16270,2605.16,05,sthwp,42,1
4410,goal_441,10,col_return,11121,1594.92,05,sthwp,42,1
4411,goal_442,1,exito,16212,2593.07,05,sthwp,42,1
4412,goal_442,2,exito,16223,2580.85,05,sthwp,42,1
4413,goal_442,3,exito,16221,2586.12,05,sthwp,42,1
4414,goal_442,4,col_return,11212,1600.41,05,sthwp,42,1
4415,goal_442,5,exito,16212,2593.1,05,sthwp,42,1
4416,goal_442,6,exito,16222,2560.4,05,sthwp,42,1
4417,goal_442,7,exito,16223,2514.37,05,sthwp,42,1
4418,goal_442,8,col_return,11276,1609.84,05,sthwp,42,1
4419,goal_442,9,exito,16212,2593.04,05,sthwp,42,1
4420,goal_442,10,col_approach,2776,237.67,05,sthwp,42,1
4421,goal_443,1,col_return,11269,1615.17,05,sthwp,42,1
4422,goal_443,2,exito,16477,2636.68,05,sthwp,42,1
4423,goal_443,3,exito,16488,2636.63,05,sthwp,42,1
4424,goal_443,4,exito,16487,2619.51,05,sthwp,42,1
4425,goal_443,5,col_return,10905,1563.34,05,sthwp,42,1
4426,goal_443,6,exito,16477,2635.29,05,sthwp,42,1
4427,goal_443,7,exito,16488,2637.2,05,sthwp,42,1
4428,goal_443,8,col_return,11471,1646.24,05,sthwp,42,1
4429,goal_443,9,exito,16476,2636.76,05,sthwp,42,1
4430,goal_443,10,exito,16488,2632.62,05,sthwp,42,1
4431,goal_444,1,exito,16442,2621.5,05,sthwp,42,1
4432,goal_444,2,col_return,11011,1570.85,05,sthwp,42,1
4433,goal_444,3,exito,16428,2624.68,05,sthwp,42,1
4434,goal_444,4,exito,16443,2624.23,05,sthwp,42,1
4435,goal_444,5,exito,16439,2596.82,05,sthwp,42,1
4436,goal_444,6,col_return,10842,1549.02,05,sthwp,42,1
4437,goal_444,7,exito,16428,2623.07,05,sthwp,42,1
4438,goal_444,8,exito,16439,2625.04,05,sthwp,42,1
4439,goal_444,9,col_return,11493,1639.77,05,sthwp,42,1
4440,goal_444,10,exito,16428,2624.67,05,sthwp,42,1
4441,goal_445,1,exito,16084,2574.84,05,sthwp,42,1
4442,goal_445,2,exito,16084,2574.99,05,sthwp,42,1
4443,goal_445,3,exito,16084,2561.08,05,sthwp,42,1
4444,goal_445,4,col_return,10722,1532.61,05,sthwp,42,1
4445,goal_445,5,exito,16073,2574.52,05,sthwp,42,1
4446,goal_445,6,exito,16084,2574.83,05,sthwp,42,1
4447,goal_445,7,exito,16084,2574.84,05,sthwp,42,1
4448,goal_445,8,exito,16084,2555.27,05,sthwp,42,1
4449,goal_445,9,col_return,10694,1529.48,05,sthwp,42,1
4450,goal_445,10,exito,16073,2574.62,05,sthwp,42,1
4451,goal_446,1,exito,16197,2587.7,05,sthwp,42,1
4452,goal_446,2,exito,16197,2587.66,05,sthwp,42,1
4453,goal_446,3,col_return,11176,1590.36,05,sthwp,42,1
4454,goal_446,4,exito,16186,2587.34,05,sthwp,42,1
4455,goal_446,5,exito,16197,2587.67,05,sthwp,42,1
4456,goal_446,6,exito,16197,2587.68,05,sthwp,42,1
4457,goal_446,7,exito,16197,2548.76,05,sthwp,42,1
4458,goal_446,8,col_return,10695,1522.78,05,sthwp,42,1
4459,goal_446,9,exito,16186,2587.35,05,sthwp,42,1
4460,goal_446,10,exito,16197,2587.68,05,sthwp,42,1
4461,goal_447,1,exito,15958,2556.79,05,sthwp,42,1
4462,goal_447,2,col_return,11069,1576.06,05,sthwp,42,1
4463,goal_447,3,exito,15947,2556.5,05,sthwp,42,1
4464,goal_447,4,exito,15958,2556.78,05,sthwp,42,1
4465,goal_447,5,exito,15958,2556.78,05,sthwp,42,1
4466,goal_447,6,exito,15958,2556.78,05,sthwp,42,1
4467,goal_447,7,exito,15958,2534.72,05,sthwp,42,1
4468,goal_447,8,col_return,10627,1517.94,05,sthwp,42,1
4469,goal_447,9,exito,15947,2556.46,05,sthwp,42,1
4470,goal_447,10,exito,15958,2556.78,05,sthwp,42,1
4471,goal_448,1,exito,16098,2572.38,05,sthwp,42,1
4472,goal_448,2,exito,16098,2569.37,05,sthwp,42,1
4473,goal_448,3,col_return,10832,1542.51,05,sthwp,42,1
4474,goal_448,4,exito,16087,2572.06,05,sthwp,42,1
4475,goal_448,5,exito,16098,2572.39,05,sthwp,42,1
4476,goal_448,6,exito,16098,2572.39,05,sthwp,42,1
4477,goal_448,7,exito,16098,2556.33,05,sthwp,42,1
4478,goal_448,8,col_return,10719,1527.58,05,sthwp,42,1
4479,goal_448,9,exito,16087,2572.06,05,sthwp,42,1
4480,goal_448,10,exito,16098,2572.38,05,sthwp,42,1
4481,goal_449,1,exito,15713,2520.1,05,sthwp,42,1
4482,goal_449,2,exito,15713,2520.13,05,sthwp,42,1
4483,goal_449,3,exito,15713,2498.11,05,sthwp,42,1
4484,goal_449,4,col_return,10496,1501.7,05,sthwp,42,1
4485,goal_449,5,exito,15702,2519.79,05,sthwp,42,1
4486,goal_449,6,exito,15713,2520.13,05,sthwp,42,1
4487,goal_449,7,exito,15713,2520.13,05,sthwp,42,1
4488,goal_449,8,exito,15713,2520.13,05,sthwp,42,1
4489,goal_449,9,exito,15713,2520.13,05,sthwp,42,1
4490,goal_449,10,exito,15713,2516.05,05,sthwp,42,1
4491,goal_450,1,col_return,10666,1520.66,05,sthwp,42,1
4492,goal_450,2,exito,15811,2529.82,05,sthwp,42,1
4493,goal_450,3,exito,15822,2530.15,05,sthwp,42,1
4494,goal_450,4,exito,15822,2530.16,05,sthwp,42,1
4495,goal_450,5,exito,15822,2530.16,05,sthwp,42,1
4496,goal_450,6,exito,15822,2529.85,05,sthwp,42,1
4497,goal_450,7,col_return,10791,1534.48,05,sthwp,42,1
4498,goal_450,8,exito,15811,2529.82,05,sthwp,42,1
4499,goal_450,9,exito,15822,2530.15,05,sthwp,42,1
4500,goal_450,10,exito,15822,2530.16,05,sthwp,42,1
4501,goal_451,1,exito,15459,2484.06,05,sthwp,42,1
4502,goal_451,2,exito,15459,2484.07,05,sthwp,42,1
4503,goal_451,3,exito,15459,2484.07,05,sthwp,42,1
4504,goal_451,4,exito,15459,2482.91,05,sthwp,42,1
4505,goal_451,5,exito,15460,2447.59,05,sthwp,42,1
4506,goal_451,6,col_return,10332,1475.19,05,sthwp,42,1
4507,goal_451,7,exito,15448,2483.75,05,sthwp,42,1
4508,goal_451,8,exito,15459,2484.07,05,sthwp,42,1
4509,goal_451,9,exito,15459,2484.08,05,sthwp,42,1
4510,goal_451,10,exito,15459,2484.07,05,sthwp,42,1
4511,goal_452,1,exito,15569,2493.98,05,sthwp,42,1
4512,goal_452,2,exito,15569,2494.01,05,sthwp,42,1
4513,goal_452,3,exito,15569,2494.05,05,sthwp,42,1
4514,goal_452,4,exito,15568,2493.65,05,sthwp,42,1
4515,goal_452,5,exito,15569,2455.2,05,sthwp,42,1
4516,goal_452,6,col_return,10374,1477.84,05,sthwp,42,1
4517,goal_452,7,exito,15557,2493.46,05,sthwp,42,1
4518,goal_452,8,exito,15569,2493.96,05,sthwp,42,1
4519,goal_452,9,exito,15568,2493.83,05,sthwp,42,1
4520,goal_452,10,exito,15569,2493.97,05,sthwp,42,1
4521,goal_453,1,exito,15252,2455.9,05,sthwp,42,1
4522,goal_453,2,exito,15254,2456.01,05,sthwp,42,1
4523,goal_453,3,exito,15252,2455.86,05,sthwp,42,1
4524,goal_453,4,exito,15254,2456.01,05,sthwp,42,1
4525,goal_453,5,exito,15252,2455.92,05,sthwp,42,1
4526,goal_453,6,exito,15254,2456.01,05,sthwp,42,1
4527,goal_453,7,exito,15251,2455.63,05,sthwp,42,1
4528,goal_453,8,exito,15254,2451.69,05,sthwp,42,1
4529,goal_453,9,exito,15252,2429.69,05,sthwp,42,1
4530,goal_453,10,col_return,10260,1466.68,05,sthwp,42,1
4531,goal_454,1,exito,15341,2461.98,05,sthwp,42,1
4532,goal_454,2,exito,15352,2462.4,05,sthwp,42,1
4533,goal_454,3,exito,15352,2462.4,05,sthwp,42,1
4534,goal_454,4,exito,15352,2462.35,05,sthwp,42,1
4535,goal_454,5,exito,15352,2462.35,05,sthwp,42,1
4536,goal_454,6,exito,15352,2462.35,05,sthwp,42,1
4537,goal_454,7,exito,15352,2462.36,05,sthwp,42,1
4538,goal_454,8,exito,15352,2462.4,05,sthwp,42,1
4539,goal_454,9,exito,15352,2462.41,05,sthwp,42,1
4540,goal_454,10,exito,15351,2462.18,05,sthwp,42,1
4541,goal_455,1,exito,15022,2422.93,05,sthwp,42,1
4542,goal_455,2,exito,15022,2422.91,05,sthwp,42,1
4543,goal_455,3,exito,15022,2422.93,05,sthwp,42,1
4544,goal_455,4,exito,15022,2422.91,05,sthwp,42,1
4545,goal_455,5,exito,15022,2422.9,05,sthwp,42,1
4546,goal_455,6,exito,15022,2422.93,05,sthwp,42,1
4547,goal_455,7,exito,15022,2422.94,05,sthwp,42,1
4548,goal_455,8,exito,15022,2422.91,05,sthwp,42,1
4549,goal_455,9,exito,15022,2422.91,05,sthwp,42,1
4550,goal_455,10,exito,15022,2422.9,05,sthwp,42,1
4551,goal_456,1,exito,15105,2432.72,05,sthwp,42,1
4552,goal_456,2,exito,15105,2432.74,05,sthwp,42,1
4553,goal_456,3,exito,15105,2432.73,05,sthwp,42,1
4554,goal_456,4,exito,15105,2432.74,05,sthwp,42,1
4555,goal_456,5,exito,15105,2432.18,05,sthwp,42,1
4556,goal_456,6,exito,15105,2430.95,05,sthwp,42,1
4557,goal_456,7,exito,15105,2428.31,05,sthwp,42,1
4558,goal_456,8,exito,15104,2422.47,05,sthwp,42,1
4559,goal_456,9,exito,15105,2411.95,05,sthwp,42,1
4560,goal_456,10,col_return,10231,1449.31,05,sthwp,42,1
4561,goal_457,1,exito,15126,2435.01,05,sthwp,42,1
4562,goal_457,2,exito,15137,2433.77,05,sthwp,42,1
4563,goal_457,3,exito,15137,2430.9,05,sthwp,42,1
4564,goal_457,4,exito,15137,2426.0,05,sthwp,42,1
4565,goal_457,5,exito,15137,2417.1,05,sthwp,42,1
4566,goal_457,6,exito,15137,2402.63,05,sthwp,42,1
4567,goal_457,7,col_approach,2976,261.53,05,sthwp,42,1
4568,goal_457,8,exito,15126,2436.48,05,sthwp,42,1
4569,goal_457,9,exito,15137,2436.83,05,sthwp,42,1
4570,goal_457,10,exito,15137,2436.85,05,sthwp,42,1
4571,goal_458,1,exito,15101,2429.3,05,sthwp,42,1
4572,goal_458,2,exito,15102,2428.5,05,sthwp,42,1
4573,goal_458,3,exito,15101,2426.57,05,sthwp,42,1
4574,goal_458,4,exito,15101,2422.81,05,sthwp,42,1
4575,goal_458,5,exito,15101,2415.38,05,sthwp,42,1
4576,goal_458,6,exito,15102,2402.7,05,sthwp,42,1
4577,goal_458,7,col_return,10199,1442.89,05,sthwp,42,1
4578,goal_458,8,exito,15091,2407.21,05,sthwp,42,1
4579,goal_458,9,exito,15101,2395.68,05,sthwp,42,1
4580,goal_458,10,col_approach,3248,302.03,05,sthwp,42,1
4581,goal_459,1,exito,15397,2474.55,05,sthwp,42,1
4582,goal_459,2,exito,15406,2474.64,05,sthwp,42,1
4583,goal_459,3,exito,15406,2464.33,05,sthwp,42,1
4584,goal_459,4,col_return,10407,1484.69,05,sthwp,42,1
4585,goal_459,5,exito,15395,2474.31,05,sthwp,42,1
4586,goal_459,6,exito,15406,2473.3,05,sthwp,42,1
4587,goal_459,7,exito,15406,2461.73,05,sthwp,42,1
4588,goal_459,8,exito,15406,2437.99,05,sthwp,42,1
4589,goal_459,9,exito,15406,2473.35,05,sthwp,42,1
4590,goal_459,10,exito,15406,2474.67,05,sthwp,42,1
4591,goal_460,1,col_approach,2887,210.11,05,sthwp,42,1
4592,goal_460,2,col_return,10023,1421.02,05,sthwp,42,1
4593,goal_460,3,exito,15383,2445.44,05,sthwp,42,1
4594,goal_460,4,col_approach,2975,265.07,05,sthwp,42,1
4595,goal_460,5,exito,15380,2460.46,05,sthwp,42,1
4596,goal_460,6,exito,15392,2456.73,05,sthwp,42,1
4597,goal_460,7,col_return,10458,1479.8,05,sthwp,42,1
4598,goal_460,8,exito,15382,2458.3,05,sthwp,42,1
4599,goal_460,9,exito,15393,2446.44,05,sthwp,42,1
4600,goal_460,10,col_approach,2981,266.92,05,sthwp,42,1
4601,goal_461,1,exito,15672,2514.8,05,sthwp,42,1
4602,goal_461,2,col_return,10652,1524.74,05,sthwp,42,1
4603,goal_461,3,exito,15672,2516.47,05,sthwp,42,1
4604,goal_461,4,exito,15683,2512.17,05,sthwp,42,1
4605,goal_461,5,exito,15684,2506.46,05,sthwp,42,1
4606,goal_461,6,exito,15683,2516.8,05,sthwp,42,1
4607,goal_461,7,exito,15684,2516.93,05,sthwp,42,1
4608,goal_461,8,exito,15683,2516.81,05,sthwp,42,1
4609,goal_461,9,col_return,10809,1533.5,05,sthwp,42,1
4610,goal_461,10,exito,15672,2516.45,05,sthwp,42,1
4611,goal_462,1,exito,15673,2504.72,05,sthwp,42,1
4612,goal_462,2,exito,15673,2486.79,05,sthwp,42,1
4613,goal_462,3,exito,15673,2510.22,05,sthwp,42,1
4614,goal_462,4,exito,15673,2507.63,05,sthwp,42,1
4615,goal_462,5,exito,15673,2510.2,05,sthwp,42,1
4616,goal_462,6,exito,15673,2495.36,05,sthwp,42,1
4617,goal_462,7,col_return,10516,1496.03,05,sthwp,42,1
4618,goal_462,8,exito,15662,2509.47,05,sthwp,42,1
4619,goal_462,9,exito,15673,2493.17,05,sthwp,42,1
4620,goal_462,10,exito,15673,2506.21,05,sthwp,42,1
4621,goal_463,1,exito,15927,2550.31,05,sthwp,42,1
4622,goal_463,2,exito,15927,2553.22,05,sthwp,42,1
4623,goal_463,3,col_return,10951,1565.68,05,sthwp,42,1
4624,goal_463,4,exito,15917,2553.02,05,sthwp,42,1
4625,goal_463,5,exito,15927,2529.85,05,sthwp,42,1
4626,goal_463,6,exito,15927,2553.21,05,sthwp,42,1
4627,goal_463,7,exito,15927,2553.21,05,sthwp,42,1
4628,goal_463,8,exito,15928,2541.62,05,sthwp,42,1
4629,goal_463,9,col_return,10651,1525.27,05,sthwp,42,1
4630,goal_463,10,exito,15916,2552.86,05,sthwp,42,1
4631,goal_464,1,col_approach,2777,234.07,05,sthwp,42,1
4632,goal_464,2,col_return,11002,1559.23,05,sthwp,42,1
4633,goal_464,3,exito,15970,2542.58,05,sthwp,42,1
4634,goal_464,4,exito,15981,2513.08,05,sthwp,42,1
4635,goal_464,5,exito,15981,2542.96,05,sthwp,42,1
4636,goal_464,6,exito,15983,2543.16,05,sthwp,42,1
4637,goal_464,7,col_return,11057,1559.53,05,sthwp,42,1
4638,goal_464,8,exito,15970,2542.54,05,sthwp,42,1
4639,goal_464,9,exito,15981,2517.61,05,sthwp,42,1
4640,goal_464,10,exito,15981,2542.96,05,sthwp,42,1
4641,goal_465,1,exito,16183,2589.26,05,sthwp,42,1
4642,goal_465,2,col_return,11056,1583.47,05,sthwp,42,1
4643,goal_465,3,exito,16172,2588.93,05,sthwp,42,1
4644,goal_465,4,exito,16182,2567.88,05,sthwp,42,1
4645,goal_465,5,exito,16191,2531.65,05,sthwp,42,1
4646,goal_465,6,col_return,11271,1605.69,05,sthwp,42,1
4647,goal_465,7,exito,16172,2588.93,05,sthwp,42,1
4648,goal_465,8,col_approach,2799,241.76,05,sthwp,42,1
4649,goal_465,9,col_return,11127,1594.8,05,sthwp,42,1
4650,goal_465,10,exito,16171,2588.77,05,sthwp,42,1
4651,goal_466,1,exito,16282,2551.13,05,sthwp,42,1
4652,goal_466,2,exito,16283,2548.6,05,sthwp,42,1
4653,goal_466,3,col_return,11254,1593.89,05,sthwp,42,1
4654,goal_466,4,exito,16270,2588.15,05,sthwp,42,1
4655,goal_466,5,exito,16281,2569.25,05,sthwp,42,1
4656,goal_466,6,exito,16281,2581.98,05,sthwp,42,1
4657,goal_466,7,col_return,11211,1586.65,05,sthwp,42,1
4658,goal_466,8,exito,16270,2588.15,05,sthwp,42,1
4659,goal_466,9,exito,16281,2575.03,05,sthwp,42,1
4660,goal_466,10,exito,16281,2586.42,05,sthwp,42,1
4661,goal_467,1,col_return,11243,1610.63,05,sthwp,42,1
4662,goal_467,2,exito,16391,2622.35,05,sthwp,42,1
4663,goal_467,3,exito,16402,2620.19,05,sthwp,42,1
4664,goal_467,4,exito,16401,2621.15,05,sthwp,42,1
4665,goal_467,5,col_return,11023,1577.55,05,sthwp,42,1
4666,goal_467,6,exito,16391,2622.39,05,sthwp,42,1
4667,goal_467,7,exito,16403,2622.92,05,sthwp,42,1
4668,goal_467,8,exito,16403,2613.71,05,sthwp,42,1
4669,goal_467,9,col_return,10913,1560.25,05,sthwp,42,1
4670,goal_467,10,exito,16391,2621.9,05,sthwp,42,1
4671,goal_468,1,exito,16522,2625.61,05,sthwp,42,1
4672,goal_468,2,col_return,11559,1640.55,05,sthwp,42,1
4673,goal_468,3,exito,16512,2625.52,05,sthwp,42,1
4674,goal_468,4,exito,16522,2620.89,05,sthwp,42,1
4675,goal_468,5,exito,16522,2619.46,05,sthwp,42,1
4676,goal_468,6,col_return,11001,1557.38,05,sthwp,42,1
4677,goal_468,7,exito,16512,2624.71,05,sthwp,42,1
4678,goal_468,8,exito,16522,2625.54,05,sthwp,42,1
4679,goal_468,9,col_return,11477,1630.59,05,sthwp,42,1
4680,goal_468,10,exito,16511,2625.45,05,sthwp,42,1
4681,goal_469,1,exito,16175,2587.78,05,sthwp,42,1
4682,goal_469,2,exito,16175,2587.77,05,sthwp,42,1
4683,goal_469,3,col_return,11135,1591.88,05,sthwp,42,1
4684,goal_469,4,exito,16164,2587.45,05,sthwp,42,1
4685,goal_469,5,exito,16175,2587.78,05,sthwp,42,1
4686,goal_469,6,exito,16175,2587.77,05,sthwp,42,1
4687,goal_469,7,exito,16176,2561.6,05,sthwp,42,1
4688,goal_469,8,col_return,10716,1531.91,05,sthwp,42,1
4689,goal_469,9,exito,16164,2587.45,05,sthwp,42,1
4690,goal_469,10,exito,16175,2587.76,05,sthwp,42,1
4691,goal_470,1,exito,16526,2637.28,05,sthwp,42,1
4692,goal_470,2,col_return,11102,1586.05,05,sthwp,42,1
4693,goal_470,3,exito,16515,2637.93,05,sthwp,42,1
4694,goal_470,4,exito,16526,2638.25,05,sthwp,42,1
4695,goal_470,5,col_return,11531,1648.44,05,sthwp,42,1
4696,goal_470,6,exito,16515,2637.93,05,sthwp,42,1
4697,goal_470,7,exito,16526,2638.25,05,sthwp,42,1
4698,goal_470,8,exito,16526,2629.69,05,sthwp,42,1
4699,goal_470,9,col_return,10980,1567.5,05,sthwp,42,1
4700,goal_470,10,exito,16515,2637.94,05,sthwp,42,1
4701,goal_471,1,exito,16074,2571.74,05,sthwp,42,1
4702,goal_471,2,exito,16074,2571.75,05,sthwp,42,1
4703,goal_471,3,col_return,10925,1561.73,05,sthwp,42,1
4704,goal_471,4,exito,16063,2571.44,05,sthwp,42,1
4705,goal_471,5,exito,16074,2571.74,05,sthwp,42,1
4706,goal_471,6,exito,16074,2571.74,05,sthwp,42,1
4707,goal_471,7,exito,16074,2568.93,05,sthwp,42,1
4708,goal_471,8,col_return,10822,1544.86,05,sthwp,42,1
4709,goal_471,9,exito,16063,2571.42,05,sthwp,42,1
4710,goal_471,10,exito,16074,2571.74,05,sthwp,42,1
4711,goal_472,1,exito,16435,2627.38,05,sthwp,42,1
4712,goal_472,2,col_return,11306,1617.1,05,sthwp,42,1
4713,goal_472,3,exito,16424,2627.05,05,sthwp,42,1
4714,goal_472,4,exito,16435,2627.37,05,sthwp,42,1
4715,goal_472,5,exito,16435,2624.55,05,sthwp,42,1
4716,goal_472,6,col_return,10998,1574.72,05,sthwp,42,1
4717,goal_472,7,exito,16424,2627.05,05,sthwp,42,1
4718,goal_472,8,exito,16435,2627.39,05,sthwp,42,1
4719,goal_472,9,exito,16435,2602.2,05,sthwp,42,1
4720,goal_472,10,col_return,10855,1551.01,05,sthwp,42,1
4721,goal_473,1,exito,15809,2534.03,05,sthwp,42,1
4722,goal_473,2,exito,15820,2534.36,05,sthwp,42,1
4723,goal_473,3,exito,15820,2534.35,05,sthwp,42,1
4724,goal_473,4,exito,15820,2534.36,05,sthwp,42,1
4725,goal_473,5,exito,15820,2515.78,05,sthwp,42,1
4726,goal_473,6,col_return,10570,1508.37,05,sthwp,42,1
4727,goal_473,7,exito,15809,2534.04,05,sthwp,42,1
4728,goal_473,8,exito,15820,2534.36,05,sthwp,42,1
4729,goal_473,9,exito,15820,2534.37,05,sthwp,42,1
4730,goal_473,10,exito,15820,2534.37,05,sthwp,42,1
4731,goal_474,1,exito,16179,2567.46,05,sthwp,42,1
4732,goal_474,2,col_return,10739,1533.93,05,sthwp,42,1
4733,goal_474,3,exito,16168,2588.7,05,sthwp,42,1
4734,goal_474,4,exito,16179,2589.06,05,sthwp,42,1
4735,goal_474,5,exito,16179,2589.06,05,sthwp,42,1
4736,goal_474,6,col_return,11100,1589.41,05,sthwp,42,1
4737,goal_474,7,exito,16168,2588.69,05,sthwp,42,1
4738,goal_474,8,exito,16179,2589.05,05,sthwp,42,1
4739,goal_474,9,exito,16179,2589.04,05,sthwp,42,1
4740,goal_474,10,exito,16179,2555.2,05,sthwp,42,1
4741,goal_475,1,col_return,10403,1484.29,05,sthwp,42,1
4742,goal_475,2,exito,15572,2501.73,05,sthwp,42,1
4743,goal_475,3,exito,15583,2502.07,05,sthwp,42,1
4744,goal_475,4,exito,15582,2501.89,05,sthwp,42,1
4745,goal_475,5,exito,15583,2502.04,05,sthwp,42,1
4746,goal_475,6,exito,15583,2502.08,05,sthwp,42,1
4747,goal_475,7,exito,15583,2502.06,05,sthwp,42,1
4748,goal_475,8,exito,15583,2501.65,05,sthwp,42,1
4749,goal_475,9,col_return,10670,1519.91,05,sthwp,42,1
4750,goal_475,10,exito,15572,2501.73,05,sthwp,42,1
4751,goal_476,1,exito,15928,2552.25,05,sthwp,42,1
4752,goal_476,2,exito,15928,2552.23,05,sthwp,42,1
4753,goal_476,3,exito,15928,2552.22,05,sthwp,42,1
4754,goal_476,4,exito,15928,2552.23,05,sthwp,42,1
4755,goal_476,5,col_return,10853,1551.83,05,sthwp,42,1
4756,goal_476,6,exito,15917,2551.87,05,sthwp,42,1
4757,goal_476,7,exito,15928,2552.22,05,sthwp,42,1
4758,goal_476,8,exito,15928,2552.22,05,sthwp,42,1
4759,goal_476,9,exito,15928,2552.24,05,sthwp,42,1
4760,goal_476,10,exito,15928,2529.69,05,sthwp,42,1
4761,goal_477,1,col_return,10343,1477.47,05,sthwp,42,1
4762,goal_477,2,exito,15383,2474.86,05,sthwp,42,1
4763,goal_477,3,exito,15392,2475.06,05,sthwp,42,1
4764,goal_477,4,exito,15392,2475.05,05,sthwp,42,1
4765,goal_477,5,exito,15392,2475.05,05,sthwp,42,1
4766,goal_477,6,exito,15392,2475.05,05,sthwp,42,1
4767,goal_477,7,exito,15394,2475.23,05,sthwp,42,1
4768,goal_477,8,exito,15392,2475.04,05,sthwp,42,1
4769,goal_477,9,exito,15392,2475.06,05,sthwp,42,1
4770,goal_477,10,exito,15392,2475.04,05,sthwp,42,1
4771,goal_478,1,exito,15710,2519.56,05,sthwp,42,1
4772,goal_478,2,col_return,10708,1530.14,05,sthwp,42,1
4773,goal_478,3,exito,15699,2519.89,05,sthwp,42,1
4774,goal_478,4,exito,15710,2520.27,05,sthwp,42,1
4775,goal_478,5,exito,15710,2520.25,05,sthwp,42,1
4776,goal_478,6,exito,15710,2520.26,05,sthwp,42,1
4777,goal_478,7,exito,15710,2520.25,05,sthwp,42,1
4778,goal_478,8,exito,15710,2519.86,05,sthwp,42,1
4779,goal_478,9,col_return,10728,1532.25,05,sthwp,42,1
4780,goal_478,10,exito,15699,2519.9,05,sthwp,42,1
4781,goal_479,1,exito,15162,2445.14,05,sthwp,42,1
4782,goal_479,2,exito,15162,2445.16,05,sthwp,42,1
4783,goal_479,3,exito,15161,2444.97,05,sthwp,42,1
4784,goal_479,4,exito,15162,2445.13,05,sthwp,42,1
4785,goal_479,5,exito,15162,2445.15,05,sthwp,42,1
4786,goal_479,6,exito,15162,2445.12,05,sthwp,42,1
4787,goal_479,7,exito,15161,2444.98,05,sthwp,42,1
4788,goal_479,8,exito,15162,2445.12,05,sthwp,42,1
4789,goal_479,9,exito,15162,2445.15,05,sthwp,42,1
4790,goal_479,10,exito,15162,2445.15,05,sthwp,42,1
4791,goal_480,1,exito,15426,2477.53,05,sthwp,42,1
4792,goal_480,2,exito,15426,2477.52,05,sthwp,42,1
4793,goal_480,3,exito,15426,2477.52,05,sthwp,42,1
4794,goal_480,4,exito,15426,2477.45,05,sthwp,42,1
4795,goal_480,5,exito,15426,2474.13,05,sthwp,42,1
4796,goal_480,6,col_return,10482,1498.05,05,sthwp,42,1
4797,goal_480,7,exito,15413,2476.86,05,sthwp,42,1
4798,goal_480,8,exito,15426,2477.44,05,sthwp,42,1
4799,goal_480,9,exito,15426,2477.43,05,sthwp,42,1
4800,goal_480,10,exito,15426,2477.42,05,sthwp,42,1
4801,goal_481,1,exito,15147,2429.36,05,sthwp,42,1
4802,goal_481,2,exito,15147,2429.32,05,sthwp,42,1
4803,goal_481,3,exito,15147,2429.32,05,sthwp,42,1
4804,goal_481,4,exito,15147,2429.32,05,sthwp,42,1
4805,goal_481,5,exito,15147,2429.37,05,sthwp,42,1
4806,goal_481,6,exito,15147,2403.73,05,sthwp,42,1
4807,goal_481,7,col_approach,3270,254.68,05,sthwp,42,1
4808,goal_481,8,col_return,9677,1369.89,05,sthwp,42,1
4809,goal_481,9,exito,15136,2419.23,05,sthwp,42,1
4810,goal_481,10,exito,15147,2424.24,05,sthwp,42,1
4811,goal_482,1,exito,15324,2449.84,05,sthwp,42,1
4812,goal_482,2,exito,15324,2449.83,05,sthwp,42,1
4813,goal_482,3,exito,15324,2449.83,05,sthwp,42,1
4814,goal_482,4,exito,15324,2449.82,05,sthwp,42,1
4815,goal_482,5,exito,15324,2449.83,05,sthwp,42,1
4816,goal_482,6,exito,15324,2423.56,05,sthwp,42,1
4817,goal_482,7,exito,15324,2439.75,05,sthwp,42,1
4818,goal_482,8,exito,15324,2449.82,05,sthwp,42,1
4819,goal_482,9,exito,15324,2449.82,05,sthwp,42,1
4820,goal_482,10,exito,15324,2449.82,05,sthwp,42,1
4821,goal_483,1,exito,15404,2462.08,05,sthwp,42,1
4822,goal_483,2,col_return,10515,1483.55,05,sthwp,42,1
4823,goal_483,3,exito,15395,2453.43,05,sthwp,42,1
4824,goal_483,4,col_approach,3165,291.06,05,sthwp,42,1
4825,goal_483,5,exito,15394,2464.03,05,sthwp,42,1
4826,goal_483,6,exito,15404,2463.8,05,sthwp,42,1
4827,goal_483,7,exito,15404,2444.64,05,sthwp,42,1
4828,goal_483,8,col_return,10356,1468.47,05,sthwp,42,1
4829,goal_483,9,exito,15395,2445.92,05,sthwp,42,1
4830,goal_483,10,col_approach,3095,284.45,05,sthwp,42,1
4831,goal_484,1,exito,15595,2496.54,05,sthwp,42,1
4832,goal_484,2,exito,15608,2469.69,05,sthwp,42,1
4833,goal_484,3,col_return,10426,1482.99,05,sthwp,42,1
4834,goal_484,4,exito,15597,2464.92,05,sthwp,42,1
4835,goal_484,5,exito,15608,2495.03,05,sthwp,42,1
4836,goal_484,6,exito,15608,2497.19,05,sthwp,42,1
4837,goal_484,7,exito,15608,2497.17,05,sthwp,42,1
4838,goal_484,8,exito,15621,2412.71,05,sthwp,42,1
4839,goal_484,9,exito,15608,2497.17,05,sthwp,42,1
4840,goal_484,10,exito,15608,2494.27,05,sthwp,42,1
4841,goal_485,1,col_return,10623,1512.37,05,sthwp,42,1
4842,goal_485,2,exito,15671,2507.76,05,sthwp,42,1
4843,goal_485,3,exito,15682,2470.32,05,sthwp,42,1
4844,goal_485,4,exito,15682,2502.57,05,sthwp,42,1
4845,goal_485,5,exito,15682,2510.0,05,sthwp,42,1
4846,goal_485,6,exito,15682,2510.01,05,sthwp,42,1
4847,goal_485,7,exito,15682,2510.02,05,sthwp,42,1
4848,goal_485,8,col_return,10789,1525.23,05,sthwp,42,1
4849,goal_485,9,exito,15671,2508.71,05,sthwp,42,1
4850,goal_485,10,exito,15682,2485.47,05,sthwp,42,1
4851,goal_486,1,exito,16002,2541.82,05,sthwp,42,1
4852,goal_486,2,exito,16002,2529.57,05,sthwp,42,1
4853,goal_486,3,exito,16002,2542.94,05,sthwp,42,1
4854,goal_486,4,col_return,10848,1533.05,05,sthwp,42,1
4855,goal_486,5,exito,15991,2514.61,05,sthwp,42,1
4856,goal_486,6,exito,16002,2539.65,05,sthwp,42,1
4857,goal_486,7,exito,16002,2543.69,05,sthwp,42,1
4858,goal_486,8,exito,16002,2543.71,05,sthwp,42,1
4859,goal_486,9,col_return,10924,1543.73,05,sthwp,42,1
4860,goal_486,10,exito,15991,2522.02,05,sthwp,42,1
4861,goal_487,1,col_approach,2820,244.07,05,sthwp,42,1
4862,goal_487,2,exito,15904,2509.56,05,sthwp,42,1
4863,goal_487,3,col_return,10564,1502.59,05,sthwp,42,1
4864,goal_487,4,exito,15904,2544.55,05,sthwp,42,1
4865,goal_487,5,exito,15915,2519.83,05,sthwp,42,1
4866,goal_487,6,exito,15914,2541.67,05,sthwp,42,1
4867,goal_487,7,exito,15915,2545.76,05,sthwp,42,1
4868,goal_487,8,col_return,10949,1562.24,05,sthwp,42,1
4869,goal_487,9,exito,15904,2545.45,05,sthwp,42,1
4870,goal_487,10,exito,15915,2527.45,05,sthwp,42,1
4871,goal_488,1,exito,16266,2586.03,05,sthwp,42,1
4872,goal_488,2,exito,16266,2585.02,05,sthwp,42,1
4873,goal_488,3,col_return,10979,1552.13,05,sthwp,42,1
4874,goal_488,4,exito,16255,2577.19,05,sthwp,42,1
4875,goal_488,5,exito,16266,2583.56,05,sthwp,42,1
4876,goal_488,6,exito,16266,2585.95,05,sthwp,42,1
4877,goal_488,7,col_return,11093,1569.74,05,sthwp,42,1
4878,goal_488,8,exito,16255,2580.66,05,sthwp,42,1
4879,goal_488,9,exito,16266,2580.26,05,sthwp,42,1
4880,goal_488,10,exito,16266,2585.88,05,sthwp,42,1
4881,goal_489,1,col_return,11112,1584.47,05,sthwp,42,1
4882,goal_489,2,exito,16175,2587.0,05,sthwp,42,1
4883,goal_489,3,exito,16186,2560.55,05,sthwp,42,1
4884,goal_489,4,col_approach,2787,216.49,05,sthwp,42,1
4885,goal_489,5,col_return,10465,1495.32,05,sthwp,42,1
4886,goal_489,6,exito,16175,2582.69,05,sthwp,42,1
4887,goal_489,7,exito,16186,2587.24,05,sthwp,42,1
4888,goal_489,8,exito,16186,2587.09,05,sthwp,42,1
4889,goal_489,9,col_return,10961,1567.32,05,sthwp,42,1
4890,goal_489,10,exito,16175,2587.0,05,sthwp,42,1
4891,goal_490,1,exito,16560,2622.06,05,sthwp,42,1
4892,goal_490,2,exito,16561,2626.76,05,sthwp,42,1
4893,goal_490,3,col_return,11025,1563.44,05,sthwp,42,1
4894,goal_490,4,exito,16550,2629.23,05,sthwp,42,1
4895,goal_490,5,exito,16560,2632.07,05,sthwp,42,1
4896,goal_490,6,col_return,11451,1628.69,05,sthwp,42,1
4897,goal_490,7,exito,16550,2631.81,05,sthwp,42,1
4898,goal_490,8,exito,16560,2631.16,05,sthwp,42,1
4899,goal_490,9,exito,16561,2599.48,05,sthwp,42,1
4900,goal_490,10,col_return,10895,1543.51,05,sthwp,42,1
4901,goal_491,1,exito,16439,2622.86,05,sthwp,42,1
4902,goal_491,2,exito,16447,2626.14,05,sthwp,42,1
4903,goal_491,3,col_return,11449,1635.33,05,sthwp,42,1
4904,goal_491,4,exito,16439,2626.2,05,sthwp,42,1
4905,goal_491,5,exito,16450,2620.46,05,sthwp,42,1
4906,goal_491,6,exito,16450,2625.26,05,sthwp,42,1
4907,goal_491,7,col_return,11053,1576.62,05,sthwp,42,1
4908,goal_491,8,exito,16439,2626.2,05,sthwp,42,1
4909,goal_491,9,exito,16450,2626.58,05,sthwp,42,1
4910,goal_491,10,exito,16447,2598.6,05,sthwp,42,1
4911,goal_492,1,col_return,11041,1567.36,05,sthwp,42,1
4912,goal_492,2,exito,16808,2663.34,05,sthwp,42,1
4913,goal_492,3,exito,16820,2664.98,05,sthwp,42,1
4914,goal_492,4,col_return,11204,1591.39,05,sthwp,42,1
4915,goal_492,5,exito,16809,2670.08,05,sthwp,42,1
4916,goal_492,6,col_approach,2776,217.42,05,sthwp,42,1
4917,goal_492,7,exito,16809,2672.34,05,sthwp,42,1
4918,goal_492,8,exito,16820,2672.72,05,sthwp,42,1
4919,goal_492,9,exito,16819,2657.87,05,sthwp,42,1
4920,goal_492,10,col_return,11824,1686.07,05,sthwp,42,1
