episodio,goal_id,rep,resultado,pasos,reward,warehouse_id,metodo,seed,peaton
1,goal_001,1,exito,14442,2311.01,05,subwp,42,1
2,goal_001,2,exito,14440,2310.94,05,subwp,42,1
3,goal_001,3,exito,14437,2310.5,05,subwp,42,1
4,goal_001,4,exito,14438,2310.55,05,subwp,42,1
5,goal_001,5,exito,14439,2310.69,05,subwp,42,1
6,goal_001,6,exito,14438,2310.34,05,subwp,42,1
7,goal_001,7,exito,14438,2310.28,05,subwp,42,1
8,goal_001,8,exito,14440,2310.25,05,subwp,42,1
9,goal_001,9,exito,14440,2310.9,05,subwp,42,1
10,goal_001,10,col_return,8680,1212.92,05,subwp,42,1
11,goal_002,1,exito,14329,2295.18,05,subwp,42,1
12,goal_002,2,exito,14335,2289.47,05,subwp,42,1
13,goal_002,3,col_return,8713,1209.77,05,subwp,42,1
14,goal_002,4,exito,14328,2294.88,05,subwp,42,1
15,goal_002,5,exito,14333,2212.13,05,subwp,42,1
16,goal_002,6,col_return,8774,1222.19,05,subwp,42,1
17,goal_002,7,exito,14329,2295.08,05,subwp,42,1
18,goal_002,8,exito,14334,1976.13,05,subwp,42,1
19,goal_002,9,col_return,8806,1222.85,05,subwp,42,1
20,goal_002,10,exito,14329,2295.11,05,subwp,42,1
21,goal_003,1,col_return,8420,1181.41,05,subwp,42,1
22,goal_003,2,exito,14189,2288.76,05,subwp,42,1
23,goal_003,3,col_return,8364,1170.18,05,subwp,42,1
24,goal_003,4,exito,14189,2288.49,05,subwp,42,1
25,goal_003,5,exito,14201,2002.23,05,subwp,42,1
26,goal_003,6,col_return,8734,1229.26,05,subwp,42,1
27,goal_003,7,exito,14189,2288.59,05,subwp,42,1
28,goal_003,8,col_return,8523,1196.99,05,subwp,42,1
29,goal_003,9,exito,14189,2288.63,05,subwp,42,1
30,goal_003,10,col_return,8416,1180.89,05,subwp,42,1
31,goal_004,1,exito,14156,2283.25,05,subwp,42,1
32,goal_004,2,col_return,8359,1172.08,05,subwp,42,1
33,goal_004,3,exito,14154,2283.36,05,subwp,42,1
34,goal_004,4,col_return,8347,1171.54,05,subwp,42,1
35,goal_004,5,exito,14154,2283.4,05,subwp,42,1
36,goal_004,6,col_return,8355,1168.41,05,subwp,42,1
37,goal_004,7,exito,14156,2283.25,05,subwp,42,1
38,goal_004,8,col_return,8349,1167.32,05,subwp,42,1
39,goal_004,9,exito,14156,2283.33,05,subwp,42,1
40,goal_004,10,col_return,8344,1167.2,05,subwp,42,1
41,goal_005,1,exito,14145,2281.67,05,subwp,42,1
42,goal_005,2,col_return,8346,1166.87,05,subwp,42,1
43,goal_005,3,exito,14145,2281.59,05,subwp,42,1
44,goal_005,4,col_return,8349,1167.74,05,subwp,42,1
45,goal_005,5,exito,14145,2281.6,05,subwp,42,1
46,goal_005,6,col_return,8351,1168.29,05,subwp,42,1
47,goal_005,7,exito,14145,2281.68,05,subwp,42,1
48,goal_005,8,col_return,8350,1169.38,05,subwp,42,1
49,goal_005,9,exito,14145,2281.46,05,subwp,42,1
50,goal_005,10,col_return,8351,1169.9,05,subwp,42,1
51,goal_006,1,exito,14132,2279.89,05,subwp,42,1
52,goal_006,2,col_return,8353,1170.38,05,subwp,42,1
53,goal_006,3,exito,14133,2279.83,05,subwp,42,1
54,goal_006,4,col_return,8360,1171.07,05,subwp,42,1
55,goal_006,5,exito,14135,2280.8,05,subwp,42,1
56,goal_006,6,col_return,8360,1171.78,05,subwp,42,1
57,goal_006,7,exito,14133,2279.73,05,subwp,42,1
58,goal_006,8,col_return,8362,1172.69,05,subwp,42,1
59,goal_006,9,exito,14133,2279.83,05,subwp,42,1
60,goal_006,10,col_return,8363,1172.9,05,subwp,42,1
61,goal_007,1,exito,14150,2276.29,05,subwp,42,1
62,goal_007,2,col_return,8354,1169.29,05,subwp,42,1
63,goal_007,3,exito,14150,2276.31,05,subwp,42,1
64,goal_007,4,col_return,8349,1168.78,05,subwp,42,1
65,goal_007,5,exito,14150,2276.25,05,subwp,42,1
66,goal_007,6,col_return,8357,1166.75,05,subwp,42,1
67,goal_007,7,exito,14150,2276.42,05,subwp,42,1
68,goal_007,8,col_return,8354,1165.24,05,subwp,42,1
69,goal_007,9,exito,14150,2276.19,05,subwp,42,1
70,goal_007,10,col_return,8350,1164.78,05,subwp,42,1
71,goal_008,1,exito,14159,2281.0,05,subwp,42,1
72,goal_008,2,col_return,8345,1168.72,05,subwp,42,1
73,goal_008,3,exito,14159,2280.99,05,subwp,42,1
74,goal_008,4,col_return,8339,1168.98,05,subwp,42,1
75,goal_008,5,exito,14159,2280.98,05,subwp,42,1
76,goal_008,6,col_return,8338,1169.12,05,subwp,42,1
77,goal_008,7,exito,14157,2280.99,05,subwp,42,1
78,goal_008,8,col_return,8338,1169.42,05,subwp,42,1
79,goal_008,9,exito,14157,2281.0,05,subwp,42,1
80,goal_008,10,col_return,8347,1168.46,05,subwp,42,1
81,goal_009,1,exito,14210,2283.02,05,subwp,42,1
82,goal_009,2,exito,14216,2068.02,05,subwp,42,1
83,goal_009,3,col_return,8732,1223.07,05,subwp,42,1
84,goal_009,4,exito,14210,2282.9,05,subwp,42,1
85,goal_009,5,col_return,8506,1189.94,05,subwp,42,1
86,goal_009,6,exito,14209,2282.95,05,subwp,42,1
87,goal_009,7,col_return,8397,1172.98,05,subwp,42,1
88,goal_009,8,exito,14210,2282.89,05,subwp,42,1
89,goal_009,9,exito,14216,1991.05,05,subwp,42,1
90,goal_009,10,col_return,8740,1224.24,05,subwp,42,1
91,goal_010,1,exito,14283,2291.96,05,subwp,42,1
92,goal_010,2,col_return,8516,1187.62,05,subwp,42,1
93,goal_010,3,exito,14282,2291.95,05,subwp,42,1
94,goal_010,4,exito,14288,2270.24,05,subwp,42,1
95,goal_010,5,col_return,8721,1218.51,05,subwp,42,1
96,goal_010,6,exito,14282,2291.95,05,subwp,42,1
97,goal_010,7,col_return,8462,1180.09,05,subwp,42,1
98,goal_010,8,exito,14283,2292.19,05,subwp,42,1
99,goal_010,9,exito,14288,2283.3,05,subwp,42,1
100,goal_010,10,col_return,8701,1214.74,05,subwp,42,1
101,goal_011,1,exito,14343,2300.84,05,subwp,42,1
102,goal_011,2,exito,14348,2208.06,05,subwp,42,1
103,goal_011,3,col_return,8774,1230.38,05,subwp,42,1
104,goal_011,4,exito,14342,2301.17,05,subwp,42,1
105,goal_011,5,exito,14348,2105.39,05,subwp,42,1
106,goal_011,6,col_return,8800,1226.5,05,subwp,42,1
107,goal_011,7,exito,14345,2301.1,05,subwp,42,1
108,goal_011,8,exito,14348,2086.09,05,subwp,42,1
109,goal_011,9,col_return,8803,1226.85,05,subwp,42,1
110,goal_011,10,exito,14342,2301.13,05,subwp,42,1
111,goal_012,1,exito,14416,2261.08,05,subwp,42,1
112,goal_012,2,col_return,8805,1228.14,05,subwp,42,1
113,goal_012,3,exito,14409,2310.81,05,subwp,42,1
114,goal_012,4,exito,14417,2310.51,05,subwp,42,1
115,goal_012,5,col_return,8738,1219.88,05,subwp,42,1
116,goal_012,6,exito,14410,2311.39,05,subwp,42,1
117,goal_012,7,exito,14417,2310.55,05,subwp,42,1
118,goal_012,8,col_return,8698,1214.74,05,subwp,42,1
119,goal_012,9,exito,14410,2310.73,05,subwp,42,1
120,goal_012,10,exito,14416,2310.18,05,subwp,42,1
121,goal_013,1,col_return,8730,1217.56,05,subwp,42,1
122,goal_013,2,exito,14495,2321.23,05,subwp,42,1
123,goal_013,3,exito,14498,2320.8,05,subwp,42,1
124,goal_013,4,exito,14499,2179.24,05,subwp,42,1
125,goal_013,5,col_return,8866,1235.67,05,subwp,42,1
126,goal_013,6,exito,14495,2321.14,05,subwp,42,1
127,goal_013,7,exito,14499,2320.44,05,subwp,42,1
128,goal_013,8,col_return,8683,1209.97,05,subwp,42,1
129,goal_013,9,exito,14495,2321.09,05,subwp,42,1
130,goal_013,10,exito,14498,2320.39,05,subwp,42,1
131,goal_014,1,exito,14591,2341.79,05,subwp,42,1
132,goal_014,2,col_return,8839,1251.29,05,subwp,42,1
133,goal_014,3,exito,14585,2348.23,05,subwp,42,1
134,goal_014,4,exito,14589,2347.59,05,subwp,42,1
135,goal_014,5,exito,14591,2348.06,05,subwp,42,1
136,goal_014,6,col_return,8792,1238.9,05,subwp,42,1
137,goal_014,7,exito,14583,2348.16,05,subwp,42,1
138,goal_014,8,exito,14590,2347.8,05,subwp,42,1
139,goal_014,9,exito,14590,2347.58,05,subwp,42,1
140,goal_014,10,col_return,8761,1233.7,05,subwp,42,1
141,goal_015,1,exito,14681,2364.48,05,subwp,42,1
142,goal_015,2,exito,14688,2363.85,05,subwp,42,1
143,goal_015,3,exito,14687,2363.94,05,subwp,42,1
144,goal_015,4,exito,14687,2363.98,05,subwp,42,1
145,goal_015,5,exito,14688,2219.39,05,subwp,42,1
146,goal_015,6,col_return,8958,1266.17,05,subwp,42,1
147,goal_015,7,exito,14681,2364.36,05,subwp,42,1
148,goal_015,8,exito,14689,2364.16,05,subwp,42,1
149,goal_015,9,exito,14687,2363.78,05,subwp,42,1
150,goal_015,10,exito,14688,2363.68,05,subwp,42,1
151,goal_016,1,exito,14784,2212.93,05,subwp,42,1
152,goal_016,2,col_return,9014,1276.34,05,subwp,42,1
153,goal_016,3,exito,14778,2380.29,05,subwp,42,1
154,goal_016,4,exito,14785,2379.52,05,subwp,42,1
155,goal_016,5,exito,14785,2379.55,05,subwp,42,1
156,goal_016,6,exito,14785,2379.49,05,subwp,42,1
157,goal_016,7,exito,14785,2379.71,05,subwp,42,1
158,goal_016,8,exito,14785,2379.53,05,subwp,42,1
159,goal_016,9,exito,14785,2246.42,05,subwp,42,1
160,goal_016,10,col_return,9011,1274.95,05,subwp,42,1
161,goal_017,1,exito,14865,2393.63,05,subwp,42,1
162,goal_017,2,exito,14872,2393.25,05,subwp,42,1
163,goal_017,3,exito,14872,2393.31,05,subwp,42,1
164,goal_017,4,exito,14872,2393.25,05,subwp,42,1
165,goal_017,5,exito,14872,2393.05,05,subwp,42,1
166,goal_017,6,exito,14872,2393.32,05,subwp,42,1
167,goal_017,7,exito,14873,2393.3,05,subwp,42,1
168,goal_017,8,exito,14873,2393.2,05,subwp,42,1
169,goal_017,9,exito,14871,2393.12,05,subwp,42,1
170,goal_017,10,exito,14872,2393.33,05,subwp,42,1
171,goal_018,1,exito,14968,2400.35,05,subwp,42,1
172,goal_018,2,exito,14966,2400.0,05,subwp,42,1
173,goal_018,3,exito,14965,2395.17,05,subwp,42,1
174,goal_018,4,exito,14965,2388.16,05,subwp,42,1
175,goal_018,5,exito,14967,2374.91,05,subwp,42,1
176,goal_018,6,exito,14969,2348.79,05,subwp,42,1
177,goal_018,7,exito,14967,2294.6,05,subwp,42,1
178,goal_018,8,exito,14968,2183.38,05,subwp,42,1
179,goal_018,9,col_return,9135,1274.31,05,subwp,42,1
180,goal_018,10,exito,14962,2401.11,05,subwp,42,1
181,goal_019,1,col_exit,3472,372.13,05,subwp,42,1
182,goal_019,2,col_exit,5488,670.84,05,subwp,42,1
183,goal_019,3,col_exit,6492,821.78,05,subwp,42,1
184,goal_019,4,col_exit,3244,339.24,05,subwp,42,1
185,goal_019,5,col_exit,5374,653.24,05,subwp,42,1
186,goal_019,6,col_exit,6437,812.46,05,subwp,42,1
187,goal_019,7,col_exit,3211,336.78,05,subwp,42,1
188,goal_019,8,col_exit,5362,652.88,05,subwp,42,1
189,goal_019,9,col_exit,6430,811.35,05,subwp,42,1
190,goal_019,10,col_exit,3212,335.23,05,subwp,42,1
191,goal_020,1,exito,15254,2400.92,05,subwp,42,1
192,goal_020,2,col_return,10212,1438.25,05,subwp,42,1
193,goal_020,3,exito,15251,2436.34,05,subwp,42,1
194,goal_020,4,exito,15257,2434.94,05,subwp,42,1
195,goal_020,5,exito,15258,2434.79,05,subwp,42,1
196,goal_020,6,exito,15260,2434.84,05,subwp,42,1
197,goal_020,7,exito,15257,2375.97,05,subwp,42,1
198,goal_020,8,exito,15258,2330.95,05,subwp,42,1
199,goal_020,9,exito,15259,2434.9,05,subwp,42,1
200,goal_020,10,exito,15262,2435.14,05,subwp,42,1
201,goal_021,1,exito,15423,2469.75,05,subwp,42,1
202,goal_021,2,exito,15423,2470.06,05,subwp,42,1
203,goal_021,3,exito,15423,2469.65,05,subwp,42,1
204,goal_021,4,exito,15423,2469.66,05,subwp,42,1
205,goal_021,5,exito,15423,2469.75,05,subwp,42,1
206,goal_021,6,exito,15424,2457.89,05,subwp,42,1
207,goal_021,7,col_return,10382,1473.37,05,subwp,42,1
208,goal_021,8,exito,15417,2470.7,05,subwp,42,1
209,goal_021,9,exito,15422,2470.08,05,subwp,42,1
210,goal_021,10,exito,15422,2469.96,05,subwp,42,1
211,goal_022,1,exito,15537,2486.15,05,subwp,42,1
212,goal_022,2,exito,15536,2486.16,05,subwp,42,1
213,goal_022,3,exito,15536,2486.2,05,subwp,42,1
214,goal_022,4,exito,15536,2486.17,05,subwp,42,1
215,goal_022,5,exito,15536,2486.13,05,subwp,42,1
216,goal_022,6,exito,15537,2482.08,05,subwp,42,1
217,goal_022,7,col_return,10502,1491.46,05,subwp,42,1
218,goal_022,8,exito,15531,2486.62,05,subwp,42,1
219,goal_022,9,exito,15536,2486.13,05,subwp,42,1
220,goal_022,10,exito,15536,2486.14,05,subwp,42,1
221,goal_023,1,exito,15682,2506.56,05,subwp,42,1
222,goal_023,2,exito,15680,2506.44,05,subwp,42,1
223,goal_023,3,exito,15679,2506.39,05,subwp,42,1
224,goal_023,4,exito,15681,2505.94,05,subwp,42,1
225,goal_023,5,col_return,10659,1512.92,05,subwp,42,1
226,goal_023,6,exito,15676,2507.47,05,subwp,42,1
227,goal_023,7,exito,15682,2506.46,05,subwp,42,1
228,goal_023,8,exito,15682,2506.45,05,subwp,42,1
229,goal_023,9,exito,15682,2506.39,05,subwp,42,1
230,goal_023,10,exito,15682,2506.51,05,subwp,42,1
231,goal_024,1,exito,15817,2524.8,05,subwp,42,1
232,goal_024,2,col_return,10782,1529.65,05,subwp,42,1
233,goal_024,3,exito,15811,2525.36,05,subwp,42,1
234,goal_024,4,exito,15816,2524.8,05,subwp,42,1
235,goal_024,5,exito,15817,2524.64,05,subwp,42,1
236,goal_024,6,exito,15817,2524.64,05,subwp,42,1
237,goal_024,7,exito,15816,2524.84,05,subwp,42,1
238,goal_024,8,col_return,10847,1538.6,05,subwp,42,1
239,goal_024,9,exito,15811,2525.64,05,subwp,42,1
240,goal_024,10,exito,15816,2524.87,05,subwp,42,1
241,goal_025,1,exito,15978,2544.45,05,subwp,42,1
242,goal_025,2,exito,15976,2544.17,05,subwp,42,1
243,goal_025,3,exito,15976,2540.48,05,subwp,42,1
244,goal_025,4,col_return,10727,1514.45,05,subwp,42,1
245,goal_025,5,exito,15972,2545.3,05,subwp,42,1
246,goal_025,6,exito,15977,2544.54,05,subwp,42,1
247,goal_025,7,exito,15978,2544.23,05,subwp,42,1
248,goal_025,8,exito,15976,2544.24,05,subwp,42,1
249,goal_025,9,col_return,10908,1542.31,05,subwp,42,1
250,goal_025,10,exito,15972,2545.18,05,subwp,42,1
251,goal_026,1,exito,16157,2566.41,05,subwp,42,1
252,goal_026,2,exito,16157,2566.26,05,subwp,42,1
253,goal_026,3,exito,16157,2562.75,05,subwp,42,1
254,goal_026,4,col_return,10822,1524.57,05,subwp,42,1
255,goal_026,5,exito,16153,2567.21,05,subwp,42,1
256,goal_026,6,exito,16158,2566.11,05,subwp,42,1
257,goal_026,7,exito,16157,2566.25,05,subwp,42,1
258,goal_026,8,col_return,11182,1572.17,05,subwp,42,1
259,goal_026,9,exito,16151,2567.13,05,subwp,42,1
260,goal_026,10,exito,16157,2566.12,05,subwp,42,1
261,goal_027,1,exito,16308,2588.79,05,subwp,42,1
262,goal_027,2,col_return,11347,1602.7,05,subwp,42,1
263,goal_027,3,exito,16302,2589.88,05,subwp,42,1
264,goal_027,4,exito,16306,2588.53,05,subwp,42,1
265,goal_027,5,exito,16308,2589.06,05,subwp,42,1
266,goal_027,6,col_return,11215,1585.94,05,subwp,42,1
267,goal_027,7,exito,16302,2589.73,05,subwp,42,1
268,goal_027,8,exito,16308,2588.91,05,subwp,42,1
269,goal_027,9,exito,16308,2588.95,05,subwp,42,1
270,goal_027,10,col_return,11145,1572.89,05,subwp,42,1
271,goal_028,1,exito,16482,2617.1,05,subwp,42,1
272,goal_028,2,exito,16489,2616.68,05,subwp,42,1
273,goal_028,3,exito,16490,2607.85,05,subwp,42,1
274,goal_028,4,col_return,10928,1546.49,05,subwp,42,1
275,goal_028,5,exito,16484,2617.58,05,subwp,42,1
276,goal_028,6,exito,16489,2616.86,05,subwp,42,1
277,goal_028,7,col_return,11473,1627.55,05,subwp,42,1
278,goal_028,8,exito,16484,2617.28,05,subwp,42,1
279,goal_028,9,exito,16490,2616.53,05,subwp,42,1
280,goal_028,10,exito,16490,2614.21,05,subwp,42,1
281,goal_029,1,col_return,11083,1570.26,05,subwp,42,1
282,goal_029,2,exito,16638,2640.73,05,subwp,42,1
283,goal_029,3,exito,16645,2640.52,05,subwp,42,1
284,goal_029,4,col_return,11404,1612.45,05,subwp,42,1
285,goal_029,5,exito,16637,2640.68,05,subwp,42,1
286,goal_029,6,exito,16646,2640.48,05,subwp,42,1
287,goal_029,7,col_return,11557,1634.57,05,subwp,42,1
288,goal_029,8,exito,16637,2641.04,05,subwp,42,1
289,goal_029,9,exito,16645,2640.42,05,subwp,42,1
290,goal_029,10,col_return,11638,1649.34,05,subwp,42,1
291,goal_030,1,exito,16896,2665.99,05,subwp,42,1
292,goal_030,2,exito,16899,2664.96,05,subwp,42,1
293,goal_030,3,col_return,11542,1621.56,05,subwp,42,1
294,goal_030,4,exito,16896,2666.16,05,subwp,42,1
295,goal_030,5,exito,16897,2665.18,05,subwp,42,1
296,goal_030,6,col_return,11370,1597.74,05,subwp,42,1
297,goal_030,7,exito,16895,2665.87,05,subwp,42,1
298,goal_030,8,exito,16904,2665.42,05,subwp,42,1
299,goal_030,9,col_return,11286,1584.97,05,subwp,42,1
300,goal_030,10,exito,16895,2665.97,05,subwp,42,1
301,goal_031,1,exito,17125,2687.73,05,subwp,42,1
302,goal_031,2,exito,17125,2524.57,05,subwp,42,1
303,goal_031,3,exito,17125,2696.93,05,subwp,42,1
304,goal_031,4,exito,17125,2696.2,05,subwp,42,1
305,goal_031,5,col_return,11811,1659.3,05,subwp,42,1
306,goal_031,6,exito,17121,2696.91,05,subwp,42,1
307,goal_031,7,exito,17126,2690.54,05,subwp,42,1
308,goal_031,8,col_return,11271,1584.19,05,subwp,42,1
309,goal_031,9,exito,17119,2697.71,05,subwp,42,1
310,goal_031,10,col_return,12078,1700.53,05,subwp,42,1
311,goal_032,1,exito,17333,2729.68,05,subwp,42,1
312,goal_032,2,exito,17337,2712.21,05,subwp,42,1
313,goal_032,3,exito,17339,2729.33,05,subwp,42,1
314,goal_032,4,exito,17340,2729.23,05,subwp,42,1
315,goal_032,5,exito,17339,2729.41,05,subwp,42,1
316,goal_032,6,col_return,11550,1623.63,05,subwp,42,1
317,goal_032,7,exito,17335,2730.1,05,subwp,42,1
318,goal_032,8,col_return,12113,1703.86,05,subwp,42,1
319,goal_032,9,exito,17331,2729.66,05,subwp,42,1
320,goal_032,10,col_return,12383,1746.27,05,subwp,42,1
321,goal_033,1,exito,17588,2766.54,05,subwp,42,1
322,goal_033,2,col_return,12531,1763.66,05,subwp,42,1
323,goal_033,3,exito,17589,2766.57,05,subwp,42,1
324,goal_033,4,col_return,12462,1758.33,05,subwp,42,1
325,goal_033,5,exito,17592,2766.76,05,subwp,42,1
326,goal_033,6,col_return,12434,1752.82,05,subwp,42,1
327,goal_033,7,exito,17593,2767.08,05,subwp,42,1
328,goal_033,8,col_return,12425,1749.19,05,subwp,42,1
329,goal_033,9,exito,17592,2767.02,05,subwp,42,1
330,goal_033,10,col_return,12418,1746.41,05,subwp,42,1
331,goal_034,1,exito,17817,2800.15,05,subwp,42,1
332,goal_034,2,col_return,12405,1749.38,05,subwp,42,1
333,goal_034,3,exito,17819,2800.19,05,subwp,42,1
334,goal_034,4,col_return,12299,1729.93,05,subwp,42,1
335,goal_034,5,exito,17819,2800.15,05,subwp,42,1
336,goal_034,6,col_return,12230,1724.83,05,subwp,42,1
337,goal_034,7,exito,17820,2800.12,05,subwp,42,1
338,goal_034,8,col_return,12205,1719.76,05,subwp,42,1
339,goal_034,9,exito,17816,2800.18,05,subwp,42,1
340,goal_034,10,col_return,12201,1715.95,05,subwp,42,1
341,goal_035,1,exito,18053,2836.28,05,subwp,42,1
342,goal_035,2,exito,18061,2593.73,05,subwp,42,1
343,goal_035,3,exito,18060,2835.47,05,subwp,42,1
344,goal_035,4,col_return,12876,1821.69,05,subwp,42,1
345,goal_035,5,exito,18051,2835.95,05,subwp,42,1
346,goal_035,6,col_return,12413,1748.31,05,subwp,42,1
347,goal_035,7,exito,18053,2836.2,05,subwp,42,1
348,goal_035,8,exito,18060,2677.13,05,subwp,42,1
349,goal_035,9,exito,18058,2835.57,05,subwp,42,1
350,goal_035,10,col_return,12869,1819.53,05,subwp,42,1
351,goal_036,1,exito,18319,2871.75,05,subwp,42,1
352,goal_036,2,exito,18323,2841.42,05,subwp,42,1
353,goal_036,3,exito,18326,2871.31,05,subwp,42,1
354,goal_036,4,col_return,12835,1808.16,05,subwp,42,1
355,goal_036,5,exito,18318,2871.7,05,subwp,42,1
356,goal_036,6,exito,18324,2870.73,05,subwp,42,1
357,goal_036,7,exito,18325,2872.03,05,subwp,42,1
358,goal_036,8,col_return,12681,1782.96,05,subwp,42,1
359,goal_036,9,exito,18319,2871.9,05,subwp,42,1
360,goal_036,10,exito,18325,2871.08,05,subwp,42,1
361,goal_037,1,col_return,8512,1200.99,05,subwp,42,1
362,goal_037,2,exito,14314,2311.54,05,subwp,42,1
363,goal_037,3,exito,14322,2311.24,05,subwp,42,1
364,goal_037,4,col_return,8690,1225.37,05,subwp,42,1
365,goal_037,5,exito,14313,2311.3,05,subwp,42,1
366,goal_037,6,exito,14322,2193.31,05,subwp,42,1
367,goal_037,7,col_return,8776,1238.15,05,subwp,42,1
368,goal_037,8,exito,14316,2311.41,05,subwp,42,1
369,goal_037,9,col_return,8469,1199.67,05,subwp,42,1
370,goal_037,10,exito,14314,2311.51,05,subwp,42,1
371,goal_038,1,exito,16712,2632.42,05,subwp,42,1
372,goal_038,2,exito,16715,2632.55,05,subwp,42,1
373,goal_038,3,col_return,11569,1619.46,05,subwp,42,1
374,goal_038,4,exito,16707,2633.09,05,subwp,42,1
375,goal_038,5,exito,16713,2632.22,05,subwp,42,1
376,goal_038,6,col_return,11572,1620.3,05,subwp,42,1
377,goal_038,7,exito,16707,2632.63,05,subwp,42,1
378,goal_038,8,exito,16715,2632.46,05,subwp,42,1
379,goal_038,9,col_return,11572,1620.72,05,subwp,42,1
380,goal_038,10,exito,16706,2632.98,05,subwp,42,1
381,goal_039,1,exito,14262,2305.76,05,subwp,42,1
382,goal_039,2,exito,14260,2305.63,05,subwp,42,1
383,goal_039,3,exito,14261,2305.94,05,subwp,42,1
384,goal_039,4,col_return,8556,1213.92,05,subwp,42,1
385,goal_039,5,exito,14254,2305.97,05,subwp,42,1
386,goal_039,6,col_return,8402,1192.03,05,subwp,42,1
387,goal_039,7,exito,14253,2305.95,05,subwp,42,1
388,goal_039,8,exito,14261,2292.79,05,subwp,42,1
389,goal_039,9,col_return,8697,1233.7,05,subwp,42,1
390,goal_039,10,exito,14254,2305.79,05,subwp,42,1
391,goal_040,1,exito,16610,2618.15,05,subwp,42,1
392,goal_040,2,exito,16609,2618.16,05,subwp,42,1
393,goal_040,3,exito,16610,2606.55,05,subwp,42,1
394,goal_040,4,col_return,10982,1532.1,05,subwp,42,1
395,goal_040,5,exito,16606,2618.35,05,subwp,42,1
396,goal_040,6,exito,16611,2618.13,05,subwp,42,1
397,goal_040,7,col_return,11380,1593.18,05,subwp,42,1
398,goal_040,8,exito,16602,2618.64,05,subwp,42,1
399,goal_040,9,exito,16610,2618.04,05,subwp,42,1
400,goal_040,10,col_return,11579,1624.84,05,subwp,42,1
401,goal_041,1,col_return,8303,1174.77,05,subwp,42,1
402,goal_041,2,exito,14137,2289.44,05,subwp,42,1
403,goal_041,3,col_return,8339,1178.36,05,subwp,42,1
404,goal_041,4,exito,14137,2289.44,05,subwp,42,1
405,goal_041,5,col_return,8349,1180.87,05,subwp,42,1
406,goal_041,6,exito,14137,2289.55,05,subwp,42,1
407,goal_041,7,col_return,8355,1181.91,05,subwp,42,1
408,goal_041,8,exito,14137,2289.43,05,subwp,42,1
409,goal_041,9,col_return,8358,1182.32,05,subwp,42,1
410,goal_041,10,exito,14137,2289.36,05,subwp,42,1
411,goal_042,1,exito,16363,2583.07,05,subwp,42,1
412,goal_042,2,exito,16360,2583.37,05,subwp,42,1
413,goal_042,3,exito,16365,2582.95,05,subwp,42,1
414,goal_042,4,col_return,11167,1568.0,05,subwp,42,1
415,goal_042,5,exito,16359,2584.02,05,subwp,42,1
416,goal_042,6,exito,16367,2583.7,05,subwp,42,1
417,goal_042,7,exito,16364,2583.28,05,subwp,42,1
418,goal_042,8,col_return,11045,1544.99,05,subwp,42,1
419,goal_042,9,exito,16359,2583.93,05,subwp,42,1
420,goal_042,10,exito,16364,2583.15,05,subwp,42,1
421,goal_043,1,exito,14075,2275.49,05,subwp,42,1
422,goal_043,2,exito,14075,2275.7,05,subwp,42,1
423,goal_043,3,exito,14074,2275.55,05,subwp,42,1
424,goal_043,4,exito,14075,2257.04,05,subwp,42,1
425,goal_043,5,col_return,8610,1218.71,05,subwp,42,1
426,goal_043,6,exito,14068,2275.65,05,subwp,42,1
427,goal_043,7,col_return,8523,1199.83,05,subwp,42,1
428,goal_043,8,exito,14071,2275.78,05,subwp,42,1
429,goal_043,9,col_return,8475,1195.35,05,subwp,42,1
430,goal_043,10,exito,14067,2275.64,05,subwp,42,1
431,goal_044,1,exito,16112,2548.6,05,subwp,42,1
432,goal_044,2,exito,16114,2548.74,05,subwp,42,1
433,goal_044,3,exito,16113,2549.1,05,subwp,42,1
434,goal_044,4,exito,16113,2548.71,05,subwp,42,1
435,goal_044,5,col_return,10985,1542.44,05,subwp,42,1
436,goal_044,6,exito,16107,2549.31,05,subwp,42,1
437,goal_044,7,exito,16110,2548.73,05,subwp,42,1
438,goal_044,8,exito,16114,2548.96,05,subwp,42,1
439,goal_044,9,exito,16114,2543.43,05,subwp,42,1
440,goal_044,10,col_return,10775,1506.95,05,subwp,42,1
441,goal_045,1,exito,14018,2250.26,05,subwp,42,1
442,goal_045,2,col_return,8585,1207.29,05,subwp,42,1
443,goal_045,3,exito,14018,2265.77,05,subwp,42,1
444,goal_045,4,col_return,8531,1201.78,05,subwp,42,1
445,goal_045,5,exito,14018,2266.02,05,subwp,42,1
446,goal_045,6,col_return,8499,1198.64,05,subwp,42,1
447,goal_045,7,exito,14018,2265.74,05,subwp,42,1
448,goal_045,8,col_return,8498,1194.56,05,subwp,42,1
449,goal_045,9,exito,14018,2265.59,05,subwp,42,1
450,goal_045,10,col_return,8486,1193.49,05,subwp,42,1
451,goal_046,1,exito,15887,2515.33,05,subwp,42,1
452,goal_046,2,exito,15888,2515.14,05,subwp,42,1
453,goal_046,3,exito,15888,2514.65,05,subwp,42,1
454,goal_046,4,exito,15888,2514.89,05,subwp,42,1
455,goal_046,5,col_return,10900,1523.08,05,subwp,42,1
456,goal_046,6,exito,15881,2515.57,05,subwp,42,1
457,goal_046,7,exito,15889,2514.73,05,subwp,42,1
458,goal_046,8,exito,15890,2515.14,05,subwp,42,1
459,goal_046,9,exito,15890,2514.92,05,subwp,42,1
460,goal_046,10,exito,15887,2513.42,05,subwp,42,1
461,goal_047,1,exito,13977,2260.14,05,subwp,42,1
462,goal_047,2,exito,13977,2260.83,05,subwp,42,1
463,goal_047,3,exito,13977,2260.02,05,subwp,42,1
464,goal_047,4,exito,13977,2260.09,05,subwp,42,1
465,goal_047,5,exito,13977,2226.88,05,subwp,42,1
466,goal_047,6,col_return,8577,1210.37,05,subwp,42,1
467,goal_047,7,exito,13969,2250.78,05,subwp,42,1
468,goal_047,8,col_return,8545,1207.29,05,subwp,42,1
469,goal_047,9,exito,13971,2254.62,05,subwp,42,1
470,goal_047,10,col_return,8543,1204.73,05,subwp,42,1
471,goal_048,1,exito,15634,2481.14,05,subwp,42,1
472,goal_048,2,exito,15643,2480.29,05,subwp,42,1
473,goal_048,3,exito,15643,2480.4,05,subwp,42,1
474,goal_048,4,exito,15642,2481.11,05,subwp,42,1
475,goal_048,5,exito,15643,2480.39,05,subwp,42,1
476,goal_048,6,exito,15642,2480.43,05,subwp,42,1
477,goal_048,7,col_return,10674,1494.48,05,subwp,42,1
478,goal_048,8,exito,15634,2481.17,05,subwp,42,1
479,goal_048,9,exito,15643,2480.56,05,subwp,42,1
480,goal_048,10,exito,15642,2480.49,05,subwp,42,1
481,goal_049,1,exito,13958,2257.2,05,subwp,42,1
482,goal_049,2,exito,13958,2257.46,05,subwp,42,1
483,goal_049,3,col_return,8322,1173.54,05,subwp,42,1
484,goal_049,4,exito,13951,2257.93,05,subwp,42,1
485,goal_049,5,col_return,8433,1191.05,05,subwp,42,1
486,goal_049,6,exito,13951,2257.73,05,subwp,42,1
487,goal_049,7,col_return,8489,1202.41,05,subwp,42,1
488,goal_049,8,exito,13951,2252.76,05,subwp,42,1
489,goal_049,9,col_return,8526,1201.41,05,subwp,42,1
490,goal_049,10,exito,13951,2249.38,05,subwp,42,1
491,goal_050,1,exito,15425,2447.73,05,subwp,42,1
492,goal_050,2,exito,15422,2447.85,05,subwp,42,1
493,goal_050,3,exito,15421,2447.8,05,subwp,42,1
494,goal_050,4,exito,15421,2447.32,05,subwp,42,1
495,goal_050,5,exito,15421,2447.9,05,subwp,42,1
496,goal_050,6,exito,15424,2447.01,05,subwp,42,1
497,goal_050,7,exito,15421,2447.92,05,subwp,42,1
498,goal_050,8,exito,15425,2447.3,05,subwp,42,1
499,goal_050,9,exito,15419,2447.47,05,subwp,42,1
500,goal_050,10,exito,15420,2447.25,05,subwp,42,1
501,goal_051,1,exito,13942,2254.6,05,subwp,42,1
502,goal_051,2,exito,13942,2254.5,05,subwp,42,1
503,goal_051,3,exito,13942,2254.49,05,subwp,42,1
504,goal_051,4,exito,13942,2246.6,05,subwp,42,1
505,goal_051,5,col_return,8528,1202.18,05,subwp,42,1
506,goal_051,6,exito,13935,2236.96,05,subwp,42,1
507,goal_051,7,col_return,8546,1204.96,05,subwp,42,1
508,goal_051,8,exito,13935,2228.14,05,subwp,42,1
509,goal_051,9,col_return,8554,1207.47,05,subwp,42,1
510,goal_051,10,exito,13935,2221.96,05,subwp,42,1
511,goal_052,1,exito,15168,2412.11,05,subwp,42,1
512,goal_052,2,exito,15169,2412.1,05,subwp,42,1
513,goal_052,3,exito,15169,2412.12,05,subwp,42,1
514,goal_052,4,exito,15168,2411.97,05,subwp,42,1
515,goal_052,5,exito,15169,2412.02,05,subwp,42,1
516,goal_052,6,exito,15169,2412.34,05,subwp,42,1
517,goal_052,7,exito,15169,2411.71,05,subwp,42,1
518,goal_052,8,exito,15168,2412.07,05,subwp,42,1
519,goal_052,9,exito,15168,2412.27,05,subwp,42,1
520,goal_052,10,exito,15169,2412.05,05,subwp,42,1
521,goal_053,1,exito,13923,2251.74,05,subwp,42,1
522,goal_053,2,col_return,8237,1160.96,05,subwp,42,1
523,goal_053,3,exito,13916,2252.09,05,subwp,42,1
524,goal_053,4,col_return,8410,1185.01,05,subwp,42,1
525,goal_053,5,exito,13917,2251.72,05,subwp,42,1
526,goal_053,6,col_return,8498,1197.01,05,subwp,42,1
527,goal_053,7,exito,13918,2232.58,05,subwp,42,1
528,goal_053,8,col_return,8539,1204.89,05,subwp,42,1
529,goal_053,9,exito,13917,2198.93,05,subwp,42,1
530,goal_053,10,col_return,8560,1204.09,05,subwp,42,1
531,goal_054,1,exito,14906,2374.12,05,subwp,42,1
532,goal_054,2,exito,14913,2372.84,05,subwp,42,1
533,goal_054,3,exito,14913,2373.24,05,subwp,42,1
534,goal_054,4,exito,14913,2373.26,05,subwp,42,1
535,goal_054,5,exito,14912,2373.22,05,subwp,42,1
536,goal_054,6,exito,14916,2372.61,05,subwp,42,1
537,goal_054,7,exito,14910,2373.18,05,subwp,42,1
538,goal_054,8,exito,14911,2373.29,05,subwp,42,1
539,goal_054,9,exito,14911,2373.0,05,subwp,42,1
540,goal_054,10,exito,14910,2372.85,05,subwp,42,1
541,goal_055,1,col_return,8458,1189.08,05,subwp,42,1
542,goal_055,2,exito,13899,2230.5,05,subwp,42,1
543,goal_055,3,col_return,8529,1202.97,05,subwp,42,1
544,goal_055,4,exito,13899,2156.41,05,subwp,42,1
545,goal_055,5,col_return,8562,1206.01,05,subwp,42,1
546,goal_055,6,exito,13899,2034.86,05,subwp,42,1
547,goal_055,7,col_return,8583,1208.47,05,subwp,42,1
548,goal_055,8,exito,13899,1941.76,05,subwp,42,1
549,goal_055,9,col_return,8591,1210.38,05,subwp,42,1
550,goal_055,10,col_return,8050,1130.8,05,subwp,42,1
551,goal_056,1,exito,14691,2344.88,05,subwp,42,1
552,goal_056,2,exito,14697,2344.42,05,subwp,42,1
553,goal_056,3,exito,14697,2344.61,05,subwp,42,1
554,goal_056,4,exito,14696,2344.37,05,subwp,42,1
555,goal_056,5,exito,14697,2327.32,05,subwp,42,1
556,goal_056,6,col_return,8913,1241.74,05,subwp,42,1
557,goal_056,7,exito,14692,2344.37,05,subwp,42,1
558,goal_056,8,exito,14702,2343.97,05,subwp,42,1
559,goal_056,9,exito,14696,2344.2,05,subwp,42,1
560,goal_056,10,exito,14695,2344.01,05,subwp,42,1
561,goal_057,1,col_return,8420,1185.03,05,subwp,42,1
562,goal_057,2,exito,13908,2237.41,05,subwp,42,1
563,goal_057,3,col_return,8513,1195.74,05,subwp,42,1
564,goal_057,4,exito,13908,2196.95,05,subwp,42,1
565,goal_057,5,col_return,8545,1205.12,05,subwp,42,1
566,goal_057,6,exito,13908,2111.1,05,subwp,42,1
567,goal_057,7,col_return,8574,1202.91,05,subwp,42,1
568,goal_057,8,exito,13908,2050.81,05,subwp,42,1
569,goal_057,9,col_return,8582,1205.19,05,subwp,42,1
570,goal_057,10,exito,13908,2012.07,05,subwp,42,1
571,goal_058,1,col_return,8854,1230.24,05,subwp,42,1
572,goal_058,2,exito,14442,2309.42,05,subwp,42,1
573,goal_058,3,exito,14449,2309.09,05,subwp,42,1
574,goal_058,4,col_return,8730,1210.77,05,subwp,42,1
575,goal_058,5,exito,14443,2309.23,05,subwp,42,1
576,goal_058,6,exito,14448,2308.9,05,subwp,42,1
577,goal_058,7,col_return,8669,1202.71,05,subwp,42,1
578,goal_058,8,exito,14441,2308.96,05,subwp,42,1
579,goal_058,9,exito,14448,2308.85,05,subwp,42,1
580,goal_058,10,col_return,8633,1198.84,05,subwp,42,1
581,goal_059,1,exito,13900,2244.85,05,subwp,42,1
582,goal_059,2,col_return,8349,1173.43,05,subwp,42,1
583,goal_059,3,exito,13900,2244.78,05,subwp,42,1
584,goal_059,4,col_return,8474,1188.23,05,subwp,42,1
585,goal_059,5,exito,13900,2218.47,05,subwp,42,1
586,goal_059,6,col_return,8532,1201.65,05,subwp,42,1
587,goal_059,7,exito,13900,2125.27,05,subwp,42,1
588,goal_059,8,col_return,8568,1202.98,05,subwp,42,1
589,goal_059,9,exito,13900,2010.54,05,subwp,42,1
590,goal_059,10,col_return,8585,1205.1,05,subwp,42,1
591,goal_060,1,exito,14224,2281.03,05,subwp,42,1
592,goal_060,2,col_return,8591,1193.3,05,subwp,42,1
593,goal_060,3,exito,14228,2281.7,05,subwp,42,1
594,goal_060,4,col_return,8431,1170.45,05,subwp,42,1
595,goal_060,5,exito,14227,2281.42,05,subwp,42,1
596,goal_060,6,exito,14232,2147.6,05,subwp,42,1
597,goal_060,7,col_return,8733,1216.66,05,subwp,42,1
598,goal_060,8,exito,14227,2281.63,05,subwp,42,1
599,goal_060,9,col_return,8496,1182.34,05,subwp,42,1
600,goal_060,10,exito,14225,2281.58,05,subwp,42,1
601,goal_061,1,exito,15361,2444.98,05,subwp,42,1
602,goal_061,2,exito,15363,2445.3,05,subwp,42,1
603,goal_061,3,exito,15363,2445.25,05,subwp,42,1
604,goal_061,4,exito,15361,2445.13,05,subwp,42,1
605,goal_061,5,exito,15361,2444.99,05,subwp,42,1
606,goal_061,6,exito,15361,2444.98,05,subwp,42,1
607,goal_061,7,exito,15361,2444.98,05,subwp,42,1
608,goal_061,8,exito,15359,2444.97,05,subwp,42,1
609,goal_061,9,exito,15360,2445.13,05,subwp,42,1
610,goal_061,10,exito,15363,2445.25,05,subwp,42,1
611,goal_062,1,exito,15178,2426.11,05,subwp,42,1
612,goal_062,2,exito,15180,2425.96,05,subwp,42,1
613,goal_062,3,exito,15180,2426.34,05,subwp,42,1
614,goal_062,4,exito,15180,2425.97,05,subwp,42,1
615,goal_062,5,exito,15178,2423.7,05,subwp,42,1
616,goal_062,6,exito,15180,2414.79,05,subwp,42,1
617,goal_062,7,exito,15180,2390.89,05,subwp,42,1
618,goal_062,8,col_return,10172,1436.22,05,subwp,42,1
619,goal_062,9,exito,15174,2426.83,05,subwp,42,1
620,goal_062,10,exito,15181,2426.37,05,subwp,42,1
621,goal_063,1,exito,15619,2472.16,05,subwp,42,1
622,goal_063,2,exito,15622,2472.29,05,subwp,42,1
623,goal_063,3,exito,15622,2472.28,05,subwp,42,1
624,goal_063,4,exito,15622,2472.26,05,subwp,42,1
625,goal_063,5,exito,15621,2472.23,05,subwp,42,1
626,goal_063,6,exito,15619,2472.3,05,subwp,42,1
627,goal_063,7,exito,15619,2454.13,05,subwp,42,1
628,goal_063,8,col_return,10449,1455.93,05,subwp,42,1
629,goal_063,9,exito,15617,2473.06,05,subwp,42,1
630,goal_063,10,exito,15620,2472.0,05,subwp,42,1
631,goal_064,1,exito,15352,2442.78,05,subwp,42,1
632,goal_064,2,exito,15352,2442.91,05,subwp,42,1
633,goal_064,3,exito,15353,2442.92,05,subwp,42,1
634,goal_064,4,exito,15351,2443.12,05,subwp,42,1
635,goal_064,5,exito,15353,2442.78,05,subwp,42,1
636,goal_064,6,exito,15353,2442.79,05,subwp,42,1
637,goal_064,7,exito,15352,2442.91,05,subwp,42,1
638,goal_064,8,exito,15352,2443.0,05,subwp,42,1
639,goal_064,9,exito,15353,2436.38,05,subwp,42,1
640,goal_064,10,col_return,10388,1453.82,05,subwp,42,1
641,goal_065,1,exito,15855,2506.85,05,subwp,42,1
642,goal_065,2,exito,15867,2505.26,05,subwp,42,1
643,goal_065,3,exito,15868,2505.02,05,subwp,42,1
644,goal_065,4,exito,15868,2505.08,05,subwp,42,1
645,goal_065,5,exito,15868,2504.81,05,subwp,42,1
646,goal_065,6,col_return,10783,1498.64,05,subwp,42,1
647,goal_065,7,exito,15862,2506.01,05,subwp,42,1
648,goal_065,8,exito,15867,2505.28,05,subwp,42,1
649,goal_065,9,exito,15867,2505.25,05,subwp,42,1
650,goal_065,10,exito,15868,2505.08,05,subwp,42,1
651,goal_066,1,exito,15586,2473.08,05,subwp,42,1
652,goal_066,2,exito,15587,2453.08,05,subwp,42,1
653,goal_066,3,col_return,10423,1458.37,05,subwp,42,1
654,goal_066,4,exito,15579,2473.71,05,subwp,42,1
655,goal_066,5,exito,15584,2473.82,05,subwp,42,1
656,goal_066,6,exito,15586,2473.18,05,subwp,42,1
657,goal_066,7,exito,15586,2473.2,05,subwp,42,1
658,goal_066,8,exito,15587,2472.85,05,subwp,42,1
659,goal_066,9,exito,15587,2472.85,05,subwp,42,1
660,goal_066,10,exito,15587,2472.9,05,subwp,42,1
661,goal_067,1,col_return,10934,1524.91,05,subwp,42,1
662,goal_067,2,exito,16111,2543.73,05,subwp,42,1
663,goal_067,3,exito,16121,2542.68,05,subwp,42,1
664,goal_067,4,exito,16120,2542.39,05,subwp,42,1
665,goal_067,5,exito,16117,2530.48,05,subwp,42,1
666,goal_067,6,col_return,10726,1494.35,05,subwp,42,1
667,goal_067,7,exito,16118,2543.43,05,subwp,42,1
668,goal_067,8,exito,16120,2542.62,05,subwp,42,1
669,goal_067,9,exito,16125,2542.98,05,subwp,42,1
670,goal_067,10,col_return,11213,1547.91,05,subwp,42,1
671,goal_068,1,exito,15830,2510.69,05,subwp,42,1
672,goal_068,2,exito,15839,2509.93,05,subwp,42,1
673,goal_068,3,exito,15833,2509.9,05,subwp,42,1
674,goal_068,4,exito,15837,2509.82,05,subwp,42,1
675,goal_068,5,exito,15838,2509.78,05,subwp,42,1
676,goal_068,6,col_return,10841,1521.95,05,subwp,42,1
677,goal_068,7,exito,15832,2510.49,05,subwp,42,1
678,goal_068,8,exito,15835,2509.97,05,subwp,42,1
679,goal_068,9,exito,15834,2509.93,05,subwp,42,1
680,goal_068,10,exito,15835,2509.81,05,subwp,42,1
681,goal_069,1,exito,16330,2563.26,05,subwp,42,1
682,goal_069,2,col_return,10827,1512.62,05,subwp,42,1
683,goal_069,3,exito,16325,2576.75,05,subwp,42,1
684,goal_069,4,exito,16330,2575.98,05,subwp,42,1
685,goal_069,5,exito,16332,2573.49,05,subwp,42,1
686,goal_069,6,col_return,10923,1524.7,05,subwp,42,1
687,goal_069,7,exito,16326,2576.79,05,subwp,42,1
688,goal_069,8,exito,16332,2576.28,05,subwp,42,1
689,goal_069,9,exito,16331,2575.18,05,subwp,42,1
690,goal_069,10,col_return,10964,1528.54,05,subwp,42,1
691,goal_070,1,exito,16032,2542.17,05,subwp,42,1
692,goal_070,2,exito,16042,2541.07,05,subwp,42,1
693,goal_070,3,exito,16043,2541.12,05,subwp,42,1
694,goal_070,4,exito,16042,2536.99,05,subwp,42,1
695,goal_070,5,col_return,10753,1510.17,05,subwp,42,1
696,goal_070,6,exito,16035,2541.87,05,subwp,42,1
697,goal_070,7,exito,16042,2541.15,05,subwp,42,1
698,goal_070,8,exito,16037,2541.82,05,subwp,42,1
699,goal_070,9,exito,16042,2539.38,05,subwp,42,1
700,goal_070,10,col_return,10799,1513.25,05,subwp,42,1
701,goal_071,1,exito,16580,2614.27,05,subwp,42,1
702,goal_071,2,exito,16583,2613.47,05,subwp,42,1
703,goal_071,3,col_return,11587,1625.07,05,subwp,42,1
704,goal_071,4,exito,16581,2614.31,05,subwp,42,1
705,goal_071,5,exito,16583,2613.47,05,subwp,42,1
706,goal_071,6,exito,16583,2591.49,05,subwp,42,1
707,goal_071,7,col_return,10918,1525.71,05,subwp,42,1
708,goal_071,8,exito,16581,2614.47,05,subwp,42,1
709,goal_071,9,exito,16583,2613.37,05,subwp,42,1
710,goal_071,10,col_return,11377,1592.16,05,subwp,42,1
711,goal_072,1,exito,16291,2577.66,05,subwp,42,1
712,goal_072,2,exito,16300,2577.17,05,subwp,42,1
713,goal_072,3,exito,16297,2577.09,05,subwp,42,1
714,goal_072,4,col_return,11091,1559.41,05,subwp,42,1
715,goal_072,5,exito,16291,2577.69,05,subwp,42,1
716,goal_072,6,exito,16297,2576.95,05,subwp,42,1
717,goal_072,7,exito,16299,2577.01,05,subwp,42,1
718,goal_072,8,col_return,11105,1560.11,05,subwp,42,1
719,goal_072,9,exito,16293,2577.81,05,subwp,42,1
720,goal_072,10,exito,16301,2577.42,05,subwp,42,1
721,goal_073,1,exito,16796,2638.35,05,subwp,42,1
722,goal_073,2,col_return,11107,1552.69,05,subwp,42,1
723,goal_073,3,exito,16791,2645.68,05,subwp,42,1
724,goal_073,4,exito,16802,2644.96,05,subwp,42,1
725,goal_073,5,col_return,11258,1571.48,05,subwp,42,1
726,goal_073,6,exito,16791,2645.59,05,subwp,42,1
727,goal_073,7,exito,16796,2644.73,05,subwp,42,1
728,goal_073,8,col_return,11324,1588.62,05,subwp,42,1
729,goal_073,9,exito,16791,2645.52,05,subwp,42,1
730,goal_073,10,exito,16796,2644.8,05,subwp,42,1
731,goal_074,1,col_return,11228,1583.93,05,subwp,42,1
732,goal_074,2,exito,16509,2614.01,05,subwp,42,1
733,goal_074,3,exito,16513,2613.02,05,subwp,42,1
734,goal_074,4,exito,16512,2580.85,05,subwp,42,1
735,goal_074,5,col_return,10847,1526.61,05,subwp,42,1
736,goal_074,6,exito,16506,2613.98,05,subwp,42,1
737,goal_074,7,exito,16512,2613.14,05,subwp,42,1
738,goal_074,8,col_return,11415,1609.33,05,subwp,42,1
739,goal_074,9,exito,16509,2614.0,05,subwp,42,1
740,goal_074,10,exito,16513,2612.88,05,subwp,42,1
741,goal_075,1,col_return,11968,1680.09,05,subwp,42,1
742,goal_075,2,exito,17058,2682.82,05,subwp,42,1
743,goal_075,3,exito,17061,2681.95,05,subwp,42,1
744,goal_075,4,col_return,11423,1596.16,05,subwp,42,1
745,goal_075,5,exito,17057,2682.93,05,subwp,42,1
746,goal_075,6,exito,17062,2658.15,05,subwp,42,1
747,goal_075,7,exito,17064,2646.44,05,subwp,42,1
748,goal_075,8,exito,17064,2681.92,05,subwp,42,1
749,goal_075,9,exito,17054,2682.25,05,subwp,42,1
750,goal_075,10,col_return,11811,1652.29,05,subwp,42,1
751,goal_076,1,exito,16769,2650.38,05,subwp,42,1
752,goal_076,2,exito,16776,2649.71,05,subwp,42,1
753,goal_076,3,col_return,11489,1617.18,05,subwp,42,1
754,goal_076,4,exito,16769,2650.31,05,subwp,42,1
755,goal_076,5,exito,16776,2649.7,05,subwp,42,1
756,goal_076,6,col_return,11465,1615.0,05,subwp,42,1
757,goal_076,7,exito,16769,2650.32,05,subwp,42,1
758,goal_076,8,exito,16775,2649.96,05,subwp,42,1
759,goal_076,9,col_return,11456,1614.54,05,subwp,42,1
760,goal_076,10,exito,16769,2650.53,05,subwp,42,1
761,goal_077,1,exito,17302,2720.02,05,subwp,42,1
762,goal_077,2,col_return,11456,1609.04,05,subwp,42,1
763,goal_077,3,exito,17297,2721.33,05,subwp,42,1
764,goal_077,4,col_return,12076,1699.68,05,subwp,42,1
765,goal_077,5,exito,17297,2721.33,05,subwp,42,1
766,goal_077,6,exito,17303,2688.27,05,subwp,42,1
767,goal_077,7,exito,17303,2720.87,05,subwp,42,1
768,goal_077,8,exito,17303,2720.93,05,subwp,42,1
769,goal_077,9,exito,17303,2720.86,05,subwp,42,1
770,goal_077,10,col_return,11536,1619.02,05,subwp,42,1
771,goal_078,1,exito,17013,2689.04,05,subwp,42,1
772,goal_078,2,exito,17020,2657.84,05,subwp,42,1
773,goal_078,3,exito,17020,2650.55,05,subwp,42,1
774,goal_078,4,exito,17019,2688.42,05,subwp,42,1
775,goal_078,5,exito,17019,2688.51,05,subwp,42,1
776,goal_078,6,col_return,11823,1673.1,05,subwp,42,1
777,goal_078,7,exito,17014,2689.21,05,subwp,42,1
778,goal_078,8,exito,17020,2688.23,05,subwp,42,1
779,goal_078,9,col_return,11393,1606.82,05,subwp,42,1
780,goal_078,10,exito,17013,2689.22,05,subwp,42,1
781,goal_079,1,col_return,12448,1748.76,05,subwp,42,1
782,goal_079,2,exito,17515,2753.4,05,subwp,42,1
783,goal_079,3,col_return,12464,1752.72,05,subwp,42,1
784,goal_079,4,exito,17515,2753.56,05,subwp,42,1
785,goal_079,5,col_return,12468,1756.02,05,subwp,42,1
786,goal_079,6,exito,17515,2753.27,05,subwp,42,1
787,goal_079,7,col_return,12483,1755.66,05,subwp,42,1
788,goal_079,8,exito,17515,2753.27,05,subwp,42,1
789,goal_079,9,col_return,12480,1756.32,05,subwp,42,1
790,goal_079,10,exito,17515,2753.29,05,subwp,42,1
791,goal_080,1,exito,17248,2688.92,05,subwp,42,1
792,goal_080,2,exito,17242,2719.16,05,subwp,42,1
793,goal_080,3,exito,17243,2718.89,05,subwp,42,1
794,goal_080,4,exito,17243,2719.04,05,subwp,42,1
795,goal_080,5,col_return,11605,1632.05,05,subwp,42,1
796,goal_080,6,exito,17238,2720.02,05,subwp,42,1
797,goal_080,7,col_return,12185,1717.78,05,subwp,42,1
798,goal_080,8,exito,17241,2720.12,05,subwp,42,1
799,goal_080,9,exito,17244,2714.21,05,subwp,42,1
800,goal_080,10,exito,17244,2657.32,05,subwp,42,1
801,goal_081,1,exito,17770,2789.17,05,subwp,42,1
802,goal_081,2,exito,17766,2752.15,05,subwp,42,1
803,goal_081,3,exito,17766,2789.51,05,subwp,42,1
804,goal_081,4,exito,17765,2789.27,05,subwp,42,1
805,goal_081,5,col_return,12449,1751.14,05,subwp,42,1
806,goal_081,6,exito,17760,2789.74,05,subwp,42,1
807,goal_081,7,col_return,12338,1736.88,05,subwp,42,1
808,goal_081,8,exito,17761,2790.06,05,subwp,42,1
809,goal_081,9,col_return,12295,1728.96,05,subwp,42,1
810,goal_081,10,exito,17761,2790.27,05,subwp,42,1
811,goal_082,1,col_return,12123,1711.5,05,subwp,42,1
812,goal_082,2,exito,17483,2758.33,05,subwp,42,1
813,goal_082,3,col_return,12321,1740.76,05,subwp,42,1
814,goal_082,4,exito,17483,2758.67,05,subwp,42,1
815,goal_082,5,col_return,12419,1754.81,05,subwp,42,1
816,goal_082,6,exito,17483,2758.7,05,subwp,42,1
817,goal_082,7,col_return,12461,1765.74,05,subwp,42,1
818,goal_082,8,exito,17483,2758.49,05,subwp,42,1
819,goal_082,9,col_return,12489,1770.93,05,subwp,42,1
820,goal_082,10,exito,17483,2758.7,05,subwp,42,1
821,goal_083,1,col_return,12760,1795.19,05,subwp,42,1
822,goal_083,2,exito,17995,2821.98,05,subwp,42,1
823,goal_083,3,col_return,12375,1740.24,05,subwp,42,1
824,goal_083,4,exito,17996,2822.16,05,subwp,42,1
825,goal_083,5,col_return,12192,1712.31,05,subwp,42,1
826,goal_083,6,exito,17996,2822.26,05,subwp,42,1
827,goal_083,7,exito,17999,2758.69,05,subwp,42,1
828,goal_083,8,exito,17999,2821.21,05,subwp,42,1
829,goal_083,9,col_return,12852,1807.35,05,subwp,42,1
830,goal_083,10,exito,17995,2821.91,05,subwp,42,1
831,goal_084,1,col_return,12279,1734.3,05,subwp,42,1
832,goal_084,2,exito,17707,2789.16,05,subwp,42,1
833,goal_084,3,col_return,12287,1734.91,05,subwp,42,1
834,goal_084,4,exito,17707,2789.16,05,subwp,42,1
835,goal_084,5,col_return,12291,1734.79,05,subwp,42,1
836,goal_084,6,exito,17707,2789.17,05,subwp,42,1
837,goal_084,7,col_return,12283,1736.75,05,subwp,42,1
838,goal_084,8,exito,17707,2788.98,05,subwp,42,1
839,goal_084,9,col_return,12295,1735.62,05,subwp,42,1
840,goal_084,10,exito,17707,2788.97,05,subwp,42,1
841,goal_085,1,exito,16684,2594.86,05,subwp,42,1
842,goal_085,2,col_return,10936,1529.16,05,subwp,42,1
843,goal_085,3,exito,16675,2628.66,05,subwp,42,1
844,goal_085,4,exito,16685,2628.74,05,subwp,42,1
845,goal_085,5,col_return,11286,1579.49,05,subwp,42,1
846,goal_085,6,exito,16677,2628.82,05,subwp,42,1
847,goal_085,7,exito,16682,2628.53,05,subwp,42,1
848,goal_085,8,col_return,11463,1605.15,05,subwp,42,1
849,goal_085,9,exito,16674,2628.78,05,subwp,42,1
850,goal_085,10,exito,16684,2628.51,05,subwp,42,1
851,goal_086,1,col_return,11546,1609.87,05,subwp,42,1
852,goal_086,2,exito,16680,2619.92,05,subwp,42,1
853,goal_086,3,exito,16684,2619.26,05,subwp,42,1
854,goal_086,4,col_return,11596,1612.03,05,subwp,42,1
855,goal_086,5,exito,16677,2619.44,05,subwp,42,1
856,goal_086,6,exito,16686,2619.16,05,subwp,42,1
857,goal_086,7,col_return,11611,1617.05,05,subwp,42,1
858,goal_086,8,exito,16677,2619.57,05,subwp,42,1
859,goal_086,9,exito,16684,2618.98,05,subwp,42,1
860,goal_086,10,col_return,11620,1620.15,05,subwp,42,1
861,goal_087,1,exito,16596,2618.54,05,subwp,42,1
862,goal_087,2,exito,16604,2618.09,05,subwp,42,1
863,goal_087,3,col_return,11702,1624.17,05,subwp,42,1
864,goal_087,4,exito,16595,2618.76,05,subwp,42,1
865,goal_087,5,exito,16603,2618.09,05,subwp,42,1
866,goal_087,6,exito,16603,2594.07,05,subwp,42,1
867,goal_087,7,col_return,10920,1527.34,05,subwp,42,1
868,goal_087,8,exito,16595,2618.16,05,subwp,42,1
869,goal_087,9,exito,16603,2618.24,05,subwp,42,1
870,goal_087,10,col_return,11358,1591.06,05,subwp,42,1
871,goal_088,1,exito,16552,2602.48,05,subwp,42,1
872,goal_088,2,exito,16561,2601.87,05,subwp,42,1
873,goal_088,3,col_return,11613,1611.22,05,subwp,42,1
874,goal_088,4,exito,16552,2602.0,05,subwp,42,1
875,goal_088,5,exito,16562,2601.99,05,subwp,42,1
876,goal_088,6,exito,16559,2591.33,05,subwp,42,1
877,goal_088,7,col_return,10959,1520.8,05,subwp,42,1
878,goal_088,8,exito,16554,2601.71,05,subwp,42,1
879,goal_088,9,exito,16563,2601.63,05,subwp,42,1
880,goal_088,10,col_return,11417,1589.68,05,subwp,42,1
881,goal_089,1,exito,16340,2581.4,05,subwp,42,1
882,goal_089,2,exito,16350,2580.96,05,subwp,42,1
883,goal_089,3,exito,16347,2581.32,05,subwp,42,1
884,goal_089,4,col_return,11090,1544.92,05,subwp,42,1
885,goal_089,5,exito,16343,2581.34,05,subwp,42,1
886,goal_089,6,exito,16352,2581.4,05,subwp,42,1
887,goal_089,7,exito,16349,2581.2,05,subwp,42,1
888,goal_089,8,col_return,11014,1539.9,05,subwp,42,1
889,goal_089,9,exito,16340,2581.55,05,subwp,42,1
890,goal_089,10,exito,16360,2578.68,05,subwp,42,1
891,goal_090,1,exito,16312,2567.0,05,subwp,42,1
892,goal_090,2,col_return,10981,1526.98,05,subwp,42,1
893,goal_090,3,exito,16307,2568.82,05,subwp,42,1
894,goal_090,4,exito,16312,2568.35,05,subwp,42,1
895,goal_090,5,exito,16311,2568.26,05,subwp,42,1
896,goal_090,6,col_return,11024,1535.38,05,subwp,42,1
897,goal_090,7,exito,16305,2568.43,05,subwp,42,1
898,goal_090,8,exito,16312,2567.81,05,subwp,42,1
899,goal_090,9,exito,16311,2567.79,05,subwp,42,1
900,goal_090,10,col_return,11038,1541.81,05,subwp,42,1
901,goal_091,1,exito,16081,2544.47,05,subwp,42,1
902,goal_091,2,exito,16087,2544.17,05,subwp,42,1
903,goal_091,3,exito,16088,2544.06,05,subwp,42,1
904,goal_091,4,exito,16086,2536.31,05,subwp,42,1
905,goal_091,5,col_return,10731,1502.54,05,subwp,42,1
906,goal_091,6,exito,16081,2544.49,05,subwp,42,1
907,goal_091,7,exito,16088,2543.98,05,subwp,42,1
908,goal_091,8,exito,16091,2543.95,05,subwp,42,1
909,goal_091,9,exito,16089,2529.15,05,subwp,42,1
910,goal_091,10,col_return,10698,1496.26,05,subwp,42,1
911,goal_092,1,exito,16048,2532.77,05,subwp,42,1
912,goal_092,2,exito,16053,2532.14,05,subwp,42,1
913,goal_092,3,exito,16054,2532.19,05,subwp,42,1
914,goal_092,4,exito,16052,2524.07,05,subwp,42,1
915,goal_092,5,col_return,10718,1494.22,05,subwp,42,1
916,goal_092,6,exito,16047,2532.8,05,subwp,42,1
917,goal_092,7,exito,16053,2532.1,05,subwp,42,1
918,goal_092,8,exito,16054,2532.6,05,subwp,42,1
919,goal_092,9,exito,16052,2527.97,05,subwp,42,1
920,goal_092,10,col_return,10753,1500.9,05,subwp,42,1
921,goal_093,1,exito,15879,2506.4,05,subwp,42,1
922,goal_093,2,exito,15881,2506.01,05,subwp,42,1
923,goal_093,3,exito,15886,2506.11,05,subwp,42,1
924,goal_093,4,exito,15887,2506.22,05,subwp,42,1
925,goal_093,5,exito,15886,2489.09,05,subwp,42,1
926,goal_093,6,col_return,10589,1471.44,05,subwp,42,1
927,goal_093,7,exito,15880,2506.46,05,subwp,42,1
928,goal_093,8,exito,15887,2505.54,05,subwp,42,1
929,goal_093,9,exito,15885,2505.84,05,subwp,42,1
930,goal_093,10,exito,15886,2506.18,05,subwp,42,1
931,goal_094,1,exito,15838,2487.99,05,subwp,42,1
932,goal_094,2,col_return,10572,1472.69,05,subwp,42,1
933,goal_094,3,exito,15833,2502.35,05,subwp,42,1
934,goal_094,4,exito,15841,2501.7,05,subwp,42,1
935,goal_094,5,exito,15837,2501.82,05,subwp,42,1
936,goal_094,6,exito,15838,2501.82,05,subwp,42,1
937,goal_094,7,exito,15838,2499.88,05,subwp,42,1
938,goal_094,8,col_return,10698,1489.28,05,subwp,42,1
939,goal_094,9,exito,15833,2502.55,05,subwp,42,1
940,goal_094,10,exito,15838,2501.79,05,subwp,42,1
941,goal_095,1,exito,15617,2473.35,05,subwp,42,1
942,goal_095,2,exito,15619,2473.55,05,subwp,42,1
943,goal_095,3,exito,15617,2473.56,05,subwp,42,1
944,goal_095,4,exito,15617,2473.44,05,subwp,42,1
945,goal_095,5,col_return,10665,1488.58,05,subwp,42,1
946,goal_095,6,exito,15609,2473.88,05,subwp,42,1
947,goal_095,7,exito,15619,2473.4,05,subwp,42,1
948,goal_095,8,exito,15618,2473.63,05,subwp,42,1
949,goal_095,9,exito,15616,2473.16,05,subwp,42,1
950,goal_095,10,exito,15620,2473.93,05,subwp,42,1
951,goal_096,1,exito,15590,2466.97,05,subwp,42,1
952,goal_096,2,exito,15590,2467.26,05,subwp,42,1
953,goal_096,3,exito,15592,2433.98,05,subwp,42,1
954,goal_096,4,col_return,10382,1447.39,05,subwp,42,1
955,goal_096,5,exito,15583,2467.43,05,subwp,42,1
956,goal_096,6,exito,15589,2467.04,05,subwp,42,1
957,goal_096,7,exito,15590,2467.38,05,subwp,42,1
958,goal_096,8,exito,15590,2467.57,05,subwp,42,1
959,goal_096,9,exito,15591,2467.35,05,subwp,42,1
960,goal_096,10,exito,15590,2466.9,05,subwp,42,1
961,goal_097,1,exito,15396,2440.74,05,subwp,42,1
962,goal_097,2,exito,15409,2433.55,05,subwp,42,1
963,goal_097,3,col_return,10434,1448.77,05,subwp,42,1
964,goal_097,4,exito,15386,2441.6,05,subwp,42,1
965,goal_097,5,exito,15410,2438.75,05,subwp,42,1
966,goal_097,6,exito,15407,2437.89,05,subwp,42,1
967,goal_097,7,exito,15395,2440.77,05,subwp,42,1
968,goal_097,8,exito,15408,2438.44,05,subwp,42,1
969,goal_097,9,exito,15409,2438.43,05,subwp,42,1
970,goal_097,10,exito,15398,2440.78,05,subwp,42,1
971,goal_098,1,exito,15378,2436.59,05,subwp,42,1
972,goal_098,2,exito,15378,2436.8,05,subwp,42,1
973,goal_098,3,exito,15379,2436.89,05,subwp,42,1
974,goal_098,4,exito,15376,2436.13,05,subwp,42,1
975,goal_098,5,exito,15377,2420.67,05,subwp,42,1
976,goal_098,6,col_return,10331,1442.63,05,subwp,42,1
977,goal_098,7,exito,15370,2436.85,05,subwp,42,1
978,goal_098,8,exito,15376,2436.82,05,subwp,42,1
979,goal_098,9,exito,15377,2436.37,05,subwp,42,1
980,goal_098,10,exito,15377,2436.4,05,subwp,42,1
981,goal_099,1,exito,15154,2405.28,05,subwp,42,1
982,goal_099,2,exito,15152,2405.05,05,subwp,42,1
983,goal_099,3,exito,15154,2405.28,05,subwp,42,1
984,goal_099,4,exito,15155,2405.28,05,subwp,42,1
985,goal_099,5,exito,15154,2404.92,05,subwp,42,1
986,goal_099,6,exito,15154,2404.94,05,subwp,42,1
987,goal_099,7,exito,15154,2405.12,05,subwp,42,1
988,goal_099,8,exito,15154,2404.89,05,subwp,42,1
989,goal_099,9,exito,15154,2404.89,05,subwp,42,1
990,goal_099,10,exito,15152,2404.47,05,subwp,42,1
991,goal_100,1,exito,15123,2401.56,05,subwp,42,1
992,goal_100,2,exito,15122,2401.05,05,subwp,42,1
993,goal_100,3,exito,15125,2400.93,05,subwp,42,1
994,goal_100,4,exito,15124,2401.02,05,subwp,42,1
995,goal_100,5,exito,15122,2400.89,05,subwp,42,1
996,goal_100,6,exito,15120,2400.59,05,subwp,42,1
997,goal_100,7,exito,15121,2400.93,05,subwp,42,1
998,goal_100,8,exito,15122,2401.3,05,subwp,42,1
999,goal_100,9,exito,15121,2401.08,05,subwp,42,1
1000,goal_100,10,exito,15119,2400.71,05,subwp,42,1
1001,goal_101,1,exito,14895,2370.47,05,subwp,42,1
1002,goal_101,2,exito,14897,2370.89,05,subwp,42,1
1003,goal_101,3,exito,14896,2371.13,05,subwp,42,1
1004,goal_101,4,exito,14897,2370.81,05,subwp,42,1
1005,goal_101,5,exito,14896,2371.11,05,subwp,42,1
1006,goal_101,6,exito,14895,2370.73,05,subwp,42,1
1007,goal_101,7,exito,14896,2371.13,05,subwp,42,1
1008,goal_101,8,exito,14896,2371.13,05,subwp,42,1
1009,goal_101,9,exito,14894,2370.61,05,subwp,42,1
1010,goal_101,10,exito,14897,2371.19,05,subwp,42,1
1011,goal_102,1,exito,14875,2365.04,05,subwp,42,1
1012,goal_102,2,exito,14874,2365.89,05,subwp,42,1
1013,goal_102,3,exito,14875,2364.88,05,subwp,42,1
1014,goal_102,4,exito,14874,2364.63,05,subwp,42,1
1015,goal_102,5,exito,14876,2365.83,05,subwp,42,1
1016,goal_102,6,exito,14876,2364.81,05,subwp,42,1
1017,goal_102,7,exito,14877,2364.8,05,subwp,42,1
1018,goal_102,8,exito,14873,2365.34,05,subwp,42,1
1019,goal_102,9,exito,14874,2365.18,05,subwp,42,1
1020,goal_102,10,exito,14875,2364.91,05,subwp,42,1
1021,goal_103,1,exito,14686,2338.92,05,subwp,42,1
1022,goal_103,2,exito,14684,2338.93,05,subwp,42,1
1023,goal_103,3,exito,14687,2338.81,05,subwp,42,1
1024,goal_103,4,exito,14685,2338.93,05,subwp,42,1
1025,goal_103,5,exito,14686,2338.89,05,subwp,42,1
1026,goal_103,6,exito,14684,2338.79,05,subwp,42,1
1027,goal_103,7,exito,14686,2338.87,05,subwp,42,1
1028,goal_103,8,exito,14685,2338.53,05,subwp,42,1
1029,goal_103,9,col_return,8854,1213.47,05,subwp,42,1
1030,goal_103,10,exito,14680,2339.39,05,subwp,42,1
1031,goal_104,1,exito,14650,2336.14,05,subwp,42,1
1032,goal_104,2,exito,14649,2335.89,05,subwp,42,1
1033,goal_104,3,exito,14649,2336.53,05,subwp,42,1
1034,goal_104,4,col_return,8809,1227.02,05,subwp,42,1
1035,goal_104,5,exito,14644,2336.66,05,subwp,42,1
1036,goal_104,6,exito,14650,2336.49,05,subwp,42,1
1037,goal_104,7,exito,14649,2335.92,05,subwp,42,1
1038,goal_104,8,exito,14651,2336.73,05,subwp,42,1
1039,goal_104,9,col_return,8865,1229.33,05,subwp,42,1
1040,goal_104,10,exito,14645,2336.82,05,subwp,42,1
1041,goal_105,1,exito,14457,2306.2,05,subwp,42,1
1042,goal_105,2,exito,14455,2286.83,05,subwp,42,1
1043,goal_105,3,col_return,8804,1221.06,05,subwp,42,1
1044,goal_105,4,exito,14451,2306.36,05,subwp,42,1
1045,goal_105,5,exito,14458,2306.24,05,subwp,42,1
1046,goal_105,6,col_return,8696,1203.82,05,subwp,42,1
1047,goal_105,7,exito,14449,2306.45,05,subwp,42,1
1048,goal_105,8,exito,14459,2306.27,05,subwp,42,1
1049,goal_105,9,col_return,8638,1194.5,05,subwp,42,1
1050,goal_105,10,exito,14449,2306.42,05,subwp,42,1
1051,goal_106,1,exito,14410,2301.55,05,subwp,42,1
1052,goal_106,2,col_return,8620,1193.55,05,subwp,42,1
1053,goal_106,3,exito,14400,2302.42,05,subwp,42,1
1054,goal_106,4,exito,14413,2301.34,05,subwp,42,1
1055,goal_106,5,col_return,8645,1201.92,05,subwp,42,1
1056,goal_106,6,exito,14404,2302.24,05,subwp,42,1
1057,goal_106,7,exito,14413,2301.2,05,subwp,42,1
1058,goal_106,8,col_return,8669,1198.83,05,subwp,42,1
1059,goal_106,9,exito,14400,2301.85,05,subwp,42,1
1060,goal_106,10,exito,14409,2301.61,05,subwp,42,1
1061,goal_107,1,col_return,8598,1192.39,05,subwp,42,1
1062,goal_107,2,exito,14243,2282.16,05,subwp,42,1
1063,goal_107,3,col_return,8425,1168.2,05,subwp,42,1
1064,goal_107,4,exito,14243,2282.7,05,subwp,42,1
1065,goal_107,5,exito,14251,2243.53,05,subwp,42,1
1066,goal_107,6,col_return,8715,1210.87,05,subwp,42,1
1067,goal_107,7,exito,14241,2282.55,05,subwp,42,1
1068,goal_107,8,col_return,8487,1179.41,05,subwp,42,1
1069,goal_107,9,exito,14242,2282.55,05,subwp,42,1
1070,goal_107,10,exito,14248,2126.42,05,subwp,42,1
1071,goal_108,1,col_return,8710,1218.72,05,subwp,42,1
1072,goal_108,2,exito,14191,2277.3,05,subwp,42,1
1073,goal_108,3,col_return,8514,1187.93,05,subwp,42,1
1074,goal_108,4,exito,14191,2277.27,05,subwp,42,1
1075,goal_108,5,col_return,8411,1172.47,05,subwp,42,1
1076,goal_108,6,exito,14191,2277.38,05,subwp,42,1
1077,goal_108,7,col_return,8358,1166.58,05,subwp,42,1
1078,goal_108,8,exito,14189,2277.39,05,subwp,42,1
1079,goal_108,9,col_return,8358,1157.59,05,subwp,42,1
1080,goal_108,10,exito,14191,2277.71,05,subwp,42,1
1081,goal_109,1,exito,15071,2405.99,05,subwp,42,1
1082,goal_109,2,exito,15071,2405.88,05,subwp,42,1
1083,goal_109,3,exito,15072,2405.73,05,subwp,42,1
1084,goal_109,4,exito,15072,2405.95,05,subwp,42,1
1085,goal_109,5,exito,15072,2405.72,05,subwp,42,1
1086,goal_109,6,exito,15072,2405.74,05,subwp,42,1
1087,goal_109,7,exito,15072,2405.87,05,subwp,42,1
1088,goal_109,8,exito,15072,2406.04,05,subwp,42,1
1089,goal_109,9,exito,15072,2406.04,05,subwp,42,1
1090,goal_109,10,exito,15071,2405.92,05,subwp,42,1
1091,goal_110,1,exito,14856,2378.87,05,subwp,42,1
1092,goal_110,2,exito,14853,2379.23,05,subwp,42,1
1093,goal_110,3,exito,14859,2379.05,05,subwp,42,1
1094,goal_110,4,exito,14859,2378.91,05,subwp,42,1
1095,goal_110,5,exito,14857,2379.15,05,subwp,42,1
1096,goal_110,6,exito,14857,2378.87,05,subwp,42,1
1097,goal_110,7,exito,14859,2379.06,05,subwp,42,1
1098,goal_110,8,exito,14859,2379.14,05,subwp,42,1
1099,goal_110,9,exito,14852,2379.36,05,subwp,42,1
1100,goal_110,10,exito,14860,2369.62,05,subwp,42,1
1101,goal_111,1,exito,15365,2433.48,05,subwp,42,1
1102,goal_111,2,exito,15364,2433.86,05,subwp,42,1
1103,goal_111,3,exito,15364,2433.87,05,subwp,42,1
1104,goal_111,4,exito,15364,2433.98,05,subwp,42,1
1105,goal_111,5,exito,15366,2433.77,05,subwp,42,1
1106,goal_111,6,exito,15365,2433.35,05,subwp,42,1
1107,goal_111,7,exito,15365,2433.82,05,subwp,42,1
1108,goal_111,8,exito,15364,2433.86,05,subwp,42,1
1109,goal_111,9,exito,15366,2433.7,05,subwp,42,1
1110,goal_111,10,exito,15365,2433.36,05,subwp,42,1
1111,goal_112,1,exito,15037,2396.92,05,subwp,42,1
1112,goal_112,2,exito,15036,2396.87,05,subwp,42,1
1113,goal_112,3,exito,15043,2397.04,05,subwp,42,1
1114,goal_112,4,exito,15037,2396.87,05,subwp,42,1
1115,goal_112,5,exito,15037,2396.8,05,subwp,42,1
1116,goal_112,6,exito,15037,2397.11,05,subwp,42,1
1117,goal_112,7,exito,15041,2397.34,05,subwp,42,1
1118,goal_112,8,exito,15037,2396.81,05,subwp,42,1
1119,goal_112,9,exito,15037,2396.8,05,subwp,42,1
1120,goal_112,10,exito,15041,2397.51,05,subwp,42,1
1121,goal_113,1,exito,15619,2471.25,05,subwp,42,1
1122,goal_113,2,exito,15620,2457.42,05,subwp,42,1
1123,goal_113,3,col_return,10476,1457.5,05,subwp,42,1
1124,goal_113,4,exito,15616,2471.88,05,subwp,42,1
1125,goal_113,5,exito,15620,2472.18,05,subwp,42,1
1126,goal_113,6,exito,15619,2471.21,05,subwp,42,1
1127,goal_113,7,exito,15621,2471.25,05,subwp,42,1
1128,goal_113,8,exito,15619,2471.2,05,subwp,42,1
1129,goal_113,9,exito,15620,2471.08,05,subwp,42,1
1130,goal_113,10,exito,15619,2468.36,05,subwp,42,1
1131,goal_114,1,exito,15266,2403.96,05,subwp,42,1
1132,goal_114,2,col_return,10255,1436.36,05,subwp,42,1
1133,goal_114,3,exito,15258,2428.2,05,subwp,42,1
1134,goal_114,4,exito,15264,2427.53,05,subwp,42,1
1135,goal_114,5,exito,15263,2427.57,05,subwp,42,1
1136,goal_114,6,exito,15267,2427.93,05,subwp,42,1
1137,goal_114,7,exito,15263,2427.73,05,subwp,42,1
1138,goal_114,8,exito,15264,2427.7,05,subwp,42,1
1139,goal_114,9,exito,15264,2427.62,05,subwp,42,1
1140,goal_114,10,exito,15265,2427.35,05,subwp,42,1
1141,goal_115,1,exito,15864,2502.03,05,subwp,42,1
1142,goal_115,2,exito,15865,2501.68,05,subwp,42,1
1143,goal_115,3,exito,15862,2483.5,05,subwp,42,1
1144,goal_115,4,col_return,10572,1468.82,05,subwp,42,1
1145,goal_115,5,exito,15859,2502.47,05,subwp,42,1
1146,goal_115,6,exito,15864,2502.1,05,subwp,42,1
1147,goal_115,7,exito,15864,2501.98,05,subwp,42,1
1148,goal_115,8,exito,15864,2501.83,05,subwp,42,1
1149,goal_115,9,exito,15866,2493.83,05,subwp,42,1
1150,goal_115,10,col_return,10619,1476.04,05,subwp,42,1
1151,goal_116,1,exito,15516,2465.01,05,subwp,42,1
1152,goal_116,2,exito,15523,2464.46,05,subwp,42,1
1153,goal_116,3,exito,15523,2463.74,05,subwp,42,1
1154,goal_116,4,exito,15523,2463.82,05,subwp,42,1
1155,goal_116,5,exito,15524,2464.69,05,subwp,42,1
1156,goal_116,6,exito,15524,2464.53,05,subwp,42,1
1157,goal_116,7,exito,15521,2464.6,05,subwp,42,1
1158,goal_116,8,exito,15523,2462.33,05,subwp,42,1
1159,goal_116,9,col_return,10559,1472.0,05,subwp,42,1
1160,goal_116,10,exito,15516,2464.31,05,subwp,42,1
1161,goal_117,1,exito,16060,2532.68,05,subwp,42,1
1162,goal_117,2,exito,16060,2532.84,05,subwp,42,1
1163,goal_117,3,exito,16059,2532.73,05,subwp,42,1
1164,goal_117,4,exito,16058,2511.64,05,subwp,42,1
1165,goal_117,5,col_return,10658,1483.89,05,subwp,42,1
1166,goal_117,6,exito,16050,2533.37,05,subwp,42,1
1167,goal_117,7,exito,16057,2532.54,05,subwp,42,1
1168,goal_117,8,exito,16061,2532.72,05,subwp,42,1
1169,goal_117,9,exito,16060,2523.09,05,subwp,42,1
1170,goal_117,10,col_return,10716,1488.7,05,subwp,42,1
1171,goal_118,1,exito,15721,2495.36,05,subwp,42,1
1172,goal_118,2,exito,15725,2494.66,05,subwp,42,1
1173,goal_118,3,exito,15725,2494.81,05,subwp,42,1
1174,goal_118,4,exito,15725,2494.79,05,subwp,42,1
1175,goal_118,5,exito,15725,2494.82,05,subwp,42,1
1176,goal_118,6,exito,15725,2478.89,05,subwp,42,1
1177,goal_118,7,col_return,10507,1474.39,05,subwp,42,1
1178,goal_118,8,exito,15721,2495.34,05,subwp,42,1
1179,goal_118,9,exito,15725,2494.65,05,subwp,42,1
1180,goal_118,10,exito,15728,2494.73,05,subwp,42,1
1181,goal_119,1,exito,16317,2568.26,05,subwp,42,1
1182,goal_119,2,col_return,11303,1578.57,05,subwp,42,1
1183,goal_119,3,exito,16312,2569.01,05,subwp,42,1
1184,goal_119,4,exito,16318,2568.47,05,subwp,42,1
1185,goal_119,5,exito,16317,2568.4,05,subwp,42,1
1186,goal_119,6,col_return,11171,1559.05,05,subwp,42,1
1187,goal_119,7,exito,16312,2569.17,05,subwp,42,1
1188,goal_119,8,exito,16320,2568.59,05,subwp,42,1
1189,goal_119,9,exito,16318,2568.3,05,subwp,42,1
1190,goal_119,10,col_return,11111,1550.89,05,subwp,42,1
1191,goal_120,1,exito,15971,2531.69,05,subwp,42,1
1192,goal_120,2,exito,15981,2530.34,05,subwp,42,1
1193,goal_120,3,exito,15981,2529.62,05,subwp,42,1
1194,goal_120,4,exito,15983,2530.65,05,subwp,42,1
1195,goal_120,5,col_return,10927,1533.85,05,subwp,42,1
1196,goal_120,6,exito,15971,2531.46,05,subwp,42,1
1197,goal_120,7,exito,15979,2530.22,05,subwp,42,1
1198,goal_120,8,exito,15980,2530.28,05,subwp,42,1
1199,goal_120,9,exito,15980,2530.16,05,subwp,42,1
1200,goal_120,10,col_return,11011,1543.07,05,subwp,42,1
1201,goal_121,1,exito,16520,2603.78,05,subwp,42,1
1202,goal_121,2,exito,16523,2603.18,05,subwp,42,1
1203,goal_121,3,exito,16524,2598.76,05,subwp,42,1
1204,goal_121,4,col_return,10994,1531.76,05,subwp,42,1
1205,goal_121,5,exito,16521,2603.7,05,subwp,42,1
1206,goal_121,6,exito,16524,2602.95,05,subwp,42,1
1207,goal_121,7,col_return,11468,1604.69,05,subwp,42,1
1208,goal_121,8,exito,16518,2603.3,05,subwp,42,1
1209,goal_121,9,exito,16524,2602.87,05,subwp,42,1
1210,goal_121,10,exito,16523,2594.22,05,subwp,42,1
1211,goal_122,1,col_return,10784,1514.3,05,subwp,42,1
1212,goal_122,2,exito,16187,2564.2,05,subwp,42,1
1213,goal_122,3,exito,16192,2563.66,05,subwp,42,1
1214,goal_122,4,exito,16192,2563.88,05,subwp,42,1
1215,goal_122,5,col_return,11109,1558.01,05,subwp,42,1
1216,goal_122,6,exito,16187,2564.4,05,subwp,42,1
1217,goal_122,7,exito,16192,2563.89,05,subwp,42,1
1218,goal_122,8,exito,16192,2563.84,05,subwp,42,1
1219,goal_122,9,col_return,11291,1571.42,05,subwp,42,1
1220,goal_122,10,exito,16185,2564.48,05,subwp,42,1
1221,goal_123,1,exito,16786,2636.85,05,subwp,42,1
1222,goal_123,2,exito,16788,2618.97,05,subwp,42,1
1223,goal_123,3,col_return,11029,1538.81,05,subwp,42,1
1224,goal_123,4,exito,16779,2638.29,05,subwp,42,1
1225,goal_123,5,exito,16786,2636.72,05,subwp,42,1
1226,goal_123,6,col_return,11236,1563.28,05,subwp,42,1
1227,goal_123,7,exito,16783,2637.24,05,subwp,42,1
1228,goal_123,8,exito,16785,2636.7,05,subwp,42,1
1229,goal_123,9,col_return,11327,1578.72,05,subwp,42,1
1230,goal_123,10,exito,16782,2637.45,05,subwp,42,1
1231,goal_124,1,exito,16458,2602.72,05,subwp,42,1
1232,goal_124,2,col_return,11386,1599.32,05,subwp,42,1
1233,goal_124,3,exito,16450,2603.7,05,subwp,42,1
1234,goal_124,4,exito,16459,2603.24,05,subwp,42,1
1235,goal_124,5,exito,16458,2601.12,05,subwp,42,1
1236,goal_124,6,col_return,11002,1544.45,05,subwp,42,1
1237,goal_124,7,exito,16450,2603.75,05,subwp,42,1
1238,goal_124,8,exito,16457,2603.11,05,subwp,42,1
1239,goal_124,9,exito,16460,2569.53,05,subwp,42,1
1240,goal_124,10,col_return,10821,1515.77,05,subwp,42,1
1241,goal_125,1,exito,17025,2677.35,05,subwp,42,1
1242,goal_125,2,exito,17031,2660.96,05,subwp,42,1
1243,goal_125,3,exito,17028,2368.2,05,subwp,42,1
1244,goal_125,4,exito,17031,2676.5,05,subwp,42,1
1245,goal_125,5,exito,17030,2676.3,05,subwp,42,1
1246,goal_125,6,col_return,11871,1660.66,05,subwp,42,1
1247,goal_125,7,exito,17022,2677.16,05,subwp,42,1
1248,goal_125,8,exito,17030,2676.54,05,subwp,42,1
1249,goal_125,9,col_return,11402,1593.74,05,subwp,42,1
1250,goal_125,10,exito,17022,2677.27,05,subwp,42,1
1251,goal_126,1,exito,16706,2640.92,05,subwp,42,1
1252,goal_126,2,col_return,11179,1571.39,05,subwp,42,1
1253,goal_126,3,exito,16699,2642.01,05,subwp,42,1
1254,goal_126,4,exito,16706,2641.12,05,subwp,42,1
1255,goal_126,5,col_return,11378,1604.89,05,subwp,42,1
1256,goal_126,6,exito,16699,2642.1,05,subwp,42,1
1257,goal_126,7,exito,16706,2641.09,05,subwp,42,1
1258,goal_126,8,col_return,11493,1619.31,05,subwp,42,1
1259,goal_126,9,exito,16699,2642.01,05,subwp,42,1
1260,goal_126,10,exito,16708,2641.62,05,subwp,42,1
1261,goal_127,1,col_return,11817,1651.36,05,subwp,42,1
1262,goal_127,2,exito,17255,2709.78,05,subwp,42,1
1263,goal_127,3,col_return,12289,1715.8,05,subwp,42,1
1264,goal_127,4,exito,17256,2710.19,05,subwp,42,1
1265,goal_127,5,exito,17258,2705.99,05,subwp,42,1
1266,goal_127,6,exito,17261,2584.49,05,subwp,42,1
1267,goal_127,7,exito,17257,2709.16,05,subwp,42,1
1268,goal_127,8,exito,17263,2709.37,05,subwp,42,1
1269,goal_127,9,col_return,11735,1639.78,05,subwp,42,1
1270,goal_127,10,exito,17256,2710.03,05,subwp,42,1
1271,goal_128,1,exito,16950,2656.76,05,subwp,42,1
1272,goal_128,2,col_return,11102,1565.16,05,subwp,42,1
1273,goal_128,3,exito,16942,2677.26,05,subwp,42,1
1274,goal_128,4,exito,16949,2657.35,05,subwp,42,1
1275,goal_128,5,col_return,11111,1559.1,05,subwp,42,1
1276,goal_128,6,exito,16944,2676.71,05,subwp,42,1
1277,goal_128,7,exito,16949,2656.64,05,subwp,42,1
1278,goal_128,8,col_return,11106,1563.31,05,subwp,42,1
1279,goal_128,9,exito,16942,2677.23,05,subwp,42,1
1280,goal_128,10,exito,16950,2655.77,05,subwp,42,1
1281,goal_129,1,exito,17504,2751.09,05,subwp,42,1
1282,goal_129,2,exito,17504,2750.64,05,subwp,42,1
1283,goal_129,3,exito,17502,2728.17,05,subwp,42,1
1284,goal_129,4,exito,17502,2751.01,05,subwp,42,1
1285,goal_129,5,exito,17503,2751.11,05,subwp,42,1
1286,goal_129,6,exito,17505,2726.06,05,subwp,42,1
1287,goal_129,7,exito,17504,2750.75,05,subwp,42,1
1288,goal_129,8,exito,17505,2750.46,05,subwp,42,1
1289,goal_129,9,exito,17503,2724.33,05,subwp,42,1
1290,goal_129,10,exito,17501,2750.68,05,subwp,42,1
1291,goal_130,1,exito,17197,2715.02,05,subwp,42,1
1292,goal_130,2,exito,17197,2714.84,05,subwp,42,1
1293,goal_130,3,col_return,11501,1625.45,05,subwp,42,1
1294,goal_130,4,exito,17190,2715.34,05,subwp,42,1
1295,goal_130,5,col_return,12163,1719.83,05,subwp,42,1
1296,goal_130,6,exito,17192,2715.64,05,subwp,42,1
1297,goal_130,7,exito,17197,2713.23,05,subwp,42,1
1298,goal_130,8,col_return,11379,1605.02,05,subwp,42,1
1299,goal_130,9,exito,17190,2715.31,05,subwp,42,1
1300,goal_130,10,col_return,12102,1711.43,05,subwp,42,1
1301,goal_131,1,exito,17730,2779.63,05,subwp,42,1
1302,goal_131,2,col_return,12455,1748.09,05,subwp,42,1
1303,goal_131,3,exito,17728,2779.61,05,subwp,42,1
1304,goal_131,4,col_return,12363,1733.99,05,subwp,42,1
1305,goal_131,5,exito,17725,2780.57,05,subwp,42,1
1306,goal_131,6,col_return,12315,1726.04,05,subwp,42,1
1307,goal_131,7,exito,17725,2780.4,05,subwp,42,1
1308,goal_131,8,col_return,12293,1722.29,05,subwp,42,1
1309,goal_131,9,exito,17725,2780.42,05,subwp,42,1
1310,goal_131,10,col_return,12272,1722.93,05,subwp,42,1
1311,goal_132,1,exito,17423,2747.35,05,subwp,42,1
1312,goal_132,2,col_return,12273,1735.92,05,subwp,42,1
1313,goal_132,3,exito,17422,2747.48,05,subwp,42,1
1314,goal_132,4,col_return,12432,1759.69,05,subwp,42,1
1315,goal_132,5,exito,17422,2747.52,05,subwp,42,1
1316,goal_132,6,exito,17431,2709.07,05,subwp,42,1
1317,goal_132,7,exito,17431,2747.09,05,subwp,42,1
1318,goal_132,8,exito,17427,2747.08,05,subwp,42,1
1319,goal_132,9,exito,17431,2736.74,05,subwp,42,1
1320,goal_132,10,exito,17431,2746.79,05,subwp,42,1
1321,goal_133,1,exito,16666,2617.73,05,subwp,42,1
1322,goal_133,2,exito,16663,2616.9,05,subwp,42,1
1323,goal_133,3,exito,16666,2611.81,05,subwp,42,1
1324,goal_133,4,col_return,11037,1536.64,05,subwp,42,1
1325,goal_133,5,exito,16656,2617.32,05,subwp,42,1
1326,goal_133,6,exito,16667,2617.47,05,subwp,42,1
1327,goal_133,7,col_return,11366,1582.78,05,subwp,42,1
1328,goal_133,8,exito,16657,2617.66,05,subwp,42,1
1329,goal_133,9,exito,16665,2617.45,05,subwp,42,1
1330,goal_133,10,col_return,11515,1605.41,05,subwp,42,1
1331,goal_134,1,exito,16690,2627.58,05,subwp,42,1
1332,goal_134,2,exito,16695,2627.26,05,subwp,42,1
1333,goal_134,3,col_return,11585,1620.4,05,subwp,42,1
1334,goal_134,4,exito,16689,2627.93,05,subwp,42,1
1335,goal_134,5,exito,16696,2626.94,05,subwp,42,1
1336,goal_134,6,col_return,11600,1622.86,05,subwp,42,1
1337,goal_134,7,exito,16689,2627.82,05,subwp,42,1
1338,goal_134,8,exito,16695,2627.14,05,subwp,42,1
1339,goal_134,9,col_return,11605,1624.39,05,subwp,42,1
1340,goal_134,10,exito,16689,2627.5,05,subwp,42,1
1341,goal_135,1,exito,16540,2598.92,05,subwp,42,1
1342,goal_135,2,col_return,11618,1616.22,05,subwp,42,1
1343,goal_135,3,exito,16532,2598.99,05,subwp,42,1
1344,goal_135,4,exito,16540,2598.58,05,subwp,42,1
1345,goal_135,5,exito,16539,2593.81,05,subwp,42,1
1346,goal_135,6,col_return,10987,1526.2,05,subwp,42,1
1347,goal_135,7,exito,16535,2599.13,05,subwp,42,1
1348,goal_135,8,exito,16540,2599.12,05,subwp,42,1
1349,goal_135,9,col_return,11459,1593.57,05,subwp,42,1
1350,goal_135,10,exito,16533,2599.23,05,subwp,42,1
1351,goal_136,1,exito,16604,2614.91,05,subwp,42,1
1352,goal_136,2,exito,16605,2580.61,05,subwp,42,1
1353,goal_136,3,col_return,10881,1519.64,05,subwp,42,1
1354,goal_136,4,exito,16597,2615.66,05,subwp,42,1
1355,goal_136,5,exito,16605,2615.14,05,subwp,42,1
1356,goal_136,6,col_return,11341,1585.58,05,subwp,42,1
1357,goal_136,7,exito,16596,2615.42,05,subwp,42,1
1358,goal_136,8,exito,16603,2615.28,05,subwp,42,1
1359,goal_136,9,col_return,11569,1621.7,05,subwp,42,1
1360,goal_136,10,exito,16597,2615.47,05,subwp,42,1
1361,goal_137,1,exito,16289,2565.02,05,subwp,42,1
1362,goal_137,2,exito,16288,2565.08,05,subwp,42,1
1363,goal_137,3,col_return,11040,1537.91,05,subwp,42,1
1364,goal_137,4,exito,16278,2565.3,05,subwp,42,1
1365,goal_137,5,exito,16289,2564.93,05,subwp,42,1
1366,goal_137,6,exito,16286,2564.99,05,subwp,42,1
1367,goal_137,7,col_return,11092,1547.82,05,subwp,42,1
1368,goal_137,8,exito,16281,2565.51,05,subwp,42,1
1369,goal_137,9,exito,16287,2564.9,05,subwp,42,1
1370,goal_137,10,exito,16286,2564.69,05,subwp,42,1
1371,goal_138,1,col_return,11147,1560.88,05,subwp,42,1
1372,goal_138,2,exito,16340,2579.44,05,subwp,42,1
1373,goal_138,3,exito,16347,2579.23,05,subwp,42,1
1374,goal_138,4,exito,16348,2578.86,05,subwp,42,1
1375,goal_138,5,col_return,11057,1545.78,05,subwp,42,1
1376,goal_138,6,exito,16341,2579.06,05,subwp,42,1
1377,goal_138,7,exito,16348,2578.7,05,subwp,42,1
1378,goal_138,8,exito,16347,2578.53,05,subwp,42,1
1379,goal_138,9,col_return,10999,1538.45,05,subwp,42,1
1380,goal_138,10,exito,16341,2579.62,05,subwp,42,1
1381,goal_139,1,exito,16051,2530.09,05,subwp,42,1
1382,goal_139,2,exito,16052,2529.81,05,subwp,42,1
1383,goal_139,3,exito,16051,2494.6,05,subwp,42,1
1384,goal_139,4,col_return,10610,1471.97,05,subwp,42,1
1385,goal_139,5,exito,16045,2530.11,05,subwp,42,1
1386,goal_139,6,exito,16050,2530.15,05,subwp,42,1
1387,goal_139,7,exito,16051,2530.09,05,subwp,42,1
1388,goal_139,8,exito,16052,2519.44,05,subwp,42,1
1389,goal_139,9,col_return,10704,1485.4,05,subwp,42,1
1390,goal_139,10,exito,16046,2530.53,05,subwp,42,1
1391,goal_140,1,exito,16103,2542.09,05,subwp,42,1
1392,goal_140,2,exito,16100,2542.65,05,subwp,42,1
1393,goal_140,3,exito,16102,2525.19,05,subwp,42,1
1394,goal_140,4,col_return,10693,1492.83,05,subwp,42,1
1395,goal_140,5,exito,16096,2542.44,05,subwp,42,1
1396,goal_140,6,exito,16100,2542.36,05,subwp,42,1
1397,goal_140,7,exito,16102,2542.07,05,subwp,42,1
1398,goal_140,8,exito,16103,2511.84,05,subwp,42,1
1399,goal_140,9,col_return,10647,1482.61,05,subwp,42,1
1400,goal_140,10,exito,16096,2542.61,05,subwp,42,1
1401,goal_141,1,exito,15817,2499.18,05,subwp,42,1
1402,goal_141,2,exito,15818,2499.11,05,subwp,42,1
1403,goal_141,3,exito,15818,2499.19,05,subwp,42,1
1404,goal_141,4,exito,15819,2464.13,05,subwp,42,1
1405,goal_141,5,col_return,10496,1460.64,05,subwp,42,1
1406,goal_141,6,exito,15811,2499.64,05,subwp,42,1
1407,goal_141,7,exito,15820,2499.21,05,subwp,42,1
1408,goal_141,8,exito,15819,2498.93,05,subwp,42,1
1409,goal_141,9,exito,15819,2499.67,05,subwp,42,1
1410,goal_141,10,exito,15819,2497.77,05,subwp,42,1
1411,goal_142,1,col_return,10728,1499.14,05,subwp,42,1
1412,goal_142,2,exito,15873,2512.25,05,subwp,42,1
1413,goal_142,3,exito,15876,2511.19,05,subwp,42,1
1414,goal_142,4,exito,15880,2511.89,05,subwp,42,1
1415,goal_142,5,exito,15882,2511.51,05,subwp,42,1
1416,goal_142,6,exito,15878,2507.04,05,subwp,42,1
1417,goal_142,7,col_return,10671,1490.49,05,subwp,42,1
1418,goal_142,8,exito,15874,2511.72,05,subwp,42,1
1419,goal_142,9,exito,15879,2511.76,05,subwp,42,1
1420,goal_142,10,exito,15879,2511.93,05,subwp,42,1
1421,goal_143,1,exito,15575,2464.06,05,subwp,42,1
1422,goal_143,2,exito,15570,2463.65,05,subwp,42,1
1423,goal_143,3,exito,15570,2458.75,05,subwp,42,1
1424,goal_143,4,col_return,10501,1463.3,05,subwp,42,1
1425,goal_143,5,exito,15567,2464.31,05,subwp,42,1
1426,goal_143,6,exito,15570,2464.01,05,subwp,42,1
1427,goal_143,7,exito,15573,2463.85,05,subwp,42,1
1428,goal_143,8,exito,15572,2464.18,05,subwp,42,1
1429,goal_143,9,exito,15572,2463.82,05,subwp,42,1
1430,goal_143,10,exito,15570,2464.17,05,subwp,42,1
1431,goal_144,1,exito,15632,2475.02,05,subwp,42,1
1432,goal_144,2,exito,15635,2450.64,05,subwp,42,1
1433,goal_144,3,col_return,10432,1456.81,05,subwp,42,1
1434,goal_144,4,exito,15626,2475.34,05,subwp,42,1
1435,goal_144,5,exito,15631,2475.14,05,subwp,42,1
1436,goal_144,6,exito,15635,2475.25,05,subwp,42,1
1437,goal_144,7,exito,15636,2475.18,05,subwp,42,1
1438,goal_144,8,exito,15635,2475.3,05,subwp,42,1
1439,goal_144,9,exito,15637,2475.19,05,subwp,42,1
1440,goal_144,10,exito,15636,2464.39,05,subwp,42,1
1441,goal_145,1,col_return,10349,1445.95,05,subwp,42,1
1442,goal_145,2,exito,15342,2432.88,05,subwp,42,1
1443,goal_145,3,exito,15347,2432.39,05,subwp,42,1
1444,goal_145,4,exito,15347,2431.65,05,subwp,42,1
1445,goal_145,5,exito,15346,2431.92,05,subwp,42,1
1446,goal_145,6,exito,15348,2432.19,05,subwp,42,1
1447,goal_145,7,exito,15346,2431.97,05,subwp,42,1
1448,goal_145,8,exito,15349,2432.25,05,subwp,42,1
1449,goal_145,9,exito,15347,2431.71,05,subwp,42,1
1450,goal_145,10,exito,15348,2432.29,05,subwp,42,1
1451,goal_146,1,exito,15411,2444.36,05,subwp,42,1
1452,goal_146,2,exito,15409,2444.26,05,subwp,42,1
1453,goal_146,3,exito,15410,2443.42,05,subwp,42,1
1454,goal_146,4,exito,15408,2420.09,05,subwp,42,1
1455,goal_146,5,col_return,10322,1438.9,05,subwp,42,1
1456,goal_146,6,exito,15403,2444.9,05,subwp,42,1
1457,goal_146,7,exito,15408,2443.95,05,subwp,42,1
1458,goal_146,8,exito,15411,2444.12,05,subwp,42,1
1459,goal_146,9,exito,15409,2443.78,05,subwp,42,1
1460,goal_146,10,exito,15409,2443.86,05,subwp,42,1
1461,goal_147,1,exito,15113,2397.3,05,subwp,42,1
1462,goal_147,2,exito,15115,2397.13,05,subwp,42,1
1463,goal_147,3,exito,15113,2397.39,05,subwp,42,1
1464,goal_147,4,exito,15113,2397.36,05,subwp,42,1
1465,goal_147,5,exito,15114,2397.07,05,subwp,42,1
1466,goal_147,6,exito,15114,2397.29,05,subwp,42,1
1467,goal_147,7,exito,15113,2397.19,05,subwp,42,1
1468,goal_147,8,exito,15112,2396.75,05,subwp,42,1
1469,goal_147,9,exito,15113,2397.19,05,subwp,42,1
1470,goal_147,10,exito,15114,2396.71,05,subwp,42,1
1471,goal_148,1,exito,15162,2407.44,05,subwp,42,1
1472,goal_148,2,exito,15161,2407.58,05,subwp,42,1
1473,goal_148,3,exito,15165,2407.7,05,subwp,42,1
1474,goal_148,4,exito,15163,2407.4,05,subwp,42,1
1475,goal_148,5,exito,15165,2407.65,05,subwp,42,1
1476,goal_148,6,exito,15163,2407.56,05,subwp,42,1
1477,goal_148,7,exito,15161,2406.04,05,subwp,42,1
1478,goal_148,8,exito,15166,2401.3,05,subwp,42,1
1479,goal_148,9,exito,15166,2384.09,05,subwp,42,1
1480,goal_148,10,col_return,10221,1414.93,05,subwp,42,1
1481,goal_149,1,exito,14852,2364.05,05,subwp,42,1
1482,goal_149,2,exito,14862,2364.03,05,subwp,42,1
1483,goal_149,3,exito,14860,2363.9,05,subwp,42,1
1484,goal_149,4,exito,14861,2363.55,05,subwp,42,1
1485,goal_149,5,exito,14861,2263.74,05,subwp,42,1
1486,goal_149,6,col_return,9042,1250.08,05,subwp,42,1
1487,goal_149,7,exito,14854,2363.99,05,subwp,42,1
1488,goal_149,8,exito,14860,2363.74,05,subwp,42,1
1489,goal_149,9,exito,14862,2363.91,05,subwp,42,1
1490,goal_149,10,exito,14862,2363.75,05,subwp,42,1
1491,goal_150,1,exito,14911,2372.79,05,subwp,42,1
1492,goal_150,2,exito,14911,2372.69,05,subwp,42,1
1493,goal_150,3,exito,14912,2373.05,05,subwp,42,1
1494,goal_150,4,exito,14912,2373.07,05,subwp,42,1
1495,goal_150,5,exito,14911,2372.79,05,subwp,42,1
1496,goal_150,6,exito,14910,2372.62,05,subwp,42,1
1497,goal_150,7,exito,14912,2372.97,05,subwp,42,1
1498,goal_150,8,exito,14911,2373.04,05,subwp,42,1
1499,goal_150,9,exito,14911,2372.54,05,subwp,42,1
1500,goal_150,10,exito,14913,2365.33,05,subwp,42,1
1501,goal_151,1,col_return,8876,1233.34,05,subwp,42,1
1502,goal_151,2,exito,14639,2336.39,05,subwp,42,1
1503,goal_151,3,exito,14647,2335.98,05,subwp,42,1
1504,goal_151,4,exito,14647,2335.98,05,subwp,42,1
1505,goal_151,5,exito,14647,2315.92,05,subwp,42,1
1506,goal_151,6,col_return,8897,1237.91,05,subwp,42,1
1507,goal_151,7,exito,14640,2336.59,05,subwp,42,1
1508,goal_151,8,exito,14646,2335.82,05,subwp,42,1
1509,goal_151,9,exito,14647,2335.78,05,subwp,42,1
1510,goal_151,10,exito,14647,2305.61,05,subwp,42,1
1511,goal_152,1,col_return,8934,1240.91,05,subwp,42,1
1512,goal_152,2,exito,14693,2343.48,05,subwp,42,1
1513,goal_152,3,exito,14699,2342.79,05,subwp,42,1
1514,goal_152,4,exito,14700,2343.13,05,subwp,42,1
1515,goal_152,5,exito,14699,2342.84,05,subwp,42,1
1516,goal_152,6,exito,14700,2196.9,05,subwp,42,1
1517,goal_152,7,col_return,8967,1243.28,05,subwp,42,1
1518,goal_152,8,exito,14693,2343.35,05,subwp,42,1
1519,goal_152,9,exito,14701,2342.76,05,subwp,42,1
1520,goal_152,10,exito,14700,2342.93,05,subwp,42,1
1521,goal_153,1,exito,14430,2140.33,05,subwp,42,1
1522,goal_153,2,col_return,8835,1223.41,05,subwp,42,1
1523,goal_153,3,exito,14422,2301.09,05,subwp,42,1
1524,goal_153,4,exito,14431,2300.81,05,subwp,42,1
1525,goal_153,5,col_return,8734,1210.34,05,subwp,42,1
1526,goal_153,6,exito,14425,2301.33,05,subwp,42,1
1527,goal_153,7,exito,14429,2300.64,05,subwp,42,1
1528,goal_153,8,col_return,8694,1200.12,05,subwp,42,1
1529,goal_153,9,exito,14424,2301.12,05,subwp,42,1
1530,goal_153,10,exito,14431,2300.62,05,subwp,42,1
1531,goal_154,1,col_return,8673,1206.25,05,subwp,42,1
1532,goal_154,2,exito,14442,2308.51,05,subwp,42,1
1533,goal_154,3,exito,14450,2308.02,05,subwp,42,1
1534,goal_154,4,col_return,8645,1197.59,05,subwp,42,1
1535,goal_154,5,exito,14443,2308.69,05,subwp,42,1
1536,goal_154,6,exito,14449,2307.94,05,subwp,42,1
1537,goal_154,7,col_return,8623,1194.71,05,subwp,42,1
1538,goal_154,8,exito,14442,2308.26,05,subwp,42,1
1539,goal_154,9,exito,14450,2308.17,05,subwp,42,1
1540,goal_154,10,col_return,8614,1193.08,05,subwp,42,1
1541,goal_155,1,exito,14201,2279.43,05,subwp,42,1
1542,goal_155,2,exito,14206,2047.51,05,subwp,42,1
1543,goal_155,3,col_return,8724,1221.23,05,subwp,42,1
1544,goal_155,4,exito,14198,2279.31,05,subwp,42,1
1545,goal_155,5,col_return,8514,1189.41,05,subwp,42,1
1546,goal_155,6,exito,14199,2278.92,05,subwp,42,1
1547,goal_155,7,col_return,8405,1172.74,05,subwp,42,1
1548,goal_155,8,exito,14199,2278.86,05,subwp,42,1
1549,goal_155,9,col_return,8352,1166.83,05,subwp,42,1
1550,goal_155,10,exito,14199,2279.27,05,subwp,42,1
1551,goal_156,1,exito,14228,2153.59,05,subwp,42,1
1552,goal_156,2,col_return,8731,1214.33,05,subwp,42,1
1553,goal_156,3,exito,14224,2279.33,05,subwp,42,1
1554,goal_156,4,col_return,8499,1180.34,05,subwp,42,1
1555,goal_156,5,exito,14224,2279.03,05,subwp,42,1
1556,goal_156,6,col_return,8383,1167.69,05,subwp,42,1
1557,goal_156,7,exito,14221,2278.86,05,subwp,42,1
1558,goal_156,8,exito,14228,2193.54,05,subwp,42,1
1559,goal_156,9,col_return,8719,1213.49,05,subwp,42,1
1560,goal_156,10,exito,14223,2279.05,05,subwp,42,1
1561,goal_157,1,exito,14819,2366.33,05,subwp,42,1
1562,goal_157,2,exito,14823,2355.56,05,subwp,42,1
1563,goal_157,3,col_return,8975,1251.89,05,subwp,42,1
1564,goal_157,4,exito,14812,2366.78,05,subwp,42,1
1565,goal_157,5,exito,14823,2366.64,05,subwp,42,1
1566,goal_157,6,exito,14822,2366.79,05,subwp,42,1
1567,goal_157,7,exito,14821,2366.45,05,subwp,42,1
1568,goal_157,8,exito,14819,2366.37,05,subwp,42,1
1569,goal_157,9,exito,14823,2366.57,05,subwp,42,1
1570,goal_157,10,exito,14819,2366.41,05,subwp,42,1
1571,goal_158,1,col_return,8741,1232.07,05,subwp,42,1
1572,goal_158,2,exito,14576,2344.16,05,subwp,42,1
1573,goal_158,3,exito,14583,2343.56,05,subwp,42,1
1574,goal_158,4,exito,14582,2343.75,05,subwp,42,1
1575,goal_158,5,col_return,8747,1229.19,05,subwp,42,1
1576,goal_158,6,exito,14575,2344.43,05,subwp,42,1
1577,goal_158,7,exito,14582,2343.86,05,subwp,42,1
1578,goal_158,8,exito,14582,2343.85,05,subwp,42,1
1579,goal_158,9,col_return,8755,1229.33,05,subwp,42,1
1580,goal_158,10,exito,14576,2344.23,05,subwp,42,1
1581,goal_159,1,exito,15085,2395.71,05,subwp,42,1
1582,goal_159,2,exito,15086,2395.81,05,subwp,42,1
1583,goal_159,3,exito,15085,2395.83,05,subwp,42,1
1584,goal_159,4,exito,15084,2395.84,05,subwp,42,1
1585,goal_159,5,exito,15084,2395.83,05,subwp,42,1
1586,goal_159,6,exito,15088,2395.95,05,subwp,42,1
1587,goal_159,7,exito,15086,2396.07,05,subwp,42,1
1588,goal_159,8,exito,15085,2395.72,05,subwp,42,1
1589,goal_159,9,exito,15085,2395.85,05,subwp,42,1
1590,goal_159,10,exito,15086,2395.78,05,subwp,42,1
1591,goal_160,1,exito,14758,2361.5,05,subwp,42,1
1592,goal_160,2,exito,14758,2361.37,05,subwp,42,1
1593,goal_160,3,exito,14758,2361.46,05,subwp,42,1
1594,goal_160,4,exito,14758,2361.48,05,subwp,42,1
1595,goal_160,5,exito,14758,2361.6,05,subwp,42,1
1596,goal_160,6,exito,14759,2361.28,05,subwp,42,1
1597,goal_160,7,exito,14759,2361.52,05,subwp,42,1
1598,goal_160,8,exito,14758,2338.75,05,subwp,42,1
1599,goal_160,9,col_return,8959,1251.75,05,subwp,42,1
1600,goal_160,10,exito,14752,2361.73,05,subwp,42,1
1601,goal_161,1,exito,15325,2425.84,05,subwp,42,1
1602,goal_161,2,exito,15326,2426.01,05,subwp,42,1
1603,goal_161,3,exito,15326,2425.82,05,subwp,42,1
1604,goal_161,4,exito,15324,2425.81,05,subwp,42,1
1605,goal_161,5,exito,15314,2427.39,05,subwp,42,1
1606,goal_161,6,exito,15326,2424.87,05,subwp,42,1
1607,goal_161,7,exito,15315,2427.21,05,subwp,42,1
1608,goal_161,8,exito,15312,2427.39,05,subwp,42,1
1609,goal_161,9,exito,15326,2426.17,05,subwp,42,1
1610,goal_161,10,exito,15326,2425.98,05,subwp,42,1
1611,goal_162,1,exito,15004,2391.86,05,subwp,42,1
1612,goal_162,2,exito,15011,2391.6,05,subwp,42,1
1613,goal_162,3,exito,15009,2392.06,05,subwp,42,1
1614,goal_162,4,exito,15011,2391.47,05,subwp,42,1
1615,goal_162,5,exito,15013,2390.95,05,subwp,42,1
1616,goal_162,6,exito,15012,2390.83,05,subwp,42,1
1617,goal_162,7,exito,15005,2391.63,05,subwp,42,1
1618,goal_162,8,exito,15009,2390.92,05,subwp,42,1
1619,goal_162,9,exito,15009,2391.85,05,subwp,42,1
1620,goal_162,10,exito,15013,2390.8,05,subwp,42,1
1621,goal_163,1,exito,15543,2454.45,05,subwp,42,1
1622,goal_163,2,col_return,10554,1464.54,05,subwp,42,1
1623,goal_163,3,exito,15532,2456.39,05,subwp,42,1
1624,goal_163,4,exito,15543,2455.91,05,subwp,42,1
1625,goal_163,5,exito,15543,2455.94,05,subwp,42,1
1626,goal_163,6,exito,15542,2456.01,05,subwp,42,1
1627,goal_163,7,exito,15543,2455.17,05,subwp,42,1
1628,goal_163,8,exito,15544,2455.95,05,subwp,42,1
1629,goal_163,9,exito,15543,2455.96,05,subwp,42,1
1630,goal_163,10,exito,15543,2455.89,05,subwp,42,1
1631,goal_164,1,exito,15243,2422.08,05,subwp,42,1
1632,goal_164,2,exito,15244,2394.82,05,subwp,42,1
1633,goal_164,3,col_return,10203,1434.98,05,subwp,42,1
1634,goal_164,4,exito,15236,2428.18,05,subwp,42,1
1635,goal_164,5,exito,15244,2428.17,05,subwp,42,1
1636,goal_164,6,exito,15242,2427.75,05,subwp,42,1
1637,goal_164,7,exito,15242,2427.72,05,subwp,42,1
1638,goal_164,8,exito,15242,2427.79,05,subwp,42,1
1639,goal_164,9,exito,15244,2428.14,05,subwp,42,1
1640,goal_164,10,exito,15244,2424.49,05,subwp,42,1
1641,goal_165,1,exito,15742,2484.92,05,subwp,42,1
1642,goal_165,2,exito,15748,2485.14,05,subwp,42,1
1643,goal_165,3,exito,15743,2485.36,05,subwp,42,1
1644,goal_165,4,exito,15743,2469.09,05,subwp,42,1
1645,goal_165,5,col_return,10521,1461.05,05,subwp,42,1
1646,goal_165,6,exito,15738,2485.4,05,subwp,42,1
1647,goal_165,7,exito,15743,2485.27,05,subwp,42,1
1648,goal_165,8,exito,15748,2485.16,05,subwp,42,1
1649,goal_165,9,exito,15748,2485.1,05,subwp,42,1
1650,goal_165,10,exito,15748,2485.19,05,subwp,42,1
1651,goal_166,1,exito,15465,2457.9,05,subwp,42,1
1652,goal_166,2,col_return,10553,1464.34,05,subwp,42,1
1653,goal_166,3,exito,15460,2459.34,05,subwp,42,1
1654,goal_166,4,exito,15469,2459.78,05,subwp,42,1
1655,goal_166,5,exito,15465,2459.46,05,subwp,42,1
1656,goal_166,6,exito,15469,2458.79,05,subwp,42,1
1657,goal_166,7,col_approach,2498,183.07,05,subwp,42,1
1658,goal_166,8,exito,15458,2429.83,05,subwp,42,1
1659,goal_166,9,col_return,10325,1450.59,05,subwp,42,1
1660,goal_166,10,exito,15457,2459.74,05,subwp,42,1
1661,goal_167,1,exito,15993,2520.29,05,subwp,42,1
1662,goal_167,2,exito,15996,2520.02,05,subwp,42,1
1663,goal_167,3,exito,15995,2519.84,05,subwp,42,1
1664,goal_167,4,exito,15998,2514.29,05,subwp,42,1
1665,goal_167,5,col_return,10715,1488.22,05,subwp,42,1
1666,goal_167,6,exito,15995,2520.76,05,subwp,42,1
1667,goal_167,7,exito,15995,2520.12,05,subwp,42,1
1668,goal_167,8,exito,15999,2519.89,05,subwp,42,1
1669,goal_167,9,exito,16000,2519.87,05,subwp,42,1
1670,goal_167,10,col_return,10859,1508.29,05,subwp,42,1
1671,goal_168,1,exito,15689,2495.4,05,subwp,42,1
1672,goal_168,2,exito,15696,2495.2,05,subwp,42,1
1673,goal_168,3,exito,15696,2491.43,05,subwp,42,1
1674,goal_168,4,exito,15699,2455.62,05,subwp,42,1
1675,goal_168,5,exito,15698,2495.25,05,subwp,42,1
1676,goal_168,6,exito,15698,2494.56,05,subwp,42,1
1677,goal_168,7,col_return,10680,1505.92,05,subwp,42,1
1678,goal_168,8,exito,15689,2495.24,05,subwp,42,1
1679,goal_168,9,exito,15698,2494.82,05,subwp,42,1
1680,goal_168,10,exito,15697,2493.96,05,subwp,42,1
1681,goal_169,1,exito,16216,2551.5,05,subwp,42,1
1682,goal_169,2,exito,16216,2548.41,05,subwp,42,1
1683,goal_169,3,col_return,10840,1509.95,05,subwp,42,1
1684,goal_169,4,exito,16206,2552.55,05,subwp,42,1
1685,goal_169,5,exito,16212,2551.77,05,subwp,42,1
1686,goal_169,6,exito,16212,2552.17,05,subwp,42,1
1687,goal_169,7,col_return,11100,1548.76,05,subwp,42,1
1688,goal_169,8,exito,16205,2552.22,05,subwp,42,1
1689,goal_169,9,exito,16213,2552.18,05,subwp,42,1
1690,goal_169,10,exito,16212,2552.13,05,subwp,42,1
1691,goal_170,1,exito,15906,2514.26,05,subwp,42,1
1692,goal_170,2,col_return,10632,1491.14,05,subwp,42,1
1693,goal_170,3,exito,15900,2524.62,05,subwp,42,1
1694,goal_170,4,exito,15907,2524.26,05,subwp,42,1
1695,goal_170,5,exito,15906,2489.74,05,subwp,42,1
1696,goal_170,6,exito,15909,2524.81,05,subwp,42,1
1697,goal_170,7,exito,15904,2490.58,05,subwp,42,1
1698,goal_170,8,col_return,10552,1479.06,05,subwp,42,1
1699,goal_170,9,exito,15902,2524.76,05,subwp,42,1
1700,goal_170,10,exito,15908,2524.38,05,subwp,42,1
1701,goal_171,1,exito,16464,2588.86,05,subwp,42,1
1702,goal_171,2,col_return,11410,1592.36,05,subwp,42,1
1703,goal_171,3,exito,16459,2590.28,05,subwp,42,1
1704,goal_171,4,exito,16462,2589.79,05,subwp,42,1
1705,goal_171,5,exito,16462,2588.23,05,subwp,42,1
1706,goal_171,6,col_return,11010,1532.86,05,subwp,42,1
1707,goal_171,7,exito,16456,2590.24,05,subwp,42,1
1708,goal_171,8,exito,16465,2589.99,05,subwp,42,1
1709,goal_171,9,exito,16463,2554.66,05,subwp,42,1
1710,goal_171,10,col_return,10817,1501.62,05,subwp,42,1
1711,goal_172,1,exito,16122,2559.69,05,subwp,42,1
1712,goal_172,2,exito,16130,2540.08,05,subwp,42,1
1713,goal_172,3,exito,16129,2559.51,05,subwp,42,1
1714,goal_172,4,col_return,11044,1555.95,05,subwp,42,1
1715,goal_172,5,exito,16122,2559.71,05,subwp,42,1
1716,goal_172,6,exito,16130,2559.14,05,subwp,42,1
1717,goal_172,7,col_approach,2414,148.41,05,subwp,42,1
1718,goal_172,8,col_return,10686,1504.5,05,subwp,42,1
1719,goal_172,9,exito,16122,2559.57,05,subwp,42,1
1720,goal_172,10,exito,16129,2555.88,05,subwp,42,1
1721,goal_173,1,exito,16700,2625.74,05,subwp,42,1
1722,goal_173,2,col_return,11157,1554.29,05,subwp,42,1
1723,goal_173,3,exito,16696,2627.5,05,subwp,42,1
1724,goal_173,4,exito,16701,2626.16,05,subwp,42,1
1725,goal_173,5,col_return,11375,1589.53,05,subwp,42,1
1726,goal_173,6,exito,16696,2627.69,05,subwp,42,1
1727,goal_173,7,exito,16703,2626.97,05,subwp,42,1
1728,goal_173,8,col_return,11484,1607.47,05,subwp,42,1
1729,goal_173,9,exito,16696,2627.74,05,subwp,42,1
1730,goal_173,10,exito,16703,2627.03,05,subwp,42,1
1731,goal_174,1,col_return,11374,1608.53,05,subwp,42,1
1732,goal_174,2,exito,16364,2594.21,05,subwp,42,1
1733,goal_174,3,exito,16371,2593.48,05,subwp,42,1
1734,goal_174,4,exito,16370,2592.88,05,subwp,42,1
1735,goal_174,5,col_return,11143,1567.59,05,subwp,42,1
1736,goal_174,6,exito,16364,2594.03,05,subwp,42,1
1737,goal_174,7,exito,16370,2588.89,05,subwp,42,1
1738,goal_174,8,exito,16371,2592.48,05,subwp,42,1
1739,goal_174,9,col_return,11015,1547.96,05,subwp,42,1
1740,goal_174,10,exito,16364,2593.47,05,subwp,42,1
1741,goal_175,1,exito,16939,2658.97,05,subwp,42,1
1742,goal_175,2,col_return,11635,1625.52,05,subwp,42,1
1743,goal_175,3,exito,16931,2659.76,05,subwp,42,1
1744,goal_175,4,exito,16937,2659.29,05,subwp,42,1
1745,goal_175,5,col_return,11386,1583.89,05,subwp,42,1
1746,goal_175,6,exito,16935,2659.26,05,subwp,42,1
1747,goal_175,7,exito,16938,2657.59,05,subwp,42,1
1748,goal_175,8,col_return,11248,1569.55,05,subwp,42,1
1749,goal_175,9,exito,16933,2659.54,05,subwp,42,1
1750,goal_175,10,exito,16936,2653.96,05,subwp,42,1
1751,goal_176,1,col_return,11021,1548.87,05,subwp,42,1
1752,goal_176,2,exito,16586,2623.04,05,subwp,42,1
1753,goal_176,3,exito,16592,2592.88,05,subwp,42,1
1754,goal_176,4,col_return,11419,1604.89,05,subwp,42,1
1755,goal_176,5,exito,16586,2623.22,05,subwp,42,1
1756,goal_176,6,exito,16593,2605.81,05,subwp,42,1
1757,goal_176,7,col_return,11617,1635.32,05,subwp,42,1
1758,goal_176,8,exito,16585,2623.49,05,subwp,42,1
1759,goal_176,9,exito,16593,2619.6,05,subwp,42,1
1760,goal_176,10,exito,16593,2601.41,05,subwp,42,1
1761,goal_177,1,exito,17175,2695.54,05,subwp,42,1
1762,goal_177,2,exito,17174,2695.73,05,subwp,42,1
1763,goal_177,3,exito,17173,2695.83,05,subwp,42,1
1764,goal_177,4,col_return,11700,1637.16,05,subwp,42,1
1765,goal_177,5,exito,17168,2696.46,05,subwp,42,1
1766,goal_177,6,exito,17175,2662.92,05,subwp,42,1
1767,goal_177,7,exito,17173,2695.52,05,subwp,42,1
1768,goal_177,8,exito,17171,2695.57,05,subwp,42,1
1769,goal_177,9,exito,17176,2695.67,05,subwp,42,1
1770,goal_177,10,col_return,11667,1630.03,05,subwp,42,1
1771,goal_178,1,exito,16846,2660.82,05,subwp,42,1
1772,goal_178,2,col_approach,2389,137.42,05,subwp,42,1
1773,goal_178,3,col_return,11051,1552.47,05,subwp,42,1
1774,goal_178,4,exito,16844,2660.75,05,subwp,42,1
1775,goal_178,5,exito,16851,2657.19,05,subwp,42,1
1776,goal_178,6,col_return,11180,1571.24,05,subwp,42,1
1777,goal_178,7,exito,16846,2661.1,05,subwp,42,1
1778,goal_178,8,exito,16850,2645.48,05,subwp,42,1
1779,goal_178,9,col_return,11241,1577.93,05,subwp,42,1
1780,goal_178,10,exito,16846,2660.81,05,subwp,42,1
1781,goal_179,1,col_return,12504,1740.64,05,subwp,42,1
1782,goal_179,2,exito,17411,2732.28,05,subwp,42,1
1783,goal_179,3,exito,17416,2702.64,05,subwp,42,1
1784,goal_179,4,exito,17419,2731.49,05,subwp,42,1
1785,goal_179,5,exito,17416,2731.95,05,subwp,42,1
1786,goal_179,6,exito,17416,2726.46,05,subwp,42,1
1787,goal_179,7,exito,17417,2731.78,05,subwp,42,1
1788,goal_179,8,exito,17411,2731.72,05,subwp,42,1
1789,goal_179,9,exito,17419,2731.51,05,subwp,42,1
1790,goal_179,10,col_return,11568,1614.02,05,subwp,42,1
1791,goal_180,1,exito,17050,2693.64,05,subwp,42,1
1792,goal_180,2,col_return,12070,1701.97,05,subwp,42,1
1793,goal_180,3,exito,17051,2693.9,05,subwp,42,1
1794,goal_180,4,col_approach,2378,160.81,05,subwp,42,1
1795,goal_180,5,col_return,11315,1592.19,05,subwp,42,1
1796,goal_180,6,exito,17050,2693.62,05,subwp,42,1
1797,goal_180,7,exito,17058,2655.57,05,subwp,42,1
1798,goal_180,8,exito,17058,2687.98,05,subwp,42,1
1799,goal_180,9,exito,17058,2693.09,05,subwp,42,1
1800,goal_180,10,exito,17056,2691.48,05,subwp,42,1
1801,goal_181,1,col_return,11582,1620.04,05,subwp,42,1
1802,goal_181,2,exito,16667,2625.14,05,subwp,42,1
1803,goal_181,3,exito,16686,2625.49,05,subwp,42,1
1804,goal_181,4,col_return,11620,1618.13,05,subwp,42,1
1805,goal_181,5,exito,16668,2625.1,05,subwp,42,1
1806,goal_181,6,exito,16677,2624.61,05,subwp,42,1
1807,goal_181,7,col_return,11623,1626.64,05,subwp,42,1
1808,goal_181,8,exito,16681,2625.96,05,subwp,42,1
1809,goal_181,9,exito,16699,2622.61,05,subwp,42,1
1810,goal_181,10,col_return,11619,1625.84,05,subwp,42,1
1811,goal_182,1,exito,16679,2618.62,05,subwp,42,1
1812,goal_182,2,exito,16687,2618.48,05,subwp,42,1
1813,goal_182,3,col_return,11635,1618.28,05,subwp,42,1
1814,goal_182,4,exito,16680,2618.64,05,subwp,42,1
1815,goal_182,5,exito,16687,2618.11,05,subwp,42,1
1816,goal_182,6,col_return,11631,1618.4,05,subwp,42,1
1817,goal_182,7,exito,16679,2618.41,05,subwp,42,1
1818,goal_182,8,exito,16682,2618.38,05,subwp,42,1
1819,goal_182,9,col_return,11630,1619.36,05,subwp,42,1
1820,goal_182,10,exito,16680,2618.92,05,subwp,42,1
1821,goal_183,1,exito,16613,2609.34,05,subwp,42,1
1822,goal_183,2,col_return,11632,1620.12,05,subwp,42,1
1823,goal_183,3,exito,16602,2609.93,05,subwp,42,1
1824,goal_183,4,exito,16610,2608.74,05,subwp,42,1
1825,goal_183,5,exito,16610,2578.6,05,subwp,42,1
1826,goal_183,6,col_return,10901,1513.72,05,subwp,42,1
1827,goal_183,7,exito,16603,2609.66,05,subwp,42,1
1828,goal_183,8,exito,16609,2609.19,05,subwp,42,1
1829,goal_183,9,col_return,11341,1577.9,05,subwp,42,1
1830,goal_183,10,exito,16605,2609.38,05,subwp,42,1
1831,goal_184,1,exito,16563,2602.91,05,subwp,42,1
1832,goal_184,2,col_return,11554,1616.51,05,subwp,42,1
1833,goal_184,3,exito,16553,2603.48,05,subwp,42,1
1834,goal_184,4,exito,16559,2602.9,05,subwp,42,1
1835,goal_184,5,exito,16558,2590.53,05,subwp,42,1
1836,goal_184,6,col_return,10945,1522.87,05,subwp,42,1
1837,goal_184,7,exito,16553,2603.9,05,subwp,42,1
1838,goal_184,8,exito,16562,2602.5,05,subwp,42,1
1839,goal_184,9,col_return,11413,1592.1,05,subwp,42,1
1840,goal_184,10,exito,16552,2602.86,05,subwp,42,1
1841,goal_185,1,exito,16347,2572.6,05,subwp,42,1
1842,goal_185,2,exito,16347,2572.12,05,subwp,42,1
1843,goal_185,3,col_return,10977,1531.26,05,subwp,42,1
1844,goal_185,4,exito,16343,2573.61,05,subwp,42,1
1845,goal_185,5,exito,16348,2572.89,05,subwp,42,1
1846,goal_185,6,exito,16348,2571.62,05,subwp,42,1
1847,goal_185,7,col_return,10965,1529.22,05,subwp,42,1
1848,goal_185,8,exito,16340,2573.21,05,subwp,42,1
1849,goal_185,9,exito,16348,2573.07,05,subwp,42,1
1850,goal_185,10,exito,16346,2571.36,05,subwp,42,1
1851,goal_186,1,col_return,10953,1520.95,05,subwp,42,1
1852,goal_186,2,exito,16305,2567.47,05,subwp,42,1
1853,goal_186,3,exito,16314,2567.66,05,subwp,42,1
1854,goal_186,4,exito,16315,2567.24,05,subwp,42,1
1855,goal_186,5,col_return,11007,1531.26,05,subwp,42,1
1856,goal_186,6,exito,16305,2567.68,05,subwp,42,1
1857,goal_186,7,exito,16313,2567.57,05,subwp,42,1
1858,goal_186,8,exito,16313,2567.6,05,subwp,42,1
1859,goal_186,9,col_return,11031,1538.33,05,subwp,42,1
1860,goal_186,10,exito,16307,2567.88,05,subwp,42,1
1861,goal_187,1,exito,16077,2537.52,05,subwp,42,1
1862,goal_187,2,exito,16078,2537.88,05,subwp,42,1
1863,goal_187,3,exito,16078,2504.67,05,subwp,42,1
1864,goal_187,4,col_return,10628,1478.61,05,subwp,42,1
1865,goal_187,5,exito,16070,2538.12,05,subwp,42,1
1866,goal_187,6,exito,16078,2537.9,05,subwp,42,1
1867,goal_187,7,exito,16077,2537.54,05,subwp,42,1
1868,goal_187,8,exito,16077,2515.12,05,subwp,42,1
1869,goal_187,9,col_return,10661,1485.42,05,subwp,42,1
1870,goal_187,10,exito,16069,2538.1,05,subwp,42,1
1871,goal_188,1,exito,16051,2532.46,05,subwp,42,1
1872,goal_188,2,exito,16054,2532.6,05,subwp,42,1
1873,goal_188,3,exito,16053,2522.04,05,subwp,42,1
1874,goal_188,4,col_return,10695,1490.45,05,subwp,42,1
1875,goal_188,5,exito,16046,2532.74,05,subwp,42,1
1876,goal_188,6,exito,16051,2531.94,05,subwp,42,1
1877,goal_188,7,exito,16052,2532.55,05,subwp,42,1
1878,goal_188,8,exito,16053,2527.84,05,subwp,42,1
1879,goal_188,9,col_return,10748,1499.27,05,subwp,42,1
1880,goal_188,10,exito,16047,2532.89,05,subwp,42,1
1881,goal_189,1,exito,15854,2507.19,05,subwp,42,1
1882,goal_189,2,exito,15854,2507.24,05,subwp,42,1
1883,goal_189,3,exito,15852,2507.23,05,subwp,42,1
1884,goal_189,4,exito,15851,2483.19,05,subwp,42,1
1885,goal_189,5,col_return,10547,1471.31,05,subwp,42,1
1886,goal_189,6,exito,15843,2507.17,05,subwp,42,1
1887,goal_189,7,exito,15851,2506.71,05,subwp,42,1
1888,goal_189,8,exito,15851,2507.02,05,subwp,42,1
1889,goal_189,9,exito,15853,2507.25,05,subwp,42,1
1890,goal_189,10,exito,15851,2501.77,05,subwp,42,1
1891,goal_190,1,col_return,10637,1481.97,05,subwp,42,1
1892,goal_190,2,exito,15836,2502.02,05,subwp,42,1
1893,goal_190,3,exito,15841,2500.96,05,subwp,42,1
1894,goal_190,4,exito,15841,2500.92,05,subwp,42,1
1895,goal_190,5,exito,15841,2501.19,05,subwp,42,1
1896,goal_190,6,exito,15842,2499.74,05,subwp,42,1
1897,goal_190,7,col_return,10715,1492.85,05,subwp,42,1
1898,goal_190,8,exito,15836,2501.76,05,subwp,42,1
1899,goal_190,9,exito,15838,2500.57,05,subwp,42,1
1900,goal_190,10,exito,15842,2501.55,05,subwp,42,1
1901,goal_191,1,exito,15611,2471.19,05,subwp,42,1
1902,goal_191,2,exito,15612,2471.29,05,subwp,42,1
1903,goal_191,3,exito,15612,2468.97,05,subwp,42,1
1904,goal_191,4,col_return,10567,1472.61,05,subwp,42,1
1905,goal_191,5,exito,15607,2471.57,05,subwp,42,1
1906,goal_191,6,exito,15610,2470.82,05,subwp,42,1
1907,goal_191,7,exito,15612,2471.0,05,subwp,42,1
1908,goal_191,8,exito,15612,2471.33,05,subwp,42,1
1909,goal_191,9,exito,15613,2470.78,05,subwp,42,1
1910,goal_191,10,exito,15612,2471.39,05,subwp,42,1
1911,goal_192,1,exito,15587,2466.54,05,subwp,42,1
1912,goal_192,2,col_return,10667,1471.24,05,subwp,42,1
1913,goal_192,3,exito,15580,2466.72,05,subwp,42,1
1914,goal_192,4,exito,15587,2466.85,05,subwp,42,1
1915,goal_192,5,exito,15588,2466.93,05,subwp,42,1
1916,goal_192,6,exito,15589,2467.18,05,subwp,42,1
1917,goal_192,7,exito,15588,2466.69,05,subwp,42,1
1918,goal_192,8,exito,15586,2466.48,05,subwp,42,1
1919,goal_192,9,exito,15590,2466.66,05,subwp,42,1
1920,goal_192,10,exito,15588,2452.92,05,subwp,42,1
1921,goal_193,1,col_return,10363,1440.75,05,subwp,42,1
1922,goal_193,2,exito,15403,2438.44,05,subwp,42,1
1923,goal_193,3,exito,15408,2437.84,05,subwp,42,1
1924,goal_193,4,exito,15386,2439.31,05,subwp,42,1
1925,goal_193,5,exito,15408,2438.21,05,subwp,42,1
1926,goal_193,6,exito,15409,2437.74,05,subwp,42,1
1927,goal_193,7,exito,15411,2437.9,05,subwp,42,1
1928,goal_193,8,exito,15411,2438.35,05,subwp,42,1
1929,goal_193,9,exito,15411,2438.01,05,subwp,42,1
1930,goal_193,10,exito,15409,2438.27,05,subwp,42,1
1931,goal_194,1,exito,15380,2435.71,05,subwp,42,1
1932,goal_194,2,exito,15379,2433.47,05,subwp,42,1
1933,goal_194,3,col_return,10480,1443.45,05,subwp,42,1
1934,goal_194,4,exito,15373,2435.94,05,subwp,42,1
1935,goal_194,5,exito,15377,2435.78,05,subwp,42,1
1936,goal_194,6,exito,15381,2435.44,05,subwp,42,1
1937,goal_194,7,exito,15379,2435.15,05,subwp,42,1
1938,goal_194,8,exito,15381,2435.88,05,subwp,42,1
1939,goal_194,9,exito,15378,2435.4,05,subwp,42,1
1940,goal_194,10,exito,15378,2435.46,05,subwp,42,1
1941,goal_195,1,exito,15139,2403.64,05,subwp,42,1
1942,goal_195,2,exito,15140,2403.37,05,subwp,42,1
1943,goal_195,3,exito,15140,2403.04,05,subwp,42,1
1944,goal_195,4,exito,15140,2402.85,05,subwp,42,1
1945,goal_195,5,exito,15137,2403.37,05,subwp,42,1
1946,goal_195,6,exito,15138,2403.18,05,subwp,42,1
1947,goal_195,7,exito,15142,2403.4,05,subwp,42,1
1948,goal_195,8,exito,15139,2403.15,05,subwp,42,1
1949,goal_195,9,exito,15140,2402.9,05,subwp,42,1
1950,goal_195,10,exito,15141,2403.41,05,subwp,42,1
1951,goal_196,1,exito,15120,2400.44,05,subwp,42,1
1952,goal_196,2,exito,15118,2400.71,05,subwp,42,1
1953,goal_196,3,exito,15118,2399.66,05,subwp,42,1
1954,goal_196,4,exito,15118,2397.64,05,subwp,42,1
1955,goal_196,5,exito,15118,2392.52,05,subwp,42,1
1956,goal_196,6,exito,15119,2381.85,05,subwp,42,1
1957,goal_196,7,col_return,10220,1409.55,05,subwp,42,1
1958,goal_196,8,exito,15111,2401.06,05,subwp,42,1
1959,goal_196,9,exito,15118,2400.31,05,subwp,42,1
1960,goal_196,10,exito,15119,2400.41,05,subwp,42,1
1961,goal_197,1,exito,14894,2369.39,05,subwp,42,1
1962,goal_197,2,exito,14895,2369.16,05,subwp,42,1
1963,goal_197,3,exito,14895,2369.29,05,subwp,42,1
1964,goal_197,4,exito,14894,2369.5,05,subwp,42,1
1965,goal_197,5,exito,14893,2369.36,05,subwp,42,1
1966,goal_197,6,exito,14895,2369.57,05,subwp,42,1
1967,goal_197,7,exito,14894,2369.26,05,subwp,42,1
1968,goal_197,8,exito,14897,2369.86,05,subwp,42,1
1969,goal_197,9,exito,14896,2355.71,05,subwp,42,1
1970,goal_197,10,exito,14895,2217.51,05,subwp,42,1
1971,goal_198,1,col_return,9055,1253.52,05,subwp,42,1
1972,goal_198,2,exito,14866,2366.11,05,subwp,42,1
1973,goal_198,3,exito,14872,2365.8,05,subwp,42,1
1974,goal_198,4,exito,14873,2365.69,05,subwp,42,1
1975,goal_198,5,exito,14872,2365.48,05,subwp,42,1
1976,goal_198,6,exito,14875,2365.46,05,subwp,42,1
1977,goal_198,7,exito,14872,2365.38,05,subwp,42,1
1978,goal_198,8,exito,14873,2365.72,05,subwp,42,1
1979,goal_198,9,exito,14873,2365.95,05,subwp,42,1
1980,goal_198,10,exito,14872,2365.75,05,subwp,42,1
1981,goal_199,1,exito,14699,2328.36,05,subwp,42,1
1982,goal_199,2,col_return,8910,1234.25,05,subwp,42,1
1983,goal_199,3,exito,14692,2340.06,05,subwp,42,1
1984,goal_199,4,exito,14697,2339.3,05,subwp,42,1
1985,goal_199,5,exito,14683,2339.51,05,subwp,42,1
1986,goal_199,6,exito,14699,2339.71,05,subwp,42,1
1987,goal_199,7,exito,14699,2181.83,05,subwp,42,1
1988,goal_199,8,col_return,8967,1240.43,05,subwp,42,1
1989,goal_199,9,exito,14691,2340.0,05,subwp,42,1
1990,goal_199,10,exito,14699,2339.48,05,subwp,42,1
1991,goal_200,1,exito,14650,2335.64,05,subwp,42,1
1992,goal_200,2,exito,14649,2336.1,05,subwp,42,1
1993,goal_200,3,col_return,8859,1230.96,05,subwp,42,1
1994,goal_200,4,exito,14641,2336.1,05,subwp,42,1
1995,goal_200,5,exito,14649,2335.38,05,subwp,42,1
1996,goal_200,6,exito,14650,2335.89,05,subwp,42,1
1997,goal_200,7,exito,14649,2324.32,05,subwp,42,1
1998,goal_200,8,col_return,8884,1235.58,05,subwp,42,1
1999,goal_200,9,exito,14641,2336.39,05,subwp,42,1
2000,goal_200,10,exito,14649,2335.78,05,subwp,42,1
2001,goal_201,1,exito,14458,2308.68,05,subwp,42,1
2002,goal_201,2,col_return,8719,1209.11,05,subwp,42,1
2003,goal_201,3,exito,14449,2309.02,05,subwp,42,1
2004,goal_201,4,exito,14457,2308.67,05,subwp,42,1
2005,goal_201,5,col_return,8655,1201.26,05,subwp,42,1
2006,goal_201,6,exito,14449,2309.52,05,subwp,42,1
2007,goal_201,7,exito,14456,2308.88,05,subwp,42,1
2008,goal_201,8,col_return,8630,1193.68,05,subwp,42,1
2009,goal_201,9,exito,14449,2309.01,05,subwp,42,1
2010,goal_201,10,exito,14458,2308.83,05,subwp,42,1
2011,goal_202,1,col_return,8575,1189.63,05,subwp,42,1
2012,goal_202,2,exito,14398,2301.75,05,subwp,42,1
2013,goal_202,3,exito,14403,2301.0,05,subwp,42,1
2014,goal_202,4,col_return,8642,1199.72,05,subwp,42,1
2015,goal_202,5,exito,14399,2301.98,05,subwp,42,1
2016,goal_202,6,exito,14406,2301.36,05,subwp,42,1
2017,goal_202,7,col_return,8660,1206.56,05,subwp,42,1
2018,goal_202,8,exito,14398,2301.6,05,subwp,42,1
2019,goal_202,9,exito,14405,2301.44,05,subwp,42,1
2020,goal_202,10,col_return,8685,1203.43,05,subwp,42,1
2021,goal_203,1,exito,14246,2280.38,05,subwp,42,1
2022,goal_203,2,col_return,8422,1153.96,05,subwp,42,1
2023,goal_203,3,exito,14245,2280.38,05,subwp,42,1
2024,goal_203,4,exito,14252,2272.81,05,subwp,42,1
2025,goal_203,5,col_return,8678,1207.49,05,subwp,42,1
2026,goal_203,6,exito,14244,2280.09,05,subwp,42,1
2027,goal_203,7,col_return,8467,1174.64,05,subwp,42,1
2028,goal_203,8,exito,14245,2280.24,05,subwp,42,1
2029,goal_203,9,exito,14253,2186.09,05,subwp,42,1
2030,goal_203,10,col_return,8733,1212.82,05,subwp,42,1
2031,goal_204,1,exito,14190,2276.16,05,subwp,42,1
2032,goal_204,2,col_return,8493,1182.09,05,subwp,42,1
2033,goal_204,3,exito,14192,2276.35,05,subwp,42,1
2034,goal_204,4,col_return,8396,1169.36,05,subwp,42,1
2035,goal_204,5,exito,14191,2276.47,05,subwp,42,1
2036,goal_204,6,col_return,8353,1164.89,05,subwp,42,1
2037,goal_204,7,exito,14192,2276.59,05,subwp,42,1
2038,goal_204,8,col_return,8637,1108.33,05,subwp,42,1
2039,goal_204,9,exito,14191,2276.4,05,subwp,42,1
2040,goal_204,10,exito,14198,2276.15,05,subwp,42,1
2041,goal_205,1,col_return,8755,1222.73,05,subwp,42,1
2042,goal_205,2,exito,14560,2335.16,05,subwp,42,1
2043,goal_205,3,exito,14567,2334.77,05,subwp,42,1
2044,goal_205,4,exito,14568,2334.76,05,subwp,42,1
2045,goal_205,5,col_return,8779,1226.74,05,subwp,42,1
2046,goal_205,6,exito,14560,2335.7,05,subwp,42,1
2047,goal_205,7,exito,14567,2334.62,05,subwp,42,1
2048,goal_205,8,exito,14567,2334.77,05,subwp,42,1
2049,goal_205,9,col_return,8787,1230.23,05,subwp,42,1
2050,goal_205,10,exito,14560,2335.15,05,subwp,42,1
2051,goal_206,1,exito,14560,2337.21,05,subwp,42,1
2052,goal_206,2,exito,14560,2337.21,05,subwp,42,1
2053,goal_206,3,col_return,8793,1237.28,05,subwp,42,1
2054,goal_206,4,exito,14554,2329.16,05,subwp,42,1
2055,goal_206,5,exito,14560,2337.12,05,subwp,42,1
2056,goal_206,6,exito,14560,2337.02,05,subwp,42,1
2057,goal_206,7,col_return,8815,1233.75,05,subwp,42,1
2058,goal_206,8,exito,14553,2329.7,05,subwp,42,1
2059,goal_206,9,exito,14558,2336.51,05,subwp,42,1
2060,goal_206,10,exito,14560,2337.04,05,subwp,42,1
2061,goal_207,1,col_return,8924,1245.95,05,subwp,42,1
2062,goal_207,2,exito,14765,2359.56,05,subwp,42,1
2063,goal_207,3,exito,14770,2359.67,05,subwp,42,1
2064,goal_207,4,exito,14770,2359.55,05,subwp,42,1
2065,goal_207,5,exito,14770,2359.56,05,subwp,42,1
2066,goal_207,6,exito,14772,2358.86,05,subwp,42,1
2067,goal_207,7,exito,14770,2359.53,05,subwp,42,1
2068,goal_207,8,exito,14770,2123.41,05,subwp,42,1
2069,goal_207,9,col_return,9018,1258.62,05,subwp,42,1
2070,goal_207,10,exito,14765,2360.37,05,subwp,42,1
2071,goal_208,1,exito,14739,2353.6,05,subwp,42,1
2072,goal_208,2,exito,14739,2354.45,05,subwp,42,1
2073,goal_208,3,exito,14739,2354.96,05,subwp,42,1
2074,goal_208,4,exito,14739,2354.64,05,subwp,42,1
2075,goal_208,5,col_return,8906,1229.75,05,subwp,42,1
2076,goal_208,6,exito,14731,2331.11,05,subwp,42,1
2077,goal_208,7,exito,14739,2351.79,05,subwp,42,1
2078,goal_208,8,exito,14739,2355.05,05,subwp,42,1
2079,goal_208,9,exito,14740,2354.54,05,subwp,42,1
2080,goal_208,10,exito,14739,2354.84,05,subwp,42,1
2081,goal_209,1,exito,15051,2386.56,05,subwp,42,1
2082,goal_209,2,exito,15049,2386.68,05,subwp,42,1
2083,goal_209,3,exito,15048,2386.43,05,subwp,42,1
2084,goal_209,4,exito,15054,2386.65,05,subwp,42,1
2085,goal_209,5,exito,15053,2386.75,05,subwp,42,1
2086,goal_209,6,exito,15051,2386.69,05,subwp,42,1
2087,goal_209,7,exito,15049,2386.31,05,subwp,42,1
2088,goal_209,8,exito,15049,2386.32,05,subwp,42,1
2089,goal_209,9,exito,15052,2386.63,05,subwp,42,1
2090,goal_209,10,exito,15048,2386.38,05,subwp,42,1
2091,goal_210,1,exito,14988,2385.28,05,subwp,42,1
2092,goal_210,2,exito,14989,2385.38,05,subwp,42,1
2093,goal_210,3,exito,14989,2385.2,05,subwp,42,1
2094,goal_210,4,exito,14989,2385.14,05,subwp,42,1
2095,goal_210,5,exito,14989,2385.43,05,subwp,42,1
2096,goal_210,6,exito,14992,2385.55,05,subwp,42,1
2097,goal_210,7,exito,14987,2385.46,05,subwp,42,1
2098,goal_210,8,exito,14989,2385.28,05,subwp,42,1
2099,goal_210,9,exito,14990,2385.22,05,subwp,42,1
2100,goal_210,10,exito,14988,2385.23,05,subwp,42,1
2101,goal_211,1,exito,15269,2419.64,05,subwp,42,1
2102,goal_211,2,exito,15270,2419.39,05,subwp,42,1
2103,goal_211,3,exito,15268,2419.72,05,subwp,42,1
2104,goal_211,4,exito,15268,2419.54,05,subwp,42,1
2105,goal_211,5,exito,15267,2419.69,05,subwp,42,1
2106,goal_211,6,exito,15267,2418.87,05,subwp,42,1
2107,goal_211,7,exito,15267,2409.96,05,subwp,42,1
2108,goal_211,8,col_approach,2473,185.03,05,subwp,42,1
2109,goal_211,9,exito,15261,2411.53,05,subwp,42,1
2110,goal_211,10,col_return,10340,1432.61,05,subwp,42,1
2111,goal_212,1,exito,15218,2422.67,05,subwp,42,1
2112,goal_212,2,exito,15225,2422.64,05,subwp,42,1
2113,goal_212,3,exito,15225,2422.4,05,subwp,42,1
2114,goal_212,4,exito,15226,2419.46,05,subwp,42,1
2115,goal_212,5,exito,15226,2403.24,05,subwp,42,1
2116,goal_212,6,col_approach,2860,234.6,05,subwp,42,1
2117,goal_212,7,exito,15220,2423.41,05,subwp,42,1
2118,goal_212,8,exito,15226,2421.79,05,subwp,42,1
2119,goal_212,9,exito,15227,2414.04,05,subwp,42,1
2120,goal_212,10,col_return,10326,1432.44,05,subwp,42,1
2121,goal_213,1,exito,15480,2450.46,05,subwp,42,1
2122,goal_213,2,exito,15480,2449.92,05,subwp,42,1
2123,goal_213,3,exito,15490,2449.67,05,subwp,42,1
2124,goal_213,4,exito,15489,2448.41,05,subwp,42,1
2125,goal_213,5,col_approach,2457,186.2,05,subwp,42,1
2126,goal_213,6,exito,15481,2416.57,05,subwp,42,1
2127,goal_213,7,col_return,10329,1434.33,05,subwp,42,1
2128,goal_213,8,exito,15482,2450.71,05,subwp,42,1
2129,goal_213,9,exito,15487,2449.79,05,subwp,42,1
2130,goal_213,10,exito,15486,2450.3,05,subwp,42,1
2131,goal_214,1,exito,15456,2452.22,05,subwp,42,1
2132,goal_214,2,exito,15456,2453.05,05,subwp,42,1
2133,goal_214,3,exito,15453,2444.86,05,subwp,42,1
2134,goal_214,4,exito,15456,2453.77,05,subwp,42,1
2135,goal_214,5,exito,15451,2453.29,05,subwp,42,1
2136,goal_214,6,exito,15456,2452.73,05,subwp,42,1
2137,goal_214,7,exito,15451,2422.93,05,subwp,42,1
2138,goal_214,8,col_return,10325,1444.05,05,subwp,42,1
2139,goal_214,9,exito,15450,2454.05,05,subwp,42,1
2140,goal_214,10,exito,15455,2450.84,05,subwp,42,1
2141,goal_215,1,exito,15719,2486.92,05,subwp,42,1
2142,goal_215,2,exito,15722,2457.3,05,subwp,42,1
2143,goal_215,3,exito,15718,2473.8,05,subwp,42,1
2144,goal_215,4,exito,15719,2487.39,05,subwp,42,1
2145,goal_215,5,exito,15718,2477.14,05,subwp,42,1
2146,goal_215,6,col_return,10541,1467.45,05,subwp,42,1
2147,goal_215,7,exito,15712,2488.46,05,subwp,42,1
2148,goal_215,8,exito,15721,2487.25,05,subwp,42,1
2149,goal_215,9,exito,15718,2477.0,05,subwp,42,1
2150,goal_215,10,col_approach,2418,157.67,05,subwp,42,1
2151,goal_216,1,col_return,10456,1469.57,05,subwp,42,1
2152,goal_216,2,exito,15680,2490.25,05,subwp,42,1
2153,goal_216,3,exito,15687,2464.65,05,subwp,42,1
2154,goal_216,4,exito,15687,2488.56,05,subwp,42,1
2155,goal_216,5,exito,15689,2441.57,05,subwp,42,1
2156,goal_216,6,exito,15688,2489.86,05,subwp,42,1
2157,goal_216,7,exito,15688,2489.42,05,subwp,42,1
2158,goal_216,8,col_return,10678,1498.61,05,subwp,42,1
2159,goal_216,9,exito,15680,2490.38,05,subwp,42,1
2160,goal_216,10,exito,15687,2484.48,05,subwp,42,1
2161,goal_217,1,exito,15961,2516.34,05,subwp,42,1
2162,goal_217,2,col_approach,2426,153.48,05,subwp,42,1
2163,goal_217,3,col_return,10588,1472.04,05,subwp,42,1
2164,goal_217,4,exito,15954,2518.04,05,subwp,42,1
2165,goal_217,5,exito,15961,2517.48,05,subwp,42,1
2166,goal_217,6,col_approach,2466,164.65,05,subwp,42,1
2167,goal_217,7,col_return,10604,1474.28,05,subwp,42,1
2168,goal_217,8,exito,15949,2517.83,05,subwp,42,1
2169,goal_217,9,exito,15958,2516.98,05,subwp,42,1
2170,goal_217,10,col_approach,2482,170.97,05,subwp,42,1
2171,goal_218,1,col_return,10587,1482.11,05,subwp,42,1
2172,goal_218,2,exito,15915,2522.72,05,subwp,42,1
2173,goal_218,3,exito,15922,2496.94,05,subwp,42,1
2174,goal_218,4,exito,15922,2515.23,05,subwp,42,1
2175,goal_218,5,exito,15922,2522.13,05,subwp,42,1
2176,goal_218,6,col_return,10953,1534.75,05,subwp,42,1
2177,goal_218,7,exito,15915,2522.36,05,subwp,42,1
2178,goal_218,8,exito,15922,2497.81,05,subwp,42,1
2179,goal_218,9,exito,15921,2522.23,05,subwp,42,1
2180,goal_218,10,exito,15922,2521.93,05,subwp,42,1
2181,goal_219,1,exito,16198,2516.5,05,subwp,42,1
2182,goal_219,2,col_return,10666,1487.32,05,subwp,42,1
2183,goal_219,3,exito,16189,2555.87,05,subwp,42,1
2184,goal_219,4,exito,16197,2534.87,05,subwp,42,1
2185,goal_219,5,exito,16196,2555.42,05,subwp,42,1
2186,goal_219,6,col_return,11038,1543.44,05,subwp,42,1
2187,goal_219,7,exito,16188,2556.04,05,subwp,42,1
2188,goal_219,8,exito,16197,2554.81,05,subwp,42,1
2189,goal_219,9,exito,16198,2551.07,05,subwp,42,1
2190,goal_219,10,col_return,11233,1568.97,05,subwp,42,1
2191,goal_220,1,exito,16149,2559.51,05,subwp,42,1
2192,goal_220,2,col_approach,2839,233.24,05,subwp,42,1
2193,goal_220,3,col_return,11097,1560.87,05,subwp,42,1
2194,goal_220,4,exito,16149,2559.98,05,subwp,42,1
2195,goal_220,5,exito,16157,2524.96,05,subwp,42,1
2196,goal_220,6,col_approach,2833,217.12,05,subwp,42,1
2197,goal_220,7,col_return,10470,1473.26,05,subwp,42,1
2198,goal_220,8,exito,16150,2556.06,05,subwp,42,1
2199,goal_220,9,exito,16160,2559.46,05,subwp,42,1
2200,goal_220,10,exito,16156,2559.46,05,subwp,42,1
2201,goal_221,1,col_return,11149,1563.83,05,subwp,42,1
2202,goal_221,2,exito,16439,2595.77,05,subwp,42,1
2203,goal_221,3,exito,16447,2573.63,05,subwp,42,1
2204,goal_221,4,exito,16448,2587.06,05,subwp,42,1
2205,goal_221,5,col_return,10916,1522.75,05,subwp,42,1
2206,goal_221,6,exito,16441,2594.86,05,subwp,42,1
2207,goal_221,7,col_approach,2428,175.01,05,subwp,42,1
2208,goal_221,8,col_return,11011,1542.99,05,subwp,42,1
2209,goal_221,9,exito,16441,2594.86,05,subwp,42,1
2210,goal_221,10,col_approach,2481,187.77,05,subwp,42,1
2211,goal_222,1,col_return,11027,1545.93,05,subwp,42,1
2212,goal_222,2,exito,16395,2594.11,05,subwp,42,1
2213,goal_222,3,exito,16403,2593.7,05,subwp,42,1
2214,goal_222,4,exito,16402,2587.81,05,subwp,42,1
2215,goal_222,5,col_return,10915,1531.18,05,subwp,42,1
2216,goal_222,6,exito,16393,2593.64,05,subwp,42,1
2217,goal_222,7,exito,16402,2593.51,05,subwp,42,1
2218,goal_222,8,exito,16402,2579.13,05,subwp,42,1
2219,goal_222,9,col_return,10857,1519.73,05,subwp,42,1
2220,goal_222,10,exito,16397,2592.78,05,subwp,42,1
2221,goal_223,1,col_approach,2428,178.79,05,subwp,42,1
2222,goal_223,2,col_return,11120,1560.9,05,subwp,42,1
2223,goal_223,3,exito,16635,2624.57,05,subwp,42,1
2224,goal_223,4,exito,16646,2598.92,05,subwp,42,1
2225,goal_223,5,col_return,11426,1603.95,05,subwp,42,1
2226,goal_223,6,exito,16637,2624.1,05,subwp,42,1
2227,goal_223,7,col_approach,2499,180.67,05,subwp,42,1
2228,goal_223,8,col_return,11145,1561.96,05,subwp,42,1
2229,goal_223,9,exito,16636,2624.21,05,subwp,42,1
2230,goal_223,10,exito,16644,2598.92,05,subwp,42,1
2231,goal_224,1,col_return,11423,1607.78,05,subwp,42,1
2232,goal_224,2,exito,16611,2627.11,05,subwp,42,1
2233,goal_224,3,exito,16616,2626.7,05,subwp,42,1
2234,goal_224,4,col_return,11597,1633.17,05,subwp,42,1
2235,goal_224,5,exito,16610,2627.01,05,subwp,42,1
2236,goal_224,6,exito,16618,2626.01,05,subwp,42,1
2237,goal_224,7,col_return,11700,1639.25,05,subwp,42,1
2238,goal_224,8,exito,16611,2627.08,05,subwp,42,1
2239,goal_224,9,exito,16618,2624.99,05,subwp,42,1
2240,goal_224,10,exito,16621,2592.85,05,subwp,42,1
2241,goal_225,1,col_return,11037,1543.3,05,subwp,42,1
2242,goal_225,2,exito,16877,2658.02,05,subwp,42,1
2243,goal_225,3,exito,16880,2649.78,05,subwp,42,1
2244,goal_225,4,col_return,11136,1559.69,05,subwp,42,1
2245,goal_225,5,exito,16873,2658.03,05,subwp,42,1
2246,goal_225,6,exito,16883,2653.16,05,subwp,42,1
2247,goal_225,7,col_return,11185,1566.57,05,subwp,42,1
2248,goal_225,8,exito,16877,2657.97,05,subwp,42,1
2249,goal_225,9,exito,16882,2650.58,05,subwp,42,1
2250,goal_225,10,col_return,11216,1570.29,05,subwp,42,1
2251,goal_226,1,exito,16862,2658.74,05,subwp,42,1
2252,goal_226,2,exito,16869,2652.45,05,subwp,42,1
2253,goal_226,3,col_return,11233,1577.49,05,subwp,42,1
2254,goal_226,4,exito,16863,2659.74,05,subwp,42,1
2255,goal_226,5,exito,16866,2644.06,05,subwp,42,1
2256,goal_226,6,col_return,11243,1582.17,05,subwp,42,1
2257,goal_226,7,exito,16861,2660.93,05,subwp,42,1
2258,goal_226,8,exito,16869,2632.68,05,subwp,42,1
2259,goal_226,9,col_return,11257,1584.42,05,subwp,42,1
2260,goal_226,10,exito,16861,2660.89,05,subwp,42,1
2261,goal_227,1,exito,17086,2633.76,05,subwp,42,1
2262,goal_227,2,col_return,11261,1573.92,05,subwp,42,1
2263,goal_227,3,exito,17077,2684.96,05,subwp,42,1
2264,goal_227,4,col_return,12101,1693.47,05,subwp,42,1
2265,goal_227,5,exito,17078,2685.27,05,subwp,42,1
2266,goal_227,6,col_approach,2361,162.9,05,subwp,42,1
2267,goal_227,7,col_return,11320,1586.04,05,subwp,42,1
2268,goal_227,8,exito,17079,2685.04,05,subwp,42,1
2269,goal_227,9,col_return,12123,1700.37,05,subwp,42,1
2270,goal_227,10,exito,17077,2685.04,05,subwp,42,1
2271,goal_228,1,exito,17087,2695.77,05,subwp,42,1
2272,goal_228,2,col_return,11481,1616.05,05,subwp,42,1
2273,goal_228,3,exito,17077,2693.69,05,subwp,42,1
2274,goal_228,4,exito,17087,2671.08,05,subwp,42,1
2275,goal_228,5,exito,17087,2679.36,05,subwp,42,1
2276,goal_228,6,exito,17085,2695.43,05,subwp,42,1
2277,goal_228,7,exito,17087,2690.08,05,subwp,42,1
2278,goal_228,8,col_return,11771,1661.38,05,subwp,42,1
2279,goal_228,9,exito,17079,2696.08,05,subwp,42,1
2280,goal_228,10,col_approach,2828,216.18,05,subwp,42,1
2281,goal_229,1,exito,16672,2608.22,05,subwp,42,1
2282,goal_229,2,exito,16669,2615.2,05,subwp,42,1
2283,goal_229,3,exito,16679,2616.59,05,subwp,42,1
2284,goal_229,4,exito,16680,2614.86,05,subwp,42,1
2285,goal_229,5,col_return,11133,1542.42,05,subwp,42,1
2286,goal_229,6,exito,16665,2616.38,05,subwp,42,1
2287,goal_229,7,exito,16679,2616.13,05,subwp,42,1
2288,goal_229,8,col_return,11392,1584.66,05,subwp,42,1
2289,goal_229,9,exito,16660,2615.52,05,subwp,42,1
2290,goal_229,10,exito,16679,2615.98,05,subwp,42,1
2291,goal_230,1,col_return,11538,1609.3,05,subwp,42,1
2292,goal_230,2,exito,16698,2626.85,05,subwp,42,1
2293,goal_230,3,exito,16706,2626.34,05,subwp,42,1
2294,goal_230,4,col_return,11567,1615.01,05,subwp,42,1
2295,goal_230,5,exito,16697,2627.29,05,subwp,42,1
2296,goal_230,6,exito,16705,2626.49,05,subwp,42,1
2297,goal_230,7,col_return,11581,1617.21,05,subwp,42,1
2298,goal_230,8,exito,16697,2627.05,05,subwp,42,1
2299,goal_230,9,exito,16706,2626.36,05,subwp,42,1
2300,goal_230,10,col_return,11587,1619.06,05,subwp,42,1
2301,goal_231,1,exito,16530,2599.04,05,subwp,42,1
2302,goal_231,2,exito,16538,2598.78,05,subwp,42,1
2303,goal_231,3,exito,16537,2579.11,05,subwp,42,1
2304,goal_231,4,col_return,10904,1512.69,05,subwp,42,1
2305,goal_231,5,exito,16529,2598.79,05,subwp,42,1
2306,goal_231,6,exito,16537,2598.95,05,subwp,42,1
2307,goal_231,7,col_return,11419,1590.2,05,subwp,42,1
2308,goal_231,8,exito,16531,2599.12,05,subwp,42,1
2309,goal_231,9,exito,16537,2598.6,05,subwp,42,1
2310,goal_231,10,exito,16537,2579.53,05,subwp,42,1
2311,goal_232,1,col_return,10941,1525.52,05,subwp,42,1
2312,goal_232,2,exito,16605,2614.48,05,subwp,42,1
2313,goal_232,3,exito,16609,2614.27,05,subwp,42,1
2314,goal_232,4,col_return,11358,1586.91,05,subwp,42,1
2315,goal_232,5,exito,16604,2614.56,05,subwp,42,1
2316,goal_232,6,exito,16609,2614.56,05,subwp,42,1
2317,goal_232,7,col_return,11576,1617.94,05,subwp,42,1
2318,goal_232,8,exito,16603,2614.3,05,subwp,42,1
2319,goal_232,9,exito,16612,2614.11,05,subwp,42,1
2320,goal_232,10,col_return,11708,1623.59,05,subwp,42,1
2321,goal_233,1,exito,16286,2563.76,05,subwp,42,1
2322,goal_233,2,exito,16299,2564.08,05,subwp,42,1
2323,goal_233,3,exito,16300,2563.57,05,subwp,42,1
2324,goal_233,4,col_return,11217,1561.36,05,subwp,42,1
2325,goal_233,5,exito,16293,2563.86,05,subwp,42,1
2326,goal_233,6,exito,16301,2563.98,05,subwp,42,1
2327,goal_233,7,exito,16302,2564.33,05,subwp,42,1
2328,goal_233,8,col_return,11160,1554.25,05,subwp,42,1
2329,goal_233,9,exito,16294,2564.23,05,subwp,42,1
2330,goal_233,10,exito,16299,2563.25,05,subwp,42,1
2331,goal_234,1,exito,16353,2579.59,05,subwp,42,1
2332,goal_234,2,col_return,11139,1556.62,05,subwp,42,1
2333,goal_234,3,exito,16347,2580.1,05,subwp,42,1
2334,goal_234,4,exito,16354,2579.25,05,subwp,42,1
2335,goal_234,5,exito,16353,2579.89,05,subwp,42,1
2336,goal_234,6,col_return,11030,1544.45,05,subwp,42,1
2337,goal_234,7,exito,16347,2580.32,05,subwp,42,1
2338,goal_234,8,exito,16352,2579.83,05,subwp,42,1
2339,goal_234,9,exito,16354,2579.42,05,subwp,42,1
2340,goal_234,10,col_return,10992,1534.55,05,subwp,42,1
2341,goal_235,1,exito,16042,2528.69,05,subwp,42,1
2342,goal_235,2,exito,16045,2527.73,05,subwp,42,1
2343,goal_235,3,exito,16048,2528.03,05,subwp,42,1
2344,goal_235,4,exito,16049,2523.93,05,subwp,42,1
2345,goal_235,5,col_return,10753,1494.46,05,subwp,42,1
2346,goal_235,6,exito,16042,2528.85,05,subwp,42,1
2347,goal_235,7,exito,16049,2528.34,05,subwp,42,1
2348,goal_235,8,exito,16048,2528.25,05,subwp,42,1
2349,goal_235,9,exito,16049,2525.84,05,subwp,42,1
2350,goal_235,10,col_return,10780,1495.43,05,subwp,42,1
2351,goal_236,1,exito,16101,2543.6,05,subwp,42,1
2352,goal_236,2,exito,16108,2543.13,05,subwp,42,1
2353,goal_236,3,exito,16109,2543.54,05,subwp,42,1
2354,goal_236,4,exito,16107,2527.67,05,subwp,42,1
2355,goal_236,5,col_return,10705,1492.65,05,subwp,42,1
2356,goal_236,6,exito,16098,2544.05,05,subwp,42,1
2357,goal_236,7,exito,16109,2543.36,05,subwp,42,1
2358,goal_236,8,exito,16107,2543.7,05,subwp,42,1
2359,goal_236,9,exito,16107,2507.08,05,subwp,42,1
2360,goal_236,10,col_return,10639,1484.95,05,subwp,42,1
2361,goal_237,1,exito,15833,2497.63,05,subwp,42,1
2362,goal_237,2,exito,15856,2493.67,05,subwp,42,1
2363,goal_237,3,exito,15840,2496.56,05,subwp,42,1
2364,goal_237,4,exito,15840,2496.68,05,subwp,42,1
2365,goal_237,5,exito,15840,2482.62,05,subwp,42,1
2366,goal_237,6,col_return,10572,1466.7,05,subwp,42,1
2367,goal_237,7,exito,15832,2497.08,05,subwp,42,1
2368,goal_237,8,exito,15855,2493.58,05,subwp,42,1
2369,goal_237,9,exito,15842,2496.71,05,subwp,42,1
2370,goal_237,10,exito,15840,2496.85,05,subwp,42,1
2371,goal_238,1,exito,15883,2507.89,05,subwp,42,1
2372,goal_238,2,col_return,10679,1493.68,05,subwp,42,1
2373,goal_238,3,exito,15876,2511.98,05,subwp,42,1
2374,goal_238,4,exito,15885,2511.57,05,subwp,42,1
2375,goal_238,5,exito,15885,2511.39,05,subwp,42,1
2376,goal_238,6,exito,15882,2511.61,05,subwp,42,1
2377,goal_238,7,exito,15885,2503.7,05,subwp,42,1
2378,goal_238,8,col_return,10636,1482.65,05,subwp,42,1
2379,goal_238,9,exito,15875,2512.02,05,subwp,42,1
2380,goal_238,10,exito,15886,2512.15,05,subwp,42,1
2381,goal_239,1,exito,15563,2461.91,05,subwp,42,1
2382,goal_239,2,exito,15561,2461.72,05,subwp,42,1
2383,goal_239,3,exito,15559,2461.52,05,subwp,42,1
2384,goal_239,4,exito,15562,2461.82,05,subwp,42,1
2385,goal_239,5,exito,15561,2427.85,05,subwp,42,1
2386,goal_239,6,col_return,10369,1443.81,05,subwp,42,1
2387,goal_239,7,exito,15554,2462.22,05,subwp,42,1
2388,goal_239,8,exito,15561,2461.72,05,subwp,42,1
2389,goal_239,9,exito,15561,2461.57,05,subwp,42,1
2390,goal_239,10,exito,15559,2461.7,05,subwp,42,1
2391,goal_240,1,exito,15639,2476.09,05,subwp,42,1
2392,goal_240,2,exito,15638,2476.03,05,subwp,42,1
2393,goal_240,3,exito,15639,2475.51,05,subwp,42,1
2394,goal_240,4,col_return,10645,1483.41,05,subwp,42,1
2395,goal_240,5,exito,15631,2476.5,05,subwp,42,1
2396,goal_240,6,exito,15638,2475.85,05,subwp,42,1
2397,goal_240,7,exito,15639,2476.13,05,subwp,42,1
2398,goal_240,8,exito,15638,2476.04,05,subwp,42,1
2399,goal_240,9,exito,15638,2476.48,05,subwp,42,1
2400,goal_240,10,exito,15639,2475.99,05,subwp,42,1
2401,goal_241,1,exito,15362,2431.34,05,subwp,42,1
2402,goal_241,2,exito,15363,2426.77,05,subwp,42,1
2403,goal_241,3,col_return,10406,1445.53,05,subwp,42,1
2404,goal_241,4,exito,15354,2431.81,05,subwp,42,1
2405,goal_241,5,exito,15362,2431.44,05,subwp,42,1
2406,goal_241,6,exito,15363,2431.61,05,subwp,42,1
2407,goal_241,7,exito,15362,2431.24,05,subwp,42,1
2408,goal_241,8,exito,15362,2431.61,05,subwp,42,1
2409,goal_241,9,exito,15362,2431.61,05,subwp,42,1
2410,goal_241,10,exito,15361,2431.44,05,subwp,42,1
2411,goal_242,1,exito,15413,2444.15,05,subwp,42,1
2412,goal_242,2,exito,15414,2444.15,05,subwp,42,1
2413,goal_242,3,exito,15414,2444.17,05,subwp,42,1
2414,goal_242,4,exito,15415,2444.58,05,subwp,42,1
2415,goal_242,5,exito,15413,2438.6,05,subwp,42,1
2416,goal_242,6,col_return,10424,1452.5,05,subwp,42,1
2417,goal_242,7,exito,15407,2444.71,05,subwp,42,1
2418,goal_242,8,exito,15416,2444.54,05,subwp,42,1
2419,goal_242,9,exito,15415,2444.54,05,subwp,42,1
2420,goal_242,10,exito,15413,2444.09,05,subwp,42,1
2421,goal_243,1,exito,15125,2391.72,05,subwp,42,1
2422,goal_243,2,exito,15111,2395.31,05,subwp,42,1
2423,goal_243,3,exito,15111,2395.3,05,subwp,42,1
2424,goal_243,4,exito,15111,2395.88,05,subwp,42,1
2425,goal_243,5,exito,15124,2391.93,05,subwp,42,1
2426,goal_243,6,exito,15124,2391.98,05,subwp,42,1
2427,goal_243,7,exito,15111,2395.85,05,subwp,42,1
2428,goal_243,8,exito,15111,2395.62,05,subwp,42,1
2429,goal_243,9,exito,15124,2392.0,05,subwp,42,1
2430,goal_243,10,exito,15111,2395.33,05,subwp,42,1
2431,goal_244,1,exito,15166,2408.17,05,subwp,42,1
2432,goal_244,2,exito,15168,2408.3,05,subwp,42,1
2433,goal_244,3,exito,15168,2408.52,05,subwp,42,1
2434,goal_244,4,exito,15169,2408.3,05,subwp,42,1
2435,goal_244,5,exito,15167,2408.42,05,subwp,42,1
2436,goal_244,6,exito,15167,2408.04,05,subwp,42,1
2437,goal_244,7,exito,15169,2408.73,05,subwp,42,1
2438,goal_244,8,exito,15168,2408.62,05,subwp,42,1
2439,goal_244,9,exito,15168,2407.84,05,subwp,42,1
2440,goal_244,10,exito,15168,2405.1,05,subwp,42,1
2441,goal_245,1,exito,14849,2361.87,05,subwp,42,1
2442,goal_245,2,exito,14849,2362.33,05,subwp,42,1
2443,goal_245,3,exito,14848,2362.5,05,subwp,42,1
2444,goal_245,4,exito,14850,2362.32,05,subwp,42,1
2445,goal_245,5,exito,14850,2362.31,05,subwp,42,1
2446,goal_245,6,exito,14848,2362.39,05,subwp,42,1
2447,goal_245,7,exito,14850,2362.59,05,subwp,42,1
2448,goal_245,8,exito,14849,2362.37,05,subwp,42,1
2449,goal_245,9,exito,14848,2362.35,05,subwp,42,1
2450,goal_245,10,exito,14849,2362.27,05,subwp,42,1
2451,goal_246,1,exito,14919,2372.16,05,subwp,42,1
2452,goal_246,2,exito,14920,2371.84,05,subwp,42,1
2453,goal_246,3,exito,14920,2371.68,05,subwp,42,1
2454,goal_246,4,exito,14920,2372.11,05,subwp,42,1
2455,goal_246,5,exito,14919,2371.88,05,subwp,42,1
2456,goal_246,6,exito,14919,2371.74,05,subwp,42,1
2457,goal_246,7,exito,14924,2371.95,05,subwp,42,1
2458,goal_246,8,exito,14920,2371.69,05,subwp,42,1
2459,goal_246,9,exito,14918,2372.72,05,subwp,42,1
2460,goal_246,10,exito,14920,2372.03,05,subwp,42,1
2461,goal_247,1,exito,14641,2333.71,05,subwp,42,1
2462,goal_247,2,exito,14642,2334.58,05,subwp,42,1
2463,goal_247,3,exito,14640,2334.14,05,subwp,42,1
2464,goal_247,4,exito,14640,2334.04,05,subwp,42,1
2465,goal_247,5,exito,14641,2334.1,05,subwp,42,1
2466,goal_247,6,exito,14642,2334.45,05,subwp,42,1
2467,goal_247,7,exito,14639,2334.17,05,subwp,42,1
2468,goal_247,8,exito,14639,2315.56,05,subwp,42,1
2469,goal_247,9,col_return,8895,1231.25,05,subwp,42,1
2470,goal_247,10,exito,14633,2334.6,05,subwp,42,1
2471,goal_248,1,exito,14703,2343.57,05,subwp,42,1
2472,goal_248,2,exito,14704,2343.52,05,subwp,42,1
2473,goal_248,3,exito,14702,2343.28,05,subwp,42,1
2474,goal_248,4,col_return,8856,1229.52,05,subwp,42,1
2475,goal_248,5,exito,14697,2344.22,05,subwp,42,1
2476,goal_248,6,exito,14703,2343.71,05,subwp,42,1
2477,goal_248,7,exito,14701,2343.46,05,subwp,42,1
2478,goal_248,8,exito,14702,2343.41,05,subwp,42,1
2479,goal_248,9,exito,14702,2328.1,05,subwp,42,1
2480,goal_248,10,col_return,8919,1238.68,05,subwp,42,1
2481,goal_249,1,exito,14419,2300.69,05,subwp,42,1
2482,goal_249,2,exito,14426,2300.49,05,subwp,42,1
2483,goal_249,3,col_return,8644,1197.14,05,subwp,42,1
2484,goal_249,4,exito,14421,2300.75,05,subwp,42,1
2485,goal_249,5,exito,14426,2300.38,05,subwp,42,1
2486,goal_249,6,col_return,8651,1196.56,05,subwp,42,1
2487,goal_249,7,exito,14421,2300.74,05,subwp,42,1
2488,goal_249,8,exito,14426,2300.05,05,subwp,42,1
2489,goal_249,9,col_return,8653,1195.64,05,subwp,42,1
2490,goal_249,10,exito,14421,2300.84,05,subwp,42,1
2491,goal_250,1,exito,14456,2309.3,05,subwp,42,1
2492,goal_250,2,col_return,8645,1200.1,05,subwp,42,1
2493,goal_250,3,exito,14450,2309.75,05,subwp,42,1
2494,goal_250,4,exito,14456,2309.34,05,subwp,42,1
2495,goal_250,5,col_return,8621,1194.52,05,subwp,42,1
2496,goal_250,6,exito,14449,2309.54,05,subwp,42,1
2497,goal_250,7,exito,14456,2309.17,05,subwp,42,1
2498,goal_250,8,col_return,8610,1194.9,05,subwp,42,1
2499,goal_250,9,exito,14448,2309.28,05,subwp,42,1
2500,goal_250,10,exito,14457,2309.18,05,subwp,42,1
2501,goal_251,1,col_return,8467,1179.46,05,subwp,42,1
2502,goal_251,2,exito,14198,2278.23,05,subwp,42,1
2503,goal_251,3,col_return,8391,1165.86,05,subwp,42,1
2504,goal_251,4,exito,14199,2278.56,05,subwp,42,1
2505,goal_251,5,col_return,8361,1159.05,05,subwp,42,1
2506,goal_251,6,exito,14196,2277.96,05,subwp,42,1
2507,goal_251,7,exito,14204,2181.09,05,subwp,42,1
2508,goal_251,8,col_return,8712,1215.23,05,subwp,42,1
2509,goal_251,9,exito,14197,2278.51,05,subwp,42,1
2510,goal_251,10,col_return,8509,1183.9,05,subwp,42,1
2511,goal_252,1,exito,14228,2280.42,05,subwp,42,1
2512,goal_252,2,col_return,8395,1171.19,05,subwp,42,1
2513,goal_252,3,exito,14228,2279.91,05,subwp,42,1
2514,goal_252,4,exito,14235,2204.3,05,subwp,42,1
2515,goal_252,5,col_return,8714,1215.08,05,subwp,42,1
2516,goal_252,6,exito,14227,2281.32,05,subwp,42,1
2517,goal_252,7,col_return,8494,1181.34,05,subwp,42,1
2518,goal_252,8,exito,14227,2279.87,05,subwp,42,1
2519,goal_252,9,col_return,8390,1166.01,05,subwp,42,1
2520,goal_252,10,exito,14227,2279.75,05,subwp,42,1
2521,goal_253,1,exito,14568,2331.99,05,subwp,42,1
2522,goal_253,2,col_return,8733,1206.9,05,subwp,42,1
2523,goal_253,3,exito,14561,2310.79,05,subwp,42,1
2524,goal_253,4,exito,14570,2332.13,05,subwp,42,1
2525,goal_253,5,exito,14567,2332.09,05,subwp,42,1
2526,goal_253,6,col_return,8745,1217.5,05,subwp,42,1
2527,goal_253,7,exito,14563,2318.15,05,subwp,42,1
2528,goal_253,8,exito,14568,2332.12,05,subwp,42,1
2529,goal_253,9,exito,14568,2332.31,05,subwp,42,1
2530,goal_253,10,col_return,8772,1222.74,05,subwp,42,1
2531,goal_254,1,exito,14497,2311.1,05,subwp,42,1
2532,goal_254,2,exito,14504,2323.34,05,subwp,42,1
2533,goal_254,3,exito,14504,2273.11,05,subwp,42,1
2534,goal_254,4,col_return,8849,1237.36,05,subwp,42,1
2535,goal_254,5,exito,14498,2320.22,05,subwp,42,1
2536,goal_254,6,exito,14504,2323.17,05,subwp,42,1
2537,goal_254,7,col_return,8671,1207.42,05,subwp,42,1
2538,goal_254,8,exito,14497,2307.99,05,subwp,42,1
2539,goal_254,9,exito,14503,2322.91,05,subwp,42,1
2540,goal_254,10,exito,14504,2299.9,05,subwp,42,1
2541,goal_255,1,col_return,8944,1249.14,05,subwp,42,1
2542,goal_255,2,exito,14738,2344.95,05,subwp,42,1
2543,goal_255,3,exito,14746,2354.08,05,subwp,42,1
2544,goal_255,4,exito,14745,2355.61,05,subwp,42,1
2545,goal_255,5,exito,14745,2355.09,05,subwp,42,1
2546,goal_255,6,exito,14745,2355.45,05,subwp,42,1
2547,goal_255,7,exito,14745,2190.66,05,subwp,42,1
2548,goal_255,8,col_return,8986,1257.68,05,subwp,42,1
2549,goal_255,9,exito,14738,2347.91,05,subwp,42,1
2550,goal_255,10,exito,14745,2354.74,05,subwp,42,1
2551,goal_256,1,exito,14674,2340.4,05,subwp,42,1
2552,goal_256,2,exito,14677,2340.88,05,subwp,42,1
2553,goal_256,3,exito,14675,2180.28,05,subwp,42,1
2554,goal_256,4,col_return,8960,1242.56,05,subwp,42,1
2555,goal_256,5,exito,14666,2334.85,05,subwp,42,1
2556,goal_256,6,exito,14677,2340.73,05,subwp,42,1
2557,goal_256,7,exito,14673,2340.06,05,subwp,42,1
2558,goal_256,8,exito,14676,2340.74,05,subwp,42,1
2559,goal_256,9,col_return,8876,1233.73,05,subwp,42,1
2560,goal_256,10,exito,14666,2329.5,05,subwp,42,1
2561,goal_257,1,exito,15045,2377.64,05,subwp,42,1
2562,goal_257,2,exito,15042,2376.7,05,subwp,42,1
2563,goal_257,3,exito,15038,2376.42,05,subwp,42,1
2564,goal_257,4,exito,15042,2375.34,05,subwp,42,1
2565,goal_257,5,exito,15046,2374.82,05,subwp,42,1
2566,goal_257,6,exito,15043,2373.24,05,subwp,42,1
2567,goal_257,7,exito,15041,2371.55,05,subwp,42,1
2568,goal_257,8,exito,15046,2368.7,05,subwp,42,1
2569,goal_257,9,exito,15046,2364.39,05,subwp,42,1
2570,goal_257,10,exito,15046,2358.44,05,subwp,42,1
2571,goal_258,1,exito,14935,2346.4,05,subwp,42,1
2572,goal_258,2,exito,14935,2356.69,05,subwp,42,1
2573,goal_258,3,exito,14934,2363.61,05,subwp,42,1
2574,goal_258,4,exito,14933,2368.09,05,subwp,42,1
2575,goal_258,5,exito,14935,2370.39,05,subwp,42,1
2576,goal_258,6,exito,14936,2372.04,05,subwp,42,1
2577,goal_258,7,exito,14934,2372.86,05,subwp,42,1
2578,goal_258,8,exito,14934,2373.69,05,subwp,42,1
2579,goal_258,9,exito,14934,2374.27,05,subwp,42,1
2580,goal_258,10,exito,14934,2374.07,05,subwp,42,1
2581,goal_259,1,exito,15247,2411.91,05,subwp,42,1
2582,goal_259,2,exito,15248,2411.05,05,subwp,42,1
2583,goal_259,3,exito,15250,2403.44,05,subwp,42,1
2584,goal_259,4,col_approach,2891,244.93,05,subwp,42,1
2585,goal_259,5,exito,15240,2412.47,05,subwp,42,1
2586,goal_259,6,exito,15249,2411.16,05,subwp,42,1
2587,goal_259,7,exito,15247,2401.85,05,subwp,42,1
2588,goal_259,8,col_return,10319,1426.04,05,subwp,42,1
2589,goal_259,9,exito,15243,2412.5,05,subwp,42,1
2590,goal_259,10,exito,15249,2412.15,05,subwp,42,1
2591,goal_260,1,exito,15185,2410.83,05,subwp,42,1
2592,goal_260,2,exito,15184,2408.33,05,subwp,42,1
2593,goal_260,3,exito,15182,2396.51,05,subwp,42,1
2594,goal_260,4,col_approach,2906,241.6,05,subwp,42,1
2595,goal_260,5,exito,15177,2411.87,05,subwp,42,1
2596,goal_260,6,exito,15184,2411.35,05,subwp,42,1
2597,goal_260,7,exito,15184,2409.57,05,subwp,42,1
2598,goal_260,8,exito,15184,2401.24,05,subwp,42,1
2599,goal_260,9,exito,15183,2376.6,05,subwp,42,1
2600,goal_260,10,col_return,10178,1421.48,05,subwp,42,1
2601,goal_261,1,exito,15465,2441.95,05,subwp,42,1
2602,goal_261,2,exito,15464,2441.32,05,subwp,42,1
2603,goal_261,3,exito,15464,2406.61,05,subwp,42,1
2604,goal_261,4,exito,15471,2434.08,05,subwp,42,1
2605,goal_261,5,exito,15470,2441.81,05,subwp,42,1
2606,goal_261,6,col_approach,2833,220.53,05,subwp,42,1
2607,goal_261,7,col_return,10144,1402.76,05,subwp,42,1
2608,goal_261,8,exito,15465,2441.91,05,subwp,42,1
2609,goal_261,9,exito,15470,2430.11,05,subwp,42,1
2610,goal_261,10,exito,15472,2418.69,05,subwp,42,1
2611,goal_262,1,exito,15395,2444.0,05,subwp,42,1
2612,goal_262,2,exito,15394,2441.35,05,subwp,42,1
2613,goal_262,3,exito,15395,2434.7,05,subwp,42,1
2614,goal_262,4,exito,15394,2444.1,05,subwp,42,1
2615,goal_262,5,exito,15394,2444.01,05,subwp,42,1
2616,goal_262,6,exito,15392,2443.87,05,subwp,42,1
2617,goal_262,7,exito,15394,2441.17,05,subwp,42,1
2618,goal_262,8,col_return,10458,1457.25,05,subwp,42,1
2619,goal_262,9,exito,15388,2444.5,05,subwp,42,1
2620,goal_262,10,exito,15392,2443.93,05,subwp,42,1
2621,goal_263,1,exito,15697,2470.88,05,subwp,42,1
2622,goal_263,2,exito,15698,2472.78,05,subwp,42,1
2623,goal_263,3,exito,15697,2475.16,05,subwp,42,1
2624,goal_263,4,exito,15697,2478.66,05,subwp,42,1
2625,goal_263,5,exito,15698,2478.56,05,subwp,42,1
2626,goal_263,6,col_return,10732,1492.11,05,subwp,42,1
2627,goal_263,7,exito,15689,2478.9,05,subwp,42,1
2628,goal_263,8,exito,15697,2475.0,05,subwp,42,1
2629,goal_263,9,exito,15698,2467.72,05,subwp,42,1
2630,goal_263,10,exito,15697,2478.35,05,subwp,42,1
2631,goal_264,1,exito,15646,2479.05,05,subwp,42,1
2632,goal_264,2,exito,15642,2478.86,05,subwp,42,1
2633,goal_264,3,exito,15645,2464.66,05,subwp,42,1
2634,goal_264,4,col_return,10471,1464.06,05,subwp,42,1
2635,goal_264,5,exito,15637,2479.26,05,subwp,42,1
2636,goal_264,6,exito,15645,2465.89,05,subwp,42,1
2637,goal_264,7,exito,15644,2473.61,05,subwp,42,1
2638,goal_264,8,exito,15645,2478.81,05,subwp,42,1
2639,goal_264,9,exito,15645,2479.16,05,subwp,42,1
2640,goal_264,10,exito,15643,2478.92,05,subwp,42,1
2641,goal_265,1,col_return,10964,1516.61,05,subwp,42,1
2642,goal_265,2,exito,15933,2509.69,05,subwp,42,1
2643,goal_265,3,exito,15942,2476.78,05,subwp,42,1
2644,goal_265,4,exito,15941,2509.08,05,subwp,42,1
2645,goal_265,5,exito,15940,2509.46,05,subwp,42,1
2646,goal_265,6,exito,15940,2494.5,05,subwp,42,1
2647,goal_265,7,col_return,10626,1471.77,05,subwp,42,1
2648,goal_265,8,exito,15934,2509.63,05,subwp,42,1
2649,goal_265,9,exito,15944,2484.26,05,subwp,42,1
2650,goal_265,10,exito,15945,2496.67,05,subwp,42,1
2651,goal_266,1,exito,15862,2512.38,05,subwp,42,1
2652,goal_266,2,col_return,10961,1514.87,05,subwp,42,1
2653,goal_266,3,exito,15855,2512.57,05,subwp,42,1
2654,goal_266,4,exito,15861,2496.76,05,subwp,42,1
2655,goal_266,5,exito,15862,2511.68,05,subwp,42,1
2656,goal_266,6,exito,15861,2506.53,05,subwp,42,1
2657,goal_266,7,exito,15862,2512.1,05,subwp,42,1
2658,goal_266,8,col_return,10791,1510.88,05,subwp,42,1
2659,goal_266,9,exito,15854,2512.53,05,subwp,42,1
2660,goal_266,10,exito,15862,2479.93,05,subwp,42,1
2661,goal_267,1,exito,16169,2547.09,05,subwp,42,1
2662,goal_267,2,exito,16178,2546.03,05,subwp,42,1
2663,goal_267,3,col_return,11013,1534.74,05,subwp,42,1
2664,goal_267,4,exito,16162,2547.81,05,subwp,42,1
2665,goal_267,5,exito,16167,2531.11,05,subwp,42,1
2666,goal_267,6,exito,16170,2523.5,05,subwp,42,1
2667,goal_267,7,exito,16173,2512.84,05,subwp,42,1
2668,goal_267,8,col_return,10670,1484.81,05,subwp,42,1
2669,goal_267,9,exito,16162,2547.27,05,subwp,42,1
2670,goal_267,10,exito,16170,2546.72,05,subwp,42,1
2671,goal_268,1,exito,16113,2548.16,05,subwp,42,1
2672,goal_268,2,col_return,11087,1553.65,05,subwp,42,1
2673,goal_268,3,exito,16107,2548.61,05,subwp,42,1
2674,goal_268,4,col_approach,2834,235.5,05,subwp,42,1
2675,goal_268,5,col_return,11062,1553.24,05,subwp,42,1
2676,goal_268,6,exito,16106,2548.54,05,subwp,42,1
2677,goal_268,7,col_approach,2832,235.11,05,subwp,42,1
2678,goal_268,8,col_return,11066,1551.55,05,subwp,42,1
2679,goal_268,9,exito,16106,2548.55,05,subwp,42,1
2680,goal_268,10,col_approach,2838,226.31,05,subwp,42,1
2681,goal_269,1,col_return,11213,1564.48,05,subwp,42,1
2682,goal_269,2,exito,16421,2583.24,05,subwp,42,1
2683,goal_269,3,exito,16427,2581.83,05,subwp,42,1
2684,goal_269,4,exito,16428,2580.29,05,subwp,42,1
2685,goal_269,5,col_return,10973,1522.76,05,subwp,42,1
2686,goal_269,6,exito,16420,2583.32,05,subwp,42,1
2687,goal_269,7,exito,16428,2583.09,05,subwp,42,1
2688,goal_269,8,exito,16427,2562.98,05,subwp,42,1
2689,goal_269,9,col_return,10848,1507.38,05,subwp,42,1
2690,goal_269,10,exito,16421,2581.54,05,subwp,42,1
2691,goal_270,1,exito,16376,2586.01,05,subwp,42,1
2692,goal_270,2,exito,16378,2562.67,05,subwp,42,1
2693,goal_270,3,col_return,10797,1515.42,05,subwp,42,1
2694,goal_270,4,exito,16367,2584.9,05,subwp,42,1
2695,goal_270,5,exito,16374,2586.21,05,subwp,42,1
2696,goal_270,6,exito,16374,2572.4,05,subwp,42,1
2697,goal_270,7,col_return,10852,1516.14,05,subwp,42,1
2698,goal_270,8,exito,16367,2585.4,05,subwp,42,1
2699,goal_270,9,exito,16378,2586.64,05,subwp,42,1
2700,goal_270,10,exito,16378,2575.3,05,subwp,42,1
2701,goal_271,1,col_return,10990,1529.19,05,subwp,42,1
2702,goal_271,2,exito,16629,2614.37,05,subwp,42,1
2703,goal_271,3,exito,16636,2561.21,05,subwp,42,1
2704,goal_271,4,col_return,11359,1589.12,05,subwp,42,1
2705,goal_271,5,exito,16628,2618.12,05,subwp,42,1
2706,goal_271,6,exito,16637,2617.69,05,subwp,42,1
2707,goal_271,7,col_return,11548,1611.53,05,subwp,42,1
2708,goal_271,8,exito,16631,2618.52,05,subwp,42,1
2709,goal_271,9,exito,16634,2617.41,05,subwp,42,1
2710,goal_271,10,col_return,11631,1631.64,05,subwp,42,1
2711,goal_272,1,exito,16576,2617.91,05,subwp,42,1
2712,goal_272,2,exito,16583,2615.83,05,subwp,42,1
2713,goal_272,3,exito,16580,2598.06,05,subwp,42,1
2714,goal_272,4,col_return,10919,1533.59,05,subwp,42,1
2715,goal_272,5,exito,16574,2614.77,05,subwp,42,1
2716,goal_272,6,exito,16582,2595.69,05,subwp,42,1
2717,goal_272,7,col_return,11383,1600.28,05,subwp,42,1
2718,goal_272,8,exito,16576,2617.93,05,subwp,42,1
2719,goal_272,9,exito,16583,2617.58,05,subwp,42,1
2720,goal_272,10,col_return,11609,1631.57,05,subwp,42,1
2721,goal_273,1,exito,16893,2652.21,05,subwp,42,1
2722,goal_273,2,exito,16895,2651.87,05,subwp,42,1
2723,goal_273,3,col_return,11571,1612.51,05,subwp,42,1
2724,goal_273,4,exito,16892,2652.04,05,subwp,42,1
2725,goal_273,5,exito,16899,2632.39,05,subwp,42,1
2726,goal_273,6,col_return,11383,1587.14,05,subwp,42,1
2727,goal_273,7,exito,16892,2651.23,05,subwp,42,1
2728,goal_273,8,col_approach,2831,216.03,05,subwp,42,1
2729,goal_273,9,exito,16891,2651.96,05,subwp,42,1
2730,goal_273,10,exito,16894,2651.41,05,subwp,42,1
2731,goal_274,1,exito,16846,2652.98,05,subwp,42,1
2732,goal_274,2,col_return,11741,1651.76,05,subwp,42,1
2733,goal_274,3,exito,16839,2656.02,05,subwp,42,1
2734,goal_274,4,exito,16845,2656.04,05,subwp,42,1
2735,goal_274,5,col_return,11526,1618.84,05,subwp,42,1
2736,goal_274,6,exito,16841,2656.11,05,subwp,42,1
2737,goal_274,7,exito,16846,2650.43,05,subwp,42,1
2738,goal_274,8,col_return,11414,1603.21,05,subwp,42,1
2739,goal_274,9,exito,16840,2656.47,05,subwp,42,1
2740,goal_274,10,exito,16859,2594.08,05,subwp,42,1
2741,goal_275,1,col_return,11493,1604.21,05,subwp,42,1
2742,goal_275,2,exito,17100,2683.63,05,subwp,42,1
2743,goal_275,3,exito,17108,2652.35,05,subwp,42,1
2744,goal_275,4,exito,17104,2685.95,05,subwp,42,1
2745,goal_275,5,exito,17113,2684.95,05,subwp,42,1
2746,goal_275,6,exito,17109,2683.66,05,subwp,42,1
2747,goal_275,7,col_return,11719,1642.52,05,subwp,42,1
2748,goal_275,8,exito,17100,2686.67,05,subwp,42,1
2749,goal_275,9,exito,17104,2653.81,05,subwp,42,1
2750,goal_275,10,col_return,11264,1572.37,05,subwp,42,1
2751,goal_276,1,exito,17044,2670.4,05,subwp,42,1
2752,goal_276,2,col_return,12080,1699.1,05,subwp,42,1
2753,goal_276,3,exito,17045,2687.66,05,subwp,42,1
2754,goal_276,4,exito,17052,2686.98,05,subwp,42,1
2755,goal_276,5,col_return,11482,1617.33,05,subwp,42,1
2756,goal_276,6,exito,17046,2686.24,05,subwp,42,1
2757,goal_276,7,exito,17051,2674.44,05,subwp,42,1
2758,goal_276,8,col_return,11199,1572.25,05,subwp,42,1
2759,goal_276,9,exito,17048,2668.63,05,subwp,42,1
2760,goal_276,10,col_return,12076,1697.59,05,subwp,42,1
2761,goal_277,1,exito,16680,2623.79,05,subwp,42,1
2762,goal_277,2,exito,16686,2623.87,05,subwp,42,1
2763,goal_277,3,col_return,11663,1633.65,05,subwp,42,1
2764,goal_277,4,exito,16680,2623.26,05,subwp,42,1
2765,goal_277,5,exito,16687,2623.35,05,subwp,42,1
2766,goal_277,6,col_return,11655,1627.0,05,subwp,42,1
2767,goal_277,7,exito,16681,2624.01,05,subwp,42,1
2768,goal_277,8,exito,16687,2622.81,05,subwp,42,1
2769,goal_277,9,col_return,11635,1626.54,05,subwp,42,1
2770,goal_277,10,exito,16679,2623.45,05,subwp,42,1
2771,goal_278,1,exito,16705,2623.93,05,subwp,42,1
2772,goal_278,2,col_return,11639,1622.94,05,subwp,42,1
2773,goal_278,3,exito,16695,2625.36,05,subwp,42,1
2774,goal_278,4,exito,16703,2624.77,05,subwp,42,1
2775,goal_278,5,col_return,11612,1625.55,05,subwp,42,1
2776,goal_278,6,exito,16699,2625.04,05,subwp,42,1
2777,goal_278,7,exito,16706,2625.17,05,subwp,42,1
2778,goal_278,8,col_return,11608,1621.43,05,subwp,42,1
2779,goal_278,9,exito,16698,2625.22,05,subwp,42,1
2780,goal_278,10,exito,16703,2624.57,05,subwp,42,1
2781,goal_279,1,col_return,11545,1611.61,05,subwp,42,1
2782,goal_279,2,exito,16578,2609.51,05,subwp,42,1
2783,goal_279,3,exito,16588,2609.55,05,subwp,42,1
2784,goal_279,4,exito,16588,2579.33,05,subwp,42,1
2785,goal_279,5,col_return,10891,1516.14,05,subwp,42,1
2786,goal_279,6,exito,16578,2610.1,05,subwp,42,1
2787,goal_279,7,exito,16584,2609.3,05,subwp,42,1
2788,goal_279,8,col_return,11358,1587.1,05,subwp,42,1
2789,goal_279,9,exito,16577,2609.62,05,subwp,42,1
2790,goal_279,10,exito,16585,2609.46,05,subwp,42,1
2791,goal_280,1,col_return,11608,1625.32,05,subwp,42,1
2792,goal_280,2,exito,16602,2612.58,05,subwp,42,1
2793,goal_280,3,exito,16609,2612.14,05,subwp,42,1
2794,goal_280,4,exito,16612,2578.98,05,subwp,42,1
2795,goal_280,5,col_return,10891,1516.61,05,subwp,42,1
2796,goal_280,6,exito,16604,2612.41,05,subwp,42,1
2797,goal_280,7,exito,16610,2612.26,05,subwp,42,1
2798,goal_280,8,col_return,11336,1581.1,05,subwp,42,1
2799,goal_280,9,exito,16606,2612.48,05,subwp,42,1
2800,goal_280,10,exito,16608,2611.91,05,subwp,42,1
2801,goal_281,1,exito,16330,2540.45,05,subwp,42,1
2802,goal_281,2,col_return,10760,1501.45,05,subwp,42,1
2803,goal_281,3,exito,16322,2575.48,05,subwp,42,1
2804,goal_281,4,exito,16331,2574.37,05,subwp,42,1
2805,goal_281,5,exito,16328,2569.42,05,subwp,42,1
2806,goal_281,6,col_return,10880,1518.67,05,subwp,42,1
2807,goal_281,7,exito,16321,2575.07,05,subwp,42,1
2808,goal_281,8,exito,16328,2574.36,05,subwp,42,1
2809,goal_281,9,exito,16332,2573.37,05,subwp,42,1
2810,goal_281,10,col_return,10955,1531.26,05,subwp,42,1
2811,goal_282,1,exito,16347,2577.59,05,subwp,42,1
2812,goal_282,2,exito,16353,2577.38,05,subwp,42,1
2813,goal_282,3,exito,16353,2575.81,05,subwp,42,1
2814,goal_282,4,col_return,10956,1530.71,05,subwp,42,1
2815,goal_282,5,exito,16345,2577.28,05,subwp,42,1
2816,goal_282,6,exito,16354,2577.42,05,subwp,42,1
2817,goal_282,7,exito,16351,2575.31,05,subwp,42,1
2818,goal_282,8,col_return,10950,1530.1,05,subwp,42,1
2819,goal_282,9,exito,16346,2577.88,05,subwp,42,1
2820,goal_282,10,exito,16352,2576.76,05,subwp,42,1
2821,goal_283,1,exito,16084,2539.05,05,subwp,42,1
2822,goal_283,2,col_return,10946,1530.62,05,subwp,42,1
2823,goal_283,3,exito,16076,2539.03,05,subwp,42,1
2824,goal_283,4,exito,16083,2538.76,05,subwp,42,1
2825,goal_283,5,exito,16083,2539.08,05,subwp,42,1
2826,goal_283,6,exito,16082,2536.84,05,subwp,42,1
2827,goal_283,7,col_return,10808,1508.43,05,subwp,42,1
2828,goal_283,8,exito,16076,2539.15,05,subwp,42,1
2829,goal_283,9,exito,16082,2538.63,05,subwp,42,1
2830,goal_283,10,exito,16084,2538.89,05,subwp,42,1
2831,goal_284,1,exito,16107,2533.57,05,subwp,42,1
2832,goal_284,2,col_return,10748,1495.28,05,subwp,42,1
2833,goal_284,3,exito,16099,2542.17,05,subwp,42,1
2834,goal_284,4,exito,16107,2541.11,05,subwp,42,1
2835,goal_284,5,exito,16106,2541.17,05,subwp,42,1
2836,goal_284,6,exito,16108,2514.11,05,subwp,42,1
2837,goal_284,7,col_return,10660,1483.02,05,subwp,42,1
2838,goal_284,8,exito,16101,2542.07,05,subwp,42,1
2839,goal_284,9,exito,16108,2542.47,05,subwp,42,1
2840,goal_284,10,exito,16106,2542.05,05,subwp,42,1
2841,goal_285,1,exito,15857,2497.16,05,subwp,42,1
2842,goal_285,2,col_return,10619,1479.15,05,subwp,42,1
2843,goal_285,3,exito,15849,2506.83,05,subwp,42,1
2844,goal_285,4,exito,15857,2506.78,05,subwp,42,1
2845,goal_285,5,exito,15859,2506.94,05,subwp,42,1
2846,goal_285,6,exito,15857,2506.95,05,subwp,42,1
2847,goal_285,7,exito,15858,2502.68,05,subwp,42,1
2848,goal_285,8,col_return,10656,1490.75,05,subwp,42,1
2849,goal_285,9,exito,15851,2507.53,05,subwp,42,1
2850,goal_285,10,exito,15857,2506.69,05,subwp,42,1
2851,goal_286,1,exito,15882,2509.57,05,subwp,42,1
2852,goal_286,2,exito,15882,2509.82,05,subwp,42,1
2853,goal_286,3,exito,15885,2505.35,05,subwp,42,1
2854,goal_286,4,col_return,10665,1488.35,05,subwp,42,1
2855,goal_286,5,exito,15876,2510.0,05,subwp,42,1
2856,goal_286,6,exito,15882,2509.61,05,subwp,42,1
2857,goal_286,7,exito,15881,2509.84,05,subwp,42,1
2858,goal_286,8,exito,15883,2510.42,05,subwp,42,1
2859,goal_286,9,exito,15883,2500.61,05,subwp,42,1
2860,goal_286,10,col_return,10625,1481.24,05,subwp,42,1
2861,goal_287,1,exito,15622,2472.28,05,subwp,42,1
2862,goal_287,2,exito,15643,2469.06,05,subwp,42,1
2863,goal_287,3,exito,15629,2472.11,05,subwp,42,1
2864,goal_287,4,exito,15644,2468.6,05,subwp,42,1
2865,goal_287,5,exito,15641,2468.97,05,subwp,42,1
2866,goal_287,6,exito,15628,2471.88,05,subwp,42,1
2867,goal_287,7,exito,15629,2456.99,05,subwp,42,1
2868,goal_287,8,col_return,10461,1457.54,05,subwp,42,1
2869,goal_287,9,exito,15622,2472.27,05,subwp,42,1
2870,goal_287,10,exito,15642,2468.7,05,subwp,42,1
2871,goal_288,1,exito,15638,2474.45,05,subwp,42,1
2872,goal_288,2,exito,15637,2473.85,05,subwp,42,1
2873,goal_288,3,exito,15638,2474.63,05,subwp,42,1
2874,goal_288,4,exito,15637,2474.1,05,subwp,42,1
2875,goal_288,5,exito,15636,2465.61,05,subwp,42,1
2876,goal_288,6,col_return,10510,1466.81,05,subwp,42,1
2877,goal_288,7,exito,15630,2474.57,05,subwp,42,1
2878,goal_288,8,exito,15639,2474.27,05,subwp,42,1
2879,goal_288,9,exito,15637,2474.28,05,subwp,42,1
2880,goal_288,10,exito,15637,2475.2,05,subwp,42,1
2881,goal_289,1,exito,15394,2439.84,05,subwp,42,1
2882,goal_289,2,exito,15393,2440.08,05,subwp,42,1
2883,goal_289,3,exito,15392,2439.87,05,subwp,42,1
2884,goal_289,4,exito,15391,2440.23,05,subwp,42,1
2885,goal_289,5,exito,15394,2429.85,05,subwp,42,1
2886,goal_289,6,col_return,10378,1448.23,05,subwp,42,1
2887,goal_289,7,exito,15385,2440.42,05,subwp,42,1
2888,goal_289,8,exito,15394,2439.66,05,subwp,42,1
2889,goal_289,9,exito,15394,2440.15,05,subwp,42,1
2890,goal_289,10,exito,15394,2440.41,05,subwp,42,1
2891,goal_290,1,exito,15415,2442.86,05,subwp,42,1
2892,goal_290,2,exito,15414,2442.78,05,subwp,42,1
2893,goal_290,3,exito,15415,2442.81,05,subwp,42,1
2894,goal_290,4,exito,15415,2443.14,05,subwp,42,1
2895,goal_290,5,exito,15415,2442.93,05,subwp,42,1
2896,goal_290,6,exito,15415,2442.72,05,subwp,42,1
2897,goal_290,7,exito,15415,2439.28,05,subwp,42,1
2898,goal_290,8,col_return,10458,1456.98,05,subwp,42,1
2899,goal_290,9,exito,15407,2442.9,05,subwp,42,1
2900,goal_290,10,exito,15414,2442.48,05,subwp,42,1
2901,goal_291,1,exito,15155,2405.19,05,subwp,42,1
2902,goal_291,2,exito,15154,2404.84,05,subwp,42,1
2903,goal_291,3,exito,15155,2405.02,05,subwp,42,1
2904,goal_291,4,exito,15155,2405.0,05,subwp,42,1
2905,goal_291,5,exito,15155,2404.91,05,subwp,42,1
2906,goal_291,6,exito,15155,2404.63,05,subwp,42,1
2907,goal_291,7,exito,15153,2404.59,05,subwp,42,1
2908,goal_291,8,exito,15155,2404.78,05,subwp,42,1
2909,goal_291,9,exito,15155,2405.1,05,subwp,42,1
2910,goal_291,10,exito,15154,2404.68,05,subwp,42,1
2911,goal_292,1,exito,15167,2407.01,05,subwp,42,1
2912,goal_292,2,exito,15169,2407.04,05,subwp,42,1
2913,goal_292,3,exito,15168,2407.12,05,subwp,42,1
2914,goal_292,4,exito,15169,2407.11,05,subwp,42,1
2915,goal_292,5,exito,15167,2407.48,05,subwp,42,1
2916,goal_292,6,exito,15168,2406.87,05,subwp,42,1
2917,goal_292,7,exito,15168,2407.09,05,subwp,42,1
2918,goal_292,8,exito,15169,2407.43,05,subwp,42,1
2919,goal_292,9,exito,15168,2406.63,05,subwp,42,1
2920,goal_292,10,exito,15168,2406.64,05,subwp,42,1
2921,goal_293,1,exito,14899,2367.28,05,subwp,42,1
2922,goal_293,2,exito,14900,2367.65,05,subwp,42,1
2923,goal_293,3,exito,14899,2367.17,05,subwp,42,1
2924,goal_293,4,exito,14899,2367.32,05,subwp,42,1
2925,goal_293,5,exito,14897,2366.99,05,subwp,42,1
2926,goal_293,6,exito,14898,2366.86,05,subwp,42,1
2927,goal_293,7,exito,14899,2367.29,05,subwp,42,1
2928,goal_293,8,exito,14900,2367.67,05,subwp,42,1
2929,goal_293,9,exito,14897,2367.31,05,subwp,42,1
2930,goal_293,10,exito,14898,2367.13,05,subwp,42,1
2931,goal_294,1,exito,14944,2374.02,05,subwp,42,1
2932,goal_294,2,exito,14942,2374.73,05,subwp,42,1
2933,goal_294,3,exito,14942,2373.96,05,subwp,42,1
2934,goal_294,4,exito,14942,2373.91,05,subwp,42,1
2935,goal_294,5,exito,14943,2374.45,05,subwp,42,1
2936,goal_294,6,exito,14942,2374.35,05,subwp,42,1
2937,goal_294,7,exito,14942,2374.53,05,subwp,42,1
2938,goal_294,8,exito,14943,2374.48,05,subwp,42,1
2939,goal_294,9,exito,14943,2374.31,05,subwp,42,1
2940,goal_294,10,exito,14943,2374.35,05,subwp,42,1
2941,goal_295,1,exito,14679,2339.78,05,subwp,42,1
2942,goal_295,2,exito,14680,2339.54,05,subwp,42,1
2943,goal_295,3,exito,14682,2339.93,05,subwp,42,1
2944,goal_295,4,exito,14681,2339.46,05,subwp,42,1
2945,goal_295,5,exito,14680,2339.58,05,subwp,42,1
2946,goal_295,6,exito,14681,2339.64,05,subwp,42,1
2947,goal_295,7,exito,14681,2339.97,05,subwp,42,1
2948,goal_295,8,exito,14682,2339.73,05,subwp,42,1
2949,goal_295,9,exito,14684,2340.46,05,subwp,42,1
2950,goal_295,10,exito,14682,2251.78,05,subwp,42,1
2951,goal_296,1,col_return,8975,1248.7,05,subwp,42,1
2952,goal_296,2,exito,14734,2349.41,05,subwp,42,1
2953,goal_296,3,exito,14743,2348.95,05,subwp,42,1
2954,goal_296,4,exito,14743,2348.85,05,subwp,42,1
2955,goal_296,5,exito,14744,2349.45,05,subwp,42,1
2956,goal_296,6,exito,14744,2349.51,05,subwp,42,1
2957,goal_296,7,col_return,8889,1233.31,05,subwp,42,1
2958,goal_296,8,exito,14737,2349.68,05,subwp,42,1
2959,goal_296,9,exito,14744,2349.55,05,subwp,42,1
2960,goal_296,10,exito,14743,2349.19,05,subwp,42,1
2961,goal_297,1,exito,14478,2308.64,05,subwp,42,1
2962,goal_297,2,col_return,8705,1204.54,05,subwp,42,1
2963,goal_297,3,exito,14470,2309.18,05,subwp,42,1
2964,goal_297,4,exito,14479,2308.75,05,subwp,42,1
2965,goal_297,5,col_return,8625,1194.52,05,subwp,42,1
2966,goal_297,6,exito,14468,2309.15,05,subwp,42,1
2967,goal_297,7,exito,14477,2308.46,05,subwp,42,1
2968,goal_297,8,exito,14478,2206.83,05,subwp,42,1
2969,goal_297,9,col_return,8841,1225.79,05,subwp,42,1
2970,goal_297,10,exito,14469,2309.36,05,subwp,42,1
2971,goal_298,1,exito,14516,2318.67,05,subwp,42,1
2972,goal_298,2,col_return,8705,1207.33,05,subwp,42,1
2973,goal_298,3,exito,14516,2319.01,05,subwp,42,1
2974,goal_298,4,exito,14517,2318.4,05,subwp,42,1
2975,goal_298,5,exito,14523,2307.06,05,subwp,42,1
2976,goal_298,6,col_return,8822,1225.84,05,subwp,42,1
2977,goal_298,7,exito,14512,2319.21,05,subwp,42,1
2978,goal_298,8,exito,14516,2318.22,05,subwp,42,1
2979,goal_298,9,exito,14519,2102.57,05,subwp,42,1
2980,goal_298,10,col_return,8880,1235.2,05,subwp,42,1
2981,goal_299,1,exito,14283,2284.07,05,subwp,42,1
2982,goal_299,2,col_return,8433,1171.7,05,subwp,42,1
2983,goal_299,3,exito,14283,2284.24,05,subwp,42,1
2984,goal_299,4,exito,14292,2284.47,05,subwp,42,1
2985,goal_299,5,col_return,8685,1203.28,05,subwp,42,1
2986,goal_299,6,exito,14283,2284.64,05,subwp,42,1
2987,goal_299,7,col_return,8446,1173.13,05,subwp,42,1
2988,goal_299,8,exito,14283,2284.99,05,subwp,42,1
2989,goal_299,9,exito,14290,2282.75,05,subwp,42,1
2990,goal_299,10,col_return,8690,1204.06,05,subwp,42,1
2991,goal_300,1,exito,14307,2293.41,05,subwp,42,1
2992,goal_300,2,col_return,8491,1166.14,05,subwp,42,1
2993,goal_300,3,exito,14306,2293.18,05,subwp,42,1
2994,goal_300,4,exito,14313,2292.6,05,subwp,42,1
2995,goal_300,5,col_return,8646,1204.27,05,subwp,42,1
2996,goal_300,6,exito,14304,2293.14,05,subwp,42,1
2997,goal_300,7,exito,14313,2216.93,05,subwp,42,1
2998,goal_300,8,col_return,8754,1225.15,05,subwp,42,1
2999,goal_300,9,exito,14305,2293.17,05,subwp,42,1
3000,goal_300,10,col_return,8482,1177.29,05,subwp,42,1
3001,goal_301,1,exito,14489,2308.79,05,subwp,42,1
3002,goal_301,2,exito,14496,2323.54,05,subwp,42,1
3003,goal_301,3,exito,14496,2284.36,05,subwp,42,1
3004,goal_301,4,col_return,8836,1239.1,05,subwp,42,1
3005,goal_301,5,exito,14489,2320.05,05,subwp,42,1
3006,goal_301,6,exito,14495,2323.97,05,subwp,42,1
3007,goal_301,7,col_return,8679,1210.11,05,subwp,42,1
3008,goal_301,8,exito,14489,2310.23,05,subwp,42,1
3009,goal_301,9,exito,14496,2323.59,05,subwp,42,1
3010,goal_301,10,exito,14496,2270.55,05,subwp,42,1
3011,goal_302,1,col_return,8843,1241.27,05,subwp,42,1
3012,goal_302,2,exito,14503,2296.21,05,subwp,42,1
3013,goal_302,3,exito,14507,2321.8,05,subwp,42,1
3014,goal_302,4,col_return,8672,1209.03,05,subwp,42,1
3015,goal_302,5,col_approach,2972,256.08,05,subwp,42,1
3016,goal_302,6,exito,14499,2325.92,05,subwp,42,1
3017,goal_302,7,exito,14507,2324.69,05,subwp,42,1
3018,goal_302,8,exito,14510,2325.28,05,subwp,42,1
3019,goal_302,9,col_approach,2938,207.99,05,subwp,42,1
3020,goal_302,10,exito,14500,2300.64,05,subwp,42,1
3021,goal_303,1,exito,14717,2343.35,05,subwp,42,1
3022,goal_303,2,exito,14714,2345.82,05,subwp,42,1
3023,goal_303,3,exito,14718,2346.04,05,subwp,42,1
3024,goal_303,4,exito,14718,2346.01,05,subwp,42,1
3025,goal_303,5,exito,14718,2345.84,05,subwp,42,1
3026,goal_303,6,exito,14714,2345.81,05,subwp,42,1
3027,goal_303,7,exito,14714,2345.94,05,subwp,42,1
3028,goal_303,8,exito,14719,2346.19,05,subwp,42,1
3029,goal_303,9,exito,14714,2331.78,05,subwp,42,1
3030,goal_303,10,exito,14713,2325.68,05,subwp,42,1
3031,goal_304,1,exito,14673,2339.3,05,subwp,42,1
3032,goal_304,2,exito,14669,2338.02,05,subwp,42,1
3033,goal_304,3,exito,14672,2319.51,05,subwp,42,1
3034,goal_304,4,exito,14669,2299.91,05,subwp,42,1
3035,goal_304,5,exito,14670,2334.46,05,subwp,42,1
3036,goal_304,6,exito,14672,2338.71,05,subwp,42,1
3037,goal_304,7,exito,14671,2339.16,05,subwp,42,1
3038,goal_304,8,exito,14671,2291.18,05,subwp,42,1
3039,goal_304,9,col_return,8927,1238.02,05,subwp,42,1
3040,goal_304,10,exito,14663,2331.63,05,subwp,42,1
3041,goal_305,1,exito,15022,2373.25,05,subwp,42,1
3042,goal_305,2,exito,15024,2371.79,05,subwp,42,1
3043,goal_305,3,exito,15023,2371.91,05,subwp,42,1
3044,goal_305,4,exito,15021,2372.15,05,subwp,42,1
3045,goal_305,5,exito,15020,2372.1,05,subwp,42,1
3046,goal_305,6,exito,15025,2370.73,05,subwp,42,1
3047,goal_305,7,exito,15022,2370.66,05,subwp,42,1
3048,goal_305,8,exito,15022,2370.76,05,subwp,42,1
3049,goal_305,9,exito,15021,2370.66,05,subwp,42,1
3050,goal_305,10,exito,15017,2369.51,05,subwp,42,1
3051,goal_306,1,exito,14952,2373.61,05,subwp,42,1
3052,goal_306,2,exito,14951,2374.84,05,subwp,42,1
3053,goal_306,3,exito,14951,2375.22,05,subwp,42,1
3054,goal_306,4,exito,14952,2375.67,05,subwp,42,1
3055,goal_306,5,exito,14951,2375.87,05,subwp,42,1
3056,goal_306,6,exito,14951,2376.79,05,subwp,42,1
3057,goal_306,7,exito,14951,2376.64,05,subwp,42,1
3058,goal_306,8,exito,14951,2376.75,05,subwp,42,1
3059,goal_306,9,exito,14951,2376.5,05,subwp,42,1
3060,goal_306,10,exito,14951,2376.59,05,subwp,42,1
3061,goal_307,1,exito,15208,2403.12,05,subwp,42,1
3062,goal_307,2,exito,15206,2402.9,05,subwp,42,1
3063,goal_307,3,exito,15213,2401.41,05,subwp,42,1
3064,goal_307,4,exito,15211,2392.09,05,subwp,42,1
3065,goal_307,5,col_approach,2922,238.63,05,subwp,42,1
3066,goal_307,6,exito,15202,2403.24,05,subwp,42,1
3067,goal_307,7,exito,15209,2402.79,05,subwp,42,1
3068,goal_307,8,exito,15209,2398.86,05,subwp,42,1
3069,goal_307,9,exito,15210,2380.89,05,subwp,42,1
3070,goal_307,10,col_return,10238,1410.6,05,subwp,42,1
3071,goal_308,1,exito,15207,2415.12,05,subwp,42,1
3072,goal_308,2,exito,15215,2414.95,05,subwp,42,1
3073,goal_308,3,exito,15214,2414.93,05,subwp,42,1
3074,goal_308,4,exito,15215,2411.88,05,subwp,42,1
3075,goal_308,5,exito,15215,2397.31,05,subwp,42,1
3076,goal_308,6,col_approach,2868,238.08,05,subwp,42,1
3077,goal_308,7,exito,15207,2414.67,05,subwp,42,1
3078,goal_308,8,exito,15214,2414.26,05,subwp,42,1
3079,goal_308,9,exito,15215,2409.54,05,subwp,42,1
3080,goal_308,10,exito,15216,2387.47,05,subwp,42,1
3081,goal_309,1,col_return,10317,1428.82,05,subwp,42,1
3082,goal_309,2,exito,15408,2433.59,05,subwp,42,1
3083,goal_309,3,exito,15416,2432.66,05,subwp,42,1
3084,goal_309,4,exito,15415,2400.45,05,subwp,42,1
3085,goal_309,5,exito,15416,2421.71,05,subwp,42,1
3086,goal_309,6,exito,15415,2433.55,05,subwp,42,1
3087,goal_309,7,exito,15416,2425.2,05,subwp,42,1
3088,goal_309,8,exito,15416,2431.69,05,subwp,42,1
3089,goal_309,9,exito,15415,2433.69,05,subwp,42,1
3090,goal_309,10,exito,15415,2433.61,05,subwp,42,1
3091,goal_310,1,exito,15418,2444.25,05,subwp,42,1
3092,goal_310,2,exito,15418,2430.04,05,subwp,42,1
3093,goal_310,3,col_return,10360,1448.33,05,subwp,42,1
3094,goal_310,4,exito,15410,2445.0,05,subwp,42,1
3095,goal_310,5,exito,15417,2444.19,05,subwp,42,1
3096,goal_310,6,exito,15415,2422.81,05,subwp,42,1
3097,goal_310,7,exito,15418,2425.26,05,subwp,42,1
3098,goal_310,8,exito,15416,2444.72,05,subwp,42,1
3099,goal_310,9,exito,15418,2441.73,05,subwp,42,1
3100,goal_310,10,exito,15416,2438.52,05,subwp,42,1
3101,goal_311,1,exito,15660,2469.58,05,subwp,42,1
3102,goal_311,2,exito,15661,2469.85,05,subwp,42,1
3103,goal_311,3,col_return,10682,1483.98,05,subwp,42,1
3104,goal_311,4,exito,15654,2469.98,05,subwp,42,1
3105,goal_311,5,exito,15661,2466.85,05,subwp,42,1
3106,goal_311,6,exito,15659,2449.8,05,subwp,42,1
3107,goal_311,7,exito,15661,2469.64,05,subwp,42,1
3108,goal_311,8,exito,15661,2468.71,05,subwp,42,1
3109,goal_311,9,exito,15660,2470.42,05,subwp,42,1
3110,goal_311,10,exito,15661,2463.46,05,subwp,42,1
3111,goal_312,1,col_return,10529,1469.1,05,subwp,42,1
3112,goal_312,2,exito,15641,2477.75,05,subwp,42,1
3113,goal_312,3,exito,15648,2467.18,05,subwp,42,1
3114,goal_312,4,exito,15645,2469.84,05,subwp,42,1
3115,goal_312,5,exito,15644,2476.86,05,subwp,42,1
3116,goal_312,6,exito,15648,2477.49,05,subwp,42,1
3117,goal_312,7,exito,15644,2476.81,05,subwp,42,1
3118,goal_312,8,exito,15644,2466.73,05,subwp,42,1
3119,goal_312,9,col_return,10501,1464.76,05,subwp,42,1
3120,goal_312,10,exito,15641,2477.74,05,subwp,42,1
3121,goal_313,1,exito,15877,2491.25,05,subwp,42,1
3122,goal_313,2,exito,15877,2502.42,05,subwp,42,1
3123,goal_313,3,exito,15876,2496.16,05,subwp,42,1
3124,goal_313,4,exito,15878,2502.94,05,subwp,42,1
3125,goal_313,5,col_return,10783,1503.48,05,subwp,42,1
3126,goal_313,6,exito,15870,2503.47,05,subwp,42,1
3127,goal_313,7,col_approach,2939,247.71,05,subwp,42,1
3128,goal_313,8,exito,15870,2479.76,05,subwp,42,1
3129,goal_313,9,col_return,10559,1464.38,05,subwp,42,1
3130,goal_313,10,exito,15870,2503.62,05,subwp,42,1
3131,goal_314,1,exito,15859,2474.51,05,subwp,42,1
3132,goal_314,2,exito,15859,2511.1,05,subwp,42,1
3133,goal_314,3,exito,15859,2511.02,05,subwp,42,1
3134,goal_314,4,exito,15860,2500.7,05,subwp,42,1
3135,goal_314,5,col_return,10614,1482.11,05,subwp,42,1
3136,goal_314,6,exito,15851,2511.03,05,subwp,42,1
3137,goal_314,7,col_approach,2856,231.16,05,subwp,42,1
3138,goal_314,8,exito,15852,2479.74,05,subwp,42,1
3139,goal_314,9,col_return,10524,1469.5,05,subwp,42,1
3140,goal_314,10,exito,15852,2511.22,05,subwp,42,1
3141,goal_315,1,exito,16136,2499.36,05,subwp,42,1
3142,goal_315,2,col_approach,2861,214.35,05,subwp,42,1
3143,goal_315,3,col_return,10470,1451.05,05,subwp,42,1
3144,goal_315,4,exito,16129,2533.77,05,subwp,42,1
3145,goal_315,5,exito,16134,2537.34,05,subwp,42,1
3146,goal_315,6,exito,16136,2537.55,05,subwp,42,1
3147,goal_315,7,col_return,11030,1535.26,05,subwp,42,1
3148,goal_315,8,exito,16127,2537.73,05,subwp,42,1
3149,goal_315,9,exito,16135,2506.7,05,subwp,42,1
3150,goal_315,10,col_approach,2830,218.89,05,subwp,42,1
3151,goal_316,1,col_return,10457,1460.39,05,subwp,42,1
3152,goal_316,2,exito,16105,2544.75,05,subwp,42,1
3153,goal_316,3,exito,16114,2547.97,05,subwp,42,1
3154,goal_316,4,exito,16112,2547.83,05,subwp,42,1
3155,goal_316,5,col_return,11068,1549.82,05,subwp,42,1
3156,goal_316,6,exito,16109,2548.51,05,subwp,42,1
3157,goal_316,7,col_approach,2828,233.14,05,subwp,42,1
3158,goal_316,8,col_return,11058,1550.64,05,subwp,42,1
3159,goal_316,9,exito,16105,2548.33,05,subwp,42,1
3160,goal_316,10,col_approach,2835,232.05,05,subwp,42,1
3161,goal_317,1,col_return,11202,1559.93,05,subwp,42,1
3162,goal_317,2,exito,16396,2576.53,05,subwp,42,1
3163,goal_317,3,exito,16405,2574.96,05,subwp,42,1
3164,goal_317,4,exito,16405,2574.97,05,subwp,42,1
3165,goal_317,5,col_return,11002,1526.32,05,subwp,42,1
3166,goal_317,6,exito,16397,2576.53,05,subwp,42,1
3167,goal_317,7,exito,16404,2576.3,05,subwp,42,1
3168,goal_317,8,exito,16401,2568.22,05,subwp,42,1
3169,goal_317,9,col_return,10898,1510.45,05,subwp,42,1
3170,goal_317,10,exito,16396,2576.05,05,subwp,42,1
3171,goal_318,1,exito,16379,2585.81,05,subwp,42,1
3172,goal_318,2,exito,16378,2573.52,05,subwp,42,1
3173,goal_318,3,col_return,10858,1517.22,05,subwp,42,1
3174,goal_318,4,exito,16371,2585.27,05,subwp,42,1
3175,goal_318,5,exito,16379,2585.94,05,subwp,42,1
3176,goal_318,6,exito,16379,2574.04,05,subwp,42,1
3177,goal_318,7,col_return,10864,1517.59,05,subwp,42,1
3178,goal_318,8,exito,16370,2585.18,05,subwp,42,1
3179,goal_318,9,exito,16379,2585.66,05,subwp,42,1
3180,goal_318,10,exito,16379,2574.96,05,subwp,42,1
3181,goal_319,1,col_return,10970,1525.97,05,subwp,42,1
3182,goal_319,2,exito,16592,2606.08,05,subwp,42,1
3183,goal_319,3,exito,16599,2591.11,05,subwp,42,1
3184,goal_319,4,col_return,11390,1589.24,05,subwp,42,1
3185,goal_319,5,exito,16591,2608.97,05,subwp,42,1
3186,goal_319,6,exito,16598,2608.68,05,subwp,42,1
3187,goal_319,7,col_return,11594,1622.31,05,subwp,42,1
3188,goal_319,8,exito,16593,2609.28,05,subwp,42,1
3189,goal_319,9,exito,16598,2607.12,05,subwp,42,1
3190,goal_319,10,exito,16600,2581.1,05,subwp,42,1
3191,goal_320,1,col_return,10899,1526.09,05,subwp,42,1
3192,goal_320,2,exito,16575,2613.09,05,subwp,42,1
3193,goal_320,3,exito,16582,2573.91,05,subwp,42,1
3194,goal_320,4,col_return,11364,1596.77,05,subwp,42,1
3195,goal_320,5,exito,16576,2617.94,05,subwp,42,1
3196,goal_320,6,exito,16582,2617.55,05,subwp,42,1
3197,goal_320,7,col_return,11599,1630.15,05,subwp,42,1
3198,goal_320,8,exito,16576,2618.07,05,subwp,42,1
3199,goal_320,9,exito,16582,2615.37,05,subwp,42,1
3200,goal_320,10,exito,16582,2600.11,05,subwp,42,1
3201,goal_321,1,col_return,11075,1538.56,05,subwp,42,1
3202,goal_321,2,exito,16858,2634.11,05,subwp,42,1
3203,goal_321,3,exito,16868,2640.73,05,subwp,42,1
3204,goal_321,4,col_return,11166,1555.01,05,subwp,42,1
3205,goal_321,5,exito,16857,2640.36,05,subwp,42,1
3206,goal_321,6,exito,16867,2636.78,05,subwp,42,1
3207,goal_321,7,col_return,11228,1558.69,05,subwp,42,1
3208,goal_321,8,exito,16857,2642.58,05,subwp,42,1
3209,goal_321,9,exito,16865,2628.47,05,subwp,42,1
3210,goal_321,10,col_return,11244,1564.16,05,subwp,42,1
3211,goal_322,1,exito,16842,2653.35,05,subwp,42,1
3212,goal_322,2,exito,16848,2614.8,05,subwp,42,1
3213,goal_322,3,col_return,11274,1581.04,05,subwp,42,1
3214,goal_322,4,exito,16842,2654.38,05,subwp,42,1
3215,goal_322,5,col_approach,2856,209.72,05,subwp,42,1
3216,goal_322,6,exito,16843,2655.52,05,subwp,42,1
3217,goal_322,7,exito,16847,2656.03,05,subwp,42,1
3218,goal_322,8,exito,16850,2650.83,05,subwp,42,1
3219,goal_322,9,col_return,11765,1650.79,05,subwp,42,1
3220,goal_322,10,exito,16843,2655.63,05,subwp,42,1
3221,goal_323,1,exito,17074,2676.34,05,subwp,42,1
3222,goal_323,2,col_return,11528,1605.91,05,subwp,42,1
3223,goal_323,3,exito,17068,2675.77,05,subwp,42,1
3224,goal_323,4,exito,17073,2661.76,05,subwp,42,1
3225,goal_323,5,exito,17075,2490.27,05,subwp,42,1
3226,goal_323,6,exito,17073,2676.22,05,subwp,42,1
3227,goal_323,7,exito,17074,2662.03,05,subwp,42,1
3228,goal_323,8,col_return,11838,1650.04,05,subwp,42,1
3229,goal_323,9,exito,17067,2676.79,05,subwp,42,1
3230,goal_323,10,col_approach,2872,222.21,05,subwp,42,1
3231,goal_324,1,exito,17043,2686.86,05,subwp,42,1
3232,goal_324,2,exito,17049,2686.32,05,subwp,42,1
3233,goal_324,3,exito,17050,2686.43,05,subwp,42,1
3234,goal_324,4,col_return,11606,1631.26,05,subwp,42,1
3235,goal_324,5,exito,17043,2686.69,05,subwp,42,1
3236,goal_324,6,exito,17049,2656.78,05,subwp,42,1
3237,goal_324,7,col_return,11263,1579.12,05,subwp,42,1
3238,goal_324,8,exito,17045,2676.17,05,subwp,42,1
3239,goal_324,9,col_return,12117,1701.04,05,subwp,42,1
3240,goal_324,10,exito,17045,2687.08,05,subwp,42,1
3241,goal_325,1,exito,16694,2623.08,05,subwp,42,1
3242,goal_325,2,col_return,11503,1604.9,05,subwp,42,1
3243,goal_325,3,exito,16689,2623.58,05,subwp,42,1
3244,goal_325,4,exito,16697,2623.7,05,subwp,42,1
3245,goal_325,5,col_return,11554,1610.87,05,subwp,42,1
3246,goal_325,6,exito,16689,2624.27,05,subwp,42,1
3247,goal_325,7,exito,16696,2623.52,05,subwp,42,1
3248,goal_325,8,col_return,11585,1616.72,05,subwp,42,1
3249,goal_325,9,exito,16684,2624.28,05,subwp,42,1
3250,goal_325,10,exito,16696,2623.57,05,subwp,42,1
3251,goal_326,1,col_return,11590,1616.83,05,subwp,42,1
3252,goal_326,2,exito,16684,2618.14,05,subwp,42,1
3253,goal_326,3,exito,16691,2617.93,05,subwp,42,1
3254,goal_326,4,col_return,11607,1615.66,05,subwp,42,1
3255,goal_326,5,exito,16684,2618.08,05,subwp,42,1
3256,goal_326,6,exito,16690,2617.41,05,subwp,42,1
3257,goal_326,7,col_return,11614,1616.76,05,subwp,42,1
3258,goal_326,8,exito,16682,2618.13,05,subwp,42,1
3259,goal_326,9,exito,16690,2617.16,05,subwp,42,1
3260,goal_326,10,col_return,11618,1617.82,05,subwp,42,1
3261,goal_327,1,exito,16580,2609.24,05,subwp,42,1
3262,goal_327,2,exito,16588,2608.42,05,subwp,42,1
3263,goal_327,3,exito,16586,2575.73,05,subwp,42,1
3264,goal_327,4,col_return,10888,1513.73,05,subwp,42,1
3265,goal_327,5,exito,16578,2608.84,05,subwp,42,1
3266,goal_327,6,exito,16590,2608.83,05,subwp,42,1
3267,goal_327,7,col_return,11353,1584.84,05,subwp,42,1
3268,goal_327,8,exito,16579,2609.39,05,subwp,42,1
3269,goal_327,9,exito,16588,2608.79,05,subwp,42,1
3270,goal_327,10,col_return,11588,1623.33,05,subwp,42,1
3271,goal_328,1,exito,16556,2601.42,05,subwp,42,1
3272,goal_328,2,exito,16563,2601.26,05,subwp,42,1
3273,goal_328,3,exito,16564,2588.11,05,subwp,42,1
3274,goal_328,4,col_return,10949,1517.54,05,subwp,42,1
3275,goal_328,5,exito,16555,2601.25,05,subwp,42,1
3276,goal_328,6,exito,16564,2600.91,05,subwp,42,1
3277,goal_328,7,col_return,11404,1588.43,05,subwp,42,1
3278,goal_328,8,exito,16555,2601.7,05,subwp,42,1
3279,goal_328,9,exito,16565,2600.72,05,subwp,42,1
3280,goal_328,10,exito,16562,2566.22,05,subwp,42,1
3281,goal_329,1,col_return,10748,1498.71,05,subwp,42,1
3282,goal_329,2,exito,16325,2574.64,05,subwp,42,1
3283,goal_329,3,exito,16330,2573.67,05,subwp,42,1
3284,goal_329,4,exito,16328,2567.83,05,subwp,42,1
3285,goal_329,5,col_return,10883,1514.67,05,subwp,42,1
3286,goal_329,6,exito,16323,2574.51,05,subwp,42,1
3287,goal_329,7,exito,16331,2573.9,05,subwp,42,1
3288,goal_329,8,exito,16331,2572.61,05,subwp,42,1
3289,goal_329,9,col_return,10940,1528.79,05,subwp,42,1
3290,goal_329,10,exito,16324,2574.62,05,subwp,42,1
3291,goal_330,1,exito,16318,2566.21,05,subwp,42,1
3292,goal_330,2,exito,16317,2565.64,05,subwp,42,1
3293,goal_330,3,col_return,10983,1527.12,05,subwp,42,1
3294,goal_330,4,exito,16309,2566.19,05,subwp,42,1
3295,goal_330,5,exito,16316,2565.81,05,subwp,42,1
3296,goal_330,6,exito,16318,2565.79,05,subwp,42,1
3297,goal_330,7,col_return,11017,1534.46,05,subwp,42,1
3298,goal_330,8,exito,16311,2566.96,05,subwp,42,1
3299,goal_330,9,exito,16318,2566.07,05,subwp,42,1
3300,goal_330,10,exito,16317,2566.14,05,subwp,42,1
3301,goal_331,1,col_return,10925,1522.22,05,subwp,42,1
3302,goal_331,2,exito,16086,2539.42,05,subwp,42,1
3303,goal_331,3,exito,16091,2538.57,05,subwp,42,1
3304,goal_331,4,exito,16102,2536.02,05,subwp,42,1
3305,goal_331,5,exito,16092,2534.08,05,subwp,42,1
3306,goal_331,6,col_return,10767,1503.69,05,subwp,42,1
3307,goal_331,7,exito,16085,2539.35,05,subwp,42,1
3308,goal_331,8,exito,16102,2536.07,05,subwp,42,1
3309,goal_331,9,exito,16092,2538.97,05,subwp,42,1
3310,goal_331,10,exito,16094,2524.22,05,subwp,42,1
3311,goal_332,1,col_return,10691,1487.41,05,subwp,42,1
3312,goal_332,2,exito,16070,2531.6,05,subwp,42,1
3313,goal_332,3,exito,16076,2531.26,05,subwp,42,1
3314,goal_332,4,exito,16076,2531.72,05,subwp,42,1
3315,goal_332,5,exito,16077,2517.7,05,subwp,42,1
3316,goal_332,6,col_return,10701,1485.79,05,subwp,42,1
3317,goal_332,7,exito,16071,2531.86,05,subwp,42,1
3318,goal_332,8,exito,16077,2531.89,05,subwp,42,1
3319,goal_332,9,exito,16078,2530.83,05,subwp,42,1
3320,goal_332,10,exito,16075,2517.12,05,subwp,42,1
3321,goal_333,1,col_return,10587,1471.99,05,subwp,42,1
3322,goal_333,2,exito,15849,2506.41,05,subwp,42,1
3323,goal_333,3,exito,15860,2506.19,05,subwp,42,1
3324,goal_333,4,exito,15858,2506.22,05,subwp,42,1
3325,goal_333,5,exito,15856,2505.48,05,subwp,42,1
3326,goal_333,6,exito,15857,2500.9,05,subwp,42,1
3327,goal_333,7,col_return,10650,1484.98,05,subwp,42,1
3328,goal_333,8,exito,15851,2506.22,05,subwp,42,1
3329,goal_333,9,exito,15858,2505.89,05,subwp,42,1
3330,goal_333,10,exito,15858,2506.32,05,subwp,42,1
3331,goal_334,1,exito,15877,2505.31,05,subwp,42,1
3332,goal_334,2,exito,15875,2500.3,05,subwp,42,1
3333,goal_334,3,col_return,10669,1484.77,05,subwp,42,1
3334,goal_334,4,exito,15869,2505.18,05,subwp,42,1
3335,goal_334,5,exito,15875,2504.26,05,subwp,42,1
3336,goal_334,6,exito,15875,2504.46,05,subwp,42,1
3337,goal_334,7,exito,15877,2504.06,05,subwp,42,1
3338,goal_334,8,exito,15877,2498.11,05,subwp,42,1
3339,goal_334,9,col_return,10648,1479.95,05,subwp,42,1
3340,goal_334,10,exito,15870,2505.44,05,subwp,42,1
3341,goal_335,1,exito,15644,2470.09,05,subwp,42,1
3342,goal_335,2,exito,15642,2469.27,05,subwp,42,1
3343,goal_335,3,exito,15641,2469.19,05,subwp,42,1
3344,goal_335,4,exito,15627,2471.29,05,subwp,42,1
3345,goal_335,5,exito,15642,2469.28,05,subwp,42,1
3346,goal_335,6,col_return,10664,1482.08,05,subwp,42,1
3347,goal_335,7,exito,15636,2469.89,05,subwp,42,1
3348,goal_335,8,exito,15644,2469.98,05,subwp,42,1
3349,goal_335,9,exito,15641,2469.14,05,subwp,42,1
3350,goal_335,10,exito,15644,2469.81,05,subwp,42,1
3351,goal_336,1,exito,15650,2474.1,05,subwp,42,1
3352,goal_336,2,exito,15649,2474.01,05,subwp,42,1
3353,goal_336,3,exito,15650,2471.28,05,subwp,42,1
3354,goal_336,4,col_return,10582,1470.82,05,subwp,42,1
3355,goal_336,5,exito,15641,2474.67,05,subwp,42,1
3356,goal_336,6,exito,15650,2474.29,05,subwp,42,1
3357,goal_336,7,exito,15650,2473.44,05,subwp,42,1
3358,goal_336,8,exito,15648,2474.02,05,subwp,42,1
3359,goal_336,9,exito,15649,2474.17,05,subwp,42,1
3360,goal_336,10,exito,15651,2474.1,05,subwp,42,1
3361,goal_337,1,exito,15405,2441.23,05,subwp,42,1
3362,goal_337,2,exito,15405,2415.39,05,subwp,42,1
3363,goal_337,3,col_return,10313,1438.63,05,subwp,42,1
3364,goal_337,4,exito,15398,2442.19,05,subwp,42,1
3365,goal_337,5,exito,15406,2441.85,05,subwp,42,1
3366,goal_337,6,exito,15406,2441.51,05,subwp,42,1
3367,goal_337,7,exito,15406,2441.76,05,subwp,42,1
3368,goal_337,8,exito,15405,2442.01,05,subwp,42,1
3369,goal_337,9,exito,15404,2441.25,05,subwp,42,1
3370,goal_337,10,exito,15405,2441.52,05,subwp,42,1
3371,goal_338,1,exito,15455,2447.99,05,subwp,42,1
3372,goal_338,2,exito,15452,2447.76,05,subwp,42,1
3373,goal_338,3,exito,15454,2447.84,05,subwp,42,1
3374,goal_338,4,exito,15453,2425.75,05,subwp,42,1
3375,goal_338,5,col_return,10353,1443.5,05,subwp,42,1
3376,goal_338,6,exito,15447,2448.15,05,subwp,42,1
3377,goal_338,7,exito,15453,2448.03,05,subwp,42,1
3378,goal_338,8,exito,15454,2446.83,05,subwp,42,1
3379,goal_338,9,exito,15453,2447.89,05,subwp,42,1
3380,goal_338,10,exito,15453,2446.94,05,subwp,42,1
3381,goal_339,1,exito,15179,2408.75,05,subwp,42,1
3382,goal_339,2,exito,15189,2409.93,05,subwp,42,1
3383,goal_339,3,exito,15190,2409.93,05,subwp,42,1
3384,goal_339,4,exito,15181,2409.67,05,subwp,42,1
3385,goal_339,5,exito,15178,2408.74,05,subwp,42,1
3386,goal_339,6,exito,15188,2409.78,05,subwp,42,1
3387,goal_339,7,exito,15180,2409.43,05,subwp,42,1
3388,goal_339,8,exito,15181,2409.29,05,subwp,42,1
3389,goal_339,9,exito,15188,2409.67,05,subwp,42,1
3390,goal_339,10,exito,15190,2410.18,05,subwp,42,1
3391,goal_340,1,exito,15215,2413.79,05,subwp,42,1
3392,goal_340,2,exito,15215,2404.68,05,subwp,42,1
3393,goal_340,3,col_return,10298,1429.7,05,subwp,42,1
3394,goal_340,4,exito,15209,2416.34,05,subwp,42,1
3395,goal_340,5,exito,15216,2415.77,05,subwp,42,1
3396,goal_340,6,exito,15214,2415.83,05,subwp,42,1
3397,goal_340,7,exito,15215,2415.88,05,subwp,42,1
3398,goal_340,8,exito,15214,2415.61,05,subwp,42,1
3399,goal_340,9,exito,15217,2415.71,05,subwp,42,1
3400,goal_340,10,exito,15215,2415.96,05,subwp,42,1
3401,goal_341,1,exito,14953,2376.52,05,subwp,42,1
3402,goal_341,2,exito,14953,2376.66,05,subwp,42,1
3403,goal_341,3,exito,14952,2376.63,05,subwp,42,1
3404,goal_341,4,exito,14952,2376.41,05,subwp,42,1
3405,goal_341,5,exito,14953,2376.51,05,subwp,42,1
3406,goal_341,6,exito,14952,2376.98,05,subwp,42,1
3407,goal_341,7,exito,14950,2375.65,05,subwp,42,1
3408,goal_341,8,exito,14952,2375.91,05,subwp,42,1
3409,goal_341,9,exito,14953,2376.57,05,subwp,42,1
3410,goal_341,10,exito,14950,2375.91,05,subwp,42,1
3411,goal_342,1,exito,14977,2383.2,05,subwp,42,1
3412,goal_342,2,exito,14977,2383.27,05,subwp,42,1
3413,goal_342,3,exito,14978,2383.04,05,subwp,42,1
3414,goal_342,4,exito,14977,2383.19,05,subwp,42,1
3415,goal_342,5,exito,14975,2382.74,05,subwp,42,1
3416,goal_342,6,exito,14976,2382.95,05,subwp,42,1
3417,goal_342,7,exito,14978,2382.83,05,subwp,42,1
3418,goal_342,8,exito,14976,2383.02,05,subwp,42,1
3419,goal_342,9,exito,14975,2382.94,05,subwp,42,1
3420,goal_342,10,exito,14976,2382.93,05,subwp,42,1
3421,goal_343,1,exito,14751,2352.91,05,subwp,42,1
3422,goal_343,2,exito,14752,2352.9,05,subwp,42,1
3423,goal_343,3,exito,14752,2352.86,05,subwp,42,1
3424,goal_343,4,exito,14753,2352.9,05,subwp,42,1
3425,goal_343,5,exito,14753,2352.68,05,subwp,42,1
3426,goal_343,6,exito,14752,2266.72,05,subwp,42,1
3427,goal_343,7,col_return,8978,1251.59,05,subwp,42,1
3428,goal_343,8,exito,14746,2353.15,05,subwp,42,1
3429,goal_343,9,exito,14750,2352.37,05,subwp,42,1
3430,goal_343,10,exito,14753,2352.55,05,subwp,42,1
3431,goal_344,1,exito,14749,2351.16,05,subwp,42,1
3432,goal_344,2,exito,14748,2350.68,05,subwp,42,1
3433,goal_344,3,exito,14751,2218.58,05,subwp,42,1
3434,goal_344,4,col_return,8993,1249.41,05,subwp,42,1
3435,goal_344,5,exito,14743,2351.24,05,subwp,42,1
3436,goal_344,6,exito,14750,2350.83,05,subwp,42,1
3437,goal_344,7,exito,14750,2350.46,05,subwp,42,1
3438,goal_344,8,exito,14751,2350.73,05,subwp,42,1
3439,goal_344,9,exito,14750,2351.47,05,subwp,42,1
3440,goal_344,10,exito,14750,2201.35,05,subwp,42,1
3441,goal_345,1,col_return,8895,1238.54,05,subwp,42,1
3442,goal_345,2,exito,14543,2324.82,05,subwp,42,1
3443,goal_345,3,exito,14549,2324.08,05,subwp,42,1
3444,goal_345,4,exito,14551,2266.69,05,subwp,42,1
3445,goal_345,5,col_return,8874,1234.38,05,subwp,42,1
3446,goal_345,6,exito,14546,2324.39,05,subwp,42,1
3447,goal_345,7,exito,14551,2323.81,05,subwp,42,1
3448,goal_345,8,exito,14551,2293.01,05,subwp,42,1
3449,goal_345,9,col_return,8855,1233.5,05,subwp,42,1
3450,goal_345,10,exito,14542,2324.51,05,subwp,42,1
3451,goal_346,1,exito,14472,2314.24,05,subwp,42,1
3452,goal_346,2,col_return,8636,1197.85,05,subwp,42,1
3453,goal_346,3,exito,14463,2314.06,05,subwp,42,1
3454,goal_346,4,exito,14473,2313.89,05,subwp,42,1
3455,goal_346,5,exito,14471,2114.66,05,subwp,42,1
3456,goal_346,6,col_return,8856,1234.49,05,subwp,42,1
3457,goal_346,7,exito,14464,2314.38,05,subwp,42,1
3458,goal_346,8,exito,14471,2313.83,05,subwp,42,1
3459,goal_346,9,col_return,8716,1212.59,05,subwp,42,1
3460,goal_346,10,exito,14463,2313.99,05,subwp,42,1
3461,goal_347,1,exito,14366,2299.72,05,subwp,42,1
3462,goal_347,2,col_return,8636,1200.76,05,subwp,42,1
3463,goal_347,3,exito,14359,2299.94,05,subwp,42,1
3464,goal_347,4,exito,14365,2299.89,05,subwp,42,1
3465,goal_347,5,col_return,8708,1213.21,05,subwp,42,1
3466,goal_347,6,exito,14359,2300.2,05,subwp,42,1
3467,goal_347,7,exito,14365,2292.19,05,subwp,42,1
3468,goal_347,8,col_return,8739,1215.56,05,subwp,42,1
3469,goal_347,9,exito,14358,2300.11,05,subwp,42,1
3470,goal_347,10,exito,14366,2282.29,05,subwp,42,1
3471,goal_348,1,col_return,8693,1213.22,05,subwp,42,1
3472,goal_348,2,exito,14249,2281.61,05,subwp,42,1
3473,goal_348,3,col_return,8479,1177.41,05,subwp,42,1
3474,goal_348,4,exito,14250,2282.47,05,subwp,42,1
3475,goal_348,5,exito,14256,2196.47,05,subwp,42,1
3476,goal_348,6,col_return,8736,1213.12,05,subwp,42,1
3477,goal_348,7,exito,14248,2282.48,05,subwp,42,1
3478,goal_348,8,col_return,8488,1180.78,05,subwp,42,1
3479,goal_348,9,exito,14250,2282.46,05,subwp,42,1
3480,goal_348,10,exito,14256,2155.7,05,subwp,42,1
3481,goal_349,1,col_return,8830,1237.33,05,subwp,42,1
3482,goal_349,2,col_approach,3078,270.4,05,subwp,42,1
3483,goal_349,3,exito,14419,2316.25,05,subwp,42,1
3484,goal_349,4,exito,14425,2315.84,05,subwp,42,1
3485,goal_349,5,exito,14427,2276.89,05,subwp,42,1
3486,goal_349,6,exito,14427,2316.31,05,subwp,42,1
3487,goal_349,7,exito,14425,2313.1,05,subwp,42,1
3488,goal_349,8,exito,14425,2283.75,05,subwp,42,1
3489,goal_349,9,exito,14425,2291.34,05,subwp,42,1
3490,goal_349,10,col_return,8633,1206.99,05,subwp,42,1
3491,goal_350,1,exito,14368,2296.38,05,subwp,42,1
3492,goal_350,2,col_approach,3277,292.91,05,subwp,42,1
3493,goal_350,3,exito,14372,2301.43,05,subwp,42,1
3494,goal_350,4,exito,14379,2300.75,05,subwp,42,1
3495,goal_350,5,exito,14375,2300.81,05,subwp,42,1
3496,goal_350,6,exito,14374,2300.64,05,subwp,42,1
3497,goal_350,7,exito,14378,2298.44,05,subwp,42,1
3498,goal_350,8,exito,14374,2263.47,05,subwp,42,1
3499,goal_350,9,col_return,8582,1179.42,05,subwp,42,1
3500,goal_350,10,exito,14368,2296.14,05,subwp,42,1
3501,goal_351,1,exito,14670,2346.97,05,subwp,42,1
3502,goal_351,2,exito,14670,2349.06,05,subwp,42,1
3503,goal_351,3,col_return,8842,1233.28,05,subwp,42,1
3504,goal_351,4,col_approach,2990,254.35,05,subwp,42,1
3505,goal_351,5,exito,14665,2349.78,05,subwp,42,1
3506,goal_351,6,exito,14672,2349.45,05,subwp,42,1
3507,goal_351,7,exito,14670,2349.37,05,subwp,42,1
3508,goal_351,8,exito,14671,2349.1,05,subwp,42,1
3509,goal_351,9,exito,14670,2327.95,05,subwp,42,1
3510,goal_351,10,exito,14671,2339.82,05,subwp,42,1
3511,goal_352,1,exito,14601,2325.51,05,subwp,42,1
3512,goal_352,2,exito,14601,2323.53,05,subwp,42,1
3513,goal_352,3,exito,14601,2314.48,05,subwp,42,1
3514,goal_352,4,col_approach,3053,265.04,05,subwp,42,1
3515,goal_352,5,exito,14593,2325.56,05,subwp,42,1
3516,goal_352,6,exito,14602,2325.52,05,subwp,42,1
3517,goal_352,7,exito,14604,2325.55,05,subwp,42,1
3518,goal_352,8,exito,14603,2274.93,05,subwp,42,1
3519,goal_352,9,exito,14600,2324.83,05,subwp,42,1
3520,goal_352,10,exito,14601,2325.7,05,subwp,42,1
3521,goal_353,1,exito,15023,2362.03,05,subwp,42,1
3522,goal_353,2,exito,15024,2364.61,05,subwp,42,1
3523,goal_353,3,exito,15026,2366.53,05,subwp,42,1
3524,goal_353,4,exito,15021,2367.94,05,subwp,42,1
3525,goal_353,5,exito,15020,2369.72,05,subwp,42,1
3526,goal_353,6,exito,15013,2370.25,05,subwp,42,1
3527,goal_353,7,exito,15020,2371.39,05,subwp,42,1
3528,goal_353,8,exito,15021,2372.2,05,subwp,42,1
3529,goal_353,9,exito,15020,2372.92,05,subwp,42,1
3530,goal_353,10,exito,15027,2373.55,05,subwp,42,1
3531,goal_354,1,exito,14913,2364.96,05,subwp,42,1
3532,goal_354,2,exito,14911,2362.25,05,subwp,42,1
3533,goal_354,3,exito,14912,2357.43,05,subwp,42,1
3534,goal_354,4,exito,14910,2347.68,05,subwp,42,1
3535,goal_354,5,exito,14912,2331.34,05,subwp,42,1
3536,goal_354,6,col_approach,2851,231.99,05,subwp,42,1
3537,goal_354,7,exito,14905,2367.72,05,subwp,42,1
3538,goal_354,8,exito,14913,2366.97,05,subwp,42,1
3539,goal_354,9,exito,14912,2367.09,05,subwp,42,1
3540,goal_354,10,exito,14912,2367.04,05,subwp,42,1
3541,goal_355,1,exito,15242,2411.39,05,subwp,42,1
3542,goal_355,2,exito,15242,2411.5,05,subwp,42,1
3543,goal_355,3,exito,15239,2410.69,05,subwp,42,1
3544,goal_355,4,exito,15242,2405.61,05,subwp,42,1
3545,goal_355,5,exito,15243,2378.79,05,subwp,42,1
3546,goal_355,6,col_return,10207,1418.29,05,subwp,42,1
3547,goal_355,7,exito,15234,2411.68,05,subwp,42,1
3548,goal_355,8,exito,15240,2411.27,05,subwp,42,1
3549,goal_355,9,exito,15239,2410.4,05,subwp,42,1
3550,goal_355,10,exito,15240,2403.7,05,subwp,42,1
3551,goal_356,1,col_approach,2923,242.36,05,subwp,42,1
3552,goal_356,2,exito,15202,2417.32,05,subwp,42,1
3553,goal_356,3,exito,15208,2416.52,05,subwp,42,1
3554,goal_356,4,exito,15210,2412.88,05,subwp,42,1
3555,goal_356,5,exito,15210,2396.02,05,subwp,42,1
3556,goal_356,6,col_return,10234,1428.37,05,subwp,42,1
3557,goal_356,7,exito,15201,2417.06,05,subwp,42,1
3558,goal_356,8,exito,15208,2416.74,05,subwp,42,1
3559,goal_356,9,exito,15210,2416.98,05,subwp,42,1
3560,goal_356,10,exito,15210,2414.99,05,subwp,42,1
3561,goal_357,1,exito,15461,2430.48,05,subwp,42,1
3562,goal_357,2,exito,15465,2423.44,05,subwp,42,1
3563,goal_357,3,exito,15463,2444.56,05,subwp,42,1
3564,goal_357,4,exito,15464,2431.16,05,subwp,42,1
3565,goal_357,5,exito,15464,2444.92,05,subwp,42,1
3566,goal_357,6,exito,15463,2444.56,05,subwp,42,1
3567,goal_357,7,exito,15462,2444.68,05,subwp,42,1
3568,goal_357,8,exito,15465,2440.87,05,subwp,42,1
3569,goal_357,9,col_return,10471,1452.25,05,subwp,42,1
3570,goal_357,10,exito,15458,2445.21,05,subwp,42,1
3571,goal_358,1,exito,15461,2461.57,05,subwp,42,1
3572,goal_358,2,exito,15463,2431.91,05,subwp,42,1
3573,goal_358,3,exito,15462,2452.94,05,subwp,42,1
3574,goal_358,4,exito,15462,2462.14,05,subwp,42,1
3575,goal_358,5,col_approach,2891,217.1,05,subwp,42,1
3576,goal_358,6,col_return,10127,1422.97,05,subwp,42,1
3577,goal_358,7,exito,15453,2462.45,05,subwp,42,1
3578,goal_358,8,exito,15462,2451.36,05,subwp,42,1
3579,goal_358,9,exito,15462,2436.42,05,subwp,42,1
3580,goal_358,10,exito,15462,2461.65,05,subwp,42,1
3581,goal_359,1,exito,15691,2468.63,05,subwp,42,1
3582,goal_359,2,exito,15692,2476.33,05,subwp,42,1
3583,goal_359,3,exito,15692,2476.44,05,subwp,42,1
3584,goal_359,4,col_return,10727,1486.77,05,subwp,42,1
3585,goal_359,5,exito,15686,2476.67,05,subwp,42,1
3586,goal_359,6,exito,15692,2472.36,05,subwp,42,1
3587,goal_359,7,exito,15691,2465.61,05,subwp,42,1
3588,goal_359,8,exito,15692,2476.38,05,subwp,42,1
3589,goal_359,9,exito,15693,2476.23,05,subwp,42,1
3590,goal_359,10,exito,15690,2476.47,05,subwp,42,1
3591,goal_360,1,col_return,10827,1511.98,05,subwp,42,1
3592,goal_360,2,exito,15748,2497.85,05,subwp,42,1
3593,goal_360,3,exito,15753,2492.05,05,subwp,42,1
3594,goal_360,4,exito,15755,2492.53,05,subwp,42,1
3595,goal_360,5,exito,15753,2479.52,05,subwp,42,1
3596,goal_360,6,exito,15756,2497.22,05,subwp,42,1
3597,goal_360,7,exito,15754,2494.37,05,subwp,42,1
3598,goal_360,8,col_return,10635,1490.63,05,subwp,42,1
3599,goal_360,9,exito,15748,2497.9,05,subwp,42,1
3600,goal_360,10,exito,15755,2476.21,05,subwp,42,1
3601,goal_361,1,exito,15888,2505.03,05,subwp,42,1
3602,goal_361,2,exito,15889,2492.87,05,subwp,42,1
3603,goal_361,3,exito,15889,2505.83,05,subwp,42,1
3604,goal_361,4,col_return,10800,1504.32,05,subwp,42,1
3605,goal_361,5,exito,15881,2506.18,05,subwp,42,1
3606,goal_361,6,col_approach,2929,243.97,05,subwp,42,1
3607,goal_361,7,exito,15881,2477.94,05,subwp,42,1
3608,goal_361,8,col_return,10554,1464.5,05,subwp,42,1
3609,goal_361,9,exito,15881,2506.29,05,subwp,42,1
3610,goal_361,10,exito,15887,2475.81,05,subwp,42,1
3611,goal_362,1,exito,15956,2526.29,05,subwp,42,1
3612,goal_362,2,exito,15957,2528.01,05,subwp,42,1
3613,goal_362,3,col_return,10965,1537.0,05,subwp,42,1
3614,goal_362,4,exito,15949,2528.32,05,subwp,42,1
3615,goal_362,5,exito,15956,2491.96,05,subwp,42,1
3616,goal_362,6,exito,15957,2527.61,05,subwp,42,1
3617,goal_362,7,exito,15957,2527.73,05,subwp,42,1
3618,goal_362,8,exito,15959,2500.6,05,subwp,42,1
3619,goal_362,9,col_return,10587,1486.56,05,subwp,42,1
3620,goal_362,10,exito,15950,2528.25,05,subwp,42,1
3621,goal_363,1,exito,16133,2523.55,05,subwp,42,1
3622,goal_363,2,exito,16135,2493.11,05,subwp,42,1
3623,goal_363,3,exito,16132,2520.93,05,subwp,42,1
3624,goal_363,4,col_return,10710,1484.15,05,subwp,42,1
3625,goal_363,5,exito,16125,2538.85,05,subwp,42,1
3626,goal_363,6,exito,16132,2536.4,05,subwp,42,1
3627,goal_363,7,exito,16135,2538.33,05,subwp,42,1
3628,goal_363,8,col_return,11164,1546.57,05,subwp,42,1
3629,goal_363,9,exito,16126,2538.91,05,subwp,42,1
3630,goal_363,10,col_approach,2851,229.78,05,subwp,42,1
3631,goal_364,1,col_return,11107,1557.19,05,subwp,42,1
3632,goal_364,2,exito,16176,2559.85,05,subwp,42,1
3633,goal_364,3,exito,16184,2534.96,05,subwp,42,1
3634,goal_364,4,exito,16183,2504.26,05,subwp,42,1
3635,goal_364,5,exito,16184,2528.88,05,subwp,42,1
3636,goal_364,6,col_return,10685,1497.61,05,subwp,42,1
3637,goal_364,7,exito,16176,2559.43,05,subwp,42,1
3638,goal_364,8,exito,16183,2558.97,05,subwp,42,1
3639,goal_364,9,exito,16183,2559.49,05,subwp,42,1
3640,goal_364,10,col_return,11071,1554.79,05,subwp,42,1
3641,goal_365,1,exito,16395,2577.96,05,subwp,42,1
3642,goal_365,2,exito,16402,2574.3,05,subwp,42,1
3643,goal_365,3,exito,16401,2576.99,05,subwp,42,1
3644,goal_365,4,col_return,11046,1532.64,05,subwp,42,1
3645,goal_365,5,exito,16395,2577.77,05,subwp,42,1
3646,goal_365,6,exito,16401,2577.1,05,subwp,42,1
3647,goal_365,7,exito,16404,2572.33,05,subwp,42,1
3648,goal_365,8,col_return,10925,1516.12,05,subwp,42,1
3649,goal_365,9,exito,16397,2576.94,05,subwp,42,1
3650,goal_365,10,exito,16405,2577.43,05,subwp,42,1
3651,goal_366,1,exito,16410,2574.12,05,subwp,42,1
3652,goal_366,2,col_return,10860,1519.2,05,subwp,42,1
3653,goal_366,3,exito,16403,2588.83,05,subwp,42,1
3654,goal_366,4,exito,16421,2590.25,05,subwp,42,1
3655,goal_366,5,exito,16415,2559.64,05,subwp,42,1
3656,goal_366,6,col_return,10811,1508.21,05,subwp,42,1
3657,goal_366,7,exito,16410,2587.57,05,subwp,42,1
3658,goal_366,8,exito,16415,2589.87,05,subwp,42,1
3659,goal_366,9,col_return,11511,1603.45,05,subwp,42,1
3660,goal_366,10,exito,16410,2590.0,05,subwp,42,1
3661,goal_367,1,exito,16600,2599.88,05,subwp,42,1
3662,goal_367,2,exito,16599,2604.86,05,subwp,42,1
3663,goal_367,3,col_return,11009,1536.05,05,subwp,42,1
3664,goal_367,4,exito,16590,2608.85,05,subwp,42,1
3665,goal_367,5,exito,16596,2603.73,05,subwp,42,1
3666,goal_367,6,col_return,11411,1596.91,05,subwp,42,1
3667,goal_367,7,exito,16594,2610.36,05,subwp,42,1
3668,goal_367,8,exito,16600,2609.84,05,subwp,42,1
3669,goal_367,9,col_return,11615,1619.52,05,subwp,42,1
3670,goal_367,10,exito,16592,2610.36,05,subwp,42,1
3671,goal_368,1,exito,16610,2617.66,05,subwp,42,1
3672,goal_368,2,exito,16611,2589.13,05,subwp,42,1
3673,goal_368,3,col_return,10904,1523.72,05,subwp,42,1
3674,goal_368,4,exito,16603,2613.93,05,subwp,42,1
3675,goal_368,5,col_approach,2872,219.04,05,subwp,42,1
3676,goal_368,6,exito,16604,2543.29,05,subwp,42,1
3677,goal_368,7,exito,16610,2619.3,05,subwp,42,1
3678,goal_368,8,exito,16612,2589.51,05,subwp,42,1
3679,goal_368,9,exito,16610,2607.34,05,subwp,42,1
3680,goal_368,10,col_return,11244,1571.36,05,subwp,42,1
3681,goal_369,1,exito,16866,2646.53,05,subwp,42,1
3682,goal_369,2,exito,16863,2618.22,05,subwp,42,1
3683,goal_369,3,col_return,11383,1584.95,05,subwp,42,1
3684,goal_369,4,exito,16857,2646.25,05,subwp,42,1
3685,goal_369,5,col_approach,2850,210.6,05,subwp,42,1
3686,goal_369,6,exito,16858,2646.83,05,subwp,42,1
3687,goal_369,7,exito,16863,2646.36,05,subwp,42,1
3688,goal_369,8,exito,16873,2639.23,05,subwp,42,1
3689,goal_369,9,col_return,11778,1644.32,05,subwp,42,1
3690,goal_369,10,exito,16855,2646.67,05,subwp,42,1
3691,goal_370,1,exito,16856,2655.16,05,subwp,42,1
3692,goal_370,2,col_return,11536,1617.14,05,subwp,42,1
3693,goal_370,3,exito,16849,2655.36,05,subwp,42,1
3694,goal_370,4,exito,16856,2647.82,05,subwp,42,1
3695,goal_370,5,col_return,11407,1599.3,05,subwp,42,1
3696,goal_370,6,exito,16849,2655.46,05,subwp,42,1
3697,goal_370,7,exito,16856,2588.28,05,subwp,42,1
3698,goal_370,8,col_return,11361,1589.7,05,subwp,42,1
3699,goal_370,9,exito,16849,2654.69,05,subwp,42,1
3700,goal_370,10,col_approach,2842,209.92,05,subwp,42,1
3701,goal_371,1,exito,17066,2677.86,05,subwp,42,1
3702,goal_371,2,exito,17074,2677.28,05,subwp,42,1
3703,goal_371,3,exito,17073,2677.31,05,subwp,42,1
3704,goal_371,4,col_return,11576,1615.64,05,subwp,42,1
3705,goal_371,5,exito,17063,2677.09,05,subwp,42,1
3706,goal_371,6,exito,17071,2663.78,05,subwp,42,1
3707,goal_371,7,col_return,11218,1564.23,05,subwp,42,1
3708,goal_371,8,exito,17064,2660.66,05,subwp,42,1
3709,goal_371,9,col_return,12079,1686.52,05,subwp,42,1
3710,goal_371,10,exito,17064,2678.38,05,subwp,42,1
3711,goal_372,1,exito,17070,2687.9,05,subwp,42,1
3712,goal_372,2,col_return,11465,1610.85,05,subwp,42,1
3713,goal_372,3,exito,17063,2685.61,05,subwp,42,1
3714,goal_372,4,exito,17068,2669.12,05,subwp,42,1
3715,goal_372,5,exito,17068,2617.98,05,subwp,42,1
3716,goal_372,6,exito,17070,2687.99,05,subwp,42,1
3717,goal_372,7,exito,17068,2677.62,05,subwp,42,1
3718,goal_372,8,col_return,11821,1657.9,05,subwp,42,1
3719,goal_372,9,exito,17063,2688.45,05,subwp,42,1
3720,goal_372,10,col_approach,2864,217.04,05,subwp,42,1
3721,goal_373,1,exito,16667,2598.98,05,subwp,42,1
3722,goal_373,2,exito,16673,2616.23,05,subwp,42,1
3723,goal_373,3,exito,16672,2616.43,05,subwp,42,1
3724,goal_373,4,exito,16671,2615.13,05,subwp,42,1
3725,goal_373,5,col_return,11142,1548.8,05,subwp,42,1
3726,goal_373,6,exito,16667,2616.57,05,subwp,42,1
3727,goal_373,7,exito,16672,2616.25,05,subwp,42,1
3728,goal_373,8,col_return,11410,1584.6,05,subwp,42,1
3729,goal_373,9,exito,16667,2616.96,05,subwp,42,1
3730,goal_373,10,exito,16672,2616.16,05,subwp,42,1
3731,goal_374,1,col_return,11389,1599.95,05,subwp,42,1
3732,goal_374,2,exito,16392,2588.35,05,subwp,42,1
3733,goal_374,3,exito,16397,2588.1,05,subwp,42,1
3734,goal_374,4,exito,16397,2588.17,05,subwp,42,1
3735,goal_374,5,col_return,11097,1557.08,05,subwp,42,1
3736,goal_374,6,exito,16390,2588.31,05,subwp,42,1
3737,goal_374,7,exito,16397,2587.39,05,subwp,42,1
3738,goal_374,8,exito,16398,2585.07,05,subwp,42,1
3739,goal_374,9,col_return,10963,1531.05,05,subwp,42,1
3740,goal_374,10,exito,16391,2588.32,05,subwp,42,1
3741,goal_375,1,exito,16561,2598.72,05,subwp,42,1
3742,goal_375,2,col_return,11585,1608.79,05,subwp,42,1
3743,goal_375,3,exito,16552,2598.19,05,subwp,42,1
3744,goal_375,4,exito,16562,2598.61,05,subwp,42,1
3745,goal_375,5,exito,16564,2587.39,05,subwp,42,1
3746,goal_375,6,col_return,10947,1518.33,05,subwp,42,1
3747,goal_375,7,exito,16555,2599.52,05,subwp,42,1
3748,goal_375,8,exito,16560,2598.64,05,subwp,42,1
3749,goal_375,9,col_return,11420,1586.45,05,subwp,42,1
3750,goal_375,10,exito,16554,2598.69,05,subwp,42,1
3751,goal_376,1,exito,16303,2575.27,05,subwp,42,1
3752,goal_376,2,exito,16303,2575.27,05,subwp,42,1
3753,goal_376,3,col_return,11000,1539.54,05,subwp,42,1
3754,goal_376,4,exito,16296,2575.72,05,subwp,42,1
3755,goal_376,5,exito,16304,2575.32,05,subwp,42,1
3756,goal_376,6,exito,16303,2574.6,05,subwp,42,1
3757,goal_376,7,col_return,11047,1544.12,05,subwp,42,1
3758,goal_376,8,exito,16297,2575.9,05,subwp,42,1
3759,goal_376,9,exito,16304,2575.21,05,subwp,42,1
3760,goal_376,10,exito,16304,2575.25,05,subwp,42,1
3761,goal_377,1,col_return,11064,1540.95,05,subwp,42,1
3762,goal_377,2,exito,16305,2566.27,05,subwp,42,1
3763,goal_377,3,exito,16313,2565.97,05,subwp,42,1
3764,goal_377,4,exito,16313,2566.0,05,subwp,42,1
3765,goal_377,5,col_return,11065,1541.17,05,subwp,42,1
3766,goal_377,6,exito,16306,2566.5,05,subwp,42,1
3767,goal_377,7,exito,16312,2565.66,05,subwp,42,1
3768,goal_377,8,exito,16313,2566.55,05,subwp,42,1
3769,goal_377,9,col_return,11067,1539.97,05,subwp,42,1
3770,goal_377,10,exito,16306,2566.54,05,subwp,42,1
3771,goal_378,1,exito,16062,2540.27,05,subwp,42,1
3772,goal_378,2,exito,16061,2539.83,05,subwp,42,1
3773,goal_378,3,exito,16062,2520.79,05,subwp,42,1
3774,goal_378,4,col_return,10666,1490.8,05,subwp,42,1
3775,goal_378,5,exito,16057,2540.88,05,subwp,42,1
3776,goal_378,6,exito,16061,2540.51,05,subwp,42,1
3777,goal_378,7,exito,16060,2540.17,05,subwp,42,1
3778,goal_378,8,exito,16062,2530.36,05,subwp,42,1
3779,goal_378,9,col_return,10707,1496.15,05,subwp,42,1
3780,goal_378,10,exito,16056,2540.95,05,subwp,42,1
3781,goal_379,1,exito,16072,2533.08,05,subwp,42,1
3782,goal_379,2,exito,16073,2533.44,05,subwp,42,1
3783,goal_379,3,exito,16074,2523.59,05,subwp,42,1
3784,goal_379,4,col_return,10719,1490.32,05,subwp,42,1
3785,goal_379,5,exito,16067,2533.09,05,subwp,42,1
3786,goal_379,6,exito,16078,2533.28,05,subwp,42,1
3787,goal_379,7,exito,16076,2533.66,05,subwp,42,1
3788,goal_379,8,exito,16075,2522.64,05,subwp,42,1
3789,goal_379,9,col_return,10711,1487.04,05,subwp,42,1
3790,goal_379,10,exito,16068,2533.95,05,subwp,42,1
3791,goal_380,1,exito,15817,2505.57,05,subwp,42,1
3792,goal_380,2,exito,15818,2505.82,05,subwp,42,1
3793,goal_380,3,exito,15818,2505.84,05,subwp,42,1
3794,goal_380,4,exito,15818,2489.01,05,subwp,42,1
3795,goal_380,5,col_return,10554,1474.66,05,subwp,42,1
3796,goal_380,6,exito,15811,2506.22,05,subwp,42,1
3797,goal_380,7,exito,15817,2505.18,05,subwp,42,1
3798,goal_380,8,exito,15817,2505.7,05,subwp,42,1
3799,goal_380,9,exito,15815,2504.94,05,subwp,42,1
3800,goal_380,10,exito,15817,2505.09,05,subwp,42,1
3801,goal_381,1,col_return,10771,1501.82,05,subwp,42,1
3802,goal_381,2,exito,15893,2508.64,05,subwp,42,1
3803,goal_381,3,exito,15898,2507.4,05,subwp,42,1
3804,goal_381,4,exito,15898,2507.44,05,subwp,42,1
3805,goal_381,5,exito,15899,2508.15,05,subwp,42,1
3806,goal_381,6,exito,15898,2499.8,05,subwp,42,1
3807,goal_381,7,col_return,10644,1478.87,05,subwp,42,1
3808,goal_381,8,exito,15892,2508.55,05,subwp,42,1
3809,goal_381,9,exito,15898,2507.87,05,subwp,42,1
3810,goal_381,10,exito,15898,2507.58,05,subwp,42,1
3811,goal_382,1,exito,15595,2477.01,05,subwp,42,1
3812,goal_382,2,exito,15596,2476.84,05,subwp,42,1
3813,goal_382,3,exito,15596,2457.01,05,subwp,42,1
3814,goal_382,4,col_return,10432,1460.11,05,subwp,42,1
3815,goal_382,5,exito,15589,2477.36,05,subwp,42,1
3816,goal_382,6,exito,15597,2477.35,05,subwp,42,1
3817,goal_382,7,exito,15595,2476.4,05,subwp,42,1
3818,goal_382,8,exito,15595,2476.95,05,subwp,42,1
3819,goal_382,9,exito,15595,2476.8,05,subwp,42,1
3820,goal_382,10,exito,15597,2477.13,05,subwp,42,1
3821,goal_383,1,exito,15642,2474.93,05,subwp,42,1
3822,goal_383,2,col_return,10632,1484.99,05,subwp,42,1
3823,goal_383,3,exito,15636,2476.73,05,subwp,42,1
3824,goal_383,4,exito,15642,2475.56,05,subwp,42,1
3825,goal_383,5,exito,15643,2475.21,05,subwp,42,1
3826,goal_383,6,exito,15645,2475.82,05,subwp,42,1
3827,goal_383,7,exito,15644,2475.71,05,subwp,42,1
3828,goal_383,8,exito,15644,2475.73,05,subwp,42,1
3829,goal_383,9,exito,15644,2471.94,05,subwp,42,1
3830,goal_383,10,col_return,10564,1470.53,05,subwp,42,1
3831,goal_384,1,exito,15345,2442.97,05,subwp,42,1
3832,goal_384,2,exito,15350,2443.07,05,subwp,42,1
3833,goal_384,3,exito,15351,2442.89,05,subwp,42,1
3834,goal_384,4,exito,15349,2442.55,05,subwp,42,1
3835,goal_384,5,exito,15351,2442.87,05,subwp,42,1
3836,goal_384,6,exito,15349,2442.87,05,subwp,42,1
3837,goal_384,7,exito,15351,2442.27,05,subwp,42,1
3838,goal_384,8,exito,15351,2442.86,05,subwp,42,1
3839,goal_384,9,exito,15351,2442.71,05,subwp,42,1
3840,goal_384,10,exito,15352,2443.03,05,subwp,42,1
3841,goal_385,1,exito,15450,2449.64,05,subwp,42,1
3842,goal_385,2,exito,15447,2445.96,05,subwp,42,1
3843,goal_385,3,col_return,10487,1457.61,05,subwp,42,1
3844,goal_385,4,exito,15443,2449.53,05,subwp,42,1
3845,goal_385,5,exito,15449,2449.08,05,subwp,42,1
3846,goal_385,6,exito,15449,2449.17,05,subwp,42,1
3847,goal_385,7,exito,15448,2449.17,05,subwp,42,1
3848,goal_385,8,exito,15449,2449.0,05,subwp,42,1
3849,goal_385,9,exito,15449,2449.35,05,subwp,42,1
3850,goal_385,10,exito,15450,2449.43,05,subwp,42,1
3851,goal_386,1,exito,15187,2422.39,05,subwp,42,1
3852,goal_386,2,exito,15186,2422.18,05,subwp,42,1
3853,goal_386,3,exito,15186,2422.16,05,subwp,42,1
3854,goal_386,4,exito,15185,2422.06,05,subwp,42,1
3855,goal_386,5,exito,15185,2422.01,05,subwp,42,1
3856,goal_386,6,exito,15186,2421.85,05,subwp,42,1
3857,goal_386,7,exito,15185,2420.59,05,subwp,42,1
3858,goal_386,8,exito,15184,2413.69,05,subwp,42,1
3859,goal_386,9,exito,15186,2391.19,05,subwp,42,1
3860,goal_386,10,col_return,10191,1430.18,05,subwp,42,1
3861,goal_387,1,exito,15205,2416.32,05,subwp,42,1
3862,goal_387,2,exito,15212,2416.04,05,subwp,42,1
3863,goal_387,3,exito,15213,2416.38,05,subwp,42,1
3864,goal_387,4,exito,15212,2416.27,05,subwp,42,1
3865,goal_387,5,exito,15213,2416.13,05,subwp,42,1
3866,goal_387,6,exito,15213,2416.46,05,subwp,42,1
3867,goal_387,7,exito,15213,2416.47,05,subwp,42,1
3868,goal_387,8,exito,15213,2416.47,05,subwp,42,1
3869,goal_387,9,exito,15212,2415.98,05,subwp,42,1
3870,goal_387,10,exito,15213,2416.55,05,subwp,42,1
3871,goal_388,1,exito,14984,2393.03,05,subwp,42,1
3872,goal_388,2,exito,14984,2393.05,05,subwp,42,1
3873,goal_388,3,exito,14984,2392.77,05,subwp,42,1
3874,goal_388,4,exito,14985,2393.19,05,subwp,42,1
3875,goal_388,5,exito,14983,2392.4,05,subwp,42,1
3876,goal_388,6,exito,14983,2392.57,05,subwp,42,1
3877,goal_388,7,exito,14983,2392.35,05,subwp,42,1
3878,goal_388,8,exito,14984,2393.19,05,subwp,42,1
3879,goal_388,9,exito,14982,2392.31,05,subwp,42,1
3880,goal_388,10,exito,14982,2392.23,05,subwp,42,1
3881,goal_389,1,exito,14949,2378.07,05,subwp,42,1
3882,goal_389,2,exito,14948,2377.72,05,subwp,42,1
3883,goal_389,3,exito,14951,2378.43,05,subwp,42,1
3884,goal_389,4,exito,14948,2378.33,05,subwp,42,1
3885,goal_389,5,exito,14949,2378.03,05,subwp,42,1
3886,goal_389,6,exito,14947,2377.96,05,subwp,42,1
3887,goal_389,7,exito,14948,2377.04,05,subwp,42,1
3888,goal_389,8,exito,14947,2377.8,05,subwp,42,1
3889,goal_389,9,exito,14948,2378.16,05,subwp,42,1
3890,goal_389,10,exito,14950,2378.14,05,subwp,42,1
3891,goal_390,1,exito,14779,2358.61,05,subwp,42,1
3892,goal_390,2,exito,14775,2358.36,05,subwp,42,1
3893,goal_390,3,exito,14777,2358.93,05,subwp,42,1
3894,goal_390,4,exito,14776,2358.52,05,subwp,42,1
3895,goal_390,5,exito,14778,2358.85,05,subwp,42,1
3896,goal_390,6,exito,14778,2359.16,05,subwp,42,1
3897,goal_390,7,exito,14778,2359.1,05,subwp,42,1
3898,goal_390,8,exito,14776,2359.03,05,subwp,42,1
3899,goal_390,9,exito,14777,2358.73,05,subwp,42,1
3900,goal_390,10,exito,14777,2154.74,05,subwp,42,1
3901,goal_391,1,col_return,8987,1243.8,05,subwp,42,1
3902,goal_391,2,exito,14713,2345.71,05,subwp,42,1
3903,goal_391,3,exito,14719,2344.91,05,subwp,42,1
3904,goal_391,4,exito,14721,2345.3,05,subwp,42,1
3905,goal_391,5,exito,14720,2344.9,05,subwp,42,1
3906,goal_391,6,exito,14720,2316.57,05,subwp,42,1
3907,goal_391,7,col_return,8945,1240.32,05,subwp,42,1
3908,goal_391,8,exito,14712,2345.5,05,subwp,42,1
3909,goal_391,9,exito,14720,2345.36,05,subwp,42,1
3910,goal_391,10,exito,14721,2345.46,05,subwp,42,1
3911,goal_392,1,exito,14602,2336.3,05,subwp,42,1
3912,goal_392,2,col_return,8782,1222.57,05,subwp,42,1
3913,goal_392,3,exito,14595,2336.73,05,subwp,42,1
3914,goal_392,4,exito,14601,2336.03,05,subwp,42,1
3915,goal_392,5,exito,14602,2336.31,05,subwp,42,1
3916,goal_392,6,col_return,8755,1218.21,05,subwp,42,1
3917,goal_392,7,exito,14597,2336.56,05,subwp,42,1
3918,goal_392,8,exito,14600,2336.25,05,subwp,42,1
3919,goal_392,9,exito,14602,2336.51,05,subwp,42,1
3920,goal_392,10,exito,14603,2246.43,05,subwp,42,1
3921,goal_393,1,col_return,8848,1226.48,05,subwp,42,1
3922,goal_393,2,exito,14477,2312.85,05,subwp,42,1
3923,goal_393,3,exito,14481,2312.07,05,subwp,42,1
3924,goal_393,4,col_return,8695,1205.39,05,subwp,42,1
3925,goal_393,5,exito,14473,2312.55,05,subwp,42,1
3926,goal_393,6,exito,14484,2312.42,05,subwp,42,1
3927,goal_393,7,exito,14483,2020.92,05,subwp,42,1
3928,goal_393,8,col_return,8875,1231.75,05,subwp,42,1
3929,goal_393,9,exito,14477,2312.82,05,subwp,42,1
3930,goal_393,10,exito,14481,2311.92,05,subwp,42,1
3931,goal_394,1,col_return,8665,1206.14,05,subwp,42,1
3932,goal_394,2,exito,14396,2306.86,05,subwp,42,1
3933,goal_394,3,exito,14404,2306.82,05,subwp,42,1
3934,goal_394,4,col_return,8684,1207.9,05,subwp,42,1
3935,goal_394,5,exito,14397,2306.96,05,subwp,42,1
3936,goal_394,6,exito,14403,2306.31,05,subwp,42,1
3937,goal_394,7,col_return,8683,1212.01,05,subwp,42,1
3938,goal_394,8,exito,14397,2306.99,05,subwp,42,1
3939,goal_394,9,exito,14405,2306.53,05,subwp,42,1
3940,goal_394,10,col_return,8695,1211.05,05,subwp,42,1
3941,goal_395,1,exito,14244,2282.82,05,subwp,42,1
3942,goal_395,2,col_return,8401,1167.54,05,subwp,42,1
3943,goal_395,3,exito,14245,2283.17,05,subwp,42,1
3944,goal_395,4,exito,14252,2264.49,05,subwp,42,1
3945,goal_395,5,col_return,8695,1214.16,05,subwp,42,1
3946,goal_395,6,exito,14244,2282.9,05,subwp,42,1
3947,goal_395,7,col_return,8474,1180.43,05,subwp,42,1
3948,goal_395,8,exito,14245,2282.88,05,subwp,42,1
3949,goal_395,9,exito,14253,2157.02,05,subwp,42,1
3950,goal_395,10,col_return,8735,1217.78,05,subwp,42,1
3951,goal_396,1,exito,14225,2279.39,05,subwp,42,1
3952,goal_396,2,col_return,8492,1180.64,05,subwp,42,1
3953,goal_396,3,exito,14225,2280.01,05,subwp,42,1
3954,goal_396,4,col_return,8385,1167.8,05,subwp,42,1
3955,goal_396,5,exito,14225,2279.14,05,subwp,42,1
3956,goal_396,6,exito,14232,2210.13,05,subwp,42,1
3957,goal_396,7,col_return,8711,1213.95,05,subwp,42,1
3958,goal_396,8,exito,14226,2279.63,05,subwp,42,1
3959,goal_396,9,col_return,8491,1180.69,05,subwp,42,1
3960,goal_396,10,exito,14225,2279.89,05,subwp,42,1
3961,goal_397,1,exito,14345,2191.77,05,subwp,42,1
3962,goal_397,2,col_return,8766,1202.88,05,subwp,42,1
3963,goal_397,3,exito,14338,2288.86,05,subwp,42,1
3964,goal_397,4,col_approach,3405,308.11,05,subwp,42,1
3965,goal_397,5,exito,14338,2291.25,05,subwp,42,1
3966,goal_397,6,exito,14345,2277.91,05,subwp,42,1
3967,goal_397,7,exito,14345,2290.88,05,subwp,42,1
3968,goal_397,8,exito,14345,2290.54,05,subwp,42,1
3969,goal_397,9,exito,14345,2289.33,05,subwp,42,1
3970,goal_397,10,exito,14345,2255.95,05,subwp,42,1
3971,goal_398,1,col_return,8815,1225.57,05,subwp,42,1
3972,goal_398,2,exito,14505,2319.0,05,subwp,42,1
3973,goal_398,3,exito,14511,2317.97,05,subwp,42,1
3974,goal_398,4,col_return,8725,1187.74,05,subwp,42,1
3975,goal_398,5,exito,14504,2318.4,05,subwp,42,1
3976,goal_398,6,exito,14513,2318.27,05,subwp,42,1
3977,goal_398,7,exito,14509,2318.87,05,subwp,42,1
3978,goal_398,8,col_return,8768,1217.8,05,subwp,42,1
3979,goal_398,9,exito,14504,2318.78,05,subwp,42,1
3980,goal_398,10,exito,14512,2317.95,05,subwp,42,1
3981,goal_399,1,exito,14536,2233.93,05,subwp,42,1
3982,goal_399,2,col_return,8865,1235.11,05,subwp,42,1
3983,goal_399,3,exito,14530,2309.94,05,subwp,42,1
3984,goal_399,4,col_approach,3264,293.13,05,subwp,42,1
3985,goal_399,5,exito,14529,2322.15,05,subwp,42,1
3986,goal_399,6,exito,14536,2322.15,05,subwp,42,1
3987,goal_399,7,exito,14536,2224.32,05,subwp,42,1
3988,goal_399,8,exito,14539,2321.93,05,subwp,42,1
3989,goal_399,9,exito,14537,2322.01,05,subwp,42,1
3990,goal_399,10,exito,14537,2320.88,05,subwp,42,1
3991,goal_400,1,exito,14455,2298.82,05,subwp,42,1
3992,goal_400,2,exito,14448,2290.74,05,subwp,42,1
3993,goal_400,3,col_approach,3552,336.19,05,subwp,42,1
3994,goal_400,4,exito,14445,2299.43,05,subwp,42,1
3995,goal_400,5,exito,14455,2239.8,05,subwp,42,1
3996,goal_400,6,exito,14452,2299.1,05,subwp,42,1
3997,goal_400,7,exito,14455,2299.22,05,subwp,42,1
3998,goal_400,8,exito,14454,2299.2,05,subwp,42,1
3999,goal_400,9,exito,14454,2296.73,05,subwp,42,1
4000,goal_400,10,exito,14454,2220.79,05,subwp,42,1
4001,goal_401,1,col_return,9061,1241.03,05,subwp,42,1
4002,goal_401,2,exito,14906,2318.88,05,subwp,42,1
4003,goal_401,3,col_approach,2998,258.3,05,subwp,42,1
4004,goal_401,4,exito,14903,2358.9,05,subwp,42,1
4005,goal_401,5,exito,14911,2358.77,05,subwp,42,1
4006,goal_401,6,exito,14910,2359.02,05,subwp,42,1
4007,goal_401,7,exito,14910,2358.68,05,subwp,42,1
4008,goal_401,8,exito,14911,2358.65,05,subwp,42,1
4009,goal_401,9,exito,14910,2358.96,05,subwp,42,1
4010,goal_401,10,exito,14910,2358.9,05,subwp,42,1
4011,goal_402,1,exito,14654,2332.08,05,subwp,42,1
4012,goal_402,2,exito,14653,2331.6,05,subwp,42,1
4013,goal_402,3,col_approach,3225,244.98,05,subwp,42,1
4014,goal_402,4,col_return,9476,1317.29,05,subwp,42,1
4015,goal_402,5,col_approach,3275,293.96,05,subwp,42,1
4016,goal_402,6,exito,14649,2332.48,05,subwp,42,1
4017,goal_402,7,exito,14653,2331.71,05,subwp,42,1
4018,goal_402,8,exito,14655,2331.74,05,subwp,42,1
4019,goal_402,9,col_approach,3311,256.32,05,subwp,42,1
4020,goal_402,10,col_return,9461,1319.59,05,subwp,42,1
4021,goal_403,1,exito,15179,2402.66,05,subwp,42,1
4022,goal_403,2,exito,15186,2400.57,05,subwp,42,1
4023,goal_403,3,exito,15186,2396.98,05,subwp,42,1
4024,goal_403,4,exito,15185,2389.77,05,subwp,42,1
4025,goal_403,5,exito,15186,2372.03,05,subwp,42,1
4026,goal_403,6,col_approach,2855,233.26,05,subwp,42,1
4027,goal_403,7,exito,15178,2403.54,05,subwp,42,1
4028,goal_403,8,exito,15184,2402.74,05,subwp,42,1
4029,goal_403,9,exito,15185,2399.94,05,subwp,42,1
4030,goal_403,10,exito,15186,2388.75,05,subwp,42,1
4031,goal_404,1,exito,14922,2364.01,05,subwp,42,1
4032,goal_404,2,exito,14925,2367.1,05,subwp,42,1
4033,goal_404,3,exito,14923,2369.68,05,subwp,42,1
4034,goal_404,4,exito,14926,2370.48,05,subwp,42,1
4035,goal_404,5,exito,14925,2371.08,05,subwp,42,1
4036,goal_404,6,exito,14932,2371.8,05,subwp,42,1
4037,goal_404,7,exito,14925,2371.32,05,subwp,42,1
4038,goal_404,8,exito,14931,2371.88,05,subwp,42,1
4039,goal_404,9,exito,14926,2371.27,05,subwp,42,1
4040,goal_404,10,exito,14922,2372.08,05,subwp,42,1
4041,goal_405,1,exito,15439,2439.14,05,subwp,42,1
4042,goal_405,2,exito,15438,2402.62,05,subwp,42,1
4043,goal_405,3,col_return,10303,1428.46,05,subwp,42,1
4044,goal_405,4,exito,15432,2440.2,05,subwp,42,1
4045,goal_405,5,exito,15440,2437.88,05,subwp,42,1
4046,goal_405,6,col_approach,2907,237.69,05,subwp,42,1
4047,goal_405,7,exito,15433,2439.86,05,subwp,42,1
4048,goal_405,8,exito,15440,2410.77,05,subwp,42,1
4049,goal_405,9,col_return,10321,1432.44,05,subwp,42,1
4050,goal_405,10,exito,15433,2440.63,05,subwp,42,1
4051,goal_406,1,exito,15146,2395.14,05,subwp,42,1
4052,goal_406,2,exito,15145,2384.23,05,subwp,42,1
4053,goal_406,3,exito,15143,2368.18,05,subwp,42,1
4054,goal_406,4,col_approach,2904,245.65,05,subwp,42,1
4055,goal_406,5,exito,15135,2408.11,05,subwp,42,1
4056,goal_406,6,exito,15144,2407.5,05,subwp,42,1
4057,goal_406,7,exito,15139,2407.15,05,subwp,42,1
4058,goal_406,8,exito,15144,2405.65,05,subwp,42,1
4059,goal_406,9,exito,15144,2399.9,05,subwp,42,1
4060,goal_406,10,exito,15138,2386.28,05,subwp,42,1
4061,goal_407,1,col_return,10503,1459.13,05,subwp,42,1
4062,goal_407,2,exito,15750,2488.04,05,subwp,42,1
4063,goal_407,3,col_approach,2907,242.81,05,subwp,42,1
4064,goal_407,4,exito,15750,2476.64,05,subwp,42,1
4065,goal_407,5,col_return,10551,1466.96,05,subwp,42,1
4066,goal_407,6,exito,15749,2488.19,05,subwp,42,1
4067,goal_407,7,col_approach,2950,235.71,05,subwp,42,1
4068,goal_407,8,exito,15755,2475.22,05,subwp,42,1
4069,goal_407,9,col_return,10543,1467.07,05,subwp,42,1
4070,goal_407,10,exito,15756,2488.21,05,subwp,42,1
4071,goal_408,1,col_approach,2938,242.11,05,subwp,42,1
4072,goal_408,2,exito,15361,2450.25,05,subwp,42,1
4073,goal_408,3,exito,15368,2440.2,05,subwp,42,1
4074,goal_408,4,col_return,10361,1461.5,05,subwp,42,1
4075,goal_408,5,exito,15362,2450.24,05,subwp,42,1
4076,goal_408,6,exito,15369,2449.84,05,subwp,42,1
4077,goal_408,7,exito,15368,2442.35,05,subwp,42,1
4078,goal_408,8,col_approach,2846,234.24,05,subwp,42,1
4079,goal_408,9,exito,15361,2450.14,05,subwp,42,1
4080,goal_408,10,exito,15368,2436.27,05,subwp,42,1
4081,goal_409,1,col_return,10657,1479.1,05,subwp,42,1
4082,goal_409,2,exito,15986,2521.37,05,subwp,42,1
4083,goal_409,3,exito,15993,2507.08,05,subwp,42,1
4084,goal_409,4,col_approach,2869,215.91,05,subwp,42,1
4085,goal_409,5,col_return,10392,1446.29,05,subwp,42,1
4086,goal_409,6,exito,15987,2519.82,05,subwp,42,1
4087,goal_409,7,exito,15993,2519.49,05,subwp,42,1
4088,goal_409,8,exito,15993,2516.98,05,subwp,42,1
4089,goal_409,9,exito,15999,2515.61,05,subwp,42,1
4090,goal_409,10,col_return,10711,1493.5,05,subwp,42,1
4091,goal_410,1,exito,15582,2481.84,05,subwp,42,1
4092,goal_410,2,exito,15587,2462.53,05,subwp,42,1
4093,goal_410,3,exito,15584,2475.33,05,subwp,42,1
4094,goal_410,4,exito,15586,2481.41,05,subwp,42,1
4095,goal_410,5,exito,15584,2479.82,05,subwp,42,1
4096,goal_410,6,exito,15587,2481.8,05,subwp,42,1
4097,goal_410,7,exito,15590,2480.45,05,subwp,42,1
4098,goal_410,8,col_return,10614,1488.13,05,subwp,42,1
4099,goal_410,9,exito,15580,2482.01,05,subwp,42,1
4100,goal_410,10,exito,15589,2479.77,05,subwp,42,1
4101,goal_411,1,exito,16224,2508.68,05,subwp,42,1
4102,goal_411,2,col_approach,2849,202.63,05,subwp,42,1
4103,goal_411,3,col_return,10484,1455.92,05,subwp,42,1
4104,goal_411,4,exito,16219,2547.57,05,subwp,42,1
4105,goal_411,5,exito,16224,2553.62,05,subwp,42,1
4106,goal_411,6,exito,16226,2552.47,05,subwp,42,1
4107,goal_411,7,col_return,10917,1517.03,05,subwp,42,1
4108,goal_411,8,exito,16219,2553.74,05,subwp,42,1
4109,goal_411,9,exito,16226,2551.27,05,subwp,42,1
4110,goal_411,10,exito,16225,2553.75,05,subwp,42,1
4111,goal_412,1,exito,15845,2480.62,05,subwp,42,1
4112,goal_412,2,col_return,10507,1474.08,05,subwp,42,1
4113,goal_412,3,exito,15837,2516.23,05,subwp,42,1
4114,goal_412,4,col_approach,2827,229.94,05,subwp,42,1
4115,goal_412,5,exito,15837,2479.6,05,subwp,42,1
4116,goal_412,6,col_return,10499,1473.48,05,subwp,42,1
4117,goal_412,7,exito,15837,2516.26,05,subwp,42,1
4118,goal_412,8,col_approach,2825,229.67,05,subwp,42,1
4119,goal_412,9,exito,15837,2478.85,05,subwp,42,1
4120,goal_412,10,col_return,10495,1473.94,05,subwp,42,1
4121,goal_413,1,exito,16453,2587.43,05,subwp,42,1
4122,goal_413,2,exito,16460,2586.95,05,subwp,42,1
4123,goal_413,3,exito,16462,2568.5,05,subwp,42,1
4124,goal_413,4,col_return,10870,1509.5,05,subwp,42,1
4125,goal_413,5,exito,16453,2585.35,05,subwp,42,1
4126,goal_413,6,exito,16460,2586.98,05,subwp,42,1
4127,goal_413,7,col_return,11477,1597.32,05,subwp,42,1
4128,goal_413,8,exito,16455,2587.7,05,subwp,42,1
4129,goal_413,9,exito,16459,2581.24,05,subwp,42,1
4130,goal_413,10,exito,16460,2586.05,05,subwp,42,1
4131,goal_414,1,col_return,10852,1525.47,05,subwp,42,1
4132,goal_414,2,exito,16055,2547.61,05,subwp,42,1
4133,goal_414,3,exito,16062,2525.99,05,subwp,42,1
4134,goal_414,4,col_approach,2870,206.4,05,subwp,42,1
4135,goal_414,5,col_return,10426,1462.49,05,subwp,42,1
4136,goal_414,6,exito,16055,2544.71,05,subwp,42,1
4137,goal_414,7,exito,16063,2546.8,05,subwp,42,1
4138,goal_414,8,exito,16062,2547.24,05,subwp,42,1
4139,goal_414,9,col_return,11151,1555.81,05,subwp,42,1
4140,goal_414,10,exito,16055,2547.56,05,subwp,42,1
4141,goal_415,1,col_approach,2890,240.94,05,subwp,42,1
4142,goal_415,2,col_return,11372,1583.27,05,subwp,42,1
4143,goal_415,3,exito,16647,2615.83,05,subwp,42,1
4144,goal_415,4,exito,16651,2615.15,05,subwp,42,1
4145,goal_415,5,col_return,11535,1606.68,05,subwp,42,1
4146,goal_415,6,exito,16644,2615.35,05,subwp,42,1
4147,goal_415,7,exito,16651,2615.03,05,subwp,42,1
4148,goal_415,8,col_return,11616,1620.04,05,subwp,42,1
4149,goal_415,9,exito,16647,2615.83,05,subwp,42,1
4150,goal_415,10,exito,16650,2614.52,05,subwp,42,1
4151,goal_416,1,exito,16265,2572.97,05,subwp,42,1
4152,goal_416,2,col_return,10831,1524.54,05,subwp,42,1
4153,goal_416,3,exito,16257,2580.54,05,subwp,42,1
4154,goal_416,4,exito,16263,2579.73,05,subwp,42,1
4155,goal_416,5,exito,16263,2580.21,05,subwp,42,1
4156,goal_416,6,col_return,11021,1553.77,05,subwp,42,1
4157,goal_416,7,exito,16258,2580.72,05,subwp,42,1
4158,goal_416,8,exito,16263,2576.89,05,subwp,42,1
4159,goal_416,9,exito,16264,2579.98,05,subwp,42,1
4160,goal_416,10,col_return,11112,1568.72,05,subwp,42,1
4161,goal_417,1,exito,16881,2648.26,05,subwp,42,1
4162,goal_417,2,exito,16887,2648.11,05,subwp,42,1
4163,goal_417,3,col_return,11486,1598.82,05,subwp,42,1
4164,goal_417,4,exito,16881,2648.46,05,subwp,42,1
4165,goal_417,5,exito,16886,2586.64,05,subwp,42,1
4166,goal_417,6,col_return,11361,1577.74,05,subwp,42,1
4167,goal_417,7,exito,16881,2647.24,05,subwp,42,1
4168,goal_417,8,col_approach,2837,211.97,05,subwp,42,1
4169,goal_417,9,exito,16881,2648.28,05,subwp,42,1
4170,goal_417,10,exito,16889,2647.93,05,subwp,42,1
4171,goal_418,1,exito,16498,2615.05,05,subwp,42,1
4172,goal_418,2,exito,16498,2614.14,05,subwp,42,1
4173,goal_418,3,col_return,10989,1551.57,05,subwp,42,1
4174,goal_418,4,exito,16491,2617.22,05,subwp,42,1
4175,goal_418,5,exito,16497,2617.88,05,subwp,42,1
4176,goal_418,6,col_return,11501,1628.51,05,subwp,42,1
4177,goal_418,7,exito,16491,2618.29,05,subwp,42,1
4178,goal_418,8,exito,16499,2614.17,05,subwp,42,1
4179,goal_418,9,exito,16497,2615.12,05,subwp,42,1
4180,goal_418,10,col_return,11004,1553.97,05,subwp,42,1
4181,goal_419,1,exito,17090,2679.02,05,subwp,42,1
4182,goal_419,2,exito,17095,2662.97,05,subwp,42,1
4183,goal_419,3,exito,17096,2586.27,05,subwp,42,1
4184,goal_419,4,exito,17094,2678.79,05,subwp,42,1
4185,goal_419,5,exito,17097,2669.75,05,subwp,42,1
4186,goal_419,6,col_return,11811,1647.55,05,subwp,42,1
4187,goal_419,7,exito,17090,2679.25,05,subwp,42,1
4188,goal_419,8,col_approach,2832,214.36,05,subwp,42,1
4189,goal_419,9,exito,17088,2679.29,05,subwp,42,1
4190,goal_419,10,exito,17096,2678.77,05,subwp,42,1
4191,goal_420,1,exito,16727,2647.71,05,subwp,42,1
4192,goal_420,2,col_return,11553,1627.98,05,subwp,42,1
4193,goal_420,3,exito,16719,2648.1,05,subwp,42,1
4194,goal_420,4,exito,16725,2647.56,05,subwp,42,1
4195,goal_420,5,col_return,11552,1628.55,05,subwp,42,1
4196,goal_420,6,exito,16719,2648.15,05,subwp,42,1
4197,goal_420,7,exito,16727,2647.7,05,subwp,42,1
4198,goal_420,8,col_return,11549,1629.29,05,subwp,42,1
4199,goal_420,9,exito,16719,2647.81,05,subwp,42,1
4200,goal_420,10,exito,16727,2647.68,05,subwp,42,1
4201,goal_421,1,col_return,11376,1597.33,05,subwp,42,1
4202,goal_421,2,exito,16372,2586.1,05,subwp,42,1
4203,goal_421,3,exito,16380,2585.65,05,subwp,42,1
4204,goal_421,4,exito,16379,2585.33,05,subwp,42,1
4205,goal_421,5,col_return,11123,1554.61,05,subwp,42,1
4206,goal_421,6,exito,16371,2585.93,05,subwp,42,1
4207,goal_421,7,exito,16379,2585.7,05,subwp,42,1
4208,goal_421,8,exito,16379,2584.43,05,subwp,42,1
4209,goal_421,9,col_return,10995,1539.3,05,subwp,42,1
4210,goal_421,10,exito,16373,2586.53,05,subwp,42,1
4211,goal_422,1,exito,16297,2573.41,05,subwp,42,1
4212,goal_422,2,exito,16299,2572.5,05,subwp,42,1
4213,goal_422,3,col_return,10972,1533.17,05,subwp,42,1
4214,goal_422,4,exito,16292,2574.42,05,subwp,42,1
4215,goal_422,5,exito,16297,2573.94,05,subwp,42,1
4216,goal_422,6,exito,16298,2573.84,05,subwp,42,1
4217,goal_422,7,col_return,11031,1544.33,05,subwp,42,1
4218,goal_422,8,exito,16291,2573.88,05,subwp,42,1
4219,goal_422,9,exito,16297,2572.93,05,subwp,42,1
4220,goal_422,10,exito,16297,2574.31,05,subwp,42,1
4221,goal_423,1,col_return,11062,1551.26,05,subwp,42,1
4222,goal_423,2,exito,16274,2571.34,05,subwp,42,1
4223,goal_423,3,exito,16282,2571.24,05,subwp,42,1
4224,goal_423,4,exito,16280,2570.96,05,subwp,42,1
4225,goal_423,5,col_return,11112,1557.14,05,subwp,42,1
4226,goal_423,6,exito,16273,2571.56,05,subwp,42,1
4227,goal_423,7,exito,16282,2571.23,05,subwp,42,1
4228,goal_423,8,exito,16280,2570.95,05,subwp,42,1
4229,goal_423,9,col_return,11144,1559.35,05,subwp,42,1
4230,goal_423,10,exito,16274,2571.2,05,subwp,42,1
4231,goal_424,1,exito,16180,2558.14,05,subwp,42,1
4232,goal_424,2,exito,16179,2557.78,05,subwp,42,1
4233,goal_424,3,col_return,11212,1564.45,05,subwp,42,1
4234,goal_424,4,exito,16175,2558.11,05,subwp,42,1
4235,goal_424,5,exito,16179,2558.28,05,subwp,42,1
4236,goal_424,6,exito,16181,2558.15,05,subwp,42,1
4237,goal_424,7,exito,16181,2540.1,05,subwp,42,1
4238,goal_424,8,col_return,10735,1500.11,05,subwp,42,1
4239,goal_424,9,exito,16173,2559.03,05,subwp,42,1
4240,goal_424,10,exito,16179,2557.85,05,subwp,42,1
4241,goal_425,1,exito,16066,2533.01,05,subwp,42,1
4242,goal_425,2,col_return,11108,1543.97,05,subwp,42,1
4243,goal_425,3,exito,16059,2533.91,05,subwp,42,1
4244,goal_425,4,exito,16065,2533.32,05,subwp,42,1
4245,goal_425,5,exito,16069,2533.68,05,subwp,42,1
4246,goal_425,6,exito,16068,2533.55,05,subwp,42,1
4247,goal_425,7,col_return,10908,1520.57,05,subwp,42,1
4248,goal_425,8,exito,16058,2533.4,05,subwp,42,1
4249,goal_425,9,exito,16051,2535.65,05,subwp,42,1
4250,goal_425,10,exito,16068,2533.49,05,subwp,42,1
4251,goal_426,1,exito,15923,2524.06,05,subwp,42,1
4252,goal_426,2,col_return,10838,1517.48,05,subwp,42,1
4253,goal_426,3,exito,15916,2524.38,05,subwp,42,1
4254,goal_426,4,exito,15924,2523.65,05,subwp,42,1
4255,goal_426,5,exito,15923,2523.19,05,subwp,42,1
4256,goal_426,6,exito,15921,2522.95,05,subwp,42,1
4257,goal_426,7,exito,15924,2507.92,05,subwp,42,1
4258,goal_426,8,col_return,10605,1487.87,05,subwp,42,1
4259,goal_426,9,exito,15915,2523.35,05,subwp,42,1
4260,goal_426,10,exito,15924,2524.0,05,subwp,42,1
4261,goal_427,1,exito,15814,2496.95,05,subwp,42,1
4262,goal_427,2,exito,15812,2497.37,05,subwp,42,1
4263,goal_427,3,exito,15812,2490.42,05,subwp,42,1
4264,goal_427,4,col_return,10607,1478.49,05,subwp,42,1
4265,goal_427,5,exito,15805,2497.43,05,subwp,42,1
4266,goal_427,6,exito,15790,2498.74,05,subwp,42,1
4267,goal_427,7,exito,15812,2496.36,05,subwp,42,1
4268,goal_427,8,exito,15812,2496.58,05,subwp,42,1
4269,goal_427,9,exito,15810,2496.65,05,subwp,42,1
4270,goal_427,10,col_return,10770,1509.42,05,subwp,42,1
4271,goal_428,1,exito,15632,2484.88,05,subwp,42,1
4272,goal_428,2,exito,15641,2485.09,05,subwp,42,1
4273,goal_428,3,exito,15639,2485.04,05,subwp,42,1
4274,goal_428,4,exito,15639,2484.48,05,subwp,42,1
4275,goal_428,5,exito,15640,2484.87,05,subwp,42,1
4276,goal_428,6,exito,15642,2484.86,05,subwp,42,1
4277,goal_428,7,exito,15640,2482.05,05,subwp,42,1
4278,goal_428,8,col_return,10573,1484.44,05,subwp,42,1
4279,goal_428,9,exito,15632,2485.35,05,subwp,42,1
4280,goal_428,10,exito,15641,2484.71,05,subwp,42,1
4281,goal_429,1,exito,15581,2468.94,05,subwp,42,1
4282,goal_429,2,exito,15581,2469.98,05,subwp,42,1
4283,goal_429,3,exito,15581,2469.49,05,subwp,42,1
4284,goal_429,4,exito,15581,2469.57,05,subwp,42,1
4285,goal_429,5,exito,15573,2468.96,05,subwp,42,1
4286,goal_429,6,exito,15582,2436.78,05,subwp,42,1
4287,goal_429,7,col_return,10374,1451.54,05,subwp,42,1
4288,goal_429,8,exito,15575,2470.31,05,subwp,42,1
4289,goal_429,9,exito,15582,2470.0,05,subwp,42,1
4290,goal_429,10,exito,15582,2469.59,05,subwp,42,1
4291,goal_430,1,exito,15393,2454.23,05,subwp,42,1
4292,goal_430,2,exito,15393,2454.35,05,subwp,42,1
4293,goal_430,3,exito,15392,2454.16,05,subwp,42,1
4294,goal_430,4,exito,15393,2454.1,05,subwp,42,1
4295,goal_430,5,exito,15395,2453.78,05,subwp,42,1
4296,goal_430,6,exito,15393,2453.61,05,subwp,42,1
4297,goal_430,7,exito,15392,2438.7,05,subwp,42,1
4298,goal_430,8,col_return,10342,1458.47,05,subwp,42,1
4299,goal_430,9,exito,15385,2454.35,05,subwp,42,1
4300,goal_430,10,exito,15393,2453.97,05,subwp,42,1
4301,goal_431,1,exito,15316,2431.8,05,subwp,42,1
4302,goal_431,2,exito,15315,2431.91,05,subwp,42,1
4303,goal_431,3,exito,15315,2432.15,05,subwp,42,1
4304,goal_431,4,exito,15317,2432.44,05,subwp,42,1
4305,goal_431,5,exito,15315,2432.08,05,subwp,42,1
4306,goal_431,6,exito,15315,2431.95,05,subwp,42,1
4307,goal_431,7,exito,15316,2432.24,05,subwp,42,1
4308,goal_431,8,exito,15315,2431.99,05,subwp,42,1
4309,goal_431,9,exito,15317,2432.01,05,subwp,42,1
4310,goal_431,10,exito,15314,2431.73,05,subwp,42,1
4311,goal_432,1,exito,15144,2424.74,05,subwp,42,1
4312,goal_432,2,exito,15144,2424.74,05,subwp,42,1
4313,goal_432,3,exito,15143,2423.45,05,subwp,42,1
4314,goal_432,4,exito,15144,2419.62,05,subwp,42,1
4315,goal_432,5,exito,15144,2407.8,05,subwp,42,1
4316,goal_432,6,exito,15145,2386.15,05,subwp,42,1
4317,goal_432,7,col_return,10139,1438.12,05,subwp,42,1
4318,goal_432,8,exito,15138,2424.85,05,subwp,42,1
4319,goal_432,9,exito,15144,2424.74,05,subwp,42,1
4320,goal_432,10,exito,15144,2424.5,05,subwp,42,1
4321,goal_433,1,exito,15449,2457.5,05,subwp,42,1
4322,goal_433,2,exito,15449,2435.76,05,subwp,42,1
4323,goal_433,3,exito,15448,2443.55,05,subwp,42,1
4324,goal_433,4,exito,15449,2457.91,05,subwp,42,1
4325,goal_433,5,exito,15449,2437.72,05,subwp,42,1
4326,goal_433,6,exito,15447,2457.71,05,subwp,42,1
4327,goal_433,7,exito,15448,2457.93,05,subwp,42,1
4328,goal_433,8,exito,15448,2457.59,05,subwp,42,1
4329,goal_433,9,exito,15447,2455.86,05,subwp,42,1
4330,goal_433,10,col_return,10508,1466.56,05,subwp,42,1
4331,goal_434,1,exito,15290,2451.54,05,subwp,42,1
4332,goal_434,2,exito,15298,2449.81,05,subwp,42,1
4333,goal_434,3,exito,15302,2444.9,05,subwp,42,1
4334,goal_434,4,exito,15299,2426.21,05,subwp,42,1
4335,goal_434,5,exito,15300,2407.78,05,subwp,42,1
4336,goal_434,6,exito,15301,2447.45,05,subwp,42,1
4337,goal_434,7,exito,15302,2451.68,05,subwp,42,1
4338,goal_434,8,exito,15302,2451.74,05,subwp,42,1
4339,goal_434,9,col_approach,2837,207.62,05,subwp,42,1
4340,goal_434,10,col_return,10039,1423.24,05,subwp,42,1
4341,goal_435,1,exito,15802,2493.31,05,subwp,42,1
4342,goal_435,2,col_approach,2870,238.39,05,subwp,42,1
4343,goal_435,3,exito,15801,2474.22,05,subwp,42,1
4344,goal_435,4,col_return,10529,1462.46,05,subwp,42,1
4345,goal_435,5,exito,15795,2493.89,05,subwp,42,1
4346,goal_435,6,col_approach,2871,238.35,05,subwp,42,1
4347,goal_435,7,exito,15797,2474.63,05,subwp,42,1
4348,goal_435,8,col_return,10544,1460.21,05,subwp,42,1
4349,goal_435,9,exito,15797,2493.32,05,subwp,42,1
4350,goal_435,10,col_approach,2864,237.05,05,subwp,42,1
4351,goal_436,1,exito,15584,2485.63,05,subwp,42,1
4352,goal_436,2,col_return,10536,1489.86,05,subwp,42,1
4353,goal_436,3,exito,15582,2489.42,05,subwp,42,1
4354,goal_436,4,exito,15589,2485.41,05,subwp,42,1
4355,goal_436,5,exito,15589,2459.81,05,subwp,42,1
4356,goal_436,6,exito,15588,2488.9,05,subwp,42,1
4357,goal_436,7,col_approach,2829,217.29,05,subwp,42,1
4358,goal_436,8,col_return,10172,1438.53,05,subwp,42,1
4359,goal_436,9,exito,15582,2489.38,05,subwp,42,1
4360,goal_436,10,col_approach,2903,245.39,05,subwp,42,1
4361,goal_437,1,col_return,11071,1552.21,05,subwp,42,1
4362,goal_437,2,exito,16036,2539.31,05,subwp,42,1
4363,goal_437,3,col_approach,2904,241.58,05,subwp,42,1
4364,goal_437,4,col_return,11073,1546.46,05,subwp,42,1
4365,goal_437,5,exito,16033,2539.58,05,subwp,42,1
4366,goal_437,6,col_approach,2886,242.93,05,subwp,42,1
4367,goal_437,7,col_return,11056,1553.22,05,subwp,42,1
4368,goal_437,8,exito,16037,2538.98,05,subwp,42,1
4369,goal_437,9,col_approach,2919,236.15,05,subwp,42,1
4370,goal_437,10,col_return,11056,1550.43,05,subwp,42,1
4371,goal_438,1,exito,15858,2529.02,05,subwp,42,1
4372,goal_438,2,exito,15865,2511.78,05,subwp,42,1
4373,goal_438,3,exito,15867,2528.69,05,subwp,42,1
4374,goal_438,4,exito,15867,2525.49,05,subwp,42,1
4375,goal_438,5,exito,15867,2528.8,05,subwp,42,1
4376,goal_438,6,col_return,10773,1529.48,05,subwp,42,1
4377,goal_438,7,exito,15861,2529.53,05,subwp,42,1
4378,goal_438,8,col_approach,2948,243.01,05,subwp,42,1
4379,goal_438,9,exito,15858,2506.79,05,subwp,42,1
4380,goal_438,10,col_return,10559,1492.86,05,subwp,42,1
4381,goal_439,1,exito,16262,2570.65,05,subwp,42,1
4382,goal_439,2,exito,16271,2568.96,05,subwp,42,1
4383,goal_439,3,exito,16270,2570.71,05,subwp,42,1
4384,goal_439,4,col_return,11070,1553.96,05,subwp,42,1
4385,goal_439,5,exito,16262,2570.65,05,subwp,42,1
4386,goal_439,6,exito,16267,2565.03,05,subwp,42,1
4387,goal_439,7,exito,16270,2570.63,05,subwp,42,1
4388,goal_439,8,col_return,11137,1561.67,05,subwp,42,1
4389,goal_439,9,exito,16263,2571.07,05,subwp,42,1
4390,goal_439,10,exito,16267,2562.05,05,subwp,42,1
4391,goal_440,1,exito,16131,2565.06,05,subwp,42,1
4392,goal_440,2,col_return,11184,1572.47,05,subwp,42,1
4393,goal_440,3,exito,16124,2565.49,05,subwp,42,1
4394,goal_440,4,col_approach,2849,233.32,05,subwp,42,1
4395,goal_440,5,col_return,11087,1568.92,05,subwp,42,1
4396,goal_440,6,exito,16123,2565.41,05,subwp,42,1
4397,goal_440,7,col_approach,2827,232.18,05,subwp,42,1
4398,goal_440,8,col_return,11067,1565.11,05,subwp,42,1
4399,goal_440,9,exito,16123,2565.39,05,subwp,42,1
4400,goal_440,10,col_approach,2826,229.32,05,subwp,42,1
4401,goal_441,1,col_return,11258,1572.55,05,subwp,42,1
4402,goal_441,2,exito,16526,2604.58,05,subwp,42,1
4403,goal_441,3,exito,16537,2604.26,05,subwp,42,1
4404,goal_441,4,col_return,11623,1615.96,05,subwp,42,1
4405,goal_441,5,exito,16530,2604.79,05,subwp,42,1
4406,goal_441,6,exito,16538,2600.58,05,subwp,42,1
4407,goal_441,7,exito,16533,2599.01,05,subwp,42,1
4408,goal_441,8,col_return,10982,1531.58,05,subwp,42,1
4409,goal_441,9,exito,16528,2603.25,05,subwp,42,1
4410,goal_441,10,exito,16534,2604.29,05,subwp,42,1
4411,goal_442,1,col_return,11387,1619.15,05,subwp,42,1
4412,goal_442,2,exito,16394,2607.66,05,subwp,42,1
4413,goal_442,3,exito,16399,2598.83,05,subwp,42,1
4414,goal_442,4,exito,16401,2607.23,05,subwp,42,1
4415,goal_442,5,col_return,11104,1573.42,05,subwp,42,1
4416,goal_442,6,exito,16393,2607.61,05,subwp,42,1
4417,goal_442,7,exito,16400,2606.84,05,subwp,42,1
4418,goal_442,8,exito,16400,2604.17,05,subwp,42,1
4419,goal_442,9,col_return,10946,1550.04,05,subwp,42,1
4420,goal_442,10,exito,16394,2607.47,05,subwp,42,1
4421,goal_443,1,exito,16773,2637.62,05,subwp,42,1
4422,goal_443,2,col_return,11581,1619.08,05,subwp,42,1
4423,goal_443,3,exito,16765,2637.68,05,subwp,42,1
4424,goal_443,4,exito,16770,2636.91,05,subwp,42,1
4425,goal_443,5,col_return,11519,1608.32,05,subwp,42,1
4426,goal_443,6,exito,16765,2637.59,05,subwp,42,1
4427,goal_443,7,exito,16774,2637.41,05,subwp,42,1
4428,goal_443,8,col_return,11491,1606.19,05,subwp,42,1
4429,goal_443,9,exito,16763,2637.1,05,subwp,42,1
4430,goal_443,10,exito,16774,2637.31,05,subwp,42,1
4431,goal_444,1,col_return,11399,1613.71,05,subwp,42,1
4432,goal_444,2,exito,16610,2637.72,05,subwp,42,1
4433,goal_444,3,exito,16617,2637.75,05,subwp,42,1
4434,goal_444,4,col_return,11584,1641.4,05,subwp,42,1
4435,goal_444,5,exito,16611,2637.71,05,subwp,42,1
4436,goal_444,6,exito,16618,2636.53,05,subwp,42,1
4437,goal_444,7,col_return,11690,1649.58,05,subwp,42,1
4438,goal_444,8,exito,16610,2637.57,05,subwp,42,1
4439,goal_444,9,exito,16617,2635.44,05,subwp,42,1
4440,goal_444,10,exito,16618,2606.2,05,subwp,42,1
4441,goal_445,1,col_return,10720,1501.19,05,subwp,42,1
4442,goal_445,2,exito,16239,2570.69,05,subwp,42,1
4443,goal_445,3,exito,16246,2570.96,05,subwp,42,1
4444,goal_445,4,exito,16246,2570.94,05,subwp,42,1
4445,goal_445,5,col_return,10994,1540.77,05,subwp,42,1
4446,goal_445,6,exito,16239,2571.67,05,subwp,42,1
4447,goal_445,7,exito,16248,2570.9,05,subwp,42,1
4448,goal_445,8,exito,16246,2571.16,05,subwp,42,1
4449,goal_445,9,col_return,11124,1563.93,05,subwp,42,1
4450,goal_445,10,exito,16241,2571.61,05,subwp,42,1
4451,goal_446,1,exito,16369,2585.61,05,subwp,42,1
4452,goal_446,2,exito,16368,2585.16,05,subwp,42,1
4453,goal_446,3,col_return,11132,1560.92,05,subwp,42,1
4454,goal_446,4,exito,16361,2585.93,05,subwp,42,1
4455,goal_446,5,exito,16368,2585.91,05,subwp,42,1
4456,goal_446,6,exito,16370,2585.08,05,subwp,42,1
4457,goal_446,7,col_return,11014,1542.38,05,subwp,42,1
4458,goal_446,8,exito,16362,2586.25,05,subwp,42,1
4459,goal_446,9,exito,16368,2585.34,05,subwp,42,1
4460,goal_446,10,exito,16368,2584.22,05,subwp,42,1
4461,goal_447,1,col_return,10849,1518.15,05,subwp,42,1
4462,goal_447,2,exito,16151,2552.16,05,subwp,42,1
4463,goal_447,3,exito,16141,2554.76,05,subwp,42,1
4464,goal_447,4,exito,16157,2551.49,05,subwp,42,1
4465,goal_447,5,col_return,11208,1565.39,05,subwp,42,1
4466,goal_447,6,exito,16135,2554.98,05,subwp,42,1
4467,goal_447,7,exito,16158,2552.07,05,subwp,42,1
4468,goal_447,8,exito,16141,2554.49,05,subwp,42,1
4469,goal_447,9,exito,16142,2550.07,05,subwp,42,1
4470,goal_447,10,col_return,10810,1507.6,05,subwp,42,1
4471,goal_448,1,exito,16267,2573.9,05,subwp,42,1
4472,goal_448,2,exito,16273,2573.24,05,subwp,42,1
4473,goal_448,3,exito,16273,2574.06,05,subwp,42,1
4474,goal_448,4,col_return,11050,1550.97,05,subwp,42,1
4475,goal_448,5,exito,16270,2573.43,05,subwp,42,1
4476,goal_448,6,exito,16274,2572.95,05,subwp,42,1
4477,goal_448,7,exito,16273,2573.1,05,subwp,42,1
4478,goal_448,8,col_return,11118,1557.96,05,subwp,42,1
4479,goal_448,9,exito,16265,2573.73,05,subwp,42,1
4480,goal_448,10,exito,16274,2573.81,05,subwp,42,1
4481,goal_449,1,exito,15868,2519.41,05,subwp,42,1
4482,goal_449,2,exito,15868,2517.55,05,subwp,42,1
4483,goal_449,3,col_return,10709,1507.41,05,subwp,42,1
4484,goal_449,4,exito,15861,2520.21,05,subwp,42,1
4485,goal_449,5,exito,15867,2519.46,05,subwp,42,1
4486,goal_449,6,exito,15868,2519.77,05,subwp,42,1
4487,goal_449,7,exito,15868,2519.44,05,subwp,42,1
4488,goal_449,8,exito,15869,2516.53,05,subwp,42,1
4489,goal_449,9,col_return,10686,1502.57,05,subwp,42,1
4490,goal_449,10,exito,15861,2520.31,05,subwp,42,1
4491,goal_450,1,exito,15995,2533.8,05,subwp,42,1
4492,goal_450,2,exito,15996,2533.15,05,subwp,42,1
4493,goal_450,3,exito,15999,2533.62,05,subwp,42,1
4494,goal_450,4,col_return,10985,1542.81,05,subwp,42,1
4495,goal_450,5,exito,15988,2533.93,05,subwp,42,1
4496,goal_450,6,exito,15996,2533.88,05,subwp,42,1
4497,goal_450,7,exito,15997,2533.87,05,subwp,42,1
4498,goal_450,8,exito,15996,2533.89,05,subwp,42,1
4499,goal_450,9,col_return,10996,1546.96,05,subwp,42,1
4500,goal_450,10,exito,15989,2533.82,05,subwp,42,1
4501,goal_451,1,exito,15613,2483.17,05,subwp,42,1
4502,goal_451,2,exito,15613,2482.47,05,subwp,42,1
4503,goal_451,3,exito,15614,2483.27,05,subwp,42,1
4504,goal_451,4,exito,15612,2482.92,05,subwp,42,1
4505,goal_451,5,exito,15613,2483.15,05,subwp,42,1
4506,goal_451,6,exito,15613,2470.04,05,subwp,42,1
4507,goal_451,7,col_return,10475,1470.97,05,subwp,42,1
4508,goal_451,8,exito,15607,2483.74,05,subwp,42,1
4509,goal_451,9,exito,15613,2483.24,05,subwp,42,1
4510,goal_451,10,exito,15613,2483.33,05,subwp,42,1
4511,goal_452,1,exito,15735,2497.98,05,subwp,42,1
4512,goal_452,2,exito,15738,2498.02,05,subwp,42,1
4513,goal_452,3,exito,15737,2497.79,05,subwp,42,1
4514,goal_452,4,col_return,10773,1512.03,05,subwp,42,1
4515,goal_452,5,exito,15729,2498.28,05,subwp,42,1
4516,goal_452,6,exito,15735,2497.95,05,subwp,42,1
4517,goal_452,7,exito,15738,2497.91,05,subwp,42,1
4518,goal_452,8,exito,15737,2498.18,05,subwp,42,1
4519,goal_452,9,exito,15737,2498.28,05,subwp,42,1
4520,goal_452,10,exito,15736,2497.17,05,subwp,42,1
4521,goal_453,1,exito,15389,2429.79,05,subwp,42,1
4522,goal_453,2,col_return,10303,1452.05,05,subwp,42,1
4523,goal_453,3,exito,15383,2455.14,05,subwp,42,1
4524,goal_453,4,exito,15388,2455.5,05,subwp,42,1
4525,goal_453,5,exito,15388,2454.75,05,subwp,42,1
4526,goal_453,6,exito,15388,2455.28,05,subwp,42,1
4527,goal_453,7,exito,15388,2455.11,05,subwp,42,1
4528,goal_453,8,exito,15388,2455.51,05,subwp,42,1
4529,goal_453,9,exito,15388,2454.78,05,subwp,42,1
4530,goal_453,10,exito,15388,2455.49,05,subwp,42,1
4531,goal_454,1,exito,15518,2467.63,05,subwp,42,1
4532,goal_454,2,exito,15517,2467.97,05,subwp,42,1
4533,goal_454,3,exito,15517,2447.35,05,subwp,42,1
4534,goal_454,4,col_return,10387,1459.5,05,subwp,42,1
4535,goal_454,5,exito,15510,2468.22,05,subwp,42,1
4536,goal_454,6,exito,15519,2468.09,05,subwp,42,1
4537,goal_454,7,exito,15518,2468.23,05,subwp,42,1
4538,goal_454,8,exito,15516,2467.39,05,subwp,42,1
4539,goal_454,9,exito,15519,2468.24,05,subwp,42,1
4540,goal_454,10,exito,15517,2468.07,05,subwp,42,1
4541,goal_455,1,exito,15166,2422.45,05,subwp,42,1
4542,goal_455,2,exito,15166,2422.25,05,subwp,42,1
4543,goal_455,3,exito,15166,2422.47,05,subwp,42,1
4544,goal_455,4,exito,15167,2423.06,05,subwp,42,1
4545,goal_455,5,exito,15167,2422.53,05,subwp,42,1
4546,goal_455,6,exito,15165,2422.66,05,subwp,42,1
4547,goal_455,7,exito,15167,2421.9,05,subwp,42,1
4548,goal_455,8,exito,15166,2416.86,05,subwp,42,1
4549,goal_455,9,exito,15166,2402.35,05,subwp,42,1
4550,goal_455,10,col_return,10216,1438.66,05,subwp,42,1
4551,goal_456,1,exito,15259,2432.95,05,subwp,42,1
4552,goal_456,2,exito,15266,2432.88,05,subwp,42,1
4553,goal_456,3,exito,15265,2432.63,05,subwp,42,1
4554,goal_456,4,exito,15265,2432.99,05,subwp,42,1
4555,goal_456,5,exito,15265,2433.25,05,subwp,42,1
4556,goal_456,6,exito,15264,2432.28,05,subwp,42,1
4557,goal_456,7,exito,15265,2432.23,05,subwp,42,1
4558,goal_456,8,exito,15265,2432.27,05,subwp,42,1
4559,goal_456,9,exito,15265,2432.71,05,subwp,42,1
4560,goal_456,10,exito,15266,2432.55,05,subwp,42,1
4561,goal_457,1,exito,15277,2438.93,05,subwp,42,1
4562,goal_457,2,exito,15277,2441.98,05,subwp,42,1
4563,goal_457,3,exito,15277,2442.25,05,subwp,42,1
4564,goal_457,4,exito,15279,2442.06,05,subwp,42,1
4565,goal_457,5,exito,15278,2442.08,05,subwp,42,1
4566,goal_457,6,exito,15278,2442.11,05,subwp,42,1
4567,goal_457,7,exito,15278,2437.04,05,subwp,42,1
4568,goal_457,8,exito,15278,2405.04,05,subwp,42,1
4569,goal_457,9,col_return,10214,1443.5,05,subwp,42,1
4570,goal_457,10,exito,15270,2438.94,05,subwp,42,1
4571,goal_458,1,col_approach,3197,285.18,05,subwp,42,1
4572,goal_458,2,exito,15229,2438.23,05,subwp,42,1
4573,goal_458,3,exito,15237,2437.89,05,subwp,42,1
4574,goal_458,4,exito,15237,2437.72,05,subwp,42,1
4575,goal_458,5,exito,15236,2435.84,05,subwp,42,1
4576,goal_458,6,exito,15236,2421.57,05,subwp,42,1
4577,goal_458,7,col_return,10275,1447.29,05,subwp,42,1
4578,goal_458,8,exito,15229,2409.38,05,subwp,42,1
4579,goal_458,9,col_approach,3253,292.35,05,subwp,42,1
4580,goal_458,10,exito,15231,2438.27,05,subwp,42,1
4581,goal_459,1,exito,15601,2477.71,05,subwp,42,1
4582,goal_459,2,col_return,10662,1490.91,05,subwp,42,1
4583,goal_459,3,exito,15594,2478.01,05,subwp,42,1
4584,goal_459,4,exito,15601,2474.6,05,subwp,42,1
4585,goal_459,5,col_approach,2836,230.78,05,subwp,42,1
4586,goal_459,6,exito,15595,2471.74,05,subwp,42,1
4587,goal_459,7,col_return,10507,1474.69,05,subwp,42,1
4588,goal_459,8,exito,15593,2477.89,05,subwp,42,1
4589,goal_459,9,exito,15601,2470.65,05,subwp,42,1
4590,goal_459,10,exito,15601,2459.22,05,subwp,42,1
4591,goal_460,1,exito,15547,2477.29,05,subwp,42,1
4592,goal_460,2,col_approach,3004,203.42,05,subwp,42,1
4593,goal_460,3,col_return,10048,1414.05,05,subwp,42,1
4594,goal_460,4,exito,15540,2445.91,05,subwp,42,1
4595,goal_460,5,exito,15545,2451.25,05,subwp,42,1
4596,goal_460,6,exito,15545,2475.73,05,subwp,42,1
4597,goal_460,7,exito,15546,2477.1,05,subwp,42,1
4598,goal_460,8,exito,15546,2477.48,05,subwp,42,1
4599,goal_460,9,exito,15546,2476.94,05,subwp,42,1
4600,goal_460,10,exito,15547,2477.27,05,subwp,42,1
4601,goal_461,1,col_return,10773,1516.77,05,subwp,42,1
4602,goal_461,2,exito,15876,2519.33,05,subwp,42,1
4603,goal_461,3,col_approach,2926,245.61,05,subwp,42,1
4604,goal_461,4,exito,15875,2493.12,05,subwp,42,1
4605,goal_461,5,col_return,10555,1478.56,05,subwp,42,1
4606,goal_461,6,exito,15875,2519.2,05,subwp,42,1
4607,goal_461,7,exito,15881,2484.34,05,subwp,42,1
4608,goal_461,8,exito,15881,2518.42,05,subwp,42,1
4609,goal_461,9,exito,15881,2518.74,05,subwp,42,1
4610,goal_461,10,exito,15882,2498.62,05,subwp,42,1
4611,goal_462,1,col_return,10567,1483.32,05,subwp,42,1
4612,goal_462,2,exito,15859,2517.44,05,subwp,42,1
4613,goal_462,3,col_approach,2829,231.93,05,subwp,42,1
4614,goal_462,4,exito,15859,2480.55,05,subwp,42,1
4615,goal_462,5,col_return,10509,1471.68,05,subwp,42,1
4616,goal_462,6,exito,15859,2516.51,05,subwp,42,1
4617,goal_462,7,exito,15866,2487.92,05,subwp,42,1
4618,goal_462,8,exito,15866,2517.96,05,subwp,42,1
4619,goal_462,9,exito,15867,2518.22,05,subwp,42,1
4620,goal_462,10,exito,15867,2503.32,05,subwp,42,1
4621,goal_463,1,col_return,10713,1503.14,05,subwp,42,1
4622,goal_463,2,exito,16113,2554.02,05,subwp,42,1
4623,goal_463,3,exito,16125,2550.59,05,subwp,42,1
4624,goal_463,4,exito,16124,2553.05,05,subwp,42,1
4625,goal_463,5,col_return,11191,1564.27,05,subwp,42,1
4626,goal_463,6,exito,16114,2554.11,05,subwp,42,1
4627,goal_463,7,col_approach,2860,235.88,05,subwp,42,1
4628,goal_463,8,col_return,11087,1560.1,05,subwp,42,1
4629,goal_463,9,exito,16115,2554.09,05,subwp,42,1
4630,goal_463,10,col_approach,2831,235.34,05,subwp,42,1
4631,goal_464,1,col_return,11086,1551.52,05,subwp,42,1
4632,goal_464,2,exito,16143,2552.92,05,subwp,42,1
4633,goal_464,3,exito,16152,2518.53,05,subwp,42,1
4634,goal_464,4,col_approach,2838,209.84,05,subwp,42,1
4635,goal_464,5,col_return,10474,1463.83,05,subwp,42,1
4636,goal_464,6,exito,16144,2548.75,05,subwp,42,1
4637,goal_464,7,exito,16151,2552.48,05,subwp,42,1
4638,goal_464,8,exito,16149,2552.13,05,subwp,42,1
4639,goal_464,9,col_return,11013,1542.02,05,subwp,42,1
4640,goal_464,10,exito,16144,2552.28,05,subwp,42,1
4641,goal_465,1,exito,16386,2571.96,05,subwp,42,1
4642,goal_465,2,exito,16391,2591.93,05,subwp,42,1
4643,goal_465,3,col_return,11161,1569.84,05,subwp,42,1
4644,goal_465,4,exito,16378,2592.49,05,subwp,42,1
4645,goal_465,5,exito,16386,2591.15,05,subwp,42,1
4646,goal_465,6,exito,16385,2591.07,05,subwp,42,1
4647,goal_465,7,col_return,11001,1548.12,05,subwp,42,1
4648,goal_465,8,exito,16382,2592.43,05,subwp,42,1
4649,goal_465,9,exito,16389,2591.73,05,subwp,42,1
4650,goal_465,10,exito,16391,2587.74,05,subwp,42,1
4651,goal_466,1,col_return,10950,1531.9,05,subwp,42,1
4652,goal_466,2,exito,16446,2593.56,05,subwp,42,1
4653,goal_466,3,exito,16452,2593.52,05,subwp,42,1
4654,goal_466,4,exito,16453,2555.91,05,subwp,42,1
4655,goal_466,5,col_return,10804,1504.98,05,subwp,42,1
4656,goal_466,6,exito,16446,2590.99,05,subwp,42,1
4657,goal_466,7,exito,16454,2593.22,05,subwp,42,1
4658,goal_466,8,col_return,11443,1606.39,05,subwp,42,1
4659,goal_466,9,exito,16443,2594.29,05,subwp,42,1
4660,goal_466,10,exito,16452,2588.41,05,subwp,42,1
4661,goal_467,1,exito,16624,2622.48,05,subwp,42,1
4662,goal_467,2,col_return,11054,1551.25,05,subwp,42,1
4663,goal_467,3,exito,16617,2624.64,05,subwp,42,1
4664,goal_467,4,exito,16616,2616.27,05,subwp,42,1
4665,goal_467,5,col_return,11397,1606.96,05,subwp,42,1
4666,goal_467,6,exito,16610,2627.32,05,subwp,42,1
4667,goal_467,7,exito,16623,2625.72,05,subwp,42,1
4668,goal_467,8,col_return,11585,1633.6,05,subwp,42,1
4669,goal_467,9,exito,16610,2627.29,05,subwp,42,1
4670,goal_467,10,exito,16625,2625.05,05,subwp,42,1
4671,goal_468,1,col_return,11723,1643.3,05,subwp,42,1
4672,goal_468,2,exito,16702,2635.18,05,subwp,42,1
4673,goal_468,3,exito,16706,2633.79,05,subwp,42,1
4674,goal_468,4,col_return,11653,1635.9,05,subwp,42,1
4675,goal_468,5,exito,16699,2634.28,05,subwp,42,1
4676,goal_468,6,exito,16707,2633.85,05,subwp,42,1
4677,goal_468,7,col_return,11626,1628.68,05,subwp,42,1
4678,goal_468,8,exito,16699,2634.27,05,subwp,42,1
4679,goal_468,9,exito,16708,2634.29,05,subwp,42,1
4680,goal_468,10,col_return,11602,1631.19,05,subwp,42,1
4681,goal_469,1,exito,16335,2584.22,05,subwp,42,1
4682,goal_469,2,exito,16344,2583.48,05,subwp,42,1
4683,goal_469,3,exito,16343,2583.92,05,subwp,42,1
4684,goal_469,4,col_return,11111,1557.53,05,subwp,42,1
4685,goal_469,5,exito,16335,2584.09,05,subwp,42,1
4686,goal_469,6,exito,16343,2583.64,05,subwp,42,1
4687,goal_469,7,exito,16343,2583.73,05,subwp,42,1
4688,goal_469,8,col_return,11043,1549.33,05,subwp,42,1
4689,goal_469,9,exito,16335,2584.15,05,subwp,42,1
4690,goal_469,10,exito,16343,2583.62,05,subwp,42,1
4691,goal_470,1,exito,16721,2619.29,05,subwp,42,1
4692,goal_470,2,col_return,11006,1540.08,05,subwp,42,1
4693,goal_470,3,exito,16713,2636.42,05,subwp,42,1
4694,goal_470,4,exito,16720,2636.51,05,subwp,42,1
4695,goal_470,5,col_return,11284,1581.01,05,subwp,42,1
4696,goal_470,6,exito,16713,2636.42,05,subwp,42,1
4697,goal_470,7,exito,16721,2636.62,05,subwp,42,1
4698,goal_470,8,col_return,11428,1602.78,05,subwp,42,1
4699,goal_470,9,exito,16714,2636.88,05,subwp,42,1
4700,goal_470,10,exito,16721,2635.97,05,subwp,42,1
4701,goal_471,1,col_return,11242,1579.3,05,subwp,42,1
4702,goal_471,2,exito,16227,2568.25,05,subwp,42,1
4703,goal_471,3,exito,16234,2567.77,05,subwp,42,1
4704,goal_471,4,exito,16235,2567.5,05,subwp,42,1
4705,goal_471,5,col_return,11284,1581.65,05,subwp,42,1
4706,goal_471,6,exito,16227,2568.82,05,subwp,42,1
4707,goal_471,7,exito,16234,2567.44,05,subwp,42,1
4708,goal_471,8,exito,16234,2567.68,05,subwp,42,1
4709,goal_471,9,col_return,11317,1572.68,05,subwp,42,1
4710,goal_471,10,exito,16228,2567.99,05,subwp,42,1
4711,goal_472,1,exito,16624,2626.88,05,subwp,42,1
4712,goal_472,2,exito,16619,2624.77,05,subwp,42,1
4713,goal_472,3,col_return,11082,1556.19,05,subwp,42,1
4714,goal_472,4,exito,16618,2627.62,05,subwp,42,1
4715,goal_472,5,exito,16619,2627.01,05,subwp,42,1
4716,goal_472,6,col_return,11420,1609.57,05,subwp,42,1
4717,goal_472,7,exito,16612,2627.36,05,subwp,42,1
4718,goal_472,8,exito,16617,2626.75,05,subwp,42,1
4719,goal_472,9,col_return,11593,1634.71,05,subwp,42,1
4720,goal_472,10,exito,16620,2627.43,05,subwp,42,1
4721,goal_473,1,exito,15976,2531.34,05,subwp,42,1
4722,goal_473,2,exito,15976,2531.26,05,subwp,42,1
4723,goal_473,3,exito,15975,2525.44,05,subwp,42,1
4724,goal_473,4,col_return,10695,1503.94,05,subwp,42,1
4725,goal_473,5,exito,15970,2531.73,05,subwp,42,1
4726,goal_473,6,exito,15976,2531.56,05,subwp,42,1
4727,goal_473,7,exito,15976,2530.51,05,subwp,42,1
4728,goal_473,8,exito,15976,2531.1,05,subwp,42,1
4729,goal_473,9,col_return,10897,1529.95,05,subwp,42,1
4730,goal_473,10,exito,15969,2531.41,05,subwp,42,1
4731,goal_474,1,exito,16371,2591.74,05,subwp,42,1
4732,goal_474,2,exito,16372,2591.72,05,subwp,42,1
4733,goal_474,3,col_return,11289,1589.91,05,subwp,42,1
4734,goal_474,4,exito,16364,2592.51,05,subwp,42,1
4735,goal_474,5,exito,16373,2591.79,05,subwp,42,1
4736,goal_474,6,exito,16378,2591.79,05,subwp,42,1
4737,goal_474,7,col_return,11091,1561.62,05,subwp,42,1
4738,goal_474,8,exito,16365,2592.21,05,subwp,42,1
4739,goal_474,9,exito,16373,2591.4,05,subwp,42,1
4740,goal_474,10,exito,16379,2590.74,05,subwp,42,1
4741,goal_475,1,col_return,10665,1499.4,05,subwp,42,1
4742,goal_475,2,exito,15723,2501.12,05,subwp,42,1
4743,goal_475,3,exito,15728,2500.12,05,subwp,42,1
4744,goal_475,4,exito,15730,2500.9,05,subwp,42,1
4745,goal_475,5,exito,15729,2500.36,05,subwp,42,1
4746,goal_475,6,exito,15731,2500.42,05,subwp,42,1
4747,goal_475,7,exito,15728,2498.19,05,subwp,42,1
4748,goal_475,8,col_return,10636,1501.63,05,subwp,42,1
4749,goal_475,9,exito,15724,2501.16,05,subwp,42,1
4750,goal_475,10,exito,15728,2500.03,05,subwp,42,1
4751,goal_476,1,exito,16124,2556.13,05,subwp,42,1
4752,goal_476,2,exito,16124,2556.12,05,subwp,42,1
4753,goal_476,3,col_return,11193,1561.97,05,subwp,42,1
4754,goal_476,4,exito,16117,2556.26,05,subwp,42,1
4755,goal_476,5,exito,16123,2556.12,05,subwp,42,1
4756,goal_476,6,exito,16131,2555.84,05,subwp,42,1
4757,goal_476,7,exito,16124,2553.87,05,subwp,42,1
4758,goal_476,8,col_return,10825,1521.48,05,subwp,42,1
4759,goal_476,9,exito,16117,2556.39,05,subwp,42,1
4760,goal_476,10,exito,16122,2555.96,05,subwp,42,1
4761,goal_477,1,exito,15534,2472.0,05,subwp,42,1
4762,goal_477,2,exito,15533,2472.51,05,subwp,42,1
4763,goal_477,3,exito,15534,2472.68,05,subwp,42,1
4764,goal_477,4,exito,15534,2458.58,05,subwp,42,1
4765,goal_477,5,col_return,10422,1467.91,05,subwp,42,1
4766,goal_477,6,exito,15526,2472.87,05,subwp,42,1
4767,goal_477,7,exito,15534,2472.62,05,subwp,42,1
4768,goal_477,8,exito,15534,2472.67,05,subwp,42,1
4769,goal_477,9,exito,15535,2472.76,05,subwp,42,1
4770,goal_477,10,exito,15534,2472.61,05,subwp,42,1
4771,goal_478,1,exito,15902,2524.42,05,subwp,42,1
4772,goal_478,2,exito,15909,2518.6,05,subwp,42,1
4773,goal_478,3,col_return,10651,1498.93,05,subwp,42,1
4774,goal_478,4,exito,15894,2525.06,05,subwp,42,1
4775,goal_478,5,exito,15908,2524.69,05,subwp,42,1
4776,goal_478,6,exito,15908,2524.63,05,subwp,42,1
4777,goal_478,7,exito,15904,2524.68,05,subwp,42,1
4778,goal_478,8,exito,15902,2501.2,05,subwp,42,1
4779,goal_478,9,col_return,10564,1485.91,05,subwp,42,1
4780,goal_478,10,exito,15893,2524.92,05,subwp,42,1
4781,goal_479,1,exito,15305,2438.74,05,subwp,42,1
4782,goal_479,2,exito,15305,2438.49,05,subwp,42,1
4783,goal_479,3,exito,15304,2438.96,05,subwp,42,1
4784,goal_479,4,exito,15305,2438.26,05,subwp,42,1
4785,goal_479,5,exito,15305,2438.04,05,subwp,42,1
4786,goal_479,6,exito,15305,2438.17,05,subwp,42,1
4787,goal_479,7,exito,15305,2438.44,05,subwp,42,1
4788,goal_479,8,exito,15307,2438.26,05,subwp,42,1
4789,goal_479,9,exito,15305,2438.24,05,subwp,42,1
4790,goal_479,10,exito,15304,2437.92,05,subwp,42,1
4791,goal_480,1,col_return,10670,1498.27,05,subwp,42,1
4792,goal_480,2,exito,15590,2482.47,05,subwp,42,1
4793,goal_480,3,exito,15598,2481.91,05,subwp,42,1
4794,goal_480,4,exito,15598,2482.09,05,subwp,42,1
4795,goal_480,5,exito,15597,2482.13,05,subwp,42,1
4796,goal_480,6,exito,15598,2481.84,05,subwp,42,1
4797,goal_480,7,exito,15598,2482.35,05,subwp,42,1
4798,goal_480,8,exito,15598,2482.37,05,subwp,42,1
4799,goal_480,9,exito,15597,2462.41,05,subwp,42,1
4800,goal_480,10,col_return,10434,1465.4,05,subwp,42,1
4801,goal_481,1,exito,15275,2411.48,05,subwp,42,1
4802,goal_481,2,exito,15282,2432.62,05,subwp,42,1
4803,goal_481,3,exito,15283,2439.94,05,subwp,42,1
4804,goal_481,4,exito,15282,2442.28,05,subwp,42,1
4805,goal_481,5,exito,15282,2442.22,05,subwp,42,1
4806,goal_481,6,exito,15282,2442.42,05,subwp,42,1
4807,goal_481,7,exito,15283,2442.44,05,subwp,42,1
4808,goal_481,8,exito,15282,2442.46,05,subwp,42,1
4809,goal_481,9,col_approach,3404,255.14,05,subwp,42,1
4810,goal_481,10,col_return,9717,1374.17,05,subwp,42,1
4811,goal_482,1,exito,15466,2465.35,05,subwp,42,1
4812,goal_482,2,exito,15471,2464.83,05,subwp,42,1
4813,goal_482,3,exito,15473,2464.76,05,subwp,42,1
4814,goal_482,4,exito,15470,2465.02,05,subwp,42,1
4815,goal_482,5,col_approach,3655,302.16,05,subwp,42,1
4816,goal_482,6,col_return,9688,1356.9,05,subwp,42,1
4817,goal_482,7,exito,15463,2464.88,05,subwp,42,1
4818,goal_482,8,exito,15471,2465.18,05,subwp,42,1
4819,goal_482,9,exito,15471,2464.65,05,subwp,42,1
4820,goal_482,10,exito,15471,2464.82,05,subwp,42,1
4821,goal_483,1,exito,15539,2474.64,05,subwp,42,1
4822,goal_483,2,exito,15538,2477.44,05,subwp,42,1
4823,goal_483,3,exito,15538,2477.04,05,subwp,42,1
4824,goal_483,4,exito,15538,2444.61,05,subwp,42,1
4825,goal_483,5,col_return,10363,1458.34,05,subwp,42,1
4826,goal_483,6,exito,15531,2443.91,05,subwp,42,1
4827,goal_483,7,exito,15537,2452.35,05,subwp,42,1
4828,goal_483,8,exito,15538,2475.12,05,subwp,42,1
4829,goal_483,9,exito,15538,2477.41,05,subwp,42,1
4830,goal_483,10,exito,15538,2413.71,05,subwp,42,1
4831,goal_484,1,exito,15842,2500.66,05,subwp,42,1
4832,goal_484,2,exito,15842,2495.74,05,subwp,42,1
4833,goal_484,3,col_return,10648,1481.86,05,subwp,42,1
4834,goal_484,4,exito,15837,2476.63,05,subwp,42,1
4835,goal_484,5,exito,15842,2500.45,05,subwp,42,1
4836,goal_484,6,exito,15844,2500.85,05,subwp,42,1
4837,goal_484,7,exito,15843,2500.41,05,subwp,42,1
4838,goal_484,8,exito,15842,2498.81,05,subwp,42,1
4839,goal_484,9,col_return,10715,1491.08,05,subwp,42,1
4840,goal_484,10,exito,15836,2468.78,05,subwp,42,1
4841,goal_485,1,col_approach,2916,244.25,05,subwp,42,1
4842,goal_485,2,exito,15872,2491.8,05,subwp,42,1
4843,goal_485,3,col_return,10563,1476.14,05,subwp,42,1
4844,goal_485,4,exito,15872,2506.53,05,subwp,42,1
4845,goal_485,5,exito,15877,2489.35,05,subwp,42,1
4846,goal_485,6,exito,15879,2514.57,05,subwp,42,1
4847,goal_485,7,exito,15880,2514.15,05,subwp,42,1
4848,goal_485,8,exito,15879,2497.3,05,subwp,42,1
4849,goal_485,9,col_return,10578,1482.44,05,subwp,42,1
4850,goal_485,10,exito,15869,2507.63,05,subwp,42,1
4851,goal_486,1,exito,16166,2548.41,05,subwp,42,1
4852,goal_486,2,exito,16168,2485.72,05,subwp,42,1
4853,goal_486,3,exito,16167,2539.29,05,subwp,42,1
4854,goal_486,4,col_return,10744,1500.46,05,subwp,42,1
4855,goal_486,5,col_approach,3160,278.14,05,subwp,42,1
4856,goal_486,6,exito,16161,2532.41,05,subwp,42,1
4857,goal_486,7,col_return,10710,1494.02,05,subwp,42,1
4858,goal_486,8,col_approach,3132,282.02,05,subwp,42,1
4859,goal_486,9,exito,16159,2531.1,05,subwp,42,1
4860,goal_486,10,col_return,10716,1491.21,05,subwp,42,1
4861,goal_487,1,exito,16111,2547.68,05,subwp,42,1
4862,goal_487,2,exito,16121,2547.4,05,subwp,42,1
4863,goal_487,3,exito,16118,2549.5,05,subwp,42,1
4864,goal_487,4,col_return,11156,1563.1,05,subwp,42,1
4865,goal_487,5,exito,16112,2549.57,05,subwp,42,1
4866,goal_487,6,col_approach,2860,236.03,05,subwp,42,1
4867,goal_487,7,col_return,11084,1556.96,05,subwp,42,1
4868,goal_487,8,exito,16112,2549.54,05,subwp,42,1
4869,goal_487,9,col_approach,2835,235.74,05,subwp,42,1
4870,goal_487,10,col_return,11064,1554.34,05,subwp,42,1
4871,goal_488,1,exito,16433,2590.48,05,subwp,42,1
4872,goal_488,2,exito,16440,2588.67,05,subwp,42,1
4873,goal_488,3,exito,16442,2592.51,05,subwp,42,1
4874,goal_488,4,col_return,11044,1543.56,05,subwp,42,1
4875,goal_488,5,exito,16435,2577.2,05,subwp,42,1
4876,goal_488,6,exito,16440,2593.06,05,subwp,42,1
4877,goal_488,7,exito,16441,2574.83,05,subwp,42,1
4878,goal_488,8,col_return,10862,1516.93,05,subwp,42,1
4879,goal_488,9,exito,16434,2561.5,05,subwp,42,1
4880,goal_488,10,exito,16441,2592.82,05,subwp,42,1
4881,goal_489,1,col_return,11489,1600.0,05,subwp,42,1
4882,goal_489,2,exito,16382,2591.02,05,subwp,42,1
4883,goal_489,3,exito,16387,2577.5,05,subwp,42,1
4884,goal_489,4,exito,16390,2590.72,05,subwp,42,1
4885,goal_489,5,col_return,11138,1562.04,05,subwp,42,1
4886,goal_489,6,exito,16380,2591.2,05,subwp,42,1
4887,goal_489,7,exito,16388,2589.73,05,subwp,42,1
4888,goal_489,8,exito,16390,2589.55,05,subwp,42,1
4889,goal_489,9,col_return,10988,1541.21,05,subwp,42,1
4890,goal_489,10,exito,16381,2591.14,05,subwp,42,1
4891,goal_490,1,exito,16734,2637.14,05,subwp,42,1
4892,goal_490,2,col_return,11610,1628.12,05,subwp,42,1
4893,goal_490,3,exito,16725,2637.87,05,subwp,42,1
4894,goal_490,4,exito,16730,2637.14,05,subwp,42,1
4895,goal_490,5,col_return,11576,1621.19,05,subwp,42,1
4896,goal_490,6,exito,16724,2637.43,05,subwp,42,1
4897,goal_490,7,exito,16734,2637.32,05,subwp,42,1
4898,goal_490,8,col_return,11553,1618.53,05,subwp,42,1
4899,goal_490,9,exito,16727,2637.62,05,subwp,42,1
4900,goal_490,10,exito,16731,2636.98,05,subwp,42,1
4901,goal_491,1,col_return,11511,1616.03,05,subwp,42,1
4902,goal_491,2,exito,16650,2630.05,05,subwp,42,1
4903,goal_491,3,exito,16653,2629.37,05,subwp,42,1
4904,goal_491,4,col_return,11596,1631.27,05,subwp,42,1
4905,goal_491,5,exito,16649,2629.87,05,subwp,42,1
4906,goal_491,6,exito,16657,2628.86,05,subwp,42,1
4907,goal_491,7,col_return,11651,1638.75,05,subwp,42,1
4908,goal_491,8,exito,16649,2629.91,05,subwp,42,1
4909,goal_491,9,exito,16656,2628.79,05,subwp,42,1
4910,goal_491,10,col_return,11663,1640.53,05,subwp,42,1
4911,goal_492,1,exito,16978,2677.74,05,subwp,42,1
4912,goal_492,2,exito,16985,2677.36,05,subwp,42,1
4913,goal_492,3,col_return,11515,1620.85,05,subwp,42,1
4914,goal_492,4,exito,16978,2677.35,05,subwp,42,1
4915,goal_492,5,exito,16985,2626.85,05,subwp,42,1
4916,goal_492,6,col_return,11280,1581.65,05,subwp,42,1
4917,goal_492,7,exito,16979,2671.83,05,subwp,42,1
4918,goal_492,8,exito,16987,2663.23,05,subwp,42,1
4919,goal_492,9,col_return,11150,1563.17,05,subwp,42,1
4920,goal_492,10,exito,16979,2662.69,05,subwp,42,1
