episodio,goal_id,resultado,pasos_ap_ex,pasos_retorno,pasos_total,reward_ap_ex,reward_retorno,reward_total,llego_estanteria,llego_descarga
1,goal_01,col_retorno,976,1,977,281.08,-150.0,131.08,1,1
2,goal_01,col_exit,680,0,680,-16.31,0.0,-16.31,1,0
3,goal_01,col_retorno,976,1,977,280.85,-150.0,130.85,1,1
4,goal_01,col_exit,686,0,686,-13.6,0.0,-13.6,1,0
5,goal_01,col_retorno,989,1,990,278.12,-150.0,128.12,1,1
6,goal_01,col_exit,688,0,688,-13.16,0.0,-13.16,1,0
7,goal_01,col_retorno,1005,1,1006,272.66,-150.0,122.66,1,1
8,goal_01,col_exit,689,0,689,-13.37,0.0,-13.37,1,0
9,goal_01,col_retorno,976,1,977,281.22,-150.0,131.22,1,1
10,goal_01,col_exit,695,0,695,-12.61,0.0,-12.61,1,0
11,goal_01,col_exit,677,0,677,-15.17,0.0,-15.17,1,0
12,goal_01,col_retorno,976,7,983,281.24,-149.53,131.71,1,1
13,goal_01,col_exit,663,0,663,-17.13,0.0,-17.13,1,0
14,goal_01,col_retorno,976,1,977,280.92,-150.0,130.92,1,1
15,goal_01,col_exit,668,0,668,-16.7,0.0,-16.7,1,0
16,goal_01,col_retorno,980,1,981,279.26,-150.0,129.26,1,1
17,goal_01,col_exit,673,0,673,-15.27,0.0,-15.27,1,0
18,goal_01,col_retorno,1001,1,1002,274.58,-150.0,124.58,1,1
19,goal_01,col_exit,693,0,693,-12.74,0.0,-12.74,1,0
20,goal_01,col_retorno,980,1,981,279.97,-150.0,129.97,1,1
21,goal_01,col_exit,692,0,692,-14.69,0.0,-14.69,1,0
22,goal_01,col_exit,694,0,694,-12.98,0.0,-12.98,1,0
23,goal_01,col_retorno,976,111,1087,281.27,-147.29,133.98,1,1
24,goal_01,col_retorno,976,1,977,281.23,-150.0,131.23,1,1
25,goal_01,col_exit,682,0,682,-16.07,0.0,-16.07,1,0
26,goal_01,col_retorno,976,1,977,280.92,-150.0,130.92,1,1
27,goal_01,col_exit,665,0,665,-16.38,0.0,-16.38,1,0
28,goal_01,col_retorno,982,1,983,278.79,-150.0,128.79,1,1
29,goal_01,col_exit,677,0,677,-15.21,0.0,-15.21,1,0
30,goal_01,col_retorno,1000,1,1001,274.76,-150.0,124.76,1,1
31,goal_01,col_exit,692,0,692,-13.17,0.0,-13.17,1,0
32,goal_01,col_retorno,978,1,979,280.92,-150.0,130.91,1,1
33,goal_01,col_exit,691,0,691,-13.85,0.0,-13.85,1,0
34,goal_01,col_exit,690,0,690,-13.16,0.0,-13.16,1,0
35,goal_01,col_retorno,976,113,1089,281.21,-146.94,134.27,1,1
36,goal_01,col_retorno,976,1,977,280.93,-150.0,130.93,1,1
37,goal_01,col_exit,683,0,683,-16.02,0.0,-16.02,1,0
38,goal_01,col_retorno,976,1,977,280.92,-150.0,130.92,1,1
39,goal_01,col_exit,666,0,666,-16.25,0.0,-16.25,1,0
40,goal_01,col_retorno,984,1,985,278.33,-150.0,128.33,1,1
41,goal_01,col_exit,680,0,680,-15.04,0.0,-15.04,1,0
42,goal_01,col_retorno,997,1,998,275.41,-150.0,125.41,1,1
43,goal_01,col_exit,691,0,691,-13.23,0.0,-13.23,1,0
44,goal_01,col_retorno,976,1,977,281.18,-150.0,131.18,1,1
45,goal_01,col_exit,692,0,692,-13.27,0.0,-13.27,1,0
46,goal_01,col_exit,686,0,686,-14.01,0.0,-14.01,1,0
47,goal_01,col_retorno,976,118,1094,281.19,-147.32,133.87,1,1
48,goal_01,col_retorno,976,1,977,281.23,-150.0,131.23,1,1
49,goal_01,col_exit,681,0,681,-15.95,0.0,-15.95,1,0
50,goal_01,col_retorno,976,1,977,280.92,-150.0,130.92,1,1
51,goal_01,col_exit,668,0,668,-16.01,0.0,-16.01,1,0
52,goal_01,col_retorno,987,1,988,278.03,-150.0,128.03,1,1
53,goal_01,col_exit,699,0,699,-12.88,0.0,-12.88,1,0
54,goal_01,col_retorno,981,1,982,279.76,-150.0,129.76,1,1
55,goal_01,col_exit,685,0,685,-13.77,0.0,-13.77,1,0
56,goal_01,col_retorno,976,1,977,281.17,-150.0,131.17,1,1
57,goal_01,col_exit,693,0,693,-12.96,0.0,-12.96,1,0
58,goal_01,col_exit,681,0,681,-14.55,0.0,-14.55,1,0
59,goal_01,exito,976,472,1448,281.27,124.76,406.03,1,1
60,goal_01,col_exit,699,0,699,-12.58,0.0,-12.58,1,0
61,goal_01,col_retorno,977,1,978,281.19,-150.0,131.19,1,1
62,goal_01,col_exit,690,0,690,-13.76,0.0,-13.76,1,0
63,goal_01,col_exit,690,0,690,-13.09,0.0,-13.09,1,0
64,goal_01,exito,976,460,1436,281.26,125.96,407.22,1,1
65,goal_01,col_exit,699,0,699,-12.3,0.0,-12.3,1,0
66,goal_01,col_retorno,980,1,981,280.04,-150.0,130.04,1,1
67,goal_01,col_exit,686,0,686,-13.77,0.0,-13.77,1,0
68,goal_01,col_exit,698,0,698,-12.35,0.0,-12.35,1,0
69,goal_01,exito,976,469,1445,281.22,125.13,406.35,1,1
70,goal_01,col_exit,692,0,692,-12.92,0.0,-12.92,1,0
71,goal_01,col_retorno,980,1,981,280.08,-150.0,130.08,1,1
72,goal_01,col_exit,685,0,685,-13.8,0.0,-13.8,1,0
73,goal_01,col_retorno,976,1,977,281.24,-150.0,131.24,1,1
74,goal_01,col_exit,694,0,694,-12.84,0.0,-12.84,1,0
75,goal_01,col_exit,679,0,679,-16.12,0.0,-16.12,1,0
76,goal_01,col_retorno,976,132,1108,281.26,-143.81,137.45,1,1
77,goal_01,col_retorno,976,1,977,281.24,-150.0,131.24,1,1
78,goal_01,col_exit,669,0,669,-16.05,0.0,-16.05,1,0
79,goal_01,col_retorno,976,1,977,280.07,-150.0,130.07,1,1
80,goal_01,col_exit,672,0,672,-15.74,0.0,-15.74,1,0
81,goal_01,col_retorno,991,1,992,277.3,-150.0,127.3,1,1
82,goal_01,col_exit,694,0,694,-12.32,0.0,-12.32,1,0
83,goal_01,col_retorno,979,1,980,280.43,-150.0,130.43,1,1
84,goal_01,col_exit,685,0,685,-14.69,0.0,-14.69,1,0
85,goal_01,col_exit,757,0,757,-3.08,0.0,-3.08,1,0
86,goal_01,col_exit,818,0,818,3.65,0.0,3.65,1,0
87,goal_01,col_exit,679,0,679,-15.12,0.0,-15.12,1,0
88,goal_01,col_retorno,996,1,997,276.19,-150.0,126.18,1,1
89,goal_01,col_exit,692,0,692,-13.45,0.0,-13.45,1,0
90,goal_01,col_retorno,977,1,978,281.05,-150.0,131.05,1,1
91,goal_01,col_exit,691,0,691,-13.35,0.0,-13.35,1,0
92,goal_01,col_exit,690,0,690,-13.11,0.0,-13.11,1,0
93,goal_01,exito,976,459,1435,281.23,125.96,407.19,1,1
94,goal_01,col_exit,699,0,699,-12.22,0.0,-12.22,1,0
95,goal_01,col_retorno,981,1,982,279.98,-150.0,129.98,1,1
96,goal_01,col_exit,687,0,687,-14.12,0.0,-14.12,1,0
97,goal_01,col_exit,697,0,697,-12.19,0.0,-12.19,1,0
98,goal_01,exito,976,459,1435,281.24,126.0,407.23,1,1
99,goal_01,col_exit,697,0,697,-12.91,0.0,-12.91,1,0
100,goal_01,col_retorno,983,1,984,279.38,-150.0,129.38,1,1
101,goal_02,col_retorno,1209,13,1222,313.94,-149.78,164.16,1,1
102,goal_02,col_exit,1042,0,1042,35.98,0.0,35.98,1,0
103,goal_02,col_retorno,1209,102,1311,315.1,-146.57,168.53,1,1
104,goal_02,col_exit,978,0,978,28.5,0.0,28.5,1,0
105,goal_02,col_exit,1053,0,1053,39.64,0.0,39.64,1,0
106,goal_02,col_retorno,1209,1,1210,315.04,-150.0,165.04,1,1
107,goal_02,col_exit,1058,0,1058,39.37,0.0,39.37,1,0
108,goal_02,exito,1210,461,1671,315.27,125.79,441.05,1,1
109,goal_02,col_retorno,1216,18,1234,315.71,-149.31,166.39,1,1
110,goal_02,col_exit,1039,0,1039,33.87,0.0,33.87,1,0
111,goal_02,exito,1210,474,1684,315.27,124.68,439.95,1,1
112,goal_02,col_exit,1099,0,1099,46.27,0.0,46.27,1,0
113,goal_02,col_retorno,1210,15,1225,315.29,-149.59,165.7,1,1
114,goal_02,col_exit,1047,0,1047,35.79,0.0,35.79,1,0
115,goal_02,exito,1210,472,1682,315.29,124.84,440.13,1,1
116,goal_02,col_exit,1104,0,1104,47.16,0.0,47.16,1,0
117,goal_02,exito,1209,472,1681,315.08,124.76,439.84,1,1
118,goal_02,exito,1216,463,1679,315.61,125.46,441.07,1,1
119,goal_02,col_retorno,1216,1,1217,315.63,-150.0,165.62,1,1
120,goal_02,col_exit,1038,0,1038,36.73,0.0,36.73,1,0
121,goal_02,col_retorno,1210,1,1211,315.27,-150.0,165.27,1,1
122,goal_02,col_exit,1054,0,1054,38.64,0.0,38.64,1,0
123,goal_02,exito,1209,462,1671,315.05,125.53,440.57,1,1
124,goal_02,col_retorno,1216,113,1329,315.61,-147.41,168.21,1,1
125,goal_02,col_exit,986,0,986,25.63,0.0,25.63,1,0
126,goal_02,col_exit,1069,0,1069,41.07,0.0,41.07,1,0
127,goal_02,exito,1210,474,1684,315.31,124.59,439.9,1,1
128,goal_02,col_exit,1104,0,1104,47.08,0.0,47.08,1,0
129,goal_02,col_retorno,1210,1,1211,315.29,-150.0,165.28,1,1
130,goal_02,col_exit,1056,0,1056,39.35,0.0,39.35,1,0
131,goal_02,exito,1209,467,1676,315.09,125.15,440.24,1,1
132,goal_02,col_retorno,1216,107,1323,315.76,-147.28,168.48,1,1
133,goal_02,col_exit,988,0,988,25.84,0.0,25.84,1,0
134,goal_02,col_exit,1068,0,1068,40.89,0.0,40.89,1,0
135,goal_02,col_retorno,1210,111,1321,315.31,-146.23,169.07,1,1
136,goal_02,col_exit,974,0,974,27.57,0.0,27.57,1,0
137,goal_02,col_exit,1048,0,1048,38.72,0.0,38.72,1,0
138,goal_02,col_retorno,1210,1,1211,315.26,-150.0,165.26,1,1
139,goal_02,col_exit,1054,0,1054,39.19,0.0,39.19,1,0
140,goal_02,exito,1209,465,1674,315.02,125.3,440.31,1,1
141,goal_02,col_retorno,1217,1,1218,315.79,-150.0,165.79,1,1
142,goal_02,col_exit,1055,0,1055,38.86,0.0,38.86,1,0
143,goal_02,exito,1209,468,1677,315.05,125.11,440.16,1,1
144,goal_02,exito,1216,472,1688,315.73,124.8,440.54,1,1
145,goal_02,exito,1217,448,1665,315.62,135.6,451.21,1,1
146,goal_02,exito,1217,475,1692,315.81,118.92,434.73,1,1
147,goal_02,exito,1217,465,1682,316.0,125.29,441.29,1,1
148,goal_02,col_retorno,1217,145,1362,315.99,-142.83,173.16,1,1
149,goal_02,col_exit,967,0,967,27.07,0.0,27.07,1,0
150,goal_02,col_exit,1050,0,1050,39.09,0.0,39.09,1,0
151,goal_02,col_retorno,1209,12,1221,315.04,-150.06,164.99,1,1
152,goal_02,col_exit,1047,0,1047,36.35,0.0,36.35,1,0
153,goal_02,exito,1210,468,1678,315.28,125.02,440.3,1,1
154,goal_02,exito,1216,464,1680,315.76,125.54,441.29,1,1
155,goal_02,col_exit,1099,0,1099,46.02,0.0,46.02,1,0
156,goal_02,col_retorno,1209,1,1210,315.01,-150.0,165.01,1,1
157,goal_02,col_exit,1055,0,1055,40.1,0.0,40.1,1,0
158,goal_02,col_retorno,1210,111,1321,315.28,-145.7,169.58,1,1
159,goal_02,col_exit,975,0,975,27.81,0.0,27.81,1,0
160,goal_02,col_exit,1085,0,1085,44.15,0.0,44.15,1,0
161,goal_02,col_retorno,1209,111,1320,315.1,-147.54,167.55,1,1
162,goal_02,col_exit,978,0,978,28.44,0.0,28.44,1,0
163,goal_02,col_exit,1055,0,1055,40.03,0.0,40.03,1,0
164,goal_02,col_retorno,1209,1,1210,315.05,-150.0,165.04,1,1
165,goal_02,col_exit,1058,0,1058,38.94,0.0,38.94,1,0
166,goal_02,exito,1210,468,1678,315.28,125.08,440.36,1,1
167,goal_02,exito,1216,465,1681,315.76,125.31,441.07,1,1
168,goal_02,col_retorno,1217,95,1312,315.99,-146.03,169.96,1,1
169,goal_02,col_exit,981,0,981,28.23,0.0,28.23,1,0
170,goal_02,col_exit,1075,0,1075,42.98,0.0,42.98,1,0
171,goal_02,exito,1210,462,1672,315.3,125.53,440.83,1,1
172,goal_02,col_retorno,1217,1,1218,315.79,-150.0,165.79,1,1
173,goal_02,col_exit,1047,0,1047,38.52,0.0,38.52,1,0
174,goal_02,col_retorno,1210,112,1322,315.27,-145.23,170.04,1,1
175,goal_02,col_exit,973,0,973,28.18,0.0,28.18,1,0
176,goal_02,col_exit,1063,0,1063,40.61,0.0,40.61,1,0
177,goal_02,exito,1210,472,1682,315.29,124.56,439.85,1,1
178,goal_02,col_retorno,1209,1,1210,314.97,-150.0,164.97,1,1
179,goal_02,col_exit,1040,0,1040,37.34,0.0,37.34,1,0
180,goal_02,col_retorno,1210,1,1211,315.26,-150.0,165.26,1,1
181,goal_02,col_exit,1054,0,1054,39.58,0.0,39.58,1,0
182,goal_02,col_retorno,1209,112,1321,315.05,-145.6,169.45,1,1
183,goal_02,col_exit,973,0,973,28.17,0.0,28.17,1,0
184,goal_02,col_exit,1050,0,1050,39.08,0.0,39.08,1,0
185,goal_02,col_retorno,1209,1,1210,315.02,-150.0,165.02,1,1
186,goal_02,col_exit,1055,0,1055,38.92,0.0,38.92,1,0
187,goal_02,exito,1209,471,1680,315.06,124.93,439.99,1,1
188,goal_02,col_retorno,1217,1,1218,315.8,-150.0,165.8,1,1
189,goal_02,col_exit,1049,0,1049,38.02,0.0,38.02,1,0
190,goal_02,col_exit,1106,0,1106,47.27,0.0,47.27,1,0
191,goal_02,col_retorno,1209,129,1338,315.08,-143.61,171.47,1,1
192,goal_02,col_exit,984,0,984,24.49,0.0,24.49,1,0
193,goal_02,col_exit,1067,0,1067,40.89,0.0,40.89,1,0
194,goal_02,exito,1210,463,1673,315.3,125.66,440.96,1,1
195,goal_02,exito,1216,467,1683,315.7,125.2,440.9,1,1
196,goal_02,col_retorno,1216,100,1316,315.81,-146.65,169.16,1,1
197,goal_02,col_exit,984,0,984,27.99,0.0,27.99,1,0
198,goal_02,col_exit,1065,0,1065,41.05,0.0,41.05,1,0
199,goal_02,exito,1209,456,1665,315.07,126.45,441.53,1,1
200,goal_02,col_retorno,1217,1,1218,315.73,-150.0,165.73,1,1
201,goal_03,col_exit,1160,0,1160,55.85,0.0,55.85,1,0
202,goal_03,col_exit,1152,0,1152,54.74,0.0,54.74,1,0
203,goal_03,col_exit,1134,0,1134,50.12,0.0,50.12,1,0
204,goal_03,col_exit,1122,0,1122,50.61,0.0,50.61,1,0
205,goal_03,col_exit,1127,0,1127,51.36,0.0,51.36,1,0
206,goal_03,col_exit,1135,0,1135,51.55,0.0,51.55,1,0
207,goal_03,col_exit,1125,0,1125,49.3,0.0,49.3,1,0
208,goal_03,col_exit,1119,0,1119,50.09,0.0,50.09,1,0
209,goal_03,col_exit,1125,0,1125,48.33,0.0,48.33,1,0
210,goal_03,col_exit,1131,0,1131,51.49,0.0,51.49,1,0
211,goal_03,col_exit,1119,0,1119,49.66,0.0,49.66,1,0
212,goal_03,col_exit,1122,0,1122,50.42,0.0,50.42,1,0
213,goal_03,col_exit,1119,0,1119,50.08,0.0,50.08,1,0
214,goal_03,col_exit,1130,0,1130,51.28,0.0,51.28,1,0
215,goal_03,col_exit,1127,0,1127,51.16,0.0,51.16,1,0
216,goal_03,col_exit,1122,0,1122,50.06,0.0,50.06,1,0
217,goal_03,col_exit,1120,0,1120,50.17,0.0,50.17,1,0
218,goal_03,col_exit,1132,0,1132,49.08,0.0,49.08,1,0
219,goal_03,col_exit,1128,0,1128,50.46,0.0,50.46,1,0
220,goal_03,col_exit,1124,0,1124,48.59,0.0,48.59,1,0
221,goal_03,col_exit,1118,0,1118,49.92,0.0,49.92,1,0
222,goal_03,col_exit,1120,0,1120,50.15,0.0,50.15,1,0
223,goal_03,col_exit,1130,0,1130,51.06,0.0,51.06,1,0
224,goal_03,col_exit,1121,0,1121,50.18,0.0,50.18,1,0
225,goal_03,col_exit,1122,0,1122,50.35,0.0,50.35,1,0
226,goal_03,col_exit,1119,0,1119,49.9,0.0,49.9,1,0
227,goal_03,col_exit,1129,0,1129,50.77,0.0,50.77,1,0
228,goal_03,col_exit,1129,0,1129,50.71,0.0,50.71,1,0
229,goal_03,col_exit,1123,0,1123,49.43,0.0,49.43,1,0
230,goal_03,col_exit,1119,0,1119,50.08,0.0,50.08,1,0
231,goal_03,col_exit,1124,0,1124,48.26,0.0,48.26,1,0
232,goal_03,col_exit,1130,0,1130,51.31,0.0,51.31,1,0
233,goal_03,col_exit,1120,0,1120,49.61,0.0,49.61,1,0
234,goal_03,col_exit,1122,0,1122,50.35,0.0,50.35,1,0
235,goal_03,col_exit,1120,0,1120,50.08,0.0,50.08,1,0
236,goal_03,col_exit,1131,0,1131,51.38,0.0,51.38,1,0
237,goal_03,col_exit,1126,0,1126,50.76,0.0,50.76,1,0
238,goal_03,col_exit,1122,0,1122,50.05,0.0,50.05,1,0
239,goal_03,col_exit,1119,0,1119,50.07,0.0,50.07,1,0
240,goal_03,col_exit,1133,0,1133,48.41,0.0,48.41,1,0
241,goal_03,col_exit,1127,0,1127,50.95,0.0,50.95,1,0
242,goal_03,col_exit,1124,0,1124,48.59,0.0,48.59,1,0
243,goal_03,col_exit,1118,0,1118,49.91,0.0,49.91,1,0
244,goal_03,col_exit,1121,0,1121,49.32,0.0,49.32,1,0
245,goal_03,col_exit,1130,0,1130,51.07,0.0,51.07,1,0
246,goal_03,col_exit,1121,0,1121,50.09,0.0,50.09,1,0
247,goal_03,col_exit,1122,0,1122,50.34,0.0,50.34,1,0
248,goal_03,col_exit,1119,0,1119,49.91,0.0,49.91,1,0
249,goal_03,col_exit,1130,0,1130,50.5,0.0,50.5,1,0
250,goal_03,col_exit,1128,0,1128,51.21,0.0,51.21,1,0
251,goal_03,col_exit,1122,0,1122,49.55,0.0,49.55,1,0
252,goal_03,col_exit,1119,0,1119,49.99,0.0,49.99,1,0
253,goal_03,col_exit,1126,0,1126,47.92,0.0,47.92,1,0
254,goal_03,col_exit,1130,0,1130,51.17,0.0,51.17,1,0
255,goal_03,col_exit,1119,0,1119,49.8,0.0,49.8,1,0
256,goal_03,col_exit,1122,0,1122,50.34,0.0,50.34,1,0
257,goal_03,col_exit,1119,0,1119,49.98,0.0,49.98,1,0
258,goal_03,col_exit,1131,0,1131,51.39,0.0,51.39,1,0
259,goal_03,col_exit,1126,0,1126,50.76,0.0,50.76,1,0
260,goal_03,col_exit,1122,0,1122,50.05,0.0,50.05,1,0
261,goal_03,col_exit,1119,0,1119,50.0,0.0,50.0,1,0
262,goal_03,col_exit,1132,0,1132,49.07,0.0,49.07,1,0
263,goal_03,col_exit,1128,0,1128,50.46,0.0,50.46,1,0
264,goal_03,col_exit,1124,0,1124,48.59,0.0,48.59,1,0
265,goal_03,col_exit,1118,0,1118,49.91,0.0,49.91,1,0
266,goal_03,col_exit,1120,0,1120,50.15,0.0,50.15,1,0
267,goal_03,col_exit,1130,0,1130,51.07,0.0,51.07,1,0
268,goal_03,col_exit,1121,0,1121,50.1,0.0,50.1,1,0
269,goal_03,col_exit,1122,0,1122,50.34,0.0,50.34,1,0
270,goal_03,col_exit,1119,0,1119,49.98,0.0,49.98,1,0
271,goal_03,col_exit,1130,0,1130,50.85,0.0,50.85,1,0
272,goal_03,col_exit,1128,0,1128,50.6,0.0,50.6,1,0
273,goal_03,col_exit,1123,0,1123,49.43,0.0,49.43,1,0
274,goal_03,col_exit,1119,0,1119,50.08,0.0,50.08,1,0
275,goal_03,col_exit,1124,0,1124,48.25,0.0,48.25,1,0
276,goal_03,col_exit,1130,0,1130,51.32,0.0,51.32,1,0
277,goal_03,col_exit,1120,0,1120,49.69,0.0,49.69,1,0
278,goal_03,col_exit,1122,0,1122,50.36,0.0,50.36,1,0
279,goal_03,col_exit,1119,0,1119,49.98,0.0,49.98,1,0
280,goal_03,col_exit,1130,0,1130,51.29,0.0,51.29,1,0
281,goal_03,col_exit,1127,0,1127,51.04,0.0,51.04,1,0
282,goal_03,col_exit,1122,0,1122,50.19,0.0,50.19,1,0
283,goal_03,col_exit,1119,0,1119,50.08,0.0,50.08,1,0
284,goal_03,col_exit,1126,0,1126,49.88,0.0,49.88,1,0
285,goal_03,col_exit,1132,0,1132,50.9,0.0,50.9,1,0
286,goal_03,col_exit,1126,0,1126,48.38,0.0,48.38,1,0
287,goal_03,col_exit,1118,0,1118,49.91,0.0,49.91,1,0
288,goal_03,col_exit,1120,0,1120,50.14,0.0,50.14,1,0
289,goal_03,col_exit,1131,0,1131,51.47,0.0,51.47,1,0
290,goal_03,col_exit,1121,0,1121,50.1,0.0,50.1,1,0
291,goal_03,col_exit,1122,0,1122,50.38,0.0,50.38,1,0
292,goal_03,col_exit,1119,0,1119,50.08,0.0,50.08,1,0
293,goal_03,col_exit,1130,0,1130,50.85,0.0,50.85,1,0
294,goal_03,col_exit,1128,0,1128,50.6,0.0,50.6,1,0
295,goal_03,col_exit,1123,0,1123,49.44,0.0,49.44,1,0
296,goal_03,col_exit,1119,0,1119,50.08,0.0,50.08,1,0
297,goal_03,col_exit,1126,0,1126,47.92,0.0,47.92,1,0
298,goal_03,col_exit,1130,0,1130,51.17,0.0,51.17,1,0
299,goal_03,col_exit,1119,0,1119,49.8,0.0,49.8,1,0
300,goal_03,col_exit,1122,0,1122,50.35,0.0,50.35,1,0
301,goal_04,col_retorno,1667,92,1759,380.25,-148.23,232.02,1,1
302,goal_04,exito,1667,465,2132,380.48,125.31,505.79,1,1
303,goal_04,col_retorno,1675,100,1775,380.8,-146.74,234.06,1,1
304,goal_04,col_retorno,1667,61,1728,380.33,-149.29,231.04,1,1
305,goal_04,exito,1667,471,2138,380.44,124.93,505.38,1,1
306,goal_04,col_retorno,1676,103,1779,380.74,-149.13,231.61,1,1
307,goal_04,exito,1667,466,2133,380.43,125.32,505.75,1,1
308,goal_04,exito,1674,471,2145,381.14,124.94,506.08,1,1
309,goal_04,col_exit,1580,0,1580,107.87,0.0,107.87,1,0
310,goal_04,exito,1667,449,2116,380.44,135.43,515.86,1,1
311,goal_04,col_retorno,1674,1,1675,381.27,-150.0,231.27,1,1
312,goal_04,col_retorno,1673,1,1674,381.3,-150.0,231.3,1,1
313,goal_04,col_retorno,1675,1,1676,381.52,-150.0,231.52,1,1
314,goal_04,col_retorno,1674,1,1675,381.43,-150.0,231.43,1,1
315,goal_04,col_retorno,1670,1,1671,380.89,-150.0,230.89,1,1
316,goal_04,col_retorno,1667,26,1693,380.42,-155.16,225.26,1,1
317,goal_04,col_retorno,1667,12,1679,380.42,-149.78,230.64,1,1
318,goal_04,col_retorno,1667,5,1672,380.47,-150.88,229.59,1,1
319,goal_04,col_retorno,1667,28,1695,380.4,-149.13,231.27,1,1
320,goal_04,col_retorno,1667,17,1684,380.44,-149.24,231.2,1,1
321,goal_04,col_retorno,1667,10,1677,380.45,-150.0,230.45,1,1
322,goal_04,exito,1667,470,2137,380.43,125.24,505.66,1,1
323,goal_04,col_retorno,1674,90,1764,381.25,-147.97,233.28,1,1
324,goal_04,exito,1667,467,2134,380.41,125.15,505.56,1,1
325,goal_04,exito,1679,452,2131,380.11,126.86,506.97,1,1
326,goal_04,col_exit,1563,0,1563,111.67,0.0,111.67,1,0
327,goal_04,exito,1667,449,2116,380.43,135.23,515.67,1,1
328,goal_04,col_retorno,1674,1,1675,381.26,-150.0,231.26,1,1
329,goal_04,col_retorno,1663,1,1664,380.25,-150.0,230.25,1,1
330,goal_04,col_retorno,1667,17,1684,380.44,-153.74,226.7,1,1
331,goal_04,col_retorno,1667,17,1684,380.41,-149.32,231.09,1,1
332,goal_04,col_retorno,1667,9,1676,380.46,-149.36,231.1,1,1
333,goal_04,exito,1667,470,2137,380.47,125.31,505.79,1,1
334,goal_04,col_retorno,1674,80,1754,381.27,-148.17,233.1,1,1
335,goal_04,exito,1667,459,2126,380.5,125.92,506.42,1,1
336,goal_04,col_retorno,1680,141,1821,380.15,-142.86,237.28,1,1
337,goal_04,exito,1667,471,2138,380.44,125.14,505.58,1,1
338,goal_04,exito,1674,470,2144,381.26,125.24,506.5,1,1
339,goal_04,col_exit,1575,0,1575,109.66,0.0,109.66,1,0
340,goal_04,col_exit,1626,0,1626,122.26,0.0,122.26,1,0
341,goal_04,exito,1667,445,2112,380.44,134.52,514.97,1,1
342,goal_04,col_retorno,1674,5,1679,381.27,-149.7,231.57,1,1
343,goal_04,exito,1667,470,2137,380.39,124.77,505.16,1,1
344,goal_04,exito,1667,455,2122,380.37,126.54,506.91,1,1
345,goal_04,col_exit,1565,0,1565,111.99,0.0,111.99,1,0
346,goal_04,exito,1667,447,2114,380.43,135.2,515.64,1,1
347,goal_04,col_retorno,1674,1,1675,381.27,-150.0,231.27,1,1
348,goal_04,col_retorno,1668,1,1669,380.53,-150.0,230.53,1,1
349,goal_04,col_retorno,1675,1,1676,381.56,-150.0,231.56,1,1
350,goal_04,col_retorno,1668,1,1669,380.51,-150.0,230.51,1,1
351,goal_04,col_retorno,1669,13,1682,380.56,-152.81,227.74,1,1
352,goal_04,col_retorno,1667,37,1704,380.42,-156.85,223.58,1,1
353,goal_04,col_retorno,1667,1,1668,380.43,-150.0,230.43,1,1
354,goal_04,col_retorno,1667,20,1687,380.49,-154.72,225.76,1,1
355,goal_04,col_retorno,1667,12,1679,380.42,-149.78,230.64,1,1
356,goal_04,col_retorno,1667,8,1675,380.49,-149.44,231.05,1,1
357,goal_04,col_retorno,1667,27,1694,380.43,-149.93,230.5,1,1
358,goal_04,col_retorno,1667,13,1680,380.45,-149.69,230.76,1,1
359,goal_04,col_retorno,1667,12,1679,380.45,-149.82,230.64,1,1
360,goal_04,col_retorno,1667,29,1696,380.45,-148.64,231.81,1,1
361,goal_04,col_retorno,1667,43,1710,380.44,-158.01,222.43,1,1
362,goal_04,col_retorno,1667,1,1668,380.43,-150.0,230.42,1,1
363,goal_04,col_retorno,1667,17,1684,380.43,-154.04,226.39,1,1
364,goal_04,col_retorno,1667,15,1682,380.42,-149.46,230.96,1,1
365,goal_04,col_retorno,1667,4,1671,380.45,-149.88,230.58,1,1
366,goal_04,exito,1667,466,2133,380.42,125.28,505.7,1,1
367,goal_04,exito,1674,462,2136,381.17,125.55,506.72,1,1
368,goal_04,col_exit,1564,0,1564,111.94,0.0,111.94,1,0
369,goal_04,exito,1667,450,2117,380.43,135.51,515.94,1,1
370,goal_04,col_retorno,1674,1,1675,381.27,-150.0,231.27,1,1
371,goal_04,col_retorno,1672,1,1673,381.07,-150.0,231.07,1,1
372,goal_04,col_retorno,1673,1,1674,381.27,-150.0,231.27,1,1
373,goal_04,col_retorno,1674,1,1675,381.42,-150.0,231.42,1,1
374,goal_04,col_retorno,1670,1,1671,380.84,-150.0,230.84,1,1
375,goal_04,col_retorno,1667,20,1687,380.41,-154.73,225.68,1,1
376,goal_04,col_retorno,1667,2,1669,380.43,-150.2,230.23,1,1
377,goal_04,exito,1667,471,2138,380.45,125.07,505.52,1,1
378,goal_04,exito,1674,470,2144,381.24,124.82,506.07,1,1
379,goal_04,col_retorno,1690,1,1691,377.05,-150.0,227.05,1,1
380,goal_04,col_retorno,1668,1,1669,380.27,-150.0,230.27,1,1
381,goal_04,col_exit,1557,0,1557,111.28,0.0,111.28,1,0
382,goal_04,col_exit,1620,0,1620,121.08,0.0,121.08,1,0
383,goal_04,exito,1667,457,2124,380.44,126.2,506.64,1,1
384,goal_04,col_retorno,1674,1,1675,381.27,-150.0,231.27,1,1
385,goal_04,col_retorno,1667,28,1695,380.46,-155.79,224.68,1,1
386,goal_04,col_retorno,1667,24,1691,380.42,-154.77,225.65,1,1
387,goal_04,col_retorno,1667,1,1668,380.43,-150.0,230.43,1,1
388,goal_04,col_retorno,1667,30,1697,380.44,-156.18,224.26,1,1
389,goal_04,col_retorno,1667,12,1679,380.42,-149.79,230.63,1,1
390,goal_04,col_retorno,1667,5,1672,380.49,-149.7,230.79,1,1
391,goal_04,exito,1667,459,2126,380.41,125.83,506.24,1,1
392,goal_04,col_retorno,1674,92,1766,381.09,-147.85,233.24,1,1
393,goal_04,col_retorno,1667,44,1711,380.44,-150.33,230.11,1,1
394,goal_04,exito,1668,469,2137,380.57,125.16,505.73,1,1
395,goal_04,col_retorno,1674,100,1774,381.15,-147.0,234.15,1,1
396,goal_04,col_retorno,1667,50,1717,380.37,-150.0,230.37,1,1
397,goal_04,exito,1667,469,2136,380.46,125.06,505.51,1,1
398,goal_04,exito,1675,467,2142,381.1,125.09,506.19,1,1
399,goal_04,col_exit,1565,0,1565,111.93,0.0,111.93,1,0
400,goal_04,col_exit,1607,0,1607,118.53,0.0,118.53,1,0
401,goal_05,col_exit,336,0,336,-65.61,0.0,-65.61,1,0
402,goal_05,col_retorno,671,1,672,236.31,-150.0,86.31,1,1
403,goal_05,col_exit,389,0,389,-55.95,0.0,-55.95,1,0
404,goal_05,exito,674,465,1139,236.21,125.43,361.65,1,1
405,goal_05,col_retorno,679,17,696,236.18,-149.3,86.88,1,1
406,goal_05,col_exit,392,0,392,-56.17,0.0,-56.17,1,0
407,goal_05,exito,674,461,1135,236.18,125.77,361.95,1,1
408,goal_05,col_retorno,679,38,717,235.91,-150.07,85.84,1,1
409,goal_05,col_exit,411,0,411,-53.51,0.0,-53.51,1,0
410,goal_05,col_retorno,674,22,696,236.21,-148.85,87.36,1,1
411,goal_05,col_exit,425,0,425,-51.41,0.0,-51.41,1,0
412,goal_05,col_retorno,672,42,714,236.09,-149.57,86.52,1,1
413,goal_05,col_exit,396,0,396,-55.41,0.0,-55.41,1,0
414,goal_05,col_retorno,674,40,714,236.43,-150.47,85.96,1,1
415,goal_05,col_retorno,669,1,670,236.39,-150.0,86.39,1,1
416,goal_05,col_exit,357,0,357,-68.11,0.0,-68.11,1,0
417,goal_05,col_retorno,672,1,673,236.3,-150.0,86.3,1,1
418,goal_05,col_exit,402,0,402,-55.33,0.0,-55.33,1,0
419,goal_05,exito,674,465,1139,236.21,125.33,361.54,1,1
420,goal_05,col_retorno,679,18,697,236.17,-149.13,87.04,1,1
421,goal_05,col_exit,396,0,396,-55.55,0.0,-55.55,1,0
422,goal_05,col_retorno,674,40,714,236.22,-150.34,85.87,1,1
423,goal_05,col_retorno,668,1,669,236.19,-150.0,86.19,1,1
424,goal_05,col_exit,348,0,348,-65.04,0.0,-65.04,1,0
425,goal_05,col_retorno,672,8,680,236.24,-151.63,84.61,1,1
426,goal_05,col_exit,405,0,405,-54.29,0.0,-54.29,1,0
427,goal_05,col_retorno,674,22,696,236.19,-148.87,87.32,1,1
428,goal_05,col_exit,426,0,426,-51.22,0.0,-51.22,1,0
429,goal_05,col_retorno,672,42,714,236.1,-149.44,86.66,1,1
430,goal_05,col_exit,396,0,396,-55.42,0.0,-55.42,1,0
431,goal_05,col_retorno,674,40,714,236.21,-150.05,86.16,1,1
432,goal_05,exito,670,466,1136,236.3,123.76,360.07,1,1
433,goal_05,col_exit,404,0,404,-54.55,0.0,-54.55,1,0
434,goal_05,exito,674,465,1139,236.21,125.35,361.56,1,1
435,goal_05,col_retorno,679,31,710,236.34,-149.31,87.03,1,1
436,goal_05,col_exit,392,0,392,-56.19,0.0,-56.19,1,0
437,goal_05,exito,674,470,1144,236.19,124.85,361.04,1,1
438,goal_05,col_retorno,679,21,700,235.9,-148.92,86.97,1,1
439,goal_05,col_exit,410,0,410,-52.67,0.0,-52.67,1,0
440,goal_05,col_retorno,674,32,706,236.22,-149.08,87.14,1,1
441,goal_05,col_exit,417,0,417,-52.38,0.0,-52.38,1,0
442,goal_05,exito,674,470,1144,236.49,125.06,361.55,1,1
443,goal_05,col_retorno,679,12,691,235.9,-149.77,86.12,1,1
444,goal_05,col_exit,392,0,392,-56.64,0.0,-56.64,1,0
445,goal_05,col_retorno,674,40,714,236.21,-150.07,86.14,1,1
446,goal_05,col_retorno,670,1,671,236.32,-150.0,86.31,1,1
447,goal_05,col_exit,351,0,351,-62.57,0.0,-62.57,1,0
448,goal_05,col_retorno,672,3,675,236.25,-149.86,86.39,1,1
449,goal_05,col_exit,412,0,412,-53.31,0.0,-53.31,1,0
450,goal_05,col_retorno,674,23,697,236.22,-148.65,87.56,1,1
451,goal_05,col_exit,418,0,418,-52.17,0.0,-52.17,1,0
452,goal_05,exito,674,473,1147,236.21,124.68,360.89,1,1
453,goal_05,col_retorno,679,47,726,236.19,-158.55,77.63,1,1
454,goal_05,col_exit,381,0,381,-57.68,0.0,-57.68,1,0
455,goal_05,col_retorno,674,34,708,236.5,-149.66,86.84,1,1
456,goal_05,col_exit,410,0,410,-52.69,0.0,-52.69,1,0
457,goal_05,exito,674,473,1147,236.5,124.69,361.19,1,1
458,goal_05,col_retorno,679,19,698,236.18,-149.73,86.45,1,1
459,goal_05,col_exit,387,0,387,-56.07,0.0,-56.07,1,0
460,goal_05,exito,674,460,1134,236.19,125.75,361.93,1,1
461,goal_05,exito,679,468,1147,236.17,124.9,361.07,1,1
462,goal_05,col_retorno,679,6,685,236.17,-151.02,85.15,1,1
463,goal_05,col_exit,418,0,418,-53.13,0.0,-53.13,1,0
464,goal_05,exito,674,468,1142,236.22,125.12,361.34,1,1
465,goal_05,col_retorno,679,58,737,235.9,-158.86,77.04,1,1
466,goal_05,col_exit,377,0,377,-58.22,0.0,-58.22,1,0
467,goal_05,col_retorno,674,32,706,236.42,-149.13,87.29,1,1
468,goal_05,col_exit,404,0,404,-53.86,0.0,-53.86,1,0
469,goal_05,exito,674,460,1134,236.19,125.87,362.06,1,1
470,goal_05,col_retorno,679,20,699,236.18,-148.92,87.26,1,1
471,goal_05,col_exit,407,0,407,-53.24,0.0,-53.24,1,0
472,goal_05,col_retorno,674,41,715,236.21,-149.47,86.74,1,1
473,goal_05,col_exit,395,0,395,-55.61,0.0,-55.61,1,0
474,goal_05,col_retorno,673,41,714,236.36,-149.19,87.18,1,1
475,goal_05,col_retorno,670,1,671,236.28,-150.0,86.28,1,1
476,goal_05,col_exit,351,0,351,-63.52,0.0,-63.52,1,0
477,goal_05,col_retorno,672,3,675,236.24,-149.85,86.39,1,1
478,goal_05,col_exit,410,0,410,-53.57,0.0,-53.57,1,0
479,goal_05,exito,674,454,1128,236.45,126.55,363.0,1,1
480,goal_05,col_retorno,679,29,708,236.18,-148.6,87.58,1,1
481,goal_05,col_exit,391,0,391,-56.39,0.0,-56.39,1,0
482,goal_05,exito,674,469,1143,236.21,125.07,361.28,1,1
483,goal_05,col_retorno,679,31,710,236.18,-148.93,87.26,1,1
484,goal_05,col_exit,410,0,410,-52.69,0.0,-52.69,1,0
485,goal_05,col_retorno,674,22,696,236.49,-148.73,87.76,1,1
486,goal_05,col_exit,425,0,425,-51.4,0.0,-51.4,1,0
487,goal_05,exito,672,464,1136,236.24,125.47,361.72,1,1
488,goal_05,col_retorno,679,65,744,235.9,-159.33,76.57,1,1
489,goal_05,col_exit,375,0,375,-58.87,0.0,-58.87,1,0
490,goal_05,exito,674,460,1134,236.45,125.64,362.09,1,1
491,goal_05,exito,673,448,1121,236.46,127.29,363.75,1,1
492,goal_05,col_retorno,679,26,705,236.18,-148.69,87.49,1,1
493,goal_05,col_exit,391,0,391,-56.38,0.0,-56.38,1,0
494,goal_05,col_retorno,674,40,714,236.21,-149.67,86.54,1,1
495,goal_05,col_retorno,668,1,669,236.19,-150.0,86.19,1,1
496,goal_05,col_exit,341,0,341,-65.59,0.0,-65.59,1,0
497,goal_05,col_retorno,671,13,684,236.33,-149.67,86.65,1,1
498,goal_05,col_exit,400,0,400,-55.0,0.0,-55.0,1,0
499,goal_05,exito,674,460,1134,236.21,125.89,362.1,1,1
500,goal_05,col_retorno,679,37,716,236.17,-150.72,85.46,1,1
501,goal_06,col_exit,436,0,436,-53.58,0.0,-53.58,1,0
502,goal_06,col_exit,499,0,499,-47.71,0.0,-47.71,1,0
503,goal_06,col_exit,530,0,530,-41.64,0.0,-41.64,1,0
504,goal_06,col_exit,543,0,543,-39.14,0.0,-39.14,1,0
505,goal_06,col_exit,553,0,553,-37.78,0.0,-37.78,1,0
506,goal_06,col_exit,558,0,558,-36.99,0.0,-36.99,1,0
507,goal_06,col_exit,558,0,558,-37.19,0.0,-37.19,1,0
508,goal_06,col_exit,556,0,556,-37.32,0.0,-37.32,1,0
509,goal_06,col_exit,555,0,555,-37.54,0.0,-37.54,1,0
510,goal_06,col_exit,558,0,558,-36.95,0.0,-36.95,1,0
511,goal_06,col_exit,581,0,581,-36.57,0.0,-36.57,1,0
512,goal_06,col_exit,566,0,566,-36.82,0.0,-36.82,1,0
513,goal_06,col_exit,560,0,560,-37.34,0.0,-37.34,1,0
514,goal_06,col_exit,558,0,558,-37.66,0.0,-37.66,1,0
515,goal_06,col_exit,559,0,559,-36.74,0.0,-36.74,1,0
516,goal_06,col_exit,558,0,558,-37.16,0.0,-37.16,1,0
517,goal_06,col_exit,557,0,557,-37.11,0.0,-37.11,1,0
518,goal_06,col_exit,556,0,556,-37.33,0.0,-37.33,1,0
519,goal_06,col_exit,568,0,568,-37.13,0.0,-37.13,1,0
520,goal_06,col_exit,577,0,577,-37.14,0.0,-37.14,1,0
521,goal_06,col_exit,559,0,559,-37.34,0.0,-37.34,1,0
522,goal_06,col_exit,560,0,560,-37.23,0.0,-37.23,1,0
523,goal_06,col_exit,558,0,558,-37.46,0.0,-37.46,1,0
524,goal_06,col_exit,559,0,559,-36.43,0.0,-36.43,1,0
525,goal_06,col_exit,558,0,558,-36.9,0.0,-36.9,1,0
526,goal_06,col_exit,557,0,557,-37.12,0.0,-37.12,1,0
527,goal_06,col_exit,555,0,555,-37.23,0.0,-37.23,1,0
528,goal_06,col_exit,571,0,571,-37.08,0.0,-37.08,1,0
529,goal_06,col_exit,578,0,578,-36.81,0.0,-36.81,1,0
530,goal_06,col_exit,556,0,556,-37.67,0.0,-37.67,1,0
531,goal_06,col_exit,560,0,560,-37.32,0.0,-37.32,1,0
532,goal_06,col_exit,559,0,559,-37.07,0.0,-37.07,1,0
533,goal_06,col_exit,560,0,560,-36.75,0.0,-36.75,1,0
534,goal_06,col_exit,558,0,558,-37.31,0.0,-37.31,1,0
535,goal_06,col_exit,556,0,556,-37.31,0.0,-37.31,1,0
536,goal_06,col_exit,555,0,555,-37.53,0.0,-37.53,1,0
537,goal_06,col_exit,578,0,578,-36.6,0.0,-36.6,1,0
538,goal_06,col_exit,571,0,571,-37.04,0.0,-37.04,1,0
539,goal_06,col_exit,561,0,561,-37.28,0.0,-37.28,1,0
540,goal_06,col_exit,556,0,556,-38.0,0.0,-38.0,1,0
541,goal_06,col_exit,558,0,558,-36.91,0.0,-36.91,1,0
542,goal_06,col_exit,560,0,560,-36.79,0.0,-36.79,1,0
543,goal_06,col_exit,557,0,557,-37.2,0.0,-37.2,1,0
544,goal_06,col_exit,556,0,556,-37.32,0.0,-37.32,1,0
545,goal_06,col_exit,556,0,556,-37.33,0.0,-37.33,1,0
546,goal_06,col_exit,580,0,580,-36.57,0.0,-36.57,1,0
547,goal_06,col_exit,568,0,568,-37.01,0.0,-37.01,1,0
548,goal_06,col_exit,561,0,561,-37.25,0.0,-37.25,1,0
549,goal_06,col_exit,558,0,558,-37.78,0.0,-37.78,1,0
550,goal_06,col_exit,558,0,558,-36.94,0.0,-36.94,1,0
551,goal_06,col_exit,559,0,559,-36.85,0.0,-36.85,1,0
552,goal_06,col_exit,557,0,557,-37.13,0.0,-37.13,1,0
553,goal_06,col_exit,555,0,555,-37.52,0.0,-37.52,1,0
554,goal_06,col_exit,557,0,557,-36.83,0.0,-36.83,1,0
555,goal_06,col_exit,581,0,581,-36.45,0.0,-36.45,1,0
556,goal_06,col_exit,567,0,567,-36.88,0.0,-36.88,1,0
557,goal_06,col_exit,560,0,560,-37.35,0.0,-37.35,1,0
558,goal_06,col_exit,558,0,558,-37.45,0.0,-37.45,1,0
559,goal_06,col_exit,559,0,559,-36.74,0.0,-36.74,1,0
560,goal_06,col_exit,558,0,558,-37.16,0.0,-37.16,1,0
561,goal_06,col_exit,557,0,557,-37.13,0.0,-37.13,1,0
562,goal_06,col_exit,556,0,556,-37.33,0.0,-37.33,1,0
563,goal_06,col_exit,568,0,568,-37.13,0.0,-37.13,1,0
564,goal_06,col_exit,577,0,577,-37.15,0.0,-37.15,1,0
565,goal_06,col_exit,559,0,559,-37.32,0.0,-37.32,1,0
566,goal_06,col_exit,560,0,560,-37.34,0.0,-37.34,1,0
567,goal_06,col_exit,558,0,558,-37.44,0.0,-37.44,1,0
568,goal_06,col_exit,560,0,560,-36.65,0.0,-36.65,1,0
569,goal_06,col_exit,558,0,558,-37.32,0.0,-37.32,1,0
570,goal_06,col_exit,556,0,556,-37.32,0.0,-37.32,1,0
571,goal_06,col_exit,556,0,556,-37.33,0.0,-37.33,1,0
572,goal_06,col_exit,572,0,572,-37.42,0.0,-37.42,1,0
573,goal_06,col_exit,577,0,577,-36.96,0.0,-36.96,1,0
574,goal_06,col_exit,555,0,555,-37.68,0.0,-37.68,1,0
575,goal_06,col_exit,560,0,560,-37.37,0.0,-37.37,1,0
576,goal_06,col_exit,559,0,559,-37.09,0.0,-37.09,1,0
577,goal_06,col_exit,560,0,560,-36.74,0.0,-36.74,1,0
578,goal_06,col_exit,557,0,557,-37.17,0.0,-37.17,1,0
579,goal_06,col_exit,556,0,556,-37.31,0.0,-37.31,1,0
580,goal_06,col_exit,556,0,556,-37.33,0.0,-37.33,1,0
581,goal_06,col_exit,578,0,578,-36.6,0.0,-36.6,1,0
582,goal_06,col_exit,571,0,571,-37.78,0.0,-37.78,1,0
583,goal_06,col_exit,561,0,561,-37.28,0.0,-37.28,1,0
584,goal_06,col_exit,556,0,556,-37.97,0.0,-37.97,1,0
585,goal_06,col_exit,559,0,559,-36.7,0.0,-36.7,1,0
586,goal_06,col_exit,559,0,559,-36.98,0.0,-36.98,1,0
587,goal_06,col_exit,557,0,557,-37.21,0.0,-37.21,1,0
588,goal_06,col_exit,556,0,556,-37.34,0.0,-37.34,1,0
589,goal_06,col_exit,556,0,556,-37.33,0.0,-37.33,1,0
590,goal_06,col_exit,580,0,580,-36.55,0.0,-36.55,1,0
591,goal_06,col_exit,568,0,568,-36.94,0.0,-36.94,1,0
592,goal_06,col_exit,561,0,561,-37.24,0.0,-37.24,1,0
593,goal_06,col_exit,557,0,557,-37.93,0.0,-37.93,1,0
594,goal_06,col_exit,559,0,559,-36.72,0.0,-36.72,1,0
595,goal_06,col_exit,559,0,559,-36.86,0.0,-36.86,1,0
596,goal_06,col_exit,557,0,557,-37.13,0.0,-37.13,1,0
597,goal_06,col_exit,555,0,555,-37.52,0.0,-37.52,1,0
598,goal_06,col_exit,558,0,558,-36.94,0.0,-36.94,1,0
599,goal_06,col_exit,581,0,581,-36.56,0.0,-36.56,1,0
600,goal_06,col_exit,566,0,566,-36.94,0.0,-36.94,1,0
601,goal_07,col_exit,598,0,598,-27.02,0.0,-27.02,1,0
602,goal_07,col_exit,584,0,584,-28.44,0.0,-28.44,1,0
603,goal_07,col_exit,568,0,568,-30.58,0.0,-30.58,1,0
604,goal_07,col_exit,562,0,562,-31.71,0.0,-31.71,1,0
605,goal_07,col_exit,573,0,573,-30.8,0.0,-30.8,1,0
606,goal_07,col_exit,565,0,565,-31.08,0.0,-31.08,1,0
607,goal_07,col_exit,561,0,561,-31.8,0.0,-31.8,1,0
608,goal_07,col_exit,564,0,564,-33.56,0.0,-33.56,1,0
609,goal_07,col_exit,562,0,562,-31.66,0.0,-31.66,1,0
610,goal_07,col_exit,560,0,560,-32.28,0.0,-32.28,1,0
611,goal_07,col_exit,557,0,557,-32.81,0.0,-32.81,1,0
612,goal_07,col_exit,556,0,556,-32.98,0.0,-32.98,1,0
613,goal_07,col_exit,566,0,566,-31.11,0.0,-31.11,1,0
614,goal_07,col_exit,566,0,566,-30.85,0.0,-30.85,1,0
615,goal_07,col_exit,563,0,563,-31.42,0.0,-31.42,1,0
616,goal_07,col_exit,564,0,564,-31.54,0.0,-31.54,1,0
617,goal_07,col_exit,562,0,562,-32.59,0.0,-32.59,1,0
618,goal_07,col_exit,560,0,560,-32.02,0.0,-32.02,1,0
619,goal_07,col_exit,559,0,559,-32.45,0.0,-32.45,1,0
620,goal_07,col_exit,556,0,556,-32.98,0.0,-32.98,1,0
621,goal_07,col_exit,556,0,556,-32.73,0.0,-32.73,1,0
622,goal_07,col_exit,568,0,568,-30.71,0.0,-30.71,1,0
623,goal_07,col_exit,566,0,566,-30.86,0.0,-30.86,1,0
624,goal_07,col_exit,562,0,562,-31.61,0.0,-31.61,1,0
625,goal_07,col_exit,564,0,564,-32.68,0.0,-32.68,1,0
626,goal_07,col_exit,561,0,561,-31.84,0.0,-31.84,1,0
627,goal_07,col_exit,561,0,561,-32.09,0.0,-32.09,1,0
628,goal_07,col_exit,558,0,558,-32.63,0.0,-32.63,1,0
629,goal_07,col_exit,556,0,556,-33.05,0.0,-33.05,1,0
630,goal_07,col_exit,557,0,557,-32.55,0.0,-32.55,1,0
631,goal_07,col_exit,571,0,571,-30.25,0.0,-30.25,1,0
632,goal_07,col_exit,566,0,566,-30.9,0.0,-30.9,1,0
633,goal_07,col_exit,560,0,560,-31.99,0.0,-31.99,1,0
634,goal_07,col_exit,562,0,562,-32.35,0.0,-32.35,1,0
635,goal_07,col_exit,562,0,562,-31.95,0.0,-31.95,1,0
636,goal_07,col_exit,561,0,561,-32.09,0.0,-32.09,1,0
637,goal_07,col_exit,558,0,558,-32.63,0.0,-32.63,1,0
638,goal_07,col_exit,556,0,556,-32.97,0.0,-32.97,1,0
639,goal_07,col_exit,562,0,562,-31.83,0.0,-31.83,1,0
640,goal_07,col_exit,569,0,569,-30.59,0.0,-30.59,1,0
641,goal_07,col_exit,563,0,563,-31.47,0.0,-31.47,1,0
642,goal_07,col_exit,560,0,560,-31.99,0.0,-31.99,1,0
643,goal_07,col_exit,562,0,562,-33.04,0.0,-33.04,1,0
644,goal_07,col_exit,562,0,562,-31.65,0.0,-31.65,1,0
645,goal_07,col_exit,561,0,561,-32.09,0.0,-32.09,1,0
646,goal_07,col_exit,557,0,557,-32.82,0.0,-32.82,1,0
647,goal_07,col_exit,556,0,556,-33.05,0.0,-33.05,1,0
648,goal_07,col_exit,565,0,565,-31.35,0.0,-31.35,1,0
649,goal_07,col_exit,568,0,568,-30.78,0.0,-30.78,1,0
650,goal_07,col_exit,562,0,562,-31.65,0.0,-31.65,1,0
651,goal_07,col_exit,562,0,562,-31.91,0.0,-31.91,1,0
652,goal_07,col_exit,563,0,563,-34.02,0.0,-34.02,1,0
653,goal_07,col_exit,561,0,561,-31.84,0.0,-31.84,1,0
654,goal_07,col_exit,559,0,559,-32.45,0.0,-32.45,1,0
655,goal_07,col_exit,557,0,557,-32.85,0.0,-32.85,1,0
656,goal_07,col_exit,556,0,556,-33.0,0.0,-33.0,1,0
657,goal_07,col_exit,566,0,566,-31.11,0.0,-31.11,1,0
658,goal_07,col_exit,566,0,566,-30.86,0.0,-30.86,1,0
659,goal_07,col_exit,563,0,563,-31.47,0.0,-31.47,1,0
660,goal_07,col_exit,564,0,564,-31.54,0.0,-31.54,1,0
661,goal_07,col_exit,562,0,562,-32.59,0.0,-32.59,1,0
662,goal_07,col_exit,560,0,560,-32.02,0.0,-32.02,1,0
663,goal_07,col_exit,559,0,559,-32.45,0.0,-32.45,1,0
664,goal_07,col_exit,556,0,556,-32.98,0.0,-32.98,1,0
665,goal_07,col_exit,556,0,556,-32.72,0.0,-32.72,1,0
666,goal_07,col_exit,568,0,568,-30.71,0.0,-30.71,1,0
667,goal_07,col_exit,566,0,566,-30.9,0.0,-30.9,1,0
668,goal_07,col_exit,562,0,562,-31.66,0.0,-31.66,1,0
669,goal_07,col_exit,564,0,564,-32.68,0.0,-32.68,1,0
670,goal_07,col_exit,561,0,561,-31.84,0.0,-31.84,1,0
671,goal_07,col_exit,561,0,561,-32.09,0.0,-32.09,1,0
672,goal_07,col_exit,558,0,558,-32.64,0.0,-32.64,1,0
673,goal_07,col_exit,556,0,556,-33.05,0.0,-33.05,1,0
674,goal_07,col_exit,557,0,557,-32.55,0.0,-32.55,1,0
675,goal_07,col_exit,571,0,571,-30.25,0.0,-30.25,1,0
676,goal_07,col_exit,566,0,566,-30.9,0.0,-30.9,1,0
677,goal_07,col_exit,560,0,560,-32.03,0.0,-32.03,1,0
678,goal_07,col_exit,562,0,562,-32.35,0.0,-32.35,1,0
679,goal_07,col_exit,562,0,562,-31.94,0.0,-31.94,1,0
680,goal_07,col_exit,561,0,561,-32.09,0.0,-32.09,1,0
681,goal_07,col_exit,558,0,558,-32.63,0.0,-32.63,1,0
682,goal_07,col_exit,556,0,556,-32.97,0.0,-32.97,1,0
683,goal_07,col_exit,562,0,562,-31.84,0.0,-31.84,1,0
684,goal_07,col_exit,569,0,569,-30.59,0.0,-30.59,1,0
685,goal_07,col_exit,563,0,563,-31.46,0.0,-31.46,1,0
686,goal_07,col_exit,561,0,561,-32.1,0.0,-32.1,1,0
687,goal_07,col_exit,561,0,561,-33.2,0.0,-33.2,1,0
688,goal_07,col_exit,562,0,562,-31.65,0.0,-31.65,1,0
689,goal_07,col_exit,561,0,561,-32.09,0.0,-32.09,1,0
690,goal_07,col_exit,557,0,557,-32.81,0.0,-32.81,1,0
691,goal_07,col_exit,556,0,556,-33.04,0.0,-33.04,1,0
692,goal_07,col_exit,564,0,564,-31.23,0.0,-31.23,1,0
693,goal_07,col_exit,568,0,568,-30.48,0.0,-30.48,1,0
694,goal_07,col_exit,563,0,563,-31.47,0.0,-31.47,1,0
695,goal_07,col_exit,561,0,561,-31.8,0.0,-31.8,1,0
696,goal_07,col_exit,563,0,563,-33.89,0.0,-33.89,1,0
697,goal_07,col_exit,561,0,561,-31.84,0.0,-31.84,1,0
698,goal_07,col_exit,560,0,560,-32.27,0.0,-32.27,1,0
699,goal_07,col_exit,557,0,557,-32.8,0.0,-32.8,1,0
700,goal_07,col_exit,556,0,556,-32.99,0.0,-32.99,1,0
701,goal_08,col_approach,468,0,468,-93.23,0.0,-93.23,0,0
702,goal_08,col_approach,509,0,509,-86.36,0.0,-86.36,0,0
703,goal_08,col_approach,540,0,540,-84.15,0.0,-84.15,0,0
704,goal_08,col_approach,549,0,549,-82.76,0.0,-82.76,0,0
705,goal_08,col_approach,557,0,557,-81.14,0.0,-81.14,0,0
706,goal_08,col_approach,554,0,554,-82.1,0.0,-82.1,0,0
707,goal_08,col_approach,554,0,554,-83.41,0.0,-83.41,0,0
708,goal_08,col_approach,329,0,329,-113.76,0.0,-113.76,0,0
709,goal_08,col_approach,399,0,399,-102.54,0.0,-102.54,0,0
710,goal_08,col_approach,476,0,476,-91.37,0.0,-91.37,0,0
711,goal_08,col_approach,527,0,527,-84.89,0.0,-84.89,0,0
712,goal_08,col_approach,543,0,543,-83.89,0.0,-83.89,0,0
713,goal_08,col_approach,555,0,555,-81.86,0.0,-81.86,0,0
714,goal_08,col_approach,558,0,558,-81.59,0.0,-81.59,0,0
715,goal_08,col_approach,556,0,556,-81.25,0.0,-81.25,0,0
716,goal_08,col_approach,554,0,554,-82.27,0.0,-82.27,0,0
717,goal_08,col_approach,555,0,555,-83.78,0.0,-83.78,0,0
718,goal_08,col_approach,325,0,325,-114.27,0.0,-114.27,0,0
719,goal_08,col_approach,401,0,401,-102.9,0.0,-102.9,0,0
720,goal_08,col_approach,476,0,476,-91.32,0.0,-91.32,0,0
721,goal_08,col_approach,528,0,528,-84.91,0.0,-84.91,0,0
722,goal_08,col_approach,544,0,544,-83.92,0.0,-83.92,0,0
723,goal_08,col_approach,556,0,556,-81.56,0.0,-81.56,0,0
724,goal_08,col_approach,557,0,557,-81.12,0.0,-81.12,0,0
725,goal_08,col_approach,555,0,555,-81.49,0.0,-81.49,0,0
726,goal_08,col_approach,554,0,554,-82.64,0.0,-82.64,0,0
727,goal_08,col_approach,597,0,597,-79.14,0.0,-79.14,0,0
728,goal_08,col_approach,549,0,549,-82.99,0.0,-82.99,0,0
729,goal_08,col_approach,556,0,556,-81.56,0.0,-81.56,0,0
730,goal_08,col_approach,564,0,564,-81.17,0.0,-81.17,0,0
731,goal_08,col_approach,553,0,553,-82.15,0.0,-82.15,0,0
732,goal_08,col_approach,568,0,568,-81.94,0.0,-81.94,0,0
733,goal_08,col_approach,556,0,556,-81.15,0.0,-81.15,0,0
734,goal_08,col_approach,555,0,555,-81.66,0.0,-81.66,0,0
735,goal_08,col_approach,554,0,554,-82.9,0.0,-82.9,0,0
736,goal_08,col_approach,598,0,598,-79.77,0.0,-79.77,0,0
737,goal_08,col_approach,548,0,548,-83.07,0.0,-83.07,0,0
738,goal_08,col_approach,556,0,556,-81.66,0.0,-81.66,0,0
739,goal_08,col_approach,563,0,563,-81.32,0.0,-81.32,0,0
740,goal_08,col_approach,556,0,556,-82.23,0.0,-82.23,0,0
741,goal_08,col_approach,567,0,567,-82.4,0.0,-82.4,0,0
742,goal_08,col_approach,556,0,556,-81.16,0.0,-81.16,0,0
743,goal_08,col_approach,554,0,554,-81.83,0.0,-81.83,0,0
744,goal_08,col_approach,554,0,554,-83.05,0.0,-83.05,0,0
745,goal_08,col_approach,332,0,332,-113.32,0.0,-113.32,0,0
746,goal_08,col_approach,396,0,396,-103.1,0.0,-103.1,0,0
747,goal_08,col_approach,476,0,476,-91.31,0.0,-91.31,0,0
748,goal_08,col_approach,526,0,526,-85.07,0.0,-85.07,0,0
749,goal_08,col_approach,541,0,541,-83.22,0.0,-83.22,0,0
750,goal_08,col_approach,558,0,558,-81.37,0.0,-81.37,0,0
751,goal_08,col_approach,557,0,557,-81.72,0.0,-81.72,0,0
752,goal_08,col_approach,557,0,557,-80.96,0.0,-80.96,0,0
753,goal_08,col_approach,554,0,554,-82.11,0.0,-82.11,0,0
754,goal_08,col_approach,554,0,554,-83.6,0.0,-83.6,0,0
755,goal_08,col_approach,329,0,329,-113.76,0.0,-113.76,0,0
756,goal_08,col_approach,399,0,399,-102.53,0.0,-102.53,0,0
757,goal_08,col_approach,476,0,476,-91.38,0.0,-91.38,0,0
758,goal_08,col_approach,527,0,527,-84.88,0.0,-84.88,0,0
759,goal_08,col_approach,544,0,544,-84.02,0.0,-84.02,0,0
760,goal_08,col_approach,554,0,554,-81.9,0.0,-81.9,0,0
761,goal_08,col_approach,558,0,558,-81.59,0.0,-81.59,0,0
762,goal_08,col_approach,556,0,556,-81.24,0.0,-81.24,0,0
763,goal_08,col_approach,554,0,554,-82.28,0.0,-82.28,0,0
764,goal_08,col_approach,555,0,555,-83.84,0.0,-83.84,0,0
765,goal_08,col_approach,325,0,325,-114.0,0.0,-114.0,0,0
766,goal_08,col_approach,401,0,401,-102.89,0.0,-102.89,0,0
767,goal_08,col_approach,476,0,476,-91.32,0.0,-91.32,0,0
768,goal_08,col_approach,528,0,528,-84.91,0.0,-84.91,0,0
769,goal_08,col_approach,544,0,544,-83.92,0.0,-83.92,0,0
770,goal_08,col_approach,556,0,556,-81.56,0.0,-81.56,0,0
771,goal_08,col_approach,557,0,557,-81.2,0.0,-81.2,0,0
772,goal_08,col_approach,555,0,555,-81.49,0.0,-81.49,0,0
773,goal_08,col_approach,554,0,554,-82.64,0.0,-82.64,0,0
774,goal_08,col_approach,597,0,597,-79.15,0.0,-79.15,0,0
775,goal_08,col_approach,549,0,549,-82.99,0.0,-82.99,0,0
776,goal_08,col_approach,556,0,556,-81.57,0.0,-81.57,0,0
777,goal_08,col_approach,564,0,564,-81.27,0.0,-81.27,0,0
778,goal_08,col_approach,553,0,553,-82.16,0.0,-82.16,0,0
779,goal_08,col_approach,568,0,568,-81.94,0.0,-81.94,0,0
780,goal_08,col_approach,556,0,556,-81.14,0.0,-81.14,0,0
781,goal_08,col_approach,555,0,555,-81.65,0.0,-81.65,0,0
782,goal_08,col_approach,554,0,554,-82.91,0.0,-82.91,0,0
783,goal_08,col_approach,598,0,598,-79.52,0.0,-79.52,0,0
784,goal_08,col_approach,548,0,548,-83.08,0.0,-83.08,0,0
785,goal_08,col_approach,556,0,556,-81.79,0.0,-81.79,0,0
786,goal_08,col_approach,563,0,563,-81.33,0.0,-81.33,0,0
787,goal_08,col_approach,556,0,556,-82.23,0.0,-82.23,0,0
788,goal_08,col_approach,567,0,567,-82.4,0.0,-82.4,0,0
789,goal_08,col_approach,556,0,556,-81.15,0.0,-81.15,0,0
790,goal_08,col_approach,554,0,554,-81.85,0.0,-81.85,0,0
791,goal_08,col_approach,555,0,555,-83.06,0.0,-83.06,0,0
792,goal_08,col_approach,588,0,588,-80.93,0.0,-80.93,0,0
793,goal_08,col_approach,558,0,558,-81.45,0.0,-81.45,0,0
794,goal_08,col_approach,555,0,555,-81.74,0.0,-81.74,0,0
795,goal_08,col_approach,563,0,563,-81.56,0.0,-81.56,0,0
796,goal_08,col_approach,557,0,557,-82.32,0.0,-82.32,0,0
797,goal_08,col_approach,566,0,566,-82.48,0.0,-82.48,0,0
798,goal_08,col_approach,556,0,556,-81.15,0.0,-81.15,0,0
799,goal_08,col_approach,554,0,554,-82.11,0.0,-82.11,0,0
800,goal_08,col_approach,554,0,554,-83.6,0.0,-83.6,0,0
801,goal_09,col_approach,329,0,329,-113.48,0.0,-113.48,0,0
802,goal_09,col_approach,399,0,399,-102.53,0.0,-102.53,0,0
803,goal_09,col_approach,476,0,476,-91.38,0.0,-91.38,0,0
804,goal_09,col_approach,527,0,527,-84.88,0.0,-84.88,0,0
805,goal_09,col_approach,544,0,544,-84.2,0.0,-84.2,0,0
806,goal_09,col_approach,554,0,554,-81.63,0.0,-81.63,0,0
807,goal_09,col_approach,558,0,558,-81.6,0.0,-81.6,0,0
808,goal_09,col_approach,556,0,556,-81.31,0.0,-81.31,0,0
809,goal_09,col_approach,554,0,554,-82.29,0.0,-82.29,0,0
810,goal_09,col_approach,555,0,555,-83.79,0.0,-83.79,0,0
811,goal_09,col_approach,325,0,325,-114.28,0.0,-114.28,0,0
812,goal_09,col_approach,401,0,401,-102.89,0.0,-102.89,0,0
813,goal_09,col_approach,476,0,476,-91.32,0.0,-91.32,0,0
814,goal_09,col_approach,528,0,528,-84.91,0.0,-84.91,0,0
815,goal_09,col_approach,544,0,544,-83.91,0.0,-83.91,0,0
816,goal_09,col_approach,556,0,556,-81.55,0.0,-81.55,0,0
817,goal_09,col_approach,557,0,557,-81.2,0.0,-81.2,0,0
818,goal_09,col_approach,555,0,555,-81.49,0.0,-81.49,0,0
819,goal_09,col_approach,554,0,554,-82.64,0.0,-82.64,0,0
820,goal_09,col_approach,597,0,597,-79.16,0.0,-79.16,0,0
821,goal_09,col_approach,549,0,549,-82.98,0.0,-82.98,0,0
822,goal_09,col_approach,556,0,556,-81.57,0.0,-81.57,0,0
823,goal_09,col_approach,564,0,564,-81.16,0.0,-81.16,0,0
824,goal_09,col_approach,553,0,553,-82.16,0.0,-82.16,0,0
825,goal_09,col_approach,568,0,568,-81.94,0.0,-81.94,0,0
826,goal_09,col_approach,556,0,556,-81.15,0.0,-81.15,0,0
827,goal_09,col_approach,555,0,555,-81.65,0.0,-81.65,0,0
828,goal_09,col_approach,554,0,554,-82.9,0.0,-82.9,0,0
829,goal_09,col_approach,598,0,598,-79.78,0.0,-79.78,0,0
830,goal_09,col_approach,548,0,548,-83.07,0.0,-83.07,0,0
831,goal_09,col_approach,556,0,556,-81.58,0.0,-81.58,0,0
832,goal_09,col_approach,563,0,563,-81.33,0.0,-81.33,0,0
833,goal_09,col_approach,556,0,556,-82.22,0.0,-82.22,0,0
834,goal_09,col_approach,567,0,567,-82.4,0.0,-82.4,0,0
835,goal_09,col_approach,556,0,556,-81.15,0.0,-81.15,0,0
836,goal_09,col_approach,554,0,554,-81.84,0.0,-81.84,0,0
837,goal_09,col_approach,554,0,554,-83.05,0.0,-83.05,0,0
838,goal_09,col_approach,332,0,332,-113.32,0.0,-113.32,0,0
839,goal_09,col_approach,396,0,396,-103.11,0.0,-103.11,0,0
840,goal_09,col_approach,476,0,476,-91.32,0.0,-91.32,0,0
841,goal_09,col_approach,526,0,526,-85.05,0.0,-85.05,0,0
842,goal_09,col_approach,540,0,540,-83.01,0.0,-83.01,0,0
843,goal_09,col_approach,558,0,558,-81.42,0.0,-81.42,0,0
844,goal_09,col_approach,558,0,558,-81.68,0.0,-81.68,0,0
845,goal_09,col_approach,557,0,557,-80.98,0.0,-80.98,0,0
846,goal_09,col_approach,554,0,554,-82.1,0.0,-82.1,0,0
847,goal_09,col_approach,554,0,554,-83.6,0.0,-83.6,0,0
848,goal_09,col_approach,329,0,329,-113.75,0.0,-113.75,0,0
849,goal_09,col_approach,398,0,398,-102.72,0.0,-102.72,0,0
850,goal_09,col_approach,476,0,476,-91.31,0.0,-91.31,0,0
851,goal_09,col_approach,527,0,527,-85.06,0.0,-85.06,0,0
852,goal_09,col_approach,542,0,542,-83.17,0.0,-83.17,0,0
853,goal_09,col_approach,557,0,557,-81.88,0.0,-81.88,0,0
854,goal_09,col_approach,558,0,558,-81.56,0.0,-81.56,0,0
855,goal_09,col_approach,556,0,556,-81.3,0.0,-81.3,0,0
856,goal_09,col_approach,554,0,554,-82.29,0.0,-82.29,0,0
857,goal_09,col_approach,555,0,555,-83.79,0.0,-83.79,0,0
858,goal_09,col_approach,325,0,325,-114.28,0.0,-114.28,0,0
859,goal_09,col_approach,401,0,401,-102.89,0.0,-102.89,0,0
860,goal_09,col_approach,476,0,476,-91.32,0.0,-91.32,0,0
861,goal_09,col_approach,528,0,528,-84.91,0.0,-84.91,0,0
862,goal_09,col_approach,544,0,544,-83.92,0.0,-83.92,0,0
863,goal_09,col_approach,556,0,556,-81.55,0.0,-81.55,0,0
864,goal_09,col_approach,557,0,557,-81.2,0.0,-81.2,0,0
865,goal_09,col_approach,555,0,555,-81.49,0.0,-81.49,0,0
866,goal_09,col_approach,554,0,554,-82.65,0.0,-82.65,0,0
867,goal_09,col_approach,597,0,597,-79.15,0.0,-79.15,0,0
868,goal_09,col_approach,549,0,549,-82.99,0.0,-82.99,0,0
869,goal_09,col_approach,556,0,556,-81.57,0.0,-81.57,0,0
870,goal_09,col_approach,564,0,564,-81.17,0.0,-81.17,0,0
871,goal_09,col_approach,553,0,553,-82.16,0.0,-82.16,0,0
872,goal_09,col_approach,568,0,568,-81.94,0.0,-81.94,0,0
873,goal_09,col_approach,556,0,556,-81.15,0.0,-81.15,0,0
874,goal_09,col_approach,555,0,555,-81.65,0.0,-81.65,0,0
875,goal_09,col_approach,554,0,554,-82.9,0.0,-82.9,0,0
876,goal_09,col_approach,598,0,598,-79.77,0.0,-79.77,0,0
877,goal_09,col_approach,548,0,548,-83.07,0.0,-83.07,0,0
878,goal_09,col_approach,556,0,556,-81.59,0.0,-81.59,0,0
879,goal_09,col_approach,563,0,563,-81.33,0.0,-81.33,0,0
880,goal_09,col_approach,556,0,556,-82.22,0.0,-82.22,0,0
881,goal_09,col_approach,567,0,567,-82.4,0.0,-82.4,0,0
882,goal_09,col_approach,556,0,556,-81.15,0.0,-81.15,0,0
883,goal_09,col_approach,554,0,554,-81.84,0.0,-81.84,0,0
884,goal_09,col_approach,554,0,554,-83.06,0.0,-83.06,0,0
885,goal_09,col_approach,332,0,332,-113.33,0.0,-113.33,0,0
886,goal_09,col_approach,396,0,396,-103.1,0.0,-103.1,0,0
887,goal_09,col_approach,476,0,476,-91.32,0.0,-91.32,0,0
888,goal_09,col_approach,526,0,526,-85.05,0.0,-85.05,0,0
889,goal_09,col_approach,540,0,540,-83.01,0.0,-83.01,0,0
890,goal_09,col_approach,558,0,558,-81.51,0.0,-81.51,0,0
891,goal_09,col_approach,558,0,558,-81.58,0.0,-81.58,0,0
892,goal_09,col_approach,557,0,557,-80.97,0.0,-80.97,0,0
893,goal_09,col_approach,554,0,554,-82.1,0.0,-82.1,0,0
894,goal_09,col_approach,554,0,554,-83.6,0.0,-83.6,0,0
895,goal_09,col_approach,329,0,329,-113.75,0.0,-113.75,0,0
896,goal_09,col_approach,398,0,398,-102.72,0.0,-102.72,0,0
897,goal_09,col_approach,476,0,476,-91.31,0.0,-91.31,0,0
898,goal_09,col_approach,527,0,527,-84.82,0.0,-84.82,0,0
899,goal_09,col_approach,542,0,542,-83.18,0.0,-83.18,0,0
900,goal_09,col_approach,557,0,557,-81.87,0.0,-81.87,0,0
901,goal_10,col_approach,558,0,558,-81.59,0.0,-81.59,0,0
902,goal_10,col_approach,556,0,556,-81.24,0.0,-81.24,0,0
903,goal_10,col_approach,554,0,554,-82.28,0.0,-82.28,0,0
904,goal_10,col_approach,555,0,555,-83.84,0.0,-83.84,0,0
905,goal_10,col_approach,325,0,325,-114.28,0.0,-114.28,0,0
906,goal_10,col_approach,401,0,401,-102.89,0.0,-102.89,0,0
907,goal_10,col_approach,476,0,476,-91.32,0.0,-91.32,0,0
908,goal_10,col_approach,528,0,528,-84.92,0.0,-84.92,0,0
909,goal_10,col_approach,544,0,544,-83.92,0.0,-83.92,0,0
910,goal_10,col_approach,556,0,556,-81.56,0.0,-81.56,0,0
911,goal_10,col_approach,557,0,557,-81.12,0.0,-81.12,0,0
912,goal_10,col_approach,555,0,555,-81.48,0.0,-81.48,0,0
913,goal_10,col_approach,554,0,554,-82.65,0.0,-82.65,0,0
914,goal_10,col_approach,597,0,597,-79.15,0.0,-79.15,0,0
915,goal_10,col_approach,549,0,549,-83.0,0.0,-83.0,0,0
916,goal_10,col_approach,556,0,556,-81.56,0.0,-81.56,0,0
917,goal_10,col_approach,564,0,564,-81.17,0.0,-81.17,0,0
918,goal_10,col_approach,553,0,553,-82.15,0.0,-82.15,0,0
919,goal_10,col_approach,568,0,568,-81.94,0.0,-81.94,0,0
920,goal_10,col_approach,556,0,556,-81.15,0.0,-81.15,0,0
921,goal_10,col_approach,555,0,555,-81.65,0.0,-81.65,0,0
922,goal_10,col_approach,554,0,554,-82.9,0.0,-82.9,0,0
923,goal_10,col_approach,598,0,598,-79.51,0.0,-79.51,0,0
924,goal_10,col_approach,548,0,548,-83.07,0.0,-83.07,0,0
925,goal_10,col_approach,556,0,556,-81.59,0.0,-81.59,0,0
926,goal_10,col_approach,563,0,563,-81.33,0.0,-81.33,0,0
927,goal_10,col_approach,556,0,556,-82.23,0.0,-82.23,0,0
928,goal_10,col_approach,567,0,567,-82.39,0.0,-82.39,0,0
929,goal_10,col_approach,556,0,556,-81.16,0.0,-81.16,0,0
930,goal_10,col_approach,554,0,554,-81.84,0.0,-81.84,0,0
931,goal_10,col_approach,554,0,554,-83.07,0.0,-83.07,0,0
932,goal_10,col_approach,332,0,332,-113.32,0.0,-113.32,0,0
933,goal_10,col_approach,396,0,396,-103.1,0.0,-103.1,0,0
934,goal_10,col_approach,476,0,476,-91.32,0.0,-91.32,0,0
935,goal_10,col_approach,526,0,526,-85.05,0.0,-85.05,0,0
936,goal_10,col_approach,540,0,540,-83.01,0.0,-83.01,0,0
937,goal_10,col_approach,558,0,558,-81.51,0.0,-81.51,0,0
938,goal_10,col_approach,558,0,558,-81.58,0.0,-81.58,0,0
939,goal_10,col_approach,557,0,557,-80.96,0.0,-80.96,0,0
940,goal_10,col_approach,554,0,554,-82.1,0.0,-82.1,0,0
941,goal_10,col_approach,554,0,554,-83.6,0.0,-83.6,0,0
942,goal_10,col_approach,329,0,329,-113.75,0.0,-113.75,0,0
943,goal_10,col_approach,399,0,399,-102.53,0.0,-102.53,0,0
944,goal_10,col_approach,476,0,476,-91.36,0.0,-91.36,0,0
945,goal_10,col_approach,527,0,527,-84.89,0.0,-84.89,0,0
946,goal_10,col_approach,543,0,543,-83.88,0.0,-83.88,0,0
947,goal_10,col_approach,555,0,555,-81.86,0.0,-81.86,0,0
948,goal_10,col_approach,558,0,558,-81.59,0.0,-81.59,0,0
949,goal_10,col_approach,556,0,556,-81.25,0.0,-81.25,0,0
950,goal_10,col_approach,554,0,554,-82.28,0.0,-82.28,0,0
951,goal_10,col_approach,555,0,555,-83.84,0.0,-83.84,0,0
952,goal_10,col_approach,325,0,325,-114.28,0.0,-114.28,0,0
953,goal_10,col_approach,401,0,401,-102.9,0.0,-102.9,0,0
954,goal_10,col_approach,476,0,476,-91.31,0.0,-91.31,0,0
955,goal_10,col_approach,528,0,528,-84.92,0.0,-84.92,0,0
956,goal_10,col_approach,544,0,544,-83.92,0.0,-83.92,0,0
957,goal_10,col_approach,556,0,556,-81.56,0.0,-81.56,0,0
958,goal_10,col_approach,557,0,557,-81.12,0.0,-81.12,0,0
959,goal_10,col_approach,555,0,555,-81.48,0.0,-81.48,0,0
960,goal_10,col_approach,554,0,554,-82.65,0.0,-82.65,0,0
961,goal_10,col_approach,597,0,597,-79.22,0.0,-79.22,0,0
962,goal_10,col_approach,549,0,549,-82.99,0.0,-82.99,0,0
963,goal_10,col_approach,556,0,556,-81.56,0.0,-81.56,0,0
964,goal_10,col_approach,564,0,564,-81.17,0.0,-81.17,0,0
965,goal_10,col_approach,553,0,553,-82.16,0.0,-82.16,0,0
966,goal_10,col_approach,568,0,568,-81.94,0.0,-81.94,0,0
967,goal_10,col_approach,556,0,556,-81.15,0.0,-81.15,0,0
968,goal_10,col_approach,555,0,555,-81.66,0.0,-81.66,0,0
969,goal_10,col_approach,554,0,554,-82.9,0.0,-82.9,0,0
970,goal_10,col_approach,598,0,598,-79.51,0.0,-79.51,0,0
971,goal_10,col_approach,548,0,548,-83.07,0.0,-83.07,0,0
972,goal_10,col_approach,556,0,556,-81.64,0.0,-81.64,0,0
973,goal_10,col_approach,563,0,563,-81.33,0.0,-81.33,0,0
974,goal_10,col_approach,556,0,556,-82.23,0.0,-82.23,0,0
975,goal_10,col_approach,567,0,567,-82.4,0.0,-82.4,0,0
976,goal_10,col_approach,556,0,556,-81.16,0.0,-81.16,0,0
977,goal_10,col_approach,554,0,554,-81.84,0.0,-81.84,0,0
978,goal_10,col_approach,555,0,555,-83.06,0.0,-83.06,0,0
979,goal_10,col_approach,588,0,588,-80.93,0.0,-80.93,0,0
980,goal_10,col_approach,558,0,558,-81.45,0.0,-81.45,0,0
981,goal_10,col_approach,555,0,555,-81.74,0.0,-81.74,0,0
982,goal_10,col_approach,563,0,563,-81.43,0.0,-81.43,0,0
983,goal_10,col_approach,557,0,557,-82.32,0.0,-82.32,0,0
984,goal_10,col_approach,566,0,566,-82.26,0.0,-82.26,0,0
985,goal_10,col_approach,556,0,556,-81.16,0.0,-81.16,0,0
986,goal_10,col_approach,554,0,554,-82.11,0.0,-82.11,0,0
987,goal_10,col_approach,555,0,555,-83.44,0.0,-83.44,0,0
988,goal_10,col_approach,495,0,495,-89.74,0.0,-89.74,0,0
989,goal_10,col_approach,317,0,317,-114.43,0.0,-114.43,0,0
990,goal_10,col_approach,437,0,437,-97.41,0.0,-97.41,0,0
991,goal_10,col_approach,498,0,498,-88.51,0.0,-88.51,0,0
992,goal_10,col_approach,537,0,537,-85.01,0.0,-85.01,0,0
993,goal_10,col_approach,548,0,548,-83.29,0.0,-83.29,0,0
994,goal_10,col_approach,553,0,553,-82.19,0.0,-82.19,0,0
995,goal_10,col_approach,557,0,557,-81.26,0.0,-81.26,0,0
996,goal_10,col_approach,554,0,554,-82.27,0.0,-82.27,0,0
997,goal_10,col_approach,555,0,555,-83.84,0.0,-83.84,0,0
998,goal_10,col_approach,325,0,325,-114.27,0.0,-114.27,0,0
999,goal_10,col_approach,401,0,401,-102.89,0.0,-102.89,0,0
1000,goal_10,col_approach,476,0,476,-91.32,0.0,-91.32,0,0
1001,goal_11,exito,2171,468,2639,454.8,125.35,580.15,1,1
1002,goal_11,col_retorno,2180,1,2181,455.05,-150.0,305.05,1,1
1003,goal_11,col_retorno,2169,37,2206,454.43,-149.71,304.72,1,1
1004,goal_11,exito,2172,462,2634,454.67,125.49,580.16,1,1
1005,goal_11,col_exit,2061,0,2061,184.88,0.0,184.88,1,0
1006,goal_11,exito,2171,449,2620,454.77,135.15,589.92,1,1
1007,goal_11,col_retorno,2180,57,2237,454.95,-149.57,305.38,1,1
1008,goal_11,exito,2170,467,2637,454.78,125.08,579.86,1,1
1009,goal_11,col_exit,2068,0,2068,185.6,0.0,185.6,1,0
1010,goal_11,exito,2171,468,2639,454.81,124.48,579.29,1,1
1011,goal_11,col_retorno,2180,45,2225,454.98,-150.73,304.25,1,1
1012,goal_11,col_retorno,2168,58,2226,454.4,-149.37,305.03,1,1
1013,goal_11,col_retorno,2170,61,2231,454.85,-149.08,305.76,1,1
1014,goal_11,exito,2170,471,2641,454.82,125.12,579.93,1,1
1015,goal_11,col_exit,2072,0,2072,185.81,0.0,185.81,1,0
1016,goal_11,exito,2171,477,2648,454.7,124.13,578.83,1,1
1017,goal_11,exito,2180,462,2642,455.07,125.78,580.85,1,1
1018,goal_11,col_retorno,2180,1,2181,454.63,-150.0,304.63,1,1
1019,goal_11,col_exit,2066,0,2066,186.05,0.0,186.05,1,0
1020,goal_11,col_retorno,2171,1,2172,454.69,-150.0,304.69,1,1
1021,goal_11,col_retorno,2169,1,2170,454.47,-150.0,304.47,1,1
1022,goal_11,col_retorno,2170,58,2228,454.56,-149.42,305.14,1,1
1023,goal_11,exito,2170,465,2635,454.72,125.29,580.0,1,1
1024,goal_11,col_exit,2069,0,2069,185.93,0.0,185.93,1,0
1025,goal_11,exito,2171,449,2620,454.77,135.25,590.02,1,1
1026,goal_11,col_retorno,2180,56,2236,454.95,-149.66,305.29,1,1
1027,goal_11,exito,2170,471,2641,454.79,124.72,579.5,1,1
1028,goal_11,col_exit,2068,0,2068,185.18,0.0,185.18,1,0
1029,goal_11,exito,2169,460,2629,454.36,124.53,578.89,1,1
1030,goal_11,col_retorno,2180,41,2221,454.99,-149.52,305.48,1,1
1031,goal_11,col_retorno,2172,52,2224,454.79,-150.1,304.69,1,1
1032,goal_11,exito,2170,469,2639,454.82,125.03,579.84,1,1
1033,goal_11,col_exit,2068,0,2068,186.14,0.0,186.14,1,0
1034,goal_11,exito,2171,455,2626,454.8,126.0,580.81,1,1
1035,goal_11,col_retorno,2180,50,2230,455.05,-150.28,304.78,1,1
1036,goal_11,col_retorno,2170,67,2237,454.83,-149.34,305.49,1,1
1037,goal_11,col_retorno,2170,79,2249,454.74,-150.26,304.48,1,1
1038,goal_11,col_retorno,2171,71,2242,454.68,-149.87,304.81,1,1
1039,goal_11,col_retorno,2171,76,2247,454.58,-149.76,304.82,1,1
1040,goal_11,exito,2170,468,2638,454.54,125.13,579.68,1,1
1041,goal_11,col_exit,2086,0,2086,183.8,0.0,183.8,1,0
1042,goal_11,exito,2170,448,2618,454.3,135.01,589.31,1,1
1043,goal_11,exito,2180,465,2645,454.94,125.32,580.25,1,1
1044,goal_11,col_exit,2067,0,2067,186.23,0.0,186.23,1,0
1045,goal_11,exito,2171,472,2643,454.8,124.74,579.54,1,1
1046,goal_11,exito,2180,470,2650,455.06,125.03,580.1,1,1
1047,goal_11,col_retorno,2180,6,2186,454.84,-151.07,303.77,1,1
1048,goal_11,col_exit,2065,0,2065,183.38,0.0,183.38,1,0
1049,goal_11,exito,2169,465,2634,454.34,124.69,579.02,1,1
1050,goal_11,exito,2180,471,2651,455.0,124.9,579.9,1,1
1051,goal_11,col_retorno,2183,1,2184,454.13,-150.0,304.13,1,1
1052,goal_11,col_exit,2069,0,2069,182.13,0.0,182.13,1,0
1053,goal_11,exito,2171,468,2639,454.76,124.45,579.21,1,1
1054,goal_11,exito,2180,456,2636,455.01,126.36,581.37,1,1
1055,goal_11,col_exit,2070,0,2070,184.76,0.0,184.76,1,0
1056,goal_11,exito,2171,450,2621,454.79,135.49,590.28,1,1
1057,goal_11,col_retorno,2180,22,2202,455.03,-148.74,306.29,1,1
1058,goal_11,col_retorno,2172,63,2235,454.79,-148.86,305.93,1,1
1059,goal_11,exito,2170,470,2640,454.83,124.82,579.66,1,1
1060,goal_11,col_exit,2069,0,2069,185.97,0.0,185.97,1,0
1061,goal_11,exito,2171,453,2624,454.78,135.47,590.25,1,1
1062,goal_11,col_retorno,2180,53,2233,455.04,-150.01,305.02,1,1
1063,goal_11,col_retorno,2168,67,2235,454.36,-149.47,304.89,1,1
1064,goal_11,col_retorno,2170,77,2247,454.66,-149.25,305.41,1,1
1065,goal_11,exito,2170,462,2632,454.37,125.48,579.85,1,1
1066,goal_11,col_exit,2060,0,2060,184.77,0.0,184.77,1,0
1067,goal_11,col_retorno,2171,1,2172,454.74,-150.0,304.73,1,1
1068,goal_11,col_retorno,2171,1,2172,454.77,-150.0,304.77,1,1
1069,goal_11,col_retorno,2176,45,2221,454.8,-150.78,304.02,1,1
1070,goal_11,col_retorno,2168,59,2227,454.38,-149.38,305.0,1,1
1071,goal_11,exito,2170,453,2623,454.82,126.7,581.52,1,1
1072,goal_11,col_exit,2065,0,2065,186.03,0.0,186.03,1,0
1073,goal_11,col_retorno,2171,1,2172,454.79,-150.0,304.79,1,1
1074,goal_11,col_retorno,2179,1,2180,455.15,-150.0,305.15,1,1
1075,goal_11,col_retorno,2171,51,2222,454.77,-150.21,304.56,1,1
1076,goal_11,exito,2170,465,2635,454.77,125.33,580.1,1,1
1077,goal_11,col_exit,2076,0,2076,184.47,0.0,184.47,1,0
1078,goal_11,exito,2171,464,2635,454.77,123.78,578.55,1,1
1079,goal_11,exito,2180,459,2639,455.04,126.08,581.12,1,1
1080,goal_11,col_exit,2065,0,2065,186.0,0.0,186.0,1,0
1081,goal_11,exito,2171,450,2621,454.8,135.46,590.26,1,1
1082,goal_11,exito,2180,467,2647,455.07,125.02,580.08,1,1
1083,goal_11,col_retorno,2180,1,2181,454.8,-150.0,304.8,1,1
1084,goal_11,col_exit,2073,0,2073,182.55,0.0,182.55,1,0
1085,goal_11,exito,2171,450,2621,454.74,135.09,589.83,1,1
1086,goal_11,exito,2180,458,2638,454.99,126.02,581.01,1,1
1087,goal_11,col_exit,2067,0,2067,186.1,0.0,186.1,1,0
1088,goal_11,exito,2171,458,2629,454.8,125.4,580.2,1,1
1089,goal_11,exito,2180,454,2634,455.0,126.67,581.67,1,1
1090,goal_11,col_exit,2065,0,2065,185.96,0.0,185.96,1,0
1091,goal_11,exito,2171,467,2638,454.79,125.09,579.88,1,1
1092,goal_11,col_retorno,2180,7,2187,455.07,-149.6,305.47,1,1
1093,goal_11,col_retorno,2170,46,2216,454.75,-150.07,304.68,1,1
1094,goal_11,col_retorno,2171,72,2243,454.69,-148.97,305.72,1,1
1095,goal_11,exito,2171,461,2632,454.72,125.88,580.6,1,1
1096,goal_11,col_exit,2067,0,2067,186.35,0.0,186.35,1,0
1097,goal_11,col_retorno,2171,1,2172,454.79,-150.0,304.79,1,1
1098,goal_11,col_retorno,2170,1,2171,454.5,-150.0,304.5,1,1
1099,goal_11,col_retorno,2171,47,2218,454.77,-149.89,304.88,1,1
1100,goal_11,col_retorno,2171,72,2243,454.48,-151.53,302.95,1,1
1101,goal_12,col_exit,1842,0,1842,152.91,0.0,152.91,1,0
1102,goal_12,exito,1952,465,2417,421.98,125.27,547.25,1,1
1103,goal_12,col_retorno,1951,1,1952,422.27,-150.0,272.27,1,1
1104,goal_12,col_exit,1841,0,1841,152.67,0.0,152.67,1,0
1105,goal_12,col_retorno,1952,76,2028,421.82,-147.87,273.95,1,1
1106,goal_12,col_exit,1871,0,1871,158.21,0.0,158.21,1,0
1107,goal_12,col_retorno,1952,102,2054,421.95,-146.01,275.94,1,1
1108,goal_12,col_exit,1891,0,1891,160.25,0.0,160.25,1,0
1109,goal_12,exito,1953,456,2409,421.63,126.41,548.04,1,1
1110,goal_12,col_retorno,1961,1,1962,422.47,-150.0,272.47,1,1
1111,goal_12,col_exit,1844,0,1844,151.77,0.0,151.77,1,0
1112,goal_12,exito,1952,458,2410,422.17,125.91,548.08,1,1
1113,goal_12,col_retorno,1961,1,1962,422.49,-150.0,272.49,1,1
1114,goal_12,col_exit,1846,0,1846,153.27,0.0,153.27,1,0
1115,goal_12,col_retorno,1952,66,2018,422.16,-149.53,272.63,1,1
1116,goal_12,col_exit,1862,0,1862,156.48,0.0,156.48,1,0
1117,goal_12,exito,1952,457,2409,422.2,126.18,548.38,1,1
1118,goal_12,col_retorno,1961,1,1962,422.48,-150.0,272.48,1,1
1119,goal_12,col_exit,1849,0,1849,153.26,0.0,153.26,1,0
1120,goal_12,col_retorno,1954,75,2029,422.33,-149.42,272.91,1,1
1121,goal_12,col_exit,1866,0,1866,156.54,0.0,156.54,1,0
1122,goal_12,col_retorno,1952,86,2038,422.21,-147.0,275.22,1,1
1123,goal_12,col_exit,1878,0,1878,158.13,0.0,158.13,1,0
1124,goal_12,col_retorno,1953,102,2055,421.76,-146.71,275.05,1,1
1125,goal_12,col_exit,1890,0,1890,160.33,0.0,160.33,1,0
1126,goal_12,exito,1952,454,2406,421.67,126.59,548.25,1,1
1127,goal_12,col_retorno,1961,1,1962,422.47,-150.0,272.47,1,1
1128,goal_12,col_exit,1865,0,1865,147.4,0.0,147.4,1,0
1129,goal_12,exito,1952,456,2408,422.15,126.25,548.4,1,1
1130,goal_12,col_retorno,1961,1,1962,422.47,-150.0,272.47,1,1
1131,goal_12,col_retorno,1967,1,1968,421.54,-150.0,271.54,1,1
1132,goal_12,col_retorno,1951,1,1952,422.14,-150.0,272.14,1,1
1133,goal_12,col_exit,1841,0,1841,153.26,0.0,153.26,1,0
1134,goal_12,col_retorno,1952,52,2004,422.23,-149.97,272.26,1,1
1135,goal_12,col_exit,1861,0,1861,156.35,0.0,156.35,1,0
1136,goal_12,exito,1953,466,2419,421.63,125.25,546.88,1,1
1137,goal_12,col_retorno,1961,1,1962,422.47,-150.0,272.47,1,1
1138,goal_12,col_exit,1845,0,1845,152.06,0.0,152.06,1,0
1139,goal_12,col_retorno,1952,70,2022,422.19,-148.83,273.36,1,1
1140,goal_12,col_exit,1866,0,1866,157.25,0.0,157.25,1,0
1141,goal_12,col_retorno,1953,111,2064,421.92,-144.59,277.32,1,1
1142,goal_12,col_exit,1881,0,1881,158.79,0.0,158.79,1,0
1143,goal_12,col_retorno,1952,104,2056,422.16,-147.24,274.92,1,1
1144,goal_12,col_exit,1866,0,1866,156.56,0.0,156.56,1,0
1145,goal_12,col_retorno,1954,112,2066,421.66,-149.25,272.42,1,1
1146,goal_12,col_exit,1880,0,1880,158.45,0.0,158.45,1,0
1147,goal_12,exito,1954,469,2423,421.08,125.07,546.15,1,1
1148,goal_12,col_retorno,1961,1,1962,422.48,-150.0,272.48,1,1
1149,goal_12,col_exit,1850,0,1850,152.93,0.0,152.93,1,0
1150,goal_12,col_retorno,1952,64,2016,422.2,-149.59,272.6,1,1
1151,goal_12,col_exit,1863,0,1863,156.67,0.0,156.67,1,0
1152,goal_12,exito,1955,472,2427,421.06,124.91,545.97,1,1
1153,goal_12,col_retorno,1961,1,1962,422.47,-150.0,272.46,1,1
1154,goal_12,col_exit,1847,0,1847,152.69,0.0,152.69,1,0
1155,goal_12,exito,1952,470,2422,422.1,124.87,546.97,1,1
1156,goal_12,col_retorno,1961,1,1962,422.46,-150.0,272.46,1,1
1157,goal_12,col_exit,1856,0,1856,148.8,0.0,148.8,1,0
1158,goal_12,exito,1955,469,2424,422.35,124.73,547.08,1,1
1159,goal_12,exito,1961,449,2410,422.49,135.37,557.86,1,1
1160,goal_12,col_exit,1861,0,1861,148.92,0.0,148.92,1,0
1161,goal_12,col_retorno,1952,73,2025,422.07,-151.14,270.93,1,1
1162,goal_12,col_exit,1843,0,1843,153.1,0.0,153.1,1,0
1163,goal_12,exito,1952,460,2412,421.99,125.75,547.74,1,1
1164,goal_12,col_retorno,1961,1,1962,422.48,-150.0,272.48,1,1
1165,goal_12,col_exit,1838,0,1838,152.95,0.0,152.95,1,0
1166,goal_12,exito,1952,458,2410,421.92,126.02,547.95,1,1
1167,goal_12,col_retorno,1961,1,1962,422.49,-150.0,272.49,1,1
1168,goal_12,col_exit,1842,0,1842,152.3,0.0,152.3,1,0
1169,goal_12,exito,1952,470,2422,422.19,124.77,546.96,1,1
1170,goal_12,col_retorno,1951,1,1952,422.27,-150.0,272.27,1,1
1171,goal_12,col_retorno,1953,1,1954,421.68,-150.0,271.68,1,1
1172,goal_12,col_retorno,1952,1,1953,422.23,-150.0,272.23,1,1
1173,goal_12,col_exit,1840,0,1840,152.99,0.0,152.99,1,0
1174,goal_12,exito,1952,457,2409,422.22,126.24,548.46,1,1
1175,goal_12,col_retorno,1961,1,1962,422.48,-150.0,272.48,1,1
1176,goal_12,col_exit,1857,0,1857,149.27,0.0,149.27,1,0
1177,goal_12,exito,1954,465,2419,422.36,125.41,547.76,1,1
1178,goal_12,exito,1961,473,2434,422.48,124.43,546.91,1,1
1179,goal_12,col_exit,1858,0,1858,151.26,0.0,151.26,1,0
1180,goal_12,col_retorno,1952,65,2017,421.98,-150.58,271.4,1,1
1181,goal_12,col_exit,1839,0,1839,152.84,0.0,152.84,1,0
1182,goal_12,exito,1953,457,2410,421.83,126.13,547.96,1,1
1183,goal_12,col_retorno,1961,1,1962,422.48,-150.0,272.48,1,1
1184,goal_12,col_exit,1842,0,1842,152.35,0.0,152.35,1,0
1185,goal_12,col_retorno,1952,76,2028,422.07,-147.98,274.09,1,1
1186,goal_12,col_exit,1870,0,1870,158.01,0.0,158.01,1,0
1187,goal_12,exito,1953,466,2419,421.86,125.29,547.15,1,1
1188,goal_12,col_retorno,1961,1,1962,422.48,-150.0,272.48,1,1
1189,goal_12,col_exit,1838,0,1838,152.96,0.0,152.96,1,0
1190,goal_12,col_retorno,1952,73,2025,422.0,-148.16,273.84,1,1
1191,goal_12,col_exit,1871,0,1871,157.93,0.0,157.93,1,0
1192,goal_12,exito,1952,470,2422,421.95,124.95,546.9,1,1
1193,goal_12,col_retorno,1961,1,1962,422.46,-150.0,272.46,1,1
1194,goal_12,col_exit,1850,0,1850,153.03,0.0,153.03,1,0
1195,goal_12,exito,1952,471,2423,421.95,124.65,546.59,1,1
1196,goal_12,col_retorno,1961,1,1962,422.47,-150.0,272.47,1,1
1197,goal_12,col_exit,1852,0,1852,154.65,0.0,154.65,1,0
1198,goal_12,exito,1951,467,2418,421.88,125.19,547.07,1,1
1199,goal_12,exito,1961,466,2427,422.51,124.58,547.08,1,1
1200,goal_12,col_exit,1854,0,1854,152.31,0.0,152.31,1,0
1201,goal_13,col_exit,1645,0,1645,126.82,0.0,126.82,1,0
1202,goal_13,exito,1715,446,2161,389.97,135.26,525.23,1,1
1203,goal_13,exito,1724,451,2175,390.29,135.08,525.37,1,1
1204,goal_13,col_retorno,1724,1,1725,390.3,-150.0,240.3,1,1
1205,goal_13,col_retorno,1716,1,1717,389.34,-150.0,239.34,1,1
1206,goal_13,col_retorno,1710,1,1711,389.43,-150.0,239.43,1,1
1207,goal_13,exito,1715,447,2162,390.06,135.2,525.26,1,1
1208,goal_13,col_retorno,1724,1,1725,390.28,-150.0,240.28,1,1
1209,goal_13,col_retorno,1712,1,1713,389.51,-150.0,239.51,1,1
1210,goal_13,col_retorno,1722,1,1723,390.19,-150.0,240.19,1,1
1211,goal_13,exito,1714,448,2162,389.8,135.23,525.03,1,1
1212,goal_13,col_retorno,1724,1,1725,390.28,-150.0,240.28,1,1
1213,goal_13,col_retorno,1722,1,1723,390.18,-150.0,240.18,1,1
1214,goal_13,exito,1714,463,2177,389.95,123.77,513.72,1,1
1215,goal_13,col_retorno,1724,1,1725,390.24,-150.0,240.24,1,1
1216,goal_13,col_retorno,1713,1,1714,389.56,-150.0,239.56,1,1
1217,goal_13,exito,1713,449,2162,389.61,134.55,524.16,1,1
1218,goal_13,col_retorno,1724,1,1725,390.3,-150.0,240.3,1,1
1219,goal_13,col_retorno,1713,1,1714,389.6,-150.0,239.6,1,1
1220,goal_13,exito,1719,470,2189,390.34,124.46,514.8,1,1
1221,goal_13,col_retorno,1724,1,1725,390.29,-150.0,240.29,1,1
1222,goal_13,col_retorno,1720,1,1721,389.89,-150.0,239.89,1,1
1223,goal_13,exito,1725,449,2174,390.29,133.75,524.04,1,1
1224,goal_13,col_retorno,1724,1,1725,390.3,-150.0,240.3,1,1
1225,goal_13,col_retorno,1722,1,1723,390.14,-150.0,240.14,1,1
1226,goal_13,exito,1713,448,2161,389.53,133.61,523.13,1,1
1227,goal_13,col_retorno,1722,1,1723,389.86,-150.0,239.86,1,1
1228,goal_13,col_retorno,1720,1,1721,389.9,-150.0,239.9,1,1
1229,goal_13,exito,1714,451,2165,389.53,135.44,524.97,1,1
1230,goal_13,col_retorno,1724,1,1725,390.3,-150.0,240.3,1,1
1231,goal_13,col_retorno,1714,1,1715,389.76,-150.0,239.76,1,1
1232,goal_13,col_retorno,1713,1,1714,389.68,-150.0,239.68,1,1
1233,goal_13,exito,1713,472,2185,389.74,124.58,514.31,1,1
1234,goal_13,col_retorno,1724,1,1725,390.29,-150.0,240.29,1,1
1235,goal_13,exito,1713,448,2161,389.61,134.42,524.04,1,1
1236,goal_13,col_retorno,1724,1,1725,390.29,-150.0,240.29,1,1
1237,goal_13,col_retorno,1716,1,1717,389.4,-150.0,239.4,1,1
1238,goal_13,col_retorno,1713,1,1714,389.65,-150.0,239.65,1,1
1239,goal_13,exito,1713,451,2164,389.56,134.79,524.35,1,1
1240,goal_13,col_retorno,1724,1,1725,390.31,-150.0,240.31,1,1
1241,goal_13,col_retorno,1720,1,1721,389.92,-150.0,239.92,1,1
1242,goal_13,exito,1721,477,2198,390.1,124.37,514.47,1,1
1243,goal_13,col_retorno,1722,1,1723,389.85,-150.0,239.85,1,1
1244,goal_13,col_retorno,1722,19,1741,390.1,-154.88,235.22,1,1
1245,goal_13,exito,1715,450,2165,389.79,135.51,525.3,1,1
1246,goal_13,col_retorno,1724,1,1725,390.29,-150.0,240.29,1,1
1247,goal_13,col_retorno,1713,7,1720,389.64,-151.3,238.34,1,1
1248,goal_13,exito,1713,457,2170,389.61,124.88,514.49,1,1
1249,goal_13,col_retorno,1724,1,1725,390.29,-150.0,240.29,1,1
1250,goal_13,col_retorno,1718,1,1719,389.88,-150.0,239.88,1,1
1251,goal_13,exito,1712,451,2163,389.52,135.49,525.02,1,1
1252,goal_13,col_retorno,1722,1,1723,389.85,-150.0,239.84,1,1
1253,goal_13,col_retorno,1716,1,1717,389.68,-150.0,239.68,1,1
1254,goal_13,exito,1715,446,2161,389.97,135.05,525.02,1,1
1255,goal_13,col_retorno,1712,1,1713,389.63,-150.0,239.63,1,1
1256,goal_13,col_retorno,1714,1,1715,390.05,-150.0,240.05,1,1
1257,goal_13,col_retorno,1721,1,1722,389.97,-150.0,239.97,1,1
1258,goal_13,exito,1715,462,2177,389.94,125.28,515.22,1,1
1259,goal_13,col_retorno,1724,1,1725,390.3,-150.0,240.29,1,1
1260,goal_13,col_retorno,1716,1,1717,390.04,-150.0,240.04,1,1
1261,goal_13,exito,1713,448,2161,389.69,135.15,524.84,1,1
1262,goal_13,col_retorno,1723,1,1724,390.13,-150.0,240.13,1,1
1263,goal_13,col_retorno,1715,1,1716,389.93,-150.0,239.93,1,1
1264,goal_13,col_retorno,1714,14,1728,389.44,-154.13,235.31,1,1
1265,goal_13,exito,1715,467,2182,389.69,125.12,514.82,1,1
1266,goal_13,col_retorno,1724,1,1725,390.29,-150.0,240.29,1,1
1267,goal_13,exito,1714,464,2178,388.91,122.48,511.39,1,1
1268,goal_13,col_retorno,1712,1,1713,389.63,-150.0,239.63,1,1
1269,goal_13,col_retorno,1718,1,1719,389.84,-150.0,239.84,1,1
1270,goal_13,exito,1723,451,2174,390.58,135.38,525.96,1,1
1271,goal_13,col_retorno,1724,1,1725,390.28,-150.0,240.28,1,1
1272,goal_13,col_retorno,1721,1,1722,389.97,-150.0,239.97,1,1
1273,goal_13,exito,1714,448,2162,390.1,133.8,523.91,1,1
1274,goal_13,col_retorno,1722,1,1723,389.85,-150.0,239.84,1,1
1275,goal_13,col_retorno,1713,1,1714,389.99,-150.0,239.99,1,1
1276,goal_13,exito,1721,449,2170,390.04,131.5,521.54,1,1
1277,goal_13,col_retorno,1724,1,1725,390.27,-150.0,240.27,1,1
1278,goal_13,col_retorno,1721,1,1722,390.03,-150.0,240.03,1,1
1279,goal_13,col_retorno,1716,1,1717,390.02,-150.0,240.02,1,1
1280,goal_13,exito,1713,445,2158,389.78,135.13,524.91,1,1
1281,goal_13,col_retorno,1724,1,1725,390.25,-150.0,240.25,1,1
1282,goal_13,col_retorno,1721,1,1722,390.07,-150.0,240.07,1,1
1283,goal_13,col_retorno,1715,7,1722,389.45,-151.98,237.47,1,1
1284,goal_13,exito,1713,451,2164,389.63,135.55,525.18,1,1
1285,goal_13,col_retorno,1722,1,1723,389.85,-150.0,239.85,1,1
1286,goal_13,col_retorno,1715,1,1716,389.95,-150.0,239.95,1,1
1287,goal_13,exito,1713,448,2161,389.81,135.25,525.06,1,1
1288,goal_13,col_retorno,1724,1,1725,390.29,-150.0,240.29,1,1
1289,goal_13,col_retorno,1722,1,1723,390.22,-150.0,240.22,1,1
1290,goal_13,exito,1713,448,2161,389.69,134.39,524.08,1,1
1291,goal_13,col_retorno,1723,1,1724,390.13,-150.0,240.12,1,1
1292,goal_13,col_retorno,1714,1,1715,389.75,-150.0,239.75,1,1
1293,goal_13,exito,1714,472,2186,389.82,122.72,512.53,1,1
1294,goal_13,col_retorno,1724,1,1725,390.28,-150.0,240.28,1,1
1295,goal_13,col_retorno,1717,1,1718,390.21,-150.0,240.21,1,1
1296,goal_13,exito,1714,454,2168,389.94,126.54,516.48,1,1
1297,goal_13,col_retorno,1722,1,1723,389.86,-150.0,239.86,1,1
1298,goal_13,col_retorno,1722,1,1723,390.1,-150.0,240.1,1,1
1299,goal_13,exito,1723,454,2177,390.37,135.7,526.06,1,1
1300,goal_13,col_retorno,1722,1,1723,389.85,-150.0,239.85,1,1
1301,goal_14,col_exit,1634,0,1634,111.81,0.0,111.81,1,0
1302,goal_14,col_retorno,2289,1,2290,461.02,-150.0,311.02,1,1
1303,goal_14,col_retorno,2297,1,2298,461.28,-150.0,311.28,1,1
1304,goal_14,exito,2289,457,2746,461.32,125.73,587.04,1,1
1305,goal_14,col_exit,1663,0,1663,114.4,0.0,114.4,1,0
1306,goal_14,col_retorno,2288,1,2289,461.35,-150.0,311.35,1,1
1307,goal_14,col_retorno,2293,1,2294,459.43,-150.0,309.43,1,1
1308,goal_14,exito,2288,448,2736,461.41,135.14,596.55,1,1
1309,goal_14,col_exit,1673,0,1673,109.52,0.0,109.52,1,0
1310,goal_14,col_exit,1569,0,1569,101.68,0.0,101.68,1,0
1311,goal_14,col_retorno,2290,53,2343,460.8,-150.0,310.8,1,1
1312,goal_14,col_retorno,2288,1,2289,460.95,-150.0,310.95,1,1
1313,goal_14,col_retorno,2287,1,2288,461.42,-150.0,311.42,1,1
1314,goal_14,col_retorno,2290,1,2291,461.59,-150.0,311.58,1,1
1315,goal_14,exito,2291,450,2741,460.51,135.45,595.96,1,1
1316,goal_14,col_retorno,2298,1,2299,460.83,-150.0,310.83,1,1
1317,goal_14,exito,2295,449,2744,461.46,135.26,596.73,1,1
1318,goal_14,col_exit,1669,0,1669,112.62,0.0,112.62,1,0
1319,goal_14,col_exit,1568,0,1568,102.04,0.0,102.04,1,0
1320,goal_14,col_retorno,2289,52,2341,461.26,-150.12,311.14,1,1
1321,goal_14,col_retorno,2288,1,2289,461.17,-150.0,311.17,1,1
1322,goal_14,col_retorno,2287,1,2288,461.41,-150.0,311.41,1,1
1323,goal_14,col_retorno,2295,1,2296,461.37,-150.0,311.36,1,1
1324,goal_14,exito,2290,460,2750,461.07,125.71,586.78,1,1
1325,goal_14,col_retorno,2298,1,2299,461.04,-150.0,311.04,1,1
1326,goal_14,exito,2287,462,2749,461.32,125.28,586.6,1,1
1327,goal_14,col_exit,1658,0,1658,113.63,0.0,113.63,1,0
1328,goal_14,col_retorno,2288,1,2289,461.32,-150.0,311.32,1,1
1329,goal_14,col_retorno,2292,1,2293,459.8,-150.0,309.79,1,1
1330,goal_14,exito,2287,449,2736,461.79,135.17,596.96,1,1
1331,goal_14,col_exit,1672,0,1672,109.25,0.0,109.25,1,0
1332,goal_14,col_exit,1569,0,1569,101.68,0.0,101.68,1,0
1333,goal_14,exito,2290,461,2751,460.8,125.76,586.56,1,1
1334,goal_14,col_exit,1660,0,1660,113.59,0.0,113.59,1,0
1335,goal_14,col_exit,1574,0,1574,102.59,0.0,102.59,1,0
1336,goal_14,col_exit,2185,0,2185,193.45,0.0,193.45,1,0
1337,goal_14,col_exit,1583,0,1583,99.91,0.0,99.91,1,0
1338,goal_14,exito,2288,449,2737,461.61,134.72,596.33,1,1
1339,goal_14,col_exit,1674,0,1674,114.9,0.0,114.9,1,0
1340,goal_14,col_exit,1572,0,1572,102.42,0.0,102.42,1,0
1341,goal_14,exito,2288,451,2739,461.38,126.97,588.35,1,1
1342,goal_14,col_exit,1668,0,1668,113.94,0.0,113.94,1,0
1343,goal_14,col_exit,1593,0,1593,101.34,0.0,101.34,1,0
1344,goal_14,col_exit,2205,0,2205,193.93,0.0,193.93,1,0
1345,goal_14,col_exit,2212,0,2212,196.56,0.0,196.56,1,0
1346,goal_14,col_exit,2250,0,2250,202.97,0.0,202.97,1,0
1347,goal_14,col_exit,1588,0,1588,100.56,0.0,100.56,1,0
1348,goal_14,exito,2288,450,2738,461.53,135.08,596.61,1,1
1349,goal_14,col_exit,1672,0,1672,115.4,0.0,115.4,1,0
1350,goal_14,col_retorno,2290,1,2291,460.85,-150.0,310.85,1,1
1351,goal_14,col_retorno,2289,1,2290,460.81,-150.0,310.81,1,1
1352,goal_14,exito,2295,448,2743,461.41,134.73,596.14,1,1
1353,goal_14,col_exit,1674,0,1674,112.22,0.0,112.22,1,0
1354,goal_14,col_exit,1569,0,1569,101.53,0.0,101.53,1,0
1355,goal_14,col_retorno,2289,53,2342,461.12,-149.83,311.29,1,1
1356,goal_14,col_retorno,2288,1,2289,461.12,-150.0,311.12,1,1
1357,goal_14,col_retorno,2287,1,2288,461.42,-150.0,311.42,1,1
1358,goal_14,col_retorno,2294,1,2295,461.35,-150.0,311.34,1,1
1359,goal_14,exito,2288,451,2739,460.83,135.46,596.29,1,1
1360,goal_14,col_retorno,2298,1,2299,461.03,-150.0,311.02,1,1
1361,goal_14,exito,2302,472,2774,461.92,124.46,586.39,1,1
1362,goal_14,col_exit,1648,0,1648,112.4,0.0,112.4,1,0
1363,goal_14,col_retorno,2288,1,2289,461.36,-150.0,311.36,1,1
1364,goal_14,col_retorno,2292,1,2293,460.21,-150.0,310.21,1,1
1365,goal_14,exito,2286,448,2734,461.36,135.08,596.44,1,1
1366,goal_14,col_exit,1672,0,1672,109.41,0.0,109.41,1,0
1367,goal_14,col_exit,1568,0,1568,102.29,0.0,102.29,1,0
1368,goal_14,exito,2290,466,2756,460.8,125.3,586.11,1,1
1369,goal_14,col_exit,1657,0,1657,113.65,0.0,113.65,1,0
1370,goal_14,col_exit,1573,0,1573,102.38,0.0,102.38,1,0
1371,goal_14,col_exit,2185,0,2185,193.51,0.0,193.51,1,0
1372,goal_14,col_exit,1583,0,1583,99.95,0.0,99.95,1,0
1373,goal_14,exito,2288,447,2735,461.61,134.53,596.14,1,1
1374,goal_14,col_exit,1674,0,1674,114.91,0.0,114.91,1,0
1375,goal_14,col_exit,1572,0,1572,102.48,0.0,102.48,1,0
1376,goal_14,exito,2288,460,2748,461.25,125.79,587.04,1,1
1377,goal_14,col_exit,1662,0,1662,113.15,0.0,113.15,1,0
1378,goal_14,col_exit,1592,0,1592,101.06,0.0,101.06,1,0
1379,goal_14,col_exit,2205,0,2205,193.68,0.0,193.68,1,0
1380,goal_14,col_exit,2211,0,2211,196.94,0.0,196.94,1,0
1381,goal_14,col_exit,2250,0,2250,202.97,0.0,202.97,1,0
1382,goal_14,col_exit,1588,0,1588,100.57,0.0,100.57,1,0
1383,goal_14,exito,2288,447,2735,461.55,135.33,596.87,1,1
1384,goal_14,col_exit,1674,0,1674,115.55,0.0,115.55,1,0
1385,goal_14,col_retorno,2288,1,2289,460.65,-150.0,310.64,1,1
1386,goal_14,col_retorno,2293,1,2294,461.36,-150.0,311.36,1,1
1387,goal_14,exito,2295,450,2745,461.44,135.35,596.79,1,1
1388,goal_14,col_exit,1672,0,1672,112.44,0.0,112.44,1,0
1389,goal_14,col_exit,1568,0,1568,102.03,0.0,102.03,1,0
1390,goal_14,exito,2289,463,2752,461.13,125.53,586.66,1,1
1391,goal_14,col_exit,1662,0,1662,112.86,0.0,112.86,1,0
1392,goal_14,col_exit,1576,0,1576,102.31,0.0,102.31,1,0
1393,goal_14,col_exit,2185,0,2185,193.51,0.0,193.51,1,0
1394,goal_14,col_exit,1583,0,1583,100.75,0.0,100.75,1,0
1395,goal_14,exito,2286,449,2735,461.2,135.0,596.2,1,1
1396,goal_14,col_exit,1672,0,1672,115.4,0.0,115.4,1,0
1397,goal_14,col_retorno,2290,1,2291,460.9,-150.0,310.9,1,1
1398,goal_14,col_retorno,2290,1,2291,461.05,-150.0,311.05,1,1
1399,goal_14,exito,2295,458,2753,461.39,124.62,586.01,1,1
1400,goal_14,col_exit,1667,0,1667,112.79,0.0,112.79,1,0
1401,goal_15,exito,2082,469,2551,429.43,124.74,554.17,1,1
1402,goal_15,exito,2082,449,2531,429.62,135.35,564.97,1,1
1403,goal_15,col_exit,1514,0,1514,91.3,0.0,91.3,1,0
1404,goal_15,col_exit,1502,0,1502,91.18,0.0,91.18,1,0
1405,goal_15,col_exit,1509,0,1509,91.8,0.0,91.8,1,0
1406,goal_15,col_exit,1490,0,1490,88.86,0.0,88.86,1,0
1407,goal_15,col_exit,1505,0,1505,91.04,0.0,91.04,1,0
1408,goal_15,col_exit,1484,0,1484,88.42,0.0,88.42,1,0
1409,goal_15,col_exit,1511,0,1511,92.2,0.0,92.2,1,0
1410,goal_15,col_exit,1508,0,1508,91.62,0.0,91.62,1,0
1411,goal_15,col_exit,1478,0,1478,87.25,0.0,87.25,1,0
1412,goal_15,col_exit,1501,0,1501,91.0,0.0,91.0,1,0
1413,goal_15,col_exit,1517,0,1517,93.36,0.0,93.36,1,0
1414,goal_15,col_exit,1483,0,1483,88.22,0.0,88.22,1,0
1415,goal_15,col_exit,1503,0,1503,91.39,0.0,91.39,1,0
1416,goal_15,col_exit,1509,0,1509,91.81,0.0,91.81,1,0
1417,goal_15,col_exit,1490,0,1490,88.86,0.0,88.86,1,0
1418,goal_15,col_exit,1505,0,1505,91.02,0.0,91.02,1,0
1419,goal_15,col_exit,1484,0,1484,88.4,0.0,88.4,1,0
1420,goal_15,col_exit,1511,0,1511,92.21,0.0,92.21,1,0
1421,goal_15,col_exit,1508,0,1508,91.62,0.0,91.62,1,0
1422,goal_15,col_exit,1478,0,1478,87.25,0.0,87.25,1,0
1423,goal_15,col_exit,1501,0,1501,91.0,0.0,91.0,1,0
1424,goal_15,col_exit,1517,0,1517,93.36,0.0,93.36,1,0
1425,goal_15,col_exit,1483,0,1483,88.23,0.0,88.23,1,0
1426,goal_15,col_exit,1503,0,1503,91.39,0.0,91.39,1,0
1427,goal_15,col_exit,1509,0,1509,91.81,0.0,91.81,1,0
1428,goal_15,col_exit,1490,0,1490,88.86,0.0,88.86,1,0
1429,goal_15,col_exit,1505,0,1505,91.03,0.0,91.03,1,0
1430,goal_15,col_exit,1484,0,1484,88.42,0.0,88.42,1,0
1431,goal_15,col_exit,1511,0,1511,92.2,0.0,92.2,1,0
1432,goal_15,col_exit,1508,0,1508,91.62,0.0,91.62,1,0
1433,goal_15,col_exit,1478,0,1478,87.25,0.0,87.25,1,0
1434,goal_15,col_exit,1501,0,1501,91.0,0.0,91.0,1,0
1435,goal_15,col_exit,1517,0,1517,93.35,0.0,93.35,1,0
1436,goal_15,col_exit,1483,0,1483,88.23,0.0,88.23,1,0
1437,goal_15,col_exit,1503,0,1503,91.38,0.0,91.38,1,0
1438,goal_15,col_exit,1509,0,1509,91.8,0.0,91.8,1,0
1439,goal_15,col_exit,1490,0,1490,88.86,0.0,88.86,1,0
1440,goal_15,col_exit,1505,0,1505,91.04,0.0,91.04,1,0
1441,goal_15,col_exit,1484,0,1484,88.42,0.0,88.42,1,0
1442,goal_15,col_exit,1511,0,1511,92.19,0.0,92.19,1,0
1443,goal_15,col_exit,1508,0,1508,91.63,0.0,91.63,1,0
1444,goal_15,col_exit,1478,0,1478,87.25,0.0,87.25,1,0
1445,goal_15,col_exit,1501,0,1501,91.0,0.0,91.0,1,0
1446,goal_15,col_exit,1517,0,1517,93.37,0.0,93.37,1,0
1447,goal_15,col_exit,1483,0,1483,88.23,0.0,88.23,1,0
1448,goal_15,col_exit,1503,0,1503,91.39,0.0,91.39,1,0
1449,goal_15,col_exit,1509,0,1509,91.8,0.0,91.8,1,0
1450,goal_15,col_exit,1490,0,1490,88.86,0.0,88.86,1,0
1451,goal_15,col_exit,1505,0,1505,91.04,0.0,91.04,1,0
1452,goal_15,col_exit,1484,0,1484,88.42,0.0,88.42,1,0
1453,goal_15,col_exit,1511,0,1511,92.2,0.0,92.2,1,0
1454,goal_15,col_exit,1508,0,1508,91.62,0.0,91.62,1,0
1455,goal_15,col_exit,1478,0,1478,87.25,0.0,87.25,1,0
1456,goal_15,col_exit,1501,0,1501,91.0,0.0,91.0,1,0
1457,goal_15,col_exit,1517,0,1517,93.35,0.0,93.35,1,0
1458,goal_15,col_exit,1483,0,1483,88.23,0.0,88.23,1,0
1459,goal_15,col_exit,1503,0,1503,91.38,0.0,91.38,1,0
1460,goal_15,col_exit,1509,0,1509,91.8,0.0,91.8,1,0
1461,goal_15,col_exit,1490,0,1490,88.86,0.0,88.86,1,0
1462,goal_15,col_exit,1505,0,1505,91.04,0.0,91.04,1,0
1463,goal_15,col_exit,1484,0,1484,88.42,0.0,88.42,1,0
1464,goal_15,col_exit,1511,0,1511,92.2,0.0,92.2,1,0
1465,goal_15,col_exit,1508,0,1508,91.62,0.0,91.62,1,0
1466,goal_15,col_exit,1478,0,1478,87.25,0.0,87.25,1,0
1467,goal_15,col_exit,1501,0,1501,91.0,0.0,91.0,1,0
1468,goal_15,col_exit,1517,0,1517,93.37,0.0,93.37,1,0
1469,goal_15,col_exit,1483,0,1483,88.23,0.0,88.23,1,0
1470,goal_15,col_exit,1503,0,1503,91.39,0.0,91.39,1,0
1471,goal_15,col_exit,1509,0,1509,91.8,0.0,91.8,1,0
1472,goal_15,col_exit,1490,0,1490,88.86,0.0,88.86,1,0
1473,goal_15,col_exit,1505,0,1505,91.04,0.0,91.04,1,0
1474,goal_15,col_exit,1484,0,1484,88.4,0.0,88.4,1,0
1475,goal_15,col_exit,1511,0,1511,92.2,0.0,92.2,1,0
1476,goal_15,col_exit,1508,0,1508,91.62,0.0,91.62,1,0
1477,goal_15,col_exit,1478,0,1478,87.25,0.0,87.25,1,0
1478,goal_15,col_exit,1501,0,1501,91.0,0.0,91.0,1,0
1479,goal_15,col_exit,1517,0,1517,93.37,0.0,93.37,1,0
1480,goal_15,col_exit,1483,0,1483,88.23,0.0,88.23,1,0
1481,goal_15,col_exit,1503,0,1503,91.39,0.0,91.39,1,0
1482,goal_15,col_exit,1509,0,1509,91.81,0.0,91.81,1,0
1483,goal_15,col_exit,1490,0,1490,88.86,0.0,88.86,1,0
1484,goal_15,col_exit,1505,0,1505,91.04,0.0,91.04,1,0
1485,goal_15,col_exit,1484,0,1484,88.42,0.0,88.42,1,0
1486,goal_15,col_exit,1511,0,1511,92.2,0.0,92.2,1,0
1487,goal_15,col_exit,1508,0,1508,91.63,0.0,91.63,1,0
1488,goal_15,col_exit,1478,0,1478,87.24,0.0,87.24,1,0
1489,goal_15,col_exit,1501,0,1501,90.99,0.0,90.99,1,0
1490,goal_15,col_exit,1517,0,1517,93.37,0.0,93.37,1,0
1491,goal_15,col_exit,1483,0,1483,88.23,0.0,88.23,1,0
1492,goal_15,col_exit,1503,0,1503,91.39,0.0,91.39,1,0
1493,goal_15,col_exit,1509,0,1509,91.8,0.0,91.8,1,0
1494,goal_15,col_exit,1490,0,1490,88.86,0.0,88.86,1,0
1495,goal_15,col_exit,1505,0,1505,91.04,0.0,91.04,1,0
1496,goal_15,col_exit,1484,0,1484,88.42,0.0,88.42,1,0
1497,goal_15,col_exit,1511,0,1511,92.19,0.0,92.19,1,0
1498,goal_15,col_exit,1508,0,1508,91.62,0.0,91.62,1,0
1499,goal_15,col_exit,1478,0,1478,87.25,0.0,87.25,1,0
1500,goal_15,col_exit,1501,0,1501,91.0,0.0,91.0,1,0
1501,goal_16,col_retorno,1802,1,1803,396.3,-150.0,246.3,1,1
1502,goal_16,col_retorno,1795,73,1868,397.65,-148.23,249.42,1,1
1503,goal_16,col_retorno,1793,1,1794,398.27,-150.0,248.27,1,1
1504,goal_16,exito,1803,454,2257,397.95,126.43,524.38,1,1
1505,goal_16,exito,1804,449,2253,397.93,135.42,533.35,1,1
1506,goal_16,exito,1805,452,2257,397.94,126.76,524.7,1,1
1507,goal_16,exito,1805,466,2271,398.11,125.26,523.37,1,1
1508,goal_16,col_exit,1747,0,1747,136.52,0.0,136.52,1,0
1509,goal_16,col_exit,1708,0,1708,131.05,0.0,131.05,1,0
1510,goal_16,col_exit,1691,0,1691,130.04,0.0,130.04,1,0
1511,goal_16,col_retorno,1811,1,1812,393.58,-150.0,243.58,1,1
1512,goal_16,col_retorno,1794,92,1886,398.05,-146.54,251.51,1,1
1513,goal_16,col_retorno,1793,1,1794,397.9,-150.0,247.9,1,1
1514,goal_16,exito,1794,461,2255,397.87,125.79,523.66,1,1
1515,goal_16,exito,1804,448,2252,397.83,135.26,533.09,1,1
1516,goal_16,exito,1805,474,2279,397.79,124.58,522.37,1,1
1517,goal_16,col_exit,1745,0,1745,135.58,0.0,135.58,1,0
1518,goal_16,col_exit,1694,0,1694,130.63,0.0,130.63,1,0
1519,goal_16,col_exit,1706,0,1706,132.26,0.0,132.26,1,0
1520,goal_16,col_retorno,1814,1,1815,391.79,-150.0,241.79,1,1
1521,goal_16,exito,1793,471,2264,397.79,124.75,522.54,1,1
1522,goal_16,exito,1802,449,2251,397.4,127.37,524.77,1,1
1523,goal_16,exito,1805,468,2273,397.94,125.03,522.97,1,1
1524,goal_16,exito,1805,468,2273,398.09,125.13,523.22,1,1
1525,goal_16,exito,1805,461,2266,398.09,125.78,523.86,1,1
1526,goal_16,exito,1805,460,2265,398.11,125.92,524.03,1,1
1527,goal_16,col_retorno,1805,27,1832,398.1,-149.22,248.88,1,1
1528,goal_16,exito,1797,456,2253,397.68,126.34,524.02,1,1
1529,goal_16,exito,1809,468,2277,396.95,124.91,521.85,1,1
1530,goal_16,exito,1808,462,2270,396.26,125.45,521.71,1,1
1531,goal_16,exito,1804,466,2270,397.81,125.32,523.13,1,1
1532,goal_16,exito,1805,448,2253,397.72,135.33,533.05,1,1
1533,goal_16,col_exit,1769,0,1769,140.82,0.0,140.82,1,0
1534,goal_16,col_exit,1694,0,1694,130.63,0.0,130.63,1,0
1535,goal_16,col_exit,1719,0,1719,129.66,0.0,129.66,1,0
1536,goal_16,col_retorno,1798,1,1799,396.9,-150.0,246.9,1,1
1537,goal_16,exito,1795,468,2263,397.73,124.9,522.63,1,1
1538,goal_16,col_retorno,1805,64,1869,398.02,-149.33,248.69,1,1
1539,goal_16,col_retorno,1794,1,1795,398.22,-150.0,248.21,1,1
1540,goal_16,exito,1801,448,2249,397.66,135.28,532.95,1,1
1541,goal_16,exito,1803,461,2264,397.57,125.79,523.35,1,1
1542,goal_16,exito,1805,445,2250,397.93,135.17,533.1,1,1
1543,goal_16,col_exit,1770,0,1770,141.07,0.0,141.07,1,0
1544,goal_16,col_exit,1694,0,1694,130.64,0.0,130.64,1,0
1545,goal_16,col_exit,1719,0,1719,129.43,0.0,129.43,1,0
1546,goal_16,col_retorno,1795,1,1796,397.91,-150.0,247.91,1,1
1547,goal_16,col_retorno,1792,83,1875,397.57,-148.17,249.4,1,1
1548,goal_16,col_retorno,1798,1,1799,397.35,-150.0,247.35,1,1
1549,goal_16,exito,1803,448,2251,398.16,135.24,533.41,1,1
1550,goal_16,exito,1803,456,2259,397.59,126.23,523.82,1,1
1551,goal_16,col_exit,1777,0,1777,142.31,0.0,142.31,1,0
1552,goal_16,col_exit,1694,0,1694,130.42,0.0,130.42,1,0
1553,goal_16,col_exit,1717,0,1717,128.05,0.0,128.05,1,0
1554,goal_16,col_retorno,1795,1,1796,398.4,-150.0,248.4,1,1
1555,goal_16,col_retorno,1794,82,1876,398.01,-148.11,249.9,1,1
1556,goal_16,col_retorno,1793,1,1794,397.5,-150.0,247.49,1,1
1557,goal_16,exito,1794,460,2254,398.03,125.98,524.02,1,1
1558,goal_16,exito,1805,474,2279,398.12,124.56,522.67,1,1
1559,goal_16,col_exit,1761,0,1761,139.35,0.0,139.35,1,0
1560,goal_16,col_exit,1695,0,1695,130.83,0.0,130.83,1,0
1561,goal_16,col_exit,1707,0,1707,131.65,0.0,131.65,1,0
1562,goal_16,col_exit,1703,0,1703,128.24,0.0,128.24,1,0
1563,goal_16,col_retorno,1799,1,1800,396.76,-150.0,246.76,1,1
1564,goal_16,col_retorno,1803,74,1877,398.09,-147.99,250.11,1,1
1565,goal_16,col_retorno,1793,1,1794,398.18,-150.0,248.18,1,1
1566,goal_16,exito,1794,474,2268,397.7,124.62,522.31,1,1
1567,goal_16,col_exit,1772,0,1772,141.48,0.0,141.48,1,0
1568,goal_16,col_exit,1694,0,1694,130.64,0.0,130.64,1,0
1569,goal_16,col_exit,1718,0,1718,127.23,0.0,127.23,1,0
1570,goal_16,col_retorno,1801,1,1802,396.65,-150.0,246.65,1,1
1571,goal_16,exito,1792,458,2250,398.18,125.91,524.09,1,1
1572,goal_16,col_retorno,1805,73,1878,398.01,-148.38,249.63,1,1
1573,goal_16,col_retorno,1793,1,1794,398.15,-150.0,248.15,1,1
1574,goal_16,exito,1801,445,2246,397.68,135.19,532.87,1,1
1575,goal_16,exito,1805,448,2253,398.1,135.26,533.36,1,1
1576,goal_16,exito,1803,449,2252,397.58,135.27,532.84,1,1
1577,goal_16,exito,1805,460,2265,398.1,125.89,523.98,1,1
1578,goal_16,exito,1805,449,2254,398.11,135.39,533.5,1,1
1579,goal_16,col_exit,1767,0,1767,140.5,0.0,140.5,1,0
1580,goal_16,col_exit,1694,0,1694,130.5,0.0,130.5,1,0
1581,goal_16,col_retorno,1807,1,1808,394.02,-150.0,244.02,1,1
1582,goal_16,col_retorno,1795,103,1898,398.28,-146.99,251.28,1,1
1583,goal_16,col_retorno,1794,1,1795,398.06,-150.0,248.06,1,1
1584,goal_16,exito,1798,444,2242,397.79,135.13,532.92,1,1
1585,goal_16,exito,1805,449,2254,398.1,135.38,533.49,1,1
1586,goal_16,exito,1803,450,2253,397.59,135.38,532.97,1,1
1587,goal_16,exito,1805,449,2254,398.1,135.37,533.47,1,1
1588,goal_16,exito,1805,461,2266,398.1,125.76,523.87,1,1
1589,goal_16,col_exit,1762,0,1762,139.53,0.0,139.53,1,0
1590,goal_16,col_exit,1694,0,1694,130.42,0.0,130.42,1,0
1591,goal_16,col_exit,1717,0,1717,128.37,0.0,128.37,1,0
1592,goal_16,col_retorno,1795,1,1796,398.4,-150.0,248.4,1,1
1593,goal_16,col_retorno,1802,76,1878,397.95,-147.92,250.04,1,1
1594,goal_16,col_retorno,1793,1,1794,397.53,-150.0,247.53,1,1
1595,goal_16,exito,1801,449,2250,398.35,135.35,533.7,1,1
1596,goal_16,exito,1792,466,2258,397.95,125.31,523.26,1,1
1597,goal_16,exito,1805,462,2267,398.05,125.77,523.82,1,1
1598,goal_16,exito,1805,449,2254,397.91,135.38,533.29,1,1
1599,goal_16,col_exit,1764,0,1764,139.93,0.0,139.93,1,0
1600,goal_16,col_exit,1694,0,1694,130.5,0.0,130.5,1,0
1601,goal_17,col_approach,288,0,288,-118.38,0.0,-118.38,0,0
1602,goal_17,col_approach,427,0,427,-98.88,0.0,-98.88,0,0
1603,goal_17,col_approach,494,0,494,-89.3,0.0,-89.3,0,0
1604,goal_17,col_approach,529,0,529,-83.57,0.0,-83.57,0,0
1605,goal_17,col_approach,545,0,545,-82.07,0.0,-82.07,0,0
1606,goal_17,col_approach,553,0,553,-80.82,0.0,-80.82,0,0
1607,goal_17,col_approach,557,0,557,-80.54,0.0,-80.54,0,0
1608,goal_17,col_approach,559,0,559,-80.42,0.0,-80.42,0,0
1609,goal_17,col_approach,558,0,558,-81.75,0.0,-81.75,0,0
1610,goal_17,col_approach,394,0,394,-103.17,0.0,-103.17,0,0
1611,goal_17,col_approach,366,0,366,-107.38,0.0,-107.38,0,0
1612,goal_17,col_approach,455,0,455,-94.67,0.0,-94.67,0,0
1613,goal_17,col_approach,517,0,517,-85.82,0.0,-85.82,0,0
1614,goal_17,col_approach,534,0,534,-83.64,0.0,-83.64,0,0
1615,goal_17,col_approach,546,0,546,-81.46,0.0,-81.46,0,0
1616,goal_17,col_approach,560,0,560,-80.51,0.0,-80.51,0,0
1617,goal_17,col_approach,564,0,564,-79.44,0.0,-79.44,0,0
1618,goal_17,col_approach,558,0,558,-80.66,0.0,-80.66,0,0
1619,goal_17,col_approach,557,0,557,-81.96,0.0,-81.96,0,0
1620,goal_17,col_approach,558,0,558,-83.19,0.0,-83.19,0,0
1621,goal_17,col_approach,381,0,381,-106.61,0.0,-106.61,0,0
1622,goal_17,col_approach,373,0,373,-106.79,0.0,-106.79,0,0
1623,goal_17,col_approach,469,0,469,-92.69,0.0,-92.69,0,0
1624,goal_17,col_approach,515,0,515,-86.16,0.0,-86.16,0,0
1625,goal_17,col_approach,538,0,538,-82.93,0.0,-82.93,0,0
1626,goal_17,col_approach,549,0,549,-80.91,0.0,-80.91,0,0
1627,goal_17,col_approach,556,0,556,-80.58,0.0,-80.58,0,0
1628,goal_17,col_approach,556,0,556,-80.88,0.0,-80.88,0,0
1629,goal_17,col_approach,557,0,557,-82.18,0.0,-82.18,0,0
1630,goal_17,col_approach,388,0,388,-104.72,0.0,-104.72,0,0
1631,goal_17,col_approach,369,0,369,-107.55,0.0,-107.55,0,0
1632,goal_17,col_approach,457,0,457,-94.27,0.0,-94.27,0,0
1633,goal_17,col_approach,519,0,519,-85.5,0.0,-85.5,0,0
1634,goal_17,col_approach,539,0,539,-82.77,0.0,-82.77,0,0
1635,goal_17,col_approach,550,0,550,-81.45,0.0,-81.45,0,0
1636,goal_17,col_approach,556,0,556,-80.93,0.0,-80.93,0,0
1637,goal_17,col_approach,558,0,558,-80.26,0.0,-80.26,0,0
1638,goal_17,col_approach,558,0,558,-81.25,0.0,-81.25,0,0
1639,goal_17,col_approach,557,0,557,-81.51,0.0,-81.51,0,0
1640,goal_17,col_approach,387,0,387,-104.92,0.0,-104.92,0,0
1641,goal_17,col_approach,370,0,370,-107.35,0.0,-107.35,0,0
1642,goal_17,col_approach,458,0,458,-94.08,0.0,-94.08,0,0
1643,goal_17,col_approach,519,0,519,-85.43,0.0,-85.43,0,0
1644,goal_17,col_approach,539,0,539,-82.75,0.0,-82.75,0,0
1645,goal_17,col_approach,550,0,550,-81.24,0.0,-81.24,0,0
1646,goal_17,col_approach,556,0,556,-80.74,0.0,-80.74,0,0
1647,goal_17,col_approach,558,0,558,-80.46,0.0,-80.46,0,0
1648,goal_17,col_approach,558,0,558,-81.54,0.0,-81.54,0,0
1649,goal_17,col_approach,557,0,557,-81.89,0.0,-81.89,0,0
1650,goal_17,col_approach,385,0,385,-105.34,0.0,-105.34,0,0
1651,goal_17,col_approach,371,0,371,-107.16,0.0,-107.16,0,0
1652,goal_17,col_approach,461,0,461,-93.5,0.0,-93.5,0,0
1653,goal_17,col_approach,518,0,518,-85.61,0.0,-85.61,0,0
1654,goal_17,col_approach,539,0,539,-82.76,0.0,-82.76,0,0
1655,goal_17,col_approach,550,0,550,-80.94,0.0,-80.94,0,0
1656,goal_17,col_approach,556,0,556,-80.58,0.0,-80.58,0,0
1657,goal_17,col_approach,557,0,557,-80.54,0.0,-80.54,0,0
1658,goal_17,col_approach,557,0,557,-81.77,0.0,-81.77,0,0
1659,goal_17,col_approach,558,0,558,-82.45,0.0,-82.45,0,0
1660,goal_17,col_approach,383,0,383,-105.27,0.0,-105.27,0,0
1661,goal_17,col_approach,372,0,372,-106.98,0.0,-106.98,0,0
1662,goal_17,col_approach,465,0,465,-93.47,0.0,-93.47,0,0
1663,goal_17,col_approach,517,0,517,-85.79,0.0,-85.79,0,0
1664,goal_17,col_approach,538,0,538,-82.93,0.0,-82.93,0,0
1665,goal_17,col_approach,549,0,549,-80.91,0.0,-80.91,0,0
1666,goal_17,col_approach,556,0,556,-80.58,0.0,-80.58,0,0
1667,goal_17,col_approach,557,0,557,-80.81,0.0,-80.81,0,0
1668,goal_17,col_approach,557,0,557,-81.97,0.0,-81.97,0,0
1669,goal_17,col_approach,558,0,558,-83.19,0.0,-83.19,0,0
1670,goal_17,col_approach,381,0,381,-106.9,0.0,-106.9,0,0
1671,goal_17,col_approach,373,0,373,-106.78,0.0,-106.78,0,0
1672,goal_17,col_approach,469,0,469,-92.69,0.0,-92.69,0,0
1673,goal_17,col_approach,515,0,515,-86.16,0.0,-86.16,0,0
1674,goal_17,col_approach,538,0,538,-82.93,0.0,-82.93,0,0
1675,goal_17,col_approach,549,0,549,-80.92,0.0,-80.92,0,0
1676,goal_17,col_approach,556,0,556,-80.58,0.0,-80.58,0,0
1677,goal_17,col_approach,556,0,556,-80.87,0.0,-80.87,0,0
1678,goal_17,col_approach,557,0,557,-82.18,0.0,-82.18,0,0
1679,goal_17,col_approach,389,0,389,-104.53,0.0,-104.53,0,0
1680,goal_17,col_approach,369,0,369,-107.54,0.0,-107.54,0,0
1681,goal_17,col_approach,456,0,456,-94.47,0.0,-94.47,0,0
1682,goal_17,col_approach,519,0,519,-85.44,0.0,-85.44,0,0
1683,goal_17,col_approach,539,0,539,-82.75,0.0,-82.75,0,0
1684,goal_17,col_approach,550,0,550,-81.45,0.0,-81.45,0,0
1685,goal_17,col_approach,556,0,556,-80.94,0.0,-80.94,0,0
1686,goal_17,col_approach,558,0,558,-80.25,0.0,-80.25,0,0
1687,goal_17,col_approach,558,0,558,-81.25,0.0,-81.25,0,0
1688,goal_17,col_approach,557,0,557,-81.52,0.0,-81.52,0,0
1689,goal_17,col_approach,387,0,387,-104.92,0.0,-104.92,0,0
1690,goal_17,col_approach,370,0,370,-107.36,0.0,-107.36,0,0
1691,goal_17,col_approach,458,0,458,-94.08,0.0,-94.08,0,0
1692,goal_17,col_approach,519,0,519,-85.42,0.0,-85.42,0,0
1693,goal_17,col_approach,539,0,539,-82.76,0.0,-82.76,0,0
1694,goal_17,col_approach,550,0,550,-81.24,0.0,-81.24,0,0
1695,goal_17,col_approach,556,0,556,-80.74,0.0,-80.74,0,0
1696,goal_17,col_approach,558,0,558,-80.45,0.0,-80.45,0,0
1697,goal_17,col_approach,558,0,558,-81.53,0.0,-81.53,0,0
1698,goal_17,col_approach,557,0,557,-81.88,0.0,-81.88,0,0
1699,goal_17,col_approach,385,0,385,-105.33,0.0,-105.33,0,0
1700,goal_17,col_approach,371,0,371,-107.18,0.0,-107.18,0,0
1701,goal_18,col_approach,461,0,461,-93.5,0.0,-93.5,0,0
1702,goal_18,col_approach,518,0,518,-85.61,0.0,-85.61,0,0
1703,goal_18,col_approach,539,0,539,-82.73,0.0,-82.73,0,0
1704,goal_18,col_approach,550,0,550,-80.94,0.0,-80.94,0,0
1705,goal_18,col_approach,556,0,556,-80.58,0.0,-80.58,0,0
1706,goal_18,col_approach,557,0,557,-80.54,0.0,-80.54,0,0
1707,goal_18,col_approach,557,0,557,-81.77,0.0,-81.77,0,0
1708,goal_18,col_approach,558,0,558,-82.46,0.0,-82.46,0,0
1709,goal_18,col_approach,383,0,383,-105.26,0.0,-105.26,0,0
1710,goal_18,col_approach,372,0,372,-106.98,0.0,-106.98,0,0
1711,goal_18,col_approach,465,0,465,-93.47,0.0,-93.47,0,0
1712,goal_18,col_approach,517,0,517,-85.78,0.0,-85.78,0,0
1713,goal_18,col_approach,538,0,538,-82.93,0.0,-82.93,0,0
1714,goal_18,col_approach,549,0,549,-80.91,0.0,-80.91,0,0
1715,goal_18,col_approach,556,0,556,-80.59,0.0,-80.59,0,0
1716,goal_18,col_approach,557,0,557,-80.81,0.0,-80.81,0,0
1717,goal_18,col_approach,557,0,557,-81.96,0.0,-81.96,0,0
1718,goal_18,col_approach,558,0,558,-83.18,0.0,-83.18,0,0
1719,goal_18,col_approach,380,0,380,-106.76,0.0,-106.76,0,0
1720,goal_18,col_approach,374,0,374,-106.6,0.0,-106.6,0,0
1721,goal_18,col_approach,469,0,469,-92.69,0.0,-92.69,0,0
1722,goal_18,col_approach,515,0,515,-86.16,0.0,-86.16,0,0
1723,goal_18,col_approach,538,0,538,-82.93,0.0,-82.93,0,0
1724,goal_18,col_approach,549,0,549,-80.91,0.0,-80.91,0,0
1725,goal_18,col_approach,556,0,556,-80.59,0.0,-80.59,0,0
1726,goal_18,col_approach,556,0,556,-80.99,0.0,-80.99,0,0
1727,goal_18,col_approach,557,0,557,-82.18,0.0,-82.18,0,0
1728,goal_18,col_approach,389,0,389,-104.53,0.0,-104.53,0,0
1729,goal_18,col_approach,369,0,369,-107.54,0.0,-107.54,0,0
1730,goal_18,col_approach,456,0,456,-94.47,0.0,-94.47,0,0
1731,goal_18,col_approach,519,0,519,-85.43,0.0,-85.43,0,0
1732,goal_18,col_approach,539,0,539,-82.74,0.0,-82.74,0,0
1733,goal_18,col_approach,550,0,550,-81.46,0.0,-81.46,0,0
1734,goal_18,col_approach,556,0,556,-80.94,0.0,-80.94,0,0
1735,goal_18,col_approach,558,0,558,-80.25,0.0,-80.25,0,0
1736,goal_18,col_approach,558,0,558,-81.38,0.0,-81.38,0,0
1737,goal_18,col_approach,557,0,557,-82.38,0.0,-82.38,0,0
1738,goal_18,col_approach,388,0,388,-104.75,0.0,-104.75,0,0
1739,goal_18,col_approach,370,0,370,-107.36,0.0,-107.36,0,0
1740,goal_18,col_approach,458,0,458,-94.09,0.0,-94.09,0,0
1741,goal_18,col_approach,519,0,519,-85.43,0.0,-85.43,0,0
1742,goal_18,col_approach,539,0,539,-82.77,0.0,-82.77,0,0
1743,goal_18,col_approach,550,0,550,-81.12,0.0,-81.12,0,0
1744,goal_18,col_approach,555,0,555,-80.77,0.0,-80.77,0,0
1745,goal_18,col_approach,558,0,558,-80.36,0.0,-80.36,0,0
1746,goal_18,col_approach,558,0,558,-81.42,0.0,-81.42,0,0
1747,goal_18,col_approach,557,0,557,-81.88,0.0,-81.88,0,0
1748,goal_18,col_approach,384,0,384,-105.53,0.0,-105.53,0,0
1749,goal_18,col_approach,372,0,372,-106.98,0.0,-106.98,0,0
1750,goal_18,col_approach,461,0,461,-93.5,0.0,-93.5,0,0
1751,goal_18,col_approach,518,0,518,-85.6,0.0,-85.6,0,0
1752,goal_18,col_approach,539,0,539,-82.75,0.0,-82.75,0,0
1753,goal_18,col_approach,550,0,550,-80.94,0.0,-80.94,0,0
1754,goal_18,col_approach,556,0,556,-80.58,0.0,-80.58,0,0
1755,goal_18,col_approach,557,0,557,-80.53,0.0,-80.53,0,0
1756,goal_18,col_approach,558,0,558,-81.74,0.0,-81.74,0,0
1757,goal_18,col_approach,394,0,394,-103.17,0.0,-103.17,0,0
1758,goal_18,col_approach,366,0,366,-107.38,0.0,-107.38,0,0
1759,goal_18,col_approach,455,0,455,-94.66,0.0,-94.66,0,0
1760,goal_18,col_approach,517,0,517,-85.84,0.0,-85.84,0,0
1761,goal_18,col_approach,534,0,534,-83.63,0.0,-83.63,0,0
1762,goal_18,col_approach,546,0,546,-81.47,0.0,-81.47,0,0
1763,goal_18,col_approach,560,0,560,-80.53,0.0,-80.53,0,0
1764,goal_18,col_approach,564,0,564,-80.15,0.0,-80.15,0,0
1765,goal_18,col_approach,558,0,558,-80.69,0.0,-80.69,0,0
1766,goal_18,col_approach,557,0,557,-81.96,0.0,-81.96,0,0
1767,goal_18,col_approach,558,0,558,-83.18,0.0,-83.18,0,0
1768,goal_18,col_approach,381,0,381,-106.31,0.0,-106.31,0,0
1769,goal_18,col_approach,373,0,373,-106.78,0.0,-106.78,0,0
1770,goal_18,col_approach,469,0,469,-92.69,0.0,-92.69,0,0
1771,goal_18,col_approach,515,0,515,-86.16,0.0,-86.16,0,0
1772,goal_18,col_approach,538,0,538,-82.93,0.0,-82.93,0,0
1773,goal_18,col_approach,549,0,549,-80.91,0.0,-80.91,0,0
1774,goal_18,col_approach,556,0,556,-80.59,0.0,-80.59,0,0
1775,goal_18,col_approach,556,0,556,-80.88,0.0,-80.88,0,0
1776,goal_18,col_approach,557,0,557,-82.18,0.0,-82.18,0,0
1777,goal_18,col_approach,390,0,390,-104.38,0.0,-104.38,0,0
1778,goal_18,col_approach,368,0,368,-107.74,0.0,-107.74,0,0
1779,goal_18,col_approach,456,0,456,-94.48,0.0,-94.48,0,0
1780,goal_18,col_approach,519,0,519,-85.44,0.0,-85.44,0,0
1781,goal_18,col_approach,539,0,539,-82.76,0.0,-82.76,0,0
1782,goal_18,col_approach,550,0,550,-81.46,0.0,-81.46,0,0
1783,goal_18,col_approach,556,0,556,-80.93,0.0,-80.93,0,0
1784,goal_18,col_approach,558,0,558,-80.25,0.0,-80.25,0,0
1785,goal_18,col_approach,558,0,558,-81.38,0.0,-81.38,0,0
1786,goal_18,col_approach,557,0,557,-81.52,0.0,-81.52,0,0
1787,goal_18,col_approach,387,0,387,-104.92,0.0,-104.92,0,0
1788,goal_18,col_approach,370,0,370,-107.35,0.0,-107.35,0,0
1789,goal_18,col_approach,458,0,458,-94.08,0.0,-94.08,0,0
1790,goal_18,col_approach,519,0,519,-85.42,0.0,-85.42,0,0
1791,goal_18,col_approach,539,0,539,-82.75,0.0,-82.75,0,0
1792,goal_18,col_approach,550,0,550,-81.23,0.0,-81.23,0,0
1793,goal_18,col_approach,556,0,556,-80.74,0.0,-80.74,0,0
1794,goal_18,col_approach,558,0,558,-80.46,0.0,-80.46,0,0
1795,goal_18,col_approach,558,0,558,-81.43,0.0,-81.43,0,0
1796,goal_18,col_approach,557,0,557,-81.89,0.0,-81.89,0,0
1797,goal_18,col_approach,385,0,385,-105.35,0.0,-105.35,0,0
1798,goal_18,col_approach,371,0,371,-107.16,0.0,-107.16,0,0
1799,goal_18,col_approach,461,0,461,-93.49,0.0,-93.49,0,0
1800,goal_18,col_approach,518,0,518,-85.61,0.0,-85.61,0,0
1801,goal_19,col_approach,544,0,544,-84.18,0.0,-84.18,0,0
1802,goal_19,col_approach,561,0,561,-82.69,0.0,-82.69,0,0
1803,goal_19,col_approach,556,0,556,-82.02,0.0,-82.02,0,0
1804,goal_19,col_approach,555,0,555,-81.73,0.0,-81.73,0,0
1805,goal_19,col_approach,564,0,564,-81.17,0.0,-81.17,0,0
1806,goal_19,col_approach,553,0,553,-82.16,0.0,-82.16,0,0
1807,goal_19,col_approach,568,0,568,-81.95,0.0,-81.95,0,0
1808,goal_19,col_approach,556,0,556,-81.16,0.0,-81.16,0,0
1809,goal_19,col_approach,555,0,555,-81.65,0.0,-81.65,0,0
1810,goal_19,col_approach,554,0,554,-82.91,0.0,-82.91,0,0
1811,goal_19,col_approach,598,0,598,-78.79,0.0,-78.79,0,0
1812,goal_19,col_approach,548,0,548,-83.24,0.0,-83.24,0,0
1813,goal_19,col_approach,556,0,556,-81.59,0.0,-81.59,0,0
1814,goal_19,col_approach,563,0,563,-81.33,0.0,-81.33,0,0
1815,goal_19,col_approach,556,0,556,-82.24,0.0,-82.24,0,0
1816,goal_19,col_approach,567,0,567,-82.4,0.0,-82.4,0,0
1817,goal_19,col_approach,556,0,556,-81.16,0.0,-81.16,0,0
1818,goal_19,col_approach,554,0,554,-81.84,0.0,-81.84,0,0
1819,goal_19,col_approach,554,0,554,-83.23,0.0,-83.23,0,0
1820,goal_19,col_approach,332,0,332,-113.33,0.0,-113.33,0,0
1821,goal_19,col_approach,396,0,396,-103.11,0.0,-103.11,0,0
1822,goal_19,col_approach,476,0,476,-91.32,0.0,-91.32,0,0
1823,goal_19,col_approach,526,0,526,-85.07,0.0,-85.07,0,0
1824,goal_19,col_approach,541,0,541,-83.21,0.0,-83.21,0,0
1825,goal_19,col_approach,558,0,558,-81.36,0.0,-81.36,0,0
1826,goal_19,col_approach,557,0,557,-81.71,0.0,-81.71,0,0
1827,goal_19,col_approach,557,0,557,-80.96,0.0,-80.96,0,0
1828,goal_19,col_approach,554,0,554,-82.1,0.0,-82.1,0,0
1829,goal_19,col_approach,554,0,554,-83.6,0.0,-83.6,0,0
1830,goal_19,col_approach,329,0,329,-113.75,0.0,-113.75,0,0
1831,goal_19,col_approach,399,0,399,-102.53,0.0,-102.53,0,0
1832,goal_19,col_approach,476,0,476,-91.37,0.0,-91.37,0,0
1833,goal_19,col_approach,527,0,527,-84.88,0.0,-84.88,0,0
1834,goal_19,col_approach,544,0,544,-84.2,0.0,-84.2,0,0
1835,goal_19,col_approach,554,0,554,-81.63,0.0,-81.63,0,0
1836,goal_19,col_approach,558,0,558,-81.57,0.0,-81.57,0,0
1837,goal_19,col_approach,556,0,556,-81.24,0.0,-81.24,0,0
1838,goal_19,col_approach,554,0,554,-82.27,0.0,-82.27,0,0
1839,goal_19,col_approach,555,0,555,-83.78,0.0,-83.78,0,0
1840,goal_19,col_approach,325,0,325,-114.27,0.0,-114.27,0,0
1841,goal_19,col_approach,401,0,401,-102.89,0.0,-102.89,0,0
1842,goal_19,col_approach,476,0,476,-91.32,0.0,-91.32,0,0
1843,goal_19,col_approach,528,0,528,-84.92,0.0,-84.92,0,0
1844,goal_19,col_approach,544,0,544,-83.93,0.0,-83.93,0,0
1845,goal_19,col_approach,556,0,556,-81.56,0.0,-81.56,0,0
1846,goal_19,col_approach,557,0,557,-81.2,0.0,-81.2,0,0
1847,goal_19,col_approach,555,0,555,-81.49,0.0,-81.49,0,0
1848,goal_19,col_approach,554,0,554,-82.64,0.0,-82.64,0,0
1849,goal_19,col_approach,597,0,597,-78.28,0.0,-78.28,0,0
1850,goal_19,col_approach,549,0,549,-83.17,0.0,-83.17,0,0
1851,goal_19,col_approach,556,0,556,-81.57,0.0,-81.57,0,0
1852,goal_19,col_approach,564,0,564,-81.27,0.0,-81.27,0,0
1853,goal_19,col_approach,553,0,553,-82.16,0.0,-82.16,0,0
1854,goal_19,col_approach,568,0,568,-81.94,0.0,-81.94,0,0
1855,goal_19,col_approach,556,0,556,-81.15,0.0,-81.15,0,0
1856,goal_19,col_approach,555,0,555,-81.66,0.0,-81.66,0,0
1857,goal_19,col_approach,554,0,554,-82.76,0.0,-82.76,0,0
1858,goal_19,col_approach,598,0,598,-79.06,0.0,-79.06,0,0
1859,goal_19,col_approach,548,0,548,-83.24,0.0,-83.24,0,0
1860,goal_19,col_approach,556,0,556,-81.66,0.0,-81.66,0,0
1861,goal_19,col_approach,563,0,563,-81.32,0.0,-81.32,0,0
1862,goal_19,col_approach,556,0,556,-82.23,0.0,-82.23,0,0
1863,goal_19,col_approach,567,0,567,-82.4,0.0,-82.4,0,0
1864,goal_19,col_approach,556,0,556,-81.16,0.0,-81.16,0,0
1865,goal_19,col_approach,554,0,554,-81.84,0.0,-81.84,0,0
1866,goal_19,col_approach,554,0,554,-83.05,0.0,-83.05,0,0
1867,goal_19,col_approach,332,0,332,-113.33,0.0,-113.33,0,0
1868,goal_19,col_approach,396,0,396,-103.11,0.0,-103.11,0,0
1869,goal_19,col_approach,476,0,476,-91.32,0.0,-91.32,0,0
1870,goal_19,col_approach,526,0,526,-85.07,0.0,-85.07,0,0
1871,goal_19,col_approach,540,0,540,-83.01,0.0,-83.01,0,0
1872,goal_19,col_approach,558,0,558,-81.29,0.0,-81.29,0,0
1873,goal_19,col_approach,558,0,558,-81.71,0.0,-81.71,0,0
1874,goal_19,col_approach,557,0,557,-81.02,0.0,-81.02,0,0
1875,goal_19,col_approach,554,0,554,-82.1,0.0,-82.1,0,0
1876,goal_19,col_approach,554,0,554,-83.6,0.0,-83.6,0,0
1877,goal_19,col_approach,329,0,329,-113.76,0.0,-113.76,0,0
1878,goal_19,col_approach,398,0,398,-102.72,0.0,-102.72,0,0
1879,goal_19,col_approach,476,0,476,-91.32,0.0,-91.32,0,0
1880,goal_19,col_approach,527,0,527,-85.04,0.0,-85.04,0,0
1881,goal_19,col_approach,542,0,542,-83.17,0.0,-83.17,0,0
1882,goal_19,col_approach,557,0,557,-81.88,0.0,-81.88,0,0
1883,goal_19,col_approach,558,0,558,-81.55,0.0,-81.55,0,0
1884,goal_19,col_approach,556,0,556,-81.24,0.0,-81.24,0,0
1885,goal_19,col_approach,554,0,554,-82.28,0.0,-82.28,0,0
1886,goal_19,col_approach,555,0,555,-83.84,0.0,-83.84,0,0
1887,goal_19,col_approach,325,0,325,-114.27,0.0,-114.27,0,0
1888,goal_19,col_approach,401,0,401,-102.89,0.0,-102.89,0,0
1889,goal_19,col_approach,476,0,476,-91.33,0.0,-91.33,0,0
1890,goal_19,col_approach,528,0,528,-84.92,0.0,-84.92,0,0
1891,goal_19,col_approach,544,0,544,-83.93,0.0,-83.93,0,0
1892,goal_19,col_approach,556,0,556,-81.56,0.0,-81.56,0,0
1893,goal_19,col_approach,557,0,557,-81.2,0.0,-81.2,0,0
1894,goal_19,col_approach,555,0,555,-81.49,0.0,-81.49,0,0
1895,goal_19,col_approach,554,0,554,-82.63,0.0,-82.63,0,0
1896,goal_19,col_approach,597,0,597,-78.43,0.0,-78.43,0,0
1897,goal_19,col_approach,549,0,549,-83.17,0.0,-83.17,0,0
1898,goal_19,col_approach,556,0,556,-81.58,0.0,-81.58,0,0
1899,goal_19,col_approach,564,0,564,-81.27,0.0,-81.27,0,0
1900,goal_19,col_approach,553,0,553,-82.16,0.0,-82.16,0,0
1901,goal_20,col_approach,558,0,558,-79.78,0.0,-79.78,0,0
1902,goal_20,col_approach,560,0,560,-79.35,0.0,-79.35,0,0
1903,goal_20,col_approach,558,0,558,-79.76,0.0,-79.76,0,0
1904,goal_20,col_approach,556,0,556,-80.14,0.0,-80.14,0,0
1905,goal_20,col_approach,562,0,562,-80.34,0.0,-80.34,0,0
1906,goal_20,col_approach,431,0,431,-98.59,0.0,-98.59,0,0
1907,goal_20,col_approach,350,0,350,-109.67,0.0,-109.67,0,0
1908,goal_20,col_approach,453,0,453,-94.71,0.0,-94.71,0,0
1909,goal_20,col_approach,504,0,504,-87.34,0.0,-87.34,0,0
1910,goal_20,col_approach,538,0,538,-82.17,0.0,-82.17,0,0
1911,goal_20,col_approach,549,0,549,-80.77,0.0,-80.77,0,0
1912,goal_20,col_approach,554,0,554,-79.78,0.0,-79.78,0,0
1913,goal_20,col_approach,555,0,555,-79.59,0.0,-79.59,0,0
1914,goal_20,col_approach,555,0,555,-79.59,0.0,-79.59,0,0
1915,goal_20,col_approach,498,0,498,-89.45,0.0,-89.45,0,0
1916,goal_20,col_approach,316,0,316,-114.63,0.0,-114.63,0,0
1917,goal_20,col_approach,437,0,437,-97.42,0.0,-97.42,0,0
1918,goal_20,col_approach,498,0,498,-88.51,0.0,-88.51,0,0
1919,goal_20,col_approach,534,0,534,-82.96,0.0,-82.96,0,0
1920,goal_20,col_approach,547,0,547,-81.16,0.0,-81.16,0,0
1921,goal_20,col_approach,555,0,555,-79.59,0.0,-79.59,0,0
1922,goal_20,col_approach,556,0,556,-80.14,0.0,-80.14,0,0
1923,goal_20,col_approach,555,0,555,-79.59,0.0,-79.59,0,0
1924,goal_20,col_approach,555,0,555,-79.59,0.0,-79.59,0,0
1925,goal_20,col_approach,330,0,330,-113.48,0.0,-113.48,0,0
1926,goal_20,col_approach,399,0,399,-102.53,0.0,-102.53,0,0
1927,goal_20,col_approach,476,0,476,-91.36,0.0,-91.36,0,0
1928,goal_20,col_approach,526,0,526,-84.63,0.0,-84.63,0,0
1929,goal_20,col_approach,543,0,543,-81.94,0.0,-81.94,0,0
1930,goal_20,col_approach,552,0,552,-80.17,0.0,-80.17,0,0
1931,goal_20,col_approach,557,0,557,-79.95,0.0,-79.95,0,0
1932,goal_20,col_approach,557,0,557,-79.95,0.0,-79.95,0,0
1933,goal_20,col_approach,556,0,556,-80.14,0.0,-80.14,0,0
1934,goal_20,col_approach,556,0,556,-79.74,0.0,-79.74,0,0
1935,goal_20,col_approach,326,0,326,-113.91,0.0,-113.91,0,0
1936,goal_20,col_approach,401,0,401,-102.9,0.0,-102.9,0,0
1937,goal_20,col_approach,476,0,476,-91.32,0.0,-91.32,0,0
1938,goal_20,col_approach,527,0,527,-84.33,0.0,-84.33,0,0
1939,goal_20,col_approach,544,0,544,-81.74,0.0,-81.74,0,0
1940,goal_20,col_approach,553,0,553,-79.97,0.0,-79.97,0,0
1941,goal_20,col_approach,557,0,557,-79.95,0.0,-79.95,0,0
1942,goal_20,col_approach,556,0,556,-80.14,0.0,-80.14,0,0
1943,goal_20,col_approach,556,0,556,-80.13,0.0,-80.13,0,0
1944,goal_20,col_approach,556,0,556,-79.66,0.0,-79.66,0,0
1945,goal_20,col_approach,323,0,323,-114.22,0.0,-114.22,0,0
1946,goal_20,col_approach,404,0,404,-102.31,0.0,-102.31,0,0
1947,goal_20,col_approach,476,0,476,-91.36,0.0,-91.36,0,0
1948,goal_20,col_approach,527,0,527,-84.39,0.0,-84.39,0,0
1949,goal_20,col_approach,544,0,544,-81.74,0.0,-81.74,0,0
1950,goal_20,col_approach,553,0,553,-79.98,0.0,-79.98,0,0
1951,goal_20,col_approach,556,0,556,-80.14,0.0,-80.14,0,0
1952,goal_20,col_approach,556,0,556,-80.13,0.0,-80.13,0,0
1953,goal_20,col_approach,556,0,556,-80.14,0.0,-80.14,0,0
1954,goal_20,col_approach,562,0,562,-80.35,0.0,-80.35,0,0
1955,goal_20,col_approach,431,0,431,-98.58,0.0,-98.58,0,0
1956,goal_20,col_approach,350,0,350,-109.67,0.0,-109.67,0,0
1957,goal_20,col_approach,453,0,453,-94.72,0.0,-94.72,0,0
1958,goal_20,col_approach,504,0,504,-87.34,0.0,-87.34,0,0
1959,goal_20,col_approach,538,0,538,-82.17,0.0,-82.17,0,0
1960,goal_20,col_approach,549,0,549,-80.76,0.0,-80.76,0,0
1961,goal_20,col_approach,554,0,554,-79.79,0.0,-79.79,0,0
1962,goal_20,col_approach,555,0,555,-79.59,0.0,-79.59,0,0
1963,goal_20,col_approach,555,0,555,-79.58,0.0,-79.58,0,0
1964,goal_20,col_approach,498,0,498,-89.44,0.0,-89.44,0,0
1965,goal_20,col_approach,316,0,316,-114.63,0.0,-114.63,0,0
1966,goal_20,col_approach,437,0,437,-97.42,0.0,-97.42,0,0
1967,goal_20,col_approach,498,0,498,-88.51,0.0,-88.51,0,0
1968,goal_20,col_approach,534,0,534,-82.95,0.0,-82.95,0,0
1969,goal_20,col_approach,547,0,547,-81.15,0.0,-81.15,0,0
1970,goal_20,col_approach,555,0,555,-79.59,0.0,-79.59,0,0
1971,goal_20,col_approach,556,0,556,-80.14,0.0,-80.14,0,0
1972,goal_20,col_approach,555,0,555,-79.59,0.0,-79.59,0,0
1973,goal_20,col_approach,555,0,555,-79.59,0.0,-79.59,0,0
1974,goal_20,col_approach,330,0,330,-113.49,0.0,-113.49,0,0
1975,goal_20,col_approach,399,0,399,-102.53,0.0,-102.53,0,0
1976,goal_20,col_approach,476,0,476,-91.38,0.0,-91.38,0,0
1977,goal_20,col_approach,526,0,526,-84.63,0.0,-84.63,0,0
1978,goal_20,col_approach,543,0,543,-81.95,0.0,-81.95,0,0
1979,goal_20,col_approach,552,0,552,-80.18,0.0,-80.18,0,0
1980,goal_20,col_approach,557,0,557,-79.94,0.0,-79.94,0,0
1981,goal_20,col_approach,557,0,557,-79.94,0.0,-79.94,0,0
1982,goal_20,col_approach,556,0,556,-80.14,0.0,-80.14,0,0
1983,goal_20,col_approach,556,0,556,-79.74,0.0,-79.74,0,0
1984,goal_20,col_approach,326,0,326,-113.91,0.0,-113.91,0,0
1985,goal_20,col_approach,401,0,401,-102.89,0.0,-102.89,0,0
1986,goal_20,col_approach,476,0,476,-91.32,0.0,-91.32,0,0
1987,goal_20,col_approach,527,0,527,-84.33,0.0,-84.33,0,0
1988,goal_20,col_approach,544,0,544,-81.75,0.0,-81.75,0,0
1989,goal_20,col_approach,553,0,553,-79.98,0.0,-79.98,0,0
1990,goal_20,col_approach,557,0,557,-79.95,0.0,-79.95,0,0
1991,goal_20,col_approach,556,0,556,-80.14,0.0,-80.14,0,0
1992,goal_20,col_approach,556,0,556,-80.14,0.0,-80.14,0,0
1993,goal_20,col_approach,556,0,556,-79.67,0.0,-79.67,0,0
1994,goal_20,col_approach,323,0,323,-114.23,0.0,-114.23,0,0
1995,goal_20,col_approach,404,0,404,-102.31,0.0,-102.31,0,0
1996,goal_20,col_approach,476,0,476,-91.36,0.0,-91.36,0,0
1997,goal_20,col_approach,527,0,527,-84.4,0.0,-84.4,0,0
1998,goal_20,col_approach,544,0,544,-81.74,0.0,-81.74,0,0
1999,goal_20,col_approach,553,0,553,-79.98,0.0,-79.98,0,0
2000,goal_20,col_approach,556,0,556,-80.14,0.0,-80.14,0,0
2001,goal_21,col_approach,556,0,556,-80.15,0.0,-80.15,0,0
2002,goal_21,col_approach,556,0,556,-80.15,0.0,-80.15,0,0
2003,goal_21,col_approach,562,0,562,-80.35,0.0,-80.35,0,0
2004,goal_21,col_approach,431,0,431,-98.59,0.0,-98.59,0,0
2005,goal_21,col_approach,350,0,350,-109.67,0.0,-109.67,0,0
2006,goal_21,col_approach,453,0,453,-94.72,0.0,-94.72,0,0
2007,goal_21,col_approach,504,0,504,-87.34,0.0,-87.34,0,0
2008,goal_21,col_approach,538,0,538,-82.18,0.0,-82.18,0,0
2009,goal_21,col_approach,549,0,549,-80.77,0.0,-80.77,0,0
2010,goal_21,col_approach,554,0,554,-79.78,0.0,-79.78,0,0
2011,goal_21,col_approach,555,0,555,-79.58,0.0,-79.58,0,0
2012,goal_21,col_approach,555,0,555,-79.59,0.0,-79.59,0,0
2013,goal_21,col_approach,498,0,498,-89.45,0.0,-89.45,0,0
2014,goal_21,col_approach,316,0,316,-114.63,0.0,-114.63,0,0
2015,goal_21,col_approach,437,0,437,-97.41,0.0,-97.41,0,0
2016,goal_21,col_approach,498,0,498,-88.51,0.0,-88.51,0,0
2017,goal_21,col_approach,534,0,534,-82.96,0.0,-82.96,0,0
2018,goal_21,col_approach,547,0,547,-81.16,0.0,-81.16,0,0
2019,goal_21,col_approach,555,0,555,-79.58,0.0,-79.58,0,0
2020,goal_21,col_approach,556,0,556,-80.14,0.0,-80.14,0,0
2021,goal_21,col_approach,555,0,555,-79.59,0.0,-79.59,0,0
2022,goal_21,col_approach,555,0,555,-79.59,0.0,-79.59,0,0
2023,goal_21,col_approach,330,0,330,-113.49,0.0,-113.49,0,0
2024,goal_21,col_approach,398,0,398,-102.72,0.0,-102.72,0,0
2025,goal_21,col_approach,476,0,476,-91.32,0.0,-91.32,0,0
2026,goal_21,col_approach,526,0,526,-84.54,0.0,-84.54,0,0
2027,goal_21,col_approach,543,0,543,-81.94,0.0,-81.94,0,0
2028,goal_21,col_approach,553,0,553,-79.98,0.0,-79.98,0,0
2029,goal_21,col_approach,557,0,557,-79.95,0.0,-79.95,0,0
2030,goal_21,col_approach,557,0,557,-79.95,0.0,-79.95,0,0
2031,goal_21,col_approach,556,0,556,-80.14,0.0,-80.14,0,0
2032,goal_21,col_approach,556,0,556,-79.73,0.0,-79.73,0,0
2033,goal_21,col_approach,326,0,326,-113.91,0.0,-113.91,0,0
2034,goal_21,col_approach,401,0,401,-102.9,0.0,-102.9,0,0
2035,goal_21,col_approach,476,0,476,-91.32,0.0,-91.32,0,0
2036,goal_21,col_approach,527,0,527,-84.34,0.0,-84.34,0,0
2037,goal_21,col_approach,544,0,544,-81.75,0.0,-81.75,0,0
2038,goal_21,col_approach,553,0,553,-79.98,0.0,-79.98,0,0
2039,goal_21,col_approach,557,0,557,-79.94,0.0,-79.94,0,0
2040,goal_21,col_approach,556,0,556,-80.13,0.0,-80.13,0,0
2041,goal_21,col_approach,556,0,556,-80.14,0.0,-80.14,0,0
2042,goal_21,col_approach,556,0,556,-79.66,0.0,-79.66,0,0
2043,goal_21,col_approach,323,0,323,-114.22,0.0,-114.22,0,0
2044,goal_21,col_approach,404,0,404,-102.32,0.0,-102.32,0,0
2045,goal_21,col_approach,476,0,476,-91.36,0.0,-91.36,0,0
2046,goal_21,col_approach,527,0,527,-84.38,0.0,-84.38,0,0
2047,goal_21,col_approach,544,0,544,-81.75,0.0,-81.75,0,0
2048,goal_21,col_approach,553,0,553,-79.98,0.0,-79.98,0,0
2049,goal_21,col_approach,556,0,556,-80.14,0.0,-80.14,0,0
2050,goal_21,col_approach,556,0,556,-80.14,0.0,-80.14,0,0
2051,goal_21,col_approach,556,0,556,-80.14,0.0,-80.14,0,0
2052,goal_21,col_approach,562,0,562,-80.35,0.0,-80.35,0,0
2053,goal_21,col_approach,431,0,431,-98.58,0.0,-98.58,0,0
2054,goal_21,col_approach,350,0,350,-109.67,0.0,-109.67,0,0
2055,goal_21,col_approach,454,0,454,-94.86,0.0,-94.86,0,0
2056,goal_21,col_approach,504,0,504,-87.34,0.0,-87.34,0,0
2057,goal_21,col_approach,537,0,537,-82.45,0.0,-82.45,0,0
2058,goal_21,col_approach,549,0,549,-80.76,0.0,-80.76,0,0
2059,goal_21,col_approach,554,0,554,-79.78,0.0,-79.78,0,0
2060,goal_21,col_approach,555,0,555,-79.59,0.0,-79.59,0,0
2061,goal_21,col_approach,555,0,555,-79.59,0.0,-79.59,0,0
2062,goal_21,col_approach,498,0,498,-89.45,0.0,-89.45,0,0
2063,goal_21,col_approach,316,0,316,-114.63,0.0,-114.63,0,0
2064,goal_21,col_approach,437,0,437,-97.42,0.0,-97.42,0,0
2065,goal_21,col_approach,498,0,498,-88.51,0.0,-88.51,0,0
2066,goal_21,col_approach,534,0,534,-82.96,0.0,-82.96,0,0
2067,goal_21,col_approach,547,0,547,-81.16,0.0,-81.16,0,0
2068,goal_21,col_approach,555,0,555,-79.6,0.0,-79.6,0,0
2069,goal_21,col_approach,556,0,556,-80.14,0.0,-80.14,0,0
2070,goal_21,col_approach,555,0,555,-79.59,0.0,-79.59,0,0
2071,goal_21,col_approach,555,0,555,-79.59,0.0,-79.59,0,0
2072,goal_21,col_approach,330,0,330,-113.49,0.0,-113.49,0,0
2073,goal_21,col_approach,399,0,399,-102.53,0.0,-102.53,0,0
2074,goal_21,col_approach,476,0,476,-91.37,0.0,-91.37,0,0
2075,goal_21,col_approach,526,0,526,-84.63,0.0,-84.63,0,0
2076,goal_21,col_approach,543,0,543,-81.94,0.0,-81.94,0,0
2077,goal_21,col_approach,552,0,552,-80.18,0.0,-80.18,0,0
2078,goal_21,col_approach,557,0,557,-79.95,0.0,-79.95,0,0
2079,goal_21,col_approach,557,0,557,-79.95,0.0,-79.95,0,0
2080,goal_21,col_approach,556,0,556,-80.14,0.0,-80.14,0,0
2081,goal_21,col_approach,556,0,556,-79.74,0.0,-79.74,0,0
2082,goal_21,col_approach,326,0,326,-113.91,0.0,-113.91,0,0
2083,goal_21,col_approach,401,0,401,-102.89,0.0,-102.89,0,0
2084,goal_21,col_approach,476,0,476,-91.32,0.0,-91.32,0,0
2085,goal_21,col_approach,527,0,527,-84.33,0.0,-84.33,0,0
2086,goal_21,col_approach,544,0,544,-81.75,0.0,-81.75,0,0
2087,goal_21,col_approach,553,0,553,-79.97,0.0,-79.97,0,0
2088,goal_21,col_approach,557,0,557,-79.95,0.0,-79.95,0,0
2089,goal_21,col_approach,556,0,556,-80.15,0.0,-80.15,0,0
2090,goal_21,col_approach,556,0,556,-80.14,0.0,-80.14,0,0
2091,goal_21,col_approach,556,0,556,-79.66,0.0,-79.66,0,0
2092,goal_21,col_approach,323,0,323,-114.24,0.0,-114.24,0,0
2093,goal_21,col_approach,404,0,404,-102.31,0.0,-102.31,0,0
2094,goal_21,col_approach,476,0,476,-91.36,0.0,-91.36,0,0
2095,goal_21,col_approach,527,0,527,-84.41,0.0,-84.41,0,0
2096,goal_21,col_approach,544,0,544,-81.74,0.0,-81.74,0,0
2097,goal_21,col_approach,553,0,553,-79.98,0.0,-79.98,0,0
2098,goal_21,col_approach,556,0,556,-80.14,0.0,-80.14,0,0
2099,goal_21,col_approach,556,0,556,-80.14,0.0,-80.14,0,0
2100,goal_21,col_approach,556,0,556,-80.14,0.0,-80.14,0,0
2101,goal_22,col_approach,562,0,562,-80.35,0.0,-80.35,0,0
2102,goal_22,col_approach,431,0,431,-98.58,0.0,-98.58,0,0
2103,goal_22,col_approach,350,0,350,-109.67,0.0,-109.67,0,0
2104,goal_22,col_approach,453,0,453,-94.72,0.0,-94.72,0,0
2105,goal_22,col_approach,504,0,504,-87.34,0.0,-87.34,0,0
2106,goal_22,col_approach,538,0,538,-82.17,0.0,-82.17,0,0
2107,goal_22,col_approach,549,0,549,-80.76,0.0,-80.76,0,0
2108,goal_22,col_approach,554,0,554,-79.78,0.0,-79.78,0,0
2109,goal_22,col_approach,555,0,555,-79.59,0.0,-79.59,0,0
2110,goal_22,col_approach,555,0,555,-79.58,0.0,-79.58,0,0
2111,goal_22,col_approach,498,0,498,-89.44,0.0,-89.44,0,0
2112,goal_22,col_approach,316,0,316,-114.63,0.0,-114.63,0,0
2113,goal_22,col_approach,437,0,437,-97.41,0.0,-97.41,0,0
2114,goal_22,col_approach,498,0,498,-88.51,0.0,-88.51,0,0
2115,goal_22,col_approach,534,0,534,-82.96,0.0,-82.96,0,0
2116,goal_22,col_approach,547,0,547,-81.15,0.0,-81.15,0,0
2117,goal_22,col_approach,555,0,555,-79.59,0.0,-79.59,0,0
2118,goal_22,col_approach,556,0,556,-80.15,0.0,-80.15,0,0
2119,goal_22,col_approach,555,0,555,-79.59,0.0,-79.59,0,0
2120,goal_22,col_approach,555,0,555,-79.58,0.0,-79.58,0,0
2121,goal_22,col_approach,330,0,330,-113.48,0.0,-113.48,0,0
2122,goal_22,col_approach,399,0,399,-102.53,0.0,-102.53,0,0
2123,goal_22,col_approach,476,0,476,-91.36,0.0,-91.36,0,0
2124,goal_22,col_approach,526,0,526,-84.63,0.0,-84.63,0,0
2125,goal_22,col_approach,543,0,543,-81.94,0.0,-81.94,0,0
2126,goal_22,col_approach,552,0,552,-80.18,0.0,-80.18,0,0
2127,goal_22,col_approach,557,0,557,-79.95,0.0,-79.95,0,0
2128,goal_22,col_approach,557,0,557,-79.94,0.0,-79.94,0,0
2129,goal_22,col_approach,556,0,556,-80.13,0.0,-80.13,0,0
2130,goal_22,col_approach,556,0,556,-79.74,0.0,-79.74,0,0
2131,goal_22,col_approach,326,0,326,-113.91,0.0,-113.91,0,0
2132,goal_22,col_approach,401,0,401,-102.9,0.0,-102.9,0,0
2133,goal_22,col_approach,476,0,476,-91.32,0.0,-91.32,0,0
2134,goal_22,col_approach,527,0,527,-84.33,0.0,-84.33,0,0
2135,goal_22,col_approach,544,0,544,-81.75,0.0,-81.75,0,0
2136,goal_22,col_approach,553,0,553,-79.98,0.0,-79.98,0,0
2137,goal_22,col_approach,557,0,557,-79.95,0.0,-79.95,0,0
2138,goal_22,col_approach,556,0,556,-80.14,0.0,-80.14,0,0
2139,goal_22,col_approach,556,0,556,-80.14,0.0,-80.14,0,0
2140,goal_22,col_approach,556,0,556,-79.67,0.0,-79.67,0,0
2141,goal_22,col_approach,323,0,323,-114.22,0.0,-114.22,0,0
2142,goal_22,col_approach,404,0,404,-102.31,0.0,-102.31,0,0
2143,goal_22,col_approach,476,0,476,-91.37,0.0,-91.37,0,0
2144,goal_22,col_approach,527,0,527,-84.38,0.0,-84.38,0,0
2145,goal_22,col_approach,544,0,544,-81.75,0.0,-81.75,0,0
2146,goal_22,col_approach,553,0,553,-79.98,0.0,-79.98,0,0
2147,goal_22,col_approach,556,0,556,-80.13,0.0,-80.13,0,0
2148,goal_22,col_approach,556,0,556,-80.14,0.0,-80.14,0,0
2149,goal_22,col_approach,556,0,556,-80.14,0.0,-80.14,0,0
2150,goal_22,col_approach,562,0,562,-80.35,0.0,-80.35,0,0
2151,goal_22,col_approach,431,0,431,-98.58,0.0,-98.58,0,0
2152,goal_22,col_approach,350,0,350,-109.67,0.0,-109.67,0,0
2153,goal_22,col_approach,454,0,454,-94.86,0.0,-94.86,0,0
2154,goal_22,col_approach,504,0,504,-87.34,0.0,-87.34,0,0
2155,goal_22,col_approach,537,0,537,-82.45,0.0,-82.45,0,0
2156,goal_22,col_approach,549,0,549,-80.75,0.0,-80.75,0,0
2157,goal_22,col_approach,554,0,554,-79.79,0.0,-79.79,0,0
2158,goal_22,col_approach,555,0,555,-79.59,0.0,-79.59,0,0
2159,goal_22,col_approach,555,0,555,-79.59,0.0,-79.59,0,0
2160,goal_22,col_approach,498,0,498,-89.45,0.0,-89.45,0,0
2161,goal_22,col_approach,316,0,316,-114.63,0.0,-114.63,0,0
2162,goal_22,col_approach,437,0,437,-97.42,0.0,-97.42,0,0
2163,goal_22,col_approach,498,0,498,-88.5,0.0,-88.5,0,0
2164,goal_22,col_approach,534,0,534,-82.96,0.0,-82.96,0,0
2165,goal_22,col_approach,547,0,547,-81.15,0.0,-81.15,0,0
2166,goal_22,col_approach,555,0,555,-79.59,0.0,-79.59,0,0
2167,goal_22,col_approach,556,0,556,-80.14,0.0,-80.14,0,0
2168,goal_22,col_approach,555,0,555,-79.59,0.0,-79.59,0,0
2169,goal_22,col_approach,555,0,555,-79.59,0.0,-79.59,0,0
2170,goal_22,col_approach,330,0,330,-113.49,0.0,-113.49,0,0
2171,goal_22,col_approach,399,0,399,-102.53,0.0,-102.53,0,0
2172,goal_22,col_approach,476,0,476,-91.38,0.0,-91.38,0,0
2173,goal_22,col_approach,526,0,526,-84.63,0.0,-84.63,0,0
2174,goal_22,col_approach,543,0,543,-81.94,0.0,-81.94,0,0
2175,goal_22,col_approach,552,0,552,-80.18,0.0,-80.18,0,0
2176,goal_22,col_approach,557,0,557,-79.95,0.0,-79.95,0,0
2177,goal_22,col_approach,557,0,557,-79.95,0.0,-79.95,0,0
2178,goal_22,col_approach,556,0,556,-80.15,0.0,-80.15,0,0
2179,goal_22,col_approach,556,0,556,-79.74,0.0,-79.74,0,0
2180,goal_22,col_approach,326,0,326,-113.91,0.0,-113.91,0,0
2181,goal_22,col_approach,401,0,401,-102.89,0.0,-102.89,0,0
2182,goal_22,col_approach,476,0,476,-91.32,0.0,-91.32,0,0
2183,goal_22,col_approach,527,0,527,-84.33,0.0,-84.33,0,0
2184,goal_22,col_approach,544,0,544,-81.75,0.0,-81.75,0,0
2185,goal_22,col_approach,553,0,553,-79.98,0.0,-79.98,0,0
2186,goal_22,col_approach,557,0,557,-79.95,0.0,-79.95,0,0
2187,goal_22,col_approach,556,0,556,-80.14,0.0,-80.14,0,0
2188,goal_22,col_approach,556,0,556,-80.14,0.0,-80.14,0,0
2189,goal_22,col_approach,556,0,556,-79.66,0.0,-79.66,0,0
2190,goal_22,col_approach,323,0,323,-114.22,0.0,-114.22,0,0
2191,goal_22,col_approach,404,0,404,-102.32,0.0,-102.32,0,0
2192,goal_22,col_approach,476,0,476,-91.36,0.0,-91.36,0,0
2193,goal_22,col_approach,527,0,527,-84.41,0.0,-84.41,0,0
2194,goal_22,col_approach,544,0,544,-81.74,0.0,-81.74,0,0
2195,goal_22,col_approach,553,0,553,-79.97,0.0,-79.97,0,0
2196,goal_22,col_approach,556,0,556,-80.14,0.0,-80.14,0,0
2197,goal_22,col_approach,556,0,556,-80.14,0.0,-80.14,0,0
2198,goal_22,col_approach,556,0,556,-80.15,0.0,-80.15,0,0
2199,goal_22,col_approach,562,0,562,-80.35,0.0,-80.35,0,0
2200,goal_22,col_approach,431,0,431,-98.6,0.0,-98.6,0,0
2201,goal_23,col_exit,1596,0,1596,116.9,0.0,116.9,1,0
2202,goal_23,col_exit,1556,0,1556,110.67,0.0,110.67,1,0
2203,goal_23,col_exit,1519,0,1519,105.7,0.0,105.7,1,0
2204,goal_23,col_exit,1518,0,1518,105.53,0.0,105.53,1,0
2205,goal_23,col_exit,1502,0,1502,103.32,0.0,103.32,1,0
2206,goal_23,col_exit,1509,0,1509,102.7,0.0,102.7,1,0
2207,goal_23,col_exit,1501,0,1501,103.09,0.0,103.09,1,0
2208,goal_23,col_exit,1495,0,1495,101.9,0.0,101.9,1,0
2209,goal_23,col_exit,1496,0,1496,102.08,0.0,102.08,1,0
2210,goal_23,col_exit,1505,0,1505,103.87,0.0,103.87,1,0
2211,goal_23,col_exit,1499,0,1499,102.68,0.0,102.68,1,0
2212,goal_23,col_exit,1493,0,1493,101.5,0.0,101.5,1,0
2213,goal_23,col_exit,1504,0,1504,103.65,0.0,103.65,1,0
2214,goal_23,col_exit,1502,0,1502,103.27,0.0,103.27,1,0
2215,goal_23,col_exit,1495,0,1495,101.91,0.0,101.91,1,0
2216,goal_23,col_exit,1494,0,1494,101.71,0.0,101.71,1,0
2217,goal_23,col_exit,1506,0,1506,102.63,0.0,102.63,1,0
2218,goal_23,col_exit,1500,0,1500,102.92,0.0,102.92,1,0
2219,goal_23,col_exit,1495,0,1495,101.91,0.0,101.91,1,0
2220,goal_23,col_exit,1496,0,1496,102.07,0.0,102.07,1,0
2221,goal_23,col_exit,1505,0,1505,103.86,0.0,103.86,1,0
2222,goal_23,col_exit,1499,0,1499,102.69,0.0,102.69,1,0
2223,goal_23,col_exit,1493,0,1493,101.52,0.0,101.52,1,0
2224,goal_23,col_exit,1504,0,1504,103.64,0.0,103.64,1,0
2225,goal_23,col_exit,1502,0,1502,103.28,0.0,103.28,1,0
2226,goal_23,col_exit,1495,0,1495,101.9,0.0,101.9,1,0
2227,goal_23,col_exit,1494,0,1494,101.71,0.0,101.71,1,0
2228,goal_23,col_exit,1506,0,1506,102.62,0.0,102.62,1,0
2229,goal_23,col_exit,1500,0,1500,102.93,0.0,102.93,1,0
2230,goal_23,col_exit,1495,0,1495,101.9,0.0,101.9,1,0
2231,goal_23,col_exit,1496,0,1496,102.08,0.0,102.08,1,0
2232,goal_23,col_exit,1505,0,1505,103.86,0.0,103.86,1,0
2233,goal_23,col_exit,1499,0,1499,102.69,0.0,102.69,1,0
2234,goal_23,col_exit,1493,0,1493,101.51,0.0,101.51,1,0
2235,goal_23,col_exit,1504,0,1504,103.64,0.0,103.64,1,0
2236,goal_23,col_exit,1502,0,1502,103.27,0.0,103.27,1,0
2237,goal_23,col_exit,1495,0,1495,101.9,0.0,101.9,1,0
2238,goal_23,col_exit,1494,0,1494,101.71,0.0,101.71,1,0
2239,goal_23,col_exit,1506,0,1506,102.63,0.0,102.63,1,0
2240,goal_23,col_exit,1500,0,1500,102.92,0.0,102.92,1,0
2241,goal_23,col_exit,1495,0,1495,101.91,0.0,101.91,1,0
2242,goal_23,col_exit,1496,0,1496,102.07,0.0,102.07,1,0
2243,goal_23,col_exit,1505,0,1505,103.87,0.0,103.87,1,0
2244,goal_23,col_exit,1499,0,1499,102.69,0.0,102.69,1,0
2245,goal_23,col_exit,1493,0,1493,101.51,0.0,101.51,1,0
2246,goal_23,col_exit,1504,0,1504,103.64,0.0,103.64,1,0
2247,goal_23,col_exit,1502,0,1502,103.28,0.0,103.28,1,0
2248,goal_23,col_exit,1495,0,1495,101.91,0.0,101.91,1,0
2249,goal_23,col_exit,1494,0,1494,101.71,0.0,101.71,1,0
2250,goal_23,col_exit,1506,0,1506,102.62,0.0,102.62,1,0
2251,goal_23,col_exit,1500,0,1500,102.93,0.0,102.93,1,0
2252,goal_23,col_exit,1495,0,1495,101.9,0.0,101.9,1,0
2253,goal_23,col_exit,1496,0,1496,102.08,0.0,102.08,1,0
2254,goal_23,col_exit,1505,0,1505,103.86,0.0,103.86,1,0
2255,goal_23,col_exit,1499,0,1499,102.69,0.0,102.69,1,0
2256,goal_23,col_exit,1493,0,1493,101.52,0.0,101.52,1,0
2257,goal_23,col_exit,1504,0,1504,103.64,0.0,103.64,1,0
2258,goal_23,col_exit,1502,0,1502,103.27,0.0,103.27,1,0
2259,goal_23,col_exit,1495,0,1495,101.89,0.0,101.89,1,0
2260,goal_23,col_exit,1494,0,1494,101.71,0.0,101.71,1,0
2261,goal_23,col_exit,1506,0,1506,102.61,0.0,102.61,1,0
2262,goal_23,col_exit,1500,0,1500,102.92,0.0,102.92,1,0
2263,goal_23,col_exit,1495,0,1495,101.9,0.0,101.9,1,0
2264,goal_23,col_exit,1496,0,1496,102.08,0.0,102.08,1,0
2265,goal_23,col_exit,1505,0,1505,103.87,0.0,103.87,1,0
2266,goal_23,col_exit,1499,0,1499,102.69,0.0,102.69,1,0
2267,goal_23,col_exit,1493,0,1493,101.51,0.0,101.51,1,0
2268,goal_23,col_exit,1504,0,1504,103.64,0.0,103.64,1,0
2269,goal_23,col_exit,1502,0,1502,103.27,0.0,103.27,1,0
2270,goal_23,col_exit,1495,0,1495,101.91,0.0,101.91,1,0
2271,goal_23,col_exit,1494,0,1494,101.71,0.0,101.71,1,0
2272,goal_23,col_exit,1506,0,1506,102.62,0.0,102.62,1,0
2273,goal_23,col_exit,1500,0,1500,102.92,0.0,102.92,1,0
2274,goal_23,col_exit,1495,0,1495,101.91,0.0,101.91,1,0
2275,goal_23,col_exit,1496,0,1496,102.07,0.0,102.07,1,0
2276,goal_23,col_exit,1505,0,1505,103.86,0.0,103.86,1,0
2277,goal_23,col_exit,1499,0,1499,102.69,0.0,102.69,1,0
2278,goal_23,col_exit,1493,0,1493,101.52,0.0,101.52,1,0
2279,goal_23,col_exit,1504,0,1504,103.64,0.0,103.64,1,0
2280,goal_23,col_exit,1502,0,1502,103.28,0.0,103.28,1,0
2281,goal_23,col_exit,1495,0,1495,101.9,0.0,101.9,1,0
2282,goal_23,col_exit,1494,0,1494,101.71,0.0,101.71,1,0
2283,goal_23,col_exit,1506,0,1506,102.63,0.0,102.63,1,0
2284,goal_23,col_exit,1500,0,1500,102.93,0.0,102.93,1,0
2285,goal_23,col_exit,1495,0,1495,101.9,0.0,101.9,1,0
2286,goal_23,col_exit,1496,0,1496,102.08,0.0,102.08,1,0
2287,goal_23,col_exit,1505,0,1505,103.87,0.0,103.87,1,0
2288,goal_23,col_exit,1499,0,1499,102.68,0.0,102.68,1,0
2289,goal_23,col_exit,1493,0,1493,101.51,0.0,101.51,1,0
2290,goal_23,col_exit,1504,0,1504,103.64,0.0,103.64,1,0
2291,goal_23,col_exit,1502,0,1502,103.26,0.0,103.26,1,0
2292,goal_23,col_exit,1495,0,1495,101.9,0.0,101.9,1,0
2293,goal_23,col_exit,1494,0,1494,101.71,0.0,101.71,1,0
2294,goal_23,col_exit,1506,0,1506,102.63,0.0,102.63,1,0
2295,goal_23,col_exit,1500,0,1500,102.92,0.0,102.92,1,0
2296,goal_23,col_exit,1495,0,1495,101.91,0.0,101.91,1,0
2297,goal_23,col_exit,1496,0,1496,102.07,0.0,102.07,1,0
2298,goal_23,col_exit,1505,0,1505,103.86,0.0,103.86,1,0
2299,goal_23,col_exit,1499,0,1499,102.69,0.0,102.69,1,0
2300,goal_23,col_exit,1493,0,1493,101.51,0.0,101.51,1,0
2301,goal_24,col_exit,1404,0,1404,89.46,0.0,89.46,1,0
2302,goal_24,col_exit,1447,0,1447,94.89,0.0,94.89,1,0
2303,goal_24,col_exit,1484,0,1484,91.45,0.0,91.45,1,0
2304,goal_24,col_exit,1196,0,1196,55.82,0.0,55.82,1,0
2305,goal_24,col_exit,1263,0,1263,68.63,0.0,68.63,1,0
2306,goal_24,col_approach,874,0,874,-27.67,0.0,-27.67,0,0
2307,goal_24,col_exit,1318,0,1318,76.74,0.0,76.74,1,0
2308,goal_24,col_exit,1400,0,1400,88.69,0.0,88.69,1,0
2309,goal_24,col_exit,1460,0,1460,95.16,0.0,95.16,1,0
2310,goal_24,col_exit,1174,0,1174,55.72,0.0,55.72,1,0
2311,goal_24,col_exit,1261,0,1261,68.35,0.0,68.35,1,0
2312,goal_24,col_approach,876,0,876,-27.27,0.0,-27.27,0,0
2313,goal_24,col_exit,1320,0,1320,75.05,0.0,75.05,1,0
2314,goal_24,col_exit,1408,0,1408,90.26,0.0,90.26,1,0
2315,goal_24,col_exit,1452,0,1452,95.91,0.0,95.91,1,0
2316,goal_24,col_exit,1485,0,1485,91.11,0.0,91.11,1,0
2317,goal_24,col_exit,1196,0,1196,55.82,0.0,55.82,1,0
2318,goal_24,col_exit,1263,0,1263,68.63,0.0,68.63,1,0
2319,goal_24,col_approach,874,0,874,-27.67,0.0,-27.67,0,0
2320,goal_24,col_exit,1318,0,1318,76.74,0.0,76.74,1,0
2321,goal_24,col_exit,1400,0,1400,88.69,0.0,88.69,1,0
2322,goal_24,col_exit,1460,0,1460,95.16,0.0,95.16,1,0
2323,goal_24,col_exit,1174,0,1174,55.71,0.0,55.71,1,0
2324,goal_24,col_exit,1261,0,1261,68.35,0.0,68.35,1,0
2325,goal_24,col_approach,876,0,876,-27.27,0.0,-27.27,0,0
2326,goal_24,col_exit,1320,0,1320,75.04,0.0,75.04,1,0
2327,goal_24,col_exit,1408,0,1408,90.26,0.0,90.26,1,0
2328,goal_24,col_exit,1452,0,1452,95.91,0.0,95.91,1,0
2329,goal_24,col_exit,1485,0,1485,91.33,0.0,91.33,1,0
2330,goal_24,col_exit,1196,0,1196,55.83,0.0,55.83,1,0
2331,goal_24,col_exit,1263,0,1263,68.63,0.0,68.63,1,0
2332,goal_24,col_approach,874,0,874,-27.67,0.0,-27.67,0,0
2333,goal_24,col_exit,1318,0,1318,76.77,0.0,76.77,1,0
2334,goal_24,col_exit,1400,0,1400,88.7,0.0,88.7,1,0
2335,goal_24,col_exit,1460,0,1460,95.16,0.0,95.16,1,0
2336,goal_24,col_exit,1174,0,1174,55.71,0.0,55.71,1,0
2337,goal_24,col_exit,1261,0,1261,68.35,0.0,68.35,1,0
2338,goal_24,col_approach,876,0,876,-27.28,0.0,-27.28,0,0
2339,goal_24,col_exit,1320,0,1320,75.03,0.0,75.03,1,0
2340,goal_24,col_exit,1408,0,1408,90.27,0.0,90.27,1,0
2341,goal_24,col_exit,1452,0,1452,95.91,0.0,95.91,1,0
2342,goal_24,col_exit,1485,0,1485,91.15,0.0,91.15,1,0
2343,goal_24,col_exit,1196,0,1196,55.83,0.0,55.83,1,0
2344,goal_24,col_exit,1263,0,1263,68.62,0.0,68.62,1,0
2345,goal_24,col_approach,874,0,874,-27.68,0.0,-27.68,0,0
2346,goal_24,col_exit,1318,0,1318,76.75,0.0,76.75,1,0
2347,goal_24,col_exit,1400,0,1400,88.69,0.0,88.69,1,0
2348,goal_24,col_exit,1460,0,1460,95.16,0.0,95.16,1,0
2349,goal_24,col_exit,1174,0,1174,55.71,0.0,55.71,1,0
2350,goal_24,col_exit,1261,0,1261,68.35,0.0,68.35,1,0
2351,goal_24,col_approach,876,0,876,-27.27,0.0,-27.27,0,0
2352,goal_24,col_exit,1320,0,1320,75.04,0.0,75.04,1,0
2353,goal_24,col_exit,1408,0,1408,90.27,0.0,90.27,1,0
2354,goal_24,col_exit,1452,0,1452,95.91,0.0,95.91,1,0
2355,goal_24,col_exit,1485,0,1485,91.11,0.0,91.11,1,0
2356,goal_24,col_exit,1196,0,1196,55.83,0.0,55.83,1,0
2357,goal_24,col_exit,1263,0,1263,68.63,0.0,68.63,1,0
2358,goal_24,col_approach,874,0,874,-27.68,0.0,-27.68,0,0
2359,goal_24,col_exit,1318,0,1318,76.74,0.0,76.74,1,0
2360,goal_24,col_exit,1400,0,1400,88.69,0.0,88.69,1,0
2361,goal_24,col_exit,1460,0,1460,95.2,0.0,95.2,1,0
2362,goal_24,col_exit,1174,0,1174,55.71,0.0,55.71,1,0
2363,goal_24,col_exit,1261,0,1261,68.35,0.0,68.35,1,0
2364,goal_24,col_approach,876,0,876,-27.27,0.0,-27.27,0,0
2365,goal_24,col_exit,1320,0,1320,75.03,0.0,75.03,1,0
2366,goal_24,col_exit,1408,0,1408,90.27,0.0,90.27,1,0
2367,goal_24,col_exit,1452,0,1452,95.92,0.0,95.92,1,0
2368,goal_24,col_exit,1485,0,1485,91.11,0.0,91.11,1,0
2369,goal_24,col_exit,1196,0,1196,55.83,0.0,55.83,1,0
2370,goal_24,col_exit,1263,0,1263,68.63,0.0,68.63,1,0
2371,goal_24,col_approach,874,0,874,-27.67,0.0,-27.67,0,0
2372,goal_24,col_exit,1318,0,1318,76.74,0.0,76.74,1,0
2373,goal_24,col_exit,1400,0,1400,88.69,0.0,88.69,1,0
2374,goal_24,col_exit,1460,0,1460,95.19,0.0,95.19,1,0
2375,goal_24,col_exit,1174,0,1174,55.72,0.0,55.72,1,0
2376,goal_24,col_exit,1261,0,1261,68.36,0.0,68.36,1,0
2377,goal_24,col_approach,876,0,876,-27.27,0.0,-27.27,0,0
2378,goal_24,col_exit,1320,0,1320,75.05,0.0,75.05,1,0
2379,goal_24,col_exit,1408,0,1408,90.26,0.0,90.26,1,0
2380,goal_24,col_exit,1452,0,1452,95.92,0.0,95.92,1,0
2381,goal_24,col_exit,1485,0,1485,91.15,0.0,91.15,1,0
2382,goal_24,col_exit,1196,0,1196,55.82,0.0,55.82,1,0
2383,goal_24,col_exit,1263,0,1263,68.63,0.0,68.63,1,0
2384,goal_24,col_approach,874,0,874,-27.67,0.0,-27.67,0,0
2385,goal_24,col_exit,1318,0,1318,76.74,0.0,76.74,1,0
2386,goal_24,col_exit,1400,0,1400,88.69,0.0,88.69,1,0
2387,goal_24,col_exit,1460,0,1460,95.26,0.0,95.26,1,0
2388,goal_24,col_exit,1174,0,1174,55.72,0.0,55.72,1,0
2389,goal_24,col_exit,1261,0,1261,68.35,0.0,68.35,1,0
2390,goal_24,col_approach,876,0,876,-27.27,0.0,-27.27,0,0
2391,goal_24,col_exit,1320,0,1320,75.05,0.0,75.05,1,0
2392,goal_24,col_exit,1408,0,1408,90.26,0.0,90.26,1,0
2393,goal_24,col_exit,1452,0,1452,95.91,0.0,95.91,1,0
2394,goal_24,col_exit,1485,0,1485,91.11,0.0,91.11,1,0
2395,goal_24,col_exit,1196,0,1196,55.82,0.0,55.82,1,0
2396,goal_24,col_exit,1263,0,1263,68.63,0.0,68.63,1,0
2397,goal_24,col_approach,874,0,874,-27.67,0.0,-27.67,0,0
2398,goal_24,col_exit,1318,0,1318,76.74,0.0,76.74,1,0
2399,goal_24,col_exit,1400,0,1400,88.7,0.0,88.7,1,0
2400,goal_24,col_exit,1460,0,1460,95.26,0.0,95.26,1,0
2401,goal_25,exito,1848,453,2301,406.0,126.84,532.84,1,1
2402,goal_25,col_retorno,1852,23,1875,407.1,-148.74,258.36,1,1
2403,goal_25,col_exit,1157,0,1157,52.92,0.0,52.92,1,0
2404,goal_25,exito,1842,466,2308,407.4,125.33,532.73,1,1
2405,goal_25,col_approach,889,0,889,-24.94,0.0,-24.94,0,0
2406,goal_25,col_approach,835,0,835,-35.52,0.0,-35.52,0,0
2407,goal_25,col_exit,1184,0,1184,58.04,0.0,58.04,1,0
2408,goal_25,col_retorno,1843,1,1844,407.13,-150.0,257.13,1,1
2409,goal_25,col_exit,1171,0,1171,52.95,0.0,52.95,1,0
2410,goal_25,col_retorno,1843,7,1850,407.6,-149.56,258.05,1,1
2411,goal_25,col_exit,1150,0,1150,51.96,0.0,51.96,1,0
2412,goal_25,exito,1842,449,2291,407.39,135.4,542.78,1,1
2413,goal_25,col_approach,899,0,899,-23.01,0.0,-23.01,0,0
2414,goal_25,col_approach,835,0,835,-34.24,0.0,-34.24,0,0
2415,goal_25,col_exit,1189,0,1189,55.95,0.0,55.95,1,0
2416,goal_25,col_retorno,1843,1,1844,407.31,-150.0,257.3,1,1
2417,goal_25,col_exit,1175,0,1175,53.78,0.0,53.78,1,0
2418,goal_25,col_retorno,1842,23,1865,407.4,-148.68,258.72,1,1
2419,goal_25,col_exit,1154,0,1154,53.52,0.0,53.52,1,0
2420,goal_25,exito,1842,474,2316,407.4,124.5,531.9,1,1
2421,goal_25,col_approach,867,0,867,-29.19,0.0,-29.19,0,0
2422,goal_25,col_approach,831,0,831,-35.01,0.0,-35.01,0,0
2423,goal_25,col_exit,1191,0,1191,57.16,0.0,57.16,1,0
2424,goal_25,col_retorno,1844,1,1845,407.02,-150.0,257.02,1,1
2425,goal_25,col_exit,1176,0,1176,55.45,0.0,55.45,1,0
2426,goal_25,col_retorno,1842,47,1889,407.4,-157.58,249.82,1,1
2427,goal_25,col_exit,1139,0,1139,50.51,0.0,50.51,1,0
2428,goal_25,col_exit,1169,0,1169,55.9,0.0,55.9,1,0
2429,goal_25,col_exit,1115,0,1115,47.8,0.0,47.8,1,0
2430,goal_25,col_approach,870,0,870,-26.43,0.0,-26.43,0,0
2431,goal_25,col_approach,822,0,822,-34.32,0.0,-34.32,0,0
2432,goal_25,col_approach,817,0,817,-35.12,0.0,-35.12,0,0
2433,goal_25,col_exit,1162,0,1162,53.09,0.0,53.09,1,0
2434,goal_25,exito,1842,453,2295,407.39,126.73,534.12,1,1
2435,goal_25,col_exit,1146,0,1146,50.77,0.0,50.77,1,0
2436,goal_25,col_exit,1125,0,1125,48.97,0.0,48.97,1,0
2437,goal_25,col_approach,876,0,876,-25.27,0.0,-25.27,0,0
2438,goal_25,col_approach,822,0,822,-34.32,0.0,-34.32,0,0
2439,goal_25,col_approach,817,0,817,-35.09,0.0,-35.09,0,0
2440,goal_25,col_exit,1162,0,1162,53.15,0.0,53.15,1,0
2441,goal_25,col_retorno,1844,1,1845,406.38,-150.0,256.38,1,1
2442,goal_25,col_exit,1161,0,1161,54.61,0.0,54.61,1,0
2443,goal_25,col_retorno,1842,16,1858,407.41,-149.41,258.0,1,1
2444,goal_25,col_exit,1155,0,1155,51.43,0.0,51.43,1,0
2445,goal_25,exito,1842,451,2293,407.4,135.62,543.02,1,1
2446,goal_25,col_approach,902,0,902,-22.44,0.0,-22.44,0,0
2447,goal_25,col_approach,832,0,832,-33.36,0.0,-33.36,0,0
2448,goal_25,col_exit,1183,0,1183,57.39,0.0,57.39,1,0
2449,goal_25,col_retorno,1843,1,1844,407.44,-150.0,257.44,1,1
2450,goal_25,col_exit,1164,0,1164,53.02,0.0,53.02,1,0
2451,goal_25,exito,1842,453,2295,407.4,126.64,534.04,1,1
2452,goal_25,col_exit,1172,0,1172,54.25,0.0,54.25,1,0
2453,goal_25,col_exit,1093,0,1093,44.16,0.0,44.16,1,0
2454,goal_25,col_exit,1128,0,1128,49.54,0.0,49.54,1,0
2455,goal_25,col_exit,1125,0,1125,48.97,0.0,48.97,1,0
2456,goal_25,col_approach,874,0,874,-25.66,0.0,-25.66,0,0
2457,goal_25,col_approach,822,0,822,-34.32,0.0,-34.32,0,0
2458,goal_25,col_approach,817,0,817,-35.11,0.0,-35.11,0,0
2459,goal_25,col_exit,1162,0,1162,53.09,0.0,53.09,1,0
2460,goal_25,col_retorno,1845,1,1846,406.52,-150.0,256.52,1,1
2461,goal_25,col_exit,1162,0,1162,54.66,0.0,54.66,1,0
2462,goal_25,col_retorno,1842,37,1879,407.4,-156.63,250.78,1,1
2463,goal_25,col_exit,1141,0,1141,50.75,0.0,50.75,1,0
2464,goal_25,col_exit,1169,0,1169,55.9,0.0,55.9,1,0
2465,goal_25,col_exit,1114,0,1114,47.52,0.0,47.52,1,0
2466,goal_25,col_exit,1134,0,1134,50.69,0.0,50.69,1,0
2467,goal_25,col_exit,1104,0,1104,46.33,0.0,46.33,1,0
2468,goal_25,col_exit,1134,0,1134,50.67,0.0,50.67,1,0
2469,goal_25,col_exit,1125,0,1125,48.97,0.0,48.97,1,0
2470,goal_25,col_approach,876,0,876,-25.27,0.0,-25.27,0,0
2471,goal_25,col_approach,822,0,822,-34.32,0.0,-34.32,0,0
2472,goal_25,col_approach,817,0,817,-35.09,0.0,-35.09,0,0
2473,goal_25,col_exit,1162,0,1162,53.15,0.0,53.15,1,0
2474,goal_25,exito,1842,467,2309,407.37,125.18,532.55,1,1
2475,goal_25,col_exit,1133,0,1133,48.29,0.0,48.29,1,0
2476,goal_25,col_exit,1124,0,1124,48.78,0.0,48.78,1,0
2477,goal_25,col_approach,874,0,874,-25.65,0.0,-25.65,0,0
2478,goal_25,col_approach,822,0,822,-34.32,0.0,-34.32,0,0
2479,goal_25,col_approach,817,0,817,-35.12,0.0,-35.12,0,0
2480,goal_25,col_exit,1162,0,1162,53.09,0.0,53.09,1,0
2481,goal_25,col_retorno,1845,1,1846,406.52,-150.0,256.52,1,1
2482,goal_25,col_exit,1161,0,1161,54.93,0.0,54.93,1,0
2483,goal_25,col_retorno,1842,17,1859,407.4,-149.29,258.11,1,1
2484,goal_25,col_exit,1154,0,1154,51.5,0.0,51.5,1,0
2485,goal_25,exito,1842,474,2316,407.4,124.82,532.22,1,1
2486,goal_25,col_approach,878,0,878,-27.08,0.0,-27.08,0,0
2487,goal_25,col_approach,832,0,832,-33.33,0.0,-33.33,0,0
2488,goal_25,col_exit,1183,0,1183,57.38,0.0,57.38,1,0
2489,goal_25,col_retorno,1843,1,1844,407.43,-150.0,257.43,1,1
2490,goal_25,col_exit,1164,0,1164,53.08,0.0,53.08,1,0
2491,goal_25,exito,1842,470,2312,407.4,124.92,532.32,1,1
2492,goal_25,col_exit,916,0,916,28.64,0.0,28.64,1,0
2493,goal_25,col_approach,828,0,828,-33.71,0.0,-33.71,0,0
2494,goal_25,col_exit,1181,0,1181,57.03,0.0,57.03,1,0
2495,goal_25,exito,1842,445,2287,407.4,135.13,542.53,1,1
2496,goal_25,col_exit,1149,0,1149,50.6,0.0,50.6,1,0
2497,goal_25,col_exit,1120,0,1120,48.38,0.0,48.38,1,0
2498,goal_25,col_exit,1151,0,1151,53.19,0.0,53.19,1,0
2499,goal_25,col_exit,1117,0,1117,47.05,0.0,47.05,1,0
2500,goal_25,col_exit,1114,0,1114,47.6,0.0,47.6,1,0
2501,goal_26,col_retorno,2733,11,2744,522.01,-149.88,372.13,1,1
2502,goal_26,exito,2734,454,3188,521.36,126.59,647.95,1,1
2503,goal_26,col_retorno,2745,1,2746,521.43,-150.0,371.43,1,1
2504,goal_26,col_approach,791,0,791,-39.79,0.0,-39.79,0,0
2505,goal_26,col_retorno,2734,63,2797,522.14,-148.93,373.21,1,1
2506,goal_26,col_retorno,2732,67,2799,522.21,-149.28,372.92,1,1
2507,goal_26,col_retorno,2733,71,2804,522.38,-148.22,374.16,1,1
2508,goal_26,col_approach,805,0,805,-37.26,0.0,-37.26,0,0
2509,goal_26,col_approach,789,0,789,-39.91,0.0,-39.91,0,0
2510,goal_26,col_retorno,2736,1,2737,520.97,-150.0,370.97,1,1
2511,goal_26,col_retorno,2734,15,2749,521.37,-150.45,370.92,1,1
2512,goal_26,exito,2734,473,3207,522.04,124.68,646.72,1,1
2513,goal_26,col_approach,806,0,806,-41.6,0.0,-41.6,0,0
2514,goal_26,col_retorno,2736,1,2737,521.4,-150.0,371.4,1,1
2515,goal_26,exito,2733,447,3180,522.07,135.24,657.31,1,1
2516,goal_26,col_approach,804,0,804,-39.21,0.0,-39.21,0,0
2517,goal_26,col_retorno,2744,2,2746,518.88,-150.28,368.59,1,1
2518,goal_26,exito,2733,454,3187,522.05,126.54,648.59,1,1
2519,goal_26,col_approach,801,0,801,-39.8,0.0,-39.8,0,0
2520,goal_26,col_retorno,2734,67,2801,520.76,-149.4,371.36,1,1
2521,goal_26,exito,2733,446,3179,522.41,135.29,657.7,1,1
2522,goal_26,col_approach,808,0,808,-42.4,0.0,-42.4,0,0
2523,goal_26,col_retorno,2733,1,2734,521.67,-150.0,371.67,1,1
2524,goal_26,exito,2733,450,3183,522.07,135.52,657.59,1,1
2525,goal_26,col_approach,800,0,800,-40.0,0.0,-40.0,0,0
2526,goal_26,col_retorno,2740,5,2745,519.7,-151.39,368.31,1,1
2527,goal_26,exito,2733,450,3183,521.99,135.48,657.47,1,1
2528,goal_26,col_approach,801,0,801,-39.79,0.0,-39.79,0,0
2529,goal_26,col_retorno,2736,25,2761,521.04,-148.65,372.39,1,1
2530,goal_26,exito,2734,452,3186,521.94,135.68,657.62,1,1
2531,goal_26,col_approach,810,0,810,-39.15,0.0,-39.15,0,0
2532,goal_26,col_approach,793,0,793,-39.13,0.0,-39.13,0,0
2533,goal_26,exito,2735,468,3203,522.01,125.02,647.03,1,1
2534,goal_26,col_retorno,2758,1,2759,517.79,-150.0,367.79,1,1
2535,goal_26,col_retorno,2742,1,2743,521.43,-150.0,371.42,1,1
2536,goal_26,exito,2733,451,3184,521.98,135.59,657.57,1,1
2537,goal_26,col_approach,800,0,800,-40.0,0.0,-40.0,0,0
2538,goal_26,col_approach,807,0,807,-44.02,0.0,-44.02,0,0
2539,goal_26,col_retorno,2735,47,2782,521.24,-150.3,370.95,1,1
2540,goal_26,exito,2733,459,3192,522.07,125.79,647.87,1,1
2541,goal_26,col_retorno,2744,1,2745,521.1,-150.0,371.1,1,1
2542,goal_26,col_retorno,2740,37,2777,522.26,-157.6,364.66,1,1
2543,goal_26,exito,2734,446,3180,521.78,135.25,657.03,1,1
2544,goal_26,col_retorno,2743,1,2744,521.8,-150.0,371.8,1,1
2545,goal_26,col_approach,790,0,790,-39.95,0.0,-39.95,0,0
2546,goal_26,exito,2735,475,3210,521.38,124.58,645.96,1,1
2547,goal_26,col_retorno,2743,1,2744,521.8,-150.0,371.8,1,1
2548,goal_26,col_approach,807,0,807,-39.14,0.0,-39.14,0,0
2549,goal_26,exito,2735,474,3209,521.19,124.83,646.01,1,1
2550,goal_26,col_retorno,2743,1,2744,521.79,-150.0,371.79,1,1
2551,goal_26,col_retorno,2752,27,2779,516.06,-150.48,365.58,1,1
2552,goal_26,exito,2735,473,3208,521.68,124.7,646.38,1,1
2553,goal_26,col_retorno,2752,1,2753,519.19,-150.0,369.19,1,1
2554,goal_26,col_approach,792,0,792,-39.54,0.0,-39.54,0,0
2555,goal_26,exito,2736,474,3210,520.9,124.64,645.53,1,1
2556,goal_26,col_retorno,2743,1,2744,521.76,-150.0,371.76,1,1
2557,goal_26,col_approach,817,0,817,-40.87,0.0,-40.87,0,0
2558,goal_26,col_retorno,2733,49,2782,521.66,-150.35,371.31,1,1
2559,goal_26,col_retorno,2733,56,2789,522.38,-149.54,372.84,1,1
2560,goal_26,exito,2733,459,3192,522.4,125.97,648.37,1,1
2561,goal_26,col_retorno,2744,1,2745,521.96,-150.0,371.96,1,1
2562,goal_26,exito,2733,452,3185,522.01,135.69,657.71,1,1
2563,goal_26,col_retorno,2743,1,2744,521.79,-150.0,371.79,1,1
2564,goal_26,exito,2743,457,3200,522.02,126.11,648.13,1,1
2565,goal_26,col_retorno,2743,1,2744,521.75,-150.0,371.75,1,1
2566,goal_26,col_approach,810,0,810,-45.78,0.0,-45.78,0,0
2567,goal_26,col_retorno,2733,14,2747,521.67,-149.65,372.02,1,1
2568,goal_26,exito,2735,457,3192,522.17,126.08,648.25,1,1
2569,goal_26,col_approach,814,0,814,-38.27,0.0,-38.27,0,0
2570,goal_26,col_retorno,2735,9,2744,521.69,-149.37,372.32,1,1
2571,goal_26,col_retorno,2733,59,2792,521.56,-149.39,372.17,1,1
2572,goal_26,exito,2732,470,3202,522.21,124.9,647.1,1,1
2573,goal_26,col_retorno,2743,1,2744,521.59,-150.0,371.59,1,1
2574,goal_26,col_retorno,2760,30,2790,523.37,-156.57,366.8,1,1
2575,goal_26,exito,2735,474,3209,521.76,124.68,646.44,1,1
2576,goal_26,col_retorno,2743,1,2744,521.8,-150.0,371.8,1,1
2577,goal_26,col_retorno,2734,15,2749,521.86,-149.47,372.39,1,1
2578,goal_26,exito,2734,468,3202,521.53,125.03,646.57,1,1
2579,goal_26,col_approach,799,0,799,-40.19,0.0,-40.19,0,0
2580,goal_26,col_retorno,2743,16,2759,519.21,-153.34,365.87,1,1
2581,goal_26,exito,2735,456,3191,521.65,126.31,647.96,1,1
2582,goal_26,col_retorno,2758,1,2759,516.79,-150.0,366.79,1,1
2583,goal_26,col_approach,801,0,801,-39.45,0.0,-39.45,0,0
2584,goal_26,exito,2737,455,3192,521.31,126.36,647.67,1,1
2585,goal_26,col_retorno,2743,1,2744,521.8,-150.0,371.8,1,1
2586,goal_26,col_approach,795,0,795,-41.07,0.0,-41.07,0,0
2587,goal_26,col_retorno,2737,49,2786,520.88,-150.07,370.81,1,1
2588,goal_26,col_retorno,2734,70,2804,522.29,-148.84,373.45,1,1
2589,goal_26,col_retorno,2732,70,2802,522.09,-148.73,373.36,1,1
2590,goal_26,col_approach,795,0,795,-39.25,0.0,-39.25,0,0
2591,goal_26,col_approach,805,0,805,-37.73,0.0,-37.73,0,0
2592,goal_26,col_retorno,2733,1,2734,521.75,-150.0,371.75,1,1
2593,goal_26,col_retorno,2734,7,2741,521.52,-151.57,369.96,1,1
2594,goal_26,exito,2734,447,3181,521.95,135.21,657.16,1,1
2595,goal_26,col_approach,803,0,803,-40.95,0.0,-40.95,0,0
2596,goal_26,col_approach,806,0,806,-37.67,0.0,-37.67,0,0
2597,goal_26,exito,2735,473,3208,521.69,124.73,646.42,1,1
2598,goal_26,col_retorno,2743,1,2744,521.81,-150.0,371.81,1,1
2599,goal_26,col_approach,810,0,810,-41.81,0.0,-41.81,0,0
2600,goal_26,exito,2733,470,3203,521.49,124.87,646.36,1,1
2601,goal_27,exito,2512,471,2983,488.25,124.62,612.87,1,1
2602,goal_27,col_retorno,2536,1,2537,484.84,-150.0,334.84,1,1
2603,goal_27,col_retorno,2513,1,2514,488.57,-150.0,338.57,1,1
2604,goal_27,col_retorno,2529,1,2530,488.49,-150.0,338.49,1,1
2605,goal_27,col_retorno,2513,1,2514,488.5,-150.0,338.5,1,1
2606,goal_27,col_approach,862,0,862,-28.79,0.0,-28.79,0,0
2607,goal_27,col_approach,791,0,791,-39.89,0.0,-39.89,0,0
2608,goal_27,col_retorno,2521,89,2610,486.57,-147.27,339.3,1,1
2609,goal_27,col_retorno,2513,1,2514,488.71,-150.0,338.71,1,1
2610,goal_27,col_approach,835,0,835,-33.22,0.0,-33.22,0,0
2611,goal_27,col_approach,801,0,801,-41.07,0.0,-41.07,0,0
2612,goal_27,col_retorno,2513,49,2562,488.36,-151.24,337.13,1,1
2613,goal_27,col_retorno,2512,1,2513,488.73,-150.0,338.73,1,1
2614,goal_27,col_retorno,2514,1,2515,488.66,-150.0,338.66,1,1
2615,goal_27,col_approach,837,0,837,-32.82,0.0,-32.82,0,0
2616,goal_27,col_approach,797,0,797,-42.09,0.0,-42.09,0,0
2617,goal_27,col_retorno,2514,53,2567,488.3,-149.95,338.35,1,1
2618,goal_27,col_retorno,2512,73,2585,488.71,-148.36,340.35,1,1
2619,goal_27,col_approach,798,0,798,-38.69,0.0,-38.69,0,0
2620,goal_27,col_approach,790,0,790,-39.96,0.0,-39.96,0,0
2621,goal_27,col_retorno,2514,57,2571,488.11,-151.05,337.05,1,1
2622,goal_27,col_retorno,2514,28,2542,488.52,-154.93,333.59,1,1
2623,goal_27,col_approach,828,0,828,-34.34,0.0,-34.34,0,0
2624,goal_27,col_approach,791,0,791,-39.96,0.0,-39.96,0,0
2625,goal_27,col_retorno,2533,52,2585,482.41,-149.97,332.44,1,1
2626,goal_27,col_retorno,2512,49,2561,488.72,-151.6,337.12,1,1
2627,goal_27,col_approach,813,0,813,-36.33,0.0,-36.33,0,0
2628,goal_27,col_approach,791,0,791,-40.67,0.0,-40.67,0,0
2629,goal_27,exito,2514,469,2983,488.27,124.97,613.24,1,1
2630,goal_27,exito,2525,466,2991,487.83,124.29,612.12,1,1
2631,goal_27,col_retorno,2523,1,2524,487.94,-150.0,337.94,1,1
2632,goal_27,col_retorno,2513,25,2538,488.38,-155.19,333.19,1,1
2633,goal_27,col_retorno,2518,1,2519,487.95,-150.0,337.95,1,1
2634,goal_27,col_retorno,2513,14,2527,488.29,-149.57,338.72,1,1
2635,goal_27,col_retorno,2514,17,2531,488.69,-149.25,339.44,1,1
2636,goal_27,col_approach,825,0,825,-34.6,0.0,-34.6,0,0
2637,goal_27,col_approach,790,0,790,-40.35,0.0,-40.35,0,0
2638,goal_27,exito,2525,461,2986,485.31,125.74,611.05,1,1
2639,goal_27,col_retorno,2525,14,2539,488.07,-153.23,334.83,1,1
2640,goal_27,exito,2515,458,2973,488.2,125.97,614.17,1,1
2641,goal_27,col_retorno,2523,9,2532,488.25,-151.9,336.35,1,1
2642,goal_27,col_retorno,2516,9,2525,488.1,-151.88,336.22,1,1
2643,goal_27,col_retorno,2515,65,2580,488.45,-159.69,328.76,1,1
2644,goal_27,col_approach,828,0,828,-34.25,0.0,-34.25,0,0
2645,goal_27,col_approach,791,0,791,-39.89,0.0,-39.89,0,0
2646,goal_27,col_retorno,2521,31,2552,486.56,-156.47,330.09,1,1
2647,goal_27,col_retorno,2515,23,2538,488.39,-154.96,333.43,1,1
2648,goal_27,col_retorno,2515,1,2516,488.35,-150.0,338.35,1,1
2649,goal_27,col_approach,832,0,832,-33.79,0.0,-33.79,0,0
2650,goal_27,col_approach,792,0,792,-41.38,0.0,-41.38,0,0
2651,goal_27,exito,2513,467,2980,488.53,125.22,613.75,1,1
2652,goal_27,col_approach,799,0,799,-40.19,0.0,-40.19,0,0
2653,goal_27,col_retorno,2520,1,2521,487.15,-150.0,337.14,1,1
2654,goal_27,col_retorno,2513,1,2514,488.44,-150.0,338.44,1,1
2655,goal_27,col_retorno,2516,1,2517,488.17,-150.0,338.17,1,1
2656,goal_27,col_retorno,2514,1,2515,488.49,-150.0,338.49,1,1
2657,goal_27,col_approach,862,0,862,-28.67,0.0,-28.67,0,0
2658,goal_27,col_approach,791,0,791,-39.89,0.0,-39.89,0,0
2659,goal_27,col_retorno,2521,31,2552,486.57,-156.46,330.11,1,1
2660,goal_27,col_retorno,2515,19,2534,488.35,-154.53,333.82,1,1
2661,goal_27,col_retorno,2515,1,2516,488.34,-150.0,338.34,1,1
2662,goal_27,col_approach,836,0,836,-33.01,0.0,-33.01,0,0
2663,goal_27,col_approach,792,0,792,-41.37,0.0,-41.37,0,0
2664,goal_27,col_retorno,2513,50,2563,488.54,-150.34,338.2,1,1
2665,goal_27,exito,2512,449,2961,488.71,135.4,624.11,1,1
2666,goal_27,exito,2523,468,2991,488.25,125.28,613.53,1,1
2667,goal_27,col_retorno,2523,1,2524,488.25,-150.0,338.25,1,1
2668,goal_27,col_retorno,2513,1,2514,488.87,-150.0,338.87,1,1
2669,goal_27,col_retorno,2513,19,2532,488.64,-154.55,334.09,1,1
2670,goal_27,col_retorno,2515,9,2524,488.34,-149.34,338.99,1,1
2671,goal_27,col_approach,828,0,828,-34.34,0.0,-34.34,0,0
2672,goal_27,col_approach,791,0,791,-39.96,0.0,-39.96,0,0
2673,goal_27,col_retorno,2533,50,2583,482.41,-150.19,332.22,1,1
2674,goal_27,col_retorno,2512,33,2545,488.72,-157.51,331.21,1,1
2675,goal_27,col_approach,831,0,831,-34.49,0.0,-34.49,0,0
2676,goal_27,col_approach,791,0,791,-40.68,0.0,-40.68,0,0
2677,goal_27,col_retorno,2514,57,2571,488.26,-149.6,338.67,1,1
2678,goal_27,exito,2512,445,2957,488.72,135.12,623.84,1,1
2679,goal_27,col_retorno,2523,116,2639,488.26,-147.25,341.02,1,1
2680,goal_27,col_approach,791,0,791,-39.55,0.0,-39.55,0,0
2681,goal_27,col_approach,790,0,790,-40.0,0.0,-40.0,0,0
2682,goal_27,exito,2530,470,3000,484.23,124.76,608.99,1,1
2683,goal_27,col_retorno,2524,1,2525,488.11,-150.0,338.1,1,1
2684,goal_27,col_retorno,2522,1,2523,488.54,-150.0,338.54,1,1
2685,goal_27,col_retorno,2518,1,2519,487.93,-150.0,337.93,1,1
2686,goal_27,col_retorno,2513,2,2515,488.52,-149.93,338.59,1,1
2687,goal_27,col_retorno,2514,12,2526,488.66,-152.7,335.96,1,1
2688,goal_27,col_approach,834,0,834,-33.93,0.0,-33.93,0,0
2689,goal_27,col_approach,806,0,806,-45.08,0.0,-45.08,0,0
2690,goal_27,exito,2513,469,2982,488.26,125.08,613.34,1,1
2691,goal_27,exito,2528,453,2981,486.59,126.68,613.27,1,1
2692,goal_27,col_retorno,2524,1,2525,487.93,-150.0,337.93,1,1
2693,goal_27,col_retorno,2512,11,2523,488.51,-149.88,338.63,1,1
2694,goal_27,col_retorno,2515,9,2524,488.1,-151.89,336.2,1,1
2695,goal_27,col_retorno,2515,26,2541,488.52,-155.45,333.07,1,1
2696,goal_27,col_retorno,2515,1,2516,488.36,-150.0,338.36,1,1
2697,goal_27,col_approach,832,0,832,-33.79,0.0,-33.79,0,0
2698,goal_27,col_approach,792,0,792,-41.37,0.0,-41.37,0,0
2699,goal_27,col_retorno,2513,52,2565,488.54,-149.71,338.83,1,1
2700,goal_27,exito,2513,451,2964,488.56,135.6,624.16,1,1
2701,goal_28,col_retorno,2219,1,2220,455.0,-150.0,305.0,1,1
2702,goal_28,col_retorno,2209,1,2210,455.22,-150.0,305.21,1,1
2703,goal_28,col_retorno,2216,1,2217,455.02,-150.0,305.02,1,1
2704,goal_28,col_retorno,2210,41,2251,455.12,-157.19,297.93,1,1
2705,goal_28,col_retorno,2211,13,2224,455.13,-151.51,303.61,1,1
2706,goal_28,col_retorno,2214,23,2237,454.57,-150.17,304.4,1,1
2707,goal_28,exito,2210,470,2680,455.05,125.09,580.14,1,1
2708,goal_28,exito,2219,465,2684,454.98,125.42,580.4,1,1
2709,goal_28,col_retorno,2219,3,2222,455.04,-149.84,305.2,1,1
2710,goal_28,exito,2210,451,2661,455.01,135.54,590.54,1,1
2711,goal_28,col_approach,802,0,802,-39.93,0.0,-39.93,0,0
2712,goal_28,col_approach,776,0,776,-42.71,0.0,-42.71,0,0
2713,goal_28,col_approach,766,0,766,-43.34,0.0,-43.34,0,0
2714,goal_28,col_approach,764,0,764,-45.14,0.0,-45.14,0,0
2715,goal_28,col_approach,759,0,759,-45.4,0.0,-45.4,0,0
2716,goal_28,col_approach,752,0,752,-45.02,0.0,-45.02,0,0
2717,goal_28,col_approach,747,0,747,-46.0,0.0,-46.0,0,0
2718,goal_28,col_approach,750,0,750,-45.55,0.0,-45.55,0,0
2719,goal_28,col_approach,752,0,752,-45.94,0.0,-45.94,0,0
2720,goal_28,col_approach,751,0,751,-45.22,0.0,-45.22,0,0
2721,goal_28,col_approach,752,0,752,-45.02,0.0,-45.02,0,0
2722,goal_28,col_approach,752,0,752,-46.96,0.0,-46.96,0,0
2723,goal_28,exito,2211,457,2668,455.45,126.07,581.51,1,1
2724,goal_28,col_approach,770,0,770,-44.77,0.0,-44.77,0,0
2725,goal_28,col_retorno,2218,1,2219,452.94,-150.0,302.94,1,1
2726,goal_28,col_approach,748,0,748,-45.71,0.0,-45.71,0,0
2727,goal_28,col_approach,750,0,750,-45.41,0.0,-45.41,0,0
2728,goal_28,col_approach,747,0,747,-45.99,0.0,-45.99,0,0
2729,goal_28,col_approach,758,0,758,-45.72,0.0,-45.72,0,0
2730,goal_28,col_approach,758,0,758,-44.85,0.0,-44.85,0,0
2731,goal_28,col_approach,775,0,775,-53.41,0.0,-53.41,0,0
2732,goal_28,col_approach,755,0,755,-44.62,0.0,-44.62,0,0
2733,goal_28,col_approach,778,0,778,-48.63,0.0,-48.63,0,0
2734,goal_28,exito,2213,467,2680,454.44,125.08,579.52,1,1
2735,goal_28,col_retorno,2219,1,2220,455.0,-150.0,305.0,1,1
2736,goal_28,col_retorno,2209,29,2238,455.47,-155.77,299.69,1,1
2737,goal_28,col_retorno,2211,46,2257,454.86,-158.28,296.58,1,1
2738,goal_28,col_retorno,2211,13,2224,455.07,-149.68,305.39,1,1
2739,goal_28,exito,2212,466,2678,454.24,125.13,579.36,1,1
2740,goal_28,exito,2219,467,2686,455.03,125.16,580.19,1,1
2741,goal_28,col_retorno,2219,1,2220,454.97,-150.0,304.96,1,1
2742,goal_28,col_retorno,2209,18,2227,455.22,-154.27,300.95,1,1
2743,goal_28,exito,2212,461,2673,454.66,125.73,580.38,1,1
2744,goal_28,col_approach,830,0,830,-36.0,0.0,-36.0,0,0
2745,goal_28,col_approach,766,0,766,-45.68,0.0,-45.68,0,0
2746,goal_28,col_approach,756,0,756,-44.26,0.0,-44.26,0,0
2747,goal_28,col_approach,757,0,757,-45.09,0.0,-45.09,0,0
2748,goal_28,col_approach,766,0,766,-48.6,0.0,-48.6,0,0
2749,goal_28,col_approach,753,0,753,-44.82,0.0,-44.82,0,0
2750,goal_28,col_approach,753,0,753,-47.14,0.0,-47.14,0,0
2751,goal_28,col_retorno,2210,94,2304,455.28,-146.33,308.95,1,1
2752,goal_28,col_retorno,2209,67,2276,455.4,-149.17,306.23,1,1
2753,goal_28,col_retorno,2209,47,2256,455.21,-149.91,305.31,1,1
2754,goal_28,exito,2212,459,2671,454.31,125.94,580.26,1,1
2755,goal_28,col_retorno,2219,1,2220,454.85,-150.0,304.85,1,1
2756,goal_28,col_retorno,2211,1,2212,454.67,-150.0,304.67,1,1
2757,goal_28,col_approach,755,0,755,-46.14,0.0,-46.14,0,0
2758,goal_28,col_approach,759,0,759,-44.88,0.0,-44.88,0,0
2759,goal_28,exito,2219,450,2669,452.66,135.45,588.11,1,1
2760,goal_28,col_retorno,2208,16,2224,455.42,-149.35,306.07,1,1
2761,goal_28,exito,2211,470,2681,455.05,124.83,579.88,1,1
2762,goal_28,col_retorno,2219,113,2332,455.05,-146.86,308.19,1,1
2763,goal_28,col_approach,805,0,805,-38.3,0.0,-38.3,0,0
2764,goal_28,col_approach,773,0,773,-42.94,0.0,-42.94,0,0
2765,goal_28,col_approach,768,0,768,-49.0,0.0,-49.0,0,0
2766,goal_28,col_approach,751,0,751,-45.35,0.0,-45.35,0,0
2767,goal_28,col_approach,749,0,749,-45.62,0.0,-45.62,0,0
2768,goal_28,col_approach,752,0,752,-45.24,0.0,-45.24,0,0
2769,goal_28,col_approach,754,0,754,-45.95,0.0,-45.95,0,0
2770,goal_28,col_approach,753,0,753,-45.81,0.0,-45.81,0,0
2771,goal_28,col_approach,752,0,752,-45.02,0.0,-45.02,0,0
2772,goal_28,col_approach,752,0,752,-46.97,0.0,-46.97,0,0
2773,goal_28,exito,2210,448,2658,455.26,135.34,590.6,1,1
2774,goal_28,col_approach,761,0,761,-45.51,0.0,-45.51,0,0
2775,goal_28,col_retorno,2233,1,2234,447.07,-150.0,297.07,1,1
2776,goal_28,col_approach,748,0,748,-45.77,0.0,-45.77,0,0
2777,goal_28,col_approach,751,0,751,-45.21,0.0,-45.21,0,0
2778,goal_28,col_approach,747,0,747,-46.0,0.0,-46.0,0,0
2779,goal_28,col_approach,761,0,761,-45.51,0.0,-45.51,0,0
2780,goal_28,col_approach,758,0,758,-44.85,0.0,-44.85,0,0
2781,goal_28,col_approach,775,0,775,-53.41,0.0,-53.41,0,0
2782,goal_28,col_approach,755,0,755,-44.62,0.0,-44.62,0,0
2783,goal_28,col_approach,778,0,778,-48.63,0.0,-48.63,0,0
2784,goal_28,exito,2213,472,2685,454.44,124.79,579.23,1,1
2785,goal_28,col_retorno,2219,1,2220,454.99,-150.0,304.99,1,1
2786,goal_28,col_retorno,2219,1,2220,455.38,-150.0,305.38,1,1
2787,goal_28,col_retorno,2210,24,2234,454.66,-148.73,305.93,1,1
2788,goal_28,col_retorno,2211,24,2235,455.01,-148.53,306.49,1,1
2789,goal_28,exito,2215,473,2688,454.22,124.74,578.96,1,1
2790,goal_28,col_retorno,2219,109,2328,455.03,-145.81,309.22,1,1
2791,goal_28,col_approach,809,0,809,-37.37,0.0,-37.37,0,0
2792,goal_28,col_approach,772,0,772,-42.83,0.0,-42.83,0,0
2793,goal_28,col_approach,767,0,767,-43.25,0.0,-43.25,0,0
2794,goal_28,col_approach,767,0,767,-47.13,0.0,-47.13,0,0
2795,goal_28,col_approach,755,0,755,-44.47,0.0,-44.47,0,0
2796,goal_28,col_approach,753,0,753,-48.39,0.0,-48.39,0,0
2797,goal_28,col_retorno,2210,1,2211,454.94,-150.0,304.94,1,1
2798,goal_28,col_approach,770,0,770,-48.75,0.0,-48.75,0,0
2799,goal_28,col_approach,752,0,752,-45.41,0.0,-45.41,0,0
2800,goal_28,col_approach,750,0,750,-45.42,0.0,-45.42,0,0

RESUMEN_GLOBAL,,,,,,,,,,
metodo,STH-WP,,,,,,,,,
seed,42,,,,,,,,,
obstaculos,peatones_activos,,,,,,,,,
n_total,2800,,,,,,,,,
exito_%,10.8,,,,,,,,,
col_approach_%,37.8,,,,,,,,,
col_exit_%,32.7,,,,,,,,,
col_retorno_%,18.6,,,,,,,,,
truncado_ap_ex_%,0.0,,,,,,,,,
truncado_ret_%,0.0,,,,,,,,,
llego_descarga_%,29.5,,,,,,,,,
pasos_medio,1186.8,,,,,,,,,
reward_medio,91.1,,,,,,,,,

RESUMEN_POR_GOAL,exito,col_approach,col_exit,col_retorno,truncado_ap_ex,truncado_ret,exito_%,,,,
goal_01,5,0,54,41,0,0,5.0,,,,
goal_02,24,0,46,30,0,0,24.0,,,,
goal_03,0,0,100,0,0,0,0.0,,,,
goal_04,27,0,10,63,0,0,27.0,,,,
goal_05,19,0,38,43,0,0,19.0,,,,
goal_06,0,0,100,0,0,0,0.0,,,,
goal_07,0,0,100,0,0,0,0.0,,,,
goal_08,0,100,0,0,0,0,0.0,,,,
goal_09,0,100,0,0,0,0,0.0,,,,
goal_10,0,100,0,0,0,0,0.0,,,,
goal_11,39,0,21,40,0,0,39.0,,,,
goal_12,24,0,38,38,0,0,24.0,,,,
goal_13,32,0,1,67,0,0,32.0,,,,
goal_14,23,0,48,29,0,0,23.0,,,,
goal_15,2,0,98,0,0,0,2.0,,,,
goal_16,42,0,29,29,0,0,42.0,,,,
goal_17,0,100,0,0,0,0,0.0,,,,
goal_18,0,100,0,0,0,0,0.0,,,,
goal_19,0,100,0,0,0,0,0.0,,,,
goal_20,0,100,0,0,0,0,0.0,,,,
goal_21,0,100,0,0,0,0,0.0,,,,
goal_22,0,100,0,0,0,0,0.0,,,,
goal_23,0,0,100,0,0,0,0.0,,,,
goal_24,0,15,85,0,0,0,0.0,,,,
goal_25,11,26,48,15,0,0,11.0,,,,
goal_26,28,27,0,45,0,0,28.0,,,,
goal_27,13,33,0,54,0,0,13.0,,,,
goal_28,14,58,0,28,0,0,14.0,,,,
