episodio,goal_id,resultado,pasos_total,reward_total,llego_estanteria,llego_descarga,n_replans
1,goal_01,col_exit,1116,-53.91,1,0,1
2,goal_01,truncado,7000,-558.02,1,1,2
3,goal_01,col_exit,833,-18.19,1,0,1
4,goal_01,truncado,7000,-530.67,1,0,1
5,goal_01,col_exit,854,-17.48,1,0,1
6,goal_01,truncado,7000,-580.95,1,0,1
7,goal_01,col_exit,853,-11.67,1,0,1
8,goal_01,truncado,7000,-482.03,1,0,1
9,goal_01,col_exit,843,-8.82,1,0,1
10,goal_01,truncado,7000,-549.21,1,0,1
11,goal_01,col_exit,839,-8.13,1,0,1
12,goal_01,truncado,7000,-550.35,1,0,1
13,goal_01,col_exit,893,-9.22,1,0,1
14,goal_01,col_exit,5199,-451.58,1,0,1
15,goal_01,col_exit,881,-0.45,1,0,0
16,goal_01,col_exit,768,-16.24,1,0,1
17,goal_01,truncado,7000,-548.91,1,0,1
18,goal_01,col_exit,843,-20.13,1,0,2
19,goal_01,truncado,7000,-527.53,1,0,1
20,goal_01,col_exit,828,-11.66,1,0,1
21,goal_01,truncado,7000,-552.49,1,0,1
22,goal_01,col_exit,854,-9.3,1,0,1
23,goal_01,truncado,7000,-528.93,1,0,1
24,goal_01,col_exit,856,-7.57,1,0,2
25,goal_01,col_retorno,2661,-83.77,1,1,2
26,goal_01,col_exit,822,-17.98,1,0,1
27,goal_01,truncado,7000,-406.62,1,1,2
28,goal_01,col_exit,831,-16.9,1,0,2
29,goal_01,truncado,7000,-543.95,1,0,1
30,goal_01,col_exit,832,-11.03,1,0,1
31,goal_01,truncado,7000,-505.59,1,0,1
32,goal_01,col_exit,860,-6.59,1,0,1
33,goal_01,truncado,7000,-591.81,1,0,1
34,goal_01,col_exit,847,-10.87,1,0,2
35,goal_01,truncado,7000,-551.7,1,0,1
36,goal_01,col_exit,826,-0.74,1,0,1
37,goal_01,col_retorno,1557,44.06,1,1,3
38,goal_01,col_exit,813,-12.7,1,0,1
39,goal_01,truncado,7000,-542.23,1,0,1
40,goal_01,col_exit,839,-13.41,1,0,2
41,goal_01,truncado,7000,-500.88,1,0,1
42,goal_01,col_exit,868,-9.53,1,0,2
43,goal_01,truncado,7000,-549.29,1,0,1
44,goal_01,col_exit,851,-13.77,1,0,2
45,goal_01,truncado,7000,-553.11,1,0,1
46,goal_01,col_exit,824,0.11,1,0,1
47,goal_01,col_retorno,1570,41.55,1,1,3
48,goal_01,col_exit,807,-15.8,1,0,1
49,goal_01,truncado,7000,-390.05,1,1,2
50,goal_01,col_exit,845,-12.43,1,0,1
51,goal_01,truncado,7000,-481.97,1,0,1
52,goal_01,col_exit,843,-8.8,1,0,1
53,goal_01,truncado,7000,-550.15,1,0,1
54,goal_01,col_exit,839,-8.14,1,0,1
55,goal_01,col_retorno,2688,-73.46,1,1,2
56,goal_01,col_exit,822,-20.41,1,0,2
57,goal_01,truncado,7000,-583.47,1,0,1
58,goal_01,col_exit,847,-22.6,1,0,2
59,goal_01,truncado,7000,-566.96,1,0,1
60,goal_01,col_exit,836,-15.96,1,0,1
61,goal_01,truncado,7000,-400.61,1,1,2
62,goal_01,col_exit,834,-11.3,1,0,1
63,goal_01,truncado,7000,-504.87,1,0,1
64,goal_01,col_exit,860,-6.49,1,0,2
65,goal_01,truncado,7000,-510.33,1,0,1
66,goal_01,col_exit,837,-8.64,1,0,1
67,goal_01,truncado,7000,-588.96,1,0,1
68,goal_01,col_exit,855,-4.17,1,0,1
69,goal_01,col_exit,743,-20.72,1,0,1
70,goal_01,truncado,7000,-564.27,1,1,3
71,goal_01,col_exit,822,-19.73,1,0,2
72,goal_01,col_retorno,1786,47.0,1,1,3
73,goal_01,col_exit,857,-0.58,1,0,0
74,goal_01,truncado,7000,-408.93,1,1,3
75,goal_01,col_exit,874,-0.9,1,0,1
76,goal_01,col_retorno,1568,43.57,1,1,3
77,goal_01,col_exit,842,-18.4,1,0,1
78,goal_01,truncado,7000,-527.21,1,0,1
79,goal_01,col_exit,826,-9.14,1,0,1
80,goal_01,truncado,7000,-552.91,1,0,1
81,goal_01,col_exit,853,-9.5,1,0,1
82,goal_01,truncado,7000,-529.18,1,0,1
83,goal_01,col_exit,869,-11.43,1,0,1
84,goal_01,col_retorno,2644,-80.72,1,1,2
85,goal_01,col_exit,828,-18.73,1,0,1
86,goal_01,col_exit,1139,-53.72,1,0,1
87,goal_01,truncado,7000,-585.03,1,0,1
88,goal_01,col_exit,850,-23.27,1,0,2
89,goal_01,truncado,7000,-565.57,1,0,1
90,goal_01,col_exit,817,-11.74,1,0,1
91,goal_01,col_retorno,2057,5.54,1,1,2
92,goal_01,col_exit,809,-15.05,1,0,1
93,goal_01,truncado,7000,-360.65,1,1,2
94,goal_01,col_exit,839,-16.93,1,0,2
95,goal_01,truncado,7000,-533.29,1,0,1
96,goal_01,col_exit,861,-15.67,1,0,2
97,goal_01,truncado,7000,-500.21,1,0,1
98,goal_01,col_exit,845,-12.04,1,0,1
99,goal_01,truncado,7000,-555.43,1,0,1
100,goal_01,col_exit,888,-14.77,1,0,2
101,goal_02,col_exit,1090,23.87,1,0,1
102,goal_02,col_exit,1073,29.41,1,0,1
103,goal_02,col_exit,1093,34.04,1,0,1
104,goal_02,col_exit,1113,33.7,1,0,1
105,goal_02,truncado,7000,-298.51,1,1,2
106,goal_02,col_exit,1024,16.19,1,0,1
107,goal_02,col_exit,1082,22.82,1,0,2
108,goal_02,col_exit,1084,20.58,1,0,2
109,goal_02,col_exit,1067,33.79,1,0,1
110,goal_02,col_exit,1096,36.16,1,0,0
111,goal_02,col_retorno,1979,72.94,1,1,3
112,goal_02,col_exit,1044,16.61,1,0,1
113,goal_02,col_exit,1057,19.42,1,0,1
114,goal_02,col_exit,1090,23.86,1,0,1
115,goal_02,col_exit,1049,31.35,1,0,1
116,goal_02,col_exit,1105,35.61,1,0,1
117,goal_02,col_exit,1340,-21.36,1,0,1
118,goal_02,col_exit,1063,17.54,1,0,1
119,goal_02,col_exit,1064,22.36,1,0,1
120,goal_02,col_exit,1081,24.98,1,0,1
121,goal_02,col_exit,1077,32.06,1,0,0
122,goal_02,col_exit,1104,36.54,1,0,0
123,goal_02,truncado,7000,-331.16,1,1,2
124,goal_02,col_exit,1047,17.45,1,0,1
125,goal_02,col_exit,1087,17.48,1,0,2
126,goal_02,col_exit,1079,24.56,1,0,1
127,goal_02,col_exit,1081,29.86,1,0,1
128,goal_02,col_exit,1097,32.08,1,0,1
129,goal_02,col_exit,1111,36.15,1,0,1
130,goal_02,truncado,7000,-356.41,1,1,2
131,goal_02,col_exit,1050,14.45,1,0,2
132,goal_02,col_exit,1065,22.7,1,0,1
133,goal_02,col_exit,1091,22.34,1,0,2
134,goal_02,col_exit,1094,27.96,1,0,2
135,goal_02,col_exit,1072,31.89,1,0,0
136,goal_02,truncado,7000,-495.78,1,1,2
137,goal_02,col_exit,1040,15.42,1,0,1
138,goal_02,col_exit,1070,22.23,1,0,1
139,goal_02,col_exit,1092,25.71,1,0,2
140,goal_02,col_exit,1055,30.48,1,0,1
141,goal_02,col_exit,1109,35.95,1,0,1
142,goal_02,truncado,7000,-296.1,1,1,2
143,goal_02,col_exit,1050,14.28,1,0,2
144,goal_02,col_exit,1065,22.67,1,0,1
145,goal_02,col_exit,1091,22.34,1,0,2
146,goal_02,col_exit,1094,28.19,1,0,2
147,goal_02,col_exit,1072,31.9,1,0,0
148,goal_02,truncado,7000,-300.67,1,1,2
149,goal_02,col_exit,1040,15.4,1,0,1
150,goal_02,col_exit,1070,22.26,1,0,1
151,goal_02,col_exit,1092,25.71,1,0,2
152,goal_02,col_exit,1055,30.19,1,0,1
153,goal_02,col_exit,1109,35.95,1,0,1
154,goal_02,truncado,7000,-296.24,1,1,2
155,goal_02,col_exit,1050,14.28,1,0,2
156,goal_02,col_exit,1065,22.71,1,0,1
157,goal_02,col_exit,1091,22.33,1,0,2
158,goal_02,col_exit,1094,27.94,1,0,2
159,goal_02,col_exit,1072,31.93,1,0,0
160,goal_02,truncado,7000,-488.62,1,1,2
161,goal_02,col_exit,1040,14.97,1,0,1
162,goal_02,col_exit,1070,22.24,1,0,1
163,goal_02,col_exit,1092,25.71,1,0,2
164,goal_02,col_exit,1055,30.49,1,0,1
165,goal_02,col_exit,1109,35.95,1,0,1
166,goal_02,truncado,7000,-294.72,1,1,2
167,goal_02,col_exit,1050,14.3,1,0,2
168,goal_02,col_exit,1065,22.69,1,0,1
169,goal_02,col_exit,1091,22.34,1,0,2
170,goal_02,col_exit,1094,27.98,1,0,2
171,goal_02,col_exit,1072,31.89,1,0,0
172,goal_02,truncado,7000,-496.62,1,1,2
173,goal_02,col_exit,1040,15.42,1,0,1
174,goal_02,col_exit,1070,22.24,1,0,1
175,goal_02,col_exit,1092,25.71,1,0,2
176,goal_02,col_exit,1055,30.44,1,0,1
177,goal_02,col_exit,1109,35.96,1,0,1
178,goal_02,truncado,7000,-295.78,1,1,2
179,goal_02,col_exit,1050,14.29,1,0,2
180,goal_02,col_exit,1065,22.69,1,0,1
181,goal_02,col_exit,1091,22.34,1,0,2
182,goal_02,col_exit,1094,27.97,1,0,2
183,goal_02,col_exit,1072,31.9,1,0,0
184,goal_02,truncado,7000,-489.11,1,1,2
185,goal_02,col_exit,1040,15.41,1,0,1
186,goal_02,col_exit,1070,22.26,1,0,1
187,goal_02,col_exit,1092,25.71,1,0,2
188,goal_02,col_exit,1055,30.49,1,0,1
189,goal_02,col_exit,1109,35.95,1,0,1
190,goal_02,truncado,7000,-294.21,1,1,2
191,goal_02,col_exit,1050,14.3,1,0,2
192,goal_02,col_exit,1065,22.69,1,0,1
193,goal_02,col_exit,1091,22.34,1,0,2
194,goal_02,col_exit,1094,27.95,1,0,2
195,goal_02,col_exit,1072,31.9,1,0,0
196,goal_02,truncado,7000,-298.48,1,1,2
197,goal_02,col_exit,1040,15.41,1,0,1
198,goal_02,col_exit,1070,22.24,1,0,1
199,goal_02,col_exit,1092,25.7,1,0,2
200,goal_02,col_exit,1055,30.44,1,0,1
201,goal_03,col_exit,1267,48.49,1,0,1
202,goal_03,col_retorno,2007,106.72,1,1,3
203,goal_03,col_exit,1284,54.42,1,0,1
204,goal_03,col_exit,1253,45.85,1,0,1
205,goal_03,truncado,7000,-472.61,1,0,1
206,goal_03,col_exit,1262,62.37,1,0,1
207,goal_03,col_exit,1259,48.25,1,0,1
208,goal_03,truncado,7000,-342.91,1,1,3
209,goal_03,col_exit,1293,63.99,1,0,1
210,goal_03,col_exit,1269,46.66,1,0,2
211,goal_03,truncado,7000,-300.72,1,1,3
212,goal_03,col_exit,1305,53.97,1,0,1
213,goal_03,col_exit,1258,47.23,1,0,2
214,goal_03,truncado,7000,-298.54,1,1,3
215,goal_03,col_exit,1310,53.48,1,0,1
216,goal_03,col_exit,1260,46.44,1,0,1
217,goal_03,truncado,7000,-291.47,1,1,3
218,goal_03,col_exit,1306,58.89,1,0,2
219,goal_03,col_exit,1258,42.71,1,0,2
220,goal_03,col_retorno,2009,106.0,1,1,3
221,goal_03,col_exit,1288,53.25,1,0,1
222,goal_03,col_exit,1252,32.22,1,0,2
223,goal_03,truncado,7000,-398.36,1,0,1
224,goal_03,col_exit,1307,53.25,1,0,2
225,goal_03,col_exit,1221,43.81,1,0,1
226,goal_03,truncado,7000,-474.2,1,0,1
227,goal_03,col_exit,1262,61.53,1,0,1
228,goal_03,col_exit,1255,48.21,1,0,1
229,goal_03,col_retorno,2045,90.01,1,1,3
230,goal_03,col_exit,1293,50.18,1,0,2
231,goal_03,col_retorno,2119,93.32,1,1,3
232,goal_03,col_exit,1260,49.46,1,0,1
233,goal_03,col_retorno,2015,105.2,1,1,3
234,goal_03,col_exit,1309,52.94,1,0,2
235,goal_03,col_exit,1234,45.53,1,0,1
236,goal_03,truncado,7000,-472.43,1,0,1
237,goal_03,col_exit,1293,56.77,1,0,1
238,goal_03,col_exit,1257,42.85,1,0,2
239,goal_03,col_retorno,3134,-17.92,1,1,2
240,goal_03,col_exit,1280,53.5,1,0,1
241,goal_03,col_exit,1223,44.31,1,0,1
242,goal_03,truncado,7000,-472.42,1,0,1
243,goal_03,col_exit,1276,57.8,1,0,1
244,goal_03,col_exit,1256,44.42,1,0,2
245,goal_03,truncado,7000,-288.17,1,1,3
246,goal_03,col_exit,1273,61.41,1,0,1
247,goal_03,col_exit,1261,48.47,1,0,1
248,goal_03,col_retorno,1981,115.85,1,1,3
249,goal_03,col_exit,1265,63.15,1,0,1
250,goal_03,col_exit,1258,48.79,1,0,1
251,goal_03,col_retorno,1990,113.31,1,1,3
252,goal_03,col_exit,1258,56.41,1,0,1
253,goal_03,col_exit,1256,48.41,1,0,1
254,goal_03,truncado,7000,-329.49,1,1,3
255,goal_03,col_exit,1291,61.1,1,0,1
256,goal_03,col_exit,1270,48.04,1,0,1
257,goal_03,truncado,7000,-341.64,1,1,3
258,goal_03,col_exit,1301,61.39,1,0,1
259,goal_03,col_exit,1264,47.38,1,0,1
260,goal_03,col_retorno,1983,110.04,1,1,2
261,goal_03,col_exit,1309,53.38,1,0,2
262,goal_03,col_exit,1228,45.18,1,0,1
263,goal_03,truncado,7000,-296.64,1,1,3
264,goal_03,col_exit,1300,54.46,1,0,1
265,goal_03,col_exit,1251,45.55,1,0,2
266,goal_03,col_retorno,3686,-84.83,1,1,2
267,goal_03,col_exit,1286,53.13,1,0,1
268,goal_03,col_exit,1244,41.59,1,0,2
269,goal_03,truncado,7000,-471.7,1,0,1
270,goal_03,col_exit,1305,53.68,1,0,2
271,goal_03,col_exit,1224,44.81,1,0,1
272,goal_03,col_retorno,2024,100.7,1,1,3
273,goal_03,col_exit,1276,53.04,1,0,1
274,goal_03,col_exit,1202,43.42,1,0,1
275,goal_03,truncado,7000,-278.29,1,1,3
276,goal_03,col_exit,1291,57.84,1,0,1
277,goal_03,col_exit,1260,46.92,1,0,1
278,goal_03,col_retorno,1973,118.32,1,1,2
279,goal_03,col_exit,1291,54.75,1,0,1
280,goal_03,col_exit,1251,46.25,1,0,1
281,goal_03,truncado,7000,-472.63,1,0,1
282,goal_03,col_exit,1261,63.23,1,0,1
283,goal_03,col_exit,1258,48.6,1,0,1
284,goal_03,col_retorno,1991,107.71,1,1,3
285,goal_03,col_exit,1303,55.66,1,0,1
286,goal_03,col_exit,1251,43.5,1,0,2
287,goal_03,truncado,7000,-472.65,1,0,1
288,goal_03,col_exit,1271,58.11,1,0,1
289,goal_03,col_exit,1251,45.85,1,0,1
290,goal_03,truncado,7000,-297.48,1,1,3
291,goal_03,col_exit,1305,57.08,1,0,1
292,goal_03,col_exit,1256,47.01,1,0,2
293,goal_03,truncado,7000,-281.58,1,1,3
294,goal_03,col_exit,1310,53.49,1,0,1
295,goal_03,col_exit,1260,46.46,1,0,1
296,goal_03,col_retorno,2020,102.74,1,1,3
297,goal_03,col_exit,1286,51.44,1,0,1
298,goal_03,col_exit,1213,44.53,1,0,1
299,goal_03,truncado,7000,-473.99,1,0,1
300,goal_03,col_exit,1297,54.65,1,0,1
301,goal_04,truncado,7000,-287.3,1,0,1
302,goal_04,col_retorno,3009,98.05,1,1,1
303,goal_04,col_exit,1655,103.81,1,0,0
304,goal_04,truncado,7000,-161.55,1,1,1
305,goal_04,col_retorno,2005,205.03,1,1,1
306,goal_04,truncado,7000,-189.95,1,1,1
307,goal_04,col_retorno,2002,204.77,1,1,1
308,goal_04,col_exit,1679,106.59,1,0,0
309,goal_04,truncado,7000,-168.86,1,1,1
310,goal_04,col_retorno,2003,212.28,1,1,1
311,goal_04,truncado,7000,-197.19,1,1,1
312,goal_04,col_retorno,2004,210.4,1,1,1
313,goal_04,col_exit,1676,99.2,1,0,0
314,goal_04,truncado,7000,-191.6,1,1,1
315,goal_04,col_retorno,2034,204.47,1,1,1
316,goal_04,col_exit,1657,104.59,1,0,1
317,goal_04,col_exit,1676,107.4,1,0,0
318,goal_04,col_exit,1702,109.83,1,0,0
319,goal_04,truncado,7000,-198.56,1,1,1
320,goal_04,col_retorno,2032,201.63,1,1,1
321,goal_04,col_exit,1641,95.03,1,0,0
322,goal_04,truncado,7000,-191.68,1,1,1
323,goal_04,col_retorno,2034,204.16,1,1,1
324,goal_04,col_exit,1657,104.6,1,0,1
325,goal_04,col_exit,1677,107.25,1,0,0
326,goal_04,col_exit,1701,109.58,1,0,0
327,goal_04,truncado,7000,-198.58,1,1,1
328,goal_04,col_retorno,2032,201.62,1,1,1
329,goal_04,col_exit,1641,95.02,1,0,0
330,goal_04,truncado,7000,-191.73,1,1,1
331,goal_04,col_retorno,2035,203.78,1,1,1
332,goal_04,col_exit,1656,104.6,1,0,1
333,goal_04,col_exit,1676,107.4,1,0,0
334,goal_04,col_exit,1702,109.82,1,0,0
335,goal_04,truncado,7000,-198.41,1,1,1
336,goal_04,col_retorno,2032,201.62,1,1,1
337,goal_04,col_exit,1641,95.05,1,0,0
338,goal_04,truncado,7000,-191.69,1,1,1
339,goal_04,col_retorno,2035,203.78,1,1,1
340,goal_04,col_exit,1656,104.61,1,0,1
341,goal_04,col_exit,1677,107.35,1,0,0
342,goal_04,col_exit,1701,109.57,1,0,0
343,goal_04,truncado,7000,-198.82,1,1,1
344,goal_04,col_retorno,2032,201.64,1,1,1
345,goal_04,col_exit,1641,95.02,1,0,0
346,goal_04,truncado,7000,-191.68,1,1,1
347,goal_04,col_retorno,2035,204.19,1,1,1
348,goal_04,col_exit,1656,104.61,1,0,1
349,goal_04,col_exit,1677,107.27,1,0,0
350,goal_04,col_exit,1701,109.57,1,0,0
351,goal_04,truncado,7000,-198.57,1,1,1
352,goal_04,col_retorno,2032,201.64,1,1,1
353,goal_04,col_exit,1641,95.04,1,0,0
354,goal_04,truncado,7000,-191.65,1,1,1
355,goal_04,col_retorno,2034,204.55,1,1,1
356,goal_04,col_exit,1657,104.75,1,0,1
357,goal_04,col_exit,1677,107.54,1,0,0
358,goal_04,col_exit,1701,109.57,1,0,0
359,goal_04,truncado,7000,-198.56,1,1,1
360,goal_04,col_retorno,2032,201.63,1,1,1
361,goal_04,col_exit,1641,95.05,1,0,0
362,goal_04,truncado,7000,-191.63,1,1,1
363,goal_04,col_retorno,2035,203.78,1,1,1
364,goal_04,col_exit,1656,104.52,1,0,1
365,goal_04,col_exit,1676,107.4,1,0,0
366,goal_04,col_exit,1702,109.81,1,0,0
367,goal_04,truncado,7000,-198.47,1,1,1
368,goal_04,col_retorno,2032,201.64,1,1,1
369,goal_04,col_exit,1641,95.04,1,0,0
370,goal_04,truncado,7000,-191.64,1,1,1
371,goal_04,col_retorno,2035,204.1,1,1,1
372,goal_04,col_exit,1656,104.54,1,0,1
373,goal_04,col_exit,1676,107.4,1,0,0
374,goal_04,col_exit,1702,109.83,1,0,0
375,goal_04,truncado,7000,-198.46,1,1,1
376,goal_04,col_retorno,2032,201.64,1,1,1
377,goal_04,col_exit,1641,95.05,1,0,0
378,goal_04,truncado,7000,-191.63,1,1,1
379,goal_04,col_retorno,2035,203.8,1,1,1
380,goal_04,col_exit,1656,104.54,1,0,1
381,goal_04,col_exit,1677,107.19,1,0,0
382,goal_04,col_exit,1701,109.58,1,0,0
383,goal_04,truncado,7000,-198.49,1,1,1
384,goal_04,col_retorno,2032,201.63,1,1,1
385,goal_04,col_exit,1641,95.04,1,0,0
386,goal_04,truncado,7000,-192.66,1,1,1
387,goal_04,col_retorno,2035,203.79,1,1,1
388,goal_04,col_exit,1656,104.61,1,0,1
389,goal_04,col_exit,1676,107.39,1,0,0
390,goal_04,col_exit,1702,109.84,1,0,0
391,goal_04,truncado,7000,-198.47,1,1,1
392,goal_04,col_retorno,2032,201.65,1,1,1
393,goal_04,col_exit,1641,95.04,1,0,0
394,goal_04,truncado,7000,-191.65,1,1,1
395,goal_04,col_retorno,2035,204.2,1,1,1
396,goal_04,col_exit,1656,104.62,1,0,1
397,goal_04,col_exit,1676,107.13,1,0,0
398,goal_04,col_exit,1702,109.84,1,0,0
399,goal_04,truncado,7000,-198.56,1,1,1
400,goal_04,col_retorno,2032,201.64,1,1,1
401,goal_05,col_retorno,991,57.37,1,1,2
402,goal_05,col_exit,389,-75.91,1,0,1
403,goal_05,col_exit,484,-61.03,1,0,1
404,goal_05,truncado,7000,-495.19,1,1,2
405,goal_05,truncado,7000,-666.25,1,0,1
406,goal_05,col_retorno,933,51.85,1,1,2
407,goal_05,truncado,7000,-613.8,1,0,1
408,goal_05,truncado,7000,-495.37,1,1,2
409,goal_05,col_exit,387,-75.13,1,0,1
410,goal_05,col_exit,483,-61.69,1,0,1
411,goal_05,truncado,7000,-494.81,1,1,2
412,goal_05,truncado,7000,-665.08,1,0,1
413,goal_05,col_retorno,998,42.76,1,1,2
414,goal_05,col_exit,830,-121.97,1,0,1
415,goal_05,col_exit,459,-58.49,1,0,0
416,goal_05,col_retorno,918,48.65,1,1,2
417,goal_05,truncado,7000,-423.78,1,1,2
418,goal_05,truncado,7000,-453.77,1,1,2
419,goal_05,truncado,7000,-668.67,1,0,1
420,goal_05,truncado,7000,-513.88,1,1,2
421,goal_05,col_exit,411,-70.39,1,0,2
422,goal_05,truncado,7000,-484.57,1,1,2
423,goal_05,truncado,7000,-615.62,1,0,1
424,goal_05,truncado,7000,-494.0,1,1,2
425,goal_05,truncado,7000,-664.98,1,0,1
426,goal_05,col_retorno,929,53.45,1,1,2
427,goal_05,truncado,7000,-614.69,1,0,1
428,goal_05,truncado,7000,-494.38,1,1,2
429,goal_05,col_exit,395,-77.83,1,0,1
430,goal_05,col_exit,475,-59.92,1,0,1
431,goal_05,truncado,7000,-496.42,1,1,2
432,goal_05,truncado,7000,-664.12,1,0,1
433,goal_05,col_retorno,939,53.69,1,1,2
434,goal_05,truncado,7000,-615.01,1,0,1
435,goal_05,truncado,7000,-495.35,1,1,2
436,goal_05,col_exit,389,-76.63,1,0,1
437,goal_05,col_exit,475,-60.07,1,0,1
438,goal_05,truncado,7000,-495.59,1,1,2
439,goal_05,truncado,7000,-664.67,1,0,1
440,goal_05,truncado,7000,-527.58,1,1,2
441,goal_05,col_exit,385,-62.87,1,0,1
442,goal_05,col_retorno,894,48.45,1,1,2
443,goal_05,truncado,7000,-489.05,1,1,2
444,goal_05,truncado,7000,-477.71,1,1,2
445,goal_05,truncado,7000,-616.2,1,0,1
446,goal_05,col_retorno,921,50.31,1,1,2
447,goal_05,truncado,7000,-426.17,1,1,2
448,goal_05,col_retorno,894,43.92,1,1,2
449,goal_05,col_exit,4808,-500.97,1,0,1
450,goal_05,col_exit,438,-58.45,1,0,0
451,goal_05,col_retorno,969,39.52,1,1,2
452,goal_05,col_exit,808,-116.12,1,0,1
453,goal_05,truncado,7000,-463.21,1,1,2
454,goal_05,truncado,7000,-422.26,1,1,2
455,goal_05,truncado,7000,-494.32,1,1,2
456,goal_05,truncado,7000,-665.91,1,0,1
457,goal_05,col_retorno,930,52.4,1,1,2
458,goal_05,truncado,7000,-615.75,1,0,1
459,goal_05,truncado,7000,-479.37,1,1,2
460,goal_05,truncado,7000,-665.19,1,0,1
461,goal_05,col_retorno,933,53.45,1,1,2
462,goal_05,col_retorno,2296,-116.98,1,1,2
463,goal_05,col_exit,4779,-494.35,1,0,1
464,goal_05,col_exit,465,-57.98,1,0,0
465,goal_05,col_retorno,914,50.7,1,1,2
466,goal_05,truncado,7000,-423.17,1,1,2
467,goal_05,col_retorno,893,43.19,1,1,2
468,goal_05,col_exit,4804,-500.94,1,0,1
469,goal_05,col_exit,440,-58.3,1,0,0
470,goal_05,col_retorno,2591,-167.68,1,1,3
471,goal_05,truncado,7000,-487.22,1,1,2
472,goal_05,col_retorno,900,48.91,1,1,2
473,goal_05,truncado,7000,-613.23,1,0,1
474,goal_05,truncado,7000,-475.34,1,1,2
475,goal_05,truncado,7000,-617.56,1,0,1
476,goal_05,col_retorno,926,45.63,1,1,2
477,goal_05,truncado,7000,-491.6,1,1,2
478,goal_05,truncado,7000,-457.61,1,1,2
479,goal_05,truncado,7000,-664.46,1,0,1
480,goal_05,col_retorno,927,48.63,1,1,2
481,goal_05,truncado,7000,-450.38,1,1,2
482,goal_05,col_retorno,898,42.93,1,1,2
483,goal_05,truncado,7000,-612.81,1,0,1
484,goal_05,truncado,7000,-497.84,1,1,2
485,goal_05,truncado,7000,-638.33,1,0,1
486,goal_05,col_retorno,910,50.41,1,1,2
487,goal_05,truncado,7000,-429.43,1,1,2
488,goal_05,col_retorno,897,42.9,1,1,2
489,goal_05,col_exit,6477,-672.17,1,0,1
490,goal_05,col_exit,453,-56.98,1,0,0
491,goal_05,col_retorno,2591,-167.7,1,1,3
492,goal_05,truncado,7000,-490.42,1,1,2
493,goal_05,col_retorno,900,48.9,1,1,2
494,goal_05,truncado,7000,-613.45,1,0,1
495,goal_05,truncado,7000,-457.22,1,1,2
496,goal_05,truncado,7000,-639.28,1,0,1
497,goal_05,truncado,7000,-513.86,1,1,2
498,goal_05,col_exit,408,-69.57,1,0,1
499,goal_05,col_exit,470,-57.68,1,0,0
500,goal_05,col_retorno,919,46.97,1,1,2
501,goal_06,col_exit,669,-43.04,1,0,1
502,goal_06,col_exit,666,-47.01,1,0,1
503,goal_06,col_exit,599,-52.41,1,0,1
504,goal_06,col_exit,578,-56.37,1,0,1
505,goal_06,col_exit,584,-57.31,1,0,1
506,goal_06,col_exit,574,-61.01,1,0,1
507,goal_06,col_exit,556,-60.31,1,0,2
508,goal_06,col_exit,558,-57.69,1,0,2
509,goal_06,col_exit,558,-57.29,1,0,1
510,goal_06,col_exit,572,-59.88,1,0,1
511,goal_06,col_exit,547,-58.35,1,0,1
512,goal_06,col_exit,567,-57.72,1,0,1
513,goal_06,col_exit,557,-57.35,1,0,1
514,goal_06,col_exit,573,-59.23,1,0,1
515,goal_06,col_exit,541,-57.65,1,0,1
516,goal_06,col_exit,554,-57.51,1,0,1
517,goal_06,truncado,7000,-547.81,1,0,2
518,goal_06,col_exit,858,-73.3,1,0,1
519,goal_06,col_exit,576,-55.83,1,0,2
520,goal_06,col_exit,584,-57.92,1,0,1
521,goal_06,col_exit,547,-57.0,1,0,1
522,goal_06,col_exit,595,-61.67,1,0,2
523,goal_06,col_exit,561,-61.56,1,0,2
524,goal_06,col_exit,552,-58.22,1,0,1
525,goal_06,col_exit,569,-62.7,1,0,2
526,goal_06,col_exit,552,-58.17,1,0,1
527,goal_06,col_exit,550,-57.96,1,0,1
528,goal_06,col_exit,555,-57.54,1,0,1
529,goal_06,col_exit,574,-58.14,1,0,1
530,goal_06,truncado,7000,-552.92,1,0,2
531,goal_06,col_exit,677,-35.65,1,0,1
532,goal_06,col_exit,664,-46.39,1,0,1
533,goal_06,col_exit,632,-58.31,1,0,2
534,goal_06,col_exit,585,-58.2,1,0,1
535,goal_06,col_exit,544,-57.12,1,0,1
536,goal_06,col_exit,554,-57.34,1,0,1
537,goal_06,col_exit,579,-60.44,1,0,2
538,goal_06,col_exit,579,-58.45,1,0,1
539,goal_06,col_exit,550,-58.4,1,0,1
540,goal_06,col_exit,558,-57.37,1,0,1
541,goal_06,col_exit,564,-57.65,1,0,1
542,goal_06,col_exit,555,-57.42,1,0,1
543,goal_06,col_exit,584,-63.59,1,0,2
544,goal_06,col_exit,544,-60.99,1,0,1
545,goal_06,col_exit,568,-59.93,1,0,2
546,goal_06,col_exit,559,-57.9,1,0,2
547,goal_06,col_exit,556,-57.09,1,0,1
548,goal_06,col_exit,564,-57.4,1,0,1
549,goal_06,col_exit,563,-57.46,1,0,1
550,goal_06,col_exit,559,-57.3,1,0,1
551,goal_06,col_exit,554,-57.33,1,0,1
552,goal_06,col_exit,554,-57.93,1,0,1
553,goal_06,truncado,7000,-550.35,1,0,2
554,goal_06,col_exit,852,-69.3,1,0,2
555,goal_06,col_exit,570,-55.45,1,0,1
556,goal_06,col_exit,590,-57.22,1,0,1
557,goal_06,col_exit,552,-56.87,1,0,1
558,goal_06,col_exit,575,-59.34,1,0,1
559,goal_06,col_exit,565,-60.47,1,0,2
560,goal_06,col_exit,558,-59.63,1,0,2
561,goal_06,col_exit,575,-61.89,1,0,2
562,goal_06,col_retorno,1343,19.81,1,1,3
563,goal_06,truncado,7000,-409.3,1,1,2
564,goal_06,col_exit,603,-56.32,1,0,1
565,goal_06,col_exit,627,-70.16,1,0,2
566,goal_06,truncado,7000,-684.26,1,0,1
567,goal_06,col_exit,670,-37.86,1,0,1
568,goal_06,col_exit,657,-48.81,1,0,1
569,goal_06,col_exit,605,-56.08,1,0,1
570,goal_06,col_exit,595,-57.46,1,0,1
571,goal_06,col_exit,560,-57.25,1,0,1
572,goal_06,col_exit,559,-57.23,1,0,1
573,goal_06,col_exit,574,-59.46,1,0,1
574,goal_06,col_exit,550,-58.6,1,0,1
575,goal_06,col_exit,559,-57.45,1,0,1
576,goal_06,col_exit,574,-59.25,1,0,1
577,goal_06,col_exit,544,-57.86,1,0,1
578,goal_06,col_exit,555,-56.93,1,0,1
579,goal_06,col_exit,573,-59.87,1,0,2
580,goal_06,col_exit,580,-58.9,1,0,1
581,goal_06,col_exit,550,-59.0,1,0,2
582,goal_06,col_exit,554,-57.22,1,0,1
583,goal_06,col_exit,566,-57.66,1,0,1
584,goal_06,col_exit,557,-57.35,1,0,1
585,goal_06,col_exit,571,-58.51,1,0,1
586,goal_06,col_exit,542,-57.1,1,0,1
587,goal_06,col_exit,554,-57.27,1,0,1
588,goal_06,col_exit,579,-60.42,1,0,2
589,goal_06,col_exit,579,-58.43,1,0,1
590,goal_06,col_exit,550,-58.41,1,0,1
591,goal_06,col_exit,558,-57.37,1,0,1
592,goal_06,col_exit,564,-57.89,1,0,1
593,goal_06,col_exit,555,-57.42,1,0,1
594,goal_06,col_exit,585,-63.99,1,0,2
595,goal_06,truncado,7000,-552.53,1,0,2
596,goal_06,col_exit,664,-37.38,1,0,1
597,goal_06,col_exit,654,-45.32,1,0,2
598,goal_06,col_exit,626,-54.77,1,0,1
599,goal_06,col_exit,592,-56.47,1,0,1
600,goal_06,col_exit,576,-60.96,1,0,1
601,goal_07,truncado,7000,-504.66,1,0,1
602,goal_07,col_exit,783,-31.0,1,0,1
603,goal_07,truncado,7000,-615.76,1,0,1
604,goal_07,col_exit,806,-28.36,1,0,1
605,goal_07,truncado,7000,-490.48,1,1,3
606,goal_07,col_exit,1023,-77.18,1,0,1
607,goal_07,truncado,7000,-356.36,1,1,2
608,goal_07,col_exit,760,-25.4,1,0,1
609,goal_07,truncado,7000,-599.22,1,0,1
610,goal_07,col_exit,796,-22.23,1,0,1
611,goal_07,col_exit,730,-37.76,1,0,1
612,goal_07,truncado,7000,-525.59,1,0,1
613,goal_07,col_exit,801,-32.05,1,0,1
614,goal_07,truncado,7000,-436.69,1,1,3
615,goal_07,col_exit,754,-15.83,1,0,0
616,goal_07,col_exit,767,-38.21,1,0,1
617,goal_07,col_retorno,1759,23.15,1,1,3
618,goal_07,truncado,7000,-415.04,1,1,2
619,goal_07,col_exit,753,-37.91,1,0,1
620,goal_07,truncado,7000,-577.52,1,0,1
621,goal_07,col_exit,741,-18.57,1,0,1
622,goal_07,col_exit,731,-37.21,1,0,1
623,goal_07,truncado,7000,-576.51,1,0,1
624,goal_07,col_exit,800,-30.38,1,0,1
625,goal_07,truncado,7000,-616.32,1,0,1
626,goal_07,col_exit,805,-23.85,1,0,1
627,goal_07,col_retorno,1518,27.6,1,1,3
628,goal_07,col_exit,750,-23.73,1,0,1
629,goal_07,truncado,7000,-490.6,1,1,3
630,goal_07,col_exit,1021,-70.99,1,0,1
631,goal_07,truncado,7000,-357.01,1,1,2
632,goal_07,col_exit,754,-27.94,1,0,1
633,goal_07,col_exit,5177,-530.85,1,0,1
634,goal_07,col_retorno,1750,23.04,1,1,3
635,goal_07,col_exit,826,-16.04,1,0,0
636,goal_07,col_exit,761,-36.77,1,0,1
637,goal_07,truncado,7000,-530.98,1,0,1
638,goal_07,col_exit,809,-32.12,1,0,1
639,goal_07,truncado,7000,-435.54,1,1,3
640,goal_07,col_exit,765,-14.76,1,0,1
641,goal_07,col_exit,754,-37.09,1,0,1
642,goal_07,truncado,7000,-526.49,1,0,1
643,goal_07,col_exit,807,-31.62,1,0,1
644,goal_07,truncado,7000,-578.01,1,0,1
645,goal_07,col_exit,768,-20.72,1,0,1
646,goal_07,col_exit,722,-39.91,1,0,1
647,goal_07,truncado,7000,-401.6,1,1,2
648,goal_07,col_exit,759,-23.39,1,0,1
649,goal_07,col_retorno,1514,24.93,1,1,3
650,goal_07,col_exit,764,-26.77,1,0,1
651,goal_07,truncado,7000,-434.65,1,1,3
652,goal_07,col_exit,811,-27.77,1,0,1
653,goal_07,truncado,7000,-488.56,1,1,3
654,goal_07,col_exit,816,-17.8,1,0,0
655,goal_07,col_exit,767,-36.19,1,0,1
656,goal_07,truncado,7000,-525.91,1,0,1
657,goal_07,col_exit,801,-29.98,1,0,1
658,goal_07,truncado,7000,-618.3,1,0,1
659,goal_07,col_exit,769,-18.33,1,0,1
660,goal_07,col_exit,749,-38.88,1,0,1
661,goal_07,col_retorno,2056,-38.05,1,1,3
662,goal_07,col_exit,756,-41.98,1,0,2
663,goal_07,truncado,7000,-357.16,1,1,2
664,goal_07,col_exit,760,-24.61,1,0,1
665,goal_07,truncado,7000,-598.72,1,0,1
666,goal_07,col_exit,768,-13.73,1,0,0
667,goal_07,col_exit,757,-38.16,1,0,1
668,goal_07,truncado,7000,-525.32,1,0,1
669,goal_07,col_exit,802,-31.9,1,0,1
670,goal_07,truncado,7000,-414.92,1,1,2
671,goal_07,col_exit,768,-13.92,1,0,1
672,goal_07,col_exit,750,-37.09,1,0,1
673,goal_07,truncado,7000,-408.86,1,1,2
674,goal_07,col_exit,802,-30.84,1,0,1
675,goal_07,truncado,7000,-616.71,1,0,1
676,goal_07,col_exit,771,-23.29,1,0,1
677,goal_07,col_exit,749,-42.92,1,0,2
678,goal_07,col_retorno,1770,18.95,1,1,3
679,goal_07,truncado,7000,-609.19,1,0,1
680,goal_07,col_exit,752,-36.82,1,0,1
681,goal_07,col_exit,5115,-471.2,1,0,1
682,goal_07,truncado,7000,-555.59,1,0,1
683,goal_07,col_exit,800,-37.05,1,0,2
684,goal_07,col_exit,2322,-186.1,1,0,1
685,goal_07,col_retorno,1877,-11.22,1,1,3
686,goal_07,col_exit,807,-29.28,1,0,1
687,goal_07,truncado,7000,-438.15,1,1,3
688,goal_07,col_exit,759,-15.32,1,0,0
689,goal_07,col_exit,772,-38.18,1,0,1
690,goal_07,col_retorno,1773,16.57,1,1,3
691,goal_07,truncado,7000,-568.1,1,0,1
692,goal_07,col_exit,774,-40.28,1,0,2
693,goal_07,truncado,7000,-526.11,1,0,1
694,goal_07,col_exit,758,-25.74,1,0,2
695,goal_07,col_retorno,1490,30.44,1,1,3
696,goal_07,col_exit,726,-20.82,1,0,1
697,goal_07,col_exit,765,-53.79,1,0,2
698,goal_07,truncado,7000,-556.28,1,0,1
699,goal_07,col_exit,748,-26.54,1,0,1
700,goal_07,truncado,7000,-432.44,1,1,3
701,goal_08,col_approach,388,-121.88,0,0,1
702,goal_08,col_approach,522,-106.75,0,0,1
703,goal_08,col_approach,536,-107.97,0,0,2
704,goal_08,col_approach,543,-105.7,0,0,2
705,goal_08,col_approach,547,-101.0,0,0,2
706,goal_08,col_approach,563,-105.5,0,0,2
707,goal_08,col_approach,557,-100.7,0,0,1
708,goal_08,col_approach,555,-99.27,0,0,1
709,goal_08,col_approach,553,-98.95,0,0,1
710,goal_08,col_approach,549,-98.21,0,0,1
711,goal_08,col_approach,554,-96.66,0,0,1
712,goal_08,col_approach,582,-98.19,0,0,2
713,goal_08,col_approach,559,-98.18,0,0,1
714,goal_08,col_approach,555,-98.32,0,0,1
715,goal_08,col_approach,555,-96.72,0,0,1
716,goal_08,col_approach,581,-103.68,0,0,2
717,goal_08,col_approach,554,-98.37,0,0,1
718,goal_08,col_approach,555,-97.74,0,0,1
719,goal_08,col_approach,556,-96.65,0,0,1
720,goal_08,col_approach,578,-102.14,0,0,2
721,goal_08,col_approach,563,-101.53,0,0,2
722,goal_08,col_approach,555,-98.39,0,0,1
723,goal_08,col_approach,555,-97.37,0,0,1
724,goal_08,col_approach,578,-104.64,0,0,2
725,goal_08,col_approach,556,-98.74,0,0,1
726,goal_08,col_approach,556,-98.66,0,0,1
727,goal_08,col_approach,556,-97.48,0,0,1
728,goal_08,col_approach,555,-97.3,0,0,1
729,goal_08,col_approach,578,-98.52,0,0,2
730,goal_08,col_approach,563,-98.74,0,0,2
731,goal_08,col_approach,555,-97.7,0,0,1
732,goal_08,col_approach,556,-97.43,0,0,1
733,goal_08,col_approach,578,-104.4,0,0,2
734,goal_08,col_approach,555,-98.7,0,0,1
735,goal_08,col_approach,557,-97.89,0,0,1
736,goal_08,col_approach,555,-97.54,0,0,1
737,goal_08,col_approach,556,-96.83,0,0,1
738,goal_08,col_approach,579,-100.78,0,0,2
739,goal_08,col_approach,561,-98.13,0,0,1
740,goal_08,col_approach,556,-98.08,0,0,1
741,goal_08,col_approach,555,-97.46,0,0,1
742,goal_08,col_approach,579,-104.08,0,0,2
743,goal_08,col_approach,554,-98.46,0,0,1
744,goal_08,col_approach,557,-97.73,0,0,1
745,goal_08,col_approach,555,-97.33,0,0,1
746,goal_08,col_approach,556,-96.61,0,0,1
747,goal_08,col_approach,580,-100.82,0,0,2
748,goal_08,col_approach,561,-98.16,0,0,1
749,goal_08,col_approach,555,-98.46,0,0,1
750,goal_08,col_approach,554,-97.16,0,0,1
751,goal_08,col_approach,583,-104.7,0,0,2
752,goal_08,col_approach,552,-98.39,0,0,1
753,goal_08,col_approach,557,-97.88,0,0,1
754,goal_08,col_approach,554,-97.04,0,0,1
755,goal_08,col_approach,556,-96.99,0,0,1
756,goal_08,col_approach,582,-98.14,0,0,2
757,goal_08,col_approach,559,-98.42,0,0,1
758,goal_08,col_approach,555,-98.04,0,0,1
759,goal_08,col_approach,555,-96.83,0,0,1
760,goal_08,col_approach,581,-103.73,0,0,2
761,goal_08,col_approach,554,-98.4,0,0,1
762,goal_08,col_approach,555,-97.73,0,0,1
763,goal_08,col_approach,556,-96.58,0,0,1
764,goal_08,col_approach,577,-99.68,0,0,2
765,goal_08,col_approach,564,-101.75,0,0,2
766,goal_08,col_approach,555,-98.11,0,0,1
767,goal_08,col_approach,555,-97.63,0,0,1
768,goal_08,col_approach,578,-104.9,0,0,2
769,goal_08,col_approach,557,-99.08,0,0,1
770,goal_08,col_approach,555,-98.79,0,0,1
771,goal_08,col_approach,556,-97.64,0,0,1
772,goal_08,col_approach,555,-97.33,0,0,1
773,goal_08,col_approach,578,-98.52,0,0,2
774,goal_08,col_approach,563,-98.72,0,0,2
775,goal_08,col_approach,555,-98.0,0,0,1
776,goal_08,col_approach,556,-97.42,0,0,1
777,goal_08,col_approach,578,-104.39,0,0,2
778,goal_08,col_approach,555,-98.7,0,0,1
779,goal_08,col_approach,557,-97.9,0,0,1
780,goal_08,col_approach,555,-97.58,0,0,1
781,goal_08,col_approach,555,-96.88,0,0,1
782,goal_08,col_approach,580,-100.85,0,0,2
783,goal_08,col_approach,561,-98.12,0,0,1
784,goal_08,col_approach,556,-98.09,0,0,1
785,goal_08,col_approach,555,-97.47,0,0,1
786,goal_08,col_approach,579,-104.51,0,0,2
787,goal_08,col_approach,554,-98.48,0,0,1
788,goal_08,col_approach,557,-97.72,0,0,1
789,goal_08,col_approach,555,-97.29,0,0,1
790,goal_08,col_approach,556,-96.62,0,0,1
791,goal_08,col_approach,580,-100.5,0,0,2
792,goal_08,col_approach,561,-98.16,0,0,1
793,goal_08,col_approach,555,-98.42,0,0,1
794,goal_08,col_approach,554,-97.11,0,0,1
795,goal_08,col_approach,583,-104.67,0,0,2
796,goal_08,col_approach,552,-98.37,0,0,1
797,goal_08,col_approach,557,-97.89,0,0,1
798,goal_08,col_approach,554,-97.03,0,0,1
799,goal_08,col_approach,556,-96.95,0,0,1
800,goal_08,col_approach,582,-98.14,0,0,2
801,goal_09,col_approach,559,-98.16,0,0,1
802,goal_09,col_approach,555,-98.32,0,0,1
803,goal_09,col_approach,555,-96.82,0,0,1
804,goal_09,col_approach,581,-103.69,0,0,2
805,goal_09,col_approach,554,-98.37,0,0,1
806,goal_09,col_approach,555,-97.75,0,0,1
807,goal_09,col_approach,556,-96.65,0,0,1
808,goal_09,col_approach,578,-102.19,0,0,2
809,goal_09,col_approach,563,-101.5,0,0,2
810,goal_09,col_approach,555,-98.14,0,0,1
811,goal_09,col_approach,555,-97.62,0,0,1
812,goal_09,col_approach,578,-104.95,0,0,2
813,goal_09,col_approach,557,-99.08,0,0,1
814,goal_09,col_approach,555,-98.87,0,0,1
815,goal_09,col_approach,556,-97.65,0,0,1
816,goal_09,col_approach,555,-97.3,0,0,1
817,goal_09,col_approach,578,-98.54,0,0,2
818,goal_09,col_approach,563,-98.72,0,0,2
819,goal_09,col_approach,555,-97.99,0,0,1
820,goal_09,col_approach,556,-97.43,0,0,1
821,goal_09,col_approach,578,-104.48,0,0,2
822,goal_09,col_approach,555,-98.71,0,0,1
823,goal_09,col_approach,557,-98.18,0,0,1
824,goal_09,col_approach,555,-97.59,0,0,1
825,goal_09,col_approach,556,-96.83,0,0,1
826,goal_09,col_approach,579,-100.8,0,0,2
827,goal_09,col_approach,561,-98.15,0,0,1
828,goal_09,col_approach,556,-98.05,0,0,1
829,goal_09,col_approach,555,-97.5,0,0,1
830,goal_09,col_approach,580,-104.73,0,0,2
831,goal_09,col_approach,553,-98.7,0,0,1
832,goal_09,col_approach,557,-97.74,0,0,1
833,goal_09,col_approach,555,-97.3,0,0,1
834,goal_09,col_approach,555,-96.67,0,0,1
835,goal_09,col_approach,581,-98.22,0,0,2
836,goal_09,col_approach,561,-98.12,0,0,1
837,goal_09,col_approach,555,-98.43,0,0,1
838,goal_09,col_approach,554,-97.16,0,0,1
839,goal_09,col_approach,582,-104.27,0,0,2
840,goal_09,col_approach,553,-98.32,0,0,1
841,goal_09,col_approach,557,-97.83,0,0,1
842,goal_09,col_approach,554,-97.02,0,0,1
843,goal_09,col_approach,556,-96.99,0,0,1
844,goal_09,col_approach,582,-98.2,0,0,2
845,goal_09,col_approach,559,-98.33,0,0,1
846,goal_09,col_approach,554,-98.07,0,0,1
847,goal_09,col_approach,556,-96.69,0,0,1
848,goal_09,col_approach,581,-103.54,0,0,2
849,goal_09,col_approach,554,-98.28,0,0,1
850,goal_09,col_approach,555,-97.8,0,0,1
851,goal_09,col_approach,556,-96.81,0,0,1
852,goal_09,col_approach,578,-102.2,0,0,2
853,goal_09,col_approach,563,-101.52,0,0,2
854,goal_09,col_approach,555,-98.12,0,0,1
855,goal_09,col_approach,555,-97.64,0,0,1
856,goal_09,col_approach,578,-104.63,0,0,2
857,goal_09,col_approach,557,-99.08,0,0,1
858,goal_09,col_approach,555,-98.78,0,0,1
859,goal_09,col_approach,556,-97.67,0,0,1
860,goal_09,col_approach,555,-97.32,0,0,1
861,goal_09,col_approach,578,-98.52,0,0,2
862,goal_09,col_approach,563,-98.74,0,0,2
863,goal_09,col_approach,555,-98.03,0,0,1
864,goal_09,col_approach,556,-97.42,0,0,1
865,goal_09,col_approach,578,-104.4,0,0,2
866,goal_09,col_approach,555,-98.71,0,0,1
867,goal_09,col_approach,557,-97.89,0,0,1
868,goal_09,col_approach,555,-97.59,0,0,1
869,goal_09,col_approach,556,-96.83,0,0,1
870,goal_09,col_approach,579,-101.0,0,0,2
871,goal_09,col_approach,561,-98.27,0,0,1
872,goal_09,col_approach,556,-98.09,0,0,1
873,goal_09,col_approach,555,-97.46,0,0,1
874,goal_09,col_approach,579,-104.08,0,0,2
875,goal_09,col_approach,555,-98.21,0,0,1
876,goal_09,col_approach,557,-97.79,0,0,1
877,goal_09,col_approach,554,-97.49,0,0,1
878,goal_09,col_approach,556,-96.57,0,0,1
879,goal_09,col_approach,580,-100.83,0,0,2
880,goal_09,col_approach,561,-98.17,0,0,1
881,goal_09,col_approach,555,-98.42,0,0,1
882,goal_09,col_approach,554,-97.15,0,0,1
883,goal_09,col_approach,583,-104.75,0,0,2
884,goal_09,col_approach,552,-98.36,0,0,1
885,goal_09,col_approach,556,-97.88,0,0,1
886,goal_09,col_approach,555,-96.87,0,0,1
887,goal_09,col_approach,557,-96.54,0,0,1
888,goal_09,col_approach,581,-100.79,0,0,2
889,goal_09,col_approach,559,-98.55,0,0,1
890,goal_09,col_approach,555,-98.0,0,0,1
891,goal_09,col_approach,555,-96.81,0,0,1
892,goal_09,col_approach,581,-103.7,0,0,2
893,goal_09,col_approach,554,-98.38,0,0,1
894,goal_09,col_approach,555,-97.74,0,0,1
895,goal_09,col_approach,556,-96.65,0,0,1
896,goal_09,col_approach,578,-102.16,0,0,2
897,goal_09,col_approach,563,-101.53,0,0,2
898,goal_09,col_approach,555,-98.07,0,0,1
899,goal_09,col_approach,555,-97.63,0,0,1
900,goal_09,col_approach,578,-104.88,0,0,2
901,goal_10,col_approach,557,-99.07,0,0,1
902,goal_10,col_approach,555,-98.78,0,0,1
903,goal_10,col_approach,556,-97.64,0,0,1
904,goal_10,col_approach,555,-97.32,0,0,1
905,goal_10,col_approach,578,-98.51,0,0,2
906,goal_10,col_approach,563,-98.72,0,0,2
907,goal_10,col_approach,555,-98.0,0,0,1
908,goal_10,col_approach,556,-97.43,0,0,1
909,goal_10,col_approach,578,-104.39,0,0,2
910,goal_10,col_approach,555,-98.7,0,0,1
911,goal_10,col_approach,557,-97.89,0,0,1
912,goal_10,col_approach,555,-97.57,0,0,1
913,goal_10,col_approach,555,-96.87,0,0,1
914,goal_10,col_approach,580,-100.67,0,0,2
915,goal_10,col_approach,561,-98.11,0,0,1
916,goal_10,col_approach,556,-98.1,0,0,1
917,goal_10,col_approach,555,-97.45,0,0,1
918,goal_10,col_approach,579,-104.1,0,0,2
919,goal_10,col_approach,554,-98.48,0,0,1
920,goal_10,col_approach,557,-97.71,0,0,1
921,goal_10,col_approach,555,-97.29,0,0,1
922,goal_10,col_approach,555,-96.67,0,0,1
923,goal_10,col_approach,581,-98.14,0,0,2
924,goal_10,col_approach,561,-98.06,0,0,1
925,goal_10,col_approach,555,-98.43,0,0,1
926,goal_10,col_approach,555,-97.12,0,0,1
927,goal_10,col_approach,581,-104.57,0,0,2
928,goal_10,col_approach,553,-98.31,0,0,1
929,goal_10,col_approach,557,-97.85,0,0,1
930,goal_10,col_approach,554,-97.04,0,0,1
931,goal_10,col_approach,556,-96.98,0,0,1
932,goal_10,col_approach,582,-98.18,0,0,2
933,goal_10,col_approach,559,-98.16,0,0,1
934,goal_10,col_approach,555,-98.0,0,0,1
935,goal_10,col_approach,556,-96.77,0,0,1
936,goal_10,col_approach,580,-103.47,0,0,2
937,goal_10,col_approach,554,-98.3,0,0,1
938,goal_10,col_approach,555,-97.82,0,0,1
939,goal_10,col_approach,556,-96.93,0,0,1
940,goal_10,col_approach,578,-102.15,0,0,2
941,goal_10,col_approach,563,-101.54,0,0,2
942,goal_10,col_approach,555,-98.12,0,0,1
943,goal_10,col_approach,555,-97.64,0,0,1
944,goal_10,col_approach,578,-104.67,0,0,2
945,goal_10,col_approach,556,-98.74,0,0,1
946,goal_10,col_approach,556,-98.64,0,0,1
947,goal_10,col_approach,556,-97.25,0,0,1
948,goal_10,col_approach,555,-97.32,0,0,1
949,goal_10,col_approach,578,-98.53,0,0,2
950,goal_10,col_approach,563,-98.71,0,0,2
951,goal_10,col_approach,555,-97.99,0,0,1
952,goal_10,col_approach,556,-97.43,0,0,1
953,goal_10,col_approach,578,-104.38,0,0,2
954,goal_10,col_approach,555,-98.7,0,0,1
955,goal_10,col_approach,557,-97.9,0,0,1
956,goal_10,col_approach,555,-97.57,0,0,1
957,goal_10,col_approach,555,-96.89,0,0,1
958,goal_10,col_approach,580,-100.67,0,0,2
959,goal_10,col_approach,561,-98.1,0,0,1
960,goal_10,col_approach,556,-98.09,0,0,1
961,goal_10,col_approach,555,-97.46,0,0,1
962,goal_10,col_approach,579,-104.08,0,0,2
963,goal_10,col_approach,555,-98.2,0,0,1
964,goal_10,col_approach,557,-97.81,0,0,1
965,goal_10,col_approach,554,-97.49,0,0,1
966,goal_10,col_approach,555,-96.69,0,0,1
967,goal_10,col_approach,581,-98.22,0,0,2
968,goal_10,col_approach,561,-98.12,0,0,1
969,goal_10,col_approach,555,-98.44,0,0,1
970,goal_10,col_approach,554,-97.15,0,0,1
971,goal_10,col_approach,583,-104.72,0,0,2
972,goal_10,col_approach,552,-98.39,0,0,1
973,goal_10,col_approach,557,-97.87,0,0,1
974,goal_10,col_approach,554,-97.03,0,0,1
975,goal_10,col_approach,556,-97.0,0,0,1
976,goal_10,col_approach,582,-98.13,0,0,2
977,goal_10,col_approach,559,-98.42,0,0,1
978,goal_10,col_approach,555,-98.04,0,0,1
979,goal_10,col_approach,556,-96.78,0,0,1
980,goal_10,col_approach,581,-103.77,0,0,2
981,goal_10,col_approach,553,-98.37,0,0,1
982,goal_10,col_approach,555,-97.58,0,0,1
983,goal_10,col_approach,556,-96.8,0,0,1
984,goal_10,col_approach,578,-102.19,0,0,2
985,goal_10,col_approach,563,-101.53,0,0,2
986,goal_10,col_approach,555,-98.4,0,0,1
987,goal_10,col_approach,555,-97.64,0,0,1
988,goal_10,col_approach,577,-104.11,0,0,2
989,goal_10,col_approach,558,-98.97,0,0,2
990,goal_10,col_approach,555,-98.86,0,0,1
991,goal_10,col_approach,556,-97.66,0,0,1
992,goal_10,col_approach,555,-97.31,0,0,1
993,goal_10,col_approach,578,-98.53,0,0,2
994,goal_10,col_approach,563,-98.75,0,0,2
995,goal_10,col_approach,555,-97.71,0,0,1
996,goal_10,col_approach,556,-97.44,0,0,1
997,goal_10,col_approach,578,-104.36,0,0,2
998,goal_10,col_approach,555,-98.71,0,0,1
999,goal_10,col_approach,557,-97.89,0,0,1
1000,goal_10,col_approach,555,-97.57,0,0,1
1001,goal_11,col_exit,2102,167.01,1,0,1
1002,goal_11,truncado,7000,-48.91,1,1,1
1003,goal_11,col_retorno,2571,264.81,1,1,2
1004,goal_11,truncado,7000,-66.27,1,1,1
1005,goal_11,col_retorno,2575,257.0,1,1,2
1006,goal_11,truncado,7000,-66.45,1,1,1
1007,goal_11,truncado,7000,-179.05,1,0,1
1008,goal_11,col_retorno,6276,-142.83,1,1,1
1009,goal_11,truncado,7000,-66.63,1,1,1
1010,goal_11,col_retorno,2493,270.66,1,1,1
1011,goal_11,truncado,7000,-66.47,1,1,1
1012,goal_11,col_retorno,2577,262.81,1,1,2
1013,goal_11,truncado,7000,-72.06,1,1,1
1014,goal_11,col_retorno,2569,264.63,1,1,2
1015,goal_11,truncado,7000,-67.16,1,1,1
1016,goal_11,col_retorno,2567,258.29,1,1,2
1017,goal_11,truncado,7000,-66.97,1,1,1
1018,goal_11,col_retorno,2571,250.59,1,1,2
1019,goal_11,truncado,7000,-67.73,1,1,1
1020,goal_11,truncado,7000,-170.2,1,0,1
1021,goal_11,col_retorno,4541,43.34,1,1,1
1022,goal_11,truncado,7000,-70.82,1,1,1
1023,goal_11,col_retorno,2592,256.57,1,1,2
1024,goal_11,truncado,7000,-71.03,1,1,1
1025,goal_11,col_retorno,2495,279.11,1,1,1
1026,goal_11,truncado,7000,-64.25,1,1,1
1027,goal_11,truncado,7000,-176.35,1,0,1
1028,goal_11,col_retorno,4040,92.27,1,1,1
1029,goal_11,truncado,7000,-66.59,1,1,1
1030,goal_11,col_retorno,2562,253.91,1,1,2
1031,goal_11,truncado,7000,-67.92,1,1,1
1032,goal_11,truncado,7000,-170.34,1,0,1
1033,goal_11,truncado,7000,-121.86,1,1,2
1034,goal_11,truncado,7000,-172.54,1,0,1
1035,goal_11,col_retorno,3501,159.31,1,1,1
1036,goal_11,truncado,7000,-68.47,1,1,1
1037,goal_11,truncado,7000,-169.77,1,0,1
1038,goal_11,col_retorno,4552,39.25,1,1,1
1039,goal_11,truncado,7000,-73.12,1,1,1
1040,goal_11,col_retorno,2565,257.41,1,1,2
1041,goal_11,truncado,7000,-67.48,1,1,1
1042,goal_11,truncado,7000,-173.77,1,0,1
1043,goal_11,col_retorno,6811,-194.3,1,1,1
1044,goal_11,truncado,7000,-66.64,1,1,1
1045,goal_11,truncado,7000,-178.69,1,0,1
1046,goal_11,truncado,7000,-114.15,1,1,2
1047,goal_11,truncado,7000,-173.5,1,0,1
1048,goal_11,col_retorno,4045,84.8,1,1,1
1049,goal_11,truncado,7000,-68.22,1,1,1
1050,goal_11,col_retorno,2614,246.71,1,1,2
1051,goal_11,truncado,7000,-72.62,1,1,1
1052,goal_11,col_retorno,3032,209.29,1,1,1
1053,goal_11,truncado,7000,-63.47,1,1,1
1054,goal_11,truncado,7000,-175.86,1,0,1
1055,goal_11,col_retorno,3492,155.52,1,1,1
1056,goal_11,truncado,7000,-68.72,1,1,1
1057,goal_11,truncado,7000,-173.59,1,0,1
1058,goal_11,truncado,7000,-62.63,1,1,1
1059,goal_11,truncado,7000,-174.36,1,0,1
1060,goal_11,col_retorno,4039,91.5,1,1,1
1061,goal_11,truncado,7000,-66.9,1,1,1
1062,goal_11,col_retorno,2567,252.0,1,1,2
1063,goal_11,truncado,7000,-68.33,1,1,1
1064,goal_11,truncado,7000,-169.96,1,0,1
1065,goal_11,col_retorno,4012,96.92,1,1,1
1066,goal_11,truncado,7000,-67.17,1,1,1
1067,goal_11,truncado,7000,-170.72,1,0,1
1068,goal_11,truncado,7000,-71.79,1,1,1
1069,goal_11,truncado,7000,-173.04,1,0,1
1070,goal_11,col_retorno,6297,-140.7,1,1,1
1071,goal_11,truncado,7000,-72.79,1,1,1
1072,goal_11,col_retorno,2583,252.5,1,1,2
1073,goal_11,truncado,7000,-70.96,1,1,1
1074,goal_11,col_retorno,2493,279.37,1,1,1
1075,goal_11,truncado,7000,-64.64,1,1,1
1076,goal_11,truncado,7000,-175.53,1,0,1
1077,goal_11,col_retorno,6292,-143.34,1,1,1
1078,goal_11,truncado,7000,-65.99,1,1,1
1079,goal_11,truncado,7000,-178.98,1,0,1
1080,goal_11,truncado,7000,-98.16,1,1,2
1081,goal_11,col_retorno,2610,250.06,1,1,2
1082,goal_11,truncado,7000,-71.14,1,1,1
1083,goal_11,col_retorno,2570,262.49,1,1,2
1084,goal_11,truncado,7000,-68.13,1,1,1
1085,goal_11,truncado,7000,-174.07,1,0,1
1086,goal_11,col_retorno,4547,52.28,1,1,1
1087,goal_11,truncado,7000,-66.54,1,1,1
1088,goal_11,col_retorno,2570,252.23,1,1,2
1089,goal_11,truncado,7000,-68.32,1,1,1
1090,goal_11,col_retorno,2569,255.11,1,1,2
1091,goal_11,truncado,7000,-72.85,1,1,1
1092,goal_11,col_retorno,3097,189.25,1,1,2
1093,goal_11,truncado,7000,-65.02,1,1,1
1094,goal_11,col_retorno,2563,257.5,1,1,2
1095,goal_11,truncado,7000,-67.34,1,1,1
1096,goal_11,col_retorno,2596,254.08,1,1,2
1097,goal_11,truncado,7000,-73.14,1,1,1
1098,goal_11,col_retorno,2505,281.16,1,1,1
1099,goal_11,truncado,7000,-64.63,1,1,1
1100,goal_11,truncado,7000,-176.77,1,0,1
1101,goal_12,truncado,7000,-226.04,1,0,1
1102,goal_12,col_retorno,3796,77.71,1,1,1
1103,goal_12,col_retorno,2795,176.69,1,1,1
1104,goal_12,col_retorno,2274,240.43,1,1,2
1105,goal_12,col_retorno,2790,174.84,1,1,1
1106,goal_12,truncado,7000,-246.98,1,1,2
1107,goal_12,truncado,7000,-117.86,1,1,1
1108,goal_12,col_retorno,2279,249.16,1,1,1
1109,goal_12,col_retorno,2301,235.89,1,1,1
1110,goal_12,col_retorno,2240,242.23,1,1,1
1111,goal_12,col_retorno,2237,246.5,1,1,1
1112,goal_12,col_retorno,2249,246.47,1,1,1
1113,goal_12,col_retorno,2253,245.97,1,1,1
1114,goal_12,col_retorno,2256,243.36,1,1,1
1115,goal_12,col_retorno,2249,244.75,1,1,1
1116,goal_12,col_retorno,2257,242.99,1,1,1
1117,goal_12,col_retorno,2236,245.03,1,1,1
1118,goal_12,col_retorno,2253,244.25,1,1,1
1119,goal_12,col_retorno,2240,246.25,1,1,1
1120,goal_12,col_retorno,2248,245.7,1,1,1
1121,goal_12,col_retorno,2253,244.59,1,1,1
1122,goal_12,col_retorno,2245,245.66,1,1,1
1123,goal_12,col_retorno,2249,246.32,1,1,1
1124,goal_12,col_retorno,2253,246.0,1,1,1
1125,goal_12,col_retorno,2256,243.45,1,1,1
1126,goal_12,col_retorno,2249,244.93,1,1,1
1127,goal_12,col_retorno,2258,242.74,1,1,1
1128,goal_12,col_retorno,2238,244.92,1,1,1
1129,goal_12,col_retorno,2263,241.81,1,1,1
1130,goal_12,col_retorno,2243,242.66,1,1,1
1131,goal_12,col_retorno,2241,244.68,1,1,1
1132,goal_12,col_retorno,2245,244.49,1,1,1
1133,goal_12,col_retorno,2244,246.07,1,1,1
1134,goal_12,col_retorno,2249,246.32,1,1,1
1135,goal_12,col_retorno,2253,245.98,1,1,1
1136,goal_12,col_retorno,2254,244.14,1,1,1
1137,goal_12,col_retorno,2252,244.6,1,1,1
1138,goal_12,col_retorno,2259,242.18,1,1,1
1139,goal_12,col_retorno,2237,244.86,1,1,1
1140,goal_12,col_retorno,2262,241.92,1,1,1
1141,goal_12,col_retorno,2243,242.67,1,1,1
1142,goal_12,col_retorno,2241,244.74,1,1,1
1143,goal_12,col_retorno,2247,243.97,1,1,1
1144,goal_12,col_retorno,2242,246.59,1,1,1
1145,goal_12,col_retorno,2249,246.32,1,1,1
1146,goal_12,col_retorno,2256,245.39,1,1,1
1147,goal_12,col_retorno,2255,243.35,1,1,1
1148,goal_12,col_retorno,2240,245.94,1,1,1
1149,goal_12,col_retorno,2259,243.39,1,1,1
1150,goal_12,col_retorno,2242,245.12,1,1,1
1151,goal_12,col_retorno,2253,244.25,1,1,1
1152,goal_12,col_retorno,2242,245.95,1,1,1
1153,goal_12,col_retorno,2245,245.8,1,1,1
1154,goal_12,col_retorno,2253,244.64,1,1,1
1155,goal_12,col_retorno,2244,245.93,1,1,1
1156,goal_12,col_retorno,2251,246.97,1,1,1
1157,goal_12,col_retorno,2252,245.58,1,1,1
1158,goal_12,col_retorno,2256,243.47,1,1,1
1159,goal_12,col_retorno,2249,244.75,1,1,1
1160,goal_12,col_retorno,2258,242.8,1,1,1
1161,goal_12,col_retorno,2235,245.02,1,1,1
1162,goal_12,col_retorno,2253,244.24,1,1,1
1163,goal_12,col_retorno,2242,246.11,1,1,1
1164,goal_12,col_retorno,2246,245.9,1,1,1
1165,goal_12,col_retorno,2253,244.6,1,1,1
1166,goal_12,col_retorno,2246,245.48,1,1,1
1167,goal_12,col_retorno,2248,246.1,1,1,1
1168,goal_12,col_retorno,2253,246.01,1,1,1
1169,goal_12,col_retorno,2256,243.36,1,1,1
1170,goal_12,col_retorno,2249,244.76,1,1,1
1171,goal_12,col_retorno,2258,242.77,1,1,1
1172,goal_12,col_retorno,2238,244.93,1,1,1
1173,goal_12,col_retorno,2263,241.8,1,1,1
1174,goal_12,col_retorno,2243,242.64,1,1,1
1175,goal_12,col_retorno,2244,244.79,1,1,1
1176,goal_12,col_retorno,2245,243.13,1,1,1
1177,goal_12,col_retorno,2242,245.97,1,1,1
1178,goal_12,col_retorno,2248,246.01,1,1,1
1179,goal_12,col_retorno,2253,246.0,1,1,1
1180,goal_12,col_retorno,2256,243.47,1,1,1
1181,goal_12,col_retorno,2249,244.75,1,1,1
1182,goal_12,col_retorno,2258,242.75,1,1,1
1183,goal_12,col_retorno,2238,244.94,1,1,1
1184,goal_12,col_retorno,2792,175.43,1,1,1
1185,goal_12,truncado,7000,-235.97,1,1,2
1186,goal_12,truncado,7000,-141.58,1,1,1
1187,goal_12,col_retorno,2286,246.88,1,1,1
1188,goal_12,col_retorno,2297,238.68,1,1,1
1189,goal_12,col_retorno,2250,242.98,1,1,1
1190,goal_12,col_retorno,2787,177.47,1,1,1
1191,goal_12,col_retorno,2262,237.78,1,1,1
1192,goal_12,col_retorno,2243,240.24,1,1,1
1193,goal_12,col_retorno,2253,238.82,1,1,1
1194,goal_12,col_retorno,2252,239.34,1,1,1
1195,goal_12,col_retorno,2247,239.99,1,1,1
1196,goal_12,col_retorno,2244,240.62,1,1,1
1197,goal_12,col_retorno,2257,237.28,1,1,1
1198,goal_12,col_retorno,2242,240.36,1,1,1
1199,goal_12,col_retorno,2251,238.6,1,1,1
1200,goal_12,col_retorno,2285,231.33,1,1,2
1201,goal_13,col_exit,1635,111.31,1,0,1
1202,goal_13,truncado,7000,-163.72,1,1,1
1203,goal_13,col_retorno,1997,217.67,1,1,1
1204,goal_13,truncado,7000,-163.61,1,1,1
1205,goal_13,col_retorno,1999,217.2,1,1,1
1206,goal_13,col_exit,1688,107.29,1,0,0
1207,goal_13,truncado,7000,-188.61,1,1,1
1208,goal_13,col_retorno,1996,218.84,1,1,1
1209,goal_13,col_exit,1679,111.69,1,0,0
1210,goal_13,truncado,7000,-182.03,1,1,1
1211,goal_13,col_retorno,2545,145.25,1,1,1
1212,goal_13,truncado,7000,-183.33,1,1,1
1213,goal_13,col_retorno,2003,220.91,1,1,1
1214,goal_13,truncado,7000,-184.26,1,1,1
1215,goal_13,col_retorno,2006,220.15,1,1,1
1216,goal_13,col_exit,1694,114.21,1,0,0
1217,goal_13,truncado,7000,-183.16,1,1,1
1218,goal_13,col_retorno,2032,207.46,1,1,1
1219,goal_13,col_exit,1657,109.69,1,0,0
1220,goal_13,truncado,7000,-157.18,1,1,1
1221,goal_13,col_retorno,2024,200.42,1,1,1
1222,goal_13,col_exit,1661,109.98,1,0,0
1223,goal_13,truncado,7000,-165.0,1,1,1
1224,goal_13,col_retorno,1995,217.23,1,1,1
1225,goal_13,truncado,7000,-163.72,1,1,1
1226,goal_13,col_retorno,2028,208.15,1,1,1
1227,goal_13,col_exit,1661,99.68,1,0,0
1228,goal_13,col_exit,1668,110.91,1,0,0
1229,goal_13,truncado,7000,-180.82,1,1,1
1230,goal_13,col_retorno,2009,217.14,1,1,1
1231,goal_13,truncado,7000,-183.24,1,1,1
1232,goal_13,col_retorno,2005,215.83,1,1,1
1233,goal_13,col_exit,1670,113.69,1,0,0
1234,goal_13,truncado,7000,-180.65,1,1,1
1235,goal_13,col_retorno,2005,209.04,1,1,1
1236,goal_13,truncado,7000,-181.46,1,1,1
1237,goal_13,col_retorno,2001,206.15,1,1,1
1238,goal_13,truncado,7000,-182.41,1,1,1
1239,goal_13,col_retorno,2535,137.81,1,1,1
1240,goal_13,truncado,7000,-179.66,1,1,1
1241,goal_13,col_retorno,2007,220.17,1,1,1
1242,goal_13,truncado,7000,-179.55,1,1,1
1243,goal_13,col_retorno,2007,217.51,1,1,1
1244,goal_13,truncado,7000,-181.49,1,1,1
1245,goal_13,col_retorno,2005,217.15,1,1,1
1246,goal_13,col_exit,1688,116.31,1,0,0
1247,goal_13,truncado,7000,-182.85,1,1,1
1248,goal_13,col_retorno,1999,209.39,1,1,1
1249,goal_13,truncado,7000,-183.36,1,1,1
1250,goal_13,col_retorno,1998,209.26,1,1,1
1251,goal_13,col_exit,1689,115.68,1,0,0
1252,goal_13,truncado,7000,-164.1,1,1,1
1253,goal_13,col_retorno,1996,217.96,1,1,1
1254,goal_13,truncado,7000,-163.66,1,1,1
1255,goal_13,col_retorno,1999,217.18,1,1,1
1256,goal_13,col_exit,1688,107.32,1,0,0
1257,goal_13,truncado,7000,-188.26,1,1,1
1258,goal_13,col_retorno,1996,218.83,1,1,1
1259,goal_13,col_exit,1679,111.67,1,0,0
1260,goal_13,truncado,7000,-181.96,1,1,1
1261,goal_13,col_retorno,2545,145.33,1,1,1
1262,goal_13,truncado,7000,-183.36,1,1,1
1263,goal_13,col_retorno,2003,220.61,1,1,1
1264,goal_13,truncado,7000,-184.28,1,1,1
1265,goal_13,col_retorno,2006,220.09,1,1,1
1266,goal_13,col_exit,1694,114.2,1,0,0
1267,goal_13,truncado,7000,-183.2,1,1,1
1268,goal_13,col_retorno,2032,207.48,1,1,1
1269,goal_13,col_exit,1657,109.73,1,0,0
1270,goal_13,truncado,7000,-156.83,1,1,1
1271,goal_13,col_retorno,2024,200.43,1,1,1
1272,goal_13,col_exit,1661,109.98,1,0,0
1273,goal_13,truncado,7000,-165.17,1,1,1
1274,goal_13,col_retorno,1995,217.23,1,1,1
1275,goal_13,truncado,7000,-163.82,1,1,1
1276,goal_13,col_retorno,2028,208.36,1,1,1
1277,goal_13,col_exit,1661,99.59,1,0,0
1278,goal_13,col_exit,1668,111.1,1,0,0
1279,goal_13,truncado,7000,-180.73,1,1,1
1280,goal_13,col_retorno,2009,217.1,1,1,1
1281,goal_13,truncado,7000,-183.35,1,1,1
1282,goal_13,col_retorno,2005,215.85,1,1,1
1283,goal_13,col_exit,1669,113.55,1,0,0
1284,goal_13,truncado,7000,-180.57,1,1,1
1285,goal_13,col_retorno,2005,208.88,1,1,1
1286,goal_13,truncado,7000,-181.35,1,1,1
1287,goal_13,col_retorno,2000,207.21,1,1,1
1288,goal_13,truncado,7000,-182.13,1,1,1
1289,goal_13,col_retorno,2537,137.53,1,1,1
1290,goal_13,truncado,7000,-179.7,1,1,1
1291,goal_13,col_retorno,2006,220.03,1,1,1
1292,goal_13,truncado,7000,-179.24,1,1,1
1293,goal_13,col_retorno,2004,218.81,1,1,1
1294,goal_13,truncado,7000,-181.14,1,1,1
1295,goal_13,col_retorno,2005,218.37,1,1,1
1296,goal_13,col_exit,1693,117.34,1,0,0
1297,goal_13,truncado,7000,-183.24,1,1,1
1298,goal_13,col_retorno,1998,209.25,1,1,1
1299,goal_13,truncado,7000,-183.31,1,1,1
1300,goal_13,col_retorno,1998,209.34,1,1,1
1301,goal_14,col_exit,1653,73.09,1,0,2
1302,goal_14,col_exit,1546,69.47,1,0,1
1303,goal_14,col_exit,1551,53.23,1,0,2
1304,goal_14,col_exit,1529,45.65,1,0,2
1305,goal_14,col_exit,1468,63.86,1,0,1
1306,goal_14,col_exit,1494,60.28,1,0,2
1307,goal_14,col_exit,1486,66.68,1,0,1
1308,goal_14,col_exit,1497,66.44,1,0,1
1309,goal_14,col_exit,1554,47.38,1,0,2
1310,goal_14,truncado,7000,-478.42,1,0,3
1311,goal_14,col_exit,1715,100.93,1,0,1
1312,goal_14,col_exit,1620,85.29,1,0,1
1313,goal_14,col_exit,1564,71.55,1,0,2
1314,goal_14,col_exit,1524,67.43,1,0,1
1315,goal_14,col_exit,1509,67.35,1,0,1
1316,goal_14,col_exit,1543,47.04,1,0,2
1317,goal_14,col_exit,1482,65.93,1,0,1
1318,goal_14,col_exit,1486,64.35,1,0,1
1319,goal_14,col_exit,1529,52.24,1,0,2
1320,goal_14,col_exit,1481,66.32,1,0,1
1321,goal_14,col_exit,1486,65.28,1,0,1
1322,goal_14,col_exit,1528,51.92,1,0,2
1323,goal_14,col_exit,1484,65.12,1,0,1
1324,goal_14,col_exit,1483,66.0,1,0,1
1325,goal_14,truncado,7000,-484.71,1,0,3
1326,goal_14,truncado,7000,-324.97,1,0,1
1327,goal_14,col_exit,1624,87.15,1,0,1
1328,goal_14,col_exit,1609,62.32,1,0,2
1329,goal_14,col_exit,1508,66.71,1,0,1
1330,goal_14,col_exit,1513,59.81,1,0,2
1331,goal_14,col_exit,1534,49.74,1,0,2
1332,goal_14,col_exit,1471,63.55,1,0,1
1333,goal_14,col_exit,1484,64.76,1,0,1
1334,goal_14,col_exit,1500,62.92,1,0,2
1335,goal_14,col_exit,1500,64.9,1,0,1
1336,goal_14,col_exit,1531,49.69,1,0,2
1337,goal_14,col_exit,1528,46.07,1,0,2
1338,goal_14,col_exit,1467,60.14,1,0,2
1339,goal_14,col_exit,1518,49.73,1,0,2
1340,goal_14,col_exit,1463,63.89,1,0,1
1341,goal_14,col_exit,1487,64.35,1,0,1
1342,goal_14,col_exit,1535,48.54,1,0,2
1343,goal_14,col_exit,1480,60.9,1,0,2
1344,goal_14,col_exit,1489,63.45,1,0,1
1345,goal_14,col_exit,1487,66.26,1,0,1
1346,goal_14,col_exit,1499,66.15,1,0,1
1347,goal_14,col_exit,1553,45.15,1,0,2
1348,goal_14,col_exit,2032,-1.93,1,0,3
1349,goal_14,col_exit,1586,80.19,1,0,2
1350,goal_14,col_exit,1541,69.86,1,0,1
1351,goal_14,col_exit,1553,52.37,1,0,2
1352,goal_14,truncado,7000,-478.24,1,0,3
1353,goal_14,col_exit,1842,58.58,1,0,1
1354,goal_14,col_exit,1573,76.03,1,0,2
1355,goal_14,col_exit,1561,58.22,1,0,2
1356,goal_14,col_exit,1511,61.59,1,0,2
1357,goal_14,col_exit,1486,66.66,1,0,1
1358,goal_14,col_exit,1497,66.33,1,0,1
1359,goal_14,col_exit,1556,46.92,1,0,2
1360,goal_14,truncado,7000,-484.06,1,0,3
1361,goal_14,col_exit,1714,101.12,1,0,1
1362,goal_14,col_exit,1623,84.89,1,0,2
1363,goal_14,col_exit,1588,60.79,1,0,2
1364,goal_14,col_exit,1505,67.02,1,0,1
1365,goal_14,col_exit,1501,66.37,1,0,1
1366,goal_14,col_exit,1543,46.73,1,0,2
1367,goal_14,col_exit,1480,66.36,1,0,1
1368,goal_14,col_exit,1485,66.06,1,0,1
1369,goal_14,col_exit,1531,51.39,1,0,2
1370,goal_14,col_exit,1481,66.28,1,0,1
1371,goal_14,col_exit,1486,65.41,1,0,1
1372,goal_14,col_exit,1528,51.94,1,0,2
1373,goal_14,col_exit,1484,65.11,1,0,1
1374,goal_14,col_exit,1484,65.68,1,0,1
1375,goal_14,col_exit,1500,63.09,1,0,2
1376,goal_14,col_exit,1501,65.34,1,0,1
1377,goal_14,col_exit,1530,50.64,1,0,2
1378,goal_14,col_exit,1529,47.01,1,0,2
1379,goal_14,col_exit,1467,60.04,1,0,2
1380,goal_14,col_exit,1518,49.84,1,0,2
1381,goal_14,col_exit,1463,63.89,1,0,1
1382,goal_14,col_exit,1487,64.64,1,0,1
1383,goal_14,truncado,7000,-484.04,1,0,3
1384,goal_14,truncado,7000,-324.31,1,0,1
1385,goal_14,col_exit,1616,88.47,1,0,1
1386,goal_14,col_exit,1568,76.51,1,0,2
1387,goal_14,col_exit,1546,63.83,1,0,2
1388,goal_14,col_exit,1509,66.36,1,0,1
1389,goal_14,col_exit,1533,50.73,1,0,2
1390,goal_14,col_exit,1483,59.99,1,0,2
1391,goal_14,col_exit,1488,64.29,1,0,1
1392,goal_14,col_exit,1495,66.02,1,0,1
1393,goal_14,col_exit,1498,65.7,1,0,1
1394,goal_14,col_exit,1504,63.94,1,0,1
1395,goal_14,col_exit,1495,66.05,1,0,1
1396,goal_14,col_exit,1498,65.59,1,0,1
1397,goal_14,col_exit,1552,44.66,1,0,2
1398,goal_14,truncado,7000,-479.71,1,0,3
1399,goal_14,col_exit,1713,101.69,1,0,1
1400,goal_14,col_exit,1623,84.93,1,0,2
1401,goal_15,col_retorno,2885,130.31,1,1,4
1402,goal_15,col_exit,1520,67.03,1,0,2
1403,goal_15,col_exit,1515,64.02,1,0,2
1404,goal_15,col_exit,1524,53.86,1,0,2
1405,goal_15,col_exit,1486,61.42,1,0,2
1406,goal_15,col_exit,1496,63.91,1,0,1
1407,goal_15,col_exit,1513,57.78,1,0,2
1408,goal_15,col_exit,1486,63.76,1,0,1
1409,goal_15,col_exit,1504,60.62,1,0,2
1410,goal_15,col_exit,1525,49.22,1,0,2
1411,goal_15,col_retorno,4981,-87.49,1,1,3
1412,goal_15,truncado,7000,-238.16,1,1,2
1413,goal_15,col_exit,1483,63.93,1,0,1
1414,goal_15,col_exit,1512,58.13,1,0,2
1415,goal_15,col_exit,1514,52.98,1,0,2
1416,goal_15,col_exit,1505,51.2,1,0,2
1417,goal_15,col_exit,1519,47.49,1,0,2
1418,goal_15,col_exit,1486,52.53,1,0,2
1419,goal_15,col_exit,1471,59.34,1,0,1
1420,goal_15,col_exit,1522,48.14,1,0,2
1421,goal_15,col_exit,1510,48.95,1,0,2
1422,goal_15,col_exit,1467,60.28,1,0,1
1423,goal_15,col_exit,1515,51.2,1,0,2
1424,goal_15,col_retorno,2883,143.68,1,1,4
1425,goal_15,col_exit,1558,69.26,1,0,2
1426,goal_15,col_exit,1518,63.6,1,0,2
1427,goal_15,col_exit,1526,52.79,1,0,2
1428,goal_15,col_exit,1511,51.18,1,0,2
1429,goal_15,col_exit,1484,60.51,1,0,1
1430,goal_15,col_exit,1520,47.4,1,0,2
1431,goal_15,col_exit,1514,46.47,1,0,2
1432,goal_15,col_exit,1492,48.94,1,0,2
1433,goal_15,col_exit,1508,42.35,1,0,2
1434,goal_15,col_retorno,4403,-35.01,1,1,4
1435,goal_15,col_exit,1545,54.93,1,0,2
1436,goal_15,col_exit,1525,60.54,1,0,2
1437,goal_15,col_exit,1516,47.57,1,0,2
1438,goal_15,col_exit,1466,61.13,1,0,1
1439,goal_15,col_exit,1519,49.0,1,0,2
1440,goal_15,col_exit,1512,47.04,1,0,2
1441,goal_15,col_exit,1466,61.18,1,0,1
1442,goal_15,col_exit,1514,52.0,1,0,2
1443,goal_15,col_exit,2553,41.55,1,0,2
1444,goal_15,col_exit,1332,40.84,1,0,1
1445,goal_15,col_exit,1402,51.93,1,0,1
1446,goal_15,col_exit,1463,55.78,1,0,2
1447,goal_15,col_exit,1520,43.64,1,0,2
1448,goal_15,col_retorno,3848,18.36,1,1,4
1449,goal_15,col_exit,1414,51.77,1,0,2
1450,goal_15,col_exit,1457,57.33,1,0,1
1451,goal_15,col_exit,1503,52.73,1,0,2
1452,goal_15,col_retorno,2871,145.43,1,1,4
1453,goal_15,col_exit,1572,65.91,1,0,2
1454,goal_15,col_exit,1511,64.53,1,0,2
1455,goal_15,col_exit,1532,50.71,1,0,2
1456,goal_15,col_exit,1510,51.39,1,0,2
1457,goal_15,col_exit,1484,60.51,1,0,1
1458,goal_15,col_exit,1519,48.08,1,0,2
1459,goal_15,col_exit,1521,44.92,1,0,2
1460,goal_15,col_exit,1479,53.31,1,0,2
1461,goal_15,col_exit,1515,43.61,1,0,3
1462,goal_15,col_retorno,3842,25.66,1,1,4
1463,goal_15,col_exit,1413,52.54,1,0,1
1464,goal_15,col_exit,1472,55.31,1,0,1
1465,goal_15,col_exit,1519,46.0,1,0,2
1466,goal_15,col_exit,1489,49.28,1,0,2
1467,goal_15,col_exit,1467,61.27,1,0,1
1468,goal_15,col_exit,1517,50.96,1,0,2
1469,goal_15,col_exit,1519,45.99,1,0,2
1470,goal_15,col_exit,1469,58.69,1,0,2
1471,goal_15,col_exit,1511,51.36,1,0,2
1472,goal_15,col_exit,1483,60.74,1,0,1
1473,goal_15,col_exit,1520,47.39,1,0,2
1474,goal_15,col_exit,1514,46.35,1,0,2
1475,goal_15,col_exit,1492,48.78,1,0,2
1476,goal_15,col_exit,1508,42.94,1,0,2
1477,goal_15,col_retorno,3841,24.85,1,1,4
1478,goal_15,col_exit,1414,52.19,1,0,1
1479,goal_15,col_exit,1472,55.4,1,0,2
1480,goal_15,col_exit,1520,45.89,1,0,2
1481,goal_15,col_exit,1486,51.77,1,0,2
1482,goal_15,col_exit,1468,61.17,1,0,1
1483,goal_15,col_exit,1517,51.21,1,0,2
1484,goal_15,col_retorno,3440,71.2,1,1,3
1485,goal_15,col_exit,1440,48.33,1,0,0
1486,goal_15,col_exit,1309,29.34,1,0,1
1487,goal_15,col_exit,1364,50.43,1,0,1
1488,goal_15,col_exit,1478,42.35,1,0,2
1489,goal_15,col_retorno,2848,146.23,1,1,3
1490,goal_15,col_exit,1563,69.09,1,0,2
1491,goal_15,col_exit,1514,64.78,1,0,2
1492,goal_15,col_exit,1522,54.17,1,0,2
1493,goal_15,col_exit,1485,63.67,1,0,1
1494,goal_15,col_exit,1532,48.24,1,0,2
1495,goal_15,col_exit,1510,47.0,1,0,2
1496,goal_15,col_exit,1468,60.8,1,0,1
1497,goal_15,col_exit,1518,49.45,1,0,2
1498,goal_15,col_exit,1512,47.03,1,0,2
1499,goal_15,col_exit,1466,61.13,1,0,1
1500,goal_15,col_exit,1514,52.01,1,0,2
1501,goal_16,col_retorno,2546,97.47,1,1,2
1502,goal_16,col_exit,1218,21.02,1,0,1
1503,goal_16,col_retorno,2719,86.47,1,1,3
1504,goal_16,col_retorno,2203,226.43,1,1,1
1505,goal_16,truncado,7000,-246.83,1,0,1
1506,goal_16,col_exit,1240,19.09,1,0,0
1507,goal_16,truncado,7000,-156.42,1,1,1
1508,goal_16,col_exit,1275,24.13,1,0,0
1509,goal_16,truncado,7000,-204.79,1,1,1
1510,goal_16,col_retorno,4657,-139.94,1,1,2
1511,goal_16,col_exit,1295,31.99,1,0,1
1512,goal_16,truncado,7000,-228.01,1,1,1
1513,goal_16,col_retorno,6889,-353.49,1,1,3
1514,goal_16,col_exit,1598,-21.36,1,0,1
1515,goal_16,truncado,7000,-270.28,1,0,1
1516,goal_16,truncado,7000,-221.91,1,1,1
1517,goal_16,col_retorno,4642,-112.85,1,1,3
1518,goal_16,col_exit,1216,20.79,1,0,1
1519,goal_16,truncado,7000,-355.18,1,0,2
1520,goal_16,col_exit,1238,24.22,1,0,1
1521,goal_16,truncado,7000,-248.86,1,1,2
1522,goal_16,col_exit,1632,-23.01,1,0,2
1523,goal_16,truncado,7000,-582.47,1,0,1
1524,goal_16,truncado,7000,-166.93,1,1,1
1525,goal_16,col_exit,1281,35.03,1,0,1
1526,goal_16,col_exit,1276,28.73,1,0,0
1527,goal_16,truncado,7000,-158.07,1,1,1
1528,goal_16,col_exit,1234,15.11,1,0,0
1529,goal_16,truncado,7000,-206.04,1,1,1
1530,goal_16,col_exit,1247,19.8,1,0,0
1531,goal_16,truncado,7000,-247.15,1,0,1
1532,goal_16,col_exit,1226,21.31,1,0,0
1533,goal_16,truncado,7000,-160.57,1,1,1
1534,goal_16,col_exit,1401,38.43,1,0,0
1535,goal_16,truncado,7000,-148.41,1,1,1
1536,goal_16,col_exit,1477,-16.87,1,0,1
1537,goal_16,truncado,7000,-571.4,1,0,1
1538,goal_16,col_exit,1217,21.31,1,0,1
1539,goal_16,truncado,7000,-339.75,1,0,2
1540,goal_16,col_exit,1240,24.39,1,0,1
1541,goal_16,truncado,7000,-248.51,1,1,2
1542,goal_16,col_exit,1259,21.74,1,0,1
1543,goal_16,col_retorno,3647,-26.85,1,1,2
1544,goal_16,col_exit,1318,32.72,1,0,0
1545,goal_16,truncado,7000,-206.34,1,1,1
1546,goal_16,col_retorno,4626,-130.56,1,1,2
1547,goal_16,col_exit,1297,33.74,1,0,1
1548,goal_16,truncado,7000,-228.02,1,1,1
1549,goal_16,col_exit,1316,19.2,1,0,2
1550,goal_16,col_exit,1192,11.76,1,0,1
1551,goal_16,truncado,7000,-230.07,1,1,1
1552,goal_16,col_exit,1252,25.96,1,0,0
1553,goal_16,truncado,7000,-259.18,1,0,1
1554,goal_16,col_exit,1243,26.2,1,0,0
1555,goal_16,truncado,7000,-158.47,1,1,1
1556,goal_16,col_exit,1253,27.82,1,0,0
1557,goal_16,truncado,7000,-230.47,1,1,1
1558,goal_16,col_exit,1248,24.42,1,0,0
1559,goal_16,truncado,7000,-259.49,1,0,1
1560,goal_16,col_exit,1243,26.49,1,0,0
1561,goal_16,truncado,7000,-158.44,1,1,1
1562,goal_16,col_exit,1253,27.87,1,0,0
1563,goal_16,truncado,7000,-229.87,1,1,1
1564,goal_16,col_exit,1248,24.4,1,0,0
1565,goal_16,truncado,7000,-259.36,1,0,1
1566,goal_16,col_exit,1242,26.79,1,0,0
1567,goal_16,truncado,7000,-158.29,1,1,1
1568,goal_16,col_exit,1254,28.08,1,0,0
1569,goal_16,truncado,7000,-230.16,1,1,1
1570,goal_16,col_exit,1248,24.45,1,0,0
1571,goal_16,truncado,7000,-259.5,1,0,1
1572,goal_16,col_exit,1242,27.09,1,0,0
1573,goal_16,truncado,7000,-158.23,1,1,1
1574,goal_16,col_exit,1254,28.11,1,0,0
1575,goal_16,truncado,7000,-230.46,1,1,1
1576,goal_16,col_exit,1248,25.22,1,0,0
1577,goal_16,truncado,7000,-258.94,1,0,1
1578,goal_16,col_exit,1242,27.12,1,0,0
1579,goal_16,truncado,7000,-158.3,1,1,1
1580,goal_16,col_exit,1254,28.0,1,0,0
1581,goal_16,truncado,7000,-230.19,1,1,1
1582,goal_16,col_exit,1248,24.44,1,0,0
1583,goal_16,truncado,7000,-259.42,1,0,1
1584,goal_16,col_exit,1242,27.07,1,0,0
1585,goal_16,truncado,7000,-158.26,1,1,1
1586,goal_16,col_exit,1254,28.08,1,0,0
1587,goal_16,truncado,7000,-230.46,1,1,1
1588,goal_16,col_exit,1249,24.45,1,0,0
1589,goal_16,truncado,7000,-258.75,1,0,1
1590,goal_16,col_exit,1242,26.02,1,0,0
1591,goal_16,truncado,7000,-158.42,1,1,1
1592,goal_16,col_exit,1253,27.96,1,0,0
1593,goal_16,truncado,7000,-230.56,1,1,1
1594,goal_16,col_exit,1249,24.54,1,0,0
1595,goal_16,truncado,7000,-259.34,1,0,1
1596,goal_16,col_exit,1243,25.88,1,0,0
1597,goal_16,truncado,7000,-158.65,1,1,1
1598,goal_16,col_exit,1252,27.49,1,0,0
1599,goal_16,truncado,7000,-229.9,1,1,1
1600,goal_16,col_exit,1248,24.44,1,0,0
1601,goal_17,col_approach,4283,-520.17,0,0,1
1602,goal_17,col_approach,496,-107.96,0,0,1
1603,goal_17,col_approach,530,-108.82,0,0,2
1604,goal_17,col_approach,546,-106.85,0,0,2
1605,goal_17,col_approach,540,-100.55,0,0,1
1606,goal_17,col_approach,565,-104.12,0,0,2
1607,goal_17,col_approach,557,-99.54,0,0,1
1608,goal_17,col_approach,554,-98.62,0,0,1
1609,goal_17,col_approach,547,-98.6,0,0,1
1610,goal_17,col_approach,554,-96.91,0,0,1
1611,goal_17,col_approach,578,-98.54,0,0,2
1612,goal_17,col_approach,563,-98.75,0,0,2
1613,goal_17,col_approach,555,-97.73,0,0,1
1614,goal_17,col_approach,556,-97.44,0,0,1
1615,goal_17,col_approach,578,-104.39,0,0,2
1616,goal_17,col_approach,555,-98.71,0,0,1
1617,goal_17,col_approach,557,-97.91,0,0,1
1618,goal_17,col_approach,555,-97.56,0,0,1
1619,goal_17,col_approach,556,-96.82,0,0,1
1620,goal_17,col_approach,579,-100.97,0,0,2
1621,goal_17,col_approach,561,-98.35,0,0,1
1622,goal_17,col_approach,556,-98.11,0,0,1
1623,goal_17,col_approach,555,-97.47,0,0,1
1624,goal_17,col_approach,579,-104.22,0,0,2
1625,goal_17,col_approach,554,-98.46,0,0,1
1626,goal_17,col_approach,557,-97.7,0,0,1
1627,goal_17,col_approach,555,-97.31,0,0,1
1628,goal_17,col_approach,556,-96.6,0,0,1
1629,goal_17,col_approach,580,-100.59,0,0,2
1630,goal_17,col_approach,561,-98.14,0,0,1
1631,goal_17,col_approach,555,-98.43,0,0,1
1632,goal_17,col_approach,554,-97.11,0,0,1
1633,goal_17,col_approach,583,-104.87,0,0,2
1634,goal_17,col_approach,552,-98.36,0,0,1
1635,goal_17,col_approach,556,-97.97,0,0,1
1636,goal_17,col_approach,555,-96.87,0,0,1
1637,goal_17,col_approach,556,-96.61,0,0,1
1638,goal_17,col_approach,582,-98.21,0,0,2
1639,goal_17,col_approach,559,-98.41,0,0,1
1640,goal_17,col_approach,554,-98.06,0,0,1
1641,goal_17,col_approach,556,-96.81,0,0,1
1642,goal_17,col_approach,581,-103.7,0,0,2
1643,goal_17,col_approach,554,-98.29,0,0,1
1644,goal_17,col_approach,555,-97.48,0,0,1
1645,goal_17,col_approach,556,-96.79,0,0,1
1646,goal_17,col_approach,578,-102.15,0,0,2
1647,goal_17,col_approach,563,-101.54,0,0,2
1648,goal_17,col_approach,555,-98.12,0,0,1
1649,goal_17,col_approach,555,-97.66,0,0,1
1650,goal_17,col_approach,578,-104.65,0,0,2
1651,goal_17,col_approach,556,-98.75,0,0,1
1652,goal_17,col_approach,556,-98.64,0,0,1
1653,goal_17,col_approach,556,-97.25,0,0,1
1654,goal_17,col_approach,555,-97.34,0,0,1
1655,goal_17,col_approach,578,-98.53,0,0,2
1656,goal_17,col_approach,563,-98.72,0,0,2
1657,goal_17,col_approach,555,-97.74,0,0,1
1658,goal_17,col_approach,556,-97.45,0,0,1
1659,goal_17,col_approach,578,-104.4,0,0,2
1660,goal_17,col_approach,555,-98.7,0,0,1
1661,goal_17,col_approach,557,-97.91,0,0,1
1662,goal_17,col_approach,555,-97.58,0,0,1
1663,goal_17,col_approach,556,-96.83,0,0,1
1664,goal_17,col_approach,579,-100.79,0,0,2
1665,goal_17,col_approach,561,-98.12,0,0,1
1666,goal_17,col_approach,556,-98.08,0,0,1
1667,goal_17,col_approach,555,-97.47,0,0,1
1668,goal_17,col_approach,579,-104.08,0,0,2
1669,goal_17,col_approach,555,-98.19,0,0,1
1670,goal_17,col_approach,557,-97.81,0,0,1
1671,goal_17,col_approach,554,-97.48,0,0,1
1672,goal_17,col_approach,556,-96.64,0,0,1
1673,goal_17,col_approach,580,-100.84,0,0,2
1674,goal_17,col_approach,561,-98.14,0,0,1
1675,goal_17,col_approach,555,-98.42,0,0,1
1676,goal_17,col_approach,554,-97.13,0,0,1
1677,goal_17,col_approach,583,-104.71,0,0,2
1678,goal_17,col_approach,552,-98.37,0,0,1
1679,goal_17,col_approach,557,-97.89,0,0,1
1680,goal_17,col_approach,554,-97.02,0,0,1
1681,goal_17,col_approach,556,-96.97,0,0,1
1682,goal_17,col_approach,582,-98.14,0,0,2
1683,goal_17,col_approach,559,-98.42,0,0,1
1684,goal_17,col_approach,554,-98.06,0,0,1
1685,goal_17,col_approach,556,-96.62,0,0,1
1686,goal_17,col_approach,581,-103.52,0,0,2
1687,goal_17,col_approach,554,-98.28,0,0,1
1688,goal_17,col_approach,555,-97.8,0,0,1
1689,goal_17,col_approach,556,-96.79,0,0,1
1690,goal_17,col_approach,577,-99.68,0,0,2
1691,goal_17,col_approach,564,-101.75,0,0,2
1692,goal_17,col_approach,555,-98.13,0,0,1
1693,goal_17,col_approach,555,-97.61,0,0,1
1694,goal_17,col_approach,578,-105.01,0,0,2
1695,goal_17,col_approach,557,-99.07,0,0,1
1696,goal_17,col_approach,555,-98.84,0,0,1
1697,goal_17,col_approach,556,-97.07,0,0,1
1698,goal_17,col_approach,555,-97.32,0,0,1
1699,goal_17,col_approach,578,-98.59,0,0,2
1700,goal_17,col_approach,563,-98.72,0,0,2
1701,goal_18,col_approach,555,-98.03,0,0,1
1702,goal_18,col_approach,556,-97.46,0,0,1
1703,goal_18,col_approach,578,-104.4,0,0,2
1704,goal_18,col_approach,555,-98.71,0,0,1
1705,goal_18,col_approach,557,-97.91,0,0,1
1706,goal_18,col_approach,555,-97.58,0,0,1
1707,goal_18,col_approach,556,-96.83,0,0,1
1708,goal_18,col_approach,579,-100.8,0,0,2
1709,goal_18,col_approach,561,-98.75,0,0,1
1710,goal_18,col_approach,556,-98.06,0,0,1
1711,goal_18,col_approach,555,-97.5,0,0,1
1712,goal_18,col_approach,580,-104.74,0,0,2
1713,goal_18,col_approach,553,-98.69,0,0,1
1714,goal_18,col_approach,557,-97.73,0,0,1
1715,goal_18,col_approach,555,-97.33,0,0,1
1716,goal_18,col_approach,556,-96.59,0,0,1
1717,goal_18,col_approach,580,-100.81,0,0,2
1718,goal_18,col_approach,561,-98.15,0,0,1
1719,goal_18,col_approach,555,-98.44,0,0,1
1720,goal_18,col_approach,554,-97.11,0,0,1
1721,goal_18,col_approach,583,-104.89,0,0,2
1722,goal_18,col_approach,552,-98.35,0,0,1
1723,goal_18,col_approach,556,-97.9,0,0,1
1724,goal_18,col_approach,555,-96.88,0,0,1
1725,goal_18,col_approach,557,-96.54,0,0,1
1726,goal_18,col_approach,581,-100.69,0,0,2
1727,goal_18,col_approach,559,-98.18,0,0,1
1728,goal_18,col_approach,555,-97.97,0,0,1
1729,goal_18,col_approach,556,-96.78,0,0,1
1730,goal_18,col_approach,581,-103.78,0,0,2
1731,goal_18,col_approach,553,-98.38,0,0,1
1732,goal_18,col_approach,555,-97.57,0,0,1
1733,goal_18,col_approach,556,-96.8,0,0,1
1734,goal_18,col_approach,577,-99.99,0,0,2
1735,goal_18,col_approach,564,-101.63,0,0,2
1736,goal_18,col_approach,555,-98.11,0,0,1
1737,goal_18,col_approach,555,-97.66,0,0,1
1738,goal_18,col_approach,577,-103.94,0,0,2
1739,goal_18,col_approach,558,-98.97,0,0,2
1740,goal_18,col_approach,555,-98.87,0,0,1
1741,goal_18,col_approach,556,-97.37,0,0,1
1742,goal_18,col_approach,555,-97.32,0,0,1
1743,goal_18,col_approach,578,-98.59,0,0,2
1744,goal_18,col_approach,563,-98.72,0,0,2
1745,goal_18,col_approach,555,-98.01,0,0,1
1746,goal_18,col_approach,556,-97.46,0,0,1
1747,goal_18,col_approach,578,-104.4,0,0,2
1748,goal_18,col_approach,555,-98.71,0,0,1
1749,goal_18,col_approach,557,-97.9,0,0,1
1750,goal_18,col_approach,555,-97.57,0,0,1
1751,goal_18,col_approach,556,-96.83,0,0,1
1752,goal_18,col_approach,579,-100.8,0,0,2
1753,goal_18,col_approach,561,-98.14,0,0,1
1754,goal_18,col_approach,556,-98.09,0,0,1
1755,goal_18,col_approach,555,-97.47,0,0,1
1756,goal_18,col_approach,579,-104.52,0,0,2
1757,goal_18,col_approach,554,-98.49,0,0,1
1758,goal_18,col_approach,557,-97.71,0,0,1
1759,goal_18,col_approach,555,-97.29,0,0,1
1760,goal_18,col_approach,556,-96.62,0,0,1
1761,goal_18,col_approach,580,-100.5,0,0,2
1762,goal_18,col_approach,561,-98.17,0,0,1
1763,goal_18,col_approach,555,-98.42,0,0,1
1764,goal_18,col_approach,554,-97.12,0,0,1
1765,goal_18,col_approach,583,-104.7,0,0,2
1766,goal_18,col_approach,552,-98.37,0,0,1
1767,goal_18,col_approach,557,-97.88,0,0,1
1768,goal_18,col_approach,554,-97.03,0,0,1
1769,goal_18,col_approach,556,-96.96,0,0,1
1770,goal_18,col_approach,582,-98.14,0,0,2
1771,goal_18,col_approach,559,-98.34,0,0,1
1772,goal_18,col_approach,554,-98.06,0,0,1
1773,goal_18,col_approach,556,-96.63,0,0,1
1774,goal_18,col_approach,581,-103.5,0,0,2
1775,goal_18,col_approach,554,-98.29,0,0,1
1776,goal_18,col_approach,555,-97.49,0,0,1
1777,goal_18,col_approach,556,-96.79,0,0,1
1778,goal_18,col_approach,578,-102.14,0,0,2
1779,goal_18,col_approach,563,-101.54,0,0,2
1780,goal_18,col_approach,555,-98.11,0,0,1
1781,goal_18,col_approach,555,-97.65,0,0,1
1782,goal_18,col_approach,577,-103.88,0,0,2
1783,goal_18,col_approach,558,-98.96,0,0,2
1784,goal_18,col_approach,555,-98.87,0,0,1
1785,goal_18,col_approach,556,-97.38,0,0,1
1786,goal_18,col_approach,555,-97.32,0,0,1
1787,goal_18,col_approach,578,-98.54,0,0,2
1788,goal_18,col_approach,563,-98.72,0,0,2
1789,goal_18,col_approach,555,-98.0,0,0,1
1790,goal_18,col_approach,556,-97.42,0,0,1
1791,goal_18,col_approach,578,-104.39,0,0,2
1792,goal_18,col_approach,555,-98.71,0,0,1
1793,goal_18,col_approach,557,-97.9,0,0,1
1794,goal_18,col_approach,555,-97.54,0,0,1
1795,goal_18,col_approach,556,-96.83,0,0,1
1796,goal_18,col_approach,579,-100.8,0,0,2
1797,goal_18,col_approach,561,-98.14,0,0,1
1798,goal_18,col_approach,556,-98.1,0,0,1
1799,goal_18,col_approach,555,-97.46,0,0,1
1800,goal_18,col_approach,579,-104.09,0,0,2
1801,goal_19,col_approach,555,-98.17,0,0,1
1802,goal_19,col_approach,557,-97.79,0,0,1
1803,goal_19,col_approach,554,-97.46,0,0,1
1804,goal_19,col_approach,556,-96.56,0,0,1
1805,goal_19,col_approach,580,-100.85,0,0,2
1806,goal_19,col_approach,561,-98.17,0,0,1
1807,goal_19,col_approach,555,-98.46,0,0,1
1808,goal_19,col_approach,554,-97.15,0,0,1
1809,goal_19,col_approach,583,-104.71,0,0,2
1810,goal_19,col_approach,552,-98.39,0,0,1
1811,goal_19,col_approach,557,-97.88,0,0,1
1812,goal_19,col_approach,554,-97.02,0,0,1
1813,goal_19,col_approach,556,-96.96,0,0,1
1814,goal_19,col_approach,582,-98.14,0,0,2
1815,goal_19,col_approach,559,-98.42,0,0,1
1816,goal_19,col_approach,554,-98.07,0,0,1
1817,goal_19,col_approach,556,-96.67,0,0,1
1818,goal_19,col_approach,581,-103.71,0,0,2
1819,goal_19,col_approach,554,-98.31,0,0,1
1820,goal_19,col_approach,555,-97.75,0,0,1
1821,goal_19,col_approach,556,-96.64,0,0,1
1822,goal_19,col_approach,578,-102.0,0,0,2
1823,goal_19,col_approach,563,-101.52,0,0,2
1824,goal_19,col_approach,555,-98.4,0,0,1
1825,goal_19,col_approach,555,-97.63,0,0,1
1826,goal_19,col_approach,579,-105.69,0,0,2
1827,goal_19,col_approach,555,-98.79,0,0,1
1828,goal_19,col_approach,556,-98.4,0,0,1
1829,goal_19,col_approach,556,-97.26,0,0,1
1830,goal_19,col_approach,555,-97.31,0,0,1
1831,goal_19,col_approach,578,-98.58,0,0,2
1832,goal_19,col_approach,563,-98.74,0,0,2
1833,goal_19,col_approach,555,-97.71,0,0,1
1834,goal_19,col_approach,556,-97.46,0,0,1
1835,goal_19,col_approach,578,-104.38,0,0,2
1836,goal_19,col_approach,555,-98.7,0,0,1
1837,goal_19,col_approach,557,-97.95,0,0,1
1838,goal_19,col_approach,555,-97.57,0,0,1
1839,goal_19,col_approach,555,-96.89,0,0,1
1840,goal_19,col_approach,580,-98.54,0,0,2
1841,goal_19,col_approach,561,-98.1,0,0,1
1842,goal_19,col_approach,556,-98.09,0,0,1
1843,goal_19,col_approach,555,-97.46,0,0,1
1844,goal_19,col_approach,579,-104.09,0,0,2
1845,goal_19,col_approach,554,-98.47,0,0,1
1846,goal_19,col_approach,557,-97.72,0,0,1
1847,goal_19,col_approach,555,-97.33,0,0,1
1848,goal_19,col_approach,556,-96.61,0,0,1
1849,goal_19,col_approach,580,-100.83,0,0,2
1850,goal_19,col_approach,561,-98.16,0,0,1
1851,goal_19,col_approach,555,-98.42,0,0,1
1852,goal_19,col_approach,554,-97.11,0,0,1
1853,goal_19,col_approach,583,-104.68,0,0,2
1854,goal_19,col_approach,552,-98.4,0,0,1
1855,goal_19,col_approach,557,-97.88,0,0,1
1856,goal_19,col_approach,554,-97.04,0,0,1
1857,goal_19,col_approach,556,-96.99,0,0,1
1858,goal_19,col_approach,582,-98.15,0,0,2
1859,goal_19,col_approach,559,-98.16,0,0,1
1860,goal_19,col_approach,555,-98.32,0,0,1
1861,goal_19,col_approach,555,-96.81,0,0,1
1862,goal_19,col_approach,581,-103.68,0,0,2
1863,goal_19,col_approach,554,-98.38,0,0,1
1864,goal_19,col_approach,555,-97.75,0,0,1
1865,goal_19,col_approach,556,-96.65,0,0,1
1866,goal_19,col_approach,578,-102.16,0,0,2
1867,goal_19,col_approach,563,-101.53,0,0,2
1868,goal_19,col_approach,555,-98.38,0,0,1
1869,goal_19,col_approach,555,-97.67,0,0,1
1870,goal_19,col_approach,579,-105.57,0,0,2
1871,goal_19,col_approach,555,-98.79,0,0,1
1872,goal_19,col_approach,556,-98.41,0,0,1
1873,goal_19,col_approach,556,-97.25,0,0,1
1874,goal_19,col_approach,555,-97.33,0,0,1
1875,goal_19,col_approach,578,-98.54,0,0,2
1876,goal_19,col_approach,563,-98.72,0,0,2
1877,goal_19,col_approach,555,-97.99,0,0,1
1878,goal_19,col_approach,556,-97.43,0,0,1
1879,goal_19,col_approach,578,-104.39,0,0,2
1880,goal_19,col_approach,555,-98.7,0,0,1
1881,goal_19,col_approach,557,-97.89,0,0,1
1882,goal_19,col_approach,555,-97.57,0,0,1
1883,goal_19,col_approach,555,-96.89,0,0,1
1884,goal_19,col_approach,580,-100.68,0,0,2
1885,goal_19,col_approach,561,-98.11,0,0,1
1886,goal_19,col_approach,556,-98.1,0,0,1
1887,goal_19,col_approach,555,-97.46,0,0,1
1888,goal_19,col_approach,579,-104.54,0,0,2
1889,goal_19,col_approach,554,-98.48,0,0,1
1890,goal_19,col_approach,557,-97.73,0,0,1
1891,goal_19,col_approach,555,-97.29,0,0,1
1892,goal_19,col_approach,555,-96.68,0,0,1
1893,goal_19,col_approach,581,-98.16,0,0,2
1894,goal_19,col_approach,561,-98.08,0,0,1
1895,goal_19,col_approach,555,-98.42,0,0,1
1896,goal_19,col_approach,554,-97.14,0,0,1
1897,goal_19,col_approach,582,-104.28,0,0,2
1898,goal_19,col_approach,553,-98.29,0,0,1
1899,goal_19,col_approach,557,-97.83,0,0,1
1900,goal_19,col_approach,554,-97.03,0,0,1
1901,goal_20,col_approach,556,-96.69,0,0,1
1902,goal_20,col_approach,582,-98.14,0,0,2
1903,goal_20,col_approach,559,-98.15,0,0,1
1904,goal_20,col_approach,555,-97.99,0,0,1
1905,goal_20,col_approach,555,-96.82,0,0,1
1906,goal_20,col_approach,581,-103.9,0,0,2
1907,goal_20,col_approach,554,-98.3,0,0,1
1908,goal_20,col_approach,555,-97.47,0,0,1
1909,goal_20,col_approach,556,-97.1,0,0,1
1910,goal_20,col_approach,578,-102.22,0,0,2
1911,goal_20,col_approach,563,-101.51,0,0,2
1912,goal_20,col_approach,555,-98.13,0,0,1
1913,goal_20,col_approach,555,-97.6,0,0,1
1914,goal_20,col_approach,578,-104.88,0,0,2
1915,goal_20,col_approach,556,-98.94,0,0,1
1916,goal_20,col_approach,556,-98.62,0,0,1
1917,goal_20,col_approach,556,-97.23,0,0,1
1918,goal_20,col_approach,555,-97.32,0,0,1
1919,goal_20,col_approach,578,-98.49,0,0,2
1920,goal_20,col_approach,563,-98.73,0,0,2
1921,goal_20,col_approach,555,-97.7,0,0,1
1922,goal_20,col_approach,556,-97.43,0,0,1
1923,goal_20,col_approach,578,-104.45,0,0,2
1924,goal_20,col_approach,555,-98.71,0,0,1
1925,goal_20,col_approach,557,-97.95,0,0,1
1926,goal_20,col_approach,555,-97.56,0,0,1
1927,goal_20,col_approach,556,-96.83,0,0,1
1928,goal_20,col_approach,579,-100.75,0,0,2
1929,goal_20,col_approach,561,-98.13,0,0,1
1930,goal_20,col_approach,556,-98.09,0,0,1
1931,goal_20,col_approach,555,-97.46,0,0,1
1932,goal_20,col_approach,579,-104.09,0,0,2
1933,goal_20,col_approach,555,-98.16,0,0,1
1934,goal_20,col_approach,557,-97.81,0,0,1
1935,goal_20,col_approach,554,-97.41,0,0,1
1936,goal_20,col_approach,556,-96.56,0,0,1
1937,goal_20,col_approach,580,-100.59,0,0,2
1938,goal_20,col_approach,561,-98.14,0,0,1
1939,goal_20,col_approach,555,-98.44,0,0,1
1940,goal_20,col_approach,554,-97.37,0,0,1
1941,goal_20,col_approach,581,-104.18,0,0,2
1942,goal_20,col_approach,554,-98.23,0,0,1
1943,goal_20,col_approach,557,-97.8,0,0,1
1944,goal_20,col_approach,554,-97.02,0,0,1
1945,goal_20,col_approach,556,-96.63,0,0,1
1946,goal_20,col_approach,582,-98.18,0,0,2
1947,goal_20,col_approach,559,-98.18,0,0,1
1948,goal_20,col_approach,555,-98.02,0,0,1
1949,goal_20,col_approach,555,-96.79,0,0,1
1950,goal_20,col_approach,581,-103.72,0,0,2
1951,goal_20,col_approach,554,-98.28,0,0,1
1952,goal_20,col_approach,555,-97.47,0,0,1
1953,goal_20,col_approach,556,-96.81,0,0,1
1954,goal_20,col_approach,577,-99.66,0,0,2
1955,goal_20,col_approach,564,-101.76,0,0,2
1956,goal_20,col_approach,555,-98.14,0,0,1
1957,goal_20,col_approach,555,-97.57,0,0,1
1958,goal_20,col_approach,578,-104.65,0,0,2
1959,goal_20,col_approach,557,-99.08,0,0,1
1960,goal_20,col_approach,555,-99.17,0,0,1
1961,goal_20,col_approach,556,-97.09,0,0,1
1962,goal_20,col_approach,555,-97.3,0,0,1
1963,goal_20,col_approach,578,-98.55,0,0,2
1964,goal_20,col_approach,563,-98.74,0,0,2
1965,goal_20,col_approach,555,-98.03,0,0,1
1966,goal_20,col_approach,556,-97.45,0,0,1
1967,goal_20,col_approach,578,-104.38,0,0,2
1968,goal_20,col_approach,555,-98.7,0,0,1
1969,goal_20,col_approach,557,-97.96,0,0,1
1970,goal_20,col_approach,555,-97.55,0,0,1
1971,goal_20,col_approach,556,-96.82,0,0,1
1972,goal_20,col_approach,579,-100.96,0,0,2
1973,goal_20,col_approach,561,-98.61,0,0,1
1974,goal_20,col_approach,556,-98.1,0,0,1
1975,goal_20,col_approach,555,-97.46,0,0,1
1976,goal_20,col_approach,579,-104.22,0,0,2
1977,goal_20,col_approach,555,-98.22,0,0,1
1978,goal_20,col_approach,557,-97.81,0,0,1
1979,goal_20,col_approach,554,-97.45,0,0,1
1980,goal_20,col_approach,556,-96.55,0,0,1
1981,goal_20,col_approach,580,-100.56,0,0,2
1982,goal_20,col_approach,561,-98.12,0,0,1
1983,goal_20,col_approach,555,-98.43,0,0,1
1984,goal_20,col_approach,554,-97.15,0,0,1
1985,goal_20,col_approach,582,-104.31,0,0,2
1986,goal_20,col_approach,553,-98.31,0,0,1
1987,goal_20,col_approach,557,-97.84,0,0,1
1988,goal_20,col_approach,554,-97.02,0,0,1
1989,goal_20,col_approach,556,-96.64,0,0,1
1990,goal_20,col_approach,582,-98.15,0,0,2
1991,goal_20,col_approach,559,-98.44,0,0,1
1992,goal_20,col_approach,555,-98.04,0,0,1
1993,goal_20,col_approach,555,-96.71,0,0,1
1994,goal_20,col_approach,581,-103.92,0,0,2
1995,goal_20,col_approach,554,-98.29,0,0,1
1996,goal_20,col_approach,555,-98.07,0,0,1
1997,goal_20,col_approach,556,-96.81,0,0,1
1998,goal_20,col_approach,578,-102.4,0,0,2
1999,goal_20,col_approach,563,-101.62,0,0,2
2000,goal_20,col_approach,555,-98.08,0,0,1
2001,goal_21,col_approach,555,-97.58,0,0,1
2002,goal_21,col_approach,577,-104.07,0,0,2
2003,goal_21,col_approach,558,-98.84,0,0,1
2004,goal_21,col_approach,555,-98.78,0,0,1
2005,goal_21,col_approach,556,-97.07,0,0,1
2006,goal_21,col_approach,555,-97.3,0,0,1
2007,goal_21,col_approach,578,-98.59,0,0,2
2008,goal_21,col_approach,563,-98.75,0,0,2
2009,goal_21,col_approach,555,-98.02,0,0,1
2010,goal_21,col_approach,556,-97.45,0,0,1
2011,goal_21,col_approach,578,-104.46,0,0,2
2012,goal_21,col_approach,555,-98.7,0,0,1
2013,goal_21,col_approach,557,-97.91,0,0,1
2014,goal_21,col_approach,555,-97.57,0,0,1
2015,goal_21,col_approach,556,-96.82,0,0,1
2016,goal_21,col_approach,579,-100.99,0,0,2
2017,goal_21,col_approach,561,-98.12,0,0,1
2018,goal_21,col_approach,556,-98.08,0,0,1
2019,goal_21,col_approach,555,-97.5,0,0,1
2020,goal_21,col_approach,579,-104.21,0,0,2
2021,goal_21,col_approach,554,-98.44,0,0,1
2022,goal_21,col_approach,557,-97.69,0,0,1
2023,goal_21,col_approach,555,-97.36,0,0,1
2024,goal_21,col_approach,556,-96.59,0,0,1
2025,goal_21,col_approach,580,-100.79,0,0,2
2026,goal_21,col_approach,561,-98.11,0,0,1
2027,goal_21,col_approach,555,-98.41,0,0,1
2028,goal_21,col_approach,554,-96.8,0,0,1
2029,goal_21,col_approach,583,-104.85,0,0,2
2030,goal_21,col_approach,552,-98.37,0,0,1
2031,goal_21,col_approach,557,-97.89,0,0,1
2032,goal_21,col_approach,554,-97.02,0,0,1
2033,goal_21,col_approach,556,-96.99,0,0,1
2034,goal_21,col_approach,582,-98.14,0,0,2
2035,goal_21,col_approach,559,-98.15,0,0,1
2036,goal_21,col_approach,554,-97.99,0,0,1
2037,goal_21,col_approach,556,-96.67,0,0,1
2038,goal_21,col_approach,581,-103.66,0,0,2
2039,goal_21,col_approach,554,-98.28,0,0,1
2040,goal_21,col_approach,555,-97.54,0,0,1
2041,goal_21,col_approach,556,-97.11,0,0,1
2042,goal_21,col_approach,580,-103.06,0,0,2
2043,goal_21,col_approach,561,-101.45,0,0,2
2044,goal_21,col_approach,555,-98.63,0,0,1
2045,goal_21,col_approach,555,-97.75,0,0,1
2046,goal_21,col_approach,578,-104.71,0,0,2
2047,goal_21,col_approach,557,-99.09,0,0,1
2048,goal_21,col_approach,555,-98.78,0,0,1
2049,goal_21,col_approach,556,-97.38,0,0,1
2050,goal_21,col_approach,555,-97.32,0,0,1
2051,goal_21,col_approach,578,-98.54,0,0,2
2052,goal_21,col_approach,563,-98.73,0,0,2
2053,goal_21,col_approach,555,-97.98,0,0,1
2054,goal_21,col_approach,556,-97.45,0,0,1
2055,goal_21,col_approach,578,-104.38,0,0,2
2056,goal_21,col_approach,555,-98.71,0,0,1
2057,goal_21,col_approach,557,-97.91,0,0,1
2058,goal_21,col_approach,555,-97.57,0,0,1
2059,goal_21,col_approach,556,-96.83,0,0,1
2060,goal_21,col_approach,579,-100.79,0,0,2
2061,goal_21,col_approach,561,-98.12,0,0,1
2062,goal_21,col_approach,556,-98.09,0,0,1
2063,goal_21,col_approach,555,-97.47,0,0,1
2064,goal_21,col_approach,579,-104.09,0,0,2
2065,goal_21,col_approach,555,-98.17,0,0,1
2066,goal_21,col_approach,557,-97.78,0,0,1
2067,goal_21,col_approach,554,-97.48,0,0,1
2068,goal_21,col_approach,556,-96.62,0,0,1
2069,goal_21,col_approach,580,-100.85,0,0,2
2070,goal_21,col_approach,561,-98.15,0,0,1
2071,goal_21,col_approach,555,-98.44,0,0,1
2072,goal_21,col_approach,554,-97.17,0,0,1
2073,goal_21,col_approach,582,-104.34,0,0,2
2074,goal_21,col_approach,553,-98.3,0,0,1
2075,goal_21,col_approach,557,-97.83,0,0,1
2076,goal_21,col_approach,554,-97.01,0,0,1
2077,goal_21,col_approach,556,-96.69,0,0,1
2078,goal_21,col_approach,582,-98.11,0,0,2
2079,goal_21,col_approach,559,-98.34,0,0,1
2080,goal_21,col_approach,554,-98.07,0,0,1
2081,goal_21,col_approach,556,-96.64,0,0,1
2082,goal_21,col_approach,581,-103.53,0,0,2
2083,goal_21,col_approach,554,-98.49,0,0,1
2084,goal_21,col_approach,555,-97.74,0,0,1
2085,goal_21,col_approach,556,-96.92,0,0,1
2086,goal_21,col_approach,577,-99.67,0,0,2
2087,goal_21,col_approach,564,-101.75,0,0,2
2088,goal_21,col_approach,555,-98.12,0,0,1
2089,goal_21,col_approach,555,-97.65,0,0,1
2090,goal_21,col_approach,578,-104.63,0,0,2
2091,goal_21,col_approach,557,-99.07,0,0,1
2092,goal_21,col_approach,555,-98.78,0,0,1
2093,goal_21,col_approach,556,-97.35,0,0,1
2094,goal_21,col_approach,555,-97.32,0,0,1
2095,goal_21,col_approach,578,-98.53,0,0,2
2096,goal_21,col_approach,563,-98.74,0,0,2
2097,goal_21,col_approach,555,-98.03,0,0,1
2098,goal_21,col_approach,556,-97.45,0,0,1
2099,goal_21,col_approach,578,-104.4,0,0,2
2100,goal_21,col_approach,555,-98.71,0,0,1
2101,goal_22,col_approach,557,-97.9,0,0,1
2102,goal_22,col_approach,555,-97.59,0,0,1
2103,goal_22,col_approach,556,-96.82,0,0,1
2104,goal_22,col_approach,579,-100.73,0,0,2
2105,goal_22,col_approach,561,-98.11,0,0,1
2106,goal_22,col_approach,556,-98.08,0,0,1
2107,goal_22,col_approach,555,-97.47,0,0,1
2108,goal_22,col_approach,578,-103.69,0,0,2
2109,goal_22,col_approach,555,-98.28,0,0,1
2110,goal_22,col_approach,557,-97.66,0,0,1
2111,goal_22,col_approach,555,-97.34,0,0,1
2112,goal_22,col_approach,556,-96.61,0,0,1
2113,goal_22,col_approach,580,-100.86,0,0,2
2114,goal_22,col_approach,561,-98.14,0,0,1
2115,goal_22,col_approach,555,-98.42,0,0,1
2116,goal_22,col_approach,554,-97.13,0,0,1
2117,goal_22,col_approach,583,-104.71,0,0,2
2118,goal_22,col_approach,552,-98.37,0,0,1
2119,goal_22,col_approach,556,-97.89,0,0,1
2120,goal_22,col_approach,555,-96.86,0,0,1
2121,goal_22,col_approach,557,-96.54,0,0,1
2122,goal_22,col_approach,581,-100.78,0,0,2
2123,goal_22,col_approach,559,-98.5,0,0,1
2124,goal_22,col_approach,555,-98.01,0,0,1
2125,goal_22,col_approach,555,-96.81,0,0,1
2126,goal_22,col_approach,581,-103.68,0,0,2
2127,goal_22,col_approach,554,-98.38,0,0,1
2128,goal_22,col_approach,555,-97.75,0,0,1
2129,goal_22,col_approach,556,-96.65,0,0,1
2130,goal_22,col_approach,578,-102.17,0,0,2
2131,goal_22,col_approach,563,-101.54,0,0,2
2132,goal_22,col_approach,555,-98.39,0,0,1
2133,goal_22,col_approach,555,-97.63,0,0,1
2134,goal_22,col_approach,577,-103.95,0,0,2
2135,goal_22,col_approach,558,-98.95,0,0,2
2136,goal_22,col_approach,555,-98.87,0,0,1
2137,goal_22,col_approach,556,-97.07,0,0,1
2138,goal_22,col_approach,555,-97.31,0,0,1
2139,goal_22,col_approach,578,-98.54,0,0,2
2140,goal_22,col_approach,563,-98.71,0,0,2
2141,goal_22,col_approach,555,-97.7,0,0,1
2142,goal_22,col_approach,556,-97.43,0,0,1
2143,goal_22,col_approach,578,-104.41,0,0,2
2144,goal_22,col_approach,555,-98.7,0,0,1
2145,goal_22,col_approach,557,-97.9,0,0,1
2146,goal_22,col_approach,555,-97.58,0,0,1
2147,goal_22,col_approach,555,-96.89,0,0,1
2148,goal_22,col_approach,580,-100.93,0,0,2
2149,goal_22,col_approach,561,-98.15,0,0,1
2150,goal_22,col_approach,556,-98.08,0,0,1
2151,goal_22,col_approach,555,-97.45,0,0,1
2152,goal_22,col_approach,580,-104.78,0,0,2
2153,goal_22,col_approach,553,-98.69,0,0,1
2154,goal_22,col_approach,557,-97.73,0,0,1
2155,goal_22,col_approach,555,-97.3,0,0,1
2156,goal_22,col_approach,556,-96.6,0,0,1
2157,goal_22,col_approach,580,-100.84,0,0,2
2158,goal_22,col_approach,561,-98.16,0,0,1
2159,goal_22,col_approach,555,-98.43,0,0,1
2160,goal_22,col_approach,555,-97.09,0,0,1
2161,goal_22,col_approach,581,-104.55,0,0,2
2162,goal_22,col_approach,553,-98.31,0,0,1
2163,goal_22,col_approach,557,-97.84,0,0,1
2164,goal_22,col_approach,554,-97.03,0,0,1
2165,goal_22,col_approach,556,-97.02,0,0,1
2166,goal_22,col_approach,582,-98.14,0,0,2
2167,goal_22,col_approach,559,-98.42,0,0,1
2168,goal_22,col_approach,554,-98.06,0,0,1
2169,goal_22,col_approach,556,-96.67,0,0,1
2170,goal_22,col_approach,581,-103.51,0,0,2
2171,goal_22,col_approach,554,-98.29,0,0,1
2172,goal_22,col_approach,555,-97.48,0,0,1
2173,goal_22,col_approach,556,-97.11,0,0,1
2174,goal_22,col_approach,577,-99.74,0,0,2
2175,goal_22,col_approach,564,-101.74,0,0,2
2176,goal_22,col_approach,555,-98.11,0,0,1
2177,goal_22,col_approach,555,-97.63,0,0,1
2178,goal_22,col_approach,578,-104.91,0,0,2
2179,goal_22,col_approach,557,-99.08,0,0,1
2180,goal_22,col_approach,555,-98.85,0,0,1
2181,goal_22,col_approach,556,-97.64,0,0,1
2182,goal_22,col_approach,555,-97.32,0,0,1
2183,goal_22,col_approach,578,-98.52,0,0,2
2184,goal_22,col_approach,563,-98.73,0,0,2
2185,goal_22,col_approach,555,-98.02,0,0,1
2186,goal_22,col_approach,556,-97.42,0,0,1
2187,goal_22,col_approach,578,-104.41,0,0,2
2188,goal_22,col_approach,555,-98.71,0,0,1
2189,goal_22,col_approach,557,-98.18,0,0,1
2190,goal_22,col_approach,555,-97.59,0,0,1
2191,goal_22,col_approach,556,-96.83,0,0,1
2192,goal_22,col_approach,579,-101.05,0,0,2
2193,goal_22,col_approach,561,-98.27,0,0,1
2194,goal_22,col_approach,556,-98.09,0,0,1
2195,goal_22,col_approach,555,-97.46,0,0,1
2196,goal_22,col_approach,579,-104.08,0,0,2
2197,goal_22,col_approach,555,-98.21,0,0,1
2198,goal_22,col_approach,557,-97.78,0,0,1
2199,goal_22,col_approach,554,-97.46,0,0,1
2200,goal_22,col_approach,556,-96.57,0,0,1
2201,goal_23,col_exit,1465,61.35,1,0,1
2202,goal_23,col_exit,1499,53.19,1,0,2
2203,goal_23,col_exit,1478,62.61,1,0,1
2204,goal_23,col_exit,1502,54.39,1,0,2
2205,goal_23,col_exit,1481,66.81,1,0,1
2206,goal_23,col_exit,1494,64.0,1,0,1
2207,goal_23,col_exit,1502,61.87,1,0,1
2208,goal_23,col_exit,1497,67.19,1,0,1
2209,goal_23,col_exit,1503,63.61,1,0,1
2210,goal_23,col_exit,1509,60.42,1,0,1
2211,goal_23,col_exit,1488,64.73,1,0,1
2212,goal_23,col_exit,1511,56.01,1,0,2
2213,goal_23,col_exit,1485,64.99,1,0,1
2214,goal_23,col_exit,1498,66.04,1,0,1
2215,goal_23,col_exit,1498,65.85,1,0,1
2216,goal_23,col_exit,1490,67.77,1,0,1
2217,goal_23,col_exit,1503,64.88,1,0,1
2218,goal_23,col_exit,1503,63.14,1,0,1
2219,goal_23,col_exit,1495,67.04,1,0,1
2220,goal_23,col_exit,1497,67.85,1,0,1
2221,goal_23,col_exit,1490,69.51,1,0,1
2222,goal_23,col_exit,1505,64.03,1,0,1
2223,goal_23,col_exit,1510,58.13,1,0,2
2224,goal_23,col_exit,1495,67.23,1,0,1
2225,goal_23,col_exit,1497,64.38,1,0,1
2226,goal_23,col_exit,1519,54.85,1,0,2
2227,goal_23,col_exit,1482,66.5,1,0,1
2228,goal_23,col_exit,1497,65.6,1,0,1
2229,goal_23,col_exit,1505,60.57,1,0,1
2230,goal_23,col_exit,1496,66.46,1,0,1
2231,goal_23,col_exit,1500,63.09,1,0,1
2232,goal_23,col_exit,1494,68.26,1,0,1
2233,goal_23,col_exit,1502,65.73,1,0,1
2234,goal_23,col_exit,1505,59.48,1,0,2
2235,goal_23,col_exit,1497,66.84,1,0,1
2236,goal_23,col_exit,1495,67.64,1,0,1
2237,goal_23,col_exit,1505,58.82,1,0,2
2238,goal_23,col_exit,1493,68.65,1,0,1
2239,goal_23,col_exit,1497,67.81,1,0,1
2240,goal_23,col_exit,1507,61.75,1,0,2
2241,goal_23,col_exit,1496,67.52,1,0,1
2242,goal_23,col_exit,1503,63.73,1,0,1
2243,goal_23,col_exit,1488,67.77,1,0,1
2244,goal_23,col_exit,1501,64.94,1,0,1
2245,goal_23,col_exit,1500,66.53,1,0,1
2246,goal_23,col_exit,1488,67.89,1,0,1
2247,goal_23,col_exit,1502,64.65,1,0,1
2248,goal_23,col_exit,1505,63.14,1,0,1
2249,goal_23,col_exit,1494,66.4,1,0,1
2250,goal_23,col_exit,1496,67.22,1,0,1
2251,goal_23,col_exit,1508,62.59,1,0,1
2252,goal_23,col_exit,1495,65.77,1,0,1
2253,goal_23,col_exit,1498,66.23,1,0,1
2254,goal_23,col_exit,1492,69.4,1,0,1
2255,goal_23,col_exit,1502,63.36,1,0,1
2256,goal_23,col_exit,1522,54.83,1,0,2
2257,goal_23,col_exit,1483,66.68,1,0,1
2258,goal_23,col_exit,1496,64.44,1,0,1
2259,goal_23,col_exit,1510,57.61,1,0,2
2260,goal_23,col_exit,1493,67.43,1,0,1
2261,goal_23,col_exit,1496,66.51,1,0,1
2262,goal_23,col_exit,1507,61.61,1,0,1
2263,goal_23,col_exit,1497,66.97,1,0,1
2264,goal_23,col_exit,1501,64.01,1,0,1
2265,goal_23,col_exit,1492,69.63,1,0,1
2266,goal_23,col_exit,1501,65.76,1,0,1
2267,goal_23,col_exit,1506,58.91,1,0,2
2268,goal_23,col_exit,1498,67.13,1,0,1
2269,goal_23,col_exit,1494,68.38,1,0,1
2270,goal_23,col_exit,1501,63.86,1,0,1
2271,goal_23,col_exit,1492,68.48,1,0,1
2272,goal_23,col_exit,1500,66.71,1,0,1
2273,goal_23,col_exit,1505,61.76,1,0,1
2274,goal_23,col_exit,1495,67.47,1,0,1
2275,goal_23,col_exit,1499,67.93,1,0,1
2276,goal_23,col_exit,1492,67.75,1,0,1
2277,goal_23,col_exit,1504,65.06,1,0,1
2278,goal_23,col_exit,1501,65.72,1,0,1
2279,goal_23,col_exit,1489,68.58,1,0,1
2280,goal_23,col_exit,1503,64.28,1,0,1
2281,goal_23,col_exit,1506,63.32,1,0,1
2282,goal_23,col_exit,1494,67.3,1,0,1
2283,goal_23,col_exit,1499,66.47,1,0,1
2284,goal_23,col_exit,1506,63.15,1,0,1
2285,goal_23,col_exit,1495,66.99,1,0,1
2286,goal_23,col_exit,1498,67.12,1,0,1
2287,goal_23,col_exit,1493,69.25,1,0,1
2288,goal_23,col_exit,1503,64.3,1,0,1
2289,goal_23,col_exit,1511,58.08,1,0,2
2290,goal_23,col_exit,1492,67.55,1,0,1
2291,goal_23,col_exit,1498,65.56,1,0,1
2292,goal_23,col_exit,1509,58.0,1,0,2
2293,goal_23,col_exit,1490,67.4,1,0,1
2294,goal_23,col_exit,1493,67.62,1,0,1
2295,goal_23,col_exit,1508,61.7,1,0,1
2296,goal_23,col_exit,1495,68.14,1,0,1
2297,goal_23,col_exit,1503,61.51,1,0,2
2298,goal_23,col_exit,1495,67.35,1,0,1
2299,goal_23,col_exit,1502,65.64,1,0,1
2300,goal_23,col_exit,1505,59.6,1,0,2
2301,goal_24,col_exit,1443,28.16,1,0,2
2302,goal_24,truncado,7000,-648.11,0,0,1
2303,goal_24,col_exit,1307,42.56,1,0,1
2304,goal_24,col_exit,1428,28.69,1,0,2
2305,goal_24,truncado,7000,-648.96,0,0,1
2306,goal_24,col_exit,2095,-55.92,1,0,1
2307,goal_24,col_exit,1441,23.15,1,0,2
2308,goal_24,col_exit,1457,25.16,1,0,2
2309,goal_24,col_exit,1511,26.28,1,0,2
2310,goal_24,truncado,7000,-601.61,0,0,1
2311,goal_24,col_exit,1319,34.15,1,0,1
2312,goal_24,truncado,7000,-565.13,0,0,1
2313,goal_24,col_exit,1834,24.14,1,0,2
2314,goal_24,col_exit,1476,53.78,1,0,1
2315,goal_24,col_exit,1491,54.62,1,0,1
2316,goal_24,col_exit,1501,53.55,1,0,2
2317,goal_24,col_exit,1476,64.06,1,0,1
2318,goal_24,col_exit,1496,62.35,1,0,1
2319,goal_24,col_exit,2989,-121.71,1,0,2
2320,goal_24,col_exit,1503,70.14,1,0,1
2321,goal_24,col_exit,1499,66.66,1,0,1
2322,goal_24,col_exit,1504,66.77,1,0,1
2323,goal_24,col_exit,1517,55.75,1,0,1
2324,goal_24,col_exit,1484,65.63,1,0,1
2325,goal_24,col_exit,1510,57.41,1,0,1
2326,goal_24,col_exit,1494,63.02,1,0,1
2327,goal_24,col_exit,1486,65.75,1,0,1
2328,goal_24,col_exit,1504,65.57,1,0,1
2329,goal_24,col_exit,2994,-123.17,1,0,2
2330,goal_24,col_exit,1499,69.1,1,0,1
2331,goal_24,col_exit,1502,64.93,1,0,1
2332,goal_24,col_exit,1509,58.74,1,0,1
2333,goal_24,col_exit,1508,54.72,1,0,2
2334,goal_24,col_exit,1491,63.43,1,0,1
2335,goal_24,col_exit,1506,57.77,1,0,1
2336,goal_24,col_exit,1490,62.15,1,0,1
2337,goal_24,col_exit,1490,65.28,1,0,1
2338,goal_24,col_exit,1510,58.44,1,0,1
2339,goal_24,col_exit,1510,51.67,1,0,2
2340,goal_24,col_exit,1485,64.97,1,0,1
2341,goal_24,col_exit,1505,58.5,1,0,1
2342,goal_24,col_exit,1496,60.12,1,0,1
2343,goal_24,col_exit,1493,62.16,1,0,1
2344,goal_24,col_exit,1512,56.2,1,0,1
2345,goal_24,col_exit,1487,62.94,1,0,1
2346,goal_24,col_exit,1509,56.26,1,0,1
2347,goal_24,col_exit,1511,56.07,1,0,2
2348,goal_24,col_exit,1485,59.8,1,0,1
2349,goal_24,col_exit,1495,62.96,1,0,1
2350,goal_24,col_exit,2984,-122.81,1,0,2
2351,goal_24,col_exit,1499,69.32,1,0,1
2352,goal_24,col_exit,1501,66.87,1,0,1
2353,goal_24,col_exit,1505,67.31,1,0,1
2354,goal_24,col_exit,1516,55.84,1,0,1
2355,goal_24,col_exit,1485,65.62,1,0,1
2356,goal_24,col_exit,1509,56.43,1,0,1
2357,goal_24,col_exit,1494,63.05,1,0,1
2358,goal_24,col_exit,1487,65.8,1,0,1
2359,goal_24,col_exit,1502,65.57,1,0,1
2360,goal_24,col_exit,2994,-123.02,1,0,2
2361,goal_24,col_exit,1497,68.59,1,0,1
2362,goal_24,col_exit,1501,69.18,1,0,1
2363,goal_24,col_exit,1512,60.56,1,0,1
2364,goal_24,col_exit,1508,54.76,1,0,2
2365,goal_24,col_exit,1491,63.42,1,0,1
2366,goal_24,col_exit,1504,56.99,1,0,1
2367,goal_24,col_exit,1491,61.91,1,0,1
2368,goal_24,col_exit,1490,65.54,1,0,1
2369,goal_24,col_exit,1512,59.06,1,0,1
2370,goal_24,col_exit,1498,57.61,1,0,1
2371,goal_24,col_exit,1493,64.45,1,0,1
2372,goal_24,col_exit,1507,59.11,1,0,1
2373,goal_24,col_exit,1495,59.62,1,0,1
2374,goal_24,col_exit,1492,62.57,1,0,1
2375,goal_24,col_exit,2987,-119.57,1,0,2
2376,goal_24,col_exit,1505,67.47,1,0,1
2377,goal_24,col_exit,1518,58.86,1,0,2
2378,goal_24,col_exit,1486,66.09,1,0,1
2379,goal_24,col_exit,1511,57.62,1,0,1
2380,goal_24,col_exit,1520,55.29,1,0,2
2381,goal_24,col_exit,1477,57.51,1,0,1
2382,goal_24,col_exit,1494,64.1,1,0,1
2383,goal_24,col_exit,5253,-421.49,1,0,2
2384,goal_24,col_exit,1490,63.53,1,0,1
2385,goal_24,col_exit,1509,59.54,1,0,1
2386,goal_24,col_exit,1492,61.28,1,0,1
2387,goal_24,col_exit,1505,58.38,1,0,1
2388,goal_24,col_exit,1507,56.28,1,0,2
2389,goal_24,col_exit,1488,61.37,1,0,1
2390,goal_24,col_exit,1496,62.17,1,0,1
2391,goal_24,col_exit,2983,-121.33,1,0,2
2392,goal_24,col_exit,1507,66.29,1,0,1
2393,goal_24,col_exit,5007,-383.47,1,0,2
2394,goal_24,col_exit,2683,-133.68,1,0,1
2395,goal_24,col_exit,1447,26.52,1,0,2
2396,goal_24,col_exit,1510,21.63,1,0,3
2397,goal_24,truncado,7000,-650.46,0,0,1
2398,goal_24,col_exit,1305,42.36,1,0,1
2399,goal_24,col_exit,1441,30.6,1,0,2
2400,goal_24,truncado,7000,-651.48,0,0,1
2401,goal_25,col_exit,1209,33.22,1,0,1
2402,goal_25,col_approach,874,-50.53,0,0,1
2403,goal_25,truncado,7000,-139.38,1,1,2
2404,goal_25,truncado,7000,-161.0,1,1,1
2405,goal_25,col_exit,1336,11.97,1,0,0
2406,goal_25,truncado,7000,-261.34,1,1,1
2407,goal_25,col_approach,898,-44.57,0,0,1
2408,goal_25,truncado,7000,-188.64,1,1,3
2409,goal_25,truncado,7000,-190.52,1,1,2
2410,goal_25,col_exit,1016,11.6,1,0,1
2411,goal_25,truncado,7000,-160.51,1,1,2
2412,goal_25,truncado,7000,-161.26,1,1,1
2413,goal_25,col_exit,1015,10.02,1,0,1
2414,goal_25,col_retorno,3038,129.13,1,1,2
2415,goal_25,col_exit,1232,40.68,1,0,1
2416,goal_25,col_exit,942,13.77,1,0,0
2417,goal_25,truncado,7000,-195.43,1,1,2
2418,goal_25,truncado,7000,-161.2,1,1,1
2419,goal_25,col_exit,1314,22.49,1,0,0
2420,goal_25,col_retorno,2207,235.11,1,1,1
2421,goal_25,col_retorno,2358,214.72,1,1,1
2422,goal_25,truncado,7000,-261.98,1,1,1
2423,goal_25,col_exit,1369,9.75,1,0,3
2424,goal_25,col_exit,1018,10.74,1,0,1
2425,goal_25,col_exit,1327,25.48,1,0,2
2426,goal_25,col_approach,873,-43.31,0,0,0
2427,goal_25,truncado,7000,-161.01,1,1,2
2428,goal_25,truncado,7000,-189.38,1,1,1
2429,goal_25,truncado,7000,-221.47,1,1,1
2430,goal_25,col_exit,1348,18.24,1,0,2
2431,goal_25,col_approach,908,-39.96,0,0,0
2432,goal_25,col_retorno,2677,191.51,1,1,2
2433,goal_25,col_retorno,2239,240.95,1,1,1
2434,goal_25,col_retorno,2242,241.66,1,1,1
2435,goal_25,col_retorno,2252,241.0,1,1,1
2436,goal_25,col_retorno,2245,241.74,1,1,1
2437,goal_25,col_retorno,2254,239.1,1,1,1
2438,goal_25,col_retorno,2246,241.59,1,1,1
2439,goal_25,col_retorno,2254,239.45,1,1,1
2440,goal_25,col_retorno,2245,240.93,1,1,1
2441,goal_25,col_retorno,2253,239.25,1,1,1
2442,goal_25,col_retorno,2244,241.45,1,1,1
2443,goal_25,col_retorno,2249,241.03,1,1,1
2444,goal_25,col_retorno,2248,241.38,1,1,1
2445,goal_25,col_retorno,2248,239.83,1,1,1
2446,goal_25,col_retorno,2252,239.25,1,1,1
2447,goal_25,col_retorno,2247,241.66,1,1,1
2448,goal_25,col_retorno,2255,239.66,1,1,1
2449,goal_25,col_retorno,2244,241.32,1,1,1
2450,goal_25,col_retorno,2254,239.46,1,1,1
2451,goal_25,col_retorno,2245,240.91,1,1,1
2452,goal_25,col_retorno,2252,239.68,1,1,1
2453,goal_25,col_retorno,2245,241.62,1,1,1
2454,goal_25,col_retorno,2249,241.14,1,1,1
2455,goal_25,col_retorno,2248,241.57,1,1,1
2456,goal_25,col_retorno,2248,239.82,1,1,1
2457,goal_25,col_retorno,2252,239.23,1,1,1
2458,goal_25,col_retorno,2247,241.72,1,1,1
2459,goal_25,col_retorno,2255,240.02,1,1,1
2460,goal_25,col_retorno,2243,241.58,1,1,1
2461,goal_25,col_retorno,2255,239.74,1,1,1
2462,goal_25,col_retorno,2245,240.88,1,1,1
2463,goal_25,col_retorno,2252,239.65,1,1,1
2464,goal_25,col_retorno,2245,241.54,1,1,1
2465,goal_25,col_retorno,2249,241.13,1,1,1
2466,goal_25,col_retorno,2248,241.53,1,1,1
2467,goal_25,col_retorno,2248,239.83,1,1,1
2468,goal_25,col_retorno,2252,239.56,1,1,1
2469,goal_25,col_retorno,2247,241.71,1,1,1
2470,goal_25,col_retorno,2255,239.97,1,1,1
2471,goal_25,col_retorno,2244,241.26,1,1,1
2472,goal_25,col_retorno,2254,239.42,1,1,1
2473,goal_25,col_retorno,2245,240.95,1,1,1
2474,goal_25,col_retorno,2252,239.65,1,1,1
2475,goal_25,col_retorno,2245,241.54,1,1,1
2476,goal_25,col_retorno,2249,241.12,1,1,1
2477,goal_25,col_retorno,2248,241.55,1,1,1
2478,goal_25,col_retorno,2248,239.84,1,1,1
2479,goal_25,col_retorno,2252,239.55,1,1,1
2480,goal_25,col_retorno,2247,241.72,1,1,1
2481,goal_25,col_retorno,2253,238.66,1,1,1
2482,goal_25,col_retorno,2246,241.58,1,1,1
2483,goal_25,col_retorno,2254,239.46,1,1,1
2484,goal_25,col_retorno,2245,240.83,1,1,1
2485,goal_25,col_retorno,2252,239.64,1,1,1
2486,goal_25,col_retorno,2245,241.54,1,1,1
2487,goal_25,col_retorno,2249,241.14,1,1,1
2488,goal_25,col_retorno,2248,241.54,1,1,1
2489,goal_25,col_retorno,2248,239.83,1,1,1
2490,goal_25,col_retorno,2252,239.57,1,1,1
2491,goal_25,col_retorno,2247,241.76,1,1,1
2492,goal_25,col_retorno,2255,240.01,1,1,1
2493,goal_25,col_retorno,2244,241.28,1,1,1
2494,goal_25,col_retorno,2254,239.51,1,1,1
2495,goal_25,col_retorno,2245,240.82,1,1,1
2496,goal_25,col_retorno,2252,239.69,1,1,1
2497,goal_25,col_retorno,2245,241.62,1,1,1
2498,goal_25,col_retorno,2249,241.13,1,1,1
2499,goal_25,col_retorno,2248,241.53,1,1,1
2500,goal_25,col_retorno,2248,239.84,1,1,1
2501,goal_26,truncado,7000,72.8,1,1,1
2502,goal_26,truncado,7000,-482.6,0,0,1
2503,goal_26,truncado,7000,-486.82,0,0,1
2504,goal_26,truncado,7000,17.33,1,1,2
2505,goal_26,truncado,7000,-484.68,0,0,1
2506,goal_26,truncado,7000,-486.54,0,0,1
2507,goal_26,col_retorno,3612,267.68,1,1,1
2508,goal_26,truncado,7000,54.62,1,1,1
2509,goal_26,col_approach,876,-42.37,0,0,0
2510,goal_26,truncado,7000,-483.29,0,0,1
2511,goal_26,truncado,7000,-487.55,0,0,1
2512,goal_26,truncado,7000,73.13,1,1,1
2513,goal_26,truncado,7000,-482.23,0,0,1
2514,goal_26,truncado,7000,-486.95,0,0,1
2515,goal_26,truncado,7000,17.88,1,1,2
2516,goal_26,truncado,7000,-484.33,0,0,1
2517,goal_26,truncado,7000,-486.82,0,0,1
2518,goal_26,col_retorno,3071,341.9,1,1,1
2519,goal_26,truncado,7000,4.04,1,1,1
2520,goal_26,col_approach,861,-43.01,0,0,0
2521,goal_26,truncado,7000,-506.03,0,0,1
2522,goal_26,col_retorno,3093,352.51,1,1,1
2523,goal_26,truncado,7000,70.94,1,1,1
2524,goal_26,truncado,7000,-487.45,0,0,1
2525,goal_26,truncado,7000,66.09,1,1,1
2526,goal_26,col_retorno,3134,349.43,1,1,1
2527,goal_26,truncado,7000,-685.98,0,0,1
2528,goal_26,truncado,7000,-544.57,0,0,1
2529,goal_26,truncado,7000,16.0,1,1,1
2530,goal_26,truncado,7000,-687.62,0,0,1
2531,goal_26,truncado,7000,-545.53,0,0,1
2532,goal_26,truncado,7000,80.69,1,1,1
2533,goal_26,col_approach,1018,-57.53,0,0,1
2534,goal_26,truncado,7000,-506.88,0,0,1
2535,goal_26,truncado,7000,13.54,1,1,1
2536,goal_26,truncado,7000,-550.46,0,0,1
2537,goal_26,truncado,7000,-506.99,0,0,1
2538,goal_26,truncado,7000,78.35,1,1,1
2539,goal_26,truncado,7000,-423.39,0,0,2
2540,goal_26,truncado,7000,-505.75,0,0,1
2541,goal_26,col_retorno,3237,321.21,1,1,1
2542,goal_26,truncado,7000,-607.19,0,0,1
2543,goal_26,truncado,7000,-506.92,0,0,1
2544,goal_26,truncado,7000,78.49,1,1,1
2545,goal_26,truncado,7000,-474.7,0,0,3
2546,goal_26,truncado,7000,-505.71,0,0,1
2547,goal_26,col_retorno,3089,352.31,1,1,1
2548,goal_26,truncado,7000,70.49,1,1,1
2549,goal_26,truncado,7000,-487.91,0,0,1
2550,goal_26,truncado,7000,66.23,1,1,1
2551,goal_26,col_retorno,3129,349.97,1,1,1
2552,goal_26,col_approach,1055,-79.98,0,0,1
2553,goal_26,truncado,7000,-486.85,0,0,1
2554,goal_26,col_retorno,3159,352.95,1,1,2
2555,goal_26,col_approach,868,-42.03,0,0,1
2556,goal_26,truncado,7000,-486.42,0,0,1
2557,goal_26,truncado,7000,-505.5,0,0,1
2558,goal_26,col_retorno,3147,353.04,1,1,1
2559,goal_26,col_approach,840,-44.85,0,0,1
2560,goal_26,truncado,7000,-483.31,0,0,1
2561,goal_26,truncado,7000,-486.83,0,0,1
2562,goal_26,truncado,7000,18.67,1,1,2
2563,goal_26,truncado,7000,-483.89,0,0,1
2564,goal_26,truncado,7000,-486.57,0,0,1
2565,goal_26,col_retorno,3072,341.42,1,1,1
2566,goal_26,truncado,7000,5.33,1,1,1
2567,goal_26,col_approach,875,-42.93,0,0,1
2568,goal_26,truncado,7000,-505.65,0,0,1
2569,goal_26,col_retorno,3236,322.07,1,1,1
2570,goal_26,truncado,7000,-606.21,0,0,1
2571,goal_26,truncado,7000,-506.44,0,0,1
2572,goal_26,truncado,7000,78.02,1,1,1
2573,goal_26,col_approach,840,-51.73,0,0,2
2574,goal_26,truncado,7000,-487.07,0,0,1
2575,goal_26,col_retorno,3083,348.51,1,1,1
2576,goal_26,truncado,7000,16.46,1,1,1
2577,goal_26,col_approach,882,-42.7,0,0,1
2578,goal_26,truncado,7000,-486.33,0,0,1
2579,goal_26,truncado,7000,-487.47,0,0,1
2580,goal_26,truncado,7000,72.19,1,1,1
2581,goal_26,truncado,7000,-485.41,0,0,1
2582,goal_26,truncado,7000,50.82,1,1,1
2583,goal_26,col_retorno,3144,354.17,1,1,1
2584,goal_26,col_approach,859,-44.67,0,0,1
2585,goal_26,truncado,7000,-487.71,0,0,1
2586,goal_26,truncado,7000,50.99,1,1,1
2587,goal_26,col_retorno,3139,351.66,1,1,1
2588,goal_26,col_approach,847,-44.5,0,0,1
2589,goal_26,truncado,7000,-485.27,0,0,1
2590,goal_26,truncado,7000,-486.7,0,0,1
2591,goal_26,truncado,7000,17.19,1,1,2
2592,goal_26,truncado,7000,-485.9,0,0,1
2593,goal_26,truncado,7000,-486.33,0,0,1
2594,goal_26,col_retorno,3065,341.45,1,1,1
2595,goal_26,truncado,7000,4.16,1,1,1
2596,goal_26,col_approach,863,-42.8,0,0,0
2597,goal_26,truncado,7000,-506.03,0,0,1
2598,goal_26,col_retorno,3094,352.48,1,1,1
2599,goal_26,truncado,7000,70.89,1,1,1
2600,goal_26,truncado,7000,-487.73,0,0,1
2601,goal_27,col_retorno,2874,321.6,1,1,1
2602,goal_27,truncado,7000,-547.44,0,0,1
2603,goal_27,truncado,7000,0.58,1,1,1
2604,goal_27,truncado,7000,-431.31,0,0,1
2605,goal_27,truncado,7000,-547.97,0,0,1
2606,goal_27,col_retorno,2898,324.34,1,1,1
2607,goal_27,col_retorno,3405,241.42,1,1,1
2608,goal_27,truncado,7000,-71.51,1,1,3
2609,goal_27,truncado,7000,-485.82,0,0,1
2610,goal_27,col_retorno,2879,321.11,1,1,1
2611,goal_27,truncado,7000,-96.09,1,1,1
2612,goal_27,col_approach,896,-40.33,0,0,0
2613,goal_27,truncado,7000,-485.67,0,0,1
2614,goal_27,truncado,7000,-487.59,0,0,1
2615,goal_27,col_retorno,3005,293.16,1,1,1
2616,goal_27,truncado,7000,13.85,1,1,1
2617,goal_27,truncado,7000,-487.05,0,0,1
2618,goal_27,truncado,7000,-39.75,1,1,1
2619,goal_27,truncado,7000,-36.19,1,1,2
2620,goal_27,truncado,7000,-487.27,0,0,1
2621,goal_27,truncado,7000,26.39,1,1,1
2622,goal_27,col_retorno,3403,238.62,1,1,1
2623,goal_27,truncado,7000,-543.74,0,0,1
2624,goal_27,truncado,7000,1.86,1,1,1
2625,goal_27,col_approach,1053,-80.42,0,0,1
2626,goal_27,truncado,7000,-486.72,0,0,1
2627,goal_27,truncado,7000,0.75,1,1,1
2628,goal_27,truncado,7000,-507.55,0,0,1
2629,goal_27,truncado,7000,-486.69,0,0,1
2630,goal_27,truncado,7000,27.43,1,1,1
2631,goal_27,truncado,7000,-547.87,0,0,2
2632,goal_27,truncado,7000,-487.2,0,0,1
2633,goal_27,col_retorno,2874,319.5,1,1,1
2634,goal_27,truncado,7000,-94.48,1,1,1
2635,goal_27,col_approach,881,-40.2,0,0,0
2636,goal_27,truncado,7000,-506.58,0,0,1
2637,goal_27,truncado,7000,-487.54,0,0,1
2638,goal_27,col_retorno,2873,318.47,1,1,1
2639,goal_27,truncado,7000,-95.33,1,1,1
2640,goal_27,col_approach,872,-41.29,0,0,0
2641,goal_27,truncado,7000,-506.86,0,0,1
2642,goal_27,truncado,7000,-487.82,0,0,1
2643,goal_27,col_retorno,2873,318.45,1,1,1
2644,goal_27,truncado,7000,-95.62,1,1,1
2645,goal_27,col_approach,872,-41.29,0,0,0
2646,goal_27,truncado,7000,-506.84,0,0,1
2647,goal_27,truncado,7000,-487.56,0,0,1
2648,goal_27,col_retorno,2873,318.45,1,1,1
2649,goal_27,truncado,7000,-95.19,1,1,1
2650,goal_27,col_approach,872,-41.34,0,0,0
2651,goal_27,truncado,7000,-506.87,0,0,1
2652,goal_27,truncado,7000,-487.58,0,0,1
2653,goal_27,col_retorno,2873,318.45,1,1,1
2654,goal_27,truncado,7000,-95.38,1,1,1
2655,goal_27,col_approach,872,-41.36,0,0,0
2656,goal_27,truncado,7000,-507.17,0,0,1
2657,goal_27,truncado,7000,-487.59,0,0,1
2658,goal_27,col_retorno,2873,318.45,1,1,1
2659,goal_27,truncado,7000,-95.62,1,1,1
2660,goal_27,col_approach,872,-41.2,0,0,0
2661,goal_27,truncado,7000,-481.2,0,0,1
2662,goal_27,truncado,7000,-487.46,0,0,1
2663,goal_27,col_retorno,2873,317.89,1,1,1
2664,goal_27,truncado,7000,-95.3,1,1,1
2665,goal_27,col_approach,872,-41.21,0,0,0
2666,goal_27,truncado,7000,-506.4,0,0,1
2667,goal_27,truncado,7000,-487.57,0,0,1
2668,goal_27,col_retorno,2873,318.46,1,1,1
2669,goal_27,truncado,7000,-95.58,1,1,1
2670,goal_27,col_approach,872,-41.21,0,0,0
2671,goal_27,truncado,7000,-507.17,0,0,1
2672,goal_27,truncado,7000,-487.56,0,0,1
2673,goal_27,col_retorno,2873,317.77,1,1,1
2674,goal_27,truncado,7000,-95.72,1,1,1
2675,goal_27,col_approach,872,-41.31,0,0,0
2676,goal_27,truncado,7000,-507.16,0,0,1
2677,goal_27,truncado,7000,-487.57,0,0,1
2678,goal_27,col_retorno,2873,318.38,1,1,1
2679,goal_27,truncado,7000,-95.57,1,1,1
2680,goal_27,col_approach,872,-41.35,0,0,0
2681,goal_27,truncado,7000,-506.53,0,0,1
2682,goal_27,truncado,7000,-487.56,0,0,1
2683,goal_27,col_retorno,2873,318.44,1,1,1
2684,goal_27,truncado,7000,-95.72,1,1,1
2685,goal_27,col_approach,872,-41.31,0,0,0
2686,goal_27,truncado,7000,-506.86,0,0,1
2687,goal_27,truncado,7000,-487.59,0,0,1
2688,goal_27,col_retorno,2873,318.43,1,1,1
2689,goal_27,truncado,7000,-95.31,1,1,1
2690,goal_27,col_approach,872,-41.35,0,0,0
2691,goal_27,truncado,7000,-507.01,0,0,1
2692,goal_27,truncado,7000,-487.56,0,0,1
2693,goal_27,col_retorno,2873,318.43,1,1,1
2694,goal_27,truncado,7000,-95.55,1,1,1
2695,goal_27,col_approach,872,-41.28,0,0,0
2696,goal_27,truncado,7000,-506.36,0,0,1
2697,goal_27,truncado,7000,-487.51,0,0,1
2698,goal_27,col_retorno,2873,317.91,1,1,1
2699,goal_27,truncado,7000,-95.2,1,1,1
2700,goal_27,col_approach,872,-41.19,0,0,0
2701,goal_28,col_approach,970,-66.16,0,0,2
2702,goal_28,truncado,7000,-612.87,0,0,1
2703,goal_28,col_retorno,2649,283.01,1,1,1
2704,goal_28,col_approach,855,-47.99,0,0,0
2705,goal_28,truncado,7000,-614.02,0,0,1
2706,goal_28,truncado,7000,-41.8,1,1,1
2707,goal_28,col_approach,993,-73.31,0,0,2
2708,goal_28,truncado,7000,-612.43,0,0,1
2709,goal_28,truncado,7000,-165.41,1,1,1
2710,goal_28,col_approach,988,-67.93,0,0,1
2711,goal_28,truncado,7000,-612.99,0,0,1
2712,goal_28,col_retorno,2650,284.69,1,1,1
2713,goal_28,col_approach,851,-46.89,0,0,0
2714,goal_28,truncado,7000,-612.13,0,0,1
2715,goal_28,truncado,7000,-42.48,1,1,1
2716,goal_28,col_approach,1022,-70.16,0,0,2
2717,goal_28,truncado,7000,-556.02,0,0,1
2718,goal_28,truncado,7000,-167.28,1,1,1
2719,goal_28,truncado,7000,-560.78,0,0,2
2720,goal_28,truncado,7000,-555.41,0,0,1
2721,goal_28,truncado,7000,-112.09,1,1,1
2722,goal_28,truncado,7000,-561.46,0,0,2
2723,goal_28,truncado,7000,-555.53,0,0,1
2724,goal_28,col_retorno,2637,282.32,1,1,1
2725,goal_28,col_approach,838,-49.11,0,0,0
2726,goal_28,truncado,7000,-614.01,0,0,1
2727,goal_28,truncado,7000,-41.43,1,1,1
2728,goal_28,col_approach,992,-71.81,0,0,2
2729,goal_28,truncado,7000,-610.9,0,0,1
2730,goal_28,truncado,7000,-164.28,1,1,1
2731,goal_28,truncado,7000,-612.99,0,0,2
2732,goal_28,truncado,7000,-612.43,0,0,1
2733,goal_28,truncado,7000,-41.24,1,1,1
2734,goal_28,col_approach,999,-70.68,0,0,2
2735,goal_28,truncado,7000,-610.77,0,0,1
2736,goal_28,truncado,7000,-163.42,1,1,1
2737,goal_28,col_approach,1008,-66.61,0,0,2
2738,goal_28,truncado,7000,-470.24,0,0,1
2739,goal_28,col_retorno,2640,283.43,1,1,1
2740,goal_28,col_approach,834,-48.82,0,0,0
2741,goal_28,truncado,7000,-612.14,0,0,1
2742,goal_28,truncado,7000,-42.02,1,1,1
2743,goal_28,col_approach,1002,-63.0,0,0,1
2744,goal_28,truncado,7000,-612.84,0,0,1
2745,goal_28,truncado,7000,-164.44,1,1,1
2746,goal_28,truncado,7000,-612.96,0,0,2
2747,goal_28,truncado,7000,-613.02,0,0,1
2748,goal_28,truncado,7000,-41.04,1,1,1
2749,goal_28,col_approach,990,-67.49,0,0,1
2750,goal_28,truncado,7000,-613.41,0,0,1
2751,goal_28,truncado,7000,-165.97,1,1,1
2752,goal_28,col_approach,989,-60.91,0,0,1
2753,goal_28,truncado,7000,-612.68,0,0,1
2754,goal_28,col_retorno,2653,283.86,1,1,1
2755,goal_28,col_approach,854,-46.65,0,0,0
2756,goal_28,truncado,7000,-612.84,0,0,1
2757,goal_28,truncado,7000,-42.25,1,1,1
2758,goal_28,col_approach,998,-65.28,0,0,1
2759,goal_28,truncado,7000,-611.54,0,0,1
2760,goal_28,truncado,7000,-161.75,1,1,1
2761,goal_28,truncado,7000,-613.51,0,0,2
2762,goal_28,truncado,7000,-613.81,0,0,1
2763,goal_28,truncado,7000,-41.44,1,1,1
2764,goal_28,col_approach,999,-76.15,0,0,2
2765,goal_28,truncado,7000,-612.64,0,0,1
2766,goal_28,truncado,7000,-164.85,1,1,1
2767,goal_28,col_approach,987,-67.97,0,0,1
2768,goal_28,truncado,7000,-612.86,0,0,1
2769,goal_28,col_retorno,2652,284.29,1,1,1
2770,goal_28,col_approach,849,-47.3,0,0,0
2771,goal_28,truncado,7000,-612.43,0,0,1
2772,goal_28,truncado,7000,-42.33,1,1,1
2773,goal_28,col_approach,1021,-70.95,0,0,2
2774,goal_28,truncado,7000,-555.92,0,0,1
2775,goal_28,truncado,7000,-166.83,1,1,1
2776,goal_28,truncado,7000,-560.66,0,0,2
2777,goal_28,truncado,7000,-472.61,0,0,1
2778,goal_28,truncado,7000,-112.09,1,1,1
2779,goal_28,truncado,7000,-561.63,0,0,2
2780,goal_28,truncado,7000,-555.72,0,0,1
2781,goal_28,col_retorno,2638,282.26,1,1,1
2782,goal_28,col_approach,838,-49.07,0,0,0
2783,goal_28,truncado,7000,-613.87,0,0,1
2784,goal_28,truncado,7000,-41.4,1,1,1
2785,goal_28,col_approach,1005,-80.67,0,0,2
2786,goal_28,truncado,7000,-610.7,0,0,1
2787,goal_28,truncado,7000,-164.84,1,1,1
2788,goal_28,truncado,7000,-557.9,0,0,2
2789,goal_28,truncado,7000,-558.49,0,0,1
2790,goal_28,truncado,7000,-135.69,1,1,1
2791,goal_28,col_approach,992,-70.1,0,0,2
2792,goal_28,truncado,7000,-611.85,0,0,1
2793,goal_28,truncado,7000,-164.92,1,1,1
2794,goal_28,col_approach,1005,-72.65,0,0,2
2795,goal_28,truncado,7000,-469.09,0,0,1
2796,goal_28,col_retorno,2638,283.23,1,1,1
2797,goal_28,col_approach,833,-48.79,0,0,0
2798,goal_28,truncado,7000,-612.64,0,0,1
2799,goal_28,truncado,7000,-42.03,1,1,1
2800,goal_28,col_approach,1003,-65.94,0,0,1
