episodio,goal_id,resultado,pasos_ap_ex,pasos_retorno,pasos_total,reward_ap_ex,reward_retorno,reward_total,llego_estanteria,llego_descarga
1,goal_01,exito,976,470,1446,281.1,124.86,405.96,1,1
2,goal_01,exito,982,464,1446,282.1,125.59,407.69,1,1
3,goal_01,exito,983,462,1445,282.22,125.52,407.74,1,1
4,goal_01,exito,983,463,1446,281.78,125.38,407.16,1,1
5,goal_01,exito,975,464,1439,281.49,125.5,406.99,1,1
6,goal_01,exito,983,448,1431,282.21,135.27,417.48,1,1
7,goal_01,exito,983,448,1431,282.22,135.26,417.49,1,1
8,goal_01,exito,983,474,1457,281.78,124.6,406.38,1,1
9,goal_01,exito,983,453,1436,282.22,126.57,408.79,1,1
10,goal_01,exito,983,445,1428,281.78,135.13,416.91,1,1
11,goal_01,exito,983,462,1445,282.22,125.49,407.72,1,1
12,goal_01,exito,975,466,1441,281.48,125.17,406.65,1,1
13,goal_01,exito,983,446,1429,281.78,135.11,416.89,1,1
14,goal_01,exito,975,470,1445,281.49,125.04,406.52,1,1
15,goal_01,exito,983,450,1433,281.78,135.46,417.23,1,1
16,goal_01,exito,983,448,1431,281.78,135.33,417.11,1,1
17,goal_01,exito,983,446,1429,281.78,135.2,416.98,1,1
18,goal_01,exito,983,461,1444,281.77,125.81,407.58,1,1
19,goal_01,exito,983,459,1442,282.22,125.85,408.07,1,1
20,goal_01,exito,983,466,1449,282.23,125.44,407.67,1,1
21,goal_01,exito,983,449,1432,282.23,135.38,417.62,1,1
22,goal_01,exito,983,466,1449,282.22,125.33,407.55,1,1
23,goal_01,exito,983,465,1448,282.22,125.34,407.55,1,1
24,goal_01,exito,983,449,1432,282.22,135.39,417.6,1,1
25,goal_01,exito,983,464,1447,282.24,125.51,407.75,1,1
26,goal_01,exito,984,448,1432,282.41,135.33,417.73,1,1
27,goal_01,exito,983,468,1451,282.22,124.88,407.09,1,1
28,goal_01,exito,983,450,1433,281.77,135.54,417.31,1,1
29,goal_01,exito,983,450,1433,282.22,135.55,417.77,1,1
30,goal_01,exito,983,451,1434,281.77,135.47,417.24,1,1
31,goal_01,exito,983,459,1442,281.78,125.81,407.59,1,1
32,goal_01,exito,983,447,1430,281.78,127.47,409.25,1,1
33,goal_01,exito,983,458,1441,282.23,126.2,408.43,1,1
34,goal_01,exito,983,467,1450,282.24,125.12,407.36,1,1
35,goal_01,exito,983,448,1431,281.78,135.32,417.1,1,1
36,goal_01,exito,983,448,1431,281.78,135.34,417.12,1,1
37,goal_01,exito,983,449,1432,282.22,135.44,417.66,1,1
38,goal_01,exito,983,451,1434,282.22,135.57,417.79,1,1
39,goal_01,exito,983,449,1432,282.22,135.4,417.62,1,1
40,goal_01,exito,983,466,1449,281.77,125.25,407.02,1,1
41,goal_01,exito,983,465,1448,281.78,125.43,407.21,1,1
42,goal_01,exito,983,450,1433,282.22,126.94,409.16,1,1
43,goal_01,exito,975,449,1424,281.51,135.38,416.89,1,1
44,goal_01,exito,983,449,1432,281.77,135.42,417.19,1,1
45,goal_01,exito,983,473,1456,282.22,124.62,406.84,1,1
46,goal_01,exito,983,451,1434,281.78,135.6,417.37,1,1
47,goal_01,exito,983,468,1451,282.22,125.0,407.22,1,1
48,goal_01,exito,983,473,1456,281.77,124.67,406.44,1,1
49,goal_01,exito,983,457,1440,282.22,126.14,408.36,1,1
50,goal_01,exito,983,457,1440,281.78,126.07,407.85,1,1
51,goal_01,exito,983,466,1449,281.78,125.29,407.07,1,1
52,goal_01,exito,983,448,1431,281.78,135.28,417.06,1,1
53,goal_01,exito,983,450,1433,281.78,135.46,417.24,1,1
54,goal_01,exito,983,451,1434,282.22,135.62,417.85,1,1
55,goal_01,exito,983,451,1434,282.21,135.57,417.78,1,1
56,goal_01,exito,983,456,1439,281.77,126.41,408.18,1,1
57,goal_01,exito,983,465,1448,282.23,125.28,407.51,1,1
58,goal_01,exito,983,455,1438,282.22,126.47,408.69,1,1
59,goal_01,exito,983,462,1445,281.78,125.75,407.54,1,1
60,goal_01,exito,983,446,1429,282.24,135.17,417.41,1,1
61,goal_01,exito,983,463,1446,281.78,125.67,407.45,1,1
62,goal_01,exito,983,455,1438,281.77,126.52,408.3,1,1
63,goal_01,exito,983,458,1441,281.77,126.0,407.77,1,1
64,goal_01,exito,983,448,1431,281.78,135.34,417.12,1,1
65,goal_01,exito,983,472,1455,282.21,124.87,407.07,1,1
66,goal_01,exito,983,452,1435,282.24,126.77,409.01,1,1
67,goal_01,exito,983,447,1430,281.77,135.17,416.94,1,1
68,goal_01,exito,975,450,1425,281.48,135.5,416.97,1,1
69,goal_01,exito,983,463,1446,282.22,125.69,407.91,1,1
70,goal_01,exito,983,456,1439,281.77,126.37,408.14,1,1
71,goal_01,exito,983,460,1443,282.22,125.74,407.96,1,1
72,goal_01,exito,983,467,1450,281.78,125.02,406.81,1,1
73,goal_01,exito,983,449,1432,281.78,135.45,417.23,1,1
74,goal_01,exito,983,472,1455,282.24,124.76,407.0,1,1
75,goal_01,exito,984,450,1434,282.41,127.15,409.55,1,1
76,goal_01,exito,983,467,1450,281.77,125.13,406.91,1,1
77,goal_01,exito,983,449,1432,281.77,135.45,417.22,1,1
78,goal_01,exito,983,453,1436,282.24,126.65,408.9,1,1
79,goal_01,exito,983,451,1434,281.77,135.53,417.31,1,1
80,goal_01,exito,983,469,1452,281.77,124.97,406.74,1,1
81,goal_01,exito,983,447,1430,281.78,135.21,416.99,1,1
82,goal_01,exito,983,451,1434,281.78,135.61,417.39,1,1
83,goal_01,exito,983,448,1431,282.22,135.23,417.45,1,1
84,goal_01,exito,975,451,1426,281.48,135.55,417.04,1,1
85,goal_01,exito,983,449,1432,282.22,135.43,417.65,1,1
86,goal_01,exito,983,450,1433,281.78,135.54,417.32,1,1
87,goal_01,exito,983,448,1431,282.24,135.34,417.58,1,1
88,goal_01,exito,983,448,1431,281.77,135.36,417.13,1,1
89,goal_01,exito,983,449,1432,282.22,135.45,417.66,1,1
90,goal_01,exito,983,463,1446,282.22,125.58,407.79,1,1
91,goal_01,exito,983,468,1451,282.26,125.09,407.35,1,1
92,goal_01,exito,983,474,1457,282.22,124.61,406.83,1,1
93,goal_01,exito,983,447,1430,281.78,135.2,416.98,1,1
94,goal_01,exito,983,472,1455,281.78,124.79,406.58,1,1
95,goal_01,exito,983,460,1443,282.24,126.0,408.25,1,1
96,goal_01,exito,983,448,1431,282.22,135.32,417.55,1,1
97,goal_01,exito,983,474,1457,281.78,124.56,406.33,1,1
98,goal_01,exito,984,452,1436,282.41,126.86,409.27,1,1
99,goal_01,exito,983,466,1449,281.77,125.3,407.07,1,1
100,goal_01,exito,983,450,1433,281.77,135.54,417.31,1,1
101,goal_02,exito,1218,446,1664,315.6,135.27,450.87,1,1
102,goal_02,exito,1217,472,1689,315.81,124.84,440.65,1,1
103,goal_02,exito,1217,449,1666,315.98,135.33,451.32,1,1
104,goal_02,exito,1217,466,1683,315.74,125.28,441.02,1,1
105,goal_02,exito,1217,448,1665,315.74,135.25,451.0,1,1
106,goal_02,exito,1216,444,1660,315.81,135.04,450.85,1,1
107,goal_02,exito,1209,449,1658,314.97,135.39,450.36,1,1
108,goal_02,exito,1216,448,1664,315.8,135.29,451.09,1,1
109,goal_02,exito,1216,472,1688,315.75,124.78,440.53,1,1
110,goal_02,exito,1216,465,1681,315.81,125.43,441.24,1,1
111,goal_02,exito,1216,452,1668,315.72,135.7,451.42,1,1
112,goal_02,exito,1217,448,1665,315.75,135.31,451.06,1,1
113,goal_02,exito,1216,448,1664,315.8,135.33,451.14,1,1
114,goal_02,exito,1217,472,1689,315.99,124.85,440.84,1,1
115,goal_02,exito,1216,450,1666,315.62,135.52,451.14,1,1
116,goal_02,exito,1217,472,1689,316.0,124.79,440.79,1,1
117,goal_02,exito,1217,451,1668,315.75,135.54,451.28,1,1
118,goal_02,exito,1217,471,1688,315.75,124.79,440.54,1,1
119,goal_02,exito,1216,446,1662,315.62,135.19,450.82,1,1
120,goal_02,exito,1216,466,1682,315.81,125.21,441.02,1,1
121,goal_02,exito,1216,449,1665,315.81,135.41,451.22,1,1
122,goal_02,exito,1217,464,1681,315.82,125.51,441.33,1,1
123,goal_02,exito,1216,459,1675,315.8,125.82,441.63,1,1
124,goal_02,exito,1217,449,1666,315.85,135.42,451.27,1,1
125,goal_02,exito,1216,474,1690,315.81,124.59,440.4,1,1
126,goal_02,exito,1217,461,1678,315.75,125.63,441.38,1,1
127,goal_02,exito,1216,474,1690,315.81,124.54,440.36,1,1
128,goal_02,exito,1216,462,1678,315.8,125.79,441.6,1,1
129,goal_02,exito,1217,467,1684,315.75,125.2,440.94,1,1
130,goal_02,exito,1217,472,1689,315.74,124.84,440.58,1,1
131,goal_02,exito,1216,468,1684,315.77,125.13,440.9,1,1
132,goal_02,exito,1216,457,1673,315.61,126.19,441.8,1,1
133,goal_02,exito,1217,449,1666,315.74,135.39,451.13,1,1
134,goal_02,exito,1216,450,1666,315.76,135.55,451.3,1,1
135,goal_02,exito,1216,450,1666,315.69,135.54,451.24,1,1
136,goal_02,exito,1217,451,1668,315.71,135.6,451.32,1,1
137,goal_02,exito,1217,452,1669,315.72,135.68,451.41,1,1
138,goal_02,exito,1217,474,1691,315.61,124.57,440.19,1,1
139,goal_02,exito,1216,448,1664,315.81,135.28,451.09,1,1
140,goal_02,exito,1217,450,1667,315.75,135.45,451.2,1,1
141,goal_02,exito,1217,449,1666,315.8,135.45,451.25,1,1
142,goal_02,exito,1216,450,1666,315.76,135.49,451.25,1,1
143,goal_02,exito,1216,448,1664,315.77,135.25,451.03,1,1
144,goal_02,exito,1216,465,1681,315.81,125.44,441.25,1,1
145,goal_02,exito,1216,465,1681,315.75,125.46,441.21,1,1
146,goal_02,exito,1217,451,1668,316.01,135.56,451.57,1,1
147,goal_02,exito,1216,451,1667,315.62,135.59,451.21,1,1
148,goal_02,exito,1216,445,1661,315.61,135.18,450.79,1,1
149,goal_02,exito,1217,468,1685,315.95,125.03,440.98,1,1
150,goal_02,exito,1217,465,1682,315.96,125.45,441.41,1,1
151,goal_02,exito,1217,461,1678,315.74,125.77,441.51,1,1
152,goal_02,exito,1216,473,1689,315.81,124.74,440.55,1,1
153,goal_02,exito,1217,449,1666,315.81,135.4,451.21,1,1
154,goal_02,exito,1217,449,1666,315.98,127.31,443.29,1,1
155,goal_02,exito,1217,462,1679,315.86,125.81,441.67,1,1
156,goal_02,exito,1216,449,1665,315.82,135.4,451.22,1,1
157,goal_02,exito,1217,464,1681,315.74,125.48,441.22,1,1
158,goal_02,exito,1217,465,1682,315.75,125.45,441.2,1,1
159,goal_02,exito,1217,471,1688,315.75,124.6,440.35,1,1
160,goal_02,exito,1209,457,1666,314.98,126.07,441.05,1,1
161,goal_02,exito,1216,449,1665,315.81,135.41,451.22,1,1
162,goal_02,exito,1217,448,1665,315.96,135.24,451.2,1,1
163,goal_02,exito,1217,455,1672,315.82,126.55,442.36,1,1
164,goal_02,exito,1217,463,1680,315.8,125.56,441.36,1,1
165,goal_02,exito,1217,448,1665,315.99,135.25,451.24,1,1
166,goal_02,exito,1209,474,1683,314.96,124.56,439.52,1,1
167,goal_02,exito,1216,460,1676,315.81,125.89,441.7,1,1
168,goal_02,exito,1216,472,1688,315.77,124.8,440.57,1,1
169,goal_02,exito,1217,446,1663,316.01,135.21,451.22,1,1
170,goal_02,exito,1216,448,1664,315.81,135.33,451.15,1,1
171,goal_02,exito,1216,465,1681,315.61,125.31,440.92,1,1
172,goal_02,exito,1216,445,1661,315.81,135.21,451.02,1,1
173,goal_02,exito,1217,455,1672,315.53,126.55,442.08,1,1
174,goal_02,exito,1217,467,1684,315.74,125.11,440.85,1,1
175,goal_02,exito,1216,467,1683,315.74,125.22,440.96,1,1
176,goal_02,exito,1216,468,1684,315.81,124.87,440.68,1,1
177,goal_02,exito,1216,457,1673,315.82,126.17,441.99,1,1
178,goal_02,exito,1216,450,1666,315.73,135.46,451.19,1,1
179,goal_02,exito,1216,450,1666,315.61,135.53,451.15,1,1
180,goal_02,exito,1216,467,1683,315.75,125.15,440.9,1,1
181,goal_02,exito,1216,448,1664,315.76,135.32,451.08,1,1
182,goal_02,exito,1216,449,1665,315.76,135.43,451.19,1,1
183,goal_02,exito,1217,463,1680,315.71,125.55,441.26,1,1
184,goal_02,exito,1216,445,1661,315.81,135.18,450.99,1,1
185,goal_02,exito,1216,448,1664,315.72,135.32,451.05,1,1
186,goal_02,exito,1217,457,1674,315.83,126.07,441.9,1,1
187,goal_02,exito,1216,470,1686,315.77,124.64,440.41,1,1
188,goal_02,exito,1209,464,1673,314.98,125.49,440.47,1,1
189,goal_02,exito,1217,456,1673,315.81,126.24,442.05,1,1
190,goal_02,exito,1216,466,1682,315.62,125.32,440.94,1,1
191,goal_02,exito,1217,456,1673,315.75,126.26,442.01,1,1
192,goal_02,exito,1217,461,1678,315.8,125.71,441.52,1,1
193,goal_02,exito,1216,450,1666,315.82,135.54,451.36,1,1
194,goal_02,exito,1218,451,1669,315.62,135.62,451.24,1,1
195,goal_02,exito,1217,449,1666,315.81,135.41,451.22,1,1
196,goal_02,exito,1217,454,1671,315.73,126.42,442.15,1,1
197,goal_02,exito,1216,448,1664,315.8,135.28,451.08,1,1
198,goal_02,exito,1216,467,1683,315.72,125.12,440.84,1,1
199,goal_02,exito,1216,463,1679,315.8,125.67,441.47,1,1
200,goal_02,exito,1217,469,1686,315.73,125.02,440.76,1,1
201,goal_03,exito,1435,449,1884,348.26,135.39,483.65,1,1
202,goal_03,exito,1435,448,1883,348.2,135.24,483.44,1,1
203,goal_03,exito,1428,454,1882,347.51,126.42,473.93,1,1
204,goal_03,exito,1435,448,1883,348.28,135.3,483.58,1,1
205,goal_03,exito,1434,451,1885,348.09,135.56,483.65,1,1
206,goal_03,exito,1435,450,1885,348.24,135.49,483.74,1,1
207,goal_03,exito,1435,462,1897,348.28,125.51,473.79,1,1
208,goal_03,exito,1435,474,1909,348.23,124.6,472.83,1,1
209,goal_03,exito,1434,467,1901,348.1,125.16,473.26,1,1
210,goal_03,exito,1434,467,1901,348.09,125.09,473.18,1,1
211,goal_03,exito,1435,449,1884,348.27,135.32,483.59,1,1
212,goal_03,exito,1435,466,1901,348.28,125.44,473.73,1,1
213,goal_03,exito,1435,447,1882,348.29,135.25,483.55,1,1
214,goal_03,exito,1435,469,1904,348.27,125.08,473.34,1,1
215,goal_03,exito,1435,472,1907,348.28,124.76,473.03,1,1
216,goal_03,exito,1435,457,1892,348.3,126.21,474.51,1,1
217,goal_03,exito,1435,449,1884,348.28,135.42,483.7,1,1
218,goal_03,exito,1435,459,1894,348.21,125.8,474.02,1,1
219,goal_03,exito,1428,463,1891,347.5,125.72,473.21,1,1
220,goal_03,exito,1434,454,1888,348.09,126.62,474.72,1,1
221,goal_03,exito,1435,449,1884,348.29,135.42,483.71,1,1
222,goal_03,exito,1436,451,1887,348.31,135.55,483.86,1,1
223,goal_03,exito,1435,466,1901,348.26,125.1,473.36,1,1
224,goal_03,exito,1434,451,1885,348.09,127.08,475.17,1,1
225,goal_03,exito,1435,467,1902,348.3,125.2,473.5,1,1
226,goal_03,exito,1434,447,1881,348.09,135.18,483.27,1,1
227,goal_03,exito,1428,450,1878,347.5,135.51,483.01,1,1
228,goal_03,exito,1434,466,1900,348.1,125.29,473.39,1,1
229,goal_03,exito,1435,449,1884,348.26,135.45,483.71,1,1
230,goal_03,exito,1435,449,1884,348.19,135.41,483.6,1,1
231,goal_03,exito,1435,448,1883,348.27,135.32,483.59,1,1
232,goal_03,exito,1435,448,1883,348.28,135.27,483.54,1,1
233,goal_03,exito,1434,466,1900,348.1,125.23,473.33,1,1
234,goal_03,exito,1434,451,1885,348.11,135.56,483.67,1,1
235,goal_03,exito,1435,448,1883,348.26,135.3,483.57,1,1
236,goal_03,exito,1435,448,1883,348.27,135.3,483.57,1,1
237,goal_03,exito,1434,467,1901,348.09,125.21,473.3,1,1
238,goal_03,exito,1435,454,1889,348.23,126.59,474.81,1,1
239,goal_03,exito,1435,473,1908,348.2,124.67,472.87,1,1
240,goal_03,exito,1435,472,1907,348.22,124.84,473.05,1,1
241,goal_03,exito,1435,457,1892,348.29,126.22,474.52,1,1
242,goal_03,exito,1434,445,1879,348.11,135.19,483.3,1,1
243,goal_03,exito,1435,445,1880,348.26,135.12,483.38,1,1
244,goal_03,exito,1435,450,1885,348.29,135.54,483.83,1,1
245,goal_03,exito,1435,458,1893,348.27,126.15,474.42,1,1
246,goal_03,exito,1435,448,1883,348.31,135.35,483.66,1,1
247,goal_03,exito,1435,446,1881,348.26,135.18,483.44,1,1
248,goal_03,exito,1435,468,1903,348.21,125.0,473.21,1,1
249,goal_03,exito,1435,449,1884,348.21,135.44,483.64,1,1
250,goal_03,exito,1435,449,1884,348.26,135.4,483.66,1,1
251,goal_03,exito,1435,449,1884,348.18,135.41,483.59,1,1
252,goal_03,exito,1434,449,1883,348.1,135.3,483.4,1,1
253,goal_03,exito,1434,448,1882,348.16,135.32,483.48,1,1
254,goal_03,exito,1435,449,1884,348.29,135.38,483.67,1,1
255,goal_03,exito,1435,458,1893,348.3,126.02,474.33,1,1
256,goal_03,exito,1435,448,1883,348.26,135.3,483.57,1,1
257,goal_03,exito,1435,466,1901,348.28,125.23,473.51,1,1
258,goal_03,exito,1435,458,1893,348.2,125.97,474.17,1,1
259,goal_03,exito,1435,463,1898,348.2,125.57,473.77,1,1
260,goal_03,exito,1435,474,1909,348.28,124.6,472.88,1,1
261,goal_03,exito,1435,471,1906,348.27,124.74,473.01,1,1
262,goal_03,exito,1435,460,1895,348.27,126.01,474.28,1,1
263,goal_03,exito,1435,468,1903,348.26,125.1,473.37,1,1
264,goal_03,exito,1435,465,1900,348.3,125.45,473.75,1,1
265,goal_03,exito,1434,468,1902,348.09,124.89,472.98,1,1
266,goal_03,exito,1435,451,1886,348.22,135.58,483.8,1,1
267,goal_03,exito,1435,448,1883,348.29,135.34,483.63,1,1
268,goal_03,exito,1434,445,1879,348.09,135.17,483.27,1,1
269,goal_03,exito,1435,473,1908,348.31,124.71,473.02,1,1
270,goal_03,exito,1435,469,1904,348.29,125.04,473.34,1,1
271,goal_03,exito,1435,460,1895,348.26,125.95,474.21,1,1
272,goal_03,exito,1435,448,1883,348.18,135.33,483.51,1,1
273,goal_03,exito,1435,462,1897,348.22,125.67,473.89,1,1
274,goal_03,exito,1435,447,1882,348.3,135.26,483.56,1,1
275,goal_03,exito,1435,449,1884,348.21,135.42,483.62,1,1
276,goal_03,exito,1435,447,1882,348.25,135.19,483.45,1,1
277,goal_03,exito,1435,455,1890,348.3,126.55,474.85,1,1
278,goal_03,exito,1434,450,1884,348.17,135.53,483.7,1,1
279,goal_03,exito,1435,462,1897,348.26,125.57,473.83,1,1
280,goal_03,exito,1435,454,1889,348.21,126.58,474.79,1,1
281,goal_03,exito,1435,447,1882,348.25,135.33,483.58,1,1
282,goal_03,exito,1435,448,1883,348.11,135.3,483.41,1,1
283,goal_03,exito,1435,473,1908,348.19,124.73,472.92,1,1
284,goal_03,exito,1435,450,1885,348.28,135.5,483.78,1,1
285,goal_03,exito,1435,464,1899,348.22,125.53,473.75,1,1
286,goal_03,exito,1435,449,1884,348.23,135.43,483.66,1,1
287,goal_03,exito,1435,451,1886,348.27,135.59,483.86,1,1
288,goal_03,exito,1435,448,1883,348.26,135.3,483.56,1,1
289,goal_03,exito,1435,446,1881,348.27,135.24,483.51,1,1
290,goal_03,exito,1435,451,1886,348.22,135.61,483.83,1,1
291,goal_03,exito,1435,446,1881,348.3,135.25,483.54,1,1
292,goal_03,exito,1435,448,1883,348.24,135.27,483.5,1,1
293,goal_03,exito,1435,460,1895,348.21,125.86,474.07,1,1
294,goal_03,exito,1435,468,1903,348.3,125.15,473.45,1,1
295,goal_03,exito,1435,451,1886,348.3,127.03,475.33,1,1
296,goal_03,exito,1435,464,1899,348.27,125.49,473.77,1,1
297,goal_03,exito,1435,458,1893,348.27,126.05,474.32,1,1
298,goal_03,exito,1435,449,1884,348.21,135.42,483.63,1,1
299,goal_03,exito,1435,463,1898,348.3,125.53,473.82,1,1
300,goal_03,exito,1435,461,1896,348.3,125.76,474.06,1,1
301,goal_04,exito,1674,470,2144,381.27,125.3,506.57,1,1
302,goal_04,exito,1674,462,2136,381.26,125.8,507.06,1,1
303,goal_04,exito,1674,470,2144,381.27,125.25,506.52,1,1
304,goal_04,exito,1674,448,2122,381.27,135.33,516.59,1,1
305,goal_04,exito,1674,448,2122,381.27,135.33,516.6,1,1
306,goal_04,exito,1674,467,2141,381.27,125.05,506.32,1,1
307,goal_04,exito,1674,448,2122,381.27,135.29,516.56,1,1
308,goal_04,exito,1674,458,2132,381.27,125.93,507.2,1,1
309,goal_04,exito,1674,449,2123,381.27,135.44,516.71,1,1
310,goal_04,exito,1674,469,2143,381.27,125.04,506.31,1,1
311,goal_04,exito,1674,468,2142,381.27,125.34,506.61,1,1
312,goal_04,exito,1674,450,2124,381.27,135.52,516.79,1,1
313,goal_04,exito,1674,452,2126,381.27,135.57,516.83,1,1
314,goal_04,exito,1674,470,2144,381.26,124.89,506.15,1,1
315,goal_04,exito,1674,450,2124,381.27,135.5,516.76,1,1
316,goal_04,exito,1674,466,2140,381.27,125.26,506.53,1,1
317,goal_04,exito,1674,471,2145,381.27,124.78,506.04,1,1
318,goal_04,exito,1674,460,2134,381.27,126.0,507.27,1,1
319,goal_04,exito,1674,449,2123,381.27,135.41,516.67,1,1
320,goal_04,exito,1674,448,2122,381.27,135.3,516.57,1,1
321,goal_04,exito,1674,450,2124,381.27,135.46,516.73,1,1
322,goal_04,exito,1674,450,2124,381.27,135.52,516.79,1,1
323,goal_04,exito,1674,450,2124,381.26,135.52,516.78,1,1
324,goal_04,exito,1674,447,2121,381.27,135.18,516.45,1,1
325,goal_04,exito,1667,447,2114,380.47,135.24,515.71,1,1
326,goal_04,exito,1674,449,2123,381.27,135.39,516.66,1,1
327,goal_04,exito,1674,448,2122,381.27,135.33,516.59,1,1
328,goal_04,exito,1674,466,2140,381.27,125.25,506.51,1,1
329,goal_04,exito,1674,449,2123,381.27,135.39,516.66,1,1
330,goal_04,exito,1674,447,2121,381.27,135.31,516.57,1,1
331,goal_04,exito,1674,448,2122,381.27,135.29,516.56,1,1
332,goal_04,exito,1674,470,2144,381.27,125.26,506.53,1,1
333,goal_04,exito,1674,465,2139,381.27,125.31,506.58,1,1
334,goal_04,exito,1674,449,2123,381.27,135.4,516.67,1,1
335,goal_04,exito,1674,449,2123,381.27,135.43,516.69,1,1
336,goal_04,exito,1674,460,2134,381.27,125.88,507.15,1,1
337,goal_04,exito,1674,461,2135,381.27,125.77,507.04,1,1
338,goal_04,exito,1674,468,2142,381.27,125.1,506.37,1,1
339,goal_04,exito,1674,450,2124,381.27,135.49,516.76,1,1
340,goal_04,exito,1674,448,2122,381.27,135.33,516.6,1,1
341,goal_04,exito,1674,449,2123,381.27,135.37,516.63,1,1
342,goal_04,exito,1674,448,2122,381.27,135.26,516.53,1,1
343,goal_04,exito,1674,466,2140,381.27,125.44,506.71,1,1
344,goal_04,exito,1674,448,2122,381.26,135.32,516.59,1,1
345,goal_04,exito,1674,448,2122,381.27,135.27,516.53,1,1
346,goal_04,exito,1674,465,2139,381.27,125.49,506.76,1,1
347,goal_04,exito,1674,460,2134,381.27,126.0,507.27,1,1
348,goal_04,exito,1674,451,2125,381.27,135.58,516.85,1,1
349,goal_04,exito,1674,461,2135,381.27,125.58,506.85,1,1
350,goal_04,exito,1674,468,2142,381.27,125.23,506.5,1,1
351,goal_04,exito,1674,449,2123,381.27,135.45,516.71,1,1
352,goal_04,exito,1674,448,2122,381.26,135.3,516.56,1,1
353,goal_04,exito,1674,449,2123,381.27,135.43,516.7,1,1
354,goal_04,exito,1674,466,2140,381.27,125.37,506.64,1,1
355,goal_04,exito,1674,471,2145,381.27,124.73,506.0,1,1
356,goal_04,exito,1674,462,2136,381.27,125.5,506.76,1,1
357,goal_04,exito,1674,466,2140,381.27,125.2,506.47,1,1
358,goal_04,exito,1674,467,2141,381.27,125.12,506.39,1,1
359,goal_04,exito,1674,450,2124,381.27,135.53,516.81,1,1
360,goal_04,exito,1674,462,2136,381.26,125.82,507.08,1,1
361,goal_04,exito,1674,463,2137,381.27,125.65,506.92,1,1
362,goal_04,exito,1674,466,2140,381.27,125.27,506.54,1,1
363,goal_04,exito,1674,468,2142,381.26,125.1,506.37,1,1
364,goal_04,exito,1674,448,2122,381.27,127.29,508.56,1,1
365,goal_04,exito,1674,464,2138,381.27,125.52,506.79,1,1
366,goal_04,exito,1674,449,2123,381.27,135.41,516.68,1,1
367,goal_04,exito,1674,447,2121,381.27,135.19,516.45,1,1
368,goal_04,exito,1674,448,2122,381.27,127.3,508.57,1,1
369,goal_04,exito,1674,460,2134,381.27,125.61,506.88,1,1
370,goal_04,exito,1667,465,2132,380.47,125.49,505.95,1,1
371,goal_04,exito,1674,468,2142,381.27,125.15,506.42,1,1
372,goal_04,exito,1674,448,2122,381.26,135.28,516.55,1,1
373,goal_04,exito,1674,461,2135,381.27,125.82,507.09,1,1
374,goal_04,exito,1674,457,2131,381.27,126.17,507.44,1,1
375,goal_04,exito,1674,448,2122,381.27,135.33,516.6,1,1
376,goal_04,exito,1674,449,2123,381.27,135.39,516.66,1,1
377,goal_04,exito,1674,455,2129,381.27,126.46,507.73,1,1
378,goal_04,exito,1674,471,2145,381.27,124.74,506.01,1,1
379,goal_04,exito,1674,471,2145,381.27,125.05,506.32,1,1
380,goal_04,exito,1674,470,2144,381.27,125.06,506.33,1,1
381,goal_04,exito,1674,449,2123,381.27,135.41,516.68,1,1
382,goal_04,exito,1674,461,2135,381.27,125.62,506.89,1,1
383,goal_04,exito,1674,448,2122,381.27,135.34,516.61,1,1
384,goal_04,exito,1674,449,2123,381.27,135.37,516.64,1,1
385,goal_04,exito,1667,448,2115,380.47,135.28,515.75,1,1
386,goal_04,exito,1667,448,2115,380.47,135.31,515.78,1,1
387,goal_04,exito,1674,446,2120,381.27,135.2,516.47,1,1
388,goal_04,exito,1674,471,2145,381.27,124.73,506.0,1,1
389,goal_04,exito,1667,451,2118,380.47,135.56,516.02,1,1
390,goal_04,exito,1674,449,2123,381.27,135.43,516.69,1,1
391,goal_04,exito,1674,450,2124,381.27,135.49,516.76,1,1
392,goal_04,exito,1674,451,2125,381.27,135.55,516.82,1,1
393,goal_04,exito,1674,467,2141,381.27,125.05,506.32,1,1
394,goal_04,exito,1674,451,2125,381.27,135.6,516.86,1,1
395,goal_04,exito,1674,468,2142,381.27,124.89,506.16,1,1
396,goal_04,exito,1674,451,2125,381.27,135.57,516.84,1,1
397,goal_04,exito,1674,446,2120,381.27,135.25,516.52,1,1
398,goal_04,exito,1674,462,2136,381.27,125.54,506.81,1,1
399,goal_04,exito,1667,446,2113,380.47,135.19,515.66,1,1
400,goal_04,exito,1674,451,2125,381.27,135.6,516.87,1,1
401,goal_05,exito,679,448,1127,235.92,135.34,371.26,1,1
402,goal_05,exito,679,449,1128,235.88,135.41,371.29,1,1
403,goal_05,exito,679,470,1149,236.18,124.79,360.97,1,1
404,goal_05,exito,673,469,1142,236.46,124.95,361.42,1,1
405,goal_05,exito,679,445,1124,236.19,135.23,371.42,1,1
406,goal_05,exito,679,450,1129,235.9,135.44,371.34,1,1
407,goal_05,exito,673,448,1121,236.46,135.28,371.75,1,1
408,goal_05,exito,679,467,1146,236.35,125.22,361.57,1,1
409,goal_05,exito,679,445,1124,236.18,135.16,371.34,1,1
410,goal_05,exito,679,463,1142,236.18,125.38,361.56,1,1
411,goal_05,exito,673,449,1122,236.46,135.37,371.83,1,1
412,goal_05,exito,673,467,1140,236.47,125.13,361.61,1,1
413,goal_05,exito,679,467,1146,236.17,125.17,361.34,1,1
414,goal_05,exito,679,445,1124,236.18,135.22,371.4,1,1
415,goal_05,exito,679,448,1127,235.89,135.25,371.14,1,1
416,goal_05,exito,673,451,1124,236.46,135.61,372.07,1,1
417,goal_05,exito,679,468,1147,235.89,124.89,360.78,1,1
418,goal_05,exito,679,452,1131,236.18,126.85,363.03,1,1
419,goal_05,exito,679,466,1145,235.9,125.33,361.23,1,1
420,goal_05,exito,679,450,1129,235.89,135.5,371.39,1,1
421,goal_05,exito,679,447,1126,236.18,135.24,371.42,1,1
422,goal_05,exito,679,457,1136,236.17,126.05,362.22,1,1
423,goal_05,exito,679,466,1145,236.33,125.22,361.55,1,1
424,goal_05,exito,679,448,1127,236.18,135.32,371.5,1,1
425,goal_05,exito,679,450,1129,235.89,135.52,371.41,1,1
426,goal_05,exito,679,448,1127,236.18,135.16,371.33,1,1
427,goal_05,exito,673,473,1146,236.46,124.75,361.21,1,1
428,goal_05,exito,679,457,1136,235.9,126.13,362.03,1,1
429,goal_05,exito,679,467,1146,236.18,125.03,361.2,1,1
430,goal_05,exito,679,470,1149,236.17,124.88,361.06,1,1
431,goal_05,exito,679,471,1150,235.88,124.78,360.67,1,1
432,goal_05,exito,679,451,1130,235.89,135.58,371.48,1,1
433,goal_05,exito,679,451,1130,235.9,135.53,371.43,1,1
434,goal_05,exito,679,447,1126,236.18,135.27,371.45,1,1
435,goal_05,exito,679,468,1147,235.89,125.32,361.22,1,1
436,goal_05,exito,679,471,1150,235.92,124.94,360.85,1,1
437,goal_05,exito,679,447,1126,235.9,135.19,371.09,1,1
438,goal_05,exito,673,454,1127,236.46,126.41,362.87,1,1
439,goal_05,exito,679,449,1128,236.18,135.41,371.59,1,1
440,goal_05,exito,679,467,1146,235.89,125.22,361.12,1,1
441,goal_05,exito,679,447,1126,235.89,135.19,371.08,1,1
442,goal_05,exito,679,457,1136,235.89,126.21,362.1,1,1
443,goal_05,exito,679,457,1136,235.9,126.05,361.94,1,1
444,goal_05,exito,679,462,1141,236.17,125.68,361.85,1,1
445,goal_05,exito,679,470,1149,236.18,125.05,361.23,1,1
446,goal_05,exito,679,446,1125,235.9,135.26,371.16,1,1
447,goal_05,exito,679,458,1137,235.89,126.08,361.97,1,1
448,goal_05,exito,679,472,1151,235.88,124.86,360.74,1,1
449,goal_05,exito,679,449,1128,235.89,135.4,371.29,1,1
450,goal_05,exito,679,449,1128,235.89,135.43,371.33,1,1
451,goal_05,exito,679,448,1127,235.9,135.34,371.23,1,1
452,goal_05,exito,679,452,1131,235.88,135.7,371.58,1,1
453,goal_05,exito,679,465,1144,235.9,125.29,361.19,1,1
454,goal_05,exito,679,450,1129,235.89,135.34,371.23,1,1
455,goal_05,exito,679,459,1138,236.19,125.98,362.17,1,1
456,goal_05,exito,679,449,1128,235.9,135.41,371.31,1,1
457,goal_05,exito,679,448,1127,236.17,135.28,371.45,1,1
458,goal_05,exito,679,465,1144,236.18,125.31,361.49,1,1
459,goal_05,exito,679,449,1128,235.9,135.39,371.29,1,1
460,goal_05,exito,679,448,1127,236.35,135.28,371.64,1,1
461,goal_05,exito,679,451,1130,235.89,135.59,371.48,1,1
462,goal_05,exito,679,448,1127,236.18,135.33,371.51,1,1
463,goal_05,exito,679,456,1135,235.89,126.38,362.27,1,1
464,goal_05,exito,679,448,1127,236.18,135.3,371.47,1,1
465,goal_05,exito,679,473,1152,235.89,124.72,360.61,1,1
466,goal_05,exito,679,459,1138,236.18,126.01,362.19,1,1
467,goal_05,exito,679,448,1127,235.88,135.3,371.18,1,1
468,goal_05,exito,679,468,1147,236.18,124.91,361.09,1,1
469,goal_05,exito,679,451,1130,235.89,135.55,371.45,1,1
470,goal_05,exito,679,450,1129,236.17,135.47,371.64,1,1
471,goal_05,exito,679,471,1150,236.18,124.74,360.92,1,1
472,goal_05,exito,679,451,1130,236.18,135.6,371.78,1,1
473,goal_05,exito,679,470,1149,235.89,124.81,360.71,1,1
474,goal_05,exito,679,464,1143,236.17,125.62,361.79,1,1
475,goal_05,exito,679,467,1146,235.92,125.03,360.94,1,1
476,goal_05,exito,679,449,1128,236.18,135.42,371.6,1,1
477,goal_05,exito,679,473,1152,236.18,124.74,360.92,1,1
478,goal_05,exito,679,460,1139,236.2,125.9,362.09,1,1
479,goal_05,exito,679,449,1128,236.18,135.41,371.59,1,1
480,goal_05,exito,679,448,1127,235.89,135.31,371.2,1,1
481,goal_05,exito,679,468,1147,236.19,125.28,361.47,1,1
482,goal_05,exito,679,448,1127,236.18,135.22,371.4,1,1
483,goal_05,exito,673,469,1142,236.47,125.08,361.55,1,1
484,goal_05,exito,679,450,1129,235.9,135.55,371.45,1,1
485,goal_05,exito,679,448,1127,235.9,135.36,371.25,1,1
486,goal_05,exito,679,461,1140,235.92,125.76,361.68,1,1
487,goal_05,exito,679,457,1136,236.19,126.09,362.28,1,1
488,goal_05,exito,679,451,1130,236.18,135.55,371.73,1,1
489,goal_05,exito,679,460,1139,236.33,125.91,362.24,1,1
490,goal_05,exito,679,449,1128,236.19,135.39,371.58,1,1
491,goal_05,exito,679,458,1137,235.9,126.02,361.92,1,1
492,goal_05,exito,679,448,1127,235.91,135.27,371.17,1,1
493,goal_05,exito,679,448,1127,236.17,135.31,371.48,1,1
494,goal_05,exito,679,464,1143,236.17,125.32,361.49,1,1
495,goal_05,exito,673,459,1132,236.47,125.97,362.44,1,1
496,goal_05,exito,679,450,1129,235.88,135.48,371.36,1,1
497,goal_05,exito,679,472,1151,236.18,124.87,361.05,1,1
498,goal_05,exito,679,462,1141,236.18,125.49,361.68,1,1
499,goal_05,exito,673,448,1121,236.47,135.32,371.8,1,1
500,goal_05,exito,679,461,1140,236.18,125.79,361.97,1,1
501,goal_06,exito,751,446,1197,242.63,135.2,377.83,1,1
502,goal_06,exito,753,473,1226,242.81,124.72,367.53,1,1
503,goal_06,exito,752,474,1226,242.76,124.69,367.45,1,1
504,goal_06,exito,753,449,1202,242.87,135.43,378.3,1,1
505,goal_06,exito,753,466,1219,242.85,125.09,367.93,1,1
506,goal_06,exito,753,474,1227,242.84,124.56,367.4,1,1
507,goal_06,exito,753,466,1219,242.87,125.21,368.08,1,1
508,goal_06,exito,753,446,1199,242.86,135.25,378.1,1,1
509,goal_06,exito,753,448,1201,242.86,135.28,378.13,1,1
510,goal_06,exito,753,451,1204,242.86,135.6,378.46,1,1
511,goal_06,exito,753,446,1199,242.87,135.21,378.08,1,1
512,goal_06,exito,753,449,1202,242.84,135.38,378.21,1,1
513,goal_06,exito,746,459,1205,243.08,125.84,368.92,1,1
514,goal_06,exito,752,450,1202,242.92,135.5,378.42,1,1
515,goal_06,exito,753,446,1199,242.86,135.27,378.13,1,1
516,goal_06,exito,752,447,1199,242.75,135.19,377.94,1,1
517,goal_06,exito,746,448,1194,243.09,135.27,378.36,1,1
518,goal_06,exito,753,448,1201,242.84,135.28,378.12,1,1
519,goal_06,exito,751,457,1208,242.63,126.19,368.82,1,1
520,goal_06,exito,753,446,1199,242.83,135.23,378.06,1,1
521,goal_06,exito,753,451,1204,242.81,135.57,378.38,1,1
522,goal_06,exito,753,466,1219,242.85,125.23,368.07,1,1
523,goal_06,exito,753,474,1227,242.85,124.48,367.33,1,1
524,goal_06,exito,752,448,1200,242.81,135.3,378.11,1,1
525,goal_06,exito,753,448,1201,242.85,135.33,378.17,1,1
526,goal_06,exito,753,448,1201,242.81,135.3,378.11,1,1
527,goal_06,exito,753,447,1200,242.85,135.19,378.04,1,1
528,goal_06,exito,752,448,1200,242.86,135.32,378.18,1,1
529,goal_06,exito,752,473,1225,242.7,124.67,367.37,1,1
530,goal_06,exito,752,450,1202,242.71,135.5,378.2,1,1
531,goal_06,exito,753,457,1210,242.86,126.25,369.11,1,1
532,goal_06,exito,753,453,1206,242.8,126.82,369.62,1,1
533,goal_06,exito,753,446,1199,242.86,127.71,370.57,1,1
534,goal_06,exito,753,469,1222,242.82,125.03,367.84,1,1
535,goal_06,exito,751,472,1223,242.68,124.85,367.53,1,1
536,goal_06,exito,753,463,1216,242.86,125.71,368.57,1,1
537,goal_06,exito,752,449,1201,242.76,135.37,378.14,1,1
538,goal_06,exito,746,445,1191,243.07,135.15,378.22,1,1
539,goal_06,exito,751,458,1209,242.63,125.97,368.6,1,1
540,goal_06,exito,752,445,1197,242.7,135.19,377.89,1,1
541,goal_06,exito,752,457,1209,242.77,126.21,368.98,1,1
542,goal_06,exito,753,457,1210,242.87,126.02,368.88,1,1
543,goal_06,exito,753,468,1221,242.86,124.92,367.78,1,1
544,goal_06,exito,752,474,1226,242.77,124.48,367.26,1,1
545,goal_06,exito,753,468,1221,242.84,124.9,367.74,1,1
546,goal_06,exito,750,451,1201,242.68,135.61,378.29,1,1
547,goal_06,exito,753,473,1226,242.86,124.67,367.53,1,1
548,goal_06,exito,753,449,1202,242.86,135.42,378.28,1,1
549,goal_06,exito,753,450,1203,242.86,135.5,378.36,1,1
550,goal_06,exito,750,456,1206,242.7,126.23,368.93,1,1
551,goal_06,exito,752,465,1217,242.76,125.29,368.05,1,1
552,goal_06,exito,753,448,1201,242.79,135.31,378.1,1,1
553,goal_06,exito,753,469,1222,242.86,124.97,367.83,1,1
554,goal_06,exito,753,464,1217,242.83,125.49,368.33,1,1
555,goal_06,exito,753,472,1225,242.8,124.84,367.63,1,1
556,goal_06,exito,751,474,1225,242.82,124.71,367.52,1,1
557,goal_06,exito,753,446,1199,242.86,135.17,378.04,1,1
558,goal_06,exito,753,467,1220,242.83,125.23,368.06,1,1
559,goal_06,exito,753,463,1216,242.82,125.68,368.5,1,1
560,goal_06,exito,753,466,1219,242.87,125.28,368.15,1,1
561,goal_06,exito,752,459,1211,242.86,125.97,368.83,1,1
562,goal_06,exito,753,457,1210,242.86,126.25,369.11,1,1
563,goal_06,exito,753,453,1206,242.85,126.74,369.59,1,1
564,goal_06,exito,752,469,1221,242.71,125.06,367.77,1,1
565,goal_06,exito,753,450,1203,242.86,135.49,378.35,1,1
566,goal_06,exito,751,456,1207,242.81,126.25,369.06,1,1
567,goal_06,exito,750,465,1215,242.69,125.3,367.99,1,1
568,goal_06,exito,753,467,1220,242.86,125.24,368.1,1,1
569,goal_06,exito,752,462,1214,242.77,125.49,368.26,1,1
570,goal_06,exito,746,472,1218,243.08,124.81,367.88,1,1
571,goal_06,exito,753,446,1199,242.85,135.27,378.12,1,1
572,goal_06,exito,753,448,1201,242.8,135.32,378.13,1,1
573,goal_06,exito,753,463,1216,242.82,125.54,368.37,1,1
574,goal_06,exito,753,463,1216,242.86,125.68,368.55,1,1
575,goal_06,exito,753,448,1201,242.86,135.32,378.17,1,1
576,goal_06,exito,751,473,1224,242.83,124.67,367.5,1,1
577,goal_06,exito,753,449,1202,242.86,135.45,378.31,1,1
578,goal_06,exito,753,450,1203,242.86,135.53,378.39,1,1
579,goal_06,exito,753,448,1201,242.84,135.33,378.16,1,1
580,goal_06,exito,753,445,1198,242.87,135.19,378.07,1,1
581,goal_06,exito,753,473,1226,242.86,124.68,367.54,1,1
582,goal_06,exito,753,448,1201,242.86,135.33,378.2,1,1
583,goal_06,exito,752,447,1199,242.93,135.23,378.16,1,1
584,goal_06,exito,752,448,1200,242.77,135.35,378.12,1,1
585,goal_06,exito,752,464,1216,242.73,125.51,368.24,1,1
586,goal_06,exito,753,445,1198,242.87,135.16,378.02,1,1
587,goal_06,exito,753,448,1201,242.86,127.28,370.14,1,1
588,goal_06,exito,753,448,1201,242.85,135.28,378.13,1,1
589,goal_06,exito,753,456,1209,242.86,126.29,369.15,1,1
590,goal_06,exito,753,465,1218,242.82,125.47,368.29,1,1
591,goal_06,exito,753,445,1198,242.83,135.18,378.01,1,1
592,goal_06,exito,753,454,1207,242.86,126.48,369.34,1,1
593,goal_06,exito,753,446,1199,242.85,135.24,378.09,1,1
594,goal_06,exito,751,451,1202,242.66,135.57,378.23,1,1
595,goal_06,exito,753,448,1201,242.87,135.35,378.21,1,1
596,goal_06,exito,752,449,1201,242.7,135.42,378.12,1,1
597,goal_06,exito,751,465,1216,242.81,125.27,368.08,1,1
598,goal_06,exito,746,467,1213,243.08,125.16,368.24,1,1
599,goal_06,exito,753,448,1201,242.85,135.29,378.13,1,1
600,goal_06,exito,753,462,1215,242.86,125.81,368.67,1,1
601,goal_07,exito,847,463,1310,260.78,125.68,386.46,1,1
602,goal_07,exito,847,447,1294,260.79,135.17,395.97,1,1
603,goal_07,exito,835,469,1304,261.08,125.09,386.17,1,1
604,goal_07,exito,847,466,1313,260.78,125.36,386.14,1,1
605,goal_07,exito,847,473,1320,260.78,124.62,385.4,1,1
606,goal_07,exito,847,448,1295,260.77,135.33,396.1,1,1
607,goal_07,exito,847,469,1316,260.78,125.05,385.83,1,1
608,goal_07,exito,847,448,1295,260.78,135.29,396.07,1,1
609,goal_07,exito,847,466,1313,260.78,125.33,386.11,1,1
610,goal_07,exito,847,449,1296,260.79,135.36,396.15,1,1
611,goal_07,exito,847,446,1293,260.77,135.25,396.03,1,1
612,goal_07,exito,847,448,1295,260.79,135.3,396.09,1,1
613,goal_07,exito,847,449,1296,260.77,135.39,396.16,1,1
614,goal_07,exito,847,448,1295,260.79,135.26,396.05,1,1
615,goal_07,exito,847,448,1295,260.77,135.28,396.05,1,1
616,goal_07,exito,847,449,1296,260.77,135.42,396.2,1,1
617,goal_07,exito,847,448,1295,260.8,135.33,396.13,1,1
618,goal_07,exito,847,448,1295,260.78,135.25,396.02,1,1
619,goal_07,exito,847,468,1315,260.77,125.08,385.85,1,1
620,goal_07,exito,847,473,1320,260.79,124.67,385.46,1,1
621,goal_07,exito,847,465,1312,260.78,125.46,386.24,1,1
622,goal_07,exito,847,453,1300,260.79,126.84,387.63,1,1
623,goal_07,exito,847,450,1297,260.77,135.49,396.26,1,1
624,goal_07,exito,847,449,1296,260.79,135.44,396.23,1,1
625,goal_07,exito,847,446,1293,260.78,135.15,395.93,1,1
626,goal_07,exito,835,459,1294,261.08,125.83,386.91,1,1
627,goal_07,exito,847,451,1298,260.77,135.46,396.23,1,1
628,goal_07,exito,847,450,1297,260.78,135.47,396.24,1,1
629,goal_07,exito,847,471,1318,260.79,124.92,385.71,1,1
630,goal_07,exito,847,446,1293,260.79,135.23,396.02,1,1
631,goal_07,exito,847,447,1294,260.78,135.18,395.96,1,1
632,goal_07,exito,835,471,1306,261.08,124.64,385.72,1,1
633,goal_07,exito,847,449,1296,260.78,135.41,396.19,1,1
634,goal_07,exito,847,464,1311,260.79,125.54,386.33,1,1
635,goal_07,exito,847,469,1316,260.79,125.03,385.82,1,1
636,goal_07,exito,847,446,1293,260.8,135.21,396.01,1,1
637,goal_07,exito,847,447,1294,260.77,135.26,396.04,1,1
638,goal_07,exito,847,456,1303,260.8,126.25,387.05,1,1
639,goal_07,exito,847,464,1311,260.79,125.51,386.3,1,1
640,goal_07,exito,847,448,1295,260.79,135.35,396.14,1,1
641,goal_07,exito,847,451,1298,260.8,135.53,396.33,1,1
642,goal_07,exito,847,448,1295,260.77,135.28,396.06,1,1
643,goal_07,exito,847,451,1298,260.77,135.6,396.37,1,1
644,goal_07,exito,847,459,1306,260.78,125.97,386.75,1,1
645,goal_07,exito,847,473,1320,260.79,124.7,385.48,1,1
646,goal_07,exito,847,471,1318,260.78,124.6,385.38,1,1
647,goal_07,exito,835,466,1301,261.08,125.31,386.39,1,1
648,goal_07,exito,847,462,1309,260.78,125.5,386.27,1,1
649,goal_07,exito,835,448,1283,261.08,135.29,396.37,1,1
650,goal_07,exito,847,471,1318,260.77,124.71,385.48,1,1
651,goal_07,exito,835,467,1302,261.08,125.2,386.27,1,1
652,goal_07,exito,847,466,1313,260.78,125.17,385.95,1,1
653,goal_07,exito,847,470,1317,260.77,124.94,385.71,1,1
654,goal_07,exito,847,473,1320,260.79,124.62,385.41,1,1
655,goal_07,exito,847,466,1313,260.79,125.21,386.0,1,1
656,goal_07,exito,847,446,1293,260.78,135.25,396.02,1,1
657,goal_07,exito,847,451,1298,260.8,135.56,396.36,1,1
658,goal_07,exito,847,469,1316,260.77,124.96,385.73,1,1
659,goal_07,exito,847,448,1295,260.77,135.31,396.09,1,1
660,goal_07,exito,847,449,1296,260.8,135.4,396.2,1,1
661,goal_07,exito,847,463,1310,260.79,125.54,386.33,1,1
662,goal_07,exito,847,449,1296,260.78,135.31,396.1,1,1
663,goal_07,exito,847,465,1312,260.8,125.33,386.13,1,1
664,goal_07,exito,847,463,1310,260.8,125.67,386.47,1,1
665,goal_07,exito,847,449,1296,260.79,135.42,396.21,1,1
666,goal_07,exito,847,474,1321,260.78,124.71,385.49,1,1
667,goal_07,exito,847,450,1297,260.79,135.52,396.3,1,1
668,goal_07,exito,847,448,1295,260.78,135.24,396.02,1,1
669,goal_07,exito,835,469,1304,261.08,125.1,386.18,1,1
670,goal_07,exito,847,457,1304,260.79,126.09,386.88,1,1
671,goal_07,exito,847,465,1312,260.8,125.44,386.24,1,1
672,goal_07,exito,847,447,1294,260.79,127.54,388.33,1,1
673,goal_07,exito,847,447,1294,260.78,127.53,388.31,1,1
674,goal_07,exito,847,448,1295,260.77,135.33,396.11,1,1
675,goal_07,exito,847,459,1306,260.79,125.85,386.65,1,1
676,goal_07,exito,847,450,1297,260.77,135.51,396.28,1,1
677,goal_07,exito,847,451,1298,260.78,135.59,396.37,1,1
678,goal_07,exito,847,449,1296,260.79,135.38,396.17,1,1
679,goal_07,exito,847,469,1316,260.77,125.05,385.81,1,1
680,goal_07,exito,847,447,1294,260.78,135.17,395.95,1,1
681,goal_07,exito,835,447,1282,261.08,135.27,396.35,1,1
682,goal_07,exito,847,448,1295,260.78,135.34,396.13,1,1
683,goal_07,exito,847,464,1311,260.79,125.63,386.42,1,1
684,goal_07,exito,847,457,1304,260.8,126.27,387.07,1,1
685,goal_07,exito,847,465,1312,260.78,125.45,386.23,1,1
686,goal_07,exito,847,447,1294,260.79,135.21,396.0,1,1
687,goal_07,exito,847,455,1302,260.78,126.45,387.23,1,1
688,goal_07,exito,847,449,1296,260.78,135.42,396.2,1,1
689,goal_07,exito,847,465,1312,260.79,125.27,386.06,1,1
690,goal_07,exito,835,450,1285,261.08,135.45,396.53,1,1
691,goal_07,exito,835,451,1286,261.08,135.59,396.68,1,1
692,goal_07,exito,847,445,1292,260.79,135.1,395.89,1,1
693,goal_07,exito,835,451,1286,261.08,135.58,396.65,1,1
694,goal_07,exito,847,472,1319,260.78,124.77,385.55,1,1
695,goal_07,exito,847,447,1294,260.79,135.26,396.05,1,1
696,goal_07,exito,847,464,1311,260.79,125.53,386.32,1,1
697,goal_07,exito,847,448,1295,260.79,135.34,396.13,1,1
698,goal_07,exito,847,449,1296,260.77,135.45,396.22,1,1
699,goal_07,exito,847,452,1299,260.79,126.85,387.64,1,1
700,goal_07,exito,847,462,1309,260.78,125.52,386.3,1,1
701,goal_08,exito,862,450,1312,254.0,135.53,389.53,1,1
702,goal_08,exito,862,448,1310,253.98,135.26,389.24,1,1
703,goal_08,exito,862,461,1323,254.01,125.8,379.81,1,1
704,goal_08,exito,862,471,1333,253.98,125.14,379.12,1,1
705,goal_08,exito,862,460,1322,253.98,126.0,379.98,1,1
706,goal_08,exito,862,470,1332,254.0,125.31,379.32,1,1
707,goal_08,exito,862,447,1309,253.99,135.22,389.21,1,1
708,goal_08,exito,862,456,1318,254.0,126.31,380.31,1,1
709,goal_08,exito,862,447,1309,253.94,135.22,389.15,1,1
710,goal_08,exito,862,446,1308,254.0,135.24,389.24,1,1
711,goal_08,exito,862,446,1308,253.92,135.26,389.18,1,1
712,goal_08,exito,862,465,1327,253.95,125.48,379.43,1,1
713,goal_08,exito,862,452,1314,253.98,135.59,389.57,1,1
714,goal_08,exito,862,451,1313,253.96,135.53,389.49,1,1
715,goal_08,exito,862,450,1312,253.99,135.52,389.51,1,1
716,goal_08,exito,862,465,1327,254.01,125.56,379.57,1,1
717,goal_08,exito,862,454,1316,254.02,126.48,380.5,1,1
718,goal_08,exito,862,470,1332,254.0,125.06,379.07,1,1
719,goal_08,exito,862,448,1310,254.0,135.33,389.33,1,1
720,goal_08,exito,862,447,1309,254.0,135.17,389.17,1,1
721,goal_08,exito,858,449,1307,254.41,135.27,389.68,1,1
722,goal_08,exito,862,468,1330,254.0,125.33,379.33,1,1
723,goal_08,exito,862,449,1311,254.21,135.37,389.58,1,1
724,goal_08,exito,858,452,1310,254.4,126.9,381.3,1,1
725,goal_08,exito,862,451,1313,253.99,135.58,389.57,1,1
726,goal_08,exito,862,449,1311,253.97,135.29,389.25,1,1
727,goal_08,exito,862,469,1331,253.99,125.02,379.0,1,1
728,goal_08,exito,862,452,1314,254.01,126.82,380.83,1,1
729,goal_08,exito,862,449,1311,254.0,135.38,389.38,1,1
730,goal_08,exito,862,470,1332,253.99,125.26,379.25,1,1
731,goal_08,exito,862,469,1331,253.97,125.03,379.0,1,1
732,goal_08,exito,862,465,1327,253.98,125.45,379.43,1,1
733,goal_08,exito,862,450,1312,253.98,135.4,389.38,1,1
734,goal_08,exito,862,448,1310,254.0,135.34,389.34,1,1
735,goal_08,exito,862,466,1328,253.98,125.3,379.28,1,1
736,goal_08,exito,862,456,1318,254.0,126.34,380.34,1,1
737,goal_08,exito,862,445,1307,254.02,135.18,389.19,1,1
738,goal_08,exito,862,457,1319,254.02,126.25,380.27,1,1
739,goal_08,exito,862,465,1327,253.93,125.56,379.5,1,1
740,goal_08,exito,862,470,1332,253.93,125.06,378.99,1,1
741,goal_08,exito,862,461,1323,253.95,125.77,379.71,1,1
742,goal_08,exito,862,451,1313,253.98,135.6,389.58,1,1
743,goal_08,exito,862,464,1326,253.93,125.53,379.47,1,1
744,goal_08,exito,862,465,1327,253.95,125.49,379.43,1,1
745,goal_08,exito,862,448,1310,254.0,135.32,389.33,1,1
746,goal_08,exito,862,449,1311,253.99,135.43,389.42,1,1
747,goal_08,exito,862,449,1311,254.0,135.3,389.3,1,1
748,goal_08,exito,862,470,1332,253.99,125.04,379.03,1,1
749,goal_08,exito,862,446,1308,253.99,135.24,389.23,1,1
750,goal_08,exito,862,465,1327,253.99,125.57,379.55,1,1
751,goal_08,exito,862,448,1310,253.98,135.26,389.24,1,1
752,goal_08,exito,862,449,1311,254.0,135.37,389.37,1,1
753,goal_08,exito,862,470,1332,253.99,124.82,378.81,1,1
754,goal_08,exito,862,464,1326,254.02,125.52,379.54,1,1
755,goal_08,exito,862,446,1308,253.98,135.19,389.17,1,1
756,goal_08,exito,862,449,1311,253.96,135.37,389.33,1,1
757,goal_08,exito,862,461,1323,253.98,125.76,379.74,1,1
758,goal_08,exito,862,470,1332,253.98,124.85,378.84,1,1
759,goal_08,exito,862,459,1321,253.98,125.96,379.94,1,1
760,goal_08,exito,862,457,1319,254.01,126.24,380.26,1,1
761,goal_08,exito,862,448,1310,253.99,135.3,389.29,1,1
762,goal_08,exito,862,470,1332,254.0,124.85,378.85,1,1
763,goal_08,exito,862,466,1328,254.01,125.38,379.38,1,1
764,goal_08,exito,862,456,1318,254.0,126.41,380.4,1,1
765,goal_08,exito,862,448,1310,253.97,135.31,389.28,1,1
766,goal_08,exito,862,449,1311,254.0,135.31,389.32,1,1
767,goal_08,exito,862,468,1330,254.01,125.01,379.02,1,1
768,goal_08,exito,862,451,1313,254.01,135.57,389.59,1,1
769,goal_08,exito,862,448,1310,253.97,135.31,389.28,1,1
770,goal_08,exito,862,468,1330,253.98,124.95,378.93,1,1
771,goal_08,exito,862,461,1323,253.99,125.79,379.78,1,1
772,goal_08,exito,862,448,1310,253.95,135.34,389.29,1,1
773,goal_08,exito,862,448,1310,253.99,135.31,389.3,1,1
774,goal_08,exito,862,465,1327,254.0,125.5,379.5,1,1
775,goal_08,exito,862,454,1316,254.01,126.66,380.67,1,1
776,goal_08,exito,862,468,1330,253.99,125.2,379.19,1,1
777,goal_08,exito,862,470,1332,253.99,124.77,378.76,1,1
778,goal_08,exito,858,449,1307,254.4,135.41,389.8,1,1
779,goal_08,exito,862,462,1324,254.01,125.55,379.56,1,1
780,goal_08,exito,858,449,1307,254.39,135.45,389.83,1,1
781,goal_08,exito,862,462,1324,253.93,125.83,379.76,1,1
782,goal_08,exito,862,455,1317,253.92,126.47,380.38,1,1
783,goal_08,exito,862,464,1326,253.94,125.51,379.45,1,1
784,goal_08,exito,862,471,1333,253.97,125.14,379.11,1,1
785,goal_08,exito,862,471,1333,253.98,125.05,379.03,1,1
786,goal_08,exito,862,448,1310,253.97,135.33,389.3,1,1
787,goal_08,exito,862,462,1324,253.97,125.64,379.61,1,1
788,goal_08,exito,862,472,1334,254.01,124.89,378.9,1,1
789,goal_08,exito,862,466,1328,254.0,125.28,379.28,1,1
790,goal_08,exito,862,447,1309,253.96,135.32,389.28,1,1
791,goal_08,exito,862,449,1311,253.98,135.41,389.39,1,1
792,goal_08,exito,862,446,1308,253.98,127.62,381.6,1,1
793,goal_08,exito,862,466,1328,253.98,125.25,379.23,1,1
794,goal_08,exito,862,472,1334,253.97,124.76,378.73,1,1
795,goal_08,exito,862,462,1324,253.95,125.79,379.74,1,1
796,goal_08,exito,862,448,1310,253.99,135.33,389.32,1,1
797,goal_08,exito,862,468,1330,253.99,125.29,379.28,1,1
798,goal_08,exito,862,444,1306,253.97,135.1,389.07,1,1
799,goal_08,exito,862,467,1329,253.96,125.05,379.01,1,1
800,goal_08,exito,862,448,1310,253.98,135.33,389.31,1,1
801,goal_09,exito,1145,449,1594,282.53,135.42,417.95,1,1
802,goal_09,exito,1145,458,1603,282.75,126.04,408.79,1,1
803,goal_09,exito,1145,461,1606,282.78,125.76,408.53,1,1
804,goal_09,exito,1145,471,1616,282.79,124.92,407.71,1,1
805,goal_09,exito,1145,448,1593,282.8,135.3,418.1,1,1
806,goal_09,exito,1145,468,1613,282.76,125.27,408.02,1,1
807,goal_09,exito,1145,473,1618,282.75,124.74,407.49,1,1
808,goal_09,exito,1145,451,1596,282.75,135.59,418.34,1,1
809,goal_09,exito,1145,451,1596,282.76,135.63,418.39,1,1
810,goal_09,exito,1145,468,1613,282.73,124.91,407.64,1,1
811,goal_09,exito,1145,448,1593,282.79,135.27,418.05,1,1
812,goal_09,exito,1141,474,1615,283.17,124.63,407.79,1,1
813,goal_09,exito,1145,448,1593,282.78,135.24,418.02,1,1
814,goal_09,exito,1145,446,1591,282.78,135.24,418.01,1,1
815,goal_09,exito,1145,458,1603,282.75,126.04,408.78,1,1
816,goal_09,exito,1145,450,1595,282.74,135.52,418.27,1,1
817,goal_09,exito,1145,447,1592,282.55,135.22,417.77,1,1
818,goal_09,exito,1145,470,1615,282.78,124.9,407.69,1,1
819,goal_09,exito,1145,446,1591,282.75,135.2,417.95,1,1
820,goal_09,exito,1145,456,1601,282.76,126.27,409.03,1,1
821,goal_09,exito,1145,450,1595,282.77,135.51,418.28,1,1
822,goal_09,exito,1145,449,1594,282.73,135.41,418.14,1,1
823,goal_09,exito,1145,462,1607,282.76,125.78,408.54,1,1
824,goal_09,exito,1145,448,1593,282.76,135.35,418.11,1,1
825,goal_09,exito,1145,456,1601,282.55,126.31,408.87,1,1
826,goal_09,exito,1145,449,1594,282.78,135.33,418.11,1,1
827,goal_09,exito,1145,456,1601,282.74,126.27,409.01,1,1
828,goal_09,exito,1145,450,1595,282.76,135.51,418.26,1,1
829,goal_09,exito,1145,450,1595,282.57,135.51,418.08,1,1
830,goal_09,exito,1145,467,1612,282.74,125.17,407.91,1,1
831,goal_09,exito,1145,451,1596,282.77,135.58,418.36,1,1
832,goal_09,exito,1145,453,1598,282.72,126.69,409.42,1,1
833,goal_09,exito,1145,449,1594,282.75,135.44,418.18,1,1
834,goal_09,exito,1145,448,1593,282.76,135.3,418.06,1,1
835,goal_09,exito,1145,471,1616,282.76,124.92,407.68,1,1
836,goal_09,exito,1145,449,1594,282.73,135.42,418.15,1,1
837,goal_09,exito,1145,450,1595,282.76,135.39,418.14,1,1
838,goal_09,exito,1145,446,1591,282.77,135.19,417.95,1,1
839,goal_09,exito,1145,448,1593,282.75,135.27,418.01,1,1
840,goal_09,exito,1141,467,1608,283.17,125.16,408.33,1,1
841,goal_09,exito,1145,451,1596,282.74,135.6,418.35,1,1
842,goal_09,exito,1145,461,1606,282.76,125.76,408.52,1,1
843,goal_09,exito,1145,449,1594,282.81,135.38,418.18,1,1
844,goal_09,exito,1145,445,1590,282.79,135.19,417.98,1,1
845,goal_09,exito,1145,451,1596,282.73,135.62,418.35,1,1
846,goal_09,exito,1145,454,1599,282.76,126.55,409.31,1,1
847,goal_09,exito,1145,467,1612,282.76,125.22,407.98,1,1
848,goal_09,exito,1145,466,1611,282.75,125.22,407.97,1,1
849,goal_09,exito,1145,449,1594,282.79,135.44,418.24,1,1
850,goal_09,exito,1145,450,1595,282.57,135.53,418.1,1,1
851,goal_09,exito,1145,449,1594,282.55,135.4,417.95,1,1
852,goal_09,exito,1145,456,1601,282.74,126.29,409.03,1,1
853,goal_09,exito,1145,451,1596,282.78,135.61,418.39,1,1
854,goal_09,exito,1145,469,1614,282.56,124.74,407.3,1,1
855,goal_09,exito,1145,450,1595,282.79,135.48,418.27,1,1
856,goal_09,exito,1145,469,1614,282.74,125.09,407.84,1,1
857,goal_09,exito,1145,445,1590,282.79,135.14,417.93,1,1
858,goal_09,exito,1145,449,1594,282.78,135.42,418.19,1,1
859,goal_09,exito,1145,458,1603,282.78,125.93,408.71,1,1
860,goal_09,exito,1145,470,1615,282.77,124.92,407.69,1,1
861,goal_09,exito,1145,463,1608,282.79,125.66,408.45,1,1
862,goal_09,exito,1145,446,1591,282.76,135.2,417.96,1,1
863,goal_09,exito,1145,445,1590,282.8,135.13,417.92,1,1
864,goal_09,exito,1145,459,1604,282.78,125.98,408.76,1,1
865,goal_09,exito,1145,451,1596,282.76,135.53,418.29,1,1
866,goal_09,exito,1145,462,1607,282.75,125.53,408.28,1,1
867,goal_09,exito,1141,447,1588,283.17,135.31,418.48,1,1
868,goal_09,exito,1145,448,1593,282.76,135.3,418.06,1,1
869,goal_09,exito,1145,448,1593,282.79,135.3,418.09,1,1
870,goal_09,exito,1145,449,1594,282.79,135.41,418.21,1,1
871,goal_09,exito,1145,465,1610,282.74,125.23,407.97,1,1
872,goal_09,exito,1145,448,1593,282.74,135.27,418.01,1,1
873,goal_09,exito,1145,446,1591,282.78,135.15,417.93,1,1
874,goal_09,exito,1145,461,1606,282.77,125.76,408.53,1,1
875,goal_09,exito,1145,461,1606,282.78,125.7,408.48,1,1
876,goal_09,exito,1145,450,1595,282.78,135.52,418.3,1,1
877,goal_09,exito,1145,472,1617,282.57,124.92,407.49,1,1
878,goal_09,exito,1145,449,1594,282.56,135.43,417.99,1,1
879,goal_09,exito,1145,446,1591,282.76,127.7,410.46,1,1
880,goal_09,exito,1145,461,1606,282.77,125.87,408.64,1,1
881,goal_09,exito,1145,463,1608,282.73,125.47,408.2,1,1
882,goal_09,exito,1145,464,1609,282.75,125.52,408.27,1,1
883,goal_09,exito,1145,446,1591,282.79,135.17,417.96,1,1
884,goal_09,exito,1145,450,1595,282.8,135.52,418.32,1,1
885,goal_09,exito,1145,446,1591,282.79,135.2,417.99,1,1
886,goal_09,exito,1145,448,1593,282.79,135.3,418.1,1,1
887,goal_09,exito,1145,450,1595,282.75,135.49,418.25,1,1
888,goal_09,exito,1145,468,1613,282.77,124.92,407.7,1,1
889,goal_09,exito,1145,465,1610,282.79,125.43,408.21,1,1
890,goal_09,exito,1145,456,1601,282.77,126.26,409.03,1,1
891,goal_09,exito,1145,445,1590,282.77,135.13,417.9,1,1
892,goal_09,exito,1145,473,1618,282.8,124.85,407.65,1,1
893,goal_09,exito,1145,465,1610,282.8,125.42,408.21,1,1
894,goal_09,exito,1145,458,1603,282.75,126.03,408.78,1,1
895,goal_09,exito,1145,465,1610,282.76,125.39,408.16,1,1
896,goal_09,exito,1145,449,1594,282.84,135.4,418.24,1,1
897,goal_09,exito,1145,445,1590,282.74,135.12,417.86,1,1
898,goal_09,exito,1145,449,1594,282.79,135.37,418.16,1,1
899,goal_09,exito,1145,450,1595,282.81,135.51,418.32,1,1
900,goal_09,exito,1145,448,1593,282.76,127.4,410.16,1,1
901,goal_10,exito,1362,465,1827,315.64,125.31,440.96,1,1
902,goal_10,exito,1361,458,1819,315.4,126.21,441.61,1,1
903,goal_10,exito,1361,464,1825,315.4,125.48,440.87,1,1
904,goal_10,exito,1362,446,1808,315.63,135.23,450.86,1,1
905,goal_10,exito,1361,454,1815,315.4,126.54,441.93,1,1
906,goal_10,exito,1362,449,1811,315.66,135.38,451.04,1,1
907,goal_10,exito,1362,474,1836,315.64,124.72,440.36,1,1
908,goal_10,exito,1361,449,1810,315.4,135.36,450.76,1,1
909,goal_10,exito,1362,466,1828,315.66,125.33,441.0,1,1
910,goal_10,exito,1362,462,1824,315.63,125.55,441.18,1,1
911,goal_10,exito,1362,449,1811,315.64,135.39,451.02,1,1
912,goal_10,exito,1362,474,1836,315.63,124.66,440.29,1,1
913,goal_10,exito,1362,468,1830,315.63,124.91,440.54,1,1
914,goal_10,exito,1362,454,1816,315.63,126.62,442.25,1,1
915,goal_10,exito,1362,464,1826,315.64,125.49,441.13,1,1
916,goal_10,exito,1361,470,1831,315.42,124.92,440.34,1,1
917,goal_10,exito,1362,470,1832,315.63,124.93,440.56,1,1
918,goal_10,exito,1362,449,1811,315.63,135.38,451.01,1,1
919,goal_10,exito,1358,472,1830,316.03,124.92,440.95,1,1
920,goal_10,exito,1361,459,1820,315.38,125.81,441.19,1,1
921,goal_10,exito,1362,468,1830,315.6,125.15,440.75,1,1
922,goal_10,exito,1362,451,1813,315.62,135.63,451.24,1,1
923,goal_10,exito,1361,450,1811,315.4,135.5,450.91,1,1
924,goal_10,exito,1362,475,1837,315.61,124.73,440.33,1,1
925,goal_10,exito,1362,451,1813,315.62,135.63,451.24,1,1
926,goal_10,exito,1361,444,1805,315.39,135.11,450.5,1,1
927,goal_10,exito,1362,449,1811,315.62,135.32,450.94,1,1
928,goal_10,exito,1362,469,1831,315.65,125.09,440.74,1,1
929,goal_10,exito,1362,469,1831,315.6,124.94,440.54,1,1
930,goal_10,exito,1362,468,1830,315.66,124.92,440.58,1,1
931,goal_10,exito,1362,449,1811,315.66,135.38,451.04,1,1
932,goal_10,exito,1362,471,1833,315.61,124.97,440.58,1,1
933,goal_10,exito,1362,461,1823,315.63,125.8,441.43,1,1
934,goal_10,exito,1361,463,1824,315.39,125.63,441.02,1,1
935,goal_10,exito,1362,465,1827,315.64,125.43,441.06,1,1
936,goal_10,exito,1362,449,1811,315.61,135.4,451.02,1,1
937,goal_10,exito,1362,449,1811,315.6,135.28,450.89,1,1
938,goal_10,exito,1362,448,1810,315.66,135.3,450.96,1,1
939,goal_10,exito,1362,449,1811,315.65,135.39,451.03,1,1
940,goal_10,exito,1362,451,1813,315.63,135.6,451.23,1,1
941,goal_10,exito,1361,447,1808,315.65,135.17,450.83,1,1
942,goal_10,exito,1358,458,1816,316.04,126.14,442.18,1,1
943,goal_10,exito,1361,465,1826,315.39,125.46,440.85,1,1
944,goal_10,exito,1362,449,1811,315.63,135.39,451.02,1,1
945,goal_10,exito,1362,458,1820,315.64,126.08,441.71,1,1
946,goal_10,exito,1362,447,1809,315.65,135.33,450.98,1,1
947,goal_10,exito,1362,447,1809,315.63,135.33,450.96,1,1
948,goal_10,exito,1361,468,1829,315.39,124.88,440.27,1,1
949,goal_10,exito,1358,462,1820,316.03,125.52,441.56,1,1
950,goal_10,exito,1362,448,1810,315.6,135.31,450.91,1,1
951,goal_10,exito,1362,470,1832,315.67,124.98,440.65,1,1
952,goal_10,exito,1362,461,1823,315.62,125.49,441.11,1,1
953,goal_10,exito,1358,458,1816,316.03,126.03,442.06,1,1
954,goal_10,exito,1362,449,1811,315.64,135.35,450.99,1,1
955,goal_10,exito,1362,460,1822,315.64,125.75,441.39,1,1
956,goal_10,exito,1362,447,1809,315.6,135.17,450.77,1,1
957,goal_10,exito,1362,449,1811,315.65,135.44,451.1,1,1
958,goal_10,exito,1361,452,1813,315.4,126.9,442.29,1,1
959,goal_10,exito,1362,450,1812,315.64,135.51,451.14,1,1
960,goal_10,exito,1361,465,1826,315.4,125.43,440.83,1,1
961,goal_10,exito,1362,462,1824,315.61,125.63,441.24,1,1
962,goal_10,exito,1362,474,1836,315.62,124.83,440.45,1,1
963,goal_10,exito,1362,446,1808,315.67,135.27,450.93,1,1
964,goal_10,exito,1362,473,1835,315.62,124.66,440.28,1,1
965,goal_10,exito,1362,463,1825,315.63,125.63,441.26,1,1
966,goal_10,exito,1361,451,1812,315.38,135.54,450.93,1,1
967,goal_10,exito,1362,459,1821,315.66,126.03,441.69,1,1
968,goal_10,exito,1362,448,1810,315.61,135.27,450.88,1,1
969,goal_10,exito,1358,453,1811,316.04,126.81,442.85,1,1
970,goal_10,exito,1362,451,1813,315.63,135.63,451.26,1,1
971,goal_10,exito,1362,448,1810,315.64,135.32,450.96,1,1
972,goal_10,exito,1362,471,1833,315.62,125.02,440.63,1,1
973,goal_10,exito,1362,467,1829,315.63,125.14,440.77,1,1
974,goal_10,exito,1362,449,1811,315.66,135.44,451.1,1,1
975,goal_10,exito,1362,460,1822,315.61,125.87,441.48,1,1
976,goal_10,exito,1362,448,1810,315.61,135.31,450.92,1,1
977,goal_10,exito,1361,474,1835,315.4,124.8,440.2,1,1
978,goal_10,exito,1362,448,1810,315.63,135.31,450.94,1,1
979,goal_10,exito,1362,460,1822,315.64,125.94,441.58,1,1
980,goal_10,exito,1362,469,1831,315.61,125.1,440.72,1,1
981,goal_10,exito,1361,448,1809,315.39,135.27,450.67,1,1
982,goal_10,exito,1358,450,1808,316.04,135.48,451.52,1,1
983,goal_10,exito,1362,449,1811,315.64,135.4,451.04,1,1
984,goal_10,exito,1362,457,1819,315.64,126.26,441.9,1,1
985,goal_10,exito,1362,462,1824,315.66,125.53,441.18,1,1
986,goal_10,exito,1362,450,1812,315.6,135.51,451.12,1,1
987,goal_10,exito,1361,474,1835,315.4,124.56,439.96,1,1
988,goal_10,exito,1362,450,1812,315.66,135.5,451.17,1,1
989,goal_10,exito,1362,461,1823,315.64,125.73,441.37,1,1
990,goal_10,exito,1362,454,1816,315.6,126.42,442.02,1,1
991,goal_10,exito,1362,449,1811,315.65,135.22,450.87,1,1
992,goal_10,exito,1358,459,1817,316.04,125.92,441.95,1,1
993,goal_10,exito,1362,449,1811,315.62,135.38,451.0,1,1
994,goal_10,exito,1362,470,1832,315.6,125.07,440.67,1,1
995,goal_10,exito,1361,474,1835,315.68,124.7,440.38,1,1
996,goal_10,exito,1362,448,1810,315.64,135.3,450.94,1,1
997,goal_10,exito,1362,463,1825,315.65,125.62,441.27,1,1
998,goal_10,exito,1361,446,1807,315.4,135.22,450.62,1,1
999,goal_10,exito,1362,451,1813,315.64,135.55,451.19,1,1
1000,goal_10,exito,1362,449,1811,315.63,135.4,451.03,1,1
1001,goal_11,exito,2180,465,2645,455.07,125.32,580.38,1,1
1002,goal_11,exito,2180,450,2630,455.06,135.51,590.56,1,1
1003,goal_11,exito,2180,469,2649,455.05,125.1,580.14,1,1
1004,goal_11,exito,2180,447,2627,455.05,135.24,590.28,1,1
1005,goal_11,exito,2180,460,2640,455.06,125.8,580.87,1,1
1006,goal_11,exito,2180,467,2647,455.07,125.03,580.09,1,1
1007,goal_11,exito,2180,448,2628,455.07,135.29,590.36,1,1
1008,goal_11,exito,2180,447,2627,455.07,135.33,590.4,1,1
1009,goal_11,exito,2180,448,2628,455.05,135.28,590.33,1,1
1010,goal_11,exito,2180,465,2645,455.06,125.46,580.52,1,1
1011,goal_11,exito,2180,473,2653,455.06,124.61,579.67,1,1
1012,goal_11,exito,2180,453,2633,455.07,126.66,581.72,1,1
1013,goal_11,exito,2180,446,2626,455.06,135.17,590.23,1,1
1014,goal_11,exito,2168,448,2616,454.34,127.41,581.74,1,1
1015,goal_11,exito,2180,448,2628,455.05,135.3,590.36,1,1
1016,goal_11,exito,2180,448,2628,455.05,135.32,590.38,1,1
1017,goal_11,exito,2180,450,2630,455.07,135.53,590.6,1,1
1018,goal_11,exito,2180,449,2629,455.05,135.4,590.45,1,1
1019,goal_11,exito,2180,447,2627,455.05,135.31,590.36,1,1
1020,goal_11,exito,2180,448,2628,455.07,135.34,590.41,1,1
1021,goal_11,exito,2180,460,2640,455.05,125.96,581.01,1,1
1022,goal_11,exito,2180,449,2629,455.06,135.41,590.48,1,1
1023,goal_11,exito,2180,448,2628,455.06,135.33,590.39,1,1
1024,goal_11,exito,2180,448,2628,455.06,135.29,590.35,1,1
1025,goal_11,exito,2180,455,2635,455.06,126.32,581.39,1,1
1026,goal_11,exito,2180,448,2628,455.07,135.28,590.34,1,1
1027,goal_11,exito,2180,469,2649,455.07,125.1,580.17,1,1
1028,goal_11,exito,2180,446,2626,455.03,135.26,590.29,1,1
1029,goal_11,exito,2180,452,2632,455.06,126.93,581.98,1,1
1030,goal_11,exito,2180,463,2643,455.07,125.63,580.7,1,1
1031,goal_11,exito,2180,447,2627,455.06,135.34,590.4,1,1
1032,goal_11,exito,2180,463,2643,455.06,125.65,580.7,1,1
1033,goal_11,exito,2180,450,2630,455.06,135.55,590.61,1,1
1034,goal_11,exito,2180,450,2630,455.03,135.49,590.51,1,1
1035,goal_11,exito,2180,451,2631,455.06,135.56,590.62,1,1
1036,goal_11,exito,2180,465,2645,455.06,125.46,580.52,1,1
1037,goal_11,exito,2180,472,2652,455.07,124.91,579.97,1,1
1038,goal_11,exito,2180,444,2624,455.06,135.07,590.13,1,1
1039,goal_11,exito,2180,471,2651,455.06,125.07,580.13,1,1
1040,goal_11,exito,2180,447,2627,455.05,135.24,590.29,1,1
1041,goal_11,exito,2180,449,2629,455.06,135.37,590.42,1,1
1042,goal_11,exito,2180,460,2640,455.06,125.64,580.7,1,1
1043,goal_11,exito,2168,445,2613,454.33,135.13,589.47,1,1
1044,goal_11,exito,2180,448,2628,455.06,135.31,590.37,1,1
1045,goal_11,exito,2180,451,2631,455.06,135.61,590.67,1,1
1046,goal_11,exito,2180,466,2646,455.07,125.29,580.36,1,1
1047,goal_11,exito,2180,470,2650,455.07,124.81,579.88,1,1
1048,goal_11,exito,2180,468,2648,455.06,125.02,580.08,1,1
1049,goal_11,exito,2180,448,2628,455.06,135.34,590.4,1,1
1050,goal_11,exito,2180,449,2629,455.05,135.28,590.33,1,1
1051,goal_11,exito,2180,462,2642,455.06,125.78,580.84,1,1
1052,goal_11,exito,2180,449,2629,455.03,135.37,590.4,1,1
1053,goal_11,exito,2180,451,2631,455.06,135.57,590.62,1,1
1054,goal_11,exito,2180,448,2628,455.07,127.36,582.43,1,1
1055,goal_11,exito,2180,446,2626,455.05,135.23,590.28,1,1
1056,goal_11,exito,2180,472,2652,455.06,124.82,579.88,1,1
1057,goal_11,exito,2180,448,2628,455.07,135.29,590.35,1,1
1058,goal_11,exito,2180,471,2651,455.07,124.9,579.97,1,1
1059,goal_11,exito,2180,449,2629,455.05,135.42,590.47,1,1
1060,goal_11,exito,2180,449,2629,455.06,135.38,590.44,1,1
1061,goal_11,exito,2180,463,2643,455.05,125.46,580.51,1,1
1062,goal_11,exito,2180,466,2646,455.08,125.38,580.46,1,1
1063,goal_11,exito,2180,470,2650,455.06,125.04,580.1,1,1
1064,goal_11,exito,2180,471,2651,455.07,125.04,580.11,1,1
1065,goal_11,exito,2180,451,2631,455.05,135.61,590.66,1,1
1066,goal_11,exito,2180,451,2631,455.05,135.6,590.65,1,1
1067,goal_11,exito,2180,447,2627,455.06,135.2,590.27,1,1
1068,goal_11,exito,2180,459,2639,455.04,125.84,580.89,1,1
1069,goal_11,exito,2180,449,2629,455.07,135.39,590.46,1,1
1070,goal_11,exito,2180,449,2629,455.06,135.43,590.49,1,1
1071,goal_11,exito,2180,469,2649,455.06,125.03,580.09,1,1
1072,goal_11,exito,2180,467,2647,455.05,125.12,580.17,1,1
1073,goal_11,exito,2180,460,2640,455.06,125.77,580.83,1,1
1074,goal_11,exito,2180,448,2628,455.06,135.33,590.4,1,1
1075,goal_11,exito,2180,448,2628,455.03,135.31,590.34,1,1
1076,goal_11,exito,2180,448,2628,455.05,135.3,590.36,1,1
1077,goal_11,exito,2180,448,2628,455.06,135.32,590.38,1,1
1078,goal_11,exito,2180,450,2630,455.06,135.5,590.56,1,1
1079,goal_11,exito,2180,449,2629,455.06,135.41,590.47,1,1
1080,goal_11,exito,2180,462,2642,455.06,125.77,580.84,1,1
1081,goal_11,exito,2180,467,2647,455.06,125.2,580.26,1,1
1082,goal_11,exito,2180,454,2634,455.06,126.55,581.62,1,1
1083,goal_11,exito,2180,471,2651,455.06,125.05,580.11,1,1
1084,goal_11,exito,2180,466,2646,455.05,125.29,580.34,1,1
1085,goal_11,exito,2180,448,2628,455.06,135.29,590.35,1,1
1086,goal_11,exito,2168,456,2624,454.34,126.28,580.63,1,1
1087,goal_11,exito,2180,456,2636,455.06,126.26,581.32,1,1
1088,goal_11,exito,2180,447,2627,455.06,135.17,590.23,1,1
1089,goal_11,exito,2168,448,2616,454.34,135.32,589.66,1,1
1090,goal_11,exito,2180,467,2647,455.06,125.05,580.12,1,1
1091,goal_11,exito,2180,447,2627,455.05,135.31,590.36,1,1
1092,goal_11,exito,2180,463,2643,455.05,125.7,580.75,1,1
1093,goal_11,exito,2180,465,2645,455.05,125.45,580.49,1,1
1094,goal_11,exito,2180,467,2647,455.07,125.13,580.2,1,1
1095,goal_11,exito,2180,446,2626,455.07,135.25,590.32,1,1
1096,goal_11,exito,2180,450,2630,455.05,135.52,590.57,1,1
1097,goal_11,exito,2180,448,2628,455.05,135.31,590.36,1,1
1098,goal_11,exito,2180,463,2643,455.06,125.68,580.74,1,1
1099,goal_11,exito,2180,450,2630,455.05,135.54,590.59,1,1
1100,goal_11,exito,2180,448,2628,455.06,135.32,590.38,1,1
1101,goal_12,exito,1961,449,2410,422.48,135.44,557.91,1,1
1102,goal_12,exito,1961,452,2413,422.44,135.57,558.01,1,1
1103,goal_12,exito,1961,468,2429,422.45,125.15,547.6,1,1
1104,goal_12,exito,1961,450,2411,422.47,135.52,557.98,1,1
1105,goal_12,exito,1961,463,2424,422.47,125.45,547.92,1,1
1106,goal_12,exito,1951,465,2416,422.28,125.43,547.7,1,1
1107,goal_12,exito,1961,446,2407,422.47,135.28,557.75,1,1
1108,goal_12,exito,1961,470,2431,422.46,124.9,547.36,1,1
1109,goal_12,exito,1961,472,2433,422.48,124.89,547.37,1,1
1110,goal_12,exito,1961,449,2410,422.47,135.38,557.86,1,1
1111,goal_12,exito,1961,448,2409,422.49,135.33,557.82,1,1
1112,goal_12,exito,1961,448,2409,422.46,135.33,557.79,1,1
1113,goal_12,exito,1961,443,2404,422.48,128.12,550.6,1,1
1114,goal_12,exito,1961,466,2427,422.48,125.18,547.66,1,1
1115,goal_12,exito,1961,458,2419,422.49,126.02,548.51,1,1
1116,goal_12,exito,1961,448,2409,422.48,135.33,557.81,1,1
1117,goal_12,exito,1961,448,2409,422.47,135.28,557.75,1,1
1118,goal_12,exito,1961,450,2411,422.48,135.5,557.98,1,1
1119,goal_12,exito,1961,450,2411,422.49,135.46,557.95,1,1
1120,goal_12,exito,1961,459,2420,422.47,125.96,548.43,1,1
1121,goal_12,exito,1961,473,2434,422.48,124.69,547.17,1,1
1122,goal_12,exito,1961,463,2424,422.48,125.68,548.16,1,1
1123,goal_12,exito,1961,450,2411,422.48,135.45,557.93,1,1
1124,goal_12,exito,1951,469,2420,422.27,125.05,547.32,1,1
1125,goal_12,exito,1961,448,2409,422.46,135.31,557.77,1,1
1126,goal_12,exito,1961,471,2432,422.49,125.15,547.64,1,1
1127,goal_12,exito,1961,473,2434,422.45,124.68,547.13,1,1
1128,goal_12,exito,1961,465,2426,422.47,125.58,548.05,1,1
1129,goal_12,exito,1961,465,2426,422.46,125.31,547.78,1,1
1130,goal_12,exito,1961,466,2427,422.46,125.26,547.73,1,1
1131,goal_12,exito,1961,472,2433,422.47,124.71,547.17,1,1
1132,goal_12,exito,1961,448,2409,422.47,135.31,557.79,1,1
1133,goal_12,exito,1961,453,2414,422.49,126.83,549.31,1,1
1134,goal_12,exito,1961,457,2418,422.48,126.15,548.63,1,1
1135,goal_12,exito,1961,448,2409,422.47,135.32,557.79,1,1
1136,goal_12,exito,1961,449,2410,422.49,135.37,557.86,1,1
1137,goal_12,exito,1961,450,2411,422.48,135.45,557.94,1,1
1138,goal_12,exito,1961,473,2434,422.49,124.62,547.11,1,1
1139,goal_12,exito,1961,448,2409,422.48,135.28,557.76,1,1
1140,goal_12,exito,1961,456,2417,422.47,126.37,548.83,1,1
1141,goal_12,exito,1961,458,2419,422.48,126.02,548.49,1,1
1142,goal_12,exito,1961,445,2406,422.47,135.13,557.61,1,1
1143,goal_12,exito,1961,473,2434,422.49,124.69,547.18,1,1
1144,goal_12,exito,1961,465,2426,422.46,125.45,547.92,1,1
1145,goal_12,exito,1961,468,2429,422.47,125.08,547.56,1,1
1146,goal_12,exito,1961,452,2413,422.48,126.87,549.35,1,1
1147,goal_12,exito,1961,455,2416,422.48,126.53,549.01,1,1
1148,goal_12,exito,1961,461,2422,422.46,125.79,548.25,1,1
1149,goal_12,exito,1961,450,2411,422.47,135.52,557.99,1,1
1150,goal_12,exito,1961,461,2422,422.48,125.73,548.21,1,1
1151,goal_12,exito,1961,445,2406,422.48,135.1,557.58,1,1
1152,goal_12,exito,1951,448,2399,422.28,135.32,557.6,1,1
1153,goal_12,exito,1961,450,2411,422.47,135.45,557.92,1,1
1154,goal_12,exito,1951,473,2424,422.28,124.68,546.95,1,1
1155,goal_12,exito,1961,451,2412,422.46,135.58,558.04,1,1
1156,goal_12,exito,1961,449,2410,422.48,135.41,557.9,1,1
1157,goal_12,exito,1961,448,2409,422.47,135.29,557.76,1,1
1158,goal_12,exito,1961,468,2429,422.48,125.35,547.83,1,1
1159,goal_12,exito,1961,456,2417,422.48,126.24,548.72,1,1
1160,goal_12,exito,1961,469,2430,422.48,124.74,547.22,1,1
1161,goal_12,exito,1961,445,2406,422.5,135.12,557.62,1,1
1162,goal_12,exito,1961,443,2404,422.48,127.99,550.47,1,1
1163,goal_12,exito,1961,448,2409,422.48,135.34,557.82,1,1
1164,goal_12,exito,1961,467,2428,422.48,125.01,547.49,1,1
1165,goal_12,exito,1961,450,2411,422.49,135.52,558.01,1,1
1166,goal_12,exito,1961,465,2426,422.46,125.47,547.94,1,1
1167,goal_12,exito,1961,448,2409,422.47,135.28,557.76,1,1
1168,goal_12,exito,1951,448,2399,422.27,135.33,557.6,1,1
1169,goal_12,exito,1961,464,2425,422.47,125.5,547.97,1,1
1170,goal_12,exito,1961,449,2410,422.49,135.41,557.9,1,1
1171,goal_12,exito,1961,471,2432,422.47,124.77,547.24,1,1
1172,goal_12,exito,1961,451,2412,422.49,135.63,558.11,1,1
1173,goal_12,exito,1961,450,2411,422.46,135.51,557.97,1,1
1174,goal_12,exito,1961,468,2429,422.47,125.36,547.83,1,1
1175,goal_12,exito,1961,448,2409,422.45,135.33,557.78,1,1
1176,goal_12,exito,1961,449,2410,422.48,135.43,557.9,1,1
1177,goal_12,exito,1961,456,2417,422.47,126.23,548.7,1,1
1178,goal_12,exito,1961,450,2411,422.49,135.48,557.97,1,1
1179,goal_12,exito,1961,465,2426,422.46,125.47,547.94,1,1
1180,goal_12,exito,1961,456,2417,422.46,126.24,548.7,1,1
1181,goal_12,exito,1961,466,2427,422.48,125.37,547.86,1,1
1182,goal_12,exito,1961,448,2409,422.49,135.31,557.8,1,1
1183,goal_12,exito,1961,462,2423,422.48,125.8,548.28,1,1
1184,goal_12,exito,1961,447,2408,422.46,135.17,557.64,1,1
1185,goal_12,exito,1951,467,2418,422.28,125.17,547.45,1,1
1186,goal_12,exito,1961,465,2426,422.48,125.49,547.98,1,1
1187,goal_12,exito,1961,471,2432,422.46,125.04,547.5,1,1
1188,goal_12,exito,1961,447,2408,422.48,135.18,557.66,1,1
1189,goal_12,exito,1951,464,2415,422.28,125.55,547.83,1,1
1190,goal_12,exito,1961,452,2413,422.46,135.7,558.16,1,1
1191,goal_12,exito,1961,449,2410,422.46,135.44,557.9,1,1
1192,goal_12,exito,1961,470,2431,422.44,124.85,547.29,1,1
1193,goal_12,exito,1961,458,2419,422.49,126.05,548.54,1,1
1194,goal_12,exito,1961,451,2412,422.48,135.57,558.05,1,1
1195,goal_12,exito,1961,460,2421,422.48,125.75,548.23,1,1
1196,goal_12,exito,1961,470,2431,422.5,124.99,547.49,1,1
1197,goal_12,exito,1961,449,2410,422.48,135.42,557.9,1,1
1198,goal_12,exito,1961,450,2411,422.48,135.51,557.99,1,1
1199,goal_12,exito,1961,451,2412,422.46,135.61,558.07,1,1
1200,goal_12,exito,1961,450,2411,422.47,135.53,558.01,1,1
1201,goal_13,exito,1724,456,2180,390.25,126.28,516.53,1,1
1202,goal_13,exito,1724,451,2175,390.29,135.6,525.89,1,1
1203,goal_13,exito,1724,449,2173,390.29,135.29,525.58,1,1
1204,goal_13,exito,1724,448,2172,390.31,135.31,525.61,1,1
1205,goal_13,exito,1724,465,2189,390.28,125.32,515.59,1,1
1206,goal_13,exito,1724,466,2190,390.29,125.24,515.54,1,1
1207,goal_13,exito,1724,450,2174,390.28,135.51,525.79,1,1
1208,goal_13,exito,1724,470,2194,390.28,124.95,515.24,1,1
1209,goal_13,exito,1724,458,2182,390.3,126.03,516.33,1,1
1210,goal_13,exito,1724,470,2194,390.29,124.9,515.19,1,1
1211,goal_13,exito,1723,455,2178,390.11,126.29,516.4,1,1
1212,goal_13,exito,1724,446,2170,390.27,135.25,525.52,1,1
1213,goal_13,exito,1724,450,2174,390.28,135.48,525.76,1,1
1214,goal_13,exito,1724,448,2172,390.29,135.28,525.57,1,1
1215,goal_13,exito,1724,449,2173,390.28,135.39,525.67,1,1
1216,goal_13,exito,1724,460,2184,390.29,125.9,516.19,1,1
1217,goal_13,exito,1722,449,2171,389.85,135.44,525.29,1,1
1218,goal_13,exito,1724,471,2195,390.29,125.09,515.38,1,1
1219,goal_13,exito,1722,449,2171,389.85,135.42,525.27,1,1
1220,goal_13,exito,1724,470,2194,390.29,124.93,515.22,1,1
1221,goal_13,exito,1722,446,2168,389.86,135.25,525.11,1,1
1222,goal_13,exito,1724,451,2175,390.28,135.6,525.88,1,1
1223,goal_13,exito,1723,467,2190,390.13,125.02,515.16,1,1
1224,goal_13,exito,1724,460,2184,390.29,125.9,516.19,1,1
1225,goal_13,exito,1724,471,2195,390.31,124.75,515.06,1,1
1226,goal_13,exito,1724,468,2192,390.3,125.04,515.34,1,1
1227,goal_13,exito,1724,448,2172,390.3,135.36,525.66,1,1
1228,goal_13,exito,1724,470,2194,390.28,124.94,515.23,1,1
1229,goal_13,exito,1724,450,2174,390.29,135.44,525.73,1,1
1230,goal_13,exito,1722,447,2169,389.86,135.18,525.04,1,1
1231,goal_13,exito,1712,470,2182,389.63,124.65,514.28,1,1
1232,goal_13,exito,1712,449,2161,389.64,135.43,525.07,1,1
1233,goal_13,exito,1724,448,2172,390.29,135.24,525.52,1,1
1234,goal_13,exito,1712,462,2174,389.62,125.52,515.14,1,1
1235,goal_13,exito,1722,463,2185,389.86,125.66,515.52,1,1
1236,goal_13,exito,1724,465,2189,390.29,125.29,515.58,1,1
1237,goal_13,exito,1724,445,2169,390.28,127.88,518.16,1,1
1238,goal_13,exito,1724,445,2169,390.29,135.17,525.47,1,1
1239,goal_13,exito,1724,450,2174,390.28,135.47,525.76,1,1
1240,goal_13,exito,1724,449,2173,390.28,135.38,525.65,1,1
1241,goal_13,exito,1724,463,2187,390.28,125.66,515.94,1,1
1242,goal_13,exito,1724,460,2184,390.29,125.9,516.19,1,1
1243,goal_13,exito,1724,465,2189,390.3,125.56,515.85,1,1
1244,goal_13,exito,1724,465,2189,390.3,125.31,515.61,1,1
1245,goal_13,exito,1724,451,2175,390.3,135.53,525.83,1,1
1246,goal_13,exito,1722,447,2169,389.86,135.23,525.09,1,1
1247,goal_13,exito,1724,450,2174,390.3,135.55,525.85,1,1
1248,goal_13,exito,1724,465,2189,390.31,125.31,515.61,1,1
1249,goal_13,exito,1723,466,2189,390.13,125.33,515.46,1,1
1250,goal_13,exito,1724,448,2172,390.29,127.36,517.65,1,1
1251,goal_13,exito,1722,448,2170,389.85,127.29,517.15,1,1
1252,goal_13,exito,1724,460,2184,390.3,125.85,516.15,1,1
1253,goal_13,exito,1722,466,2188,389.85,125.35,515.2,1,1
1254,goal_13,exito,1724,449,2173,390.29,135.3,525.58,1,1
1255,goal_13,exito,1722,448,2170,389.85,135.35,525.2,1,1
1256,goal_13,exito,1724,462,2186,390.3,125.68,515.98,1,1
1257,goal_13,exito,1724,446,2170,390.27,135.23,525.5,1,1
1258,goal_13,exito,1724,449,2173,390.27,135.41,525.68,1,1
1259,goal_13,exito,1724,450,2174,390.27,135.51,525.78,1,1
1260,goal_13,exito,1724,448,2172,390.27,135.27,525.54,1,1
1261,goal_13,exito,1724,465,2189,390.27,125.33,515.6,1,1
1262,goal_13,exito,1724,449,2173,390.28,135.44,525.71,1,1
1263,goal_13,exito,1724,447,2171,390.29,135.18,525.47,1,1
1264,goal_13,exito,1722,455,2177,389.85,126.37,516.22,1,1
1265,goal_13,exito,1724,456,2180,390.25,126.25,516.5,1,1
1266,goal_13,exito,1724,465,2189,390.28,125.33,515.61,1,1
1267,goal_13,exito,1724,448,2172,390.3,135.31,525.61,1,1
1268,goal_13,exito,1722,463,2185,389.85,125.54,515.4,1,1
1269,goal_13,exito,1724,448,2172,390.29,135.34,525.63,1,1
1270,goal_13,exito,1724,449,2173,390.29,135.39,525.68,1,1
1271,goal_13,exito,1724,451,2175,390.28,135.63,525.91,1,1
1272,goal_13,exito,1724,460,2184,390.27,125.64,515.91,1,1
1273,goal_13,exito,1712,453,2165,389.64,126.65,516.29,1,1
1274,goal_13,exito,1722,458,2180,389.84,126.01,515.85,1,1
1275,goal_13,exito,1724,448,2172,390.28,135.28,525.56,1,1
1276,goal_13,exito,1724,451,2175,390.29,135.59,525.87,1,1
1277,goal_13,exito,1724,447,2171,390.28,135.19,525.47,1,1
1278,goal_13,exito,1712,448,2160,389.62,135.31,524.93,1,1
1279,goal_13,exito,1722,448,2170,389.86,135.32,525.18,1,1
1280,goal_13,exito,1724,448,2172,390.3,135.3,525.6,1,1
1281,goal_13,exito,1722,471,2193,389.85,125.01,514.86,1,1
1282,goal_13,exito,1724,471,2195,390.29,125.06,515.35,1,1
1283,goal_13,exito,1724,464,2188,390.25,125.51,515.76,1,1
1284,goal_13,exito,1724,449,2173,390.3,135.41,525.71,1,1
1285,goal_13,exito,1724,446,2170,390.28,135.24,525.52,1,1
1286,goal_13,exito,1723,452,2175,390.13,135.7,525.84,1,1
1287,goal_13,exito,1724,448,2172,390.3,135.31,525.61,1,1
1288,goal_13,exito,1724,468,2192,390.3,125.09,515.38,1,1
1289,goal_13,exito,1724,471,2195,390.27,124.79,515.07,1,1
1290,goal_13,exito,1724,464,2188,390.3,125.53,515.83,1,1
1291,goal_13,exito,1724,467,2191,390.28,125.14,515.41,1,1
1292,goal_13,exito,1722,445,2167,389.86,127.72,517.58,1,1
1293,goal_13,exito,1724,471,2195,390.28,124.94,515.22,1,1
1294,goal_13,exito,1724,470,2194,390.28,125.21,515.49,1,1
1295,goal_13,exito,1724,449,2173,390.29,135.42,525.71,1,1
1296,goal_13,exito,1724,446,2170,390.27,135.25,525.52,1,1
1297,goal_13,exito,1724,466,2190,390.27,125.34,515.61,1,1
1298,goal_13,exito,1722,448,2170,389.84,135.3,525.14,1,1
1299,goal_13,exito,1722,472,2194,389.86,124.8,514.66,1,1
1300,goal_13,exito,1724,444,2168,390.3,128.09,518.39,1,1
1301,goal_14,exito,2296,456,2752,461.31,126.23,587.54,1,1
1302,goal_14,exito,2296,457,2753,461.31,126.06,587.37,1,1
1303,goal_14,exito,2296,470,2766,461.32,124.83,586.15,1,1
1304,goal_14,exito,2296,446,2742,461.31,135.18,596.49,1,1
1305,goal_14,exito,2296,473,2769,461.32,124.77,586.09,1,1
1306,goal_14,exito,2296,451,2747,461.31,126.97,588.28,1,1
1307,goal_14,exito,2296,457,2753,461.31,126.24,587.55,1,1
1308,goal_14,exito,2296,460,2756,461.31,126.0,587.31,1,1
1309,goal_14,exito,2296,474,2770,461.29,124.7,585.99,1,1
1310,goal_14,exito,2296,446,2742,461.32,135.17,596.49,1,1
1311,goal_14,exito,2285,451,2736,461.35,135.62,596.97,1,1
1312,goal_14,exito,2296,449,2745,461.3,135.41,596.71,1,1
1313,goal_14,exito,2296,449,2745,461.33,135.45,596.77,1,1
1314,goal_14,exito,2296,445,2741,461.31,135.15,596.46,1,1
1315,goal_14,exito,2296,448,2744,461.31,135.35,596.66,1,1
1316,goal_14,exito,2296,450,2746,461.31,135.5,596.81,1,1
1317,goal_14,exito,2296,449,2745,461.32,135.34,596.66,1,1
1318,goal_14,exito,2296,453,2749,461.33,126.86,588.18,1,1
1319,goal_14,exito,2296,449,2745,461.31,135.39,596.7,1,1
1320,goal_14,exito,2296,467,2763,461.31,125.18,586.49,1,1
1321,goal_14,exito,2296,466,2762,461.32,125.19,586.5,1,1
1322,goal_14,exito,2296,473,2769,461.32,124.72,586.03,1,1
1323,goal_14,exito,2296,450,2746,461.32,135.51,596.83,1,1
1324,goal_14,exito,2296,461,2757,461.31,125.78,587.09,1,1
1325,goal_14,exito,2296,466,2762,461.31,125.1,586.41,1,1
1326,goal_14,exito,2296,448,2744,461.31,135.29,596.6,1,1
1327,goal_14,exito,2296,445,2741,461.33,135.11,596.44,1,1
1328,goal_14,exito,2296,449,2745,461.33,135.4,596.73,1,1
1329,goal_14,exito,2296,461,2757,461.32,125.75,587.07,1,1
1330,goal_14,exito,2296,455,2751,461.31,126.55,587.86,1,1
1331,goal_14,exito,2296,462,2758,461.31,125.51,586.81,1,1
1332,goal_14,exito,2296,469,2765,461.33,125.04,586.37,1,1
1333,goal_14,exito,2296,447,2743,461.31,135.31,596.61,1,1
1334,goal_14,exito,2296,470,2766,461.31,124.85,586.16,1,1
1335,goal_14,exito,2296,449,2745,461.31,135.41,596.72,1,1
1336,goal_14,exito,2296,450,2746,461.3,135.46,596.76,1,1
1337,goal_14,exito,2296,448,2744,461.31,135.3,596.62,1,1
1338,goal_14,exito,2296,466,2762,461.31,125.3,586.61,1,1
1339,goal_14,exito,2296,447,2743,461.31,135.33,596.64,1,1
1340,goal_14,exito,2296,469,2765,461.31,124.92,586.23,1,1
1341,goal_14,exito,2296,461,2757,461.32,125.79,587.11,1,1
1342,goal_14,exito,2296,450,2746,461.33,135.46,596.79,1,1
1343,goal_14,exito,2285,450,2735,461.28,135.47,596.75,1,1
1344,goal_14,exito,2296,448,2744,461.33,135.35,596.69,1,1
1345,goal_14,exito,2296,459,2755,461.31,125.96,587.27,1,1
1346,goal_14,exito,2296,463,2759,461.33,125.63,586.96,1,1
1347,goal_14,exito,2296,448,2744,461.31,135.36,596.68,1,1
1348,goal_14,exito,2296,463,2759,461.32,125.53,586.85,1,1
1349,goal_14,exito,2296,450,2746,461.3,135.48,596.78,1,1
1350,goal_14,exito,2296,462,2758,461.31,125.64,586.95,1,1
1351,goal_14,exito,2296,449,2745,461.32,135.43,596.75,1,1
1352,goal_14,exito,2296,472,2768,461.32,124.81,586.13,1,1
1353,goal_14,exito,2296,458,2754,461.31,126.17,587.48,1,1
1354,goal_14,exito,2296,475,2771,461.31,124.64,585.95,1,1
1355,goal_14,exito,2296,449,2745,461.32,135.38,596.69,1,1
1356,goal_14,exito,2296,449,2745,461.31,135.4,596.72,1,1
1357,goal_14,exito,2296,448,2744,461.32,135.23,596.55,1,1
1358,goal_14,exito,2285,449,2734,461.28,135.43,596.71,1,1
1359,goal_14,exito,2296,448,2744,461.31,135.27,596.58,1,1
1360,goal_14,exito,2285,468,2753,461.28,125.05,586.33,1,1
1361,goal_14,exito,2296,449,2745,461.31,135.44,596.75,1,1
1362,goal_14,exito,2296,467,2763,461.31,125.04,586.35,1,1
1363,goal_14,exito,2296,448,2744,461.33,135.34,596.66,1,1
1364,goal_14,exito,2296,470,2766,461.29,124.85,586.14,1,1
1365,goal_14,exito,2296,446,2742,461.32,135.17,596.49,1,1
1366,goal_14,exito,2296,449,2745,461.33,135.36,596.69,1,1
1367,goal_14,exito,2296,449,2745,461.32,135.38,596.7,1,1
1368,goal_14,exito,2296,449,2745,461.32,135.42,596.74,1,1
1369,goal_14,exito,2296,450,2746,461.32,135.44,596.76,1,1
1370,goal_14,exito,2296,457,2753,461.32,126.23,587.55,1,1
1371,goal_14,exito,2296,450,2746,461.32,135.53,596.85,1,1
1372,goal_14,exito,2296,471,2767,461.31,124.72,586.04,1,1
1373,goal_14,exito,2285,472,2757,461.28,124.82,586.1,1,1
1374,goal_14,exito,2296,460,2756,461.32,125.63,586.95,1,1
1375,goal_14,exito,2285,450,2735,461.34,135.51,596.85,1,1
1376,goal_14,exito,2296,446,2742,461.31,135.14,596.45,1,1
1377,goal_14,exito,2285,449,2734,461.34,135.35,596.7,1,1
1378,goal_14,exito,2285,474,2759,461.28,124.6,585.87,1,1
1379,goal_14,exito,2296,446,2742,461.31,135.15,596.45,1,1
1380,goal_14,exito,2296,446,2742,461.32,135.24,596.56,1,1
1381,goal_14,exito,2296,449,2745,461.31,135.39,596.7,1,1
1382,goal_14,exito,2296,469,2765,461.31,124.94,586.25,1,1
1383,goal_14,exito,2296,447,2743,461.31,127.49,588.8,1,1
1384,goal_14,exito,2296,449,2745,461.32,135.36,596.68,1,1
1385,goal_14,exito,2296,474,2770,461.32,124.84,586.16,1,1
1386,goal_14,exito,2296,450,2746,461.31,135.52,596.83,1,1
1387,goal_14,exito,2296,465,2761,461.32,125.35,586.67,1,1
1388,goal_14,exito,2296,459,2755,461.31,125.95,587.27,1,1
1389,goal_14,exito,2296,450,2746,461.31,135.5,596.81,1,1
1390,goal_14,exito,2296,449,2745,461.31,135.43,596.74,1,1
1391,goal_14,exito,2296,458,2754,461.3,126.02,587.32,1,1
1392,goal_14,exito,2296,453,2749,461.32,126.86,588.18,1,1
1393,goal_14,exito,2296,464,2760,461.3,125.34,586.64,1,1
1394,goal_14,exito,2296,466,2762,461.32,125.19,586.51,1,1
1395,goal_14,exito,2296,467,2763,461.33,125.2,586.53,1,1
1396,goal_14,exito,2296,448,2744,461.32,135.31,596.63,1,1
1397,goal_14,exito,2296,474,2770,461.33,124.72,586.05,1,1
1398,goal_14,exito,2296,469,2765,461.31,125.0,586.31,1,1
1399,goal_14,exito,2296,473,2769,461.32,124.73,586.05,1,1
1400,goal_14,exito,2296,470,2766,461.3,124.89,586.2,1,1
1401,goal_15,exito,2092,471,2563,429.41,125.02,554.43,1,1
1402,goal_15,exito,2092,450,2542,429.41,135.53,564.94,1,1
1403,goal_15,exito,2092,464,2556,429.41,125.46,554.86,1,1
1404,goal_15,exito,2092,447,2539,429.41,135.2,564.62,1,1
1405,goal_15,exito,2079,437,2516,429.42,129.13,558.55,1,1
1406,goal_15,exito,2092,449,2541,429.41,135.43,564.84,1,1
1407,goal_15,exito,2092,450,2542,429.41,135.45,564.87,1,1
1408,goal_15,exito,2092,448,2540,429.43,135.32,564.75,1,1
1409,goal_15,exito,2092,449,2541,429.41,135.38,564.8,1,1
1410,goal_15,exito,2092,460,2552,429.42,125.89,555.31,1,1
1411,goal_15,exito,2092,446,2538,429.41,135.19,564.6,1,1
1412,goal_15,exito,2092,450,2542,429.42,135.5,564.92,1,1
1413,goal_15,exito,2092,462,2554,429.4,125.8,555.21,1,1
1414,goal_15,exito,2092,448,2540,429.41,135.33,564.74,1,1
1415,goal_15,exito,2092,461,2553,429.41,125.9,555.3,1,1
1416,goal_15,exito,2092,467,2559,429.41,125.22,554.64,1,1
1417,goal_15,exito,2092,472,2564,429.41,124.91,554.32,1,1
1418,goal_15,exito,2092,465,2557,429.41,125.51,554.92,1,1
1419,goal_15,exito,2092,448,2540,429.42,127.58,557.0,1,1
1420,goal_15,exito,2092,450,2542,429.42,135.48,564.89,1,1
1421,goal_15,exito,2092,466,2558,429.41,125.36,554.77,1,1
1422,goal_15,exito,2092,460,2552,429.42,125.99,555.41,1,1
1423,goal_15,exito,2092,449,2541,429.4,135.41,564.81,1,1
1424,goal_15,exito,2092,449,2541,429.41,135.42,564.83,1,1
1425,goal_15,exito,2092,451,2543,429.41,135.59,565.0,1,1
1426,goal_15,exito,2092,449,2541,429.41,135.38,564.79,1,1
1427,goal_15,exito,2092,448,2540,429.41,135.33,564.74,1,1
1428,goal_15,exito,2092,456,2548,429.41,126.23,555.64,1,1
1429,goal_15,exito,2092,473,2565,429.41,124.66,554.07,1,1
1430,goal_15,exito,2092,474,2566,429.41,124.72,554.13,1,1
1431,goal_15,exito,2092,449,2541,429.41,135.39,564.79,1,1
1432,goal_15,exito,2092,449,2541,429.42,135.37,564.79,1,1
1433,goal_15,exito,2092,462,2554,429.42,125.8,555.22,1,1
1434,goal_15,exito,2092,448,2540,429.41,127.59,557.0,1,1
1435,goal_15,exito,2092,450,2542,429.41,135.51,564.93,1,1
1436,goal_15,exito,2092,449,2541,429.41,135.38,564.79,1,1
1437,goal_15,exito,2092,450,2542,429.44,135.47,564.9,1,1
1438,goal_15,exito,2092,449,2541,429.44,135.38,564.82,1,1
1439,goal_15,exito,2092,463,2555,429.43,125.51,554.95,1,1
1440,goal_15,exito,2092,468,2560,429.41,124.91,554.33,1,1
1441,goal_15,exito,2092,458,2550,429.43,126.01,555.43,1,1
1442,goal_15,exito,2092,450,2542,429.42,135.38,564.8,1,1
1443,goal_15,exito,2092,450,2542,429.41,135.48,564.89,1,1
1444,goal_15,exito,2092,448,2540,429.4,135.3,564.71,1,1
1445,goal_15,exito,2092,449,2541,429.42,135.42,564.84,1,1
1446,goal_15,exito,2092,455,2547,429.41,126.32,555.73,1,1
1447,goal_15,exito,2092,449,2541,429.42,135.39,564.8,1,1
1448,goal_15,exito,2092,451,2543,429.43,135.51,564.94,1,1
1449,goal_15,exito,2092,464,2556,429.42,125.3,554.72,1,1
1450,goal_15,exito,2079,472,2551,429.42,124.93,554.35,1,1
1451,goal_15,exito,2092,449,2541,429.41,135.39,564.8,1,1
1452,goal_15,exito,2092,454,2546,429.42,126.62,556.04,1,1
1453,goal_15,exito,2092,451,2543,429.42,135.58,564.99,1,1
1454,goal_15,exito,2092,468,2560,429.43,124.93,554.36,1,1
1455,goal_15,exito,2092,472,2564,429.43,124.8,554.23,1,1
1456,goal_15,exito,2092,464,2556,429.41,125.44,554.85,1,1
1457,goal_15,exito,2092,449,2541,429.42,135.42,564.83,1,1
1458,goal_15,exito,2092,447,2539,429.41,135.3,564.72,1,1
1459,goal_15,exito,2092,458,2550,429.41,126.01,555.42,1,1
1460,goal_15,exito,2092,449,2541,429.42,135.41,564.82,1,1
1461,goal_15,exito,2092,449,2541,429.42,135.38,564.79,1,1
1462,goal_15,exito,2092,464,2556,429.43,125.5,554.93,1,1
1463,goal_15,exito,2092,449,2541,429.4,135.42,564.82,1,1
1464,goal_15,exito,2092,449,2541,429.41,135.43,564.85,1,1
1465,goal_15,exito,2092,446,2538,429.41,135.21,564.61,1,1
1466,goal_15,exito,2092,464,2556,429.42,125.5,554.92,1,1
1467,goal_15,exito,2092,467,2559,429.41,125.16,554.56,1,1
1468,goal_15,exito,2092,446,2538,429.41,135.18,564.6,1,1
1469,goal_15,exito,2092,473,2565,429.42,124.87,554.29,1,1
1470,goal_15,exito,2092,469,2561,429.41,125.0,554.42,1,1
1471,goal_15,exito,2092,453,2545,429.42,126.82,556.24,1,1
1472,goal_15,exito,2092,470,2562,429.41,124.88,554.29,1,1
1473,goal_15,exito,2092,449,2541,429.41,135.39,564.8,1,1
1474,goal_15,exito,2092,447,2539,429.41,135.31,564.72,1,1
1475,goal_15,exito,2092,451,2543,429.41,127.04,556.45,1,1
1476,goal_15,exito,2092,474,2566,429.42,124.58,553.99,1,1
1477,goal_15,exito,2092,459,2551,429.41,126.02,555.42,1,1
1478,goal_15,exito,2092,449,2541,429.41,135.25,564.66,1,1
1479,goal_15,exito,2092,446,2538,429.41,135.23,564.64,1,1
1480,goal_15,exito,2092,449,2541,429.41,135.4,564.81,1,1
1481,goal_15,exito,2092,451,2543,429.41,135.61,565.02,1,1
1482,goal_15,exito,2092,465,2557,429.41,125.43,554.84,1,1
1483,goal_15,exito,2092,449,2541,429.41,135.41,564.82,1,1
1484,goal_15,exito,2092,452,2544,429.41,135.67,565.08,1,1
1485,goal_15,exito,2092,447,2539,429.41,135.32,564.73,1,1
1486,goal_15,exito,2092,462,2554,429.41,125.64,555.05,1,1
1487,goal_15,exito,2092,444,2536,429.41,135.06,564.46,1,1
1488,goal_15,exito,2079,450,2529,429.42,135.53,564.95,1,1
1489,goal_15,exito,2092,466,2558,429.4,125.18,554.58,1,1
1490,goal_15,exito,2092,462,2554,429.42,125.58,555.0,1,1
1491,goal_15,exito,2092,444,2536,429.41,135.08,564.49,1,1
1492,goal_15,exito,2092,461,2553,429.41,125.85,555.26,1,1
1493,goal_15,exito,2092,450,2542,429.42,135.5,564.92,1,1
1494,goal_15,exito,2092,469,2561,429.41,125.07,554.48,1,1
1495,goal_15,exito,2092,466,2558,429.41,125.13,554.55,1,1
1496,goal_15,exito,2092,450,2542,429.42,135.52,564.95,1,1
1497,goal_15,exito,2092,446,2538,429.41,135.19,564.61,1,1
1498,goal_15,exito,2092,445,2537,429.43,135.13,564.57,1,1
1499,goal_15,exito,2092,454,2546,429.41,126.63,556.04,1,1
1500,goal_15,exito,2092,468,2560,429.41,124.92,554.33,1,1
1501,goal_16,exito,1805,449,2254,398.12,127.41,525.53,1,1
1502,goal_16,exito,1805,470,2275,398.11,124.83,522.93,1,1
1503,goal_16,exito,1803,449,2252,397.59,135.39,532.98,1,1
1504,goal_16,exito,1805,444,2249,398.11,135.07,533.18,1,1
1505,goal_16,exito,1805,450,2255,398.11,135.5,533.61,1,1
1506,goal_16,exito,1805,472,2277,398.1,124.91,523.01,1,1
1507,goal_16,exito,1805,445,2250,398.11,127.78,525.89,1,1
1508,goal_16,exito,1805,465,2270,398.11,125.4,523.51,1,1
1509,goal_16,exito,1805,448,2253,398.1,135.31,533.41,1,1
1510,goal_16,exito,1805,450,2255,398.1,135.52,533.63,1,1
1511,goal_16,exito,1805,449,2254,398.11,135.45,533.55,1,1
1512,goal_16,exito,1805,449,2254,398.11,135.41,533.52,1,1
1513,goal_16,exito,1805,446,2251,398.11,135.27,533.37,1,1
1514,goal_16,exito,1805,449,2254,398.1,135.46,533.56,1,1
1515,goal_16,exito,1805,448,2253,398.1,135.3,533.4,1,1
1516,goal_16,exito,1805,449,2254,398.11,135.39,533.5,1,1
1517,goal_16,exito,1805,452,2257,398.11,126.76,524.87,1,1
1518,goal_16,exito,1805,473,2278,398.1,124.7,522.81,1,1
1519,goal_16,exito,1805,461,2266,398.12,125.7,523.81,1,1
1520,goal_16,exito,1805,462,2267,398.11,125.52,523.63,1,1
1521,goal_16,exito,1803,448,2251,397.57,135.28,532.85,1,1
1522,goal_16,exito,1792,446,2238,397.94,135.26,533.2,1,1
1523,goal_16,exito,1805,469,2274,398.1,124.92,523.02,1,1
1524,goal_16,exito,1803,463,2266,397.58,125.49,523.07,1,1
1525,goal_16,exito,1805,473,2278,398.1,124.67,522.76,1,1
1526,goal_16,exito,1805,449,2254,398.1,135.4,533.5,1,1
1527,goal_16,exito,1805,449,2254,398.11,135.31,533.42,1,1
1528,goal_16,exito,1803,467,2270,397.57,125.17,522.74,1,1
1529,goal_16,exito,1805,457,2262,398.11,126.15,524.26,1,1
1530,goal_16,exito,1805,474,2279,398.1,124.57,522.67,1,1
1531,goal_16,exito,1805,467,2272,398.1,125.24,523.34,1,1
1532,goal_16,exito,1805,449,2254,398.1,135.43,533.53,1,1
1533,goal_16,exito,1805,448,2253,398.1,135.28,533.38,1,1
1534,goal_16,exito,1792,469,2261,397.94,125.08,523.02,1,1
1535,goal_16,exito,1805,451,2256,398.11,135.62,533.72,1,1
1536,goal_16,exito,1805,469,2274,398.1,125.11,523.21,1,1
1537,goal_16,exito,1805,463,2268,398.12,125.46,523.58,1,1
1538,goal_16,exito,1805,448,2253,398.1,135.33,533.42,1,1
1539,goal_16,exito,1805,473,2278,398.1,124.73,522.83,1,1
1540,goal_16,exito,1805,461,2266,398.11,125.76,523.88,1,1
1541,goal_16,exito,1805,469,2274,398.09,125.06,523.15,1,1
1542,goal_16,exito,1805,446,2251,398.11,135.23,533.34,1,1
1543,goal_16,exito,1805,473,2278,398.11,124.77,522.88,1,1
1544,goal_16,exito,1805,463,2268,398.1,125.68,523.78,1,1
1545,goal_16,exito,1805,451,2256,398.1,135.61,533.71,1,1
1546,goal_16,exito,1805,449,2254,398.11,135.38,533.49,1,1
1547,goal_16,exito,1803,459,2262,397.59,125.83,523.42,1,1
1548,goal_16,exito,1803,450,2253,397.58,135.47,533.05,1,1
1549,goal_16,exito,1803,451,2254,397.85,135.56,533.4,1,1
1550,goal_16,exito,1805,450,2255,398.1,127.09,525.19,1,1
1551,goal_16,exito,1805,448,2253,398.11,135.33,533.44,1,1
1552,goal_16,exito,1805,469,2274,398.1,125.11,523.22,1,1
1553,goal_16,exito,1805,469,2274,398.09,125.11,523.2,1,1
1554,goal_16,exito,1805,465,2270,398.1,125.38,523.48,1,1
1555,goal_16,exito,1805,454,2259,398.12,126.53,524.65,1,1
1556,goal_16,exito,1805,463,2268,398.12,125.47,523.59,1,1
1557,goal_16,exito,1805,447,2252,398.09,135.29,533.38,1,1
1558,goal_16,exito,1805,469,2274,398.11,124.91,523.02,1,1
1559,goal_16,exito,1803,465,2268,397.59,125.43,523.02,1,1
1560,goal_16,exito,1805,449,2254,398.11,135.39,533.5,1,1
1561,goal_16,exito,1805,454,2259,398.11,126.48,524.59,1,1
1562,goal_16,exito,1805,445,2250,398.11,135.11,533.22,1,1
1563,goal_16,exito,1803,456,2259,397.59,126.21,523.79,1,1
1564,goal_16,exito,1803,449,2252,397.58,135.41,532.99,1,1
1565,goal_16,exito,1804,449,2253,397.92,135.41,533.33,1,1
1566,goal_16,exito,1805,446,2251,398.12,135.17,533.29,1,1
1567,goal_16,exito,1792,465,2257,397.96,125.45,523.41,1,1
1568,goal_16,exito,1805,449,2254,398.11,135.25,533.36,1,1
1569,goal_16,exito,1803,467,2270,397.57,125.24,522.81,1,1
1570,goal_16,exito,1805,450,2255,398.1,135.52,533.62,1,1
1571,goal_16,exito,1805,461,2266,398.11,125.79,523.89,1,1
1572,goal_16,exito,1805,449,2254,398.1,135.41,533.51,1,1
1573,goal_16,exito,1805,453,2258,398.11,126.65,524.75,1,1
1574,goal_16,exito,1805,450,2255,398.11,135.49,533.61,1,1
1575,goal_16,exito,1805,450,2255,398.11,135.47,533.58,1,1
1576,goal_16,exito,1805,448,2253,398.11,135.3,533.41,1,1
1577,goal_16,exito,1805,468,2273,398.11,124.88,522.99,1,1
1578,goal_16,exito,1792,460,2252,397.96,125.63,523.59,1,1
1579,goal_16,exito,1792,463,2255,397.96,125.34,523.3,1,1
1580,goal_16,exito,1792,450,2242,397.94,135.36,533.3,1,1
1581,goal_16,exito,1805,446,2251,398.1,135.23,533.33,1,1
1582,goal_16,exito,1805,449,2254,398.1,135.45,533.55,1,1
1583,goal_16,exito,1805,448,2253,398.11,135.33,533.44,1,1
1584,goal_16,exito,1805,449,2254,398.11,135.42,533.53,1,1
1585,goal_16,exito,1805,469,2274,398.11,124.98,523.09,1,1
1586,goal_16,exito,1805,450,2255,398.12,135.54,533.66,1,1
1587,goal_16,exito,1805,451,2256,398.1,135.57,533.68,1,1
1588,goal_16,exito,1805,465,2270,398.1,125.45,523.55,1,1
1589,goal_16,exito,1805,474,2279,398.1,124.58,522.68,1,1
1590,goal_16,exito,1805,449,2254,398.11,127.35,525.46,1,1
1591,goal_16,exito,1805,461,2266,398.1,125.7,523.8,1,1
1592,goal_16,exito,1805,467,2272,398.12,125.09,523.21,1,1
1593,goal_16,exito,1805,448,2253,398.11,135.37,533.48,1,1
1594,goal_16,exito,1805,464,2269,398.11,125.29,523.4,1,1
1595,goal_16,exito,1792,451,2243,397.95,135.63,533.58,1,1
1596,goal_16,exito,1805,464,2269,398.1,125.47,523.56,1,1
1597,goal_16,exito,1805,448,2253,398.11,135.32,533.43,1,1
1598,goal_16,exito,1804,448,2252,397.9,135.26,533.16,1,1
1599,goal_16,exito,1805,449,2254,398.11,135.43,533.54,1,1
1600,goal_16,exito,1805,450,2255,398.11,135.53,533.64,1,1
1601,goal_17,exito,927,449,1376,265.1,135.41,400.51,1,1
1602,goal_17,exito,927,444,1371,265.09,135.06,400.15,1,1
1603,goal_17,exito,927,449,1376,265.08,135.4,400.47,1,1
1604,goal_17,exito,927,470,1397,265.09,124.94,390.03,1,1
1605,goal_17,exito,927,452,1379,265.09,135.67,400.76,1,1
1606,goal_17,exito,927,466,1393,265.09,125.22,390.31,1,1
1607,goal_17,exito,927,446,1373,265.1,135.16,400.25,1,1
1608,goal_17,exito,927,461,1388,265.09,125.78,390.87,1,1
1609,goal_17,exito,927,464,1391,265.1,125.47,390.57,1,1
1610,goal_17,exito,927,447,1374,265.1,135.22,400.32,1,1
1611,goal_17,exito,927,450,1377,265.1,135.49,400.58,1,1
1612,goal_17,exito,927,466,1393,265.1,125.27,390.37,1,1
1613,goal_17,exito,927,472,1399,265.1,124.8,389.91,1,1
1614,goal_17,exito,927,451,1378,265.11,126.98,392.1,1,1
1615,goal_17,exito,927,452,1379,265.09,135.63,400.72,1,1
1616,goal_17,exito,927,472,1399,265.09,124.62,389.71,1,1
1617,goal_17,exito,923,449,1372,265.43,135.26,400.69,1,1
1618,goal_17,exito,927,457,1384,265.1,126.08,391.18,1,1
1619,goal_17,exito,927,470,1397,265.09,125.07,390.16,1,1
1620,goal_17,exito,927,445,1372,265.1,135.17,400.27,1,1
1621,goal_17,exito,927,447,1374,265.1,135.29,400.39,1,1
1622,goal_17,exito,927,467,1394,265.11,125.15,390.26,1,1
1623,goal_17,exito,927,447,1374,265.09,135.25,400.34,1,1
1624,goal_17,exito,927,464,1391,265.1,125.52,390.62,1,1
1625,goal_17,exito,927,449,1376,265.12,135.41,400.53,1,1
1626,goal_17,exito,927,469,1396,265.1,125.12,390.22,1,1
1627,goal_17,exito,927,451,1378,265.09,135.61,400.71,1,1
1628,goal_17,exito,927,450,1377,265.1,135.53,400.64,1,1
1629,goal_17,exito,927,474,1401,265.11,124.68,389.8,1,1
1630,goal_17,exito,927,449,1376,265.09,135.41,400.5,1,1
1631,goal_17,exito,927,446,1373,265.1,135.21,400.31,1,1
1632,goal_17,exito,927,449,1376,265.09,135.41,400.5,1,1
1633,goal_17,exito,927,448,1375,265.1,135.32,400.42,1,1
1634,goal_17,exito,927,447,1374,265.1,135.32,400.42,1,1
1635,goal_17,exito,927,470,1397,265.09,125.09,390.17,1,1
1636,goal_17,exito,927,471,1398,265.12,124.97,390.09,1,1
1637,goal_17,exito,927,460,1387,265.09,125.61,390.7,1,1
1638,goal_17,exito,927,463,1390,265.08,125.55,390.64,1,1
1639,goal_17,exito,927,460,1387,265.09,125.77,390.86,1,1
1640,goal_17,exito,927,448,1375,265.09,135.33,400.42,1,1
1641,goal_17,exito,927,457,1384,265.09,126.0,391.08,1,1
1642,goal_17,exito,927,449,1376,265.09,135.38,400.46,1,1
1643,goal_17,exito,927,458,1385,265.09,126.0,391.09,1,1
1644,goal_17,exito,927,470,1397,265.1,125.13,390.22,1,1
1645,goal_17,exito,927,464,1391,265.09,125.52,390.61,1,1
1646,goal_17,exito,927,474,1401,265.09,124.73,389.81,1,1
1647,goal_17,exito,927,455,1382,265.09,126.38,391.47,1,1
1648,goal_17,exito,927,459,1386,265.09,126.0,391.1,1,1
1649,goal_17,exito,927,451,1378,265.1,135.54,400.64,1,1
1650,goal_17,exito,927,449,1376,265.1,135.42,400.51,1,1
1651,goal_17,exito,927,451,1378,265.11,135.6,400.7,1,1
1652,goal_17,exito,927,448,1375,265.1,135.33,400.43,1,1
1653,goal_17,exito,927,445,1372,265.09,135.18,400.27,1,1
1654,goal_17,exito,927,473,1400,265.1,124.75,389.84,1,1
1655,goal_17,exito,927,450,1377,265.09,135.5,400.59,1,1
1656,goal_17,exito,927,460,1387,265.09,125.93,391.03,1,1
1657,goal_17,exito,927,446,1373,265.4,135.24,400.64,1,1
1658,goal_17,exito,927,458,1385,265.1,126.03,391.12,1,1
1659,goal_17,exito,927,467,1394,265.09,125.1,390.19,1,1
1660,goal_17,exito,927,456,1383,265.09,126.27,391.37,1,1
1661,goal_17,exito,927,449,1376,265.1,135.41,400.51,1,1
1662,goal_17,exito,927,461,1388,265.1,125.77,390.87,1,1
1663,goal_17,exito,927,450,1377,265.09,135.52,400.6,1,1
1664,goal_17,exito,927,455,1382,265.1,126.48,391.59,1,1
1665,goal_17,exito,927,448,1375,265.09,135.32,400.42,1,1
1666,goal_17,exito,927,450,1377,265.11,135.53,400.64,1,1
1667,goal_17,exito,927,463,1390,265.12,125.55,390.66,1,1
1668,goal_17,exito,927,461,1388,265.11,125.74,390.85,1,1
1669,goal_17,exito,927,465,1392,265.08,125.31,390.39,1,1
1670,goal_17,exito,927,466,1393,265.08,125.25,390.33,1,1
1671,goal_17,exito,927,468,1395,265.09,125.3,390.39,1,1
1672,goal_17,exito,927,449,1376,265.1,135.4,400.5,1,1
1673,goal_17,exito,927,469,1396,265.09,125.11,390.2,1,1
1674,goal_17,exito,927,448,1375,265.09,135.32,400.41,1,1
1675,goal_17,exito,927,469,1396,265.09,125.05,390.14,1,1
1676,goal_17,exito,927,470,1397,265.09,125.1,390.19,1,1
1677,goal_17,exito,927,473,1400,265.11,124.67,389.78,1,1
1678,goal_17,exito,927,461,1388,265.1,125.76,390.86,1,1
1679,goal_17,exito,927,451,1378,265.08,135.6,400.68,1,1
1680,goal_17,exito,927,474,1401,265.1,124.59,389.68,1,1
1681,goal_17,exito,927,466,1393,265.08,125.24,390.32,1,1
1682,goal_17,exito,927,448,1375,265.1,135.33,400.43,1,1
1683,goal_17,exito,927,461,1388,265.09,125.76,390.86,1,1
1684,goal_17,exito,927,472,1399,265.1,124.92,390.03,1,1
1685,goal_17,exito,927,452,1379,265.12,126.69,391.81,1,1
1686,goal_17,exito,927,462,1389,265.09,125.55,390.64,1,1
1687,goal_17,exito,927,448,1375,265.09,135.37,400.46,1,1
1688,goal_17,exito,927,444,1371,265.1,135.04,400.14,1,1
1689,goal_17,exito,923,461,1384,265.43,125.76,391.19,1,1
1690,goal_17,exito,927,473,1400,265.09,124.7,389.79,1,1
1691,goal_17,exito,927,468,1395,265.11,125.19,390.3,1,1
1692,goal_17,exito,927,446,1373,265.09,135.25,400.34,1,1
1693,goal_17,exito,927,450,1377,265.1,135.5,400.6,1,1
1694,goal_17,exito,927,450,1377,265.09,135.49,400.58,1,1
1695,goal_17,exito,927,450,1377,265.09,135.53,400.62,1,1
1696,goal_17,exito,927,449,1376,265.1,135.41,400.51,1,1
1697,goal_17,exito,927,466,1393,265.09,125.14,390.23,1,1
1698,goal_17,exito,927,463,1390,265.09,125.53,390.61,1,1
1699,goal_17,exito,927,449,1376,265.09,135.4,400.49,1,1
1700,goal_17,exito,927,448,1375,265.1,135.32,400.41,1,1
1701,goal_18,exito,1127,471,1598,293.22,125.03,418.24,1,1
1702,goal_18,exito,1127,448,1575,293.21,135.29,428.51,1,1
1703,goal_18,exito,1128,465,1593,293.46,125.43,418.89,1,1
1704,goal_18,exito,1127,448,1575,293.22,135.36,428.58,1,1
1705,goal_18,exito,1128,469,1597,293.46,125.06,418.52,1,1
1706,goal_18,exito,1127,472,1599,293.22,124.89,418.11,1,1
1707,goal_18,exito,1127,449,1576,293.22,135.4,428.61,1,1
1708,goal_18,exito,1127,461,1588,293.24,125.73,418.96,1,1
1709,goal_18,exito,1128,468,1596,293.48,125.17,418.65,1,1
1710,goal_18,exito,1127,457,1584,293.21,126.07,419.28,1,1
1711,goal_18,exito,1127,447,1574,293.22,135.26,428.48,1,1
1712,goal_18,exito,1127,474,1601,293.26,124.56,417.82,1,1
1713,goal_18,exito,1128,450,1578,293.45,135.48,428.93,1,1
1714,goal_18,exito,1127,451,1578,293.23,135.58,428.81,1,1
1715,goal_18,exito,1127,461,1588,293.26,125.67,418.93,1,1
1716,goal_18,exito,1127,450,1577,293.24,135.46,428.7,1,1
1717,goal_18,exito,1127,450,1577,293.25,135.5,428.75,1,1
1718,goal_18,exito,1127,450,1577,293.23,135.47,428.7,1,1
1719,goal_18,exito,1127,475,1602,293.22,124.64,417.86,1,1
1720,goal_18,exito,1127,446,1573,293.23,135.2,428.43,1,1
1721,goal_18,exito,1128,469,1597,293.47,125.02,418.49,1,1
1722,goal_18,exito,1127,450,1577,293.21,135.49,428.7,1,1
1723,goal_18,exito,1127,472,1599,293.22,124.82,418.03,1,1
1724,goal_18,exito,1128,463,1591,293.47,125.7,419.16,1,1
1725,goal_18,exito,1127,468,1595,293.25,125.05,418.29,1,1
1726,goal_18,exito,1127,449,1576,293.22,135.36,428.57,1,1
1727,goal_18,exito,1124,447,1571,293.95,135.29,429.24,1,1
1728,goal_18,exito,1127,474,1601,293.21,124.62,417.84,1,1
1729,goal_18,exito,1127,456,1583,293.23,126.27,419.5,1,1
1730,goal_18,exito,1127,473,1600,293.25,124.71,417.96,1,1
1731,goal_18,exito,1127,451,1578,293.22,135.55,428.78,1,1
1732,goal_18,exito,1127,455,1582,293.26,126.48,419.73,1,1
1733,goal_18,exito,1127,450,1577,293.24,135.52,428.75,1,1
1734,goal_18,exito,1127,473,1600,293.22,124.78,418.0,1,1
1735,goal_18,exito,1127,465,1592,293.25,125.47,418.72,1,1
1736,goal_18,exito,1127,457,1584,293.23,126.25,419.48,1,1
1737,goal_18,exito,1127,446,1573,293.22,135.24,428.45,1,1
1738,goal_18,exito,1127,450,1577,293.23,135.5,428.74,1,1
1739,goal_18,exito,1127,464,1591,293.22,125.47,418.7,1,1
1740,goal_18,exito,1127,447,1574,293.24,135.27,428.51,1,1
1741,goal_18,exito,1127,456,1583,293.22,126.23,419.45,1,1
1742,goal_18,exito,1127,450,1577,293.23,135.5,428.73,1,1
1743,goal_18,exito,1127,468,1595,293.24,125.2,418.44,1,1
1744,goal_18,exito,1127,461,1588,293.24,125.65,418.89,1,1
1745,goal_18,exito,1127,447,1574,293.23,135.23,428.46,1,1
1746,goal_18,exito,1127,457,1584,293.25,126.22,419.47,1,1
1747,goal_18,exito,1127,450,1577,293.25,135.48,428.73,1,1
1748,goal_18,exito,1127,446,1573,293.22,135.18,428.4,1,1
1749,goal_18,exito,1127,473,1600,293.24,124.71,417.95,1,1
1750,goal_18,exito,1127,449,1576,293.22,135.44,428.65,1,1
1751,goal_18,exito,1127,451,1578,293.21,135.61,428.83,1,1
1752,goal_18,exito,1127,460,1587,293.48,125.96,419.44,1,1
1753,goal_18,exito,1128,450,1578,293.48,135.55,429.03,1,1
1754,goal_18,exito,1127,446,1573,293.25,135.14,428.38,1,1
1755,goal_18,exito,1124,450,1574,293.86,135.53,429.39,1,1
1756,goal_18,exito,1127,467,1594,293.22,125.11,418.33,1,1
1757,goal_18,exito,1127,462,1589,293.24,125.48,418.72,1,1
1758,goal_18,exito,1127,473,1600,293.21,124.72,417.93,1,1
1759,goal_18,exito,1127,450,1577,293.22,135.52,428.74,1,1
1760,goal_18,exito,1127,461,1588,293.22,125.67,418.89,1,1
1761,goal_18,exito,1128,464,1592,293.46,125.47,418.93,1,1
1762,goal_18,exito,1127,447,1574,293.23,135.27,428.49,1,1
1763,goal_18,exito,1127,447,1574,293.26,135.33,428.6,1,1
1764,goal_18,exito,1127,473,1600,293.26,124.7,417.96,1,1
1765,goal_18,exito,1127,465,1592,293.24,125.42,418.66,1,1
1766,goal_18,exito,1127,447,1574,293.24,135.21,428.46,1,1
1767,goal_18,exito,1127,445,1572,293.24,135.16,428.4,1,1
1768,goal_18,exito,1127,467,1594,293.22,125.21,418.43,1,1
1769,goal_18,exito,1127,450,1577,293.21,135.5,428.71,1,1
1770,goal_18,exito,1127,449,1576,293.22,135.41,428.63,1,1
1771,goal_18,exito,1127,446,1573,293.22,135.25,428.47,1,1
1772,goal_18,exito,1127,447,1574,293.25,135.32,428.57,1,1
1773,goal_18,exito,1127,452,1579,293.25,126.77,420.02,1,1
1774,goal_18,exito,1128,449,1577,293.46,135.39,428.85,1,1
1775,goal_18,exito,1127,465,1592,293.24,125.44,418.68,1,1
1776,goal_18,exito,1127,448,1575,293.24,135.28,428.52,1,1
1777,goal_18,exito,1127,457,1584,293.25,125.98,419.23,1,1
1778,goal_18,exito,1127,473,1600,293.23,124.73,417.95,1,1
1779,goal_18,exito,1127,472,1599,293.24,124.91,418.16,1,1
1780,goal_18,exito,1127,445,1572,293.25,135.14,428.38,1,1
1781,goal_18,exito,1127,460,1587,293.26,125.77,419.03,1,1
1782,goal_18,exito,1127,458,1585,293.23,126.03,419.26,1,1
1783,goal_18,exito,1128,451,1579,293.46,135.57,429.03,1,1
1784,goal_18,exito,1127,473,1600,293.25,124.79,418.05,1,1
1785,goal_18,exito,1128,449,1577,293.47,135.38,428.86,1,1
1786,goal_18,exito,1127,451,1578,293.26,135.61,428.86,1,1
1787,goal_18,exito,1127,463,1590,293.25,125.65,418.89,1,1
1788,goal_18,exito,1127,457,1584,293.25,126.18,419.43,1,1
1789,goal_18,exito,1127,458,1585,293.21,125.88,419.1,1,1
1790,goal_18,exito,1128,449,1577,293.46,135.36,428.82,1,1
1791,goal_18,exito,1127,448,1575,293.23,135.36,428.6,1,1
1792,goal_18,exito,1127,467,1594,293.26,125.24,418.5,1,1
1793,goal_18,exito,1127,445,1572,293.21,135.2,428.4,1,1
1794,goal_18,exito,1127,447,1574,293.22,135.26,428.47,1,1
1795,goal_18,exito,1127,447,1574,293.26,135.27,428.53,1,1
1796,goal_18,exito,1127,449,1576,293.24,135.41,428.66,1,1
1797,goal_18,exito,1127,450,1577,293.24,127.12,420.36,1,1
1798,goal_18,exito,1127,450,1577,293.21,135.46,428.67,1,1
1799,goal_18,exito,1127,449,1576,293.22,135.37,428.59,1,1
1800,goal_18,exito,1127,446,1573,293.25,135.18,428.43,1,1
1801,goal_19,exito,1320,451,1771,320.62,135.59,456.21,1,1
1802,goal_19,exito,1320,463,1783,320.59,125.65,446.24,1,1
1803,goal_19,exito,1320,450,1770,320.65,135.51,456.16,1,1
1804,goal_19,exito,1320,462,1782,320.61,125.78,446.39,1,1
1805,goal_19,exito,1321,450,1771,321.13,135.46,456.59,1,1
1806,goal_19,exito,1320,447,1767,320.57,135.29,455.86,1,1
1807,goal_19,exito,1320,446,1766,320.58,135.24,455.82,1,1
1808,goal_19,exito,1320,445,1765,320.59,135.17,455.76,1,1
1809,goal_19,exito,1320,453,1773,320.62,126.71,447.33,1,1
1810,goal_19,exito,1320,450,1770,320.61,135.53,456.14,1,1
1811,goal_19,exito,1321,448,1769,320.85,135.3,456.14,1,1
1812,goal_19,exito,1320,468,1788,320.61,124.89,445.5,1,1
1813,goal_19,exito,1320,448,1768,320.57,135.31,455.89,1,1
1814,goal_19,exito,1320,447,1767,320.64,127.44,448.08,1,1
1815,goal_19,exito,1320,467,1787,320.64,125.17,445.81,1,1
1816,goal_19,exito,1320,466,1786,320.61,125.37,445.98,1,1
1817,goal_19,exito,1320,444,1764,320.59,135.17,455.76,1,1
1818,goal_19,exito,1320,463,1783,320.57,125.38,445.94,1,1
1819,goal_19,exito,1320,447,1767,320.59,135.33,455.92,1,1
1820,goal_19,exito,1321,465,1786,321.12,125.4,446.52,1,1
1821,goal_19,exito,1321,470,1791,321.13,124.91,446.04,1,1
1822,goal_19,exito,1320,448,1768,320.63,135.32,455.95,1,1
1823,goal_19,exito,1320,448,1768,320.59,135.29,455.89,1,1
1824,goal_19,exito,1320,467,1787,320.62,125.13,445.75,1,1
1825,goal_19,exito,1320,466,1786,320.59,125.31,445.89,1,1
1826,goal_19,exito,1320,468,1788,320.59,124.94,445.54,1,1
1827,goal_19,exito,1320,474,1794,320.58,124.62,445.2,1,1
1828,goal_19,exito,1320,454,1774,320.59,126.63,447.22,1,1
1829,goal_19,exito,1320,473,1793,320.62,124.72,445.34,1,1
1830,goal_19,exito,1320,449,1769,320.59,135.43,456.02,1,1
1831,goal_19,exito,1320,446,1766,320.57,135.26,455.82,1,1
1832,goal_19,exito,1320,450,1770,320.56,127.22,447.78,1,1
1833,goal_19,exito,1321,473,1794,321.12,124.72,445.84,1,1
1834,goal_19,exito,1321,461,1782,321.4,125.78,447.18,1,1
1835,goal_19,exito,1320,449,1769,320.62,135.41,456.02,1,1
1836,goal_19,exito,1320,474,1794,320.61,124.54,445.15,1,1
1837,goal_19,exito,1320,450,1770,320.58,135.52,456.1,1,1
1838,goal_19,exito,1321,449,1770,321.12,135.34,456.46,1,1
1839,goal_19,exito,1320,471,1791,320.6,124.8,445.4,1,1
1840,goal_19,exito,1320,449,1769,320.62,135.45,456.07,1,1
1841,goal_19,exito,1320,449,1769,320.6,135.42,456.02,1,1
1842,goal_19,exito,1320,466,1786,320.58,125.29,445.87,1,1
1843,goal_19,exito,1320,458,1778,320.63,126.01,446.64,1,1
1844,goal_19,exito,1320,447,1767,320.61,135.23,455.85,1,1
1845,goal_19,exito,1320,460,1780,320.59,125.94,446.53,1,1
1846,goal_19,exito,1320,450,1770,320.59,135.51,456.11,1,1
1847,goal_19,exito,1320,456,1776,320.58,126.35,446.93,1,1
1848,goal_19,exito,1320,455,1775,320.59,126.55,447.14,1,1
1849,goal_19,exito,1321,475,1796,321.4,125.22,446.62,1,1
1850,goal_19,exito,1321,465,1786,320.85,125.31,446.16,1,1
1851,goal_19,exito,1320,470,1790,320.56,124.95,445.51,1,1
1852,goal_19,exito,1320,470,1790,320.65,124.95,445.6,1,1
1853,goal_19,exito,1320,449,1769,320.56,135.37,455.93,1,1
1854,goal_19,exito,1320,472,1792,320.6,124.92,445.52,1,1
1855,goal_19,exito,1320,460,1780,320.6,125.94,446.55,1,1
1856,goal_19,exito,1320,448,1768,320.6,135.35,455.95,1,1
1857,goal_19,exito,1320,470,1790,320.59,124.89,445.48,1,1
1858,goal_19,exito,1316,471,1787,321.04,125.03,446.07,1,1
1859,goal_19,exito,1320,450,1770,320.58,135.48,456.06,1,1
1860,goal_19,exito,1320,447,1767,320.61,135.24,455.85,1,1
1861,goal_19,exito,1320,447,1767,320.61,135.31,455.92,1,1
1862,goal_19,exito,1321,448,1769,321.12,135.27,456.4,1,1
1863,goal_19,exito,1320,451,1771,320.6,135.58,456.18,1,1
1864,goal_19,exito,1320,470,1790,320.61,124.96,445.58,1,1
1865,goal_19,exito,1320,464,1784,320.59,125.51,446.1,1,1
1866,goal_19,exito,1321,446,1767,321.12,135.24,456.36,1,1
1867,goal_19,exito,1320,449,1769,320.58,135.39,455.97,1,1
1868,goal_19,exito,1320,468,1788,320.62,125.0,445.62,1,1
1869,goal_19,exito,1320,446,1766,320.58,135.22,455.8,1,1
1870,goal_19,exito,1320,451,1771,320.61,126.98,447.59,1,1
1871,goal_19,exito,1320,474,1794,320.57,124.57,445.13,1,1
1872,goal_19,exito,1320,459,1779,320.57,125.94,446.51,1,1
1873,goal_19,exito,1320,448,1768,320.61,135.33,455.94,1,1
1874,goal_19,exito,1320,449,1769,320.58,135.42,456.01,1,1
1875,goal_19,exito,1320,466,1786,320.64,125.28,445.92,1,1
1876,goal_19,exito,1320,447,1767,320.64,127.54,448.18,1,1
1877,goal_19,exito,1320,446,1766,320.64,135.22,455.87,1,1
1878,goal_19,exito,1320,444,1764,320.6,135.06,455.66,1,1
1879,goal_19,exito,1316,468,1784,321.03,125.21,446.25,1,1
1880,goal_19,exito,1320,459,1779,320.62,125.97,446.6,1,1
1881,goal_19,exito,1320,451,1771,320.59,135.49,456.08,1,1
1882,goal_19,exito,1320,447,1767,320.6,127.52,448.12,1,1
1883,goal_19,exito,1320,447,1767,320.62,135.32,455.94,1,1
1884,goal_19,exito,1320,472,1792,320.59,124.87,445.46,1,1
1885,goal_19,exito,1320,448,1768,320.59,135.28,455.87,1,1
1886,goal_19,exito,1320,459,1779,320.63,125.8,446.43,1,1
1887,goal_19,exito,1320,446,1766,320.58,135.18,455.77,1,1
1888,goal_19,exito,1320,448,1768,320.58,135.31,455.89,1,1
1889,goal_19,exito,1320,450,1770,320.62,135.32,455.94,1,1
1890,goal_19,exito,1316,463,1779,321.03,125.55,446.58,1,1
1891,goal_19,exito,1320,459,1779,320.56,125.95,446.51,1,1
1892,goal_19,exito,1320,460,1780,320.65,125.59,446.24,1,1
1893,goal_19,exito,1320,451,1771,320.6,135.55,456.15,1,1
1894,goal_19,exito,1320,461,1781,320.61,125.46,446.07,1,1
1895,goal_19,exito,1316,446,1762,321.03,135.1,456.13,1,1
1896,goal_19,exito,1320,468,1788,320.58,125.15,445.72,1,1
1897,goal_19,exito,1320,452,1772,320.6,126.89,447.49,1,1
1898,goal_19,exito,1320,448,1768,320.58,135.32,455.9,1,1
1899,goal_19,exito,1320,474,1794,320.6,124.55,445.15,1,1
1900,goal_19,exito,1320,453,1773,320.6,126.66,447.26,1,1
1901,goal_20,exito,1467,462,1929,341.32,125.51,466.83,1,1
1902,goal_20,exito,1468,467,1935,341.54,125.04,466.57,1,1
1903,goal_20,exito,1467,454,1921,341.33,126.49,467.83,1,1
1904,goal_20,exito,1468,463,1931,341.54,125.53,467.07,1,1
1905,goal_20,exito,1467,466,1933,341.32,125.23,466.55,1,1
1906,goal_20,exito,1467,448,1915,341.33,135.3,476.62,1,1
1907,goal_20,exito,1467,447,1914,341.35,135.24,476.58,1,1
1908,goal_20,exito,1467,449,1916,341.33,135.4,476.72,1,1
1909,goal_20,exito,1467,465,1932,341.34,125.41,466.74,1,1
1910,goal_20,exito,1467,456,1923,341.32,126.26,467.58,1,1
1911,goal_20,exito,1468,465,1933,341.54,125.41,466.94,1,1
1912,goal_20,exito,1467,446,1913,341.33,135.19,476.52,1,1
1913,goal_20,exito,1467,471,1938,341.33,124.87,466.2,1,1
1914,goal_20,exito,1467,468,1935,341.32,125.13,466.44,1,1
1915,goal_20,exito,1467,445,1912,341.35,135.13,476.48,1,1
1916,goal_20,exito,1467,447,1914,341.32,135.33,476.66,1,1
1917,goal_20,exito,1468,456,1924,341.55,126.31,467.86,1,1
1918,goal_20,exito,1468,445,1913,341.53,135.19,476.73,1,1
1919,goal_20,exito,1467,447,1914,341.32,135.28,476.6,1,1
1920,goal_20,exito,1467,449,1916,341.3,135.39,476.69,1,1
1921,goal_20,exito,1467,457,1924,341.34,126.08,467.42,1,1
1922,goal_20,exito,1467,466,1933,341.31,125.21,466.52,1,1
1923,goal_20,exito,1467,446,1913,341.32,135.18,476.49,1,1
1924,goal_20,exito,1467,461,1928,341.36,125.77,467.13,1,1
1925,goal_20,exito,1467,466,1933,341.31,125.3,466.62,1,1
1926,goal_20,exito,1467,472,1939,341.31,124.83,466.14,1,1
1927,goal_20,exito,1468,470,1938,341.54,125.13,466.68,1,1
1928,goal_20,exito,1467,449,1916,341.32,135.47,476.8,1,1
1929,goal_20,exito,1467,449,1916,341.35,135.41,476.76,1,1
1930,goal_20,exito,1468,450,1918,341.81,135.53,477.34,1,1
1931,goal_20,exito,1467,467,1934,341.3,125.18,466.48,1,1
1932,goal_20,exito,1467,450,1917,341.31,135.54,476.84,1,1
1933,goal_20,exito,1467,446,1913,341.31,135.21,476.52,1,1
1934,goal_20,exito,1467,471,1938,341.34,125.07,466.41,1,1
1935,goal_20,exito,1468,449,1917,341.52,135.42,476.95,1,1
1936,goal_20,exito,1467,470,1937,341.34,124.88,466.22,1,1
1937,goal_20,exito,1467,465,1932,341.3,125.32,466.62,1,1
1938,goal_20,exito,1467,449,1916,341.33,135.38,476.7,1,1
1939,goal_20,exito,1468,470,1938,341.55,124.88,466.42,1,1
1940,goal_20,exito,1467,448,1915,341.36,135.3,476.66,1,1
1941,goal_20,exito,1467,447,1914,341.35,135.33,476.68,1,1
1942,goal_20,exito,1467,450,1917,341.34,135.53,476.87,1,1
1943,goal_20,exito,1467,451,1918,341.32,135.58,476.89,1,1
1944,goal_20,exito,1467,464,1931,341.33,125.47,466.8,1,1
1945,goal_20,exito,1467,470,1937,341.32,125.03,466.35,1,1
1946,goal_20,exito,1467,449,1916,341.33,135.4,476.73,1,1
1947,goal_20,exito,1467,458,1925,341.36,125.86,467.22,1,1
1948,goal_20,exito,1467,469,1936,341.32,124.99,466.31,1,1
1949,goal_20,exito,1467,447,1914,341.32,135.19,476.5,1,1
1950,goal_20,exito,1463,449,1912,341.73,135.36,477.1,1,1
1951,goal_20,exito,1467,449,1916,341.34,135.47,476.81,1,1
1952,goal_20,exito,1467,459,1926,341.31,125.94,467.25,1,1
1953,goal_20,exito,1467,448,1915,341.34,127.31,468.65,1,1
1954,goal_20,exito,1467,446,1913,341.34,135.16,476.5,1,1
1955,goal_20,exito,1467,468,1935,341.36,124.98,466.34,1,1
1956,goal_20,exito,1467,458,1925,341.31,126.02,467.33,1,1
1957,goal_20,exito,1467,447,1914,341.32,135.24,476.56,1,1
1958,goal_20,exito,1468,450,1918,341.54,135.49,477.02,1,1
1959,goal_20,exito,1467,465,1932,341.34,125.41,466.75,1,1
1960,goal_20,exito,1467,468,1935,341.36,124.98,466.34,1,1
1961,goal_20,exito,1467,468,1935,341.32,125.2,466.53,1,1
1962,goal_20,exito,1467,463,1930,341.32,125.64,466.95,1,1
1963,goal_20,exito,1467,449,1916,341.32,135.37,476.7,1,1
1964,goal_20,exito,1467,467,1934,341.33,125.18,466.52,1,1
1965,goal_20,exito,1468,449,1917,341.52,135.4,476.92,1,1
1966,goal_20,exito,1467,449,1916,341.36,135.34,476.69,1,1
1967,goal_20,exito,1467,456,1923,341.33,126.29,467.62,1,1
1968,goal_20,exito,1467,462,1929,341.32,125.68,467.0,1,1
1969,goal_20,exito,1467,451,1918,341.31,135.62,476.93,1,1
1970,goal_20,exito,1468,448,1916,341.53,135.33,476.86,1,1
1971,goal_20,exito,1467,450,1917,341.35,135.51,476.87,1,1
1972,goal_20,exito,1467,466,1933,341.33,125.3,466.63,1,1
1973,goal_20,exito,1468,459,1927,341.55,125.84,467.39,1,1
1974,goal_20,exito,1467,464,1931,341.33,125.5,466.83,1,1
1975,goal_20,exito,1468,444,1912,341.53,127.99,469.52,1,1
1976,goal_20,exito,1467,448,1915,341.33,135.31,476.64,1,1
1977,goal_20,exito,1467,464,1931,341.35,125.34,466.69,1,1
1978,goal_20,exito,1467,447,1914,341.34,135.27,476.61,1,1
1979,goal_20,exito,1467,458,1925,341.33,126.0,467.34,1,1
1980,goal_20,exito,1467,449,1916,341.33,135.38,476.71,1,1
1981,goal_20,exito,1467,449,1916,341.31,135.41,476.72,1,1
1982,goal_20,exito,1467,451,1918,341.35,135.56,476.91,1,1
1983,goal_20,exito,1467,457,1924,341.36,126.03,467.38,1,1
1984,goal_20,exito,1468,472,1940,341.56,124.82,466.38,1,1
1985,goal_20,exito,1468,446,1914,341.54,135.2,476.74,1,1
1986,goal_20,exito,1468,447,1915,341.53,135.32,476.85,1,1
1987,goal_20,exito,1467,468,1935,341.32,125.22,466.53,1,1
1988,goal_20,exito,1467,459,1926,341.34,125.79,467.13,1,1
1989,goal_20,exito,1467,449,1916,341.35,135.42,476.77,1,1
1990,goal_20,exito,1467,459,1926,341.32,125.94,467.26,1,1
1991,goal_20,exito,1468,449,1917,341.54,135.4,476.94,1,1
1992,goal_20,exito,1467,457,1924,341.34,126.07,467.41,1,1
1993,goal_20,exito,1467,449,1916,341.32,135.41,476.73,1,1
1994,goal_20,exito,1468,466,1934,341.55,125.13,466.69,1,1
1995,goal_20,exito,1468,446,1914,341.54,135.19,476.74,1,1
1996,goal_20,exito,1467,451,1918,341.3,135.57,476.87,1,1
1997,goal_20,exito,1467,447,1914,341.31,135.23,476.54,1,1
1998,goal_20,exito,1467,451,1918,341.33,135.52,476.86,1,1
1999,goal_20,exito,1467,470,1937,341.34,125.11,466.45,1,1
2000,goal_20,exito,1468,447,1915,341.53,135.28,476.82,1,1
2001,goal_21,exito,1707,461,2168,364.11,125.76,489.86,1,1
2002,goal_21,exito,1707,447,2154,364.09,135.29,499.37,1,1
2003,goal_21,exito,1707,448,2155,364.27,135.34,499.61,1,1
2004,goal_21,exito,1707,469,2176,364.09,125.15,489.24,1,1
2005,goal_21,exito,1707,446,2153,364.07,135.16,499.22,1,1
2006,goal_21,exito,1707,465,2172,364.08,125.29,489.37,1,1
2007,goal_21,exito,1707,451,2158,364.08,135.6,499.68,1,1
2008,goal_21,exito,1707,447,2154,364.1,135.24,499.33,1,1
2009,goal_21,exito,1707,469,2176,364.13,125.15,489.28,1,1
2010,goal_21,exito,1707,450,2157,364.12,135.53,499.65,1,1
2011,goal_21,exito,1709,451,2160,364.64,135.57,500.21,1,1
2012,goal_21,exito,1707,471,2178,364.09,125.11,489.2,1,1
2013,goal_21,exito,1707,450,2157,364.09,135.51,499.6,1,1
2014,goal_21,exito,1707,471,2178,364.07,124.99,489.06,1,1
2015,goal_21,exito,1707,456,2163,364.08,126.27,490.34,1,1
2016,goal_21,exito,1707,449,2156,364.07,135.37,499.44,1,1
2017,goal_21,exito,1703,449,2152,364.65,135.36,500.01,1,1
2018,goal_21,exito,1703,449,2152,364.53,135.36,499.89,1,1
2019,goal_21,exito,1707,450,2157,364.1,127.07,491.17,1,1
2020,goal_21,exito,1707,472,2179,364.12,124.85,488.97,1,1
2021,goal_21,exito,1707,448,2155,364.07,135.32,499.39,1,1
2022,goal_21,exito,1707,447,2154,364.07,135.2,499.27,1,1
2023,goal_21,exito,1707,447,2154,364.1,135.19,499.29,1,1
2024,goal_21,exito,1703,472,2175,364.53,124.89,489.42,1,1
2025,goal_21,exito,1707,446,2153,364.11,127.56,491.67,1,1
2026,goal_21,exito,1707,469,2176,364.12,125.16,489.28,1,1
2027,goal_21,exito,1707,472,2179,364.14,124.94,489.08,1,1
2028,goal_21,exito,1707,448,2155,364.08,135.2,499.28,1,1
2029,goal_21,exito,1707,448,2155,364.08,135.38,499.46,1,1
2030,goal_21,exito,1707,457,2164,364.25,125.94,490.19,1,1
2031,goal_21,exito,1707,445,2152,364.09,127.76,491.85,1,1
2032,goal_21,exito,1707,447,2154,364.09,135.26,499.36,1,1
2033,goal_21,exito,1707,450,2157,364.13,135.52,499.65,1,1
2034,goal_21,exito,1707,471,2178,364.07,124.86,488.93,1,1
2035,goal_21,exito,1707,450,2157,364.11,135.5,499.62,1,1
2036,goal_21,exito,1707,451,2158,364.08,135.58,499.66,1,1
2037,goal_21,exito,1707,461,2168,364.09,125.73,489.82,1,1
2038,goal_21,exito,1707,448,2155,364.08,135.33,499.41,1,1
2039,goal_21,exito,1707,447,2154,364.09,135.32,499.41,1,1
2040,goal_21,exito,1709,446,2155,364.63,135.3,499.93,1,1
2041,goal_21,exito,1707,472,2179,364.08,124.91,488.99,1,1
2042,goal_21,exito,1707,464,2171,364.08,125.5,489.58,1,1
2043,goal_21,exito,1709,447,2156,364.92,135.3,500.22,1,1
2044,goal_21,exito,1707,448,2155,364.1,135.36,499.45,1,1
2045,goal_21,exito,1707,451,2158,364.07,135.59,499.66,1,1
2046,goal_21,exito,1707,462,2169,364.09,125.73,489.82,1,1
2047,goal_21,exito,1709,449,2158,364.63,135.41,500.05,1,1
2048,goal_21,exito,1707,472,2179,364.08,124.85,488.93,1,1
2049,goal_21,exito,1707,446,2153,364.08,135.18,499.26,1,1
2050,goal_21,exito,1707,452,2159,364.09,126.71,490.8,1,1
2051,goal_21,exito,1707,448,2155,364.09,135.36,499.44,1,1
2052,goal_21,exito,1707,450,2157,364.25,135.5,499.74,1,1
2053,goal_21,exito,1707,446,2153,364.08,135.15,499.24,1,1
2054,goal_21,exito,1707,464,2171,364.08,125.51,489.59,1,1
2055,goal_21,exito,1707,460,2167,364.12,125.6,489.72,1,1
2056,goal_21,exito,1707,448,2155,364.12,135.36,499.48,1,1
2057,goal_21,exito,1707,454,2161,364.1,126.61,490.71,1,1
2058,goal_21,exito,1707,449,2156,364.13,135.4,499.53,1,1
2059,goal_21,exito,1707,467,2174,364.1,125.03,489.13,1,1
2060,goal_21,exito,1707,454,2161,364.27,126.32,490.59,1,1
2061,goal_21,exito,1707,461,2168,364.11,125.55,489.67,1,1
2062,goal_21,exito,1707,462,2169,364.27,125.54,489.81,1,1
2063,goal_21,exito,1707,445,2152,364.11,135.16,499.27,1,1
2064,goal_21,exito,1707,451,2158,364.13,135.59,499.72,1,1
2065,goal_21,exito,1707,448,2155,364.08,135.31,499.4,1,1
2066,goal_21,exito,1707,447,2154,364.26,135.32,499.58,1,1
2067,goal_21,exito,1709,446,2155,364.63,135.18,499.81,1,1
2068,goal_21,exito,1707,472,2179,364.11,124.84,488.95,1,1
2069,goal_21,exito,1707,469,2176,364.13,125.1,489.22,1,1
2070,goal_21,exito,1707,469,2176,364.07,125.18,489.26,1,1
2071,goal_21,exito,1707,447,2154,364.08,135.27,499.35,1,1
2072,goal_21,exito,1707,470,2177,364.07,124.93,489.01,1,1
2073,goal_21,exito,1703,471,2174,364.65,125.06,489.71,1,1
2074,goal_21,exito,1707,469,2176,364.12,125.09,489.21,1,1
2075,goal_21,exito,1707,470,2177,364.09,124.87,488.97,1,1
2076,goal_21,exito,1707,448,2155,364.11,135.32,499.42,1,1
2077,goal_21,exito,1707,472,2179,364.13,124.95,489.07,1,1
2078,goal_21,exito,1707,447,2154,364.1,135.25,499.35,1,1
2079,goal_21,exito,1707,469,2176,364.07,124.84,488.91,1,1
2080,goal_21,exito,1703,447,2150,364.52,135.27,499.79,1,1
2081,goal_21,exito,1707,446,2153,364.12,135.28,499.39,1,1
2082,goal_21,exito,1707,450,2157,364.07,135.46,499.52,1,1
2083,goal_21,exito,1707,460,2167,364.12,125.87,489.99,1,1
2084,goal_21,exito,1707,462,2169,364.11,125.6,489.71,1,1
2085,goal_21,exito,1707,450,2157,364.09,135.46,499.55,1,1
2086,goal_21,exito,1707,446,2153,364.13,135.24,499.37,1,1
2087,goal_21,exito,1707,448,2155,364.08,135.35,499.43,1,1
2088,goal_21,exito,1707,447,2154,364.13,135.25,499.38,1,1
2089,goal_21,exito,1707,451,2158,364.26,135.57,499.83,1,1
2090,goal_21,exito,1707,471,2178,364.24,125.07,489.31,1,1
2091,goal_21,exito,1707,460,2167,364.14,125.84,489.97,1,1
2092,goal_21,exito,1707,462,2169,364.08,125.64,489.71,1,1
2093,goal_21,exito,1707,448,2155,364.07,135.34,499.4,1,1
2094,goal_21,exito,1707,461,2168,364.25,125.77,490.03,1,1
2095,goal_21,exito,1707,449,2156,364.12,135.36,499.48,1,1
2096,goal_21,exito,1707,447,2154,364.11,135.28,499.39,1,1
2097,goal_21,exito,1707,446,2153,364.09,135.16,499.25,1,1
2098,goal_21,exito,1707,447,2154,364.13,127.41,491.54,1,1
2099,goal_21,exito,1707,459,2166,364.1,125.93,490.03,1,1
2100,goal_21,exito,1707,450,2157,364.07,135.51,499.58,1,1
2101,goal_22,exito,1921,446,2367,396.97,135.15,532.12,1,1
2102,goal_22,exito,1920,455,2375,396.75,126.5,523.25,1,1
2103,goal_22,exito,1920,449,2369,396.78,135.42,532.2,1,1
2104,goal_22,exito,1921,470,2391,396.97,125.08,522.05,1,1
2105,goal_22,exito,1920,469,2389,396.76,125.14,521.9,1,1
2106,goal_22,exito,1920,447,2367,396.77,135.24,532.01,1,1
2107,goal_22,exito,1920,451,2371,396.78,135.61,532.38,1,1
2108,goal_22,exito,1920,452,2372,396.75,135.63,532.38,1,1
2109,goal_22,exito,1921,466,2387,396.99,125.25,522.24,1,1
2110,goal_22,exito,1920,447,2367,396.77,135.27,532.05,1,1
2111,goal_22,exito,1920,451,2371,396.77,135.58,532.35,1,1
2112,goal_22,exito,1921,469,2390,396.99,124.95,521.95,1,1
2113,goal_22,exito,1921,450,2371,396.99,135.49,532.48,1,1
2114,goal_22,exito,1920,447,2367,396.75,135.11,531.87,1,1
2115,goal_22,exito,1917,469,2386,397.38,124.93,522.31,1,1
2116,goal_22,exito,1921,470,2391,396.97,124.98,521.95,1,1
2117,goal_22,exito,1920,449,2369,396.77,135.38,532.15,1,1
2118,goal_22,exito,1920,471,2391,396.75,125.01,521.76,1,1
2119,goal_22,exito,1920,446,2366,396.75,135.23,531.98,1,1
2120,goal_22,exito,1920,449,2369,396.77,135.37,532.15,1,1
2121,goal_22,exito,1921,459,2380,396.98,125.84,522.82,1,1
2122,goal_22,exito,1920,448,2368,396.75,135.27,532.01,1,1
2123,goal_22,exito,1921,451,2372,396.99,135.59,532.58,1,1
2124,goal_22,exito,1920,451,2371,396.78,135.47,532.25,1,1
2125,goal_22,exito,1921,448,2369,397.01,135.33,532.34,1,1
2126,goal_22,exito,1920,457,2377,396.75,126.08,522.84,1,1
2127,goal_22,exito,1921,465,2386,396.99,125.43,522.41,1,1
2128,goal_22,exito,1920,450,2370,396.77,135.5,532.28,1,1
2129,goal_22,exito,1920,468,2388,396.75,125.14,521.9,1,1
2130,goal_22,exito,1921,457,2378,396.99,126.16,523.15,1,1
2131,goal_22,exito,1920,446,2366,396.77,135.13,531.9,1,1
2132,goal_22,exito,1921,447,2368,397.0,135.26,532.25,1,1
2133,goal_22,exito,1921,470,2391,396.97,124.85,521.83,1,1
2134,goal_22,exito,1921,451,2372,397.0,135.58,532.58,1,1
2135,goal_22,exito,1920,465,2385,396.77,125.36,522.13,1,1
2136,goal_22,exito,1921,471,2392,397.01,125.06,522.06,1,1
2137,goal_22,exito,1920,472,2392,396.76,124.94,521.7,1,1
2138,goal_22,exito,1920,451,2371,396.75,135.44,532.19,1,1
2139,goal_22,exito,1920,447,2367,396.75,135.27,532.02,1,1
2140,goal_22,exito,1920,472,2392,396.75,124.94,521.69,1,1
2141,goal_22,exito,1920,472,2392,396.75,124.94,521.69,1,1
2142,goal_22,exito,1920,442,2362,396.75,128.11,524.86,1,1
2143,goal_22,exito,1921,464,2385,396.96,125.47,522.43,1,1
2144,goal_22,exito,1921,469,2390,397.0,125.14,522.15,1,1
2145,goal_22,exito,1920,466,2386,396.76,125.34,522.1,1,1
2146,goal_22,exito,1920,460,2380,396.74,125.77,522.51,1,1
2147,goal_22,exito,1921,446,2367,397.0,135.21,532.21,1,1
2148,goal_22,exito,1921,467,2388,397.0,125.12,522.12,1,1
2149,goal_22,exito,1920,454,2374,396.78,126.51,523.28,1,1
2150,goal_22,exito,1920,465,2385,396.79,125.29,522.07,1,1
2151,goal_22,exito,1920,450,2370,396.75,135.5,532.25,1,1
2152,goal_22,exito,1921,448,2369,396.97,135.31,532.28,1,1
2153,goal_22,exito,1921,451,2372,397.0,135.62,532.62,1,1
2154,goal_22,exito,1920,447,2367,396.78,135.24,532.02,1,1
2155,goal_22,exito,1921,468,2389,396.99,124.95,521.94,1,1
2156,goal_22,exito,1920,450,2370,396.79,135.46,532.25,1,1
2157,goal_22,exito,1920,448,2368,396.75,135.36,532.11,1,1
2158,goal_22,exito,1921,451,2372,396.97,135.59,532.55,1,1
2159,goal_22,exito,1921,452,2373,397.0,135.58,532.58,1,1
2160,goal_22,exito,1921,469,2390,396.96,125.05,522.02,1,1
2161,goal_22,exito,1920,459,2379,396.78,125.93,522.7,1,1
2162,goal_22,exito,1920,446,2366,396.78,135.29,532.07,1,1
2163,goal_22,exito,1920,450,2370,396.77,135.45,532.23,1,1
2164,goal_22,exito,1921,467,2388,397.01,125.22,522.23,1,1
2165,goal_22,exito,1920,450,2370,396.77,127.09,523.85,1,1
2166,goal_22,exito,1920,471,2391,396.74,124.86,521.61,1,1
2167,goal_22,exito,1920,448,2368,396.78,135.28,532.05,1,1
2168,goal_22,exito,1917,446,2363,397.39,135.17,532.56,1,1
2169,goal_22,exito,1917,448,2365,397.39,135.37,532.76,1,1
2170,goal_22,exito,1920,468,2388,396.74,125.14,521.89,1,1
2171,goal_22,exito,1921,451,2372,397.0,135.61,532.61,1,1
2172,goal_22,exito,1921,454,2375,396.97,126.56,523.53,1,1
2173,goal_22,exito,1920,446,2366,396.8,135.23,532.03,1,1
2174,goal_22,exito,1920,471,2391,396.75,124.84,521.59,1,1
2175,goal_22,exito,1920,446,2366,396.75,135.27,532.02,1,1
2176,goal_22,exito,1920,448,2368,396.77,135.32,532.09,1,1
2177,goal_22,exito,1921,450,2371,397.0,135.46,532.46,1,1
2178,goal_22,exito,1921,450,2371,396.98,135.38,532.37,1,1
2179,goal_22,exito,1921,459,2380,396.99,125.94,522.92,1,1
2180,goal_22,exito,1920,459,2379,396.76,125.83,522.59,1,1
2181,goal_22,exito,1920,449,2369,396.75,135.42,532.17,1,1
2182,goal_22,exito,1920,463,2383,396.75,125.63,522.38,1,1
2183,goal_22,exito,1921,465,2386,396.99,125.27,522.26,1,1
2184,goal_22,exito,1920,466,2386,396.76,125.26,522.02,1,1
2185,goal_22,exito,1921,460,2381,396.97,125.87,522.84,1,1
2186,goal_22,exito,1921,448,2369,397.0,135.23,532.24,1,1
2187,goal_22,exito,1920,446,2366,396.77,135.24,532.01,1,1
2188,goal_22,exito,1920,449,2369,396.75,127.31,524.06,1,1
2189,goal_22,exito,1920,445,2365,396.75,135.13,531.89,1,1
2190,goal_22,exito,1920,447,2367,396.76,135.25,532.01,1,1
2191,goal_22,exito,1921,456,2377,397.0,126.29,523.29,1,1
2192,goal_22,exito,1920,467,2387,396.76,125.2,521.96,1,1
2193,goal_22,exito,1920,464,2384,396.78,125.28,522.05,1,1
2194,goal_22,exito,1917,468,2385,397.39,124.96,522.35,1,1
2195,goal_22,exito,1920,466,2386,396.78,125.27,522.05,1,1
2196,goal_22,exito,1920,451,2371,396.75,135.57,532.32,1,1
2197,goal_22,exito,1920,452,2372,396.76,126.81,523.57,1,1
2198,goal_22,exito,1921,445,2366,396.99,135.13,532.12,1,1
2199,goal_22,exito,1921,468,2389,397.01,124.92,521.93,1,1
2200,goal_22,exito,1920,468,2388,396.77,124.89,521.65,1,1
2201,goal_23,exito,2267,472,2739,467.13,124.79,591.92,1,1
2202,goal_23,exito,2267,466,2733,467.13,125.32,592.45,1,1
2203,goal_23,exito,2267,445,2712,467.12,135.15,602.27,1,1
2204,goal_23,exito,2266,463,2729,466.93,125.46,592.39,1,1
2205,goal_23,exito,2266,474,2740,466.92,124.71,591.63,1,1
2206,goal_23,exito,2267,450,2717,467.12,135.51,602.63,1,1
2207,goal_23,exito,2267,449,2716,467.13,135.4,602.53,1,1
2208,goal_23,exito,2267,454,2721,467.12,126.44,593.56,1,1
2209,goal_23,exito,2267,468,2735,467.15,124.93,592.08,1,1
2210,goal_23,exito,2267,462,2729,467.14,125.57,592.71,1,1
2211,goal_23,exito,2267,449,2716,467.12,135.37,602.49,1,1
2212,goal_23,exito,2256,468,2724,467.52,125.15,592.67,1,1
2213,goal_23,exito,2267,474,2741,467.12,124.57,591.69,1,1
2214,goal_23,exito,2267,448,2715,467.12,135.29,602.41,1,1
2215,goal_23,exito,2267,448,2715,467.14,135.29,602.43,1,1
2216,goal_23,exito,2267,455,2722,467.14,126.54,593.68,1,1
2217,goal_23,exito,2267,463,2730,467.13,125.64,592.77,1,1
2218,goal_23,exito,2267,474,2741,467.13,124.72,591.85,1,1
2219,goal_23,exito,2267,449,2716,467.12,135.42,602.54,1,1
2220,goal_23,exito,2267,473,2740,467.13,124.73,591.86,1,1
2221,goal_23,exito,2267,466,2733,467.13,125.24,592.37,1,1
2222,goal_23,exito,2267,446,2713,467.13,135.25,602.38,1,1
2223,goal_23,exito,2267,450,2717,467.12,135.49,602.61,1,1
2224,goal_23,exito,2267,448,2715,467.13,135.36,602.49,1,1
2225,goal_23,exito,2267,449,2716,467.13,135.38,602.52,1,1
2226,goal_23,exito,2267,473,2740,467.14,124.63,591.78,1,1
2227,goal_23,exito,2267,450,2717,467.15,135.51,602.66,1,1
2228,goal_23,exito,2267,460,2727,467.12,125.86,592.98,1,1
2229,goal_23,exito,2267,463,2730,467.12,125.54,592.66,1,1
2230,goal_23,exito,2267,457,2724,467.12,126.12,593.24,1,1
2231,goal_23,exito,2267,444,2711,467.13,135.11,602.24,1,1
2232,goal_23,exito,2267,473,2740,467.12,124.81,591.93,1,1
2233,goal_23,exito,2267,447,2714,467.12,135.22,602.34,1,1
2234,goal_23,exito,2267,473,2740,467.12,124.74,591.87,1,1
2235,goal_23,exito,2267,450,2717,467.12,135.52,602.64,1,1
2236,goal_23,exito,2267,450,2717,467.13,135.5,602.64,1,1
2237,goal_23,exito,2267,453,2720,467.12,126.72,593.84,1,1
2238,goal_23,exito,2267,470,2737,467.13,124.96,592.08,1,1
2239,goal_23,exito,2267,463,2730,467.14,125.49,592.63,1,1
2240,goal_23,exito,2267,448,2715,467.13,135.37,602.49,1,1
2241,goal_23,exito,2267,450,2717,467.13,135.54,602.67,1,1
2242,goal_23,exito,2266,458,2724,466.92,126.2,593.13,1,1
2243,goal_23,exito,2267,462,2729,467.13,125.58,592.72,1,1
2244,goal_23,exito,2267,467,2734,467.12,125.15,592.27,1,1
2245,goal_23,exito,2267,459,2726,467.14,125.96,593.1,1,1
2246,goal_23,exito,2267,460,2727,467.13,125.9,593.03,1,1
2247,goal_23,exito,2267,461,2728,467.14,125.7,592.84,1,1
2248,goal_23,exito,2267,454,2721,467.13,126.55,593.68,1,1
2249,goal_23,exito,2267,447,2714,467.12,135.31,602.44,1,1
2250,goal_23,exito,2266,449,2715,466.93,135.44,602.37,1,1
2251,goal_23,exito,2267,467,2734,467.12,125.12,592.24,1,1
2252,goal_23,exito,2267,450,2717,467.14,135.52,602.66,1,1
2253,goal_23,exito,2267,446,2713,467.13,135.18,602.31,1,1
2254,goal_23,exito,2267,449,2716,467.13,127.21,594.34,1,1
2255,goal_23,exito,2267,449,2716,467.12,135.4,602.52,1,1
2256,goal_23,exito,2266,461,2727,466.94,125.7,592.64,1,1
2257,goal_23,exito,2267,450,2717,467.13,135.5,602.63,1,1
2258,goal_23,exito,2267,457,2724,467.12,126.25,593.37,1,1
2259,goal_23,exito,2266,450,2716,466.94,135.47,602.4,1,1
2260,goal_23,exito,2267,450,2717,467.13,135.5,602.63,1,1
2261,goal_23,exito,2267,454,2721,467.14,126.41,593.55,1,1
2262,goal_23,exito,2267,450,2717,467.14,135.51,602.64,1,1
2263,goal_23,exito,2267,449,2716,467.13,135.42,602.55,1,1
2264,goal_23,exito,2267,462,2729,467.13,125.6,592.73,1,1
2265,goal_23,exito,2267,451,2718,467.11,135.47,602.59,1,1
2266,goal_23,exito,2267,461,2728,467.13,125.76,592.89,1,1
2267,goal_23,exito,2267,460,2727,467.12,125.58,592.71,1,1
2268,goal_23,exito,2256,459,2715,467.52,125.82,593.34,1,1
2269,goal_23,exito,2267,469,2736,467.14,125.01,592.15,1,1
2270,goal_23,exito,2267,459,2726,467.13,125.84,592.97,1,1
2271,goal_23,exito,2267,446,2713,467.13,135.17,602.3,1,1
2272,goal_23,exito,2256,446,2702,467.52,135.13,602.65,1,1
2273,goal_23,exito,2256,447,2703,467.52,135.33,602.86,1,1
2274,goal_23,exito,2267,471,2738,467.13,125.09,592.22,1,1
2275,goal_23,exito,2267,450,2717,467.13,135.48,602.61,1,1
2276,goal_23,exito,2266,473,2739,466.92,124.77,591.69,1,1
2277,goal_23,exito,2267,465,2732,467.12,125.27,592.39,1,1
2278,goal_23,exito,2267,472,2739,467.11,124.87,591.98,1,1
2279,goal_23,exito,2267,449,2716,467.12,135.36,602.49,1,1
2280,goal_23,exito,2256,474,2730,467.52,124.63,592.15,1,1
2281,goal_23,exito,2267,467,2734,467.14,125.19,592.33,1,1
2282,goal_23,exito,2267,465,2732,467.12,125.3,592.42,1,1
2283,goal_23,exito,2267,450,2717,467.12,135.51,602.63,1,1
2284,goal_23,exito,2267,451,2718,467.12,135.55,602.67,1,1
2285,goal_23,exito,2266,465,2731,466.93,125.45,592.38,1,1
2286,goal_23,exito,2267,472,2739,467.13,124.81,591.94,1,1
2287,goal_23,exito,2267,447,2714,467.12,135.31,602.43,1,1
2288,goal_23,exito,2267,450,2717,467.13,135.48,602.6,1,1
2289,goal_23,exito,2267,447,2714,467.13,135.27,602.4,1,1
2290,goal_23,exito,2267,449,2716,467.12,135.3,602.42,1,1
2291,goal_23,exito,2267,446,2713,467.12,135.25,602.37,1,1
2292,goal_23,exito,2267,474,2741,467.13,124.57,591.7,1,1
2293,goal_23,exito,2267,445,2712,467.13,135.19,602.32,1,1
2294,goal_23,exito,2267,450,2717,467.13,135.51,602.64,1,1
2295,goal_23,exito,2266,447,2713,466.93,135.31,602.24,1,1
2296,goal_23,exito,2267,460,2727,467.13,125.86,592.98,1,1
2297,goal_23,exito,2267,449,2716,467.13,135.44,602.56,1,1
2298,goal_23,exito,2267,473,2740,467.13,124.62,591.75,1,1
2299,goal_23,exito,2267,449,2716,467.12,135.43,602.55,1,1
2300,goal_23,exito,2267,449,2716,467.12,135.39,602.51,1,1
2301,goal_24,exito,2065,461,2526,438.14,125.76,563.9,1,1
2302,goal_24,exito,2065,451,2516,438.12,135.52,573.65,1,1
2303,goal_24,exito,2054,473,2527,438.53,124.78,563.3,1,1
2304,goal_24,exito,2065,468,2533,438.13,125.14,563.27,1,1
2305,goal_24,exito,2065,448,2513,438.14,135.31,573.45,1,1
2306,goal_24,exito,2065,455,2520,438.12,126.45,564.57,1,1
2307,goal_24,exito,2065,450,2515,438.15,135.5,573.65,1,1
2308,goal_24,exito,2065,470,2535,438.13,124.87,563.0,1,1
2309,goal_24,exito,2065,462,2527,438.14,125.61,563.75,1,1
2310,goal_24,exito,2065,473,2538,438.12,124.66,562.78,1,1
2311,goal_24,exito,2065,450,2515,438.14,135.51,573.65,1,1
2312,goal_24,exito,2065,454,2519,438.13,126.59,564.72,1,1
2313,goal_24,exito,2065,451,2516,438.13,135.61,573.74,1,1
2314,goal_24,exito,2065,445,2510,438.12,135.17,573.28,1,1
2315,goal_24,exito,2065,470,2535,438.13,124.84,562.98,1,1
2316,goal_24,exito,2065,450,2515,438.14,135.52,573.66,1,1
2317,goal_24,exito,2065,450,2515,438.12,135.48,573.6,1,1
2318,goal_24,exito,2065,451,2516,438.17,135.6,573.77,1,1
2319,goal_24,exito,2065,475,2540,438.13,124.63,562.75,1,1
2320,goal_24,exito,2065,446,2511,438.16,135.2,573.36,1,1
2321,goal_24,exito,2065,453,2518,438.14,126.55,564.69,1,1
2322,goal_24,exito,2065,448,2513,438.13,135.31,573.45,1,1
2323,goal_24,exito,2065,450,2515,438.13,135.54,573.66,1,1
2324,goal_24,exito,2065,460,2525,438.13,125.63,563.76,1,1
2325,goal_24,exito,2054,449,2503,438.52,135.43,573.95,1,1
2326,goal_24,exito,2065,470,2535,438.14,124.93,563.07,1,1
2327,goal_24,exito,2065,460,2525,438.13,125.71,563.84,1,1
2328,goal_24,exito,2065,463,2528,438.15,125.61,563.76,1,1
2329,goal_24,exito,2065,474,2539,438.13,124.5,562.63,1,1
2330,goal_24,exito,2065,453,2518,438.17,126.81,564.98,1,1
2331,goal_24,exito,2065,470,2535,438.14,124.9,563.04,1,1
2332,goal_24,exito,2065,470,2535,438.13,124.91,563.04,1,1
2333,goal_24,exito,2065,446,2511,438.18,127.63,565.81,1,1
2334,goal_24,exito,2065,467,2532,438.12,125.15,563.27,1,1
2335,goal_24,exito,2065,450,2515,438.14,135.44,573.58,1,1
2336,goal_24,exito,2065,456,2521,438.13,126.21,564.34,1,1
2337,goal_24,exito,2065,448,2513,438.17,135.36,573.53,1,1
2338,goal_24,exito,2065,450,2515,438.12,135.44,573.56,1,1
2339,goal_24,exito,2065,446,2511,438.14,135.19,573.33,1,1
2340,goal_24,exito,2065,449,2514,438.14,135.43,573.57,1,1
2341,goal_24,exito,2065,450,2515,438.12,135.5,573.62,1,1
2342,goal_24,exito,2065,467,2532,438.13,125.18,563.31,1,1
2343,goal_24,exito,2065,450,2515,438.12,135.54,573.66,1,1
2344,goal_24,exito,2065,471,2536,438.13,124.75,562.88,1,1
2345,goal_24,exito,2054,469,2523,438.53,125.12,563.65,1,1
2346,goal_24,exito,2065,445,2510,438.13,135.14,573.27,1,1
2347,goal_24,exito,2065,448,2513,438.17,135.3,573.46,1,1
2348,goal_24,exito,2065,449,2514,438.12,135.42,573.54,1,1
2349,goal_24,exito,2065,450,2515,438.14,135.53,573.67,1,1
2350,goal_24,exito,2065,448,2513,438.12,135.28,573.4,1,1
2351,goal_24,exito,2065,449,2514,438.13,135.37,573.49,1,1
2352,goal_24,exito,2054,447,2501,438.52,135.28,573.8,1,1
2353,goal_24,exito,2065,459,2524,438.11,125.8,563.91,1,1
2354,goal_24,exito,2065,449,2514,438.14,135.4,573.55,1,1
2355,goal_24,exito,2065,467,2532,438.13,125.24,563.37,1,1
2356,goal_24,exito,2065,450,2515,438.11,135.45,573.56,1,1
2357,goal_24,exito,2065,450,2515,438.18,135.5,573.68,1,1
2358,goal_24,exito,2065,449,2514,438.12,135.41,573.53,1,1
2359,goal_24,exito,2065,465,2530,438.14,125.42,563.55,1,1
2360,goal_24,exito,2065,471,2536,438.13,124.83,562.97,1,1
2361,goal_24,exito,2065,449,2514,438.12,135.43,573.55,1,1
2362,goal_24,exito,2065,448,2513,438.16,135.33,573.49,1,1
2363,goal_24,exito,2065,458,2523,438.13,126.14,564.27,1,1
2364,goal_24,exito,2065,469,2534,438.16,125.13,563.29,1,1
2365,goal_24,exito,2065,462,2527,438.13,125.55,563.68,1,1
2366,goal_24,exito,2065,449,2514,438.14,135.44,573.58,1,1
2367,goal_24,exito,2065,457,2522,438.11,126.23,564.34,1,1
2368,goal_24,exito,2065,450,2515,438.14,135.53,573.67,1,1
2369,goal_24,exito,2065,463,2528,438.12,125.62,563.74,1,1
2370,goal_24,exito,2065,462,2527,438.14,125.6,563.73,1,1
2371,goal_24,exito,2065,448,2513,438.13,135.28,573.41,1,1
2372,goal_24,exito,2065,454,2519,438.13,126.57,564.7,1,1
2373,goal_24,exito,2065,459,2524,438.13,125.98,564.11,1,1
2374,goal_24,exito,2065,454,2519,438.12,126.56,564.68,1,1
2375,goal_24,exito,2065,446,2511,438.13,135.14,573.27,1,1
2376,goal_24,exito,2054,446,2500,438.52,135.11,573.63,1,1
2377,goal_24,exito,2065,448,2513,438.13,135.33,573.47,1,1
2378,goal_24,exito,2065,449,2514,438.12,135.29,573.41,1,1
2379,goal_24,exito,2065,450,2515,438.13,135.53,573.66,1,1
2380,goal_24,exito,2065,448,2513,438.15,135.36,573.52,1,1
2381,goal_24,exito,2065,457,2522,438.13,125.98,564.11,1,1
2382,goal_24,exito,2065,468,2533,438.16,125.17,563.33,1,1
2383,goal_24,exito,2065,467,2532,438.13,125.1,563.23,1,1
2384,goal_24,exito,2065,447,2512,438.12,135.31,573.43,1,1
2385,goal_24,exito,2065,472,2537,438.13,124.91,563.04,1,1
2386,goal_24,exito,2065,462,2527,438.12,125.78,563.89,1,1
2387,goal_24,exito,2065,448,2513,438.13,135.3,573.44,1,1
2388,goal_24,exito,2065,457,2522,438.13,126.07,564.19,1,1
2389,goal_24,exito,2065,449,2514,438.14,135.27,573.4,1,1
2390,goal_24,exito,2065,456,2521,438.13,126.37,564.5,1,1
2391,goal_24,exito,2065,450,2515,438.15,135.52,573.68,1,1
2392,goal_24,exito,2065,447,2512,438.12,135.29,573.41,1,1
2393,goal_24,exito,2065,448,2513,438.13,135.29,573.43,1,1
2394,goal_24,exito,2065,473,2538,438.13,124.65,562.78,1,1
2395,goal_24,exito,2065,449,2514,438.14,135.38,573.52,1,1
2396,goal_24,exito,2065,449,2514,438.12,135.38,573.49,1,1
2397,goal_24,exito,2065,468,2533,438.14,125.14,563.29,1,1
2398,goal_24,exito,2065,449,2514,438.12,135.38,573.5,1,1
2399,goal_24,exito,2065,467,2532,438.17,125.23,563.4,1,1
2400,goal_24,exito,2065,459,2524,438.13,125.94,564.06,1,1
2401,goal_25,exito,1853,450,2303,407.3,135.45,542.74,1,1
2402,goal_25,exito,1853,448,2301,407.29,135.31,542.6,1,1
2403,goal_25,exito,1853,450,2303,407.3,135.5,542.8,1,1
2404,goal_25,exito,1853,461,2314,407.3,125.75,533.05,1,1
2405,goal_25,exito,1852,458,2310,407.1,125.9,533.0,1,1
2406,goal_25,exito,1853,450,2303,407.3,135.5,542.79,1,1
2407,goal_25,exito,1853,448,2301,407.3,135.3,542.6,1,1
2408,goal_25,exito,1853,447,2300,407.29,135.26,542.55,1,1
2409,goal_25,exito,1852,466,2318,407.1,125.21,532.31,1,1
2410,goal_25,exito,1853,455,2308,407.3,126.47,533.77,1,1
2411,goal_25,exito,1853,449,2302,407.3,135.38,542.68,1,1
2412,goal_25,exito,1853,448,2301,407.3,135.31,542.61,1,1
2413,goal_25,exito,1852,448,2300,407.1,135.33,542.44,1,1
2414,goal_25,exito,1852,451,2303,407.1,135.57,542.67,1,1
2415,goal_25,exito,1853,449,2302,407.3,135.37,542.66,1,1
2416,goal_25,exito,1853,447,2300,407.29,135.29,542.59,1,1
2417,goal_25,exito,1853,449,2302,407.3,135.41,542.71,1,1
2418,goal_25,exito,1853,450,2303,407.3,135.51,542.81,1,1
2419,goal_25,exito,1852,472,2324,407.11,124.89,532.0,1,1
2420,goal_25,exito,1852,447,2299,407.11,135.24,542.35,1,1
2421,goal_25,exito,1853,446,2299,407.3,127.69,534.99,1,1
2422,goal_25,exito,1852,457,2309,407.1,126.28,533.38,1,1
2423,goal_25,exito,1853,474,2327,407.3,124.83,532.13,1,1
2424,goal_25,exito,1852,470,2322,407.1,124.84,531.94,1,1
2425,goal_25,exito,1853,465,2318,407.3,125.43,532.72,1,1
2426,goal_25,exito,1852,471,2323,407.09,124.83,531.92,1,1
2427,goal_25,exito,1852,450,2302,407.1,135.52,542.62,1,1
2428,goal_25,exito,1853,449,2302,407.3,127.29,534.59,1,1
2429,goal_25,exito,1853,466,2319,407.3,125.2,532.5,1,1
2430,goal_25,exito,1853,449,2302,407.3,135.4,542.69,1,1
2431,goal_25,exito,1853,458,2311,407.29,125.97,533.26,1,1
2432,goal_25,exito,1853,469,2322,407.3,125.08,532.38,1,1
2433,goal_25,exito,1852,447,2299,407.1,135.24,542.34,1,1
2434,goal_25,exito,1853,460,2313,407.3,125.92,533.22,1,1
2435,goal_25,exito,1852,449,2301,407.1,135.41,542.51,1,1
2436,goal_25,exito,1852,465,2317,407.1,125.43,532.53,1,1
2437,goal_25,exito,1852,448,2300,407.11,135.32,542.43,1,1
2438,goal_25,exito,1853,448,2301,407.3,135.34,542.64,1,1
2439,goal_25,exito,1852,445,2297,407.1,135.18,542.28,1,1
2440,goal_25,exito,1853,473,2326,407.3,124.66,531.96,1,1
2441,goal_25,exito,1853,465,2318,407.3,125.33,532.62,1,1
2442,goal_25,exito,1853,448,2301,407.3,135.3,542.6,1,1
2443,goal_25,exito,1852,447,2299,407.1,135.28,542.38,1,1
2444,goal_25,exito,1852,451,2303,407.11,135.58,542.69,1,1
2445,goal_25,exito,1852,464,2316,407.11,125.54,532.64,1,1
2446,goal_25,exito,1852,448,2300,407.1,135.25,542.35,1,1
2447,goal_25,exito,1840,447,2287,407.45,135.22,542.68,1,1
2448,goal_25,exito,1853,472,2325,407.3,124.88,532.17,1,1
2449,goal_25,exito,1852,473,2325,407.1,124.75,531.85,1,1
2450,goal_25,exito,1853,451,2304,407.3,135.6,542.9,1,1
2451,goal_25,exito,1853,448,2301,407.29,135.27,542.57,1,1
2452,goal_25,exito,1840,452,2292,407.45,126.87,534.33,1,1
2453,goal_25,exito,1852,454,2306,407.1,126.41,533.51,1,1
2454,goal_25,exito,1853,469,2322,407.3,125.06,532.36,1,1
2455,goal_25,exito,1853,449,2302,407.3,135.45,542.74,1,1
2456,goal_25,exito,1852,449,2301,407.1,135.38,542.47,1,1
2457,goal_25,exito,1853,458,2311,407.3,125.9,533.2,1,1
2458,goal_25,exito,1853,449,2302,407.29,135.4,542.7,1,1
2459,goal_25,exito,1853,455,2308,407.3,126.3,533.6,1,1
2460,goal_25,exito,1853,460,2313,407.3,125.61,532.91,1,1
2461,goal_25,exito,1853,449,2302,407.3,135.39,542.69,1,1
2462,goal_25,exito,1853,451,2304,407.3,135.59,542.88,1,1
2463,goal_25,exito,1853,463,2316,407.3,125.6,532.9,1,1
2464,goal_25,exito,1852,448,2300,407.11,135.25,542.36,1,1
2465,goal_25,exito,1853,458,2311,407.29,126.03,533.33,1,1
2466,goal_25,exito,1852,469,2321,407.1,124.8,531.9,1,1
2467,goal_25,exito,1840,450,2290,407.46,135.45,542.9,1,1
2468,goal_25,exito,1853,466,2319,407.3,125.23,532.53,1,1
2469,goal_25,exito,1853,448,2301,407.29,135.32,542.61,1,1
2470,goal_25,exito,1852,472,2324,407.1,124.86,531.96,1,1
2471,goal_25,exito,1852,455,2307,407.11,126.56,533.67,1,1
2472,goal_25,exito,1852,451,2303,407.11,135.61,542.72,1,1
2473,goal_25,exito,1853,450,2303,407.3,135.52,542.82,1,1
2474,goal_25,exito,1852,446,2298,407.1,135.24,542.34,1,1
2475,goal_25,exito,1852,449,2301,407.11,135.41,542.52,1,1
2476,goal_25,exito,1853,450,2303,407.3,135.5,542.8,1,1
2477,goal_25,exito,1853,449,2302,407.3,135.44,542.74,1,1
2478,goal_25,exito,1852,451,2303,407.1,135.41,542.51,1,1
2479,goal_25,exito,1840,446,2286,407.45,135.27,542.72,1,1
2480,goal_25,exito,1852,474,2326,407.11,124.55,531.66,1,1
2481,goal_25,exito,1853,471,2324,407.3,125.07,532.37,1,1
2482,goal_25,exito,1852,445,2297,407.1,135.19,542.29,1,1
2483,goal_25,exito,1852,445,2297,407.1,135.13,542.23,1,1
2484,goal_25,exito,1853,451,2304,407.29,135.57,542.86,1,1
2485,goal_25,exito,1852,451,2303,407.1,135.61,542.71,1,1
2486,goal_25,exito,1852,459,2311,407.12,125.93,533.05,1,1
2487,goal_25,exito,1853,471,2324,407.3,125.04,532.34,1,1
2488,goal_25,exito,1852,462,2314,407.11,125.75,532.86,1,1
2489,goal_25,exito,1852,445,2297,407.1,135.01,542.11,1,1
2490,goal_25,exito,1840,458,2298,407.46,126.0,533.46,1,1
2491,goal_25,exito,1853,459,2312,407.29,125.97,533.26,1,1
2492,goal_25,exito,1852,458,2310,407.1,126.0,533.11,1,1
2493,goal_25,exito,1853,474,2327,407.29,124.59,531.88,1,1
2494,goal_25,exito,1852,450,2302,407.11,135.53,542.64,1,1
2495,goal_25,exito,1852,471,2323,407.1,125.03,532.13,1,1
2496,goal_25,exito,1852,467,2319,407.11,125.18,532.29,1,1
2497,goal_25,exito,1852,448,2300,407.11,135.36,542.47,1,1
2498,goal_25,exito,1852,448,2300,407.1,135.31,542.42,1,1
2499,goal_25,exito,1852,448,2300,407.1,135.23,542.34,1,1
2500,goal_25,exito,1840,460,2300,407.46,125.95,533.41,1,1
2501,goal_26,exito,2743,466,3209,521.79,125.44,647.23,1,1
2502,goal_26,exito,2743,445,3188,521.79,135.19,656.99,1,1
2503,goal_26,exito,2743,456,3199,521.8,126.26,648.06,1,1
2504,goal_26,exito,2743,473,3216,521.75,124.78,646.53,1,1
2505,goal_26,exito,2743,472,3215,521.79,124.8,646.59,1,1
2506,goal_26,exito,2743,470,3213,521.8,124.93,646.73,1,1
2507,goal_26,exito,2744,462,3206,521.96,125.76,647.72,1,1
2508,goal_26,exito,2743,446,3189,521.8,135.22,657.02,1,1
2509,goal_26,exito,2743,451,3194,521.79,135.52,657.32,1,1
2510,goal_26,exito,2731,446,3177,521.94,135.22,657.16,1,1
2511,goal_26,exito,2743,456,3199,521.75,126.27,648.02,1,1
2512,goal_26,exito,2744,460,3204,521.95,125.85,647.8,1,1
2513,goal_26,exito,2743,462,3205,521.76,125.78,647.53,1,1
2514,goal_26,exito,2743,445,3188,521.79,135.14,656.92,1,1
2515,goal_26,exito,2744,474,3218,521.96,124.83,646.79,1,1
2516,goal_26,exito,2743,470,3213,521.8,124.96,646.76,1,1
2517,goal_26,exito,2743,467,3210,521.76,125.16,646.91,1,1
2518,goal_26,exito,2744,469,3213,521.95,125.09,647.05,1,1
2519,goal_26,exito,2743,448,3191,521.76,135.3,657.06,1,1
2520,goal_26,exito,2743,464,3207,521.76,125.49,647.25,1,1
2521,goal_26,exito,2743,447,3190,521.8,135.23,657.04,1,1
2522,goal_26,exito,2743,446,3189,521.75,135.22,656.97,1,1
2523,goal_26,exito,2743,449,3192,521.76,135.38,657.14,1,1
2524,goal_26,exito,2744,457,3201,521.95,125.94,647.9,1,1
2525,goal_26,exito,2743,449,3192,521.79,135.42,657.22,1,1
2526,goal_26,exito,2743,471,3214,521.8,125.05,646.85,1,1
2527,goal_26,exito,2743,463,3206,521.79,125.54,647.33,1,1
2528,goal_26,exito,2743,448,3191,521.79,135.33,657.12,1,1
2529,goal_26,exito,2743,450,3193,521.8,135.37,657.17,1,1
2530,goal_26,exito,2743,448,3191,521.81,135.39,657.2,1,1
2531,goal_26,exito,2743,445,3188,521.79,135.13,656.92,1,1
2532,goal_26,exito,2731,461,3192,521.94,125.61,647.55,1,1
2533,goal_26,exito,2731,471,3202,521.94,125.02,646.96,1,1
2534,goal_26,exito,2743,447,3190,521.79,135.26,657.05,1,1
2535,goal_26,exito,2743,463,3206,521.8,125.63,647.44,1,1
2536,goal_26,exito,2743,472,3215,521.8,124.93,646.72,1,1
2537,goal_26,exito,2743,448,3191,521.79,135.31,657.09,1,1
2538,goal_26,exito,2743,450,3193,521.76,135.48,657.25,1,1
2539,goal_26,exito,2743,446,3189,521.81,135.23,657.04,1,1
2540,goal_26,exito,2743,459,3202,521.8,125.96,647.76,1,1
2541,goal_26,exito,2743,447,3190,521.8,135.26,657.05,1,1
2542,goal_26,exito,2743,450,3193,521.8,127.25,649.05,1,1
2543,goal_26,exito,2743,447,3190,521.8,135.31,657.11,1,1
2544,goal_26,exito,2743,473,3216,521.8,124.78,646.58,1,1
2545,goal_26,exito,2743,448,3191,521.79,135.32,657.11,1,1
2546,goal_26,exito,2743,472,3215,521.8,124.89,646.69,1,1
2547,goal_26,exito,2743,468,3211,521.75,124.93,646.68,1,1
2548,goal_26,exito,2743,448,3191,521.75,135.32,657.08,1,1
2549,goal_26,exito,2743,453,3196,521.79,126.82,648.61,1,1
2550,goal_26,exito,2743,446,3189,521.81,135.28,657.09,1,1
2551,goal_26,exito,2743,449,3192,521.79,135.42,657.21,1,1
2552,goal_26,exito,2743,450,3193,521.8,135.49,657.29,1,1
2553,goal_26,exito,2743,466,3209,521.8,125.29,647.09,1,1
2554,goal_26,exito,2743,466,3209,521.8,125.28,647.08,1,1
2555,goal_26,exito,2743,474,3217,521.75,124.6,646.35,1,1
2556,goal_26,exito,2743,450,3193,521.77,135.51,657.28,1,1
2557,goal_26,exito,2743,468,3211,521.79,124.93,646.72,1,1
2558,goal_26,exito,2743,451,3194,521.75,135.53,657.28,1,1
2559,goal_26,exito,2743,446,3189,521.77,135.25,657.02,1,1
2560,goal_26,exito,2743,465,3208,521.8,125.37,647.16,1,1
2561,goal_26,exito,2743,473,3216,521.81,124.67,646.48,1,1
2562,goal_26,exito,2744,452,3196,521.95,135.69,657.65,1,1
2563,goal_26,exito,2743,461,3204,521.79,125.68,647.47,1,1
2564,goal_26,exito,2743,467,3210,521.81,125.17,646.98,1,1
2565,goal_26,exito,2743,451,3194,521.79,135.62,657.41,1,1
2566,goal_26,exito,2743,450,3193,521.79,135.54,657.33,1,1
2567,goal_26,exito,2743,449,3192,521.79,135.37,657.17,1,1
2568,goal_26,exito,2743,467,3210,521.76,125.24,647.0,1,1
2569,goal_26,exito,2743,451,3194,521.8,135.55,657.35,1,1
2570,goal_26,exito,2743,446,3189,521.76,135.17,656.93,1,1
2571,goal_26,exito,2744,458,3202,521.94,125.97,647.91,1,1
2572,goal_26,exito,2743,467,3210,521.81,125.19,647.0,1,1
2573,goal_26,exito,2743,449,3192,521.79,135.43,657.23,1,1
2574,goal_26,exito,2743,447,3190,521.79,135.26,657.05,1,1
2575,goal_26,exito,2743,451,3194,521.76,135.6,657.36,1,1
2576,goal_26,exito,2743,460,3203,521.8,125.96,647.76,1,1
2577,goal_26,exito,2743,447,3190,521.8,135.19,656.98,1,1
2578,goal_26,exito,2731,450,3181,521.94,135.5,657.44,1,1
2579,goal_26,exito,2743,460,3203,521.75,125.96,647.71,1,1
2580,goal_26,exito,2743,473,3216,521.79,124.72,646.51,1,1
2581,goal_26,exito,2743,463,3206,521.81,125.51,647.31,1,1
2582,goal_26,exito,2743,474,3217,521.8,124.61,646.41,1,1
2583,goal_26,exito,2743,447,3190,521.75,135.24,656.99,1,1
2584,goal_26,exito,2744,451,3195,521.95,126.97,648.92,1,1
2585,goal_26,exito,2743,474,3217,521.79,124.57,646.37,1,1
2586,goal_26,exito,2744,445,3189,521.95,135.11,657.06,1,1
2587,goal_26,exito,2743,446,3189,521.75,127.68,649.43,1,1
2588,goal_26,exito,2743,464,3207,521.8,125.5,647.3,1,1
2589,goal_26,exito,2743,450,3193,521.81,135.53,657.34,1,1
2590,goal_26,exito,2743,449,3192,521.79,135.43,657.22,1,1
2591,goal_26,exito,2743,466,3209,521.8,125.32,647.12,1,1
2592,goal_26,exito,2743,462,3205,521.75,125.59,647.34,1,1
2593,goal_26,exito,2743,450,3193,521.8,135.51,657.31,1,1
2594,goal_26,exito,2743,473,3216,521.8,124.86,646.65,1,1
2595,goal_26,exito,2743,450,3193,521.8,135.49,657.29,1,1
2596,goal_26,exito,2743,458,3201,521.75,125.99,647.74,1,1
2597,goal_26,exito,2743,474,3217,521.77,124.7,646.47,1,1
2598,goal_26,exito,2743,456,3199,521.79,126.19,647.98,1,1
2599,goal_26,exito,2743,472,3215,521.81,124.88,646.69,1,1
2600,goal_26,exito,2743,467,3210,521.79,125.13,646.92,1,1
2601,goal_27,exito,2523,451,2974,488.24,135.57,623.81,1,1
2602,goal_27,exito,2523,451,2974,488.25,135.54,623.78,1,1
2603,goal_27,exito,2523,447,2970,488.26,135.21,623.46,1,1
2604,goal_27,exito,2523,472,2995,488.26,124.91,613.17,1,1
2605,goal_27,exito,2523,446,2969,488.22,135.22,623.44,1,1
2606,goal_27,exito,2523,470,2993,488.25,125.09,613.34,1,1
2607,goal_27,exito,2523,461,2984,488.24,125.69,613.93,1,1
2608,goal_27,exito,2523,465,2988,488.25,125.44,613.69,1,1
2609,goal_27,exito,2523,463,2986,488.23,125.51,613.74,1,1
2610,goal_27,exito,2523,456,2979,488.25,126.31,614.57,1,1
2611,goal_27,exito,2523,451,2974,488.25,135.53,623.78,1,1
2612,goal_27,exito,2523,451,2974,488.26,135.52,623.77,1,1
2613,goal_27,exito,2512,448,2960,488.62,135.28,623.9,1,1
2614,goal_27,exito,2523,445,2968,488.26,135.16,623.42,1,1
2615,goal_27,exito,2523,452,2975,488.25,135.7,623.95,1,1
2616,goal_27,exito,2523,460,2983,488.22,125.77,613.99,1,1
2617,goal_27,exito,2523,469,2992,488.24,125.0,613.24,1,1
2618,goal_27,exito,2523,447,2970,488.26,135.28,623.54,1,1
2619,goal_27,exito,2523,448,2971,488.25,135.31,623.56,1,1
2620,goal_27,exito,2523,445,2968,488.25,135.16,623.41,1,1
2621,goal_27,exito,2523,448,2971,488.25,127.29,615.54,1,1
2622,goal_27,exito,2523,447,2970,488.25,135.3,623.55,1,1
2623,goal_27,exito,2523,446,2969,488.24,135.24,623.48,1,1
2624,goal_27,exito,2523,462,2985,488.22,125.77,613.99,1,1
2625,goal_27,exito,2523,448,2971,488.23,135.38,623.61,1,1
2626,goal_27,exito,2523,444,2967,488.22,135.09,623.31,1,1
2627,goal_27,exito,2523,449,2972,488.26,135.36,623.63,1,1
2628,goal_27,exito,2512,451,2963,488.62,135.62,624.24,1,1
2629,goal_27,exito,2523,451,2974,488.23,135.59,623.82,1,1
2630,goal_27,exito,2523,467,2990,488.23,125.06,613.29,1,1
2631,goal_27,exito,2523,446,2969,488.25,135.17,623.42,1,1
2632,goal_27,exito,2523,448,2971,488.25,135.34,623.59,1,1
2633,goal_27,exito,2523,458,2981,488.27,126.02,614.28,1,1
2634,goal_27,exito,2523,457,2980,488.26,126.19,614.45,1,1
2635,goal_27,exito,2523,449,2972,488.24,135.43,623.68,1,1
2636,goal_27,exito,2523,460,2983,488.25,125.77,614.02,1,1
2637,goal_27,exito,2523,447,2970,488.26,127.47,615.73,1,1
2638,goal_27,exito,2523,474,2997,488.26,124.7,612.96,1,1
2639,goal_27,exito,2523,446,2969,488.25,135.18,623.44,1,1
2640,goal_27,exito,2523,449,2972,488.25,135.39,623.64,1,1
2641,goal_27,exito,2523,448,2971,488.26,135.33,623.59,1,1
2642,goal_27,exito,2523,462,2985,488.25,125.78,614.02,1,1
2643,goal_27,exito,2523,451,2974,488.24,135.56,623.8,1,1
2644,goal_27,exito,2523,466,2989,488.24,125.34,613.59,1,1
2645,goal_27,exito,2523,450,2973,488.25,135.46,623.71,1,1
2646,goal_27,exito,2523,470,2993,488.25,124.86,613.11,1,1
2647,goal_27,exito,2523,448,2971,488.27,135.27,623.54,1,1
2648,goal_27,exito,2523,451,2974,488.25,135.55,623.8,1,1
2649,goal_27,exito,2523,457,2980,488.24,126.09,614.33,1,1
2650,goal_27,exito,2523,449,2972,488.25,135.45,623.7,1,1
2651,goal_27,exito,2523,452,2975,488.23,135.68,623.91,1,1
2652,goal_27,exito,2523,463,2986,488.24,125.54,613.78,1,1
2653,goal_27,exito,2523,446,2969,488.24,135.25,623.5,1,1
2654,goal_27,exito,2523,473,2996,488.24,124.74,612.98,1,1
2655,goal_27,exito,2523,471,2994,488.24,124.83,613.07,1,1
2656,goal_27,exito,2523,470,2993,488.25,124.92,613.17,1,1
2657,goal_27,exito,2523,472,2995,488.27,124.84,613.11,1,1
2658,goal_27,exito,2523,448,2971,488.26,135.28,623.55,1,1
2659,goal_27,exito,2523,465,2988,488.25,125.35,613.6,1,1
2660,goal_27,exito,2523,450,2973,488.23,135.47,623.7,1,1
2661,goal_27,exito,2523,454,2977,488.24,126.47,614.72,1,1
2662,goal_27,exito,2523,474,2997,488.27,124.73,612.99,1,1
2663,goal_27,exito,2523,462,2985,488.24,125.54,613.78,1,1
2664,goal_27,exito,2523,473,2996,488.24,124.65,612.89,1,1
2665,goal_27,exito,2523,448,2971,488.25,135.38,623.63,1,1
2666,goal_27,exito,2523,468,2991,488.21,125.17,613.38,1,1
2667,goal_27,exito,2523,473,2996,488.27,124.74,613.01,1,1
2668,goal_27,exito,2523,450,2973,488.23,135.48,623.71,1,1
2669,goal_27,exito,2523,447,2970,488.24,135.29,623.54,1,1
2670,goal_27,exito,2523,458,2981,488.24,126.01,614.25,1,1
2671,goal_27,exito,2523,463,2986,488.25,125.64,613.89,1,1
2672,goal_27,exito,2523,448,2971,488.24,135.31,623.55,1,1
2673,goal_27,exito,2523,457,2980,488.25,126.22,614.47,1,1
2674,goal_27,exito,2523,467,2990,488.26,125.16,613.42,1,1
2675,goal_27,exito,2523,457,2980,488.27,126.17,614.44,1,1
2676,goal_27,exito,2523,463,2986,488.27,125.64,613.91,1,1
2677,goal_27,exito,2523,451,2974,488.24,135.57,623.81,1,1
2678,goal_27,exito,2523,449,2972,488.26,135.41,623.68,1,1
2679,goal_27,exito,2523,452,2975,488.26,135.66,623.93,1,1
2680,goal_27,exito,2523,445,2968,488.24,135.18,623.42,1,1
2681,goal_27,exito,2523,470,2993,488.27,124.86,613.14,1,1
2682,goal_27,exito,2512,473,2985,488.63,124.75,613.37,1,1
2683,goal_27,exito,2523,451,2974,488.24,135.52,623.77,1,1
2684,goal_27,exito,2523,447,2970,488.27,135.19,623.45,1,1
2685,goal_27,exito,2512,451,2963,488.62,135.57,624.2,1,1
2686,goal_27,exito,2523,446,2969,488.26,135.13,623.38,1,1
2687,goal_27,exito,2512,461,2973,488.62,125.75,614.37,1,1
2688,goal_27,exito,2523,463,2986,488.25,125.64,613.89,1,1
2689,goal_27,exito,2523,451,2974,488.25,135.6,623.86,1,1
2690,goal_27,exito,2523,448,2971,488.24,135.36,623.6,1,1
2691,goal_27,exito,2523,448,2971,488.25,135.32,623.56,1,1
2692,goal_27,exito,2523,449,2972,488.24,135.38,623.62,1,1
2693,goal_27,exito,2523,446,2969,488.25,135.15,623.4,1,1
2694,goal_27,exito,2523,448,2971,488.26,135.28,623.54,1,1
2695,goal_27,exito,2512,472,2984,488.62,124.8,613.42,1,1
2696,goal_27,exito,2523,445,2968,488.24,135.18,623.42,1,1
2697,goal_27,exito,2523,448,2971,488.25,135.3,623.55,1,1
2698,goal_27,exito,2523,456,2979,488.24,126.1,614.34,1,1
2699,goal_27,exito,2523,460,2983,488.27,125.96,614.23,1,1
2700,goal_27,exito,2523,447,2970,488.24,135.27,623.52,1,1
2701,goal_28,exito,2219,461,2680,455.03,125.68,580.71,1,1
2702,goal_28,exito,2219,448,2667,455.04,135.28,590.32,1,1
2703,goal_28,exito,2208,470,2678,455.44,124.97,580.4,1,1
2704,goal_28,exito,2219,450,2669,455.03,135.46,590.49,1,1
2705,goal_28,exito,2219,450,2669,455.06,135.48,590.54,1,1
2706,goal_28,exito,2219,448,2667,455.02,135.32,590.34,1,1
2707,goal_28,exito,2219,466,2685,455.06,125.45,580.5,1,1
2708,goal_28,exito,2219,471,2690,455.0,125.06,580.06,1,1
2709,goal_28,exito,2219,471,2690,454.99,124.78,579.77,1,1
2710,goal_28,exito,2219,451,2670,455.06,135.6,590.66,1,1
2711,goal_28,exito,2219,449,2668,455.02,135.42,590.44,1,1
2712,goal_28,exito,2219,467,2686,455.03,125.07,580.1,1,1
2713,goal_28,exito,2219,450,2669,455.06,135.53,590.59,1,1
2714,goal_28,exito,2219,442,2661,455.01,128.19,583.2,1,1
2715,goal_28,exito,2219,450,2669,455.02,135.51,590.54,1,1
2716,goal_28,exito,2219,457,2676,454.99,126.05,581.04,1,1
2717,goal_28,exito,2219,455,2674,455.02,126.36,581.38,1,1
2718,goal_28,exito,2219,449,2668,455.03,135.39,590.42,1,1
2719,goal_28,exito,2219,459,2678,455.02,125.92,580.94,1,1
2720,goal_28,exito,2219,463,2682,455.02,125.53,580.55,1,1
2721,goal_28,exito,2219,474,2693,455.05,124.54,579.6,1,1
2722,goal_28,exito,2219,447,2666,455.04,135.28,590.32,1,1
2723,goal_28,exito,2219,470,2689,455.04,124.96,580.01,1,1
2724,goal_28,exito,2219,449,2668,455.03,135.43,590.46,1,1
2725,goal_28,exito,2219,471,2690,455.0,125.05,580.06,1,1
2726,goal_28,exito,2219,465,2684,455.0,125.34,580.34,1,1
2727,goal_28,exito,2219,451,2670,455.05,135.53,590.58,1,1
2728,goal_28,exito,2219,447,2666,455.03,135.34,590.37,1,1
2729,goal_28,exito,2219,468,2687,455.03,125.16,580.19,1,1
2730,goal_28,exito,2219,447,2666,455.03,135.18,590.21,1,1
2731,goal_28,exito,2208,446,2654,455.42,135.24,590.66,1,1
2732,goal_28,exito,2219,460,2679,455.03,125.84,580.87,1,1
2733,goal_28,exito,2219,467,2686,455.04,125.11,580.15,1,1
2734,goal_28,exito,2219,448,2667,455.03,135.36,590.39,1,1
2735,goal_28,exito,2219,449,2668,455.01,135.42,590.43,1,1
2736,goal_28,exito,2219,448,2667,455.03,135.3,590.33,1,1
2737,goal_28,exito,2219,447,2666,455.05,135.22,590.27,1,1
2738,goal_28,exito,2219,466,2685,455.03,125.22,580.25,1,1
2739,goal_28,exito,2219,448,2667,455.01,135.31,590.31,1,1
2740,goal_28,exito,2219,464,2683,455.02,125.54,580.55,1,1
2741,goal_28,exito,2219,459,2678,455.02,125.93,580.95,1,1
2742,goal_28,exito,2219,449,2668,455.02,135.41,590.43,1,1
2743,goal_28,exito,2219,470,2689,455.04,125.1,580.14,1,1
2744,goal_28,exito,2219,466,2685,454.99,125.22,580.21,1,1
2745,goal_28,exito,2219,451,2670,455.03,135.62,590.64,1,1
2746,goal_28,exito,2219,449,2668,454.99,135.39,590.38,1,1
2747,goal_28,exito,2219,470,2689,455.01,124.88,579.9,1,1
2748,goal_28,exito,2208,472,2680,455.42,124.8,580.22,1,1
2749,goal_28,exito,2219,449,2668,455.02,135.37,590.39,1,1
2750,goal_28,exito,2219,469,2688,455.03,124.97,580.01,1,1
2751,goal_28,exito,2219,470,2689,455.07,124.86,579.93,1,1
2752,goal_28,exito,2219,474,2693,455.02,124.57,579.59,1,1
2753,goal_28,exito,2219,445,2664,455.07,135.21,590.27,1,1
2754,goal_28,exito,2219,449,2668,455.03,135.42,590.45,1,1
2755,goal_28,exito,2219,472,2691,455.01,124.83,579.84,1,1
2756,goal_28,exito,2219,448,2667,454.99,135.35,590.34,1,1
2757,goal_28,exito,2219,446,2665,455.01,135.28,590.29,1,1
2758,goal_28,exito,2219,472,2691,455.01,124.8,579.82,1,1
2759,goal_28,exito,2219,448,2667,455.04,135.33,590.37,1,1
2760,goal_28,exito,2219,451,2670,455.03,135.6,590.63,1,1
2761,goal_28,exito,2219,464,2683,455.0,125.51,580.51,1,1
2762,goal_28,exito,2219,457,2676,455.04,125.95,580.98,1,1
2763,goal_28,exito,2219,460,2679,455.03,125.78,580.81,1,1
2764,goal_28,exito,2219,471,2690,455.03,124.84,579.87,1,1
2765,goal_28,exito,2219,475,2694,455.02,124.62,579.64,1,1
2766,goal_28,exito,2219,464,2683,455.01,125.54,580.55,1,1
2767,goal_28,exito,2219,466,2685,455.02,125.28,580.3,1,1
2768,goal_28,exito,2219,474,2693,455.03,124.65,579.68,1,1
2769,goal_28,exito,2219,448,2667,455.0,135.25,590.25,1,1
2770,goal_28,exito,2219,456,2675,455.02,126.31,581.32,1,1
2771,goal_28,exito,2219,469,2688,455.02,125.11,580.13,1,1
2772,goal_28,exito,2219,449,2668,455.03,135.41,590.44,1,1
2773,goal_28,exito,2219,450,2669,455.01,135.51,590.53,1,1
2774,goal_28,exito,2219,453,2672,455.01,126.67,581.68,1,1
2775,goal_28,exito,2219,451,2670,455.02,135.6,590.62,1,1
2776,goal_28,exito,2219,442,2661,455.02,128.09,583.11,1,1
2777,goal_28,exito,2208,447,2655,455.43,135.32,590.75,1,1
2778,goal_28,exito,2219,470,2689,455.0,124.88,579.88,1,1
2779,goal_28,exito,2219,463,2682,455.02,125.61,580.63,1,1
2780,goal_28,exito,2219,446,2665,455.03,135.28,590.3,1,1
2781,goal_28,exito,2219,446,2665,455.01,135.27,590.28,1,1
2782,goal_28,exito,2219,472,2691,455.0,124.82,579.82,1,1
2783,goal_28,exito,2219,456,2675,455.08,126.26,581.34,1,1
2784,goal_28,exito,2219,470,2689,455.03,124.84,579.87,1,1
2785,goal_28,exito,2219,450,2669,455.02,135.53,590.55,1,1
2786,goal_28,exito,2219,450,2669,455.03,135.5,590.53,1,1
2787,goal_28,exito,2219,457,2676,455.02,126.07,581.09,1,1
2788,goal_28,exito,2219,457,2676,455.03,126.15,581.18,1,1
2789,goal_28,exito,2219,474,2693,455.01,124.76,579.78,1,1
2790,goal_28,exito,2219,446,2665,455.05,135.21,590.26,1,1
2791,goal_28,exito,2219,450,2669,455.03,135.46,590.49,1,1
2792,goal_28,exito,2219,450,2669,455.03,127.22,582.25,1,1
2793,goal_28,exito,2219,449,2668,455.06,135.39,590.45,1,1
2794,goal_28,exito,2219,448,2667,455.05,135.37,590.41,1,1
2795,goal_28,exito,2219,451,2670,455.02,135.51,590.53,1,1
2796,goal_28,exito,2208,454,2662,455.42,126.66,582.08,1,1
2797,goal_28,exito,2219,471,2690,454.99,124.83,579.82,1,1
2798,goal_28,exito,2219,449,2668,455.01,135.41,590.42,1,1
2799,goal_28,exito,2219,446,2665,455.02,135.2,590.22,1,1
2800,goal_28,exito,2219,449,2668,455.08,135.42,590.5,1,1

RESUMEN_GLOBAL,,,,,,,,,,
n_total,2800,,,,,,,,,
exito_%,100.0,,,,,,,,,
col_approach_%,0.0,,,,,,,,,
col_exit_%,0.0,,,,,,,,,
col_retorno_%,0.0,,,,,,,,,
truncado_ap_ex_%,0.0,,,,,,,,,
truncado_ret_%,0.0,,,,,,,,,
llego_descarga_%,100.0,,,,,,,,,
pasos_medio,2068.5,,,,,,,,,
reward_medio,495.9,,,,,,,,,

RESUMEN_POR_GOAL,exito,col_approach,col_exit,col_retorno,truncado_ap_ex,truncado_ret,exito_%,,,,
goal_01,100,0,0,0,0,0,100.0,,,,
goal_02,100,0,0,0,0,0,100.0,,,,
goal_03,100,0,0,0,0,0,100.0,,,,
goal_04,100,0,0,0,0,0,100.0,,,,
goal_05,100,0,0,0,0,0,100.0,,,,
goal_06,100,0,0,0,0,0,100.0,,,,
goal_07,100,0,0,0,0,0,100.0,,,,
goal_08,100,0,0,0,0,0,100.0,,,,
goal_09,100,0,0,0,0,0,100.0,,,,
goal_10,100,0,0,0,0,0,100.0,,,,
goal_11,100,0,0,0,0,0,100.0,,,,
goal_12,100,0,0,0,0,0,100.0,,,,
goal_13,100,0,0,0,0,0,100.0,,,,
goal_14,100,0,0,0,0,0,100.0,,,,
goal_15,100,0,0,0,0,0,100.0,,,,
goal_16,100,0,0,0,0,0,100.0,,,,
goal_17,100,0,0,0,0,0,100.0,,,,
goal_18,100,0,0,0,0,0,100.0,,,,
goal_19,100,0,0,0,0,0,100.0,,,,
goal_20,100,0,0,0,0,0,100.0,,,,
goal_21,100,0,0,0,0,0,100.0,,,,
goal_22,100,0,0,0,0,0,100.0,,,,
goal_23,100,0,0,0,0,0,100.0,,,,
goal_24,100,0,0,0,0,0,100.0,,,,
goal_25,100,0,0,0,0,0,100.0,,,,
goal_26,100,0,0,0,0,0,100.0,,,,
goal_27,100,0,0,0,0,0,100.0,,,,
goal_28,100,0,0,0,0,0,100.0,,,,
