episodio,goal_id,resultado,pasos_total,reward_total,llego_estanteria,llego_descarga
1,goal_01,col_exit,872,9.1,1,0
2,goal_01,col_exit,722,-10.9,1,0
3,goal_01,col_exit,733,-10.33,1,0
4,goal_01,col_exit,835,3.3,1,0
5,goal_01,col_retorno,1230,145.42,1,1
6,goal_01,col_exit,711,-11.81,1,0
7,goal_01,col_exit,861,7.29,1,0
8,goal_01,col_exit,715,-11.54,1,0
9,goal_01,col_exit,831,-4.37,1,0
10,goal_01,col_exit,766,-4.6,1,0
11,goal_01,col_exit,786,-4.14,1,0
12,goal_01,col_exit,839,4.36,1,0
13,goal_01,col_retorno,1245,146.98,1,1
14,goal_01,col_exit,717,-12.39,1,0
15,goal_01,col_exit,842,5.26,1,0
16,goal_01,col_exit,711,-13.7,1,0
17,goal_01,col_exit,776,-5.91,1,0
18,goal_01,col_exit,792,-0.32,1,0
19,goal_01,col_exit,702,-12.39,1,0
20,goal_01,col_exit,912,5.36,1,0
21,goal_01,col_exit,736,-10.9,1,0
22,goal_01,col_exit,731,-10.24,1,0
23,goal_01,col_exit,831,3.53,1,0
24,goal_01,col_retorno,1249,147.98,1,1
25,goal_01,col_exit,747,-15.1,1,0
26,goal_01,col_exit,824,3.14,1,0
27,goal_01,col_exit,700,-13.26,1,0
28,goal_01,col_exit,924,7.51,1,0
29,goal_01,col_exit,723,-9.21,1,0
30,goal_01,col_exit,704,-13.38,1,0
31,goal_01,col_exit,853,6.1,1,0
32,goal_01,col_exit,724,-11.22,1,0
33,goal_01,col_exit,822,-2.57,1,0
34,goal_01,col_exit,767,-4.82,1,0
35,goal_01,col_exit,835,3.71,1,0
36,goal_01,col_exit,808,-0.47,1,0
37,goal_01,col_retorno,1269,147.9,1,1
38,goal_01,col_exit,832,-1.43,1,0
39,goal_01,col_exit,760,-5.51,1,0
40,goal_01,col_exit,829,2.56,1,0
41,goal_01,col_exit,807,-0.56,1,0
42,goal_01,col_retorno,1270,149.1,1,1
43,goal_01,col_exit,903,2.66,1,0
44,goal_01,col_exit,722,-11.49,1,0
45,goal_01,col_exit,744,-7.81,1,0
46,goal_01,col_exit,829,2.02,1,0
47,goal_01,col_retorno,1286,149.17,1,1
48,goal_01,col_exit,917,-0.94,1,0
49,goal_01,col_exit,717,-11.87,1,0
50,goal_01,col_exit,773,-4.04,1,0
51,goal_01,col_exit,814,0.86,1,0
52,goal_01,col_retorno,1281,149.16,1,1
53,goal_01,col_exit,914,0.93,1,0
54,goal_01,col_exit,717,-11.99,1,0
55,goal_01,col_exit,771,-4.91,1,0
56,goal_01,col_exit,815,1.06,1,0
57,goal_01,col_exit,693,-14.4,1,0
58,goal_01,col_exit,740,-8.53,1,0
59,goal_01,col_exit,815,1.26,1,0
60,goal_01,col_retorno,1272,148.66,1,1
61,goal_01,col_exit,822,-2.51,1,0
62,goal_01,col_exit,767,-4.82,1,0
63,goal_01,col_exit,835,3.71,1,0
64,goal_01,col_exit,808,-0.35,1,0
65,goal_01,col_retorno,1269,148.03,1,1
66,goal_01,col_exit,832,-1.44,1,0
67,goal_01,col_exit,760,-5.51,1,0
68,goal_01,col_exit,829,2.56,1,0
69,goal_01,col_exit,807,-0.57,1,0
70,goal_01,col_retorno,1270,149.1,1,1
71,goal_01,col_exit,903,2.66,1,0
72,goal_01,col_exit,722,-11.49,1,0
73,goal_01,col_exit,744,-7.81,1,0
74,goal_01,col_exit,829,2.03,1,0
75,goal_01,col_retorno,1286,149.18,1,1
76,goal_01,col_exit,917,-0.85,1,0
77,goal_01,col_exit,717,-11.82,1,0
78,goal_01,col_exit,773,-4.1,1,0
79,goal_01,col_exit,814,0.86,1,0
80,goal_01,col_retorno,1281,149.16,1,1
81,goal_01,col_exit,914,0.48,1,0
82,goal_01,col_exit,717,-11.99,1,0
83,goal_01,col_exit,771,-4.79,1,0
84,goal_01,col_exit,815,1.28,1,0
85,goal_01,col_exit,693,-14.39,1,0
86,goal_01,col_exit,740,-8.53,1,0
87,goal_01,col_exit,815,1.26,1,0
88,goal_01,col_retorno,1272,148.6,1,1
89,goal_01,col_exit,822,-2.51,1,0
90,goal_01,col_exit,767,-4.8,1,0
91,goal_01,col_exit,835,3.71,1,0
92,goal_01,col_exit,808,-0.47,1,0
93,goal_01,col_retorno,1269,147.9,1,1
94,goal_01,col_exit,832,-1.43,1,0
95,goal_01,col_exit,760,-5.51,1,0
96,goal_01,col_exit,829,2.56,1,0
97,goal_01,col_exit,807,-0.57,1,0
98,goal_01,col_retorno,1270,149.09,1,1
99,goal_01,col_exit,903,2.66,1,0
100,goal_01,col_exit,722,-11.49,1,0
101,goal_02,col_exit,1031,28.89,1,0
102,goal_02,col_exit,1092,38.68,1,0
103,goal_02,col_exit,1101,35.72,1,0
104,goal_02,col_exit,1136,40.43,1,0
105,goal_02,col_exit,1130,40.26,1,0
106,goal_02,col_exit,1114,40.72,1,0
107,goal_02,col_exit,1120,37.59,1,0
108,goal_02,col_exit,1114,38.88,1,0
109,goal_02,col_exit,1154,36.42,1,0
110,goal_02,col_exit,1112,40.45,1,0
111,goal_02,col_exit,1119,38.68,1,0
112,goal_02,col_exit,1114,39.41,1,0
113,goal_02,col_exit,1149,36.2,1,0
114,goal_02,col_exit,1118,41.03,1,0
115,goal_02,col_exit,1116,40.26,1,0
116,goal_02,col_exit,1117,40.3,1,0
117,goal_02,col_exit,1142,35.82,1,0
118,goal_02,col_exit,1122,41.45,1,0
119,goal_02,col_exit,1112,38.51,1,0
120,goal_02,col_exit,1123,41.07,1,0
121,goal_02,col_exit,1116,31.87,1,0
122,goal_02,col_exit,1144,38.78,1,0
123,goal_02,col_exit,1119,39.91,1,0
124,goal_02,col_exit,1121,41.05,1,0
125,goal_02,col_exit,1115,34.63,1,0
126,goal_02,col_exit,1132,40.2,1,0
127,goal_02,col_exit,1135,40.09,1,0
128,goal_02,col_exit,1114,40.73,1,0
129,goal_02,col_exit,1120,37.59,1,0
130,goal_02,col_exit,1114,38.88,1,0
131,goal_02,col_exit,1154,36.43,1,0
132,goal_02,col_exit,1112,40.43,1,0
133,goal_02,col_exit,1119,38.65,1,0
134,goal_02,col_exit,1114,39.47,1,0
135,goal_02,col_exit,1149,36.23,1,0
136,goal_02,col_exit,1118,41.03,1,0
137,goal_02,col_exit,1116,40.26,1,0
138,goal_02,col_exit,1117,40.3,1,0
139,goal_02,col_exit,1142,35.82,1,0
140,goal_02,col_exit,1122,41.45,1,0
141,goal_02,col_exit,1112,38.51,1,0
142,goal_02,col_exit,1123,41.07,1,0
143,goal_02,col_exit,1116,31.78,1,0
144,goal_02,col_exit,1144,38.79,1,0
145,goal_02,col_exit,1119,39.92,1,0
146,goal_02,col_exit,1121,41.05,1,0
147,goal_02,col_exit,1115,34.63,1,0
148,goal_02,col_exit,1132,40.2,1,0
149,goal_02,col_exit,1135,40.09,1,0
150,goal_02,col_exit,1114,40.72,1,0
151,goal_02,col_exit,1120,37.59,1,0
152,goal_02,col_exit,1113,39.07,1,0
153,goal_02,col_exit,1155,37.06,1,0
154,goal_02,col_exit,1112,40.43,1,0
155,goal_02,col_exit,1119,38.63,1,0
156,goal_02,col_exit,1114,39.47,1,0
157,goal_02,col_exit,1149,36.22,1,0
158,goal_02,col_exit,1118,41.02,1,0
159,goal_02,col_exit,1116,40.26,1,0
160,goal_02,col_exit,1117,40.51,1,0
161,goal_02,col_exit,1142,35.8,1,0
162,goal_02,col_exit,1122,41.45,1,0
163,goal_02,col_exit,1112,38.51,1,0
164,goal_02,col_exit,1123,41.06,1,0
165,goal_02,col_exit,1116,31.87,1,0
166,goal_02,col_exit,1144,38.79,1,0
167,goal_02,col_exit,1119,39.91,1,0
168,goal_02,col_exit,1121,41.06,1,0
169,goal_02,col_exit,1115,34.63,1,0
170,goal_02,col_exit,1132,40.2,1,0
171,goal_02,col_exit,1135,40.09,1,0
172,goal_02,col_exit,1114,40.72,1,0
173,goal_02,col_exit,1120,37.59,1,0
174,goal_02,col_exit,1114,38.82,1,0
175,goal_02,col_exit,1154,36.42,1,0
176,goal_02,col_exit,1112,40.43,1,0
177,goal_02,col_exit,1119,38.65,1,0
178,goal_02,col_exit,1114,39.41,1,0
179,goal_02,col_exit,1149,36.22,1,0
180,goal_02,col_exit,1118,41.03,1,0
181,goal_02,col_exit,1116,40.35,1,0
182,goal_02,col_exit,1117,40.3,1,0
183,goal_02,col_exit,1142,35.82,1,0
184,goal_02,col_exit,1122,41.45,1,0
185,goal_02,col_exit,1112,38.51,1,0
186,goal_02,col_exit,1123,41.06,1,0
187,goal_02,col_exit,1116,31.87,1,0
188,goal_02,col_exit,1144,38.78,1,0
189,goal_02,col_exit,1119,39.92,1,0
190,goal_02,col_exit,1121,41.06,1,0
191,goal_02,col_exit,1115,34.63,1,0
192,goal_02,col_exit,1132,40.2,1,0
193,goal_02,col_exit,1135,40.09,1,0
194,goal_02,col_exit,1114,40.72,1,0
195,goal_02,col_exit,1120,37.59,1,0
196,goal_02,col_exit,1114,38.88,1,0
197,goal_02,col_exit,1154,36.43,1,0
198,goal_02,col_exit,1112,40.43,1,0
199,goal_02,col_exit,1119,38.66,1,0
200,goal_02,col_exit,1114,39.47,1,0
201,goal_03,col_exit,1215,53.99,1,0
202,goal_03,col_exit,1197,51.5,1,0
203,goal_03,col_exit,1148,46.51,1,0
204,goal_03,col_retorno,1736,208.65,1,1
205,goal_03,col_exit,1190,49.94,1,0
206,goal_03,col_exit,1200,53.92,1,0
207,goal_03,col_exit,1317,66.85,1,0
208,goal_03,col_exit,1215,54.38,1,0
209,goal_03,col_exit,1178,52.13,1,0
210,goal_03,col_exit,1152,45.88,1,0
211,goal_03,col_retorno,1722,210.66,1,1
212,goal_03,col_exit,1129,41.81,1,0
213,goal_03,col_exit,1302,66.98,1,0
214,goal_03,col_exit,1311,66.12,1,0
215,goal_03,col_exit,1211,53.29,1,0
216,goal_03,col_exit,1166,50.81,1,0
217,goal_03,col_exit,1161,47.54,1,0
218,goal_03,col_retorno,1718,210.23,1,1
219,goal_03,col_exit,1130,42.24,1,0
220,goal_03,col_exit,1270,63.63,1,0
221,goal_03,col_exit,1328,67.93,1,0
222,goal_03,col_exit,1207,52.96,1,0
223,goal_03,col_exit,1182,51.87,1,0
224,goal_03,col_exit,1158,47.04,1,0
225,goal_03,col_retorno,1724,210.97,1,1
226,goal_03,col_exit,1245,54.36,1,0
227,goal_03,col_exit,1335,62.9,1,0
228,goal_03,col_exit,1232,57.09,1,0
229,goal_03,col_exit,1183,50.42,1,0
230,goal_03,col_exit,1149,48.93,1,0
231,goal_03,col_exit,1144,45.77,1,0
232,goal_03,col_retorno,1712,207.71,1,1
233,goal_03,col_exit,1234,56.6,1,0
234,goal_03,col_exit,1347,66.67,1,0
235,goal_03,col_exit,1223,58.69,1,0
236,goal_03,col_exit,1181,49.37,1,0
237,goal_03,col_retorno,1738,212.41,1,1
238,goal_03,col_exit,1135,41.17,1,0
239,goal_03,col_exit,1274,64.59,1,0
240,goal_03,col_exit,1328,67.94,1,0
241,goal_03,col_exit,1207,52.96,1,0
242,goal_03,col_exit,1182,51.87,1,0
243,goal_03,col_exit,1158,47.03,1,0
244,goal_03,col_retorno,1724,210.97,1,1
245,goal_03,col_exit,1245,54.36,1,0
246,goal_03,col_exit,1335,62.9,1,0
247,goal_03,col_exit,1232,57.09,1,0
248,goal_03,col_exit,1183,50.42,1,0
249,goal_03,col_exit,1149,48.93,1,0
250,goal_03,col_exit,1144,45.77,1,0
251,goal_03,col_retorno,1712,207.71,1,1
252,goal_03,col_exit,1234,56.6,1,0
253,goal_03,col_exit,1347,66.67,1,0
254,goal_03,col_exit,1223,58.69,1,0
255,goal_03,col_exit,1181,49.37,1,0
256,goal_03,col_retorno,1738,212.41,1,1
257,goal_03,col_exit,1135,41.17,1,0
258,goal_03,col_exit,1274,64.59,1,0
259,goal_03,col_exit,1328,67.94,1,0
260,goal_03,col_exit,1207,52.96,1,0
261,goal_03,col_exit,1182,51.86,1,0
262,goal_03,col_exit,1158,47.03,1,0
263,goal_03,col_retorno,1724,210.97,1,1
264,goal_03,col_exit,1245,54.36,1,0
265,goal_03,col_exit,1335,62.9,1,0
266,goal_03,col_exit,1232,57.09,1,0
267,goal_03,col_exit,1183,50.42,1,0
268,goal_03,col_exit,1149,48.93,1,0
269,goal_03,col_exit,1144,45.77,1,0
270,goal_03,col_retorno,1712,207.71,1,1
271,goal_03,col_exit,1234,56.6,1,0
272,goal_03,col_exit,1347,66.67,1,0
273,goal_03,col_exit,1223,58.69,1,0
274,goal_03,col_exit,1181,49.33,1,0
275,goal_03,col_retorno,1738,212.41,1,1
276,goal_03,col_exit,1135,41.17,1,0
277,goal_03,col_exit,1274,64.59,1,0
278,goal_03,col_exit,1328,67.94,1,0
279,goal_03,col_exit,1207,52.96,1,0
280,goal_03,col_exit,1182,51.86,1,0
281,goal_03,col_exit,1158,47.03,1,0
282,goal_03,col_retorno,1724,210.97,1,1
283,goal_03,col_exit,1245,54.36,1,0
284,goal_03,col_exit,1335,62.9,1,0
285,goal_03,col_exit,1232,57.09,1,0
286,goal_03,col_exit,1183,50.42,1,0
287,goal_03,col_exit,1149,48.93,1,0
288,goal_03,col_exit,1144,45.77,1,0
289,goal_03,col_retorno,1712,207.69,1,1
290,goal_03,col_exit,1234,56.6,1,0
291,goal_03,col_exit,1347,66.67,1,0
292,goal_03,col_exit,1223,58.69,1,0
293,goal_03,col_exit,1181,49.33,1,0
294,goal_03,col_retorno,1738,212.42,1,1
295,goal_03,col_exit,1135,41.17,1,0
296,goal_03,col_exit,1274,64.59,1,0
297,goal_03,col_exit,1328,67.93,1,0
298,goal_03,col_exit,1207,52.96,1,0
299,goal_03,col_exit,1182,51.86,1,0
300,goal_03,col_exit,1158,47.03,1,0
301,goal_04,exito,2286,550.94,1,1
302,goal_04,exito,2284,552.2,1,1
303,goal_04,exito,2287,551.72,1,1
304,goal_04,exito,2289,552.01,1,1
305,goal_04,exito,2288,552.38,1,1
306,goal_04,exito,2289,552.34,1,1
307,goal_04,col_retorno,2014,264.4,1,1
308,goal_04,exito,2287,551.34,1,1
309,goal_04,exito,2284,552.05,1,1
310,goal_04,exito,2285,551.8,1,1
311,goal_04,exito,2289,551.61,1,1
312,goal_04,exito,2289,552.29,1,1
313,goal_04,exito,2289,552.54,1,1
314,goal_04,col_retorno,2056,270.06,1,1
315,goal_04,exito,2280,551.8,1,1
316,goal_04,exito,2286,551.75,1,1
317,goal_04,exito,2287,551.61,1,1
318,goal_04,exito,2289,552.37,1,1
319,goal_04,exito,2289,552.25,1,1
320,goal_04,exito,2288,552.67,1,1
321,goal_04,col_retorno,2016,265.07,1,1
322,goal_04,exito,2282,551.85,1,1
323,goal_04,exito,2286,551.97,1,1
324,goal_04,exito,2286,551.53,1,1
325,goal_04,exito,2288,551.84,1,1
326,goal_04,exito,2291,552.05,1,1
327,goal_04,exito,2288,552.32,1,1
328,goal_04,col_retorno,2005,263.16,1,1
329,goal_04,exito,2283,551.92,1,1
330,goal_04,exito,2284,552.29,1,1
331,goal_04,exito,2289,551.19,1,1
332,goal_04,exito,2287,551.88,1,1
333,goal_04,exito,2289,552.37,1,1
334,goal_04,exito,2289,552.59,1,1
335,goal_04,col_retorno,2038,267.72,1,1
336,goal_04,exito,2285,550.84,1,1
337,goal_04,exito,2285,552.24,1,1
338,goal_04,exito,2286,551.49,1,1
339,goal_04,exito,2290,551.37,1,1
340,goal_04,exito,2289,552.2,1,1
341,goal_04,exito,2288,552.15,1,1
342,goal_04,col_retorno,1994,262.24,1,1
343,goal_04,exito,2287,551.0,1,1
344,goal_04,exito,2284,552.08,1,1
345,goal_04,exito,2285,551.65,1,1
346,goal_04,exito,2290,551.39,1,1
347,goal_04,exito,2289,552.35,1,1
348,goal_04,exito,2289,552.51,1,1
349,goal_04,col_retorno,2012,264.16,1,1
350,goal_04,exito,2286,551.52,1,1
351,goal_04,exito,2284,551.91,1,1
352,goal_04,exito,2285,552.25,1,1
353,goal_04,exito,2287,551.29,1,1
354,goal_04,exito,2288,552.14,1,1
355,goal_04,exito,2289,552.03,1,1
356,goal_04,exito,2288,552.2,1,1
357,goal_04,col_retorno,1984,260.55,1,1
358,goal_04,exito,2284,551.93,1,1
359,goal_04,exito,2284,551.76,1,1
360,goal_04,exito,2285,551.56,1,1
361,goal_04,exito,2286,551.71,1,1
362,goal_04,exito,2288,551.82,1,1
363,goal_04,exito,2289,552.35,1,1
364,goal_04,exito,2288,552.33,1,1
365,goal_04,col_retorno,2025,266.68,1,1
366,goal_04,exito,2282,551.88,1,1
367,goal_04,exito,2285,551.96,1,1
368,goal_04,exito,2287,551.91,1,1
369,goal_04,exito,2288,551.95,1,1
370,goal_04,exito,2290,551.83,1,1
371,goal_04,exito,2288,552.32,1,1
372,goal_04,col_retorno,2004,264.11,1,1
373,goal_04,exito,2283,551.9,1,1
374,goal_04,exito,2284,552.27,1,1
375,goal_04,exito,2289,551.19,1,1
376,goal_04,exito,2287,551.87,1,1
377,goal_04,exito,2289,552.38,1,1
378,goal_04,exito,2289,552.59,1,1
379,goal_04,col_retorno,2038,267.72,1,1
380,goal_04,exito,2285,550.84,1,1
381,goal_04,exito,2285,552.25,1,1
382,goal_04,exito,2287,551.75,1,1
383,goal_04,exito,2290,551.39,1,1
384,goal_04,exito,2289,552.01,1,1
385,goal_04,exito,2288,552.2,1,1
386,goal_04,col_retorno,1992,261.91,1,1
387,goal_04,exito,2287,551.18,1,1
388,goal_04,exito,2284,552.05,1,1
389,goal_04,exito,2285,551.59,1,1
390,goal_04,exito,2291,551.43,1,1
391,goal_04,exito,2289,552.33,1,1
392,goal_04,exito,2289,552.51,1,1
393,goal_04,col_retorno,2012,264.16,1,1
394,goal_04,exito,2286,551.52,1,1
395,goal_04,exito,2284,551.91,1,1
396,goal_04,exito,2285,552.25,1,1
397,goal_04,exito,2287,551.25,1,1
398,goal_04,exito,2288,552.15,1,1
399,goal_04,exito,2289,552.06,1,1
400,goal_04,exito,2288,552.2,1,1
401,goal_05,col_exit,338,-67.23,1,0
402,goal_05,exito,1263,390.51,1,1
403,goal_05,col_exit,368,-63.08,1,0
404,goal_05,col_retorno,835,77.87,1,1
405,goal_05,col_exit,341,-67.6,1,0
406,goal_05,col_retorno,806,74.52,1,1
407,goal_05,col_exit,322,-67.67,1,0
408,goal_05,col_retorno,818,73.32,1,1
409,goal_05,col_exit,332,-69.19,1,0
410,goal_05,col_retorno,797,72.8,1,1
411,goal_05,col_exit,320,-69.28,1,0
412,goal_05,col_retorno,793,72.49,1,1
413,goal_05,col_exit,326,-68.9,1,0
414,goal_05,col_retorno,792,73.18,1,1
415,goal_05,col_exit,321,-68.67,1,0
416,goal_05,col_retorno,817,70.34,1,1
417,goal_05,col_exit,329,-68.99,1,0
418,goal_05,exito,1269,392.97,1,1
419,goal_05,col_exit,369,-65.99,1,0
420,goal_05,exito,1262,391.65,1,1
421,goal_05,col_exit,386,-60.98,1,0
422,goal_05,col_retorno,831,76.77,1,1
423,goal_05,col_exit,336,-67.2,1,0
424,goal_05,col_retorno,830,74.46,1,1
425,goal_05,col_exit,331,-67.63,1,0
426,goal_05,col_retorno,791,72.76,1,1
427,goal_05,col_exit,330,-70.88,1,0
428,goal_05,col_retorno,791,72.55,1,1
429,goal_05,col_exit,323,-68.17,1,0
430,goal_05,col_retorno,790,71.68,1,1
431,goal_05,col_exit,327,-69.3,1,0
432,goal_05,col_retorno,819,74.3,1,1
433,goal_05,col_exit,327,-68.38,1,0
434,goal_05,col_exit,443,-54.77,1,0
435,goal_05,exito,1265,392.46,1,1
436,goal_05,col_exit,449,-53.22,1,0
437,goal_05,col_retorno,833,77.9,1,1
438,goal_05,col_exit,341,-67.55,1,0
439,goal_05,col_retorno,825,72.23,1,1
440,goal_05,col_exit,328,-67.56,1,0
441,goal_05,col_retorno,799,72.92,1,1
442,goal_05,col_exit,327,-69.3,1,0
443,goal_05,exito,1267,393.49,1,1
444,goal_05,col_exit,365,-64.34,1,0
445,goal_05,exito,1261,392.05,1,1
446,goal_05,col_exit,387,-61.09,1,0
447,goal_05,col_retorno,830,77.26,1,1
448,goal_05,col_exit,339,-67.04,1,0
449,goal_05,col_retorno,826,76.0,1,1
450,goal_05,col_exit,330,-67.67,1,0
451,goal_05,col_retorno,797,73.21,1,1
452,goal_05,col_exit,326,-68.94,1,0
453,goal_05,col_retorno,792,73.31,1,1
454,goal_05,col_exit,322,-68.49,1,0
455,goal_05,col_retorno,818,70.35,1,1
456,goal_05,col_exit,329,-69.02,1,0
457,goal_05,exito,1269,392.97,1,1
458,goal_05,col_exit,369,-66.0,1,0
459,goal_05,exito,1262,391.61,1,1
460,goal_05,col_exit,386,-60.98,1,0
461,goal_05,col_retorno,831,76.77,1,1
462,goal_05,col_exit,336,-67.2,1,0
463,goal_05,col_retorno,830,74.46,1,1
464,goal_05,col_exit,331,-67.64,1,0
465,goal_05,col_retorno,791,72.77,1,1
466,goal_05,col_exit,330,-70.87,1,0
467,goal_05,col_retorno,791,72.55,1,1
468,goal_05,col_exit,323,-68.16,1,0
469,goal_05,col_retorno,793,71.7,1,1
470,goal_05,col_exit,328,-70.66,1,0
471,goal_05,col_retorno,816,73.9,1,1
472,goal_05,col_exit,326,-68.71,1,0
473,goal_05,col_retorno,787,72.18,1,1
474,goal_05,col_exit,326,-70.0,1,0
475,goal_05,col_retorno,796,73.52,1,1
476,goal_05,col_exit,323,-68.06,1,0
477,goal_05,col_retorno,788,72.03,1,1
478,goal_05,col_exit,327,-69.26,1,0
479,goal_05,col_retorno,818,74.06,1,1
480,goal_05,col_exit,323,-67.77,1,0
481,goal_05,col_exit,453,-53.62,1,0
482,goal_05,exito,1265,392.5,1,1
483,goal_05,col_exit,449,-53.2,1,0
484,goal_05,col_retorno,830,77.52,1,1
485,goal_05,col_exit,340,-67.78,1,0
486,goal_05,col_retorno,806,74.53,1,1
487,goal_05,col_exit,321,-67.84,1,0
488,goal_05,col_retorno,818,73.51,1,1
489,goal_05,col_exit,332,-69.24,1,0
490,goal_05,col_retorno,796,73.47,1,1
491,goal_05,col_exit,320,-68.93,1,0
492,goal_05,col_retorno,794,72.75,1,1
493,goal_05,col_exit,326,-68.91,1,0
494,goal_05,col_retorno,792,73.18,1,1
495,goal_05,col_exit,321,-68.66,1,0
496,goal_05,col_retorno,818,70.26,1,1
497,goal_05,col_exit,329,-68.9,1,0
498,goal_05,exito,1269,393.03,1,1
499,goal_05,col_exit,369,-66.08,1,0
500,goal_05,exito,1262,391.58,1,1
501,goal_06,col_exit,420,-55.87,1,0
502,goal_06,col_exit,476,-49.85,1,0
503,goal_06,col_exit,523,-42.4,1,0
504,goal_06,col_exit,545,-39.76,1,0
505,goal_06,col_exit,551,-40.31,1,0
506,goal_06,col_exit,554,-38.96,1,0
507,goal_06,col_exit,560,-36.96,1,0
508,goal_06,col_exit,559,-37.69,1,0
509,goal_06,col_exit,553,-39.21,1,0
510,goal_06,col_exit,555,-38.77,1,0
511,goal_06,col_exit,574,-37.44,1,0
512,goal_06,col_exit,565,-36.92,1,0
513,goal_06,col_exit,555,-39.11,1,0
514,goal_06,col_exit,554,-38.7,1,0
515,goal_06,col_exit,570,-36.43,1,0
516,goal_06,col_exit,567,-36.34,1,0
517,goal_06,col_exit,555,-38.79,1,0
518,goal_06,col_exit,555,-38.57,1,0
519,goal_06,col_exit,575,-39.04,1,0
520,goal_06,col_exit,565,-37.14,1,0
521,goal_06,col_exit,556,-39.36,1,0
522,goal_06,col_exit,554,-38.87,1,0
523,goal_06,col_exit,567,-36.27,1,0
524,goal_06,col_exit,568,-36.1,1,0
525,goal_06,col_exit,557,-38.48,1,0
526,goal_06,col_exit,555,-38.65,1,0
527,goal_06,col_exit,558,-37.29,1,0
528,goal_06,col_exit,573,-36.79,1,0
529,goal_06,col_exit,561,-38.67,1,0
530,goal_06,col_exit,557,-38.37,1,0
531,goal_06,col_exit,558,-37.47,1,0
532,goal_06,col_exit,571,-36.7,1,0
533,goal_06,col_exit,560,-37.97,1,0
534,goal_06,col_exit,557,-38.27,1,0
535,goal_06,col_exit,559,-37.26,1,0
536,goal_06,col_exit,566,-36.69,1,0
537,goal_06,col_exit,565,-39.18,1,0
538,goal_06,col_exit,559,-38.39,1,0
539,goal_06,col_exit,559,-37.4,1,0
540,goal_06,col_exit,561,-37.49,1,0
541,goal_06,col_exit,563,-38.57,1,0
542,goal_06,col_exit,560,-37.8,1,0
543,goal_06,col_exit,563,-36.58,1,0
544,goal_06,col_exit,559,-37.84,1,0
545,goal_06,col_exit,558,-39.14,1,0
546,goal_06,col_exit,567,-40.25,1,0
547,goal_06,col_exit,565,-37.16,1,0
548,goal_06,col_exit,559,-37.95,1,0
549,goal_06,col_exit,554,-39.2,1,0
550,goal_06,col_exit,564,-38.87,1,0
551,goal_06,col_exit,567,-35.92,1,0
552,goal_06,col_exit,562,-37.19,1,0
553,goal_06,col_exit,553,-39.16,1,0
554,goal_06,col_exit,556,-38.7,1,0
555,goal_06,col_exit,574,-37.44,1,0
556,goal_06,col_exit,565,-36.93,1,0
557,goal_06,col_exit,555,-39.1,1,0
558,goal_06,col_exit,554,-38.7,1,0
559,goal_06,col_exit,570,-36.43,1,0
560,goal_06,col_exit,567,-36.34,1,0
561,goal_06,col_exit,555,-38.79,1,0
562,goal_06,col_exit,555,-38.57,1,0
563,goal_06,col_exit,575,-39.04,1,0
564,goal_06,col_exit,565,-37.11,1,0
565,goal_06,col_exit,556,-39.37,1,0
566,goal_06,col_exit,554,-38.88,1,0
567,goal_06,col_exit,567,-36.27,1,0
568,goal_06,col_exit,568,-36.1,1,0
569,goal_06,col_exit,557,-38.48,1,0
570,goal_06,col_exit,555,-38.65,1,0
571,goal_06,col_exit,558,-37.29,1,0
572,goal_06,col_exit,573,-36.8,1,0
573,goal_06,col_exit,561,-38.67,1,0
574,goal_06,col_exit,557,-38.36,1,0
575,goal_06,col_exit,558,-37.47,1,0
576,goal_06,col_exit,571,-36.7,1,0
577,goal_06,col_exit,560,-37.97,1,0
578,goal_06,col_exit,557,-38.27,1,0
579,goal_06,col_exit,559,-37.27,1,0
580,goal_06,col_exit,566,-36.68,1,0
581,goal_06,col_exit,565,-39.18,1,0
582,goal_06,col_exit,559,-38.39,1,0
583,goal_06,col_exit,559,-37.4,1,0
584,goal_06,col_exit,561,-37.49,1,0
585,goal_06,col_exit,563,-38.57,1,0
586,goal_06,col_exit,560,-37.8,1,0
587,goal_06,col_exit,563,-36.58,1,0
588,goal_06,col_exit,559,-37.83,1,0
589,goal_06,col_exit,558,-39.14,1,0
590,goal_06,col_exit,567,-40.25,1,0
591,goal_06,col_exit,565,-37.16,1,0
592,goal_06,col_exit,559,-37.96,1,0
593,goal_06,col_exit,554,-39.2,1,0
594,goal_06,col_exit,564,-38.87,1,0
595,goal_06,col_exit,567,-35.93,1,0
596,goal_06,col_exit,562,-37.19,1,0
597,goal_06,col_exit,553,-39.14,1,0
598,goal_06,col_exit,556,-38.7,1,0
599,goal_06,col_exit,574,-37.44,1,0
600,goal_06,col_exit,565,-36.93,1,0
601,goal_07,col_exit,632,-25.17,1,0
602,goal_07,col_exit,595,-28.94,1,0
603,goal_07,col_exit,576,-32.02,1,0
604,goal_07,col_exit,572,-30.66,1,0
605,goal_07,col_exit,583,-30.64,1,0
606,goal_07,col_exit,570,-33.84,1,0
607,goal_07,col_exit,553,-34.05,1,0
608,goal_07,col_retorno,1092,126.63,1,1
609,goal_07,col_exit,576,-32.64,1,0
610,goal_07,col_exit,562,-33.31,1,0
611,goal_07,col_exit,562,-31.15,1,0
612,goal_07,col_exit,579,-32.46,1,0
613,goal_07,col_exit,571,-33.64,1,0
614,goal_07,col_exit,556,-33.5,1,0
615,goal_07,col_retorno,1094,126.74,1,1
616,goal_07,col_exit,575,-35.11,1,0
617,goal_07,col_retorno,1143,129.97,1,1
618,goal_07,col_exit,570,-32.62,1,0
619,goal_07,col_exit,565,-34.06,1,0
620,goal_07,col_exit,554,-34.24,1,0
621,goal_07,col_exit,557,-32.03,1,0
622,goal_07,col_exit,567,-34.56,1,0
623,goal_07,col_exit,559,-34.84,1,0
624,goal_07,col_retorno,1128,129.03,1,1
625,goal_07,col_exit,568,-34.46,1,0
626,goal_07,col_exit,564,-34.09,1,0
627,goal_07,col_exit,552,-34.16,1,0
628,goal_07,col_exit,560,-31.87,1,0
629,goal_07,col_exit,561,-33.39,1,0
630,goal_07,col_exit,561,-35.78,1,0
631,goal_07,col_retorno,1134,129.53,1,1
632,goal_07,col_exit,559,-35.51,1,0
633,goal_07,col_exit,563,-35.93,1,0
634,goal_07,col_retorno,1122,125.93,1,1
635,goal_07,col_exit,561,-33.21,1,0
636,goal_07,col_exit,558,-36.8,1,0
637,goal_07,col_exit,552,-33.24,1,0
638,goal_07,col_retorno,1086,125.13,1,1
639,goal_07,col_exit,576,-32.49,1,0
640,goal_07,col_exit,559,-33.18,1,0
641,goal_07,col_retorno,1121,130.45,1,1
642,goal_07,col_exit,580,-32.39,1,0
643,goal_07,col_exit,563,-32.18,1,0
644,goal_07,col_exit,559,-31.62,1,0
645,goal_07,col_exit,569,-31.87,1,0
646,goal_07,col_exit,559,-34.29,1,0
647,goal_07,col_exit,553,-33.07,1,0
648,goal_07,col_exit,559,-31.58,1,0
649,goal_07,col_exit,579,-32.82,1,0
650,goal_07,col_exit,570,-33.34,1,0
651,goal_07,col_exit,554,-33.76,1,0
652,goal_07,col_retorno,1092,126.39,1,1
653,goal_07,col_exit,576,-35.02,1,0
654,goal_07,col_retorno,1143,129.97,1,1
655,goal_07,col_exit,570,-32.61,1,0
656,goal_07,col_exit,565,-34.06,1,0
657,goal_07,col_exit,554,-34.24,1,0
658,goal_07,col_exit,557,-32.04,1,0
659,goal_07,col_exit,567,-34.57,1,0
660,goal_07,col_exit,559,-34.84,1,0
661,goal_07,col_retorno,1128,129.04,1,1
662,goal_07,col_exit,568,-34.46,1,0
663,goal_07,col_exit,564,-34.06,1,0
664,goal_07,col_exit,552,-34.16,1,0
665,goal_07,col_exit,560,-31.87,1,0
666,goal_07,col_exit,561,-33.39,1,0
667,goal_07,col_exit,561,-35.78,1,0
668,goal_07,col_retorno,1134,129.56,1,1
669,goal_07,col_exit,560,-35.66,1,0
670,goal_07,col_exit,563,-36.19,1,0
671,goal_07,col_retorno,1122,126.19,1,1
672,goal_07,col_exit,560,-33.31,1,0
673,goal_07,col_exit,558,-36.8,1,0
674,goal_07,col_exit,552,-33.24,1,0
675,goal_07,col_retorno,1086,125.16,1,1
676,goal_07,col_exit,576,-32.49,1,0
677,goal_07,col_exit,559,-33.19,1,0
678,goal_07,col_retorno,1121,130.44,1,1
679,goal_07,col_exit,580,-32.4,1,0
680,goal_07,col_exit,563,-32.18,1,0
681,goal_07,col_exit,560,-31.44,1,0
682,goal_07,col_exit,569,-31.9,1,0
683,goal_07,col_exit,559,-34.3,1,0
684,goal_07,col_exit,552,-33.31,1,0
685,goal_07,col_exit,559,-31.58,1,0
686,goal_07,col_exit,579,-32.58,1,0
687,goal_07,col_exit,570,-33.36,1,0
688,goal_07,col_exit,554,-33.8,1,0
689,goal_07,col_retorno,1092,126.37,1,1
690,goal_07,col_exit,576,-35.02,1,0
691,goal_07,col_retorno,1143,129.96,1,1
692,goal_07,col_exit,570,-32.61,1,0
693,goal_07,col_exit,565,-34.06,1,0
694,goal_07,col_exit,554,-34.24,1,0
695,goal_07,col_exit,557,-32.03,1,0
696,goal_07,col_exit,567,-34.56,1,0
697,goal_07,col_exit,559,-34.84,1,0
698,goal_07,col_retorno,1128,129.03,1,1
699,goal_07,col_exit,568,-34.45,1,0
700,goal_07,col_exit,564,-34.06,1,0
701,goal_08,col_retorno,1104,117.09,1,1
702,goal_08,col_approach,451,-102.77,0,0
703,goal_08,exito,1404,408.68,1,1
704,goal_08,col_exit,725,-26.08,1,0
705,goal_08,exito,1417,411.43,1,1
706,goal_08,col_approach,417,-106.52,0,0
707,goal_08,col_approach,514,-95.49,0,0
708,goal_08,exito,1407,409.12,1,1
709,goal_08,col_exit,745,-24.28,1,0
710,goal_08,exito,1419,411.08,1,1
711,goal_08,col_retorno,1129,109.78,1,1
712,goal_08,col_retorno,1094,112.96,1,1
713,goal_08,col_approach,425,-104.86,0,0
714,goal_08,exito,1408,407.26,1,1
715,goal_08,col_exit,705,-32.17,1,0
716,goal_08,exito,1402,407.44,1,1
717,goal_08,col_retorno,1094,117.07,1,1
718,goal_08,col_approach,435,-104.89,0,0
719,goal_08,exito,1405,407.96,1,1
720,goal_08,col_exit,720,-27.25,1,0
721,goal_08,exito,1415,411.96,1,1
722,goal_08,col_retorno,1075,110.01,1,1
723,goal_08,col_retorno,1133,118.53,1,1
724,goal_08,col_approach,427,-103.92,0,0
725,goal_08,exito,1412,406.37,1,1
726,goal_08,col_exit,717,-30.86,1,0
727,goal_08,exito,1404,407.1,1,1
728,goal_08,col_retorno,1092,116.63,1,1
729,goal_08,col_approach,432,-105.83,0,0
730,goal_08,exito,1406,408.13,1,1
731,goal_08,col_exit,723,-26.05,1,0
732,goal_08,exito,1424,409.9,1,1
733,goal_08,col_retorno,1054,106.74,1,1
734,goal_08,col_retorno,1147,120.48,1,1
735,goal_08,col_approach,446,-103.14,0,0
736,goal_08,col_approach,511,-96.34,0,0
737,goal_08,exito,1417,407.73,1,1
738,goal_08,col_exit,754,-24.5,1,0
739,goal_08,exito,1417,411.73,1,1
740,goal_08,col_retorno,1124,114.4,1,1
741,goal_08,col_retorno,1095,113.01,1,1
742,goal_08,col_approach,429,-103.7,0,0
743,goal_08,exito,1410,406.58,1,1
744,goal_08,col_exit,703,-32.6,1,0
745,goal_08,exito,1401,406.99,1,1
746,goal_08,col_retorno,1088,115.73,1,1
747,goal_08,col_approach,437,-104.64,0,0
748,goal_08,exito,1403,408.37,1,1
749,goal_08,col_exit,718,-26.97,1,0
750,goal_08,exito,1418,411.68,1,1
751,goal_08,col_approach,424,-105.63,0,0
752,goal_08,col_approach,514,-96.17,0,0
753,goal_08,exito,1404,409.11,1,1
754,goal_08,col_exit,740,-24.88,1,0
755,goal_08,exito,1419,411.09,1,1
756,goal_08,col_approach,415,-106.71,0,0
757,goal_08,col_approach,514,-95.39,0,0
758,goal_08,exito,1406,408.95,1,1
759,goal_08,col_exit,746,-24.21,1,0
760,goal_08,exito,1419,410.94,1,1
761,goal_08,col_retorno,1129,109.73,1,1
762,goal_08,col_retorno,1094,112.96,1,1
763,goal_08,col_approach,425,-104.86,0,0
764,goal_08,exito,1408,407.25,1,1
765,goal_08,col_exit,705,-32.17,1,0
766,goal_08,exito,1402,407.44,1,1
767,goal_08,col_retorno,1093,116.9,1,1
768,goal_08,col_approach,436,-104.72,0,0
769,goal_08,exito,1405,407.98,1,1
770,goal_08,col_exit,720,-27.14,1,0
771,goal_08,exito,1415,411.97,1,1
772,goal_08,col_retorno,1075,110.01,1,1
773,goal_08,col_retorno,1133,118.53,1,1
774,goal_08,col_approach,427,-103.92,0,0
775,goal_08,exito,1412,406.36,1,1
776,goal_08,col_exit,717,-30.86,1,0
777,goal_08,exito,1405,406.75,1,1
778,goal_08,col_retorno,1091,116.63,1,1
779,goal_08,col_approach,432,-105.83,0,0
780,goal_08,exito,1406,408.15,1,1
781,goal_08,col_exit,723,-25.99,1,0
782,goal_08,exito,1424,409.87,1,1
783,goal_08,col_retorno,1054,106.74,1,1
784,goal_08,col_retorno,1147,120.48,1,1
785,goal_08,col_approach,446,-103.13,0,0
786,goal_08,col_approach,511,-96.33,0,0
787,goal_08,exito,1417,407.73,1,1
788,goal_08,col_exit,754,-24.5,1,0
789,goal_08,exito,1417,411.73,1,1
790,goal_08,col_retorno,1124,114.35,1,1
791,goal_08,col_retorno,1095,113.01,1,1
792,goal_08,col_approach,429,-103.69,0,0
793,goal_08,exito,1410,406.59,1,1
794,goal_08,col_exit,703,-32.68,1,0
795,goal_08,exito,1401,406.99,1,1
796,goal_08,col_retorno,1088,115.69,1,1
797,goal_08,col_approach,437,-104.63,0,0
798,goal_08,exito,1404,408.63,1,1
799,goal_08,col_exit,717,-27.24,1,0
800,goal_08,exito,1418,411.67,1,1
801,goal_09,col_approach,424,-105.64,0,0
802,goal_09,col_approach,514,-96.18,0,0
803,goal_09,col_retorno,1349,144.38,1,1
804,goal_09,exito,1671,443.82,1,1
805,goal_09,exito,1660,441.9,1,1
806,goal_09,exito,1675,440.48,1,1
807,goal_09,col_approach,423,-107.32,0,0
808,goal_09,col_retorno,1337,146.41,1,1
809,goal_09,exito,1665,444.34,1,1
810,goal_09,exito,1657,441.72,1,1
811,goal_09,exito,1676,439.7,1,1
812,goal_09,col_approach,423,-106.92,0,0
813,goal_09,exito,1658,441.21,1,1
814,goal_09,col_retorno,1338,145.0,1,1
815,goal_09,exito,1659,441.39,1,1
816,goal_09,exito,1683,440.21,1,1
817,goal_09,col_approach,409,-109.48,0,0
818,goal_09,exito,1659,440.38,1,1
819,goal_09,col_retorno,1348,141.81,1,1
820,goal_09,exito,1659,441.52,1,1
821,goal_09,exito,1673,441.89,1,1
822,goal_09,col_approach,422,-109.41,0,0
823,goal_09,exito,1662,439.3,1,1
824,goal_09,col_retorno,1324,143.56,1,1
825,goal_09,exito,1656,442.43,1,1
826,goal_09,exito,1679,440.47,1,1
827,goal_09,col_approach,411,-108.31,0,0
828,goal_09,exito,1659,441.24,1,1
829,goal_09,col_retorno,1332,144.03,1,1
830,goal_09,exito,1657,441.8,1,1
831,goal_09,exito,1678,440.51,1,1
832,goal_09,col_approach,410,-108.87,0,0
833,goal_09,exito,1658,441.29,1,1
834,goal_09,col_retorno,1356,141.77,1,1
835,goal_09,exito,1658,441.97,1,1
836,goal_09,exito,1670,442.26,1,1
837,goal_09,col_approach,422,-107.78,0,0
838,goal_09,exito,1661,439.55,1,1
839,goal_09,col_retorno,1328,144.44,1,1
840,goal_09,exito,1661,441.28,1,1
841,goal_09,exito,1672,441.6,1,1
842,goal_09,col_approach,412,-108.15,0,0
843,goal_09,exito,1657,441.43,1,1
844,goal_09,col_retorno,1332,143.95,1,1
845,goal_09,exito,1655,442.2,1,1
846,goal_09,exito,1677,440.13,1,1
847,goal_09,col_approach,414,-108.22,0,0
848,goal_09,exito,1657,441.46,1,1
849,goal_09,col_retorno,1355,143.21,1,1
850,goal_09,exito,1656,442.21,1,1
851,goal_09,exito,1673,441.81,1,1
852,goal_09,col_approach,419,-107.03,0,0
853,goal_09,col_exit,980,2.87,1,0
854,goal_09,col_approach,454,-101.96,0,0
855,goal_09,exito,1657,442.8,1,1
856,goal_09,exito,1671,441.64,1,1
857,goal_09,exito,1675,444.4,1,1
858,goal_09,exito,1677,443.52,1,1
859,goal_09,exito,1665,444.07,1,1
860,goal_09,exito,1664,441.35,1,1
861,goal_09,exito,1676,443.45,1,1
862,goal_09,col_approach,398,-110.14,0,0
863,goal_09,exito,1667,439.74,1,1
864,goal_09,col_approach,473,-101.13,0,0
865,goal_09,col_retorno,1374,143.44,1,1
866,goal_09,exito,1665,445.13,1,1
867,goal_09,exito,1665,440.97,1,1
868,goal_09,exito,1675,440.81,1,1
869,goal_09,col_approach,425,-107.76,0,0
870,goal_09,exito,1655,440.87,1,1
871,goal_09,col_retorno,1358,141.09,1,1
872,goal_09,exito,1657,442.15,1,1
873,goal_09,exito,1672,441.6,1,1
874,goal_09,col_approach,428,-108.67,0,0
875,goal_09,exito,1664,439.78,1,1
876,goal_09,col_retorno,1328,144.44,1,1
877,goal_09,exito,1661,441.28,1,1
878,goal_09,exito,1673,441.79,1,1
879,goal_09,col_approach,411,-108.32,0,0
880,goal_09,exito,1657,441.47,1,1
881,goal_09,col_retorno,1332,143.9,1,1
882,goal_09,exito,1655,442.29,1,1
883,goal_09,exito,1677,440.12,1,1
884,goal_09,col_approach,414,-108.22,0,0
885,goal_09,exito,1657,441.53,1,1
886,goal_09,col_retorno,1355,143.19,1,1
887,goal_09,exito,1656,442.17,1,1
888,goal_09,exito,1672,441.52,1,1
889,goal_09,col_approach,419,-106.96,0,0
890,goal_09,col_exit,981,3.06,1,0
891,goal_09,col_approach,454,-101.92,0,0
892,goal_09,exito,1657,442.81,1,1
893,goal_09,exito,1671,441.63,1,1
894,goal_09,exito,1675,444.41,1,1
895,goal_09,exito,1677,443.75,1,1
896,goal_09,exito,1665,443.82,1,1
897,goal_09,exito,1663,441.19,1,1
898,goal_09,exito,1676,443.38,1,1
899,goal_09,col_approach,399,-110.11,0,0
900,goal_09,exito,1667,439.63,1,1
901,goal_10,col_approach,473,-101.13,0,0
902,goal_10,exito,1898,468.51,1,1
903,goal_10,col_approach,414,-108.14,0,0
904,goal_10,exito,1882,472.33,1,1
905,goal_10,col_approach,396,-110.09,0,0
906,goal_10,exito,1881,471.54,1,1
907,goal_10,col_approach,393,-112.63,0,0
908,goal_10,exito,1880,470.31,1,1
909,goal_10,col_retorno,1578,182.76,1,1
910,goal_10,col_approach,422,-105.08,0,0
911,goal_10,exito,1886,471.5,1,1
912,goal_10,col_retorno,1569,178.29,1,1
913,goal_10,exito,1893,473.19,1,1
914,goal_10,exito,1905,469.69,1,1
915,goal_10,exito,1889,471.28,1,1
916,goal_10,col_approach,418,-107.17,0,0
917,goal_10,exito,1879,472.24,1,1
918,goal_10,col_approach,405,-110.15,0,0
919,goal_10,exito,1883,470.64,1,1
920,goal_10,col_retorno,1583,183.05,1,1
921,goal_10,col_approach,424,-105.04,0,0
922,goal_10,exito,1887,471.3,1,1
923,goal_10,col_retorno,1575,180.28,1,1
924,goal_10,exito,1890,473.15,1,1
925,goal_10,exito,1903,470.58,1,1
926,goal_10,exito,1891,470.1,1,1
927,goal_10,col_approach,418,-108.43,0,0
928,goal_10,exito,1882,471.24,1,1
929,goal_10,col_approach,394,-110.54,0,0
930,goal_10,exito,1882,471.2,1,1
931,goal_10,col_approach,389,-113.3,0,0
932,goal_10,exito,1882,470.12,1,1
933,goal_10,col_retorno,1590,182.05,1,1
934,goal_10,col_approach,414,-106.36,0,0
935,goal_10,col_approach,514,-95.49,0,0
936,goal_10,exito,1884,472.33,1,1
937,goal_10,col_approach,426,-110.83,0,0
938,goal_10,exito,1887,470.3,1,1
939,goal_10,col_approach,381,-112.64,0,0
940,goal_10,exito,1882,470.38,1,1
941,goal_10,col_approach,381,-111.72,0,0
942,goal_10,exito,1881,470.26,1,1
943,goal_10,col_retorno,1577,182.78,1,1
944,goal_10,col_approach,422,-105.31,0,0
945,goal_10,exito,1888,470.42,1,1
946,goal_10,col_retorno,1574,179.95,1,1
947,goal_10,exito,1889,473.05,1,1
948,goal_10,exito,1901,470.77,1,1
949,goal_10,exito,1889,470.85,1,1
950,goal_10,col_approach,419,-107.29,0,0
951,goal_10,exito,1881,472.02,1,1
952,goal_10,col_approach,399,-109.65,0,0
953,goal_10,exito,1882,470.44,1,1
954,goal_10,col_approach,376,-112.7,0,0
955,goal_10,exito,1884,470.05,1,1
956,goal_10,col_approach,378,-112.83,0,0
957,goal_10,exito,1880,470.79,1,1
958,goal_10,col_approach,377,-112.26,0,0
959,goal_10,exito,1893,469.33,1,1
960,goal_10,col_retorno,1583,182.23,1,1
961,goal_10,col_retorno,1601,184.45,1,1
962,goal_10,exito,1889,473.67,1,1
963,goal_10,exito,1903,470.76,1,1
964,goal_10,exito,1891,470.21,1,1
965,goal_10,col_approach,418,-108.38,0,0
966,goal_10,exito,1883,471.0,1,1
967,goal_10,col_approach,393,-110.67,0,0
968,goal_10,exito,1881,471.21,1,1
969,goal_10,col_approach,389,-113.3,0,0
970,goal_10,exito,1881,469.96,1,1
971,goal_10,col_retorno,1591,181.82,1,1
972,goal_10,col_approach,414,-106.36,0,0
973,goal_10,col_approach,514,-95.43,0,0
974,goal_10,exito,1884,472.33,1,1
975,goal_10,col_approach,426,-110.82,0,0
976,goal_10,exito,1887,470.3,1,1
977,goal_10,col_retorno,1590,184.2,1,1
978,goal_10,col_approach,433,-103.97,0,0
979,goal_10,exito,1886,470.97,1,1
980,goal_10,col_retorno,1576,180.56,1,1
981,goal_10,exito,1890,473.19,1,1
982,goal_10,exito,1903,470.57,1,1
983,goal_10,exito,1892,470.09,1,1
984,goal_10,col_approach,418,-108.38,0,0
985,goal_10,exito,1883,470.99,1,1
986,goal_10,col_approach,393,-110.68,0,0
987,goal_10,exito,1881,471.17,1,1
988,goal_10,col_approach,389,-113.3,0,0
989,goal_10,exito,1881,469.96,1,1
990,goal_10,col_retorno,1591,181.92,1,1
991,goal_10,col_approach,414,-106.37,0,0
992,goal_10,col_approach,514,-95.43,0,0
993,goal_10,exito,1884,472.34,1,1
994,goal_10,col_approach,427,-110.76,0,0
995,goal_10,exito,1886,470.21,1,1
996,goal_10,col_retorno,1590,184.19,1,1
997,goal_10,col_approach,433,-104.02,0,0
998,goal_10,exito,1886,470.97,1,1
999,goal_10,col_retorno,1576,180.52,1,1
1000,goal_10,exito,1890,473.17,1,1
1001,goal_11,exito,2789,611.6,1,1
1002,goal_11,exito,2774,607.18,1,1
1003,goal_11,exito,2791,608.32,1,1
1004,goal_11,exito,2787,613.73,1,1
1005,goal_11,exito,2781,609.19,1,1
1006,goal_11,exito,2778,607.18,1,1
1007,goal_11,exito,2796,612.69,1,1
1008,goal_11,exito,2789,612.21,1,1
1009,goal_11,exito,2783,607.45,1,1
1010,goal_11,col_exit,2066,167.97,1,0
1011,goal_11,col_retorno,2477,319.56,1,1
1012,goal_11,col_retorno,2394,305.31,1,1
1013,goal_11,exito,2778,607.29,1,1
1014,goal_11,exito,2789,609.93,1,1
1015,goal_11,exito,2790,613.99,1,1
1016,goal_11,exito,2780,609.39,1,1
1017,goal_11,exito,2782,607.29,1,1
1018,goal_11,exito,2792,613.36,1,1
1019,goal_11,exito,2799,609.23,1,1
1020,goal_11,exito,2788,604.8,1,1
1021,goal_11,col_exit,2069,168.78,1,0
1022,goal_11,col_retorno,2466,318.67,1,1
1023,goal_11,col_retorno,2408,306.61,1,1
1024,goal_11,exito,2779,607.2,1,1
1025,goal_11,exito,2786,609.75,1,1
1026,goal_11,exito,2790,613.82,1,1
1027,goal_11,exito,2780,609.48,1,1
1028,goal_11,col_retorno,2387,303.13,1,1
1029,goal_11,exito,2773,606.85,1,1
1030,goal_11,exito,2786,609.63,1,1
1031,goal_11,exito,2788,613.13,1,1
1032,goal_11,exito,2779,609.49,1,1
1033,goal_11,col_retorno,2378,299.88,1,1
1034,goal_11,exito,2779,606.32,1,1
1035,goal_11,exito,2783,609.87,1,1
1036,goal_11,exito,2790,612.62,1,1
1037,goal_11,exito,2780,609.44,1,1
1038,goal_11,exito,2780,607.63,1,1
1039,goal_11,exito,2793,611.96,1,1
1040,goal_11,exito,2788,612.92,1,1
1041,goal_11,exito,2781,607.89,1,1
1042,goal_11,col_retorno,2417,306.6,1,1
1043,goal_11,exito,2775,607.23,1,1
1044,goal_11,exito,2788,610.71,1,1
1045,goal_11,exito,2789,613.6,1,1
1046,goal_11,exito,2779,608.17,1,1
1047,goal_11,exito,2779,608.55,1,1
1048,goal_11,exito,2804,611.55,1,1
1049,goal_11,exito,2788,612.47,1,1
1050,goal_11,exito,2787,607.28,1,1
1051,goal_11,col_exit,2076,170.11,1,0
1052,goal_11,col_retorno,2486,321.36,1,1
1053,goal_11,exito,2782,608.86,1,1
1054,goal_11,exito,2803,612.49,1,1
1055,goal_11,exito,2800,608.94,1,1
1056,goal_11,col_exit,2073,168.87,1,0
1057,goal_11,col_retorno,2444,314.19,1,1
1058,goal_11,exito,2790,606.06,1,1
1059,goal_11,col_retorno,2428,311.06,1,1
1060,goal_11,exito,2778,607.44,1,1
1061,goal_11,exito,2789,611.25,1,1
1062,goal_11,exito,2789,613.72,1,1
1063,goal_11,exito,2781,608.11,1,1
1064,goal_11,exito,2780,607.89,1,1
1065,goal_11,exito,2800,612.86,1,1
1066,goal_11,exito,2787,612.64,1,1
1067,goal_11,col_exit,2074,168.97,1,0
1068,goal_11,col_retorno,2420,311.12,1,1
1069,goal_11,col_exit,2073,168.65,1,0
1070,goal_11,col_retorno,2433,312.98,1,1
1071,goal_11,col_exit,2076,169.36,1,0
1072,goal_11,col_retorno,2427,311.57,1,1
1073,goal_11,col_exit,2077,168.39,1,0
1074,goal_11,col_retorno,2427,311.27,1,1
1075,goal_11,col_exit,2075,167.72,1,0
1076,goal_11,col_retorno,2420,310.76,1,1
1077,goal_11,col_exit,2066,165.77,1,0
1078,goal_11,col_retorno,2416,310.18,1,1
1079,goal_11,col_exit,2064,167.9,1,0
1080,goal_11,col_retorno,2438,313.05,1,1
1081,goal_11,col_exit,2065,168.36,1,0
1082,goal_11,col_retorno,2431,312.01,1,1
1083,goal_11,col_exit,2072,168.6,1,0
1084,goal_11,col_retorno,2433,312.7,1,1
1085,goal_11,col_exit,2068,168.48,1,0
1086,goal_11,col_retorno,2437,313.01,1,1
1087,goal_11,col_exit,2064,166.94,1,0
1088,goal_11,col_retorno,2441,313.36,1,1
1089,goal_11,exito,2790,606.15,1,1
1090,goal_11,col_retorno,2428,311.05,1,1
1091,goal_11,exito,2778,607.47,1,1
1092,goal_11,exito,2789,611.25,1,1
1093,goal_11,exito,2789,613.72,1,1
1094,goal_11,exito,2781,608.11,1,1
1095,goal_11,exito,2780,607.9,1,1
1096,goal_11,exito,2800,612.88,1,1
1097,goal_11,exito,2787,612.65,1,1
1098,goal_11,col_exit,2074,168.97,1,0
1099,goal_11,col_retorno,2420,311.07,1,1
1100,goal_11,col_exit,2073,168.64,1,0
1101,goal_12,exito,2571,580.42,1,1
1102,goal_12,col_retorno,2243,280.8,1,1
1103,goal_12,col_retorno,2259,278.47,1,1
1104,goal_12,col_retorno,2239,279.95,1,1
1105,goal_12,col_retorno,2246,280.08,1,1
1106,goal_12,col_retorno,2254,279.81,1,1
1107,goal_12,col_retorno,2241,279.98,1,1
1108,goal_12,col_retorno,2261,281.55,1,1
1109,goal_12,col_retorno,2241,279.16,1,1
1110,goal_12,col_retorno,2261,281.17,1,1
1111,goal_12,col_retorno,2239,280.72,1,1
1112,goal_12,col_retorno,2263,277.52,1,1
1113,goal_12,col_retorno,2238,281.59,1,1
1114,goal_12,col_retorno,2257,278.88,1,1
1115,goal_12,col_retorno,2239,280.39,1,1
1116,goal_12,col_retorno,2245,280.37,1,1
1117,goal_12,col_retorno,2254,279.81,1,1
1118,goal_12,col_retorno,2241,279.97,1,1
1119,goal_12,col_retorno,2261,281.55,1,1
1120,goal_12,col_retorno,2241,279.16,1,1
1121,goal_12,col_retorno,2261,281.04,1,1
1122,goal_12,col_retorno,2239,280.72,1,1
1123,goal_12,col_retorno,2263,277.51,1,1
1124,goal_12,col_retorno,2238,281.59,1,1
1125,goal_12,col_retorno,2257,278.85,1,1
1126,goal_12,col_retorno,2239,280.38,1,1
1127,goal_12,col_retorno,2245,280.37,1,1
1128,goal_12,col_retorno,2254,279.81,1,1
1129,goal_12,col_retorno,2241,279.97,1,1
1130,goal_12,col_retorno,2261,281.71,1,1
1131,goal_12,col_retorno,2241,279.23,1,1
1132,goal_12,col_retorno,2261,281.05,1,1
1133,goal_12,col_retorno,2239,280.72,1,1
1134,goal_12,col_retorno,2263,277.54,1,1
1135,goal_12,col_retorno,2238,281.59,1,1
1136,goal_12,col_retorno,2257,278.85,1,1
1137,goal_12,col_retorno,2239,280.38,1,1
1138,goal_12,col_retorno,2245,280.37,1,1
1139,goal_12,col_retorno,2254,279.82,1,1
1140,goal_12,col_retorno,2241,279.98,1,1
1141,goal_12,col_retorno,2261,281.7,1,1
1142,goal_12,col_retorno,2241,279.23,1,1
1143,goal_12,col_retorno,2261,281.05,1,1
1144,goal_12,col_retorno,2239,280.72,1,1
1145,goal_12,col_retorno,2263,277.54,1,1
1146,goal_12,col_retorno,2238,281.59,1,1
1147,goal_12,col_retorno,2257,278.88,1,1
1148,goal_12,col_retorno,2239,280.38,1,1
1149,goal_12,col_retorno,2245,280.4,1,1
1150,goal_12,col_retorno,2254,279.81,1,1
1151,goal_12,col_retorno,2241,279.99,1,1
1152,goal_12,col_retorno,2261,281.7,1,1
1153,goal_12,col_retorno,2241,279.23,1,1
1154,goal_12,col_retorno,2261,281.05,1,1
1155,goal_12,col_retorno,2239,280.81,1,1
1156,goal_12,col_retorno,2263,277.51,1,1
1157,goal_12,col_retorno,2238,281.59,1,1
1158,goal_12,col_retorno,2257,278.83,1,1
1159,goal_12,col_retorno,2239,280.38,1,1
1160,goal_12,col_retorno,2245,280.39,1,1
1161,goal_12,col_retorno,2254,279.81,1,1
1162,goal_12,col_retorno,2241,279.9,1,1
1163,goal_12,col_retorno,2261,281.7,1,1
1164,goal_12,col_retorno,2241,279.23,1,1
1165,goal_12,col_retorno,2261,281.04,1,1
1166,goal_12,col_retorno,2239,280.81,1,1
1167,goal_12,col_retorno,2263,277.51,1,1
1168,goal_12,col_retorno,2238,281.59,1,1
1169,goal_12,col_retorno,2257,278.83,1,1
1170,goal_12,col_retorno,2239,280.39,1,1
1171,goal_12,col_retorno,2245,280.4,1,1
1172,goal_12,col_retorno,2254,279.76,1,1
1173,goal_12,col_retorno,2241,279.9,1,1
1174,goal_12,col_retorno,2261,281.5,1,1
1175,goal_12,col_retorno,2241,279.23,1,1
1176,goal_12,col_retorno,2261,281.04,1,1
1177,goal_12,col_retorno,2239,280.75,1,1
1178,goal_12,col_retorno,2263,277.52,1,1
1179,goal_12,col_retorno,2238,281.59,1,1
1180,goal_12,col_retorno,2257,278.83,1,1
1181,goal_12,col_retorno,2239,280.39,1,1
1182,goal_12,col_retorno,2245,280.4,1,1
1183,goal_12,col_retorno,2254,279.76,1,1
1184,goal_12,col_retorno,2241,279.99,1,1
1185,goal_12,col_retorno,2261,281.69,1,1
1186,goal_12,col_retorno,2241,279.16,1,1
1187,goal_12,col_retorno,2261,281.1,1,1
1188,goal_12,col_retorno,2239,280.72,1,1
1189,goal_12,col_retorno,2263,277.52,1,1
1190,goal_12,col_retorno,2238,281.6,1,1
1191,goal_12,col_retorno,2257,278.88,1,1
1192,goal_12,col_retorno,2239,280.4,1,1
1193,goal_12,col_retorno,2245,280.4,1,1
1194,goal_12,col_retorno,2254,279.76,1,1
1195,goal_12,col_retorno,2241,279.99,1,1
1196,goal_12,col_retorno,2261,281.7,1,1
1197,goal_12,col_retorno,2241,279.16,1,1
1198,goal_12,col_retorno,2261,281.11,1,1
1199,goal_12,col_retorno,2239,280.72,1,1
1200,goal_12,col_retorno,2263,277.52,1,1
1201,goal_13,exito,2307,544.44,1,1
1202,goal_13,exito,2319,546.4,1,1
1203,goal_13,col_retorno,1978,251.34,1,1
1204,goal_13,exito,2312,544.58,1,1
1205,goal_13,exito,2311,543.55,1,1
1206,goal_13,exito,2314,544.36,1,1
1207,goal_13,exito,2312,545.61,1,1
1208,goal_13,col_retorno,2034,258.77,1,1
1209,goal_13,exito,2311,543.89,1,1
1210,goal_13,exito,2313,544.55,1,1
1211,goal_13,exito,2311,545.23,1,1
1212,goal_13,exito,2317,546.68,1,1
1213,goal_13,col_retorno,1957,249.94,1,1
1214,goal_13,exito,2316,543.48,1,1
1215,goal_13,exito,2310,544.0,1,1
1216,goal_13,exito,2312,545.17,1,1
1217,goal_13,exito,2315,546.09,1,1
1218,goal_13,col_retorno,2006,254.81,1,1
1219,goal_13,exito,2312,544.0,1,1
1220,goal_13,exito,2311,543.64,1,1
1221,goal_13,exito,2311,544.83,1,1
1222,goal_13,exito,2319,546.54,1,1
1223,goal_13,col_retorno,1970,249.79,1,1
1224,goal_13,exito,2312,544.63,1,1
1225,goal_13,exito,2310,543.94,1,1
1226,goal_13,exito,2315,544.33,1,1
1227,goal_13,exito,2312,545.36,1,1
1228,goal_13,col_retorno,2052,260.67,1,1
1229,goal_13,exito,2311,543.86,1,1
1230,goal_13,exito,2314,544.61,1,1
1231,goal_13,exito,2311,545.04,1,1
1232,goal_13,col_retorno,2096,266.52,1,1
1233,goal_13,exito,2310,543.5,1,1
1234,goal_13,exito,2311,545.0,1,1
1235,goal_13,exito,2316,546.37,1,1
1236,goal_13,col_retorno,1972,250.16,1,1
1237,goal_13,exito,2312,544.67,1,1
1238,goal_13,exito,2311,543.74,1,1
1239,goal_13,exito,2316,544.38,1,1
1240,goal_13,exito,2312,545.67,1,1
1241,goal_13,col_retorno,2032,258.53,1,1
1242,goal_13,exito,2310,543.93,1,1
1243,goal_13,exito,2313,544.47,1,1
1244,goal_13,exito,2311,545.21,1,1
1245,goal_13,exito,2315,546.58,1,1
1246,goal_13,col_retorno,1962,250.59,1,1
1247,goal_13,exito,2316,543.58,1,1
1248,goal_13,exito,2310,543.84,1,1
1249,goal_13,exito,2312,545.15,1,1
1250,goal_13,exito,2316,546.03,1,1
1251,goal_13,col_retorno,2003,254.16,1,1
1252,goal_13,exito,2312,544.19,1,1
1253,goal_13,exito,2311,543.6,1,1
1254,goal_13,exito,2310,544.61,1,1
1255,goal_13,exito,2319,546.39,1,1
1256,goal_13,col_retorno,1972,250.24,1,1
1257,goal_13,exito,2311,544.47,1,1
1258,goal_13,exito,2310,543.91,1,1
1259,goal_13,exito,2314,543.89,1,1
1260,goal_13,exito,2311,545.14,1,1
1261,goal_13,col_retorno,2057,261.53,1,1
1262,goal_13,exito,2310,543.35,1,1
1263,goal_13,exito,2314,544.65,1,1
1264,goal_13,exito,2311,545.06,1,1
1265,goal_13,col_retorno,2093,265.97,1,1
1266,goal_13,exito,2311,543.37,1,1
1267,goal_13,exito,2311,544.99,1,1
1268,goal_13,exito,2316,546.35,1,1
1269,goal_13,col_retorno,1974,250.54,1,1
1270,goal_13,exito,2312,544.58,1,1
1271,goal_13,exito,2311,543.67,1,1
1272,goal_13,exito,2314,544.35,1,1
1273,goal_13,exito,2312,545.6,1,1
1274,goal_13,col_retorno,2034,258.77,1,1
1275,goal_13,exito,2311,543.89,1,1
1276,goal_13,exito,2313,544.55,1,1
1277,goal_13,exito,2311,545.23,1,1
1278,goal_13,exito,2317,546.7,1,1
1279,goal_13,col_retorno,1958,250.12,1,1
1280,goal_13,exito,2316,543.56,1,1
1281,goal_13,exito,2310,543.83,1,1
1282,goal_13,exito,2312,545.15,1,1
1283,goal_13,exito,2316,546.05,1,1
1284,goal_13,col_retorno,2003,254.16,1,1
1285,goal_13,exito,2312,544.21,1,1
1286,goal_13,exito,2311,543.6,1,1
1287,goal_13,exito,2310,544.61,1,1
1288,goal_13,exito,2319,546.39,1,1
1289,goal_13,col_retorno,1972,250.23,1,1
1290,goal_13,exito,2312,544.61,1,1
1291,goal_13,exito,2310,543.94,1,1
1292,goal_13,exito,2315,544.33,1,1
1293,goal_13,exito,2312,545.38,1,1
1294,goal_13,col_retorno,2052,260.66,1,1
1295,goal_13,exito,2311,543.86,1,1
1296,goal_13,exito,2314,544.61,1,1
1297,goal_13,exito,2311,545.06,1,1
1298,goal_13,col_retorno,2096,266.54,1,1
1299,goal_13,exito,2310,543.5,1,1
1300,goal_13,exito,2311,545.0,1,1
1301,goal_14,col_exit,1536,91.42,1,0
1302,goal_14,col_exit,1524,88.63,1,0
1303,goal_14,col_exit,1515,87.5,1,0
1304,goal_14,col_exit,1516,88.2,1,0
1305,goal_14,col_exit,1489,83.19,1,0
1306,goal_14,col_exit,1503,85.29,1,0
1307,goal_14,col_exit,1515,83.96,1,0
1308,goal_14,col_exit,1487,82.53,1,0
1309,goal_14,col_exit,1502,85.03,1,0
1310,goal_14,col_exit,1509,82.15,1,0
1311,goal_14,col_exit,1489,82.58,1,0
1312,goal_14,col_exit,1505,85.48,1,0
1313,goal_14,col_exit,1487,83.66,1,0
1314,goal_14,col_exit,1498,84.43,1,0
1315,goal_14,col_exit,1511,86.58,1,0
1316,goal_14,col_exit,1486,83.69,1,0
1317,goal_14,col_exit,1500,84.74,1,0
1318,goal_14,col_exit,1509,86.26,1,0
1319,goal_14,col_exit,1491,84.11,1,0
1320,goal_14,col_exit,1503,85.32,1,0
1321,goal_14,col_exit,1510,82.07,1,0
1322,goal_14,col_exit,1489,83.67,1,0
1323,goal_14,col_exit,1504,85.29,1,0
1324,goal_14,col_exit,1487,82.61,1,0
1325,goal_14,col_exit,1498,85.29,1,0
1326,goal_14,col_exit,1510,86.52,1,0
1327,goal_14,col_exit,1488,82.89,1,0
1328,goal_14,col_exit,1500,85.66,1,0
1329,goal_14,col_exit,1510,84.13,1,0
1330,goal_14,col_exit,1491,83.41,1,0
1331,goal_14,col_exit,1503,86.1,1,0
1332,goal_14,col_exit,1508,81.79,1,0
1333,goal_14,col_exit,1491,82.57,1,0
1334,goal_14,col_exit,1504,86.4,1,0
1335,goal_14,col_exit,1486,82.63,1,0
1336,goal_14,col_exit,1500,84.85,1,0
1337,goal_14,col_exit,1509,87.19,1,0
1338,goal_14,col_exit,1487,82.81,1,0
1339,goal_14,col_exit,1501,84.76,1,0
1340,goal_14,col_exit,1514,82.74,1,0
1341,goal_14,col_exit,1487,82.45,1,0
1342,goal_14,col_exit,1502,85.04,1,0
1343,goal_14,col_exit,1509,82.15,1,0
1344,goal_14,col_exit,1489,82.53,1,0
1345,goal_14,col_exit,1505,85.48,1,0
1346,goal_14,col_exit,1487,83.66,1,0
1347,goal_14,col_exit,1498,84.38,1,0
1348,goal_14,col_exit,1511,86.6,1,0
1349,goal_14,col_exit,1486,83.69,1,0
1350,goal_14,col_exit,1500,84.74,1,0
1351,goal_14,col_exit,1509,86.23,1,0
1352,goal_14,col_exit,1491,84.12,1,0
1353,goal_14,col_exit,1503,85.32,1,0
1354,goal_14,col_exit,1510,82.07,1,0
1355,goal_14,col_exit,1489,83.67,1,0
1356,goal_14,col_exit,1504,85.27,1,0
1357,goal_14,col_exit,1487,82.61,1,0
1358,goal_14,col_exit,1498,85.29,1,0
1359,goal_14,col_exit,1510,86.52,1,0
1360,goal_14,col_exit,1488,82.89,1,0
1361,goal_14,col_exit,1500,85.66,1,0
1362,goal_14,col_exit,1510,84.13,1,0
1363,goal_14,col_exit,1491,83.4,1,0
1364,goal_14,col_exit,1503,86.1,1,0
1365,goal_14,col_exit,1508,81.79,1,0
1366,goal_14,col_exit,1491,82.58,1,0
1367,goal_14,col_exit,1504,86.45,1,0
1368,goal_14,col_exit,1486,82.63,1,0
1369,goal_14,col_exit,1500,84.86,1,0
1370,goal_14,col_exit,1509,87.19,1,0
1371,goal_14,col_exit,1487,82.82,1,0
1372,goal_14,col_exit,1501,84.77,1,0
1373,goal_14,col_exit,1514,82.73,1,0
1374,goal_14,col_exit,1487,82.45,1,0
1375,goal_14,col_exit,1502,85.15,1,0
1376,goal_14,col_exit,1509,82.15,1,0
1377,goal_14,col_exit,1489,82.58,1,0
1378,goal_14,col_exit,1505,85.48,1,0
1379,goal_14,col_exit,1487,83.66,1,0
1380,goal_14,col_exit,1498,84.37,1,0
1381,goal_14,col_exit,1511,86.59,1,0
1382,goal_14,col_exit,1486,83.69,1,0
1383,goal_14,col_exit,1500,84.74,1,0
1384,goal_14,col_exit,1509,86.24,1,0
1385,goal_14,col_exit,1491,84.12,1,0
1386,goal_14,col_exit,1503,85.32,1,0
1387,goal_14,col_exit,1510,80.65,1,0
1388,goal_14,col_exit,1490,83.73,1,0
1389,goal_14,col_exit,1503,85.11,1,0
1390,goal_14,col_exit,1487,82.61,1,0
1391,goal_14,col_exit,1498,85.3,1,0
1392,goal_14,col_exit,1510,86.52,1,0
1393,goal_14,col_exit,1488,82.89,1,0
1394,goal_14,col_exit,1500,85.66,1,0
1395,goal_14,col_exit,1510,84.13,1,0
1396,goal_14,col_exit,1491,83.41,1,0
1397,goal_14,col_exit,1503,86.1,1,0
1398,goal_14,col_exit,1508,81.79,1,0
1399,goal_14,col_exit,1491,82.55,1,0
1400,goal_14,col_exit,1504,86.4,1,0
1401,goal_15,col_exit,1380,70.39,1,0
1402,goal_15,col_exit,1452,81.64,1,0
1403,goal_15,col_exit,1484,75.23,1,0
1404,goal_15,col_exit,1448,77.64,1,0
1405,goal_15,col_exit,1263,53.43,1,0
1406,goal_15,col_exit,1254,49.55,1,0
1407,goal_15,col_exit,1377,70.65,1,0
1408,goal_15,col_exit,1437,79.81,1,0
1409,goal_15,col_exit,1467,79.91,1,0
1410,goal_15,col_exit,1443,77.13,1,0
1411,goal_15,col_exit,1268,53.82,1,0
1412,goal_15,col_exit,1248,49.22,1,0
1413,goal_15,col_exit,1380,69.12,1,0
1414,goal_15,col_exit,1429,79.64,1,0
1415,goal_15,col_exit,1477,77.76,1,0
1416,goal_15,col_exit,1335,61.61,1,0
1417,goal_15,exito,2688,595.44,1,1
1418,goal_15,col_exit,1339,63.12,1,0
1419,goal_15,col_exit,1419,78.11,1,0
1420,goal_15,col_exit,1464,77.41,1,0
1421,goal_15,col_exit,1448,77.54,1,0
1422,goal_15,col_exit,1262,53.31,1,0
1423,goal_15,col_exit,1253,49.45,1,0
1424,goal_15,col_exit,1376,70.7,1,0
1425,goal_15,col_exit,1437,79.81,1,0
1426,goal_15,col_exit,1467,79.9,1,0
1427,goal_15,col_exit,1443,77.13,1,0
1428,goal_15,col_exit,1268,53.82,1,0
1429,goal_15,col_exit,1248,49.22,1,0
1430,goal_15,col_exit,1380,69.12,1,0
1431,goal_15,col_exit,1429,79.64,1,0
1432,goal_15,col_exit,1477,77.8,1,0
1433,goal_15,col_exit,1335,61.64,1,0
1434,goal_15,exito,2687,595.23,1,1
1435,goal_15,col_exit,1339,63.14,1,0
1436,goal_15,col_exit,1419,78.09,1,0
1437,goal_15,col_exit,1464,78.14,1,0
1438,goal_15,col_exit,1446,77.48,1,0
1439,goal_15,col_exit,1263,53.43,1,0
1440,goal_15,col_exit,1254,49.56,1,0
1441,goal_15,col_exit,1377,70.65,1,0
1442,goal_15,col_exit,1437,79.81,1,0
1443,goal_15,col_exit,1467,79.89,1,0
1444,goal_15,col_exit,1443,77.13,1,0
1445,goal_15,col_exit,1268,53.82,1,0
1446,goal_15,col_exit,1248,49.23,1,0
1447,goal_15,col_exit,1380,69.12,1,0
1448,goal_15,col_exit,1429,79.63,1,0
1449,goal_15,col_exit,1477,77.8,1,0
1450,goal_15,col_exit,1336,61.83,1,0
1451,goal_15,exito,2687,595.29,1,1
1452,goal_15,col_exit,1339,63.12,1,0
1453,goal_15,col_exit,1419,78.1,1,0
1454,goal_15,col_exit,1464,77.31,1,0
1455,goal_15,col_exit,1448,77.54,1,0
1456,goal_15,col_exit,1262,53.31,1,0
1457,goal_15,col_exit,1253,49.43,1,0
1458,goal_15,col_exit,1376,70.7,1,0
1459,goal_15,col_exit,1437,79.81,1,0
1460,goal_15,col_exit,1467,79.89,1,0
1461,goal_15,col_exit,1443,77.14,1,0
1462,goal_15,col_exit,1268,53.82,1,0
1463,goal_15,col_exit,1248,49.22,1,0
1464,goal_15,col_exit,1380,69.12,1,0
1465,goal_15,col_exit,1429,79.63,1,0
1466,goal_15,col_exit,1477,77.77,1,0
1467,goal_15,col_exit,1335,61.64,1,0
1468,goal_15,exito,2687,595.39,1,1
1469,goal_15,col_exit,1339,63.13,1,0
1470,goal_15,col_exit,1419,78.08,1,0
1471,goal_15,col_exit,1464,78.15,1,0
1472,goal_15,col_exit,1446,77.48,1,0
1473,goal_15,col_exit,1263,53.43,1,0
1474,goal_15,col_exit,1254,49.55,1,0
1475,goal_15,col_exit,1377,70.65,1,0
1476,goal_15,col_exit,1437,79.81,1,0
1477,goal_15,col_exit,1467,79.9,1,0
1478,goal_15,col_exit,1443,77.13,1,0
1479,goal_15,col_exit,1268,53.82,1,0
1480,goal_15,col_exit,1248,49.23,1,0
1481,goal_15,col_exit,1380,69.91,1,0
1482,goal_15,col_exit,1429,79.63,1,0
1483,goal_15,col_exit,1477,77.76,1,0
1484,goal_15,col_exit,1335,61.61,1,0
1485,goal_15,exito,2687,595.37,1,1
1486,goal_15,col_exit,1339,63.13,1,0
1487,goal_15,col_exit,1419,78.12,1,0
1488,goal_15,col_exit,1464,78.15,1,0
1489,goal_15,col_exit,1446,77.48,1,0
1490,goal_15,col_exit,1263,53.43,1,0
1491,goal_15,col_exit,1254,49.55,1,0
1492,goal_15,col_exit,1377,70.65,1,0
1493,goal_15,col_exit,1437,79.81,1,0
1494,goal_15,col_exit,1467,79.91,1,0
1495,goal_15,col_exit,1443,77.14,1,0
1496,goal_15,col_exit,1268,53.82,1,0
1497,goal_15,col_exit,1248,49.25,1,0
1498,goal_15,col_exit,1380,69.11,1,0
1499,goal_15,col_exit,1429,79.64,1,0
1500,goal_15,col_exit,1477,77.8,1,0
1501,goal_16,col_retorno,2214,284.91,1,1
1502,goal_16,exito,2424,563.77,1,1
1503,goal_16,col_retorno,2105,264.44,1,1
1504,goal_16,col_retorno,2176,280.15,1,1
1505,goal_16,exito,2425,563.3,1,1
1506,goal_16,col_retorno,2007,256.86,1,1
1507,goal_16,exito,2423,562.11,1,1
1508,goal_16,col_retorno,2117,272.67,1,1
1509,goal_16,exito,2429,563.59,1,1
1510,goal_16,col_retorno,2019,260.26,1,1
1511,goal_16,exito,2423,561.26,1,1
1512,goal_16,col_retorno,2086,268.28,1,1
1513,goal_16,exito,2424,561.75,1,1
1514,goal_16,col_retorno,2080,267.12,1,1
1515,goal_16,exito,2425,561.67,1,1
1516,goal_16,col_retorno,2079,267.41,1,1
1517,goal_16,exito,2426,561.38,1,1
1518,goal_16,col_retorno,2079,268.24,1,1
1519,goal_16,exito,2430,560.49,1,1
1520,goal_16,col_retorno,2044,263.32,1,1
1521,goal_16,exito,2423,562.24,1,1
1522,goal_16,col_retorno,2084,267.77,1,1
1523,goal_16,exito,2420,562.1,1,1
1524,goal_16,col_retorno,2084,267.9,1,1
1525,goal_16,exito,2422,562.49,1,1
1526,goal_16,col_retorno,2081,267.92,1,1
1527,goal_16,exito,2423,562.17,1,1
1528,goal_16,col_retorno,2075,267.48,1,1
1529,goal_16,exito,2423,562.58,1,1
1530,goal_16,col_retorno,2055,264.47,1,1
1531,goal_16,exito,2423,562.25,1,1
1532,goal_16,col_retorno,2080,266.98,1,1
1533,goal_16,exito,2424,562.02,1,1
1534,goal_16,col_retorno,2073,266.59,1,1
1535,goal_16,exito,2423,561.28,1,1
1536,goal_16,col_retorno,2082,267.51,1,1
1537,goal_16,exito,2425,561.64,1,1
1538,goal_16,col_retorno,2079,267.39,1,1
1539,goal_16,exito,2426,561.54,1,1
1540,goal_16,col_retorno,2079,268.26,1,1
1541,goal_16,exito,2430,560.49,1,1
1542,goal_16,col_retorno,2044,263.32,1,1
1543,goal_16,exito,2423,562.27,1,1
1544,goal_16,col_retorno,2084,267.76,1,1
1545,goal_16,exito,2420,562.02,1,1
1546,goal_16,col_retorno,2084,267.9,1,1
1547,goal_16,exito,2422,562.49,1,1
1548,goal_16,col_retorno,2081,267.92,1,1
1549,goal_16,exito,2423,562.19,1,1
1550,goal_16,col_retorno,2075,267.48,1,1
1551,goal_16,exito,2423,562.57,1,1
1552,goal_16,col_retorno,2055,264.47,1,1
1553,goal_16,exito,2423,562.25,1,1
1554,goal_16,col_retorno,2081,267.24,1,1
1555,goal_16,exito,2422,561.29,1,1
1556,goal_16,col_retorno,2074,266.09,1,1
1557,goal_16,exito,2423,561.24,1,1
1558,goal_16,col_retorno,2082,267.51,1,1
1559,goal_16,exito,2425,561.62,1,1
1560,goal_16,col_retorno,2079,267.39,1,1
1561,goal_16,exito,2426,561.52,1,1
1562,goal_16,col_retorno,2079,268.24,1,1
1563,goal_16,exito,2430,560.5,1,1
1564,goal_16,col_retorno,2044,263.36,1,1
1565,goal_16,exito,2423,562.24,1,1
1566,goal_16,col_retorno,2084,267.76,1,1
1567,goal_16,exito,2420,562.12,1,1
1568,goal_16,col_retorno,2084,267.9,1,1
1569,goal_16,exito,2422,562.49,1,1
1570,goal_16,col_retorno,2081,267.92,1,1
1571,goal_16,exito,2423,562.19,1,1
1572,goal_16,col_retorno,2075,267.48,1,1
1573,goal_16,exito,2423,562.58,1,1
1574,goal_16,col_retorno,2055,264.48,1,1
1575,goal_16,exito,2423,562.25,1,1
1576,goal_16,col_retorno,2080,266.98,1,1
1577,goal_16,exito,2424,562.0,1,1
1578,goal_16,col_retorno,2073,266.58,1,1
1579,goal_16,exito,2425,561.73,1,1
1580,goal_16,col_retorno,2080,267.13,1,1
1581,goal_16,exito,2425,561.67,1,1
1582,goal_16,col_retorno,2079,267.39,1,1
1583,goal_16,exito,2426,561.54,1,1
1584,goal_16,col_retorno,2079,268.24,1,1
1585,goal_16,exito,2430,560.5,1,1
1586,goal_16,col_retorno,2044,263.36,1,1
1587,goal_16,exito,2423,562.27,1,1
1588,goal_16,col_retorno,2084,267.76,1,1
1589,goal_16,exito,2420,562.02,1,1
1590,goal_16,col_retorno,2084,267.91,1,1
1591,goal_16,exito,2422,562.5,1,1
1592,goal_16,col_retorno,2081,267.92,1,1
1593,goal_16,exito,2423,562.17,1,1
1594,goal_16,col_retorno,2075,267.5,1,1
1595,goal_16,exito,2423,562.56,1,1
1596,goal_16,col_retorno,2055,264.48,1,1
1597,goal_16,exito,2423,562.24,1,1
1598,goal_16,col_retorno,2080,266.98,1,1
1599,goal_16,exito,2424,562.02,1,1
1600,goal_16,col_retorno,2073,266.58,1,1
1601,goal_17,col_retorno,1191,139.0,1,1
1602,goal_17,col_approach,447,-103.14,0,0
1603,goal_17,col_approach,513,-95.41,0,0
1604,goal_17,exito,1495,430.1,1,1
1605,goal_17,exito,1497,430.97,1,1
1606,goal_17,col_retorno,1198,137.49,1,1
1607,goal_17,col_approach,392,-110.13,0,0
1608,goal_17,col_retorno,1194,140.23,1,1
1609,goal_17,col_approach,438,-102.81,0,0
1610,goal_17,exito,1487,430.46,1,1
1611,goal_17,exito,1490,431.73,1,1
1612,goal_17,col_retorno,1182,132.48,1,1
1613,goal_17,exito,1509,433.24,1,1
1614,goal_17,col_retorno,1196,140.79,1,1
1615,goal_17,col_approach,440,-104.39,0,0
1616,goal_17,exito,1486,430.84,1,1
1617,goal_17,exito,1498,429.7,1,1
1618,goal_17,exito,1493,430.71,1,1
1619,goal_17,exito,1490,430.9,1,1
1620,goal_17,exito,1500,430.29,1,1
1621,goal_17,exito,1502,429.57,1,1
1622,goal_17,exito,1493,430.19,1,1
1623,goal_17,exito,1500,430.09,1,1
1624,goal_17,exito,1505,428.8,1,1
1625,goal_17,exito,1492,430.26,1,1
1626,goal_17,exito,1497,430.97,1,1
1627,goal_17,col_retorno,1190,133.98,1,1
1628,goal_17,col_approach,406,-112.85,0,0
1629,goal_17,col_retorno,1187,138.69,1,1
1630,goal_17,col_approach,430,-103.61,0,0
1631,goal_17,exito,1485,430.5,1,1
1632,goal_17,exito,1492,431.13,1,1
1633,goal_17,exito,1496,428.6,1,1
1634,goal_17,exito,1491,429.69,1,1
1635,goal_17,exito,1494,430.37,1,1
1636,goal_17,col_retorno,1180,133.49,1,1
1637,goal_17,exito,1517,431.73,1,1
1638,goal_17,col_retorno,1205,142.22,1,1
1639,goal_17,col_approach,454,-103.12,0,0
1640,goal_17,exito,1486,430.7,1,1
1641,goal_17,exito,1492,430.83,1,1
1642,goal_17,col_retorno,1182,137.53,1,1
1643,goal_17,col_approach,388,-110.91,0,0
1644,goal_17,col_retorno,1213,142.31,1,1
1645,goal_17,col_approach,432,-104.0,0,0
1646,goal_17,col_retorno,1267,148.77,1,1
1647,goal_17,col_retorno,1193,138.67,1,1
1648,goal_17,col_approach,390,-110.53,0,0
1649,goal_17,col_retorno,1191,139.51,1,1
1650,goal_17,col_approach,439,-102.73,0,0
1651,goal_17,exito,1488,430.28,1,1
1652,goal_17,exito,1490,431.64,1,1
1653,goal_17,col_retorno,1180,132.75,1,1
1654,goal_17,exito,1509,433.25,1,1
1655,goal_17,col_retorno,1196,140.79,1,1
1656,goal_17,col_approach,440,-104.39,0,0
1657,goal_17,exito,1486,430.85,1,1
1658,goal_17,exito,1498,429.69,1,1
1659,goal_17,exito,1493,430.66,1,1
1660,goal_17,exito,1490,430.9,1,1
1661,goal_17,exito,1499,430.46,1,1
1662,goal_17,exito,1502,429.4,1,1
1663,goal_17,exito,1494,429.94,1,1
1664,goal_17,exito,1500,430.11,1,1
1665,goal_17,exito,1505,428.8,1,1
1666,goal_17,exito,1492,430.19,1,1
1667,goal_17,exito,1497,431.0,1,1
1668,goal_17,col_retorno,1190,133.98,1,1
1669,goal_17,col_approach,406,-112.85,0,0
1670,goal_17,col_retorno,1187,138.69,1,1
1671,goal_17,col_approach,430,-103.61,0,0
1672,goal_17,exito,1485,430.55,1,1
1673,goal_17,exito,1492,431.13,1,1
1674,goal_17,exito,1496,429.64,1,1
1675,goal_17,exito,1491,429.7,1,1
1676,goal_17,exito,1494,430.36,1,1
1677,goal_17,col_retorno,1180,133.69,1,1
1678,goal_17,exito,1517,431.76,1,1
1679,goal_17,col_retorno,1205,142.22,1,1
1680,goal_17,col_approach,454,-103.07,0,0
1681,goal_17,exito,1486,430.71,1,1
1682,goal_17,exito,1492,430.78,1,1
1683,goal_17,col_retorno,1182,137.53,1,1
1684,goal_17,col_approach,388,-110.91,0,0
1685,goal_17,col_retorno,1214,141.8,1,1
1686,goal_17,col_approach,433,-103.8,0,0
1687,goal_17,col_approach,516,-94.98,0,0
1688,goal_17,exito,1492,430.82,1,1
1689,goal_17,exito,1497,430.94,1,1
1690,goal_17,col_retorno,1191,133.47,1,1
1691,goal_17,col_approach,406,-112.85,0,0
1692,goal_17,col_retorno,1187,138.69,1,1
1693,goal_17,col_approach,430,-103.62,0,0
1694,goal_17,exito,1485,430.49,1,1
1695,goal_17,exito,1492,431.13,1,1
1696,goal_17,exito,1496,428.7,1,1
1697,goal_17,exito,1491,429.7,1,1
1698,goal_17,exito,1494,430.37,1,1
1699,goal_17,col_retorno,1180,133.66,1,1
1700,goal_17,exito,1517,431.75,1,1
1701,goal_18,exito,1690,454.08,1,1
1702,goal_18,exito,1683,453.33,1,1
1703,goal_18,col_approach,510,-96.91,0,0
1704,goal_18,col_retorno,1370,159.02,1,1
1705,goal_18,exito,1689,455.05,1,1
1706,goal_18,exito,1682,454.08,1,1
1707,goal_18,exito,1705,452.92,1,1
1708,goal_18,col_approach,385,-112.46,0,0
1709,goal_18,exito,1683,454.04,1,1
1710,goal_18,col_approach,477,-100.57,0,0
1711,goal_18,exito,1685,453.06,1,1
1712,goal_18,col_retorno,1377,152.55,1,1
1713,goal_18,exito,1682,454.65,1,1
1714,goal_18,exito,1710,451.92,1,1
1715,goal_18,col_approach,383,-111.27,0,0
1716,goal_18,exito,1685,453.74,1,1
1717,goal_18,col_approach,480,-103.04,0,0
1718,goal_18,exito,1680,453.76,1,1
1719,goal_18,col_retorno,1356,155.44,1,1
1720,goal_18,exito,1685,453.93,1,1
1721,goal_18,exito,1701,453.92,1,1
1722,goal_18,col_approach,401,-110.08,0,0
1723,goal_18,exito,1686,452.97,1,1
1724,goal_18,col_approach,466,-102.08,0,0
1725,goal_18,col_retorno,1372,154.65,1,1
1726,goal_18,exito,1687,456.11,1,1
1727,goal_18,exito,1686,453.7,1,1
1728,goal_18,exito,1702,453.31,1,1
1729,goal_18,col_approach,402,-113.88,0,0
1730,goal_18,exito,1696,451.55,1,1
1731,goal_18,col_approach,455,-103.19,0,0
1732,goal_18,col_retorno,1372,154.75,1,1
1733,goal_18,exito,1687,455.75,1,1
1734,goal_18,exito,1686,453.27,1,1
1735,goal_18,exito,1704,453.55,1,1
1736,goal_18,col_approach,384,-113.2,0,0
1737,goal_18,exito,1689,452.7,1,1
1738,goal_18,col_approach,468,-101.45,0,0
1739,goal_18,col_retorno,1366,157.28,1,1
1740,goal_18,exito,1690,455.67,1,1
1741,goal_18,exito,1684,454.24,1,1
1742,goal_18,exito,1702,453.11,1,1
1743,goal_18,col_approach,388,-111.51,0,0
1744,goal_18,exito,1683,453.5,1,1
1745,goal_18,col_approach,478,-100.31,0,0
1746,goal_18,exito,1688,451.68,1,1
1747,goal_18,col_retorno,1377,154.32,1,1
1748,goal_18,exito,1680,454.6,1,1
1749,goal_18,exito,1706,452.36,1,1
1750,goal_18,col_approach,386,-110.89,0,0
1751,goal_18,exito,1683,453.85,1,1
1752,goal_18,col_approach,482,-101.32,0,0
1753,goal_18,exito,1684,453.6,1,1
1754,goal_18,col_retorno,1360,154.65,1,1
1755,goal_18,exito,1682,454.34,1,1
1756,goal_18,exito,1700,453.77,1,1
1757,goal_18,col_approach,398,-109.79,0,0
1758,goal_18,exito,1686,453.39,1,1
1759,goal_18,col_approach,485,-104.33,0,0
1760,goal_18,exito,1684,453.25,1,1
1761,goal_18,col_retorno,1355,155.02,1,1
1762,goal_18,exito,1682,454.59,1,1
1763,goal_18,exito,1701,453.23,1,1
1764,goal_18,col_approach,406,-112.06,0,0
1765,goal_18,exito,1690,452.28,1,1
1766,goal_18,col_approach,462,-102.11,0,0
1767,goal_18,col_retorno,1376,154.16,1,1
1768,goal_18,exito,1687,456.0,1,1
1769,goal_18,exito,1688,453.23,1,1
1770,goal_18,exito,1701,453.95,1,1
1771,goal_18,col_approach,398,-113.67,0,0
1772,goal_18,exito,1692,452.23,1,1
1773,goal_18,col_approach,460,-102.88,0,0
1774,goal_18,col_retorno,1371,156.47,1,1
1775,goal_18,exito,1687,455.47,1,1
1776,goal_18,exito,1687,452.99,1,1
1777,goal_18,exito,1705,453.11,1,1
1778,goal_18,col_approach,378,-112.52,0,0
1779,goal_18,exito,1691,452.24,1,1
1780,goal_18,col_approach,467,-101.63,0,0
1781,goal_18,col_retorno,1377,157.55,1,1
1782,goal_18,exito,1689,455.28,1,1
1783,goal_18,exito,1682,454.14,1,1
1784,goal_18,exito,1704,453.01,1,1
1785,goal_18,col_approach,386,-112.37,0,0
1786,goal_18,exito,1683,453.99,1,1
1787,goal_18,col_approach,478,-100.42,0,0
1788,goal_18,exito,1686,452.9,1,1
1789,goal_18,col_retorno,1377,152.56,1,1
1790,goal_18,exito,1682,454.62,1,1
1791,goal_18,exito,1710,451.94,1,1
1792,goal_18,col_approach,383,-111.25,0,0
1793,goal_18,exito,1685,453.73,1,1
1794,goal_18,col_approach,480,-103.04,0,0
1795,goal_18,exito,1680,453.73,1,1
1796,goal_18,col_retorno,1355,155.28,1,1
1797,goal_18,exito,1685,454.03,1,1
1798,goal_18,exito,1701,453.93,1,1
1799,goal_18,col_approach,402,-110.13,0,0
1800,goal_18,exito,1687,453.1,1,1
1801,goal_19,col_approach,468,-103.56,0,0
1802,goal_19,exito,1887,476.57,1,1
1803,goal_19,col_approach,414,-108.22,0,0
1804,goal_19,exito,1879,477.99,1,1
1805,goal_19,col_approach,396,-110.17,0,0
1806,goal_19,exito,1879,477.41,1,1
1807,goal_19,col_approach,395,-112.8,0,0
1808,goal_19,exito,1877,476.95,1,1
1809,goal_19,col_retorno,1583,187.26,1,1
1810,goal_19,col_approach,421,-105.26,0,0
1811,goal_19,exito,1884,477.18,1,1
1812,goal_19,col_retorno,1570,184.41,1,1
1813,goal_19,exito,1891,479.22,1,1
1814,goal_19,exito,1907,474.97,1,1
1815,goal_19,exito,1884,477.21,1,1
1816,goal_19,col_approach,419,-107.7,0,0
1817,goal_19,exito,1878,478.29,1,1
1818,goal_19,col_approach,408,-110.22,0,0
1819,goal_19,exito,1882,476.63,1,1
1820,goal_19,col_approach,375,-112.46,0,0
1821,goal_19,exito,1883,475.97,1,1
1822,goal_19,col_approach,376,-112.78,0,0
1823,goal_19,exito,1880,476.49,1,1
1824,goal_19,col_retorno,1608,185.22,1,1
1825,goal_19,col_retorno,1625,194.35,1,1
1826,goal_19,exito,1882,480.87,1,1
1827,goal_19,exito,1904,475.99,1,1
1828,goal_19,exito,1880,478.64,1,1
1829,goal_19,col_approach,426,-108.47,0,0
1830,goal_19,exito,1883,476.57,1,1
1831,goal_19,col_approach,383,-111.72,0,0
1832,goal_19,exito,1883,475.97,1,1
1833,goal_19,col_approach,375,-112.82,0,0
1834,goal_19,exito,1880,476.8,1,1
1835,goal_19,col_approach,377,-113.33,0,0
1836,goal_19,exito,1882,475.89,1,1
1837,goal_19,col_retorno,1598,185.65,1,1
1838,goal_19,col_retorno,1605,191.17,1,1
1839,goal_19,exito,1887,480.24,1,1
1840,goal_19,col_retorno,1600,184.28,1,1
1841,goal_19,col_approach,394,-109.79,0,0
1842,goal_19,exito,1879,477.4,1,1
1843,goal_19,col_approach,395,-112.8,0,0
1844,goal_19,exito,1877,476.95,1,1
1845,goal_19,col_retorno,1583,187.26,1,1
1846,goal_19,col_approach,421,-105.27,0,0
1847,goal_19,exito,1884,477.16,1,1
1848,goal_19,col_retorno,1570,184.29,1,1
1849,goal_19,exito,1891,479.21,1,1
1850,goal_19,exito,1907,474.97,1,1
1851,goal_19,exito,1884,477.17,1,1
1852,goal_19,col_approach,419,-107.67,0,0
1853,goal_19,exito,1878,478.29,1,1
1854,goal_19,col_approach,408,-110.22,0,0
1855,goal_19,exito,1882,476.63,1,1
1856,goal_19,col_approach,375,-112.46,0,0
1857,goal_19,exito,1880,476.66,1,1
1858,goal_19,col_approach,378,-112.33,0,0
1859,goal_19,exito,1880,476.4,1,1
1860,goal_19,col_retorno,1586,188.12,1,1
1861,goal_19,exito,1887,481.6,1,1
1862,goal_19,exito,1895,474.63,1,1
1863,goal_19,exito,1887,479.91,1,1
1864,goal_19,col_retorno,1586,183.56,1,1
1865,goal_19,col_approach,440,-104.39,0,0
1866,goal_19,exito,1882,478.51,1,1
1867,goal_19,col_approach,406,-110.18,0,0
1868,goal_19,exito,1884,476.09,1,1
1869,goal_19,col_approach,389,-110.46,0,0
1870,goal_19,exito,1881,476.65,1,1
1871,goal_19,col_approach,375,-112.24,0,0
1872,goal_19,exito,1883,475.87,1,1
1873,goal_19,col_approach,377,-112.83,0,0
1874,goal_19,exito,1878,476.72,1,1
1875,goal_19,col_retorno,1603,189.73,1,1
1876,goal_19,col_retorno,1622,193.8,1,1
1877,goal_19,exito,1883,481.02,1,1
1878,goal_19,exito,1906,475.97,1,1
1879,goal_19,exito,1878,478.37,1,1
1880,goal_19,col_approach,426,-106.95,0,0
1881,goal_19,exito,1882,477.28,1,1
1882,goal_19,col_approach,401,-114.11,0,0
1883,goal_19,exito,1879,476.69,1,1
1884,goal_19,col_approach,375,-112.7,0,0
1885,goal_19,exito,1877,477.0,1,1
1886,goal_19,col_approach,386,-114.92,0,0
1887,goal_19,exito,1885,476.55,1,1
1888,goal_19,col_retorno,1584,185.66,1,1
1889,goal_19,col_retorno,1598,190.23,1,1
1890,goal_19,exito,1886,480.24,1,1
1891,goal_19,col_retorno,1584,181.43,1,1
1892,goal_19,col_approach,404,-108.65,0,0
1893,goal_19,exito,1879,477.77,1,1
1894,goal_19,col_approach,400,-111.77,0,0
1895,goal_19,exito,1884,475.88,1,1
1896,goal_19,col_retorno,1581,187.3,1,1
1897,goal_19,col_approach,422,-105.3,0,0
1898,goal_19,exito,1887,475.93,1,1
1899,goal_19,col_retorno,1575,185.87,1,1
1900,goal_19,exito,1889,479.66,1,1
1901,goal_20,exito,2065,506.91,1,1
1902,goal_20,col_retorno,1775,206.29,1,1
1903,goal_20,col_approach,390,-110.83,0,0
1904,goal_20,col_retorno,1767,213.12,1,1
1905,goal_20,col_approach,432,-105.84,0,0
1906,goal_20,col_retorno,1802,218.56,1,1
1907,goal_20,col_approach,453,-103.04,0,0
1908,goal_20,col_retorno,1821,222.2,1,1
1909,goal_20,col_approach,427,-105.78,0,0
1910,goal_20,col_retorno,1800,218.06,1,1
1911,goal_20,col_approach,454,-104.83,0,0
1912,goal_20,col_retorno,1814,220.99,1,1
1913,goal_20,col_approach,431,-105.57,0,0
1914,goal_20,col_retorno,1801,217.75,1,1
1915,goal_20,col_approach,453,-106.23,0,0
1916,goal_20,col_retorno,1781,216.46,1,1
1917,goal_20,col_approach,445,-103.73,0,0
1918,goal_20,col_retorno,1808,217.29,1,1
1919,goal_20,col_approach,444,-104.75,0,0
1920,goal_20,col_retorno,1793,218.28,1,1
1921,goal_20,col_approach,451,-102.46,0,0
1922,goal_20,col_retorno,1844,225.03,1,1
1923,goal_20,col_approach,444,-109.58,0,0
1924,goal_20,col_retorno,1764,214.88,1,1
1925,goal_20,col_approach,451,-102.75,0,0
1926,goal_20,col_retorno,1820,221.97,1,1
1927,goal_20,col_approach,429,-105.37,0,0
1928,goal_20,col_retorno,1800,219.27,1,1
1929,goal_20,col_approach,453,-103.03,0,0
1930,goal_20,col_retorno,1821,222.33,1,1
1931,goal_20,col_approach,427,-105.78,0,0
1932,goal_20,col_retorno,1800,218.08,1,1
1933,goal_20,col_approach,454,-104.83,0,0
1934,goal_20,col_retorno,1814,220.99,1,1
1935,goal_20,col_approach,431,-105.56,0,0
1936,goal_20,col_retorno,1801,217.76,1,1
1937,goal_20,col_approach,453,-106.21,0,0
1938,goal_20,col_retorno,1781,216.47,1,1
1939,goal_20,col_approach,445,-103.03,0,0
1940,goal_20,col_retorno,1809,217.76,1,1
1941,goal_20,col_approach,454,-106.08,0,0
1942,goal_20,col_retorno,1782,216.76,1,1
1943,goal_20,col_approach,452,-102.59,0,0
1944,goal_20,col_retorno,1842,224.71,1,1
1945,goal_20,col_approach,445,-109.63,0,0
1946,goal_20,col_retorno,1764,214.87,1,1
1947,goal_20,col_approach,451,-102.76,0,0
1948,goal_20,col_retorno,1820,221.97,1,1
1949,goal_20,col_approach,429,-105.38,0,0
1950,goal_20,col_retorno,1801,218.44,1,1
1951,goal_20,col_approach,453,-103.08,0,0
1952,goal_20,col_retorno,1820,222.17,1,1
1953,goal_20,col_approach,427,-105.78,0,0
1954,goal_20,col_retorno,1800,218.06,1,1
1955,goal_20,col_approach,454,-104.87,0,0
1956,goal_20,col_retorno,1814,220.87,1,1
1957,goal_20,col_approach,431,-105.55,0,0
1958,goal_20,col_retorno,1801,217.76,1,1
1959,goal_20,col_approach,453,-106.21,0,0
1960,goal_20,col_retorno,1781,216.46,1,1
1961,goal_20,col_approach,445,-103.72,0,0
1962,goal_20,col_retorno,1809,217.57,1,1
1963,goal_20,col_approach,454,-106.12,0,0
1964,goal_20,col_retorno,1782,216.76,1,1
1965,goal_20,col_approach,452,-102.58,0,0
1966,goal_20,col_retorno,1842,224.72,1,1
1967,goal_20,col_approach,445,-109.63,0,0
1968,goal_20,col_retorno,1764,214.88,1,1
1969,goal_20,col_approach,451,-102.75,0,0
1970,goal_20,col_retorno,1820,222.32,1,1
1971,goal_20,col_approach,429,-105.37,0,0
1972,goal_20,col_retorno,1800,219.29,1,1
1973,goal_20,col_approach,453,-103.03,0,0
1974,goal_20,col_retorno,1821,222.28,1,1
1975,goal_20,col_approach,427,-105.77,0,0
1976,goal_20,col_retorno,1800,218.09,1,1
1977,goal_20,col_approach,454,-104.87,0,0
1978,goal_20,col_retorno,1814,220.87,1,1
1979,goal_20,col_approach,431,-105.56,0,0
1980,goal_20,col_retorno,1801,217.76,1,1
1981,goal_20,col_approach,453,-106.23,0,0
1982,goal_20,col_retorno,1781,216.46,1,1
1983,goal_20,col_approach,445,-103.73,0,0
1984,goal_20,col_retorno,1808,217.26,1,1
1985,goal_20,col_approach,444,-104.75,0,0
1986,goal_20,col_retorno,1793,218.3,1,1
1987,goal_20,col_approach,451,-102.46,0,0
1988,goal_20,col_retorno,1844,225.04,1,1
1989,goal_20,col_approach,444,-109.58,0,0
1990,goal_20,col_retorno,1764,214.88,1,1
1991,goal_20,col_approach,451,-102.76,0,0
1992,goal_20,col_retorno,1820,221.97,1,1
1993,goal_20,col_approach,429,-105.36,0,0
1994,goal_20,col_retorno,1800,219.28,1,1
1995,goal_20,col_approach,453,-103.03,0,0
1996,goal_20,col_retorno,1821,222.26,1,1
1997,goal_20,col_approach,427,-105.78,0,0
1998,goal_20,col_retorno,1800,218.08,1,1
1999,goal_20,col_approach,454,-104.87,0,0
2000,goal_20,col_retorno,1814,220.92,1,1
2001,goal_21,col_approach,431,-105.56,0,0
2002,goal_21,exito,2299,529.54,1,1
2003,goal_21,exito,2288,531.13,1,1
2004,goal_21,exito,2280,530.52,1,1
2005,goal_21,exito,2287,527.28,1,1
2006,goal_21,exito,2275,530.35,1,1
2007,goal_21,exito,2278,529.54,1,1
2008,goal_21,exito,2277,530.67,1,1
2009,goal_21,exito,2273,530.17,1,1
2010,goal_21,exito,2284,527.74,1,1
2011,goal_21,exito,2278,529.26,1,1
2012,goal_21,col_retorno,2039,246.29,1,1
2013,goal_21,exito,2273,531.23,1,1
2014,goal_21,exito,2277,529.9,1,1
2015,goal_21,exito,2275,530.18,1,1
2016,goal_21,exito,2275,530.64,1,1
2017,goal_21,exito,2284,527.95,1,1
2018,goal_21,exito,2275,529.79,1,1
2019,goal_21,exito,2277,528.89,1,1
2020,goal_21,exito,2278,529.3,1,1
2021,goal_21,col_retorno,2071,250.37,1,1
2022,goal_21,exito,2284,528.34,1,1
2023,goal_21,exito,2275,529.96,1,1
2024,goal_21,exito,2276,529.73,1,1
2025,goal_21,exito,2274,529.96,1,1
2026,goal_21,exito,2277,528.85,1,1
2027,goal_21,exito,2280,528.6,1,1
2028,goal_21,exito,2278,529.25,1,1
2029,goal_21,col_approach,547,-90.19,0,0
2030,goal_21,col_retorno,2030,245.92,1,1
2031,goal_21,exito,2294,530.99,1,1
2032,goal_21,exito,2299,530.85,1,1
2033,goal_21,exito,2296,531.55,1,1
2034,goal_21,exito,2285,531.62,1,1
2035,goal_21,exito,2282,531.34,1,1
2036,goal_21,col_retorno,2011,243.63,1,1
2037,goal_21,exito,2300,529.27,1,1
2038,goal_21,exito,2297,530.81,1,1
2039,goal_21,exito,2295,531.01,1,1
2040,goal_21,exito,2291,531.16,1,1
2041,goal_21,exito,2282,532.01,1,1
2042,goal_21,exito,2279,532.15,1,1
2043,goal_21,col_retorno,1987,239.1,1,1
2044,goal_21,exito,2299,530.61,1,1
2045,goal_21,exito,2308,528.02,1,1
2046,goal_21,exito,2295,531.59,1,1
2047,goal_21,exito,2291,531.84,1,1
2048,goal_21,exito,2288,531.02,1,1
2049,goal_21,exito,2279,532.34,1,1
2050,goal_21,col_retorno,2017,243.89,1,1
2051,goal_21,exito,2294,531.43,1,1
2052,goal_21,exito,2298,530.81,1,1
2053,goal_21,exito,2303,529.67,1,1
2054,goal_21,exito,2284,531.45,1,1
2055,goal_21,exito,2281,531.71,1,1
2056,goal_21,col_retorno,2007,242.96,1,1
2057,goal_21,exito,2299,530.03,1,1
2058,goal_21,exito,2298,530.47,1,1
2059,goal_21,exito,2295,531.66,1,1
2060,goal_21,exito,2294,532.04,1,1
2061,goal_21,exito,2284,531.67,1,1
2062,goal_21,exito,2279,532.18,1,1
2063,goal_21,col_retorno,2026,244.45,1,1
2064,goal_21,exito,2294,531.09,1,1
2065,goal_21,exito,2299,530.85,1,1
2066,goal_21,exito,2296,531.56,1,1
2067,goal_21,exito,2285,531.62,1,1
2068,goal_21,exito,2282,531.41,1,1
2069,goal_21,col_retorno,2011,243.62,1,1
2070,goal_21,exito,2300,529.26,1,1
2071,goal_21,exito,2297,530.81,1,1
2072,goal_21,exito,2295,531.0,1,1
2073,goal_21,exito,2291,531.25,1,1
2074,goal_21,exito,2282,531.99,1,1
2075,goal_21,exito,2279,532.15,1,1
2076,goal_21,col_retorno,1987,239.09,1,1
2077,goal_21,exito,2299,530.64,1,1
2078,goal_21,exito,2308,528.02,1,1
2079,goal_21,exito,2295,531.59,1,1
2080,goal_21,exito,2291,531.87,1,1
2081,goal_21,exito,2289,530.89,1,1
2082,goal_21,col_retorno,2043,248.39,1,1
2083,goal_21,exito,2300,529.75,1,1
2084,goal_21,exito,2296,531.12,1,1
2085,goal_21,exito,2296,532.04,1,1
2086,goal_21,exito,2287,530.66,1,1
2087,goal_21,exito,2280,531.93,1,1
2088,goal_21,col_retorno,2061,250.77,1,1
2089,goal_21,exito,2307,528.72,1,1
2090,goal_21,exito,2297,531.6,1,1
2091,goal_21,exito,2288,531.84,1,1
2092,goal_21,exito,2286,531.21,1,1
2093,goal_21,col_retorno,2038,247.52,1,1
2094,goal_21,exito,2300,530.11,1,1
2095,goal_21,exito,2296,531.06,1,1
2096,goal_21,exito,2297,532.0,1,1
2097,goal_21,exito,2288,530.61,1,1
2098,goal_21,exito,2280,531.84,1,1
2099,goal_21,col_retorno,2063,251.12,1,1
2100,goal_21,exito,2307,528.83,1,1
2101,goal_22,col_retorno,2154,262.76,1,1
2102,goal_22,col_retorno,2246,273.87,1,1
2103,goal_22,exito,2499,560.45,1,1
2104,goal_22,col_retorno,2128,258.19,1,1
2105,goal_22,col_retorno,2203,260.12,1,1
2106,goal_22,col_retorno,2174,264.37,1,1
2107,goal_22,col_retorno,2263,275.04,1,1
2108,goal_22,col_retorno,2241,273.87,1,1
2109,goal_22,col_retorno,2219,269.35,1,1
2110,goal_22,exito,2496,560.06,1,1
2111,goal_22,col_retorno,2133,259.82,1,1
2112,goal_22,col_retorno,2198,268.45,1,1
2113,goal_22,col_retorno,2180,264.19,1,1
2114,goal_22,exito,2501,560.13,1,1
2115,goal_22,col_retorno,2131,258.56,1,1
2116,goal_22,col_retorno,2203,260.05,1,1
2117,goal_22,col_retorno,2174,264.37,1,1
2118,goal_22,col_retorno,2263,275.01,1,1
2119,goal_22,col_retorno,2241,273.87,1,1
2120,goal_22,col_retorno,2219,269.36,1,1
2121,goal_22,exito,2496,560.05,1,1
2122,goal_22,col_retorno,2133,259.81,1,1
2123,goal_22,col_retorno,2198,268.47,1,1
2124,goal_22,col_retorno,2180,264.19,1,1
2125,goal_22,exito,2501,560.05,1,1
2126,goal_22,col_retorno,2131,258.57,1,1
2127,goal_22,col_retorno,2203,260.05,1,1
2128,goal_22,col_retorno,2174,264.38,1,1
2129,goal_22,col_retorno,2263,275.0,1,1
2130,goal_22,col_retorno,2241,273.87,1,1
2131,goal_22,col_retorno,2219,269.35,1,1
2132,goal_22,exito,2496,560.05,1,1
2133,goal_22,col_retorno,2133,259.83,1,1
2134,goal_22,col_retorno,2198,268.46,1,1
2135,goal_22,col_retorno,2180,264.19,1,1
2136,goal_22,exito,2501,560.13,1,1
2137,goal_22,col_retorno,2131,258.57,1,1
2138,goal_22,col_retorno,2203,260.05,1,1
2139,goal_22,col_retorno,2174,264.37,1,1
2140,goal_22,col_retorno,2263,275.01,1,1
2141,goal_22,col_retorno,2241,273.87,1,1
2142,goal_22,col_retorno,2219,269.47,1,1
2143,goal_22,exito,2496,560.06,1,1
2144,goal_22,col_retorno,2132,259.86,1,1
2145,goal_22,col_retorno,2199,268.62,1,1
2146,goal_22,col_retorno,2180,264.2,1,1
2147,goal_22,exito,2501,560.14,1,1
2148,goal_22,col_retorno,2131,258.77,1,1
2149,goal_22,col_retorno,2203,260.05,1,1
2150,goal_22,col_retorno,2174,264.38,1,1
2151,goal_22,col_retorno,2263,275.02,1,1
2152,goal_22,col_retorno,2241,273.8,1,1
2153,goal_22,col_retorno,2219,269.4,1,1
2154,goal_22,exito,2496,560.06,1,1
2155,goal_22,col_retorno,2133,259.82,1,1
2156,goal_22,col_retorno,2198,268.46,1,1
2157,goal_22,col_retorno,2180,264.19,1,1
2158,goal_22,exito,2501,560.05,1,1
2159,goal_22,col_retorno,2131,258.57,1,1
2160,goal_22,col_retorno,2203,260.05,1,1
2161,goal_22,col_retorno,2174,264.37,1,1
2162,goal_22,col_retorno,2263,275.01,1,1
2163,goal_22,col_retorno,2241,273.87,1,1
2164,goal_22,col_retorno,2219,269.35,1,1
2165,goal_22,exito,2496,560.05,1,1
2166,goal_22,col_retorno,2133,259.81,1,1
2167,goal_22,col_retorno,2198,268.46,1,1
2168,goal_22,col_retorno,2180,264.19,1,1
2169,goal_22,exito,2501,560.06,1,1
2170,goal_22,col_retorno,2131,258.55,1,1
2171,goal_22,col_retorno,2203,260.05,1,1
2172,goal_22,col_retorno,2174,264.37,1,1
2173,goal_22,col_retorno,2263,275.02,1,1
2174,goal_22,col_retorno,2241,273.87,1,1
2175,goal_22,col_retorno,2219,269.35,1,1
2176,goal_22,exito,2496,560.06,1,1
2177,goal_22,col_retorno,2132,259.85,1,1
2178,goal_22,col_retorno,2199,268.61,1,1
2179,goal_22,col_retorno,2180,264.2,1,1
2180,goal_22,exito,2501,560.13,1,1
2181,goal_22,col_retorno,2131,258.57,1,1
2182,goal_22,col_retorno,2203,260.05,1,1
2183,goal_22,col_retorno,2174,264.37,1,1
2184,goal_22,col_retorno,2263,275.1,1,1
2185,goal_22,col_retorno,2241,273.85,1,1
2186,goal_22,col_retorno,2219,269.4,1,1
2187,goal_22,exito,2496,560.06,1,1
2188,goal_22,col_retorno,2133,259.86,1,1
2189,goal_22,col_retorno,2198,268.46,1,1
2190,goal_22,col_retorno,2180,264.19,1,1
2191,goal_22,exito,2501,560.13,1,1
2192,goal_22,col_retorno,2131,258.77,1,1
2193,goal_22,col_retorno,2203,260.05,1,1
2194,goal_22,col_retorno,2174,264.38,1,1
2195,goal_22,col_retorno,2263,275.03,1,1
2196,goal_22,col_retorno,2241,273.87,1,1
2197,goal_22,col_retorno,2219,269.41,1,1
2198,goal_22,exito,2496,560.06,1,1
2199,goal_22,col_retorno,2133,259.82,1,1
2200,goal_22,col_retorno,2198,268.44,1,1
2201,goal_23,col_exit,1701,102.13,1,0
2202,goal_23,col_exit,1579,101.77,1,0
2203,goal_23,col_exit,1541,95.31,1,0
2204,goal_23,col_exit,1533,94.79,1,0
2205,goal_23,col_exit,1496,88.41,1,0
2206,goal_23,col_exit,1505,89.31,1,0
2207,goal_23,col_exit,1517,89.94,1,0
2208,goal_23,col_exit,1485,86.86,1,0
2209,goal_23,col_exit,1499,88.46,1,0
2210,goal_23,col_exit,1516,87.82,1,0
2211,goal_23,col_exit,1486,86.93,1,0
2212,goal_23,col_exit,1500,88.52,1,0
2213,goal_23,col_exit,1517,85.46,1,0
2214,goal_23,col_exit,1486,86.11,1,0
2215,goal_23,col_exit,1501,88.22,1,0
2216,goal_23,col_exit,1511,83.39,1,0
2217,goal_23,col_exit,1489,85.62,1,0
2218,goal_23,col_exit,1503,88.37,1,0
2219,goal_23,col_exit,1486,86.0,1,0
2220,goal_23,col_exit,1498,88.92,1,0
2221,goal_23,col_exit,1512,87.21,1,0
2222,goal_23,col_exit,1487,86.71,1,0
2223,goal_23,col_exit,1500,89.22,1,0
2224,goal_23,col_exit,1515,83.69,1,0
2225,goal_23,col_exit,1487,86.2,1,0
2226,goal_23,col_exit,1501,89.36,1,0
2227,goal_23,col_exit,1509,82.14,1,0
2228,goal_23,col_exit,1491,86.28,1,0
2229,goal_23,col_exit,1503,89.24,1,0
2230,goal_23,col_exit,1482,85.3,1,0
2231,goal_23,col_exit,1500,89.24,1,0
2232,goal_23,col_exit,1512,88.9,1,0
2233,goal_23,col_exit,1487,85.93,1,0
2234,goal_23,col_exit,1501,89.33,1,0
2235,goal_23,col_exit,1512,86.17,1,0
2236,goal_23,col_exit,1489,85.44,1,0
2237,goal_23,col_exit,1503,89.19,1,0
2238,goal_23,col_exit,1509,83.44,1,0
2239,goal_23,col_exit,1490,84.94,1,0
2240,goal_23,col_exit,1504,89.05,1,0
2241,goal_23,col_exit,1483,86.49,1,0
2242,goal_23,col_exit,1498,88.15,1,0
2243,goal_23,col_exit,1515,87.77,1,0
2244,goal_23,col_exit,1486,86.9,1,0
2245,goal_23,col_exit,1500,88.53,1,0
2246,goal_23,col_exit,1517,85.38,1,0
2247,goal_23,col_exit,1486,86.11,1,0
2248,goal_23,col_exit,1501,88.15,1,0
2249,goal_23,col_exit,1511,83.4,1,0
2250,goal_23,col_exit,1489,85.62,1,0
2251,goal_23,col_exit,1503,88.38,1,0
2252,goal_23,col_exit,1486,86.0,1,0
2253,goal_23,col_exit,1498,88.92,1,0
2254,goal_23,col_exit,1512,87.35,1,0
2255,goal_23,col_exit,1487,86.71,1,0
2256,goal_23,col_exit,1500,89.22,1,0
2257,goal_23,col_exit,1515,83.72,1,0
2258,goal_23,col_exit,1487,86.21,1,0
2259,goal_23,col_exit,1501,89.38,1,0
2260,goal_23,col_exit,1509,82.14,1,0
2261,goal_23,col_exit,1491,86.27,1,0
2262,goal_23,col_exit,1503,89.24,1,0
2263,goal_23,col_exit,1482,85.27,1,0
2264,goal_23,col_exit,1500,89.32,1,0
2265,goal_23,col_exit,1512,88.89,1,0
2266,goal_23,col_exit,1487,85.94,1,0
2267,goal_23,col_exit,1501,89.33,1,0
2268,goal_23,col_exit,1512,86.17,1,0
2269,goal_23,col_exit,1489,85.48,1,0
2270,goal_23,col_exit,1503,89.2,1,0
2271,goal_23,col_exit,1509,83.46,1,0
2272,goal_23,col_exit,1490,84.95,1,0
2273,goal_23,col_exit,1504,89.05,1,0
2274,goal_23,col_exit,1483,86.48,1,0
2275,goal_23,col_exit,1498,88.16,1,0
2276,goal_23,col_exit,1515,87.78,1,0
2277,goal_23,col_exit,1486,86.9,1,0
2278,goal_23,col_exit,1500,88.53,1,0
2279,goal_23,col_exit,1517,85.46,1,0
2280,goal_23,col_exit,1486,86.11,1,0
2281,goal_23,col_exit,1501,88.12,1,0
2282,goal_23,col_exit,1511,83.4,1,0
2283,goal_23,col_exit,1489,85.62,1,0
2284,goal_23,col_exit,1503,88.38,1,0
2285,goal_23,col_exit,1486,86.0,1,0
2286,goal_23,col_exit,1498,88.93,1,0
2287,goal_23,col_exit,1512,87.36,1,0
2288,goal_23,col_exit,1487,86.71,1,0
2289,goal_23,col_exit,1500,89.29,1,0
2290,goal_23,col_exit,1515,83.7,1,0
2291,goal_23,col_exit,1487,86.28,1,0
2292,goal_23,col_exit,1501,89.39,1,0
2293,goal_23,col_exit,1509,82.12,1,0
2294,goal_23,col_exit,1491,86.28,1,0
2295,goal_23,col_exit,1503,89.24,1,0
2296,goal_23,col_exit,1482,85.29,1,0
2297,goal_23,col_exit,1500,89.31,1,0
2298,goal_23,col_exit,1512,88.9,1,0
2299,goal_23,col_exit,1487,85.94,1,0
2300,goal_23,col_exit,1501,89.33,1,0
2301,goal_24,col_exit,1410,77.26,1,0
2302,goal_24,col_exit,1438,86.57,1,0
2303,goal_24,col_exit,1480,81.93,1,0
2304,goal_24,col_exit,1498,77.11,1,0
2305,goal_24,col_exit,1509,77.23,1,0
2306,goal_24,col_exit,1493,78.86,1,0
2307,goal_24,col_exit,1491,78.33,1,0
2308,goal_24,col_exit,1513,75.41,1,0
2309,goal_24,col_exit,1495,80.25,1,0
2310,goal_24,col_exit,1494,77.63,1,0
2311,goal_24,col_exit,1499,75.89,1,0
2312,goal_24,col_exit,1505,76.72,1,0
2313,goal_24,col_exit,1497,76.98,1,0
2314,goal_24,col_exit,1495,77.38,1,0
2315,goal_24,col_exit,1504,79.09,1,0
2316,goal_24,col_exit,1501,76.27,1,0
2317,goal_24,col_exit,1495,78.37,1,0
2318,goal_24,col_exit,1493,77.81,1,0
2319,goal_24,col_exit,1508,73.68,1,0
2320,goal_24,col_exit,1498,78.68,1,0
2321,goal_24,col_exit,1495,78.47,1,0
2322,goal_24,col_exit,1497,73.99,1,0
2323,goal_24,col_exit,1203,51.35,1,0
2324,goal_24,col_exit,1269,57.21,1,0
2325,goal_24,col_approach,875,-33.23,0,0
2326,goal_24,col_exit,1320,65.58,1,0
2327,goal_24,col_exit,1410,73.55,1,0
2328,goal_24,col_exit,1439,86.98,1,0
2329,goal_24,col_exit,1482,80.22,1,0
2330,goal_24,col_exit,1493,76.58,1,0
2331,goal_24,col_exit,1507,75.76,1,0
2332,goal_24,col_exit,1498,76.79,1,0
2333,goal_24,col_exit,1499,78.11,1,0
2334,goal_24,col_exit,1496,76.68,1,0
2335,goal_24,col_exit,1503,75.84,1,0
2336,goal_24,col_exit,1501,78.03,1,0
2337,goal_24,col_exit,1491,78.14,1,0
2338,goal_24,col_exit,1497,77.25,1,0
2339,goal_24,col_exit,1510,76.74,1,0
2340,goal_24,col_exit,1493,78.85,1,0
2341,goal_24,col_exit,1491,78.39,1,0
2342,goal_24,col_exit,1513,75.33,1,0
2343,goal_24,col_exit,1495,80.24,1,0
2344,goal_24,col_exit,1494,77.74,1,0
2345,goal_24,col_exit,1499,75.86,1,0
2346,goal_24,col_exit,1505,76.71,1,0
2347,goal_24,col_exit,1497,76.99,1,0
2348,goal_24,col_exit,1495,77.27,1,0
2349,goal_24,col_exit,1504,79.09,1,0
2350,goal_24,col_exit,1501,76.29,1,0
2351,goal_24,col_exit,1495,78.36,1,0
2352,goal_24,col_exit,1493,77.81,1,0
2353,goal_24,col_exit,1508,73.68,1,0
2354,goal_24,col_exit,1498,78.69,1,0
2355,goal_24,col_exit,1495,78.47,1,0
2356,goal_24,col_exit,1497,74.0,1,0
2357,goal_24,col_exit,1204,50.83,1,0
2358,goal_24,col_exit,1268,57.18,1,0
2359,goal_24,col_approach,875,-33.23,0,0
2360,goal_24,col_exit,1320,65.62,1,0
2361,goal_24,col_exit,1410,73.55,1,0
2362,goal_24,col_exit,1439,87.0,1,0
2363,goal_24,col_exit,1482,80.23,1,0
2364,goal_24,col_exit,1493,76.58,1,0
2365,goal_24,col_exit,1507,75.75,1,0
2366,goal_24,col_exit,1498,76.81,1,0
2367,goal_24,col_exit,1499,78.11,1,0
2368,goal_24,col_exit,1496,76.72,1,0
2369,goal_24,col_exit,1503,75.85,1,0
2370,goal_24,col_exit,1501,78.03,1,0
2371,goal_24,col_exit,1491,78.15,1,0
2372,goal_24,col_exit,1498,77.1,1,0
2373,goal_24,col_exit,1509,77.19,1,0
2374,goal_24,col_exit,1493,78.86,1,0
2375,goal_24,col_exit,1491,78.33,1,0
2376,goal_24,col_exit,1513,75.41,1,0
2377,goal_24,col_exit,1495,80.26,1,0
2378,goal_24,col_exit,1494,77.63,1,0
2379,goal_24,col_exit,1499,75.87,1,0
2380,goal_24,col_exit,1505,76.72,1,0
2381,goal_24,col_exit,1497,76.98,1,0
2382,goal_24,col_exit,1495,77.37,1,0
2383,goal_24,col_exit,1504,79.09,1,0
2384,goal_24,col_exit,1501,76.28,1,0
2385,goal_24,col_exit,1495,78.37,1,0
2386,goal_24,col_exit,1493,77.81,1,0
2387,goal_24,col_exit,1508,73.67,1,0
2388,goal_24,col_exit,1498,78.6,1,0
2389,goal_24,col_exit,1495,77.88,1,0
2390,goal_24,col_exit,1497,74.0,1,0
2391,goal_24,col_exit,1203,51.37,1,0
2392,goal_24,col_exit,1269,57.22,1,0
2393,goal_24,col_approach,875,-33.22,0,0
2394,goal_24,col_exit,1320,65.57,1,0
2395,goal_24,col_exit,1410,73.56,1,0
2396,goal_24,col_exit,1439,87.0,1,0
2397,goal_24,col_exit,1482,80.22,1,0
2398,goal_24,col_exit,1493,76.59,1,0
2399,goal_24,col_exit,1507,75.76,1,0
2400,goal_24,col_exit,1498,76.78,1,0
2401,goal_25,exito,2465,580.21,1,1
2402,goal_25,col_approach,843,-37.11,0,0
2403,goal_25,col_approach,827,-39.55,0,0
2404,goal_25,col_exit,1176,53.13,1,0
2405,goal_25,col_retorno,2064,273.28,1,1
2406,goal_25,exito,2464,580.06,1,1
2407,goal_25,col_retorno,2152,279.31,1,1
2408,goal_25,col_retorno,2119,283.2,1,1
2409,goal_25,exito,2463,579.43,1,1
2410,goal_25,col_retorno,2179,277.43,1,1
2411,goal_25,col_retorno,2100,280.56,1,1
2412,goal_25,exito,2461,579.51,1,1
2413,goal_25,col_retorno,2170,276.86,1,1
2414,goal_25,col_retorno,2141,286.0,1,1
2415,goal_25,exito,2461,579.99,1,1
2416,goal_25,col_retorno,2144,280.41,1,1
2417,goal_25,col_retorno,2140,285.6,1,1
2418,goal_25,exito,2464,579.36,1,1
2419,goal_25,col_retorno,2160,282.15,1,1
2420,goal_25,col_retorno,2096,280.57,1,1
2421,goal_25,exito,2460,579.56,1,1
2422,goal_25,col_retorno,2092,273.51,1,1
2423,goal_25,exito,2465,580.44,1,1
2424,goal_25,col_exit,1206,59.72,1,0
2425,goal_25,exito,2468,577.27,1,1
2426,goal_25,exito,2462,579.1,1,1
2427,goal_25,col_approach,836,-39.86,0,0
2428,goal_25,col_exit,1191,57.43,1,0
2429,goal_25,exito,2461,579.84,1,1
2430,goal_25,col_approach,841,-37.78,0,0
2431,goal_25,col_exit,1199,57.89,1,0
2432,goal_25,exito,2462,579.34,1,1
2433,goal_25,col_approach,838,-38.08,0,0
2434,goal_25,col_exit,1203,57.37,1,0
2435,goal_25,exito,2461,579.56,1,1
2436,goal_25,col_approach,839,-38.85,0,0
2437,goal_25,col_exit,1204,55.92,1,0
2438,goal_25,exito,2461,579.34,1,1
2439,goal_25,col_approach,842,-40.71,0,0
2440,goal_25,col_exit,1199,55.99,1,0
2441,goal_25,exito,2462,579.35,1,1
2442,goal_25,col_approach,839,-39.42,0,0
2443,goal_25,col_exit,1199,53.04,1,0
2444,goal_25,exito,2463,578.61,1,1
2445,goal_25,col_approach,835,-39.02,0,0
2446,goal_25,col_exit,1199,51.89,1,0
2447,goal_25,exito,2466,578.28,1,1
2448,goal_25,col_approach,834,-39.99,0,0
2449,goal_25,col_exit,1174,54.72,1,0
2450,goal_25,exito,2461,579.84,1,1
2451,goal_25,col_approach,828,-41.04,0,0
2452,goal_25,col_exit,1203,54.17,1,0
2453,goal_25,exito,2461,579.71,1,1
2454,goal_25,col_approach,839,-44.22,0,0
2455,goal_25,col_exit,1199,57.12,1,0
2456,goal_25,exito,2462,579.72,1,1
2457,goal_25,col_approach,837,-43.82,0,0
2458,goal_25,col_exit,1196,57.57,1,0
2459,goal_25,exito,2461,580.16,1,1
2460,goal_25,col_approach,834,-38.61,0,0
2461,goal_25,col_exit,1202,58.31,1,0
2462,goal_25,exito,2462,579.97,1,1
2463,goal_25,col_approach,840,-37.62,0,0
2464,goal_25,col_exit,1202,58.25,1,0
2465,goal_25,exito,2462,579.31,1,1
2466,goal_25,col_approach,838,-38.14,0,0
2467,goal_25,col_exit,1203,57.37,1,0
2468,goal_25,exito,2461,579.6,1,1
2469,goal_25,col_approach,839,-38.86,0,0
2470,goal_25,col_exit,1204,55.92,1,0
2471,goal_25,exito,2461,579.33,1,1
2472,goal_25,col_approach,842,-40.72,0,0
2473,goal_25,col_exit,1199,55.95,1,0
2474,goal_25,exito,2462,579.41,1,1
2475,goal_25,col_approach,839,-39.43,0,0
2476,goal_25,col_exit,1199,53.04,1,0
2477,goal_25,exito,2463,578.6,1,1
2478,goal_25,col_approach,835,-39.02,0,0
2479,goal_25,col_exit,1199,51.49,1,0
2480,goal_25,exito,2466,578.41,1,1
2481,goal_25,col_approach,834,-39.98,0,0
2482,goal_25,col_exit,1174,54.66,1,0
2483,goal_25,exito,2461,579.86,1,1
2484,goal_25,col_approach,828,-41.02,0,0
2485,goal_25,col_exit,1203,54.16,1,0
2486,goal_25,exito,2461,579.72,1,1
2487,goal_25,col_approach,839,-44.22,0,0
2488,goal_25,col_exit,1199,57.12,1,0
2489,goal_25,exito,2462,579.74,1,1
2490,goal_25,col_approach,837,-43.82,0,0
2491,goal_25,col_exit,1196,57.55,1,0
2492,goal_25,exito,2461,580.11,1,1
2493,goal_25,col_approach,834,-38.62,0,0
2494,goal_25,col_exit,1202,58.31,1,0
2495,goal_25,exito,2462,579.98,1,1
2496,goal_25,col_approach,840,-37.62,0,0
2497,goal_25,col_exit,1202,58.24,1,0
2498,goal_25,exito,2462,579.32,1,1
2499,goal_25,col_approach,838,-38.08,0,0
2500,goal_25,col_exit,1203,57.37,1,0
2501,goal_26,exito,3381,683.64,1,1
2502,goal_26,col_approach,802,-43.02,0,0
2503,goal_26,exito,3348,689.1,1,1
2504,goal_26,col_approach,867,-33.6,0,0
2505,goal_26,col_approach,799,-43.22,0,0
2506,goal_26,exito,3350,686.88,1,1
2507,goal_26,col_exit,1490,79.02,1,0
2508,goal_26,col_retorno,3006,390.36,1,1
2509,goal_26,exito,3355,688.29,1,1
2510,goal_26,col_approach,800,-43.13,0,0
2511,goal_26,col_retorno,3048,396.29,1,1
2512,goal_26,col_approach,855,-34.98,0,0
2513,goal_26,col_approach,813,-47.5,0,0
2514,goal_26,exito,3346,689.39,1,1
2515,goal_26,col_exit,1489,78.75,1,0
2516,goal_26,col_retorno,3053,392.08,1,1
2517,goal_26,col_approach,825,-39.1,0,0
2518,goal_26,col_approach,797,-44.69,0,0
2519,goal_26,exito,3352,686.26,1,1
2520,goal_26,col_retorno,3005,390.43,1,1
2521,goal_26,exito,3355,688.24,1,1
2522,goal_26,col_approach,800,-43.13,0,0
2523,goal_26,col_retorno,3048,396.29,1,1
2524,goal_26,col_approach,855,-34.97,0,0
2525,goal_26,col_approach,813,-47.5,0,0
2526,goal_26,exito,3346,689.39,1,1
2527,goal_26,col_exit,1489,78.75,1,0
2528,goal_26,col_retorno,3053,392.07,1,1
2529,goal_26,col_approach,825,-39.1,0,0
2530,goal_26,col_approach,797,-44.68,0,0
2531,goal_26,exito,3352,686.26,1,1
2532,goal_26,col_retorno,3005,390.46,1,1
2533,goal_26,exito,3355,688.24,1,1
2534,goal_26,col_approach,800,-43.13,0,0
2535,goal_26,col_retorno,3048,396.29,1,1
2536,goal_26,col_approach,855,-34.97,0,0
2537,goal_26,col_approach,813,-47.49,0,0
2538,goal_26,exito,3346,689.39,1,1
2539,goal_26,col_exit,1489,78.75,1,0
2540,goal_26,col_retorno,3053,392.03,1,1
2541,goal_26,col_approach,825,-39.1,0,0
2542,goal_26,col_approach,797,-44.68,0,0
2543,goal_26,exito,3352,686.27,1,1
2544,goal_26,col_retorno,3005,390.44,1,1
2545,goal_26,exito,3355,688.24,1,1
2546,goal_26,col_approach,800,-43.12,0,0
2547,goal_26,col_retorno,3048,396.29,1,1
2548,goal_26,col_approach,855,-34.97,0,0
2549,goal_26,col_approach,813,-47.5,0,0
2550,goal_26,exito,3346,689.35,1,1
2551,goal_26,col_exit,1488,78.56,1,0
2552,goal_26,col_retorno,3054,392.08,1,1
2553,goal_26,col_approach,825,-39.1,0,0
2554,goal_26,col_approach,797,-44.68,0,0
2555,goal_26,exito,3352,686.27,1,1
2556,goal_26,col_retorno,3005,390.48,1,1
2557,goal_26,exito,3355,688.23,1,1
2558,goal_26,col_approach,800,-43.13,0,0
2559,goal_26,col_retorno,3048,396.29,1,1
2560,goal_26,col_approach,855,-34.98,0,0
2561,goal_26,col_approach,813,-47.5,0,0
2562,goal_26,exito,3346,689.4,1,1
2563,goal_26,col_exit,1488,78.55,1,0
2564,goal_26,col_retorno,3054,392.02,1,1
2565,goal_26,col_approach,825,-39.1,0,0
2566,goal_26,col_approach,797,-45.06,0,0
2567,goal_26,exito,3352,686.27,1,1
2568,goal_26,col_retorno,3005,390.48,1,1
2569,goal_26,exito,3355,688.23,1,1
2570,goal_26,col_approach,800,-43.13,0,0
2571,goal_26,col_retorno,3048,396.29,1,1
2572,goal_26,col_approach,855,-34.98,0,0
2573,goal_26,col_approach,813,-47.5,0,0
2574,goal_26,exito,3346,689.39,1,1
2575,goal_26,col_exit,1488,78.55,1,0
2576,goal_26,col_retorno,3054,392.1,1,1
2577,goal_26,col_approach,825,-39.1,0,0
2578,goal_26,col_approach,797,-44.68,0,0
2579,goal_26,exito,3352,686.26,1,1
2580,goal_26,col_retorno,3005,390.44,1,1
2581,goal_26,exito,3355,688.24,1,1
2582,goal_26,col_approach,800,-43.13,0,0
2583,goal_26,col_retorno,3048,396.29,1,1
2584,goal_26,col_approach,855,-34.97,0,0
2585,goal_26,col_approach,813,-47.5,0,0
2586,goal_26,exito,3346,689.39,1,1
2587,goal_26,col_exit,1488,78.55,1,0
2588,goal_26,col_retorno,3054,392.03,1,1
2589,goal_26,col_approach,825,-39.1,0,0
2590,goal_26,col_approach,797,-44.68,0,0
2591,goal_26,exito,3352,686.27,1,1
2592,goal_26,col_retorno,3005,390.44,1,1
2593,goal_26,exito,3355,688.24,1,1
2594,goal_26,col_approach,800,-43.13,0,0
2595,goal_26,col_retorno,3048,396.29,1,1
2596,goal_26,col_approach,855,-34.97,0,0
2597,goal_26,col_approach,813,-47.5,0,0
2598,goal_26,exito,3346,689.35,1,1
2599,goal_26,col_exit,1488,78.56,1,0
2600,goal_26,col_retorno,3054,392.04,1,1
2601,goal_27,col_approach,825,-39.1,0,0
2602,goal_27,col_approach,797,-44.69,0,0
2603,goal_27,col_retorno,2843,366.4,1,1
2604,goal_27,col_retorno,2784,358.91,1,1
2605,goal_27,col_retorno,2867,370.16,1,1
2606,goal_27,col_retorno,2807,364.44,1,1
2607,goal_27,col_approach,862,-33.81,0,0
2608,goal_27,col_approach,807,-43.57,0,0
2609,goal_27,col_retorno,2826,367.07,1,1
2610,goal_27,col_approach,867,-33.62,0,0
2611,goal_27,col_approach,813,-45.69,0,0
2612,goal_27,col_retorno,2822,367.48,1,1
2613,goal_27,col_approach,861,-33.71,0,0
2614,goal_27,col_approach,818,-47.07,0,0
2615,goal_27,col_retorno,2822,367.36,1,1
2616,goal_27,col_approach,843,-36.59,0,0
2617,goal_27,col_approach,814,-47.82,0,0
2618,goal_27,col_retorno,2830,366.41,1,1
2619,goal_27,col_approach,858,-34.59,0,0
2620,goal_27,col_approach,802,-42.86,0,0
2621,goal_27,col_retorno,2844,367.0,1,1
2622,goal_27,col_approach,857,-34.93,0,0
2623,goal_27,col_approach,803,-43.12,0,0
2624,goal_27,col_retorno,2843,367.73,1,1
2625,goal_27,col_approach,855,-34.9,0,0
2626,goal_27,col_approach,813,-47.5,0,0
2627,goal_27,col_retorno,2836,368.92,1,1
2628,goal_27,col_approach,850,-34.9,0,0
2629,goal_27,exito,3123,658.45,1,1
2630,goal_27,col_retorno,2814,364.13,1,1
2631,goal_27,col_approach,802,-42.25,0,0
2632,goal_27,col_approach,805,-43.6,0,0
2633,goal_27,col_retorno,2830,366.42,1,1
2634,goal_27,col_approach,858,-34.58,0,0
2635,goal_27,col_approach,802,-42.86,0,0
2636,goal_27,col_retorno,2844,367.07,1,1
2637,goal_27,col_approach,857,-34.93,0,0
2638,goal_27,col_approach,803,-43.12,0,0
2639,goal_27,col_retorno,2843,367.74,1,1
2640,goal_27,col_approach,855,-34.9,0,0
2641,goal_27,col_approach,813,-47.5,0,0
2642,goal_27,col_retorno,2836,368.92,1,1
2643,goal_27,col_approach,850,-34.89,0,0
2644,goal_27,exito,3123,658.36,1,1
2645,goal_27,col_retorno,2814,364.13,1,1
2646,goal_27,col_approach,802,-42.25,0,0
2647,goal_27,col_approach,805,-43.6,0,0
2648,goal_27,col_retorno,2830,366.44,1,1
2649,goal_27,col_approach,858,-34.6,0,0
2650,goal_27,col_approach,802,-42.86,0,0
2651,goal_27,col_retorno,2844,366.96,1,1
2652,goal_27,col_approach,857,-34.93,0,0
2653,goal_27,col_approach,803,-43.12,0,0
2654,goal_27,col_retorno,2843,367.73,1,1
2655,goal_27,col_approach,855,-34.9,0,0
2656,goal_27,col_approach,813,-47.5,0,0
2657,goal_27,col_retorno,2836,368.85,1,1
2658,goal_27,col_approach,850,-34.89,0,0
2659,goal_27,exito,3126,658.51,1,1
2660,goal_27,col_retorno,2811,363.85,1,1
2661,goal_27,col_approach,802,-42.23,0,0
2662,goal_27,col_approach,805,-43.6,0,0
2663,goal_27,col_retorno,2830,366.42,1,1
2664,goal_27,col_approach,858,-34.59,0,0
2665,goal_27,col_approach,802,-42.86,0,0
2666,goal_27,col_retorno,2844,367.0,1,1
2667,goal_27,col_approach,857,-34.93,0,0
2668,goal_27,col_approach,803,-43.12,0,0
2669,goal_27,col_retorno,2843,367.74,1,1
2670,goal_27,col_approach,855,-34.9,0,0
2671,goal_27,col_approach,813,-47.49,0,0
2672,goal_27,col_retorno,2836,368.92,1,1
2673,goal_27,col_approach,850,-34.9,0,0
2674,goal_27,exito,3123,658.45,1,1
2675,goal_27,col_retorno,2814,364.14,1,1
2676,goal_27,col_approach,802,-42.23,0,0
2677,goal_27,col_approach,805,-43.6,0,0
2678,goal_27,col_retorno,2830,366.42,1,1
2679,goal_27,col_approach,858,-34.59,0,0
2680,goal_27,col_approach,802,-42.86,0,0
2681,goal_27,col_retorno,2844,367.09,1,1
2682,goal_27,col_approach,857,-34.93,0,0
2683,goal_27,col_approach,803,-43.12,0,0
2684,goal_27,col_retorno,2843,367.73,1,1
2685,goal_27,col_approach,855,-34.9,0,0
2686,goal_27,col_approach,813,-47.5,0,0
2687,goal_27,col_retorno,2836,368.92,1,1
2688,goal_27,col_approach,850,-34.89,0,0
2689,goal_27,exito,3123,658.3,1,1
2690,goal_27,col_retorno,2814,364.13,1,1
2691,goal_27,col_approach,802,-42.25,0,0
2692,goal_27,col_approach,805,-43.6,0,0
2693,goal_27,col_retorno,2830,366.42,1,1
2694,goal_27,col_approach,858,-34.59,0,0
2695,goal_27,col_approach,802,-42.86,0,0
2696,goal_27,col_retorno,2844,367.0,1,1
2697,goal_27,col_approach,857,-34.93,0,0
2698,goal_27,col_approach,803,-43.12,0,0
2699,goal_27,col_retorno,2843,367.74,1,1
2700,goal_27,col_approach,855,-34.9,0,0
2701,goal_28,col_approach,777,-47.82,0,0
2702,goal_28,col_approach,771,-49.8,0,0
2703,goal_28,col_approach,766,-50.19,0,0
2704,goal_28,col_approach,779,-48.04,0,0
2705,goal_28,exito,2866,621.02,1,1
2706,goal_28,col_approach,801,-45.16,0,0
2707,goal_28,col_approach,781,-48.38,0,0
2708,goal_28,col_approach,774,-51.09,0,0
2709,goal_28,col_approach,764,-49.62,0,0
2710,goal_28,col_approach,775,-53.19,0,0
2711,goal_28,exito,2865,620.97,1,1
2712,goal_28,col_approach,794,-46.93,0,0
2713,goal_28,col_approach,775,-50.08,0,0
2714,goal_28,col_approach,767,-50.13,0,0
2715,goal_28,col_approach,768,-50.81,0,0
2716,goal_28,exito,2862,622.36,1,1
2717,goal_28,col_approach,819,-41.86,0,0
2718,goal_28,col_approach,780,-49.06,0,0
2719,goal_28,col_approach,775,-52.37,0,0
2720,goal_28,col_approach,763,-49.74,0,0
2721,goal_28,col_approach,772,-52.3,0,0
2722,goal_28,exito,2863,621.43,1,1
2723,goal_28,col_approach,796,-47.04,0,0
2724,goal_28,col_approach,771,-49.11,0,0
2725,goal_28,col_approach,771,-50.3,0,0
2726,goal_28,exito,2874,618.26,1,1
2727,goal_28,col_approach,820,-42.1,0,0
2728,goal_28,col_approach,781,-48.34,0,0
2729,goal_28,col_approach,774,-50.94,0,0
2730,goal_28,col_approach,764,-49.62,0,0
2731,goal_28,col_approach,775,-53.17,0,0
2732,goal_28,exito,2865,620.83,1,1
2733,goal_28,col_approach,794,-46.94,0,0
2734,goal_28,col_approach,775,-50.08,0,0
2735,goal_28,col_approach,767,-50.13,0,0
2736,goal_28,col_approach,768,-50.81,0,0
2737,goal_28,exito,2862,622.35,1,1
2738,goal_28,col_approach,819,-41.87,0,0
2739,goal_28,col_approach,780,-49.06,0,0
2740,goal_28,col_approach,775,-52.37,0,0
2741,goal_28,col_approach,763,-49.74,0,0
2742,goal_28,col_approach,772,-52.3,0,0
2743,goal_28,exito,2863,621.45,1,1
2744,goal_28,col_approach,796,-47.04,0,0
2745,goal_28,col_approach,771,-49.11,0,0
2746,goal_28,col_approach,771,-50.3,0,0
2747,goal_28,exito,2874,618.19,1,1
2748,goal_28,col_approach,820,-42.09,0,0
2749,goal_28,col_approach,781,-48.34,0,0
2750,goal_28,col_approach,774,-50.94,0,0
2751,goal_28,col_approach,764,-49.64,0,0
2752,goal_28,col_approach,775,-53.19,0,0
2753,goal_28,exito,2865,620.97,1,1
2754,goal_28,col_approach,794,-46.93,0,0
2755,goal_28,col_approach,775,-50.08,0,0
2756,goal_28,col_approach,767,-50.12,0,0
2757,goal_28,col_approach,768,-50.81,0,0
2758,goal_28,exito,2862,622.35,1,1
2759,goal_28,col_approach,819,-41.86,0,0
2760,goal_28,col_approach,780,-49.06,0,0
2761,goal_28,col_approach,775,-52.37,0,0
2762,goal_28,col_approach,763,-49.74,0,0
2763,goal_28,col_approach,772,-52.3,0,0
2764,goal_28,exito,2863,621.44,1,1
2765,goal_28,col_approach,796,-47.04,0,0
2766,goal_28,col_approach,771,-49.11,0,0
2767,goal_28,col_approach,771,-50.3,0,0
2768,goal_28,exito,2874,618.19,1,1
2769,goal_28,col_approach,820,-42.1,0,0
2770,goal_28,col_approach,781,-48.34,0,0
2771,goal_28,col_approach,774,-50.94,0,0
2772,goal_28,col_approach,764,-49.62,0,0
2773,goal_28,col_approach,775,-53.19,0,0
2774,goal_28,exito,2865,620.83,1,1
2775,goal_28,col_approach,794,-46.94,0,0
2776,goal_28,col_approach,775,-50.08,0,0
2777,goal_28,col_approach,767,-50.12,0,0
2778,goal_28,col_approach,768,-50.81,0,0
2779,goal_28,exito,2862,622.35,1,1
2780,goal_28,col_approach,819,-41.87,0,0
2781,goal_28,col_approach,780,-49.06,0,0
2782,goal_28,col_approach,776,-52.51,0,0
2783,goal_28,col_approach,763,-49.86,0,0
2784,goal_28,col_approach,772,-52.17,0,0
2785,goal_28,exito,2863,621.32,1,1
2786,goal_28,col_approach,795,-47.18,0,0
2787,goal_28,col_approach,771,-49.1,0,0
2788,goal_28,col_approach,771,-50.31,0,0
2789,goal_28,exito,2874,618.19,1,1
2790,goal_28,col_approach,820,-42.1,0,0
2791,goal_28,col_approach,781,-48.34,0,0
2792,goal_28,col_approach,774,-50.94,0,0
2793,goal_28,col_approach,764,-49.62,0,0
2794,goal_28,col_approach,775,-53.19,0,0
2795,goal_28,exito,2865,620.97,1,1
2796,goal_28,col_approach,794,-46.93,0,0
2797,goal_28,col_approach,775,-50.09,0,0
2798,goal_28,col_approach,767,-50.13,0,0
2799,goal_28,col_approach,768,-50.81,0,0
2800,goal_28,exito,2862,622.36,1,1
