episodio,goal_id,resultado,pasos_total,reward_total,llego_estanteria,llego_descarga
1,goal_01,col_exit,866,9.22,1,0
2,goal_01,col_exit,731,-10.86,1,0
3,goal_01,col_exit,718,-12.49,1,0
4,goal_01,col_exit,843,4.62,1,0
5,goal_01,col_retorno,1286,152.35,1,1
6,goal_01,col_exit,753,-7.61,1,0
7,goal_01,col_exit,809,1.51,1,0
8,goal_01,col_retorno,1281,150.17,1,1
9,goal_01,col_exit,892,12.22,1,0
10,goal_01,col_exit,728,-9.89,1,0
11,goal_01,col_exit,722,-10.9,1,0
12,goal_01,col_exit,834,5.48,1,0
13,goal_01,col_retorno,1286,150.25,1,1
14,goal_01,col_exit,931,4.61,1,0
15,goal_01,col_retorno,1324,156.71,1,1
16,goal_01,col_exit,759,-6.91,1,0
17,goal_01,col_exit,800,-0.06,1,0
18,goal_01,col_retorno,1282,149.88,1,1
19,goal_01,col_exit,890,11.71,1,0
20,goal_01,col_retorno,1325,156.89,1,1
21,goal_01,col_exit,757,-6.84,1,0
22,goal_01,col_exit,802,0.6,1,0
23,goal_01,col_retorno,1275,150.05,1,1
24,goal_01,col_exit,896,12.4,1,0
25,goal_01,col_exit,727,-10.17,1,0
26,goal_01,col_exit,716,-11.32,1,0
27,goal_01,col_exit,838,5.51,1,0
28,goal_01,col_retorno,1282,152.42,1,1
29,goal_01,col_exit,934,3.02,1,0
30,goal_01,col_exit,724,-9.97,1,0
31,goal_01,col_exit,717,-11.2,1,0
32,goal_01,col_exit,838,5.51,1,0
33,goal_01,col_retorno,1285,153.18,1,1
34,goal_01,col_exit,935,1.45,1,0
35,goal_01,col_exit,725,-9.79,1,0
36,goal_01,col_exit,719,-11.47,1,0
37,goal_01,col_exit,834,5.55,1,0
38,goal_01,col_retorno,1285,153.21,1,1
39,goal_01,col_exit,918,1.54,1,0
40,goal_01,col_exit,739,-11.77,1,0
41,goal_01,col_exit,726,-11.01,1,0
42,goal_01,col_exit,824,4.07,1,0
43,goal_01,col_retorno,1281,152.16,1,1
44,goal_01,col_exit,914,-2.13,1,0
45,goal_01,col_exit,730,-11.31,1,0
46,goal_01,col_exit,749,-5.9,1,0
47,goal_01,col_exit,825,4.25,1,0
48,goal_01,col_retorno,1280,151.94,1,1
49,goal_01,col_exit,750,-9.7,1,0
50,goal_01,col_exit,812,2.1,1,0
51,goal_01,col_retorno,1275,150.49,1,1
52,goal_01,col_exit,896,12.47,1,0
53,goal_01,col_exit,729,-9.4,1,0
54,goal_01,col_exit,721,-10.96,1,0
55,goal_01,col_exit,837,5.98,1,0
56,goal_01,col_retorno,1283,150.66,1,1
57,goal_01,col_exit,931,5.82,1,0
58,goal_01,col_exit,728,-9.2,1,0
59,goal_01,col_exit,724,-10.56,1,0
60,goal_01,col_exit,835,5.59,1,0
61,goal_01,col_retorno,1281,150.13,1,1
62,goal_01,col_exit,932,5.29,1,0
63,goal_01,col_exit,729,-9.57,1,0
64,goal_01,col_exit,776,-5.14,1,0
65,goal_01,col_exit,800,1.17,1,0
66,goal_01,col_retorno,1296,146.98,1,1
67,goal_01,col_exit,897,9.78,1,0
68,goal_01,col_exit,726,-9.25,1,0
69,goal_01,col_exit,779,-4.84,1,0
70,goal_01,col_exit,801,1.37,1,0
71,goal_01,col_retorno,1311,146.53,1,1
72,goal_01,col_exit,886,8.33,1,0
73,goal_01,col_exit,730,-10.49,1,0
74,goal_01,col_exit,809,-5.29,1,0
75,goal_01,col_exit,776,-2.34,1,0
76,goal_01,col_exit,826,4.18,1,0
77,goal_01,col_exit,818,3.02,1,0
78,goal_01,col_retorno,1278,150.24,1,1
79,goal_01,col_exit,928,6.82,1,0
80,goal_01,col_exit,727,-10.17,1,0
81,goal_01,col_exit,716,-11.31,1,0
82,goal_01,col_exit,838,5.51,1,0
83,goal_01,col_retorno,1282,152.42,1,1
84,goal_01,col_exit,934,3.02,1,0
85,goal_01,col_exit,724,-9.97,1,0
86,goal_01,col_exit,718,-11.03,1,0
87,goal_01,col_exit,838,5.5,1,0
88,goal_01,col_retorno,1284,153.1,1,1
89,goal_01,col_exit,935,1.45,1,0
90,goal_01,col_exit,725,-9.79,1,0
91,goal_01,col_exit,719,-11.48,1,0
92,goal_01,col_exit,834,5.55,1,0
93,goal_01,col_retorno,1285,153.21,1,1
94,goal_01,col_exit,918,1.53,1,0
95,goal_01,col_exit,739,-11.76,1,0
96,goal_01,col_exit,726,-11.02,1,0
97,goal_01,col_exit,824,4.07,1,0
98,goal_01,col_retorno,1281,152.16,1,1
99,goal_01,col_exit,914,-2.12,1,0
100,goal_01,col_exit,730,-11.31,1,0
101,goal_02,col_exit,1040,33.06,1,0
102,goal_02,col_exit,1082,38.36,1,0
103,goal_02,col_exit,1099,41.2,1,0
104,goal_02,col_exit,1119,42.33,1,0
105,goal_02,col_exit,1136,43.44,1,0
106,goal_02,col_exit,1117,43.09,1,0
107,goal_02,col_exit,1120,42.58,1,0
108,goal_02,col_exit,1117,41.56,1,0
109,goal_02,col_exit,1145,42.1,1,0
110,goal_02,col_exit,1120,43.26,1,0
111,goal_02,col_exit,1116,42.43,1,0
112,goal_02,col_exit,1119,41.27,1,0
113,goal_02,col_exit,1128,42.1,1,0
114,goal_02,col_exit,1135,44.58,1,0
115,goal_02,col_exit,1114,42.69,1,0
116,goal_02,col_exit,1121,42.39,1,0
117,goal_02,col_exit,1115,40.76,1,0
118,goal_02,col_exit,1144,42.09,1,0
119,goal_02,col_exit,1119,43.24,1,0
120,goal_02,col_exit,1121,42.95,1,0
121,goal_02,col_exit,1116,40.28,1,0
122,goal_02,col_exit,1139,42.58,1,0
123,goal_02,col_exit,1125,43.67,1,0
124,goal_02,col_exit,1118,42.64,1,0
125,goal_02,col_exit,1118,41.61,1,0
126,goal_02,col_exit,1122,41.44,1,0
127,goal_02,col_exit,1138,43.25,1,0
128,goal_02,col_exit,1117,43.17,1,0
129,goal_02,col_exit,1120,42.59,1,0
130,goal_02,col_exit,1118,40.5,1,0
131,goal_02,col_exit,1145,42.1,1,0
132,goal_02,col_exit,1120,43.26,1,0
133,goal_02,col_exit,1116,42.43,1,0
134,goal_02,col_exit,1119,41.28,1,0
135,goal_02,col_exit,1128,42.1,1,0
136,goal_02,col_exit,1135,44.58,1,0
137,goal_02,col_exit,1114,42.69,1,0
138,goal_02,col_exit,1121,42.39,1,0
139,goal_02,col_exit,1115,40.75,1,0
140,goal_02,col_exit,1144,42.09,1,0
141,goal_02,col_exit,1119,43.24,1,0
142,goal_02,col_exit,1121,42.95,1,0
143,goal_02,col_exit,1116,40.28,1,0
144,goal_02,col_exit,1139,42.58,1,0
145,goal_02,col_exit,1125,43.67,1,0
146,goal_02,col_exit,1118,42.64,1,0
147,goal_02,col_exit,1118,41.62,1,0
148,goal_02,col_exit,1122,41.44,1,0
149,goal_02,col_exit,1138,43.25,1,0
150,goal_02,col_exit,1117,43.16,1,0
151,goal_02,col_exit,1120,42.59,1,0
152,goal_02,col_exit,1118,40.5,1,0
153,goal_02,col_exit,1145,42.09,1,0
154,goal_02,col_exit,1120,43.29,1,0
155,goal_02,col_exit,1116,42.42,1,0
156,goal_02,col_exit,1119,41.27,1,0
157,goal_02,col_exit,1128,42.1,1,0
158,goal_02,col_exit,1135,44.59,1,0
159,goal_02,col_exit,1114,42.69,1,0
160,goal_02,col_exit,1121,42.38,1,0
161,goal_02,col_exit,1115,40.77,1,0
162,goal_02,col_exit,1144,42.09,1,0
163,goal_02,col_exit,1119,43.24,1,0
164,goal_02,col_exit,1121,42.94,1,0
165,goal_02,col_exit,1116,40.27,1,0
166,goal_02,col_exit,1139,42.58,1,0
167,goal_02,col_exit,1125,43.66,1,0
168,goal_02,col_exit,1118,42.64,1,0
169,goal_02,col_exit,1118,41.62,1,0
170,goal_02,col_exit,1122,41.44,1,0
171,goal_02,col_exit,1138,43.25,1,0
172,goal_02,col_exit,1117,43.17,1,0
173,goal_02,col_exit,1120,42.59,1,0
174,goal_02,col_exit,1118,40.5,1,0
175,goal_02,col_exit,1145,42.1,1,0
176,goal_02,col_exit,1120,43.26,1,0
177,goal_02,col_exit,1116,42.43,1,0
178,goal_02,col_exit,1119,41.26,1,0
179,goal_02,col_exit,1128,42.1,1,0
180,goal_02,col_exit,1135,44.59,1,0
181,goal_02,col_exit,1114,42.59,1,0
182,goal_02,col_exit,1121,42.38,1,0
183,goal_02,col_exit,1115,40.77,1,0
184,goal_02,col_exit,1144,42.09,1,0
185,goal_02,col_exit,1119,43.24,1,0
186,goal_02,col_exit,1121,42.95,1,0
187,goal_02,col_exit,1116,40.28,1,0
188,goal_02,col_exit,1139,42.58,1,0
189,goal_02,col_exit,1125,43.67,1,0
190,goal_02,col_exit,1118,42.64,1,0
191,goal_02,col_exit,1118,41.62,1,0
192,goal_02,col_exit,1122,41.44,1,0
193,goal_02,col_exit,1138,43.25,1,0
194,goal_02,col_exit,1117,43.17,1,0
195,goal_02,col_exit,1120,42.6,1,0
196,goal_02,col_exit,1118,40.5,1,0
197,goal_02,col_exit,1145,42.1,1,0
198,goal_02,col_exit,1120,43.3,1,0
199,goal_02,col_exit,1116,42.43,1,0
200,goal_02,col_exit,1119,41.28,1,0
201,goal_03,col_exit,1230,58.28,1,0
202,goal_03,col_exit,1191,54.47,1,0
203,goal_03,col_retorno,1737,214.95,1,1
204,goal_03,col_exit,1229,60.13,1,0
205,goal_03,col_exit,1370,70.45,1,0
206,goal_03,col_exit,1216,57.51,1,0
207,goal_03,col_exit,1186,54.19,1,0
208,goal_03,col_retorno,1747,212.8,1,1
209,goal_03,col_exit,1254,64.27,1,0
210,goal_03,col_exit,1334,73.59,1,0
211,goal_03,col_exit,1230,59.38,1,0
212,goal_03,col_retorno,1767,219.54,1,1
213,goal_03,col_retorno,1766,217.69,1,1
214,goal_03,col_exit,1178,53.18,1,0
215,goal_03,col_exit,1355,67.22,1,0
216,goal_03,col_exit,1235,60.64,1,0
217,goal_03,col_exit,1185,53.96,1,0
218,goal_03,col_retorno,1739,215.66,1,1
219,goal_03,col_exit,1271,65.23,1,0
220,goal_03,col_exit,1333,74.02,1,0
221,goal_03,col_exit,1231,59.97,1,0
222,goal_03,col_retorno,1768,219.51,1,1
223,goal_03,col_exit,1331,73.5,1,0
224,goal_03,col_exit,1308,70.16,1,0
225,goal_03,col_exit,1225,59.04,1,0
226,goal_03,col_retorno,1753,215.92,1,1
227,goal_03,col_retorno,1765,215.91,1,1
228,goal_03,col_exit,1183,54.01,1,0
229,goal_03,col_exit,1345,69.04,1,0
230,goal_03,col_exit,1235,59.78,1,0
231,goal_03,col_exit,1188,54.61,1,0
232,goal_03,col_retorno,1738,215.39,1,1
233,goal_03,col_exit,1239,61.24,1,0
234,goal_03,col_exit,1362,75.39,1,0
235,goal_03,col_exit,1228,59.05,1,0
236,goal_03,col_retorno,1775,220.28,1,1
237,goal_03,col_retorno,1765,213.57,1,1
238,goal_03,col_exit,1180,53.3,1,0
239,goal_03,col_exit,1346,72.63,1,0
240,goal_03,col_exit,1234,59.02,1,0
241,goal_03,col_exit,1191,55.04,1,0
242,goal_03,col_retorno,1737,215.07,1,1
243,goal_03,col_exit,1228,59.94,1,0
244,goal_03,col_exit,1375,71.16,1,0
245,goal_03,col_exit,1214,58.71,1,0
246,goal_03,col_exit,1188,52.56,1,0
247,goal_03,col_retorno,1741,214.23,1,1
248,goal_03,col_exit,1258,63.82,1,0
249,goal_03,col_exit,1333,73.73,1,0
250,goal_03,col_exit,1231,59.99,1,0
251,goal_03,col_exit,1187,52.95,1,0
252,goal_03,col_retorno,1739,215.83,1,1
253,goal_03,col_exit,1238,60.9,1,0
254,goal_03,col_exit,1340,70.29,1,0
255,goal_03,col_exit,1236,59.06,1,0
256,goal_03,col_exit,1189,54.68,1,0
257,goal_03,col_retorno,1737,215.14,1,1
258,goal_03,col_exit,1224,59.37,1,0
259,goal_03,col_exit,1379,72.11,1,0
260,goal_03,col_exit,1225,57.27,1,0
261,goal_03,col_retorno,1775,219.94,1,1
262,goal_03,col_exit,1284,68.35,1,0
263,goal_03,col_exit,1333,73.45,1,0
264,goal_03,col_exit,1230,59.04,1,0
265,goal_03,col_retorno,1770,219.74,1,1
266,goal_03,col_exit,1325,73.2,1,0
267,goal_03,col_exit,1309,70.37,1,0
268,goal_03,col_exit,1227,59.91,1,0
269,goal_03,col_retorno,1753,213.83,1,1
270,goal_03,col_retorno,1765,216.58,1,1
271,goal_03,col_exit,1182,53.63,1,0
272,goal_03,col_exit,1358,71.28,1,0
273,goal_03,col_exit,1231,60.31,1,0
274,goal_03,col_exit,1180,53.05,1,0
275,goal_03,col_retorno,1739,216.13,1,1
276,goal_03,col_exit,1271,65.34,1,0
277,goal_03,col_exit,1334,73.82,1,0
278,goal_03,col_exit,1235,60.47,1,0
279,goal_03,col_retorno,1765,218.8,1,1
280,goal_03,col_exit,1325,73.24,1,0
281,goal_03,col_exit,1311,70.15,1,0
282,goal_03,col_exit,1225,59.13,1,0
283,goal_03,col_retorno,1754,214.38,1,1
284,goal_03,col_retorno,1764,216.76,1,1
285,goal_03,col_exit,1178,53.17,1,0
286,goal_03,col_exit,1355,67.68,1,0
287,goal_03,col_exit,1234,60.47,1,0
288,goal_03,col_exit,1185,53.92,1,0
289,goal_03,col_retorno,1739,215.67,1,1
290,goal_03,col_exit,1271,65.23,1,0
291,goal_03,col_exit,1333,74.02,1,0
292,goal_03,col_exit,1231,59.97,1,0
293,goal_03,col_retorno,1768,219.51,1,1
294,goal_03,col_exit,1331,73.49,1,0
295,goal_03,col_exit,1308,70.16,1,0
296,goal_03,col_exit,1225,59.04,1,0
297,goal_03,col_retorno,1753,215.92,1,1
298,goal_03,col_retorno,1765,215.9,1,1
299,goal_03,col_exit,1183,54.01,1,0
300,goal_03,col_exit,1345,69.05,1,0
301,goal_04,col_retorno,1985,257.28,1,1
302,goal_04,exito,2323,554.51,1,1
303,goal_04,exito,2316,555.22,1,1
304,goal_04,col_retorno,2018,262.13,1,1
305,goal_04,exito,2332,554.25,1,1
306,goal_04,exito,2321,556.05,1,1
307,goal_04,exito,2317,555.38,1,1
308,goal_04,col_retorno,2040,264.91,1,1
309,goal_04,exito,2327,555.31,1,1
310,goal_04,exito,2321,555.78,1,1
311,goal_04,exito,2316,555.18,1,1
312,goal_04,col_retorno,2043,265.4,1,1
313,goal_04,exito,2325,556.11,1,1
314,goal_04,exito,2320,555.92,1,1
315,goal_04,exito,2315,554.97,1,1
316,goal_04,col_retorno,2003,260.67,1,1
317,goal_04,exito,2324,556.25,1,1
318,goal_04,exito,2324,556.18,1,1
319,goal_04,exito,2317,555.14,1,1
320,goal_04,col_retorno,2040,264.89,1,1
321,goal_04,exito,2325,555.88,1,1
322,goal_04,exito,2326,555.34,1,1
323,goal_04,exito,2317,555.38,1,1
324,goal_04,col_retorno,2036,264.2,1,1
325,goal_04,exito,2329,555.17,1,1
326,goal_04,exito,2327,554.9,1,1
327,goal_04,exito,2316,555.22,1,1
328,goal_04,col_retorno,2022,262.75,1,1
329,goal_04,exito,2333,554.09,1,1
330,goal_04,exito,2320,555.79,1,1
331,goal_04,exito,2316,555.25,1,1
332,goal_04,col_retorno,2041,265.07,1,1
333,goal_04,exito,2325,556.18,1,1
334,goal_04,exito,2321,555.49,1,1
335,goal_04,exito,2316,555.13,1,1
336,goal_04,col_retorno,2035,263.99,1,1
337,goal_04,exito,2326,555.9,1,1
338,goal_04,exito,2320,555.92,1,1
339,goal_04,exito,2315,554.68,1,1
340,goal_04,col_retorno,2009,261.71,1,1
341,goal_04,exito,2324,555.8,1,1
342,goal_04,exito,2326,555.58,1,1
343,goal_04,exito,2317,555.33,1,1
344,goal_04,col_retorno,2038,264.5,1,1
345,goal_04,exito,2326,555.88,1,1
346,goal_04,exito,2328,554.67,1,1
347,goal_04,exito,2316,555.24,1,1
348,goal_04,col_retorno,2021,262.64,1,1
349,goal_04,exito,2332,554.26,1,1
350,goal_04,exito,2321,556.05,1,1
351,goal_04,exito,2317,555.38,1,1
352,goal_04,col_retorno,2040,264.92,1,1
353,goal_04,exito,2327,555.31,1,1
354,goal_04,exito,2321,555.78,1,1
355,goal_04,exito,2316,555.18,1,1
356,goal_04,col_retorno,2043,265.4,1,1
357,goal_04,exito,2325,556.11,1,1
358,goal_04,exito,2320,555.92,1,1
359,goal_04,exito,2315,554.95,1,1
360,goal_04,col_retorno,2003,260.67,1,1
361,goal_04,exito,2324,556.24,1,1
362,goal_04,exito,2324,556.18,1,1
363,goal_04,exito,2317,555.14,1,1
364,goal_04,col_retorno,2040,264.89,1,1
365,goal_04,exito,2325,555.89,1,1
366,goal_04,exito,2326,555.34,1,1
367,goal_04,exito,2317,555.36,1,1
368,goal_04,col_retorno,2036,264.21,1,1
369,goal_04,exito,2329,555.15,1,1
370,goal_04,exito,2327,554.9,1,1
371,goal_04,exito,2316,555.19,1,1
372,goal_04,col_retorno,2022,262.75,1,1
373,goal_04,exito,2333,554.09,1,1
374,goal_04,exito,2320,555.79,1,1
375,goal_04,exito,2316,555.25,1,1
376,goal_04,col_retorno,2041,265.08,1,1
377,goal_04,exito,2325,556.18,1,1
378,goal_04,exito,2321,555.49,1,1
379,goal_04,exito,2316,555.13,1,1
380,goal_04,col_retorno,2035,264.0,1,1
381,goal_04,exito,2326,555.89,1,1
382,goal_04,exito,2320,555.92,1,1
383,goal_04,exito,2315,554.69,1,1
384,goal_04,col_retorno,2009,261.66,1,1
385,goal_04,exito,2324,555.8,1,1
386,goal_04,exito,2326,555.57,1,1
387,goal_04,exito,2317,555.33,1,1
388,goal_04,col_retorno,2038,264.5,1,1
389,goal_04,exito,2326,555.87,1,1
390,goal_04,exito,2328,554.67,1,1
391,goal_04,exito,2316,555.24,1,1
392,goal_04,col_retorno,2021,262.64,1,1
393,goal_04,exito,2332,554.25,1,1
394,goal_04,exito,2321,556.05,1,1
395,goal_04,exito,2317,555.38,1,1
396,goal_04,col_retorno,2040,264.92,1,1
397,goal_04,exito,2327,555.31,1,1
398,goal_04,exito,2321,555.78,1,1
399,goal_04,exito,2316,555.19,1,1
400,goal_04,col_retorno,2043,265.4,1,1
401,goal_05,col_retorno,814,74.94,1,1
402,goal_05,col_exit,333,-69.03,1,0
403,goal_05,col_exit,446,-52.61,1,0
404,goal_05,col_retorno,862,80.02,1,1
405,goal_05,col_exit,351,-69.2,1,0
406,goal_05,col_retorno,801,77.86,1,1
407,goal_05,col_exit,330,-68.42,1,0
408,goal_05,col_retorno,792,77.21,1,1
409,goal_05,col_exit,331,-69.85,1,0
410,goal_05,col_retorno,808,77.27,1,1
411,goal_05,col_exit,333,-68.73,1,0
412,goal_05,col_exit,443,-53.02,1,0
413,goal_05,col_retorno,866,80.14,1,1
414,goal_05,col_exit,349,-68.57,1,0
415,goal_05,col_retorno,799,77.91,1,1
416,goal_05,col_exit,332,-68.68,1,0
417,goal_05,col_retorno,794,77.38,1,1
418,goal_05,col_exit,328,-68.57,1,0
419,goal_05,col_retorno,810,75.21,1,1
420,goal_05,col_exit,333,-69.0,1,0
421,goal_05,col_exit,442,-52.73,1,0
422,goal_05,col_retorno,866,81.25,1,1
423,goal_05,col_exit,348,-68.36,1,0
424,goal_05,col_retorno,800,77.64,1,1
425,goal_05,col_exit,331,-69.0,1,0
426,goal_05,col_retorno,794,77.61,1,1
427,goal_05,col_exit,329,-68.91,1,0
428,goal_05,col_retorno,811,74.85,1,1
429,goal_05,col_exit,333,-68.88,1,0
430,goal_05,col_retorno,792,77.31,1,1
431,goal_05,col_exit,332,-71.18,1,0
432,goal_05,col_retorno,787,76.44,1,1
433,goal_05,col_exit,327,-69.91,1,0
434,goal_05,col_retorno,791,77.2,1,1
435,goal_05,col_exit,328,-70.77,1,0
436,goal_05,col_retorno,804,74.57,1,1
437,goal_05,col_exit,332,-69.75,1,0
438,goal_05,col_exit,444,-52.49,1,0
439,goal_05,col_retorno,860,80.53,1,1
440,goal_05,col_exit,354,-69.23,1,0
441,goal_05,col_retorno,799,77.24,1,1
442,goal_05,col_exit,331,-68.13,1,0
443,goal_05,col_retorno,789,77.04,1,1
444,goal_05,col_exit,329,-69.04,1,0
445,goal_05,col_retorno,812,74.99,1,1
446,goal_05,col_exit,333,-69.02,1,0
447,goal_05,col_exit,446,-52.61,1,0
448,goal_05,col_retorno,862,80.03,1,1
449,goal_05,col_exit,351,-69.2,1,0
450,goal_05,col_retorno,801,77.86,1,1
451,goal_05,col_exit,330,-68.46,1,0
452,goal_05,col_retorno,792,77.21,1,1
453,goal_05,col_exit,331,-69.85,1,0
454,goal_05,col_retorno,808,77.27,1,1
455,goal_05,col_exit,333,-68.73,1,0
456,goal_05,col_exit,443,-53.01,1,0
457,goal_05,col_retorno,866,80.15,1,1
458,goal_05,col_exit,349,-68.57,1,0
459,goal_05,col_retorno,799,77.9,1,1
460,goal_05,col_exit,332,-68.68,1,0
461,goal_05,col_retorno,794,77.38,1,1
462,goal_05,col_exit,328,-68.57,1,0
463,goal_05,col_retorno,810,75.21,1,1
464,goal_05,col_exit,333,-69.0,1,0
465,goal_05,col_exit,442,-52.73,1,0
466,goal_05,col_retorno,866,81.72,1,1
467,goal_05,col_exit,348,-68.36,1,0
468,goal_05,col_retorno,800,77.64,1,1
469,goal_05,col_exit,331,-69.0,1,0
470,goal_05,col_retorno,794,77.61,1,1
471,goal_05,col_exit,329,-68.91,1,0
472,goal_05,col_retorno,811,74.84,1,1
473,goal_05,col_exit,333,-68.88,1,0
474,goal_05,col_retorno,792,77.31,1,1
475,goal_05,col_exit,332,-71.18,1,0
476,goal_05,col_retorno,787,76.44,1,1
477,goal_05,col_exit,327,-69.91,1,0
478,goal_05,col_retorno,791,77.2,1,1
479,goal_05,col_exit,328,-70.77,1,0
480,goal_05,col_retorno,804,74.58,1,1
481,goal_05,col_exit,332,-69.75,1,0
482,goal_05,col_exit,444,-52.49,1,0
483,goal_05,col_retorno,860,80.53,1,1
484,goal_05,col_exit,354,-69.23,1,0
485,goal_05,col_retorno,799,77.24,1,1
486,goal_05,col_exit,331,-68.13,1,0
487,goal_05,col_retorno,789,77.05,1,1
488,goal_05,col_exit,329,-69.04,1,0
489,goal_05,col_retorno,812,74.99,1,1
490,goal_05,col_exit,333,-69.02,1,0
491,goal_05,col_exit,446,-52.61,1,0
492,goal_05,col_retorno,862,80.04,1,1
493,goal_05,col_exit,351,-69.2,1,0
494,goal_05,col_retorno,801,77.84,1,1
495,goal_05,col_exit,330,-68.46,1,0
496,goal_05,col_retorno,792,77.19,1,1
497,goal_05,col_exit,330,-69.48,1,0
498,goal_05,col_retorno,811,75.57,1,1
499,goal_05,col_exit,332,-68.83,1,0
500,goal_05,col_exit,442,-53.2,1,0
501,goal_06,col_exit,521,-42.12,1,0
502,goal_06,col_exit,540,-42.51,1,0
503,goal_06,col_exit,556,-42.71,1,0
504,goal_06,col_exit,555,-39.16,1,0
505,goal_06,col_exit,557,-38.23,1,0
506,goal_06,col_exit,556,-38.76,1,0
507,goal_06,col_exit,555,-38.97,1,0
508,goal_06,col_exit,560,-37.69,1,0
509,goal_06,col_exit,567,-36.4,1,0
510,goal_06,col_exit,562,-37.58,1,0
511,goal_06,col_exit,557,-38.6,1,0
512,goal_06,col_exit,556,-38.48,1,0
513,goal_06,col_exit,574,-39.63,1,0
514,goal_06,col_exit,564,-38.97,1,0
515,goal_06,col_exit,556,-38.79,1,0
516,goal_06,col_exit,556,-38.5,1,0
517,goal_06,col_exit,566,-36.8,1,0
518,goal_06,col_exit,565,-37.04,1,0
519,goal_06,col_exit,559,-38.19,1,0
520,goal_06,col_exit,557,-38.32,1,0
521,goal_06,col_exit,557,-38.21,1,0
522,goal_06,col_exit,575,-40.26,1,0
523,goal_06,col_exit,561,-38.82,1,0
524,goal_06,col_exit,557,-38.36,1,0
525,goal_06,col_exit,556,-38.22,1,0
526,goal_06,col_exit,567,-37.01,1,0
527,goal_06,col_exit,564,-37.28,1,0
528,goal_06,col_exit,559,-37.96,1,0
529,goal_06,col_exit,557,-38.21,1,0
530,goal_06,col_exit,566,-38.88,1,0
531,goal_06,col_exit,569,-40.52,1,0
532,goal_06,col_exit,558,-38.19,1,0
533,goal_06,col_exit,557,-38.23,1,0
534,goal_06,col_exit,556,-38.45,1,0
535,goal_06,col_exit,566,-36.99,1,0
536,goal_06,col_exit,564,-37.04,1,0
537,goal_06,col_exit,560,-37.65,1,0
538,goal_06,col_exit,557,-38.51,1,0
539,goal_06,col_exit,569,-40.78,1,0
540,goal_06,col_exit,564,-37.96,1,0
541,goal_06,col_exit,559,-37.85,1,0
542,goal_06,col_exit,557,-38.52,1,0
543,goal_06,col_exit,557,-38.43,1,0
544,goal_06,col_exit,567,-36.51,1,0
545,goal_06,col_exit,564,-36.91,1,0
546,goal_06,col_exit,559,-38.12,1,0
547,goal_06,col_exit,555,-38.85,1,0
548,goal_06,col_exit,569,-39.38,1,0
549,goal_06,col_exit,566,-37.87,1,0
550,goal_06,col_exit,559,-38.32,1,0
551,goal_06,col_exit,556,-38.78,1,0
552,goal_06,col_exit,560,-37.58,1,0
553,goal_06,col_exit,567,-36.44,1,0
554,goal_06,col_exit,562,-37.57,1,0
555,goal_06,col_exit,557,-38.6,1,0
556,goal_06,col_exit,556,-38.48,1,0
557,goal_06,col_exit,574,-39.63,1,0
558,goal_06,col_exit,564,-38.97,1,0
559,goal_06,col_exit,556,-38.79,1,0
560,goal_06,col_exit,556,-38.5,1,0
561,goal_06,col_exit,566,-36.8,1,0
562,goal_06,col_exit,565,-37.04,1,0
563,goal_06,col_exit,559,-38.2,1,0
564,goal_06,col_exit,557,-38.32,1,0
565,goal_06,col_exit,557,-38.21,1,0
566,goal_06,col_exit,575,-40.26,1,0
567,goal_06,col_exit,561,-38.82,1,0
568,goal_06,col_exit,557,-38.35,1,0
569,goal_06,col_exit,556,-38.21,1,0
570,goal_06,col_exit,567,-37.02,1,0
571,goal_06,col_exit,564,-37.27,1,0
572,goal_06,col_exit,559,-37.96,1,0
573,goal_06,col_exit,557,-38.21,1,0
574,goal_06,col_exit,566,-38.88,1,0
575,goal_06,col_exit,569,-40.52,1,0
576,goal_06,col_exit,558,-38.19,1,0
577,goal_06,col_exit,557,-38.22,1,0
578,goal_06,col_exit,556,-38.44,1,0
579,goal_06,col_exit,566,-37.0,1,0
580,goal_06,col_exit,564,-37.04,1,0
581,goal_06,col_exit,560,-37.65,1,0
582,goal_06,col_exit,557,-38.51,1,0
583,goal_06,col_exit,569,-40.78,1,0
584,goal_06,col_exit,564,-37.96,1,0
585,goal_06,col_exit,559,-37.85,1,0
586,goal_06,col_exit,557,-38.52,1,0
587,goal_06,col_exit,557,-38.42,1,0
588,goal_06,col_exit,567,-36.5,1,0
589,goal_06,col_exit,564,-36.92,1,0
590,goal_06,col_exit,559,-38.12,1,0
591,goal_06,col_exit,555,-38.85,1,0
592,goal_06,col_exit,569,-39.38,1,0
593,goal_06,col_exit,566,-37.87,1,0
594,goal_06,col_exit,559,-38.32,1,0
595,goal_06,col_exit,556,-38.79,1,0
596,goal_06,col_exit,560,-37.58,1,0
597,goal_06,col_exit,567,-36.44,1,0
598,goal_06,col_exit,562,-37.57,1,0
599,goal_06,col_exit,557,-38.59,1,0
600,goal_06,col_exit,556,-38.48,1,0
601,goal_07,col_exit,637,-23.94,1,0
602,goal_07,col_exit,608,-30.06,1,0
603,goal_07,col_retorno,1181,135.77,1,1
604,goal_07,col_retorno,1161,132.61,1,1
605,goal_07,col_exit,638,-23.88,1,0
606,goal_07,col_exit,609,-38.62,1,0
607,goal_07,col_exit,764,-10.43,1,0
608,goal_07,col_exit,646,-22.84,1,0
609,goal_07,col_exit,612,-28.05,1,0
610,goal_07,col_exit,583,-30.85,1,0
611,goal_07,col_retorno,1148,132.0,1,1
612,goal_07,col_retorno,1144,127.9,1,1
613,goal_07,col_retorno,1136,130.23,1,1
614,goal_07,col_retorno,1167,132.33,1,1
615,goal_07,col_exit,622,-25.95,1,0
616,goal_07,col_exit,622,-30.4,1,0
617,goal_07,col_exit,731,-11.59,1,0
618,goal_07,col_exit,652,-21.74,1,0
619,goal_07,col_exit,604,-28.57,1,0
620,goal_07,col_exit,600,-32.43,1,0
621,goal_07,col_retorno,1170,134.96,1,1
622,goal_07,col_retorno,1167,134.04,1,1
623,goal_07,col_exit,634,-24.74,1,0
624,goal_07,col_exit,604,-37.52,1,0
625,goal_07,col_exit,765,-11.72,1,0
626,goal_07,col_exit,647,-22.23,1,0
627,goal_07,col_exit,615,-28.13,1,0
628,goal_07,col_retorno,1177,135.77,1,1
629,goal_07,col_retorno,1154,131.45,1,1
630,goal_07,col_exit,647,-22.3,1,0
631,goal_07,col_exit,595,-34.04,1,0
632,goal_07,col_exit,782,-12.24,1,0
633,goal_07,col_exit,644,-23.18,1,0
634,goal_07,col_exit,613,-26.54,1,0
635,goal_07,col_retorno,1176,135.16,1,1
636,goal_07,col_retorno,1151,128.31,1,1
637,goal_07,col_retorno,1136,128.71,1,1
638,goal_07,col_exit,710,-14.08,1,0
639,goal_07,col_exit,742,-10.72,1,0
640,goal_07,col_exit,649,-22.18,1,0
641,goal_07,col_exit,606,-28.21,1,0
642,goal_07,col_retorno,1186,135.65,1,1
643,goal_07,col_retorno,1138,130.65,1,1
644,goal_07,col_retorno,1141,129.96,1,1
645,goal_07,col_retorno,1156,132.05,1,1
646,goal_07,col_exit,630,-25.14,1,0
647,goal_07,col_exit,607,-37.54,1,0
648,goal_07,col_exit,765,-11.51,1,0
649,goal_07,col_exit,645,-22.84,1,0
650,goal_07,col_exit,611,-29.18,1,0
651,goal_07,col_exit,585,-31.04,1,0
652,goal_07,col_retorno,1150,131.45,1,1
653,goal_07,col_retorno,1134,130.28,1,1
654,goal_07,col_retorno,1138,130.03,1,1
655,goal_07,col_retorno,1168,132.67,1,1
656,goal_07,col_exit,624,-26.31,1,0
657,goal_07,col_exit,627,-28.18,1,0
658,goal_07,col_exit,730,-12.12,1,0
659,goal_07,col_exit,651,-21.97,1,0
660,goal_07,col_exit,603,-28.35,1,0
661,goal_07,col_exit,600,-34.4,1,0
662,goal_07,col_retorno,1172,135.16,1,1
663,goal_07,col_retorno,1163,132.9,1,1
664,goal_07,col_exit,637,-24.38,1,0
665,goal_07,col_exit,780,-24.83,1,0
666,goal_07,col_exit,655,-20.83,1,0
667,goal_07,col_exit,605,-27.93,1,0
668,goal_07,col_exit,599,-29.82,1,0
669,goal_07,col_retorno,1172,134.8,1,1
670,goal_07,col_retorno,1161,133.67,1,1
671,goal_07,col_exit,639,-24.13,1,0
672,goal_07,col_exit,597,-35.0,1,0
673,goal_07,col_exit,773,-13.26,1,0
674,goal_07,col_exit,647,-22.35,1,0
675,goal_07,col_exit,612,-26.21,1,0
676,goal_07,col_exit,584,-30.92,1,0
677,goal_07,col_retorno,1163,132.73,1,1
678,goal_07,col_retorno,1138,129.51,1,1
679,goal_07,col_retorno,1139,129.41,1,1
680,goal_07,col_exit,710,-14.1,1,0
681,goal_07,col_exit,741,-10.89,1,0
682,goal_07,col_exit,650,-21.78,1,0
683,goal_07,col_exit,605,-27.52,1,0
684,goal_07,col_exit,584,-30.52,1,0
685,goal_07,col_retorno,1158,128.69,1,1
686,goal_07,col_retorno,1150,132.91,1,1
687,goal_07,col_retorno,1166,133.33,1,1
688,goal_07,col_exit,638,-24.5,1,0
689,goal_07,col_exit,778,-25.64,1,0
690,goal_07,col_exit,654,-20.99,1,0
691,goal_07,col_exit,605,-27.5,1,0
692,goal_07,col_exit,600,-29.92,1,0
693,goal_07,col_retorno,1172,134.51,1,1
694,goal_07,col_retorno,1161,132.62,1,1
695,goal_07,col_exit,639,-23.71,1,0
696,goal_07,col_exit,609,-38.63,1,0
697,goal_07,col_exit,764,-10.37,1,0
698,goal_07,col_exit,646,-22.83,1,0
699,goal_07,col_exit,612,-27.83,1,0
700,goal_07,col_exit,583,-30.86,1,0
701,goal_08,col_approach,459,-100.82,0,0
702,goal_08,exito,1433,416.3,1,1
703,goal_08,col_exit,705,-28.12,1,0
704,goal_08,col_approach,347,-116.12,0,0
705,goal_08,col_retorno,1107,117.29,1,1
706,goal_08,col_retorno,1117,114.24,1,1
707,goal_08,col_approach,415,-108.56,0,0
708,goal_08,col_approach,490,-95.78,0,0
709,goal_08,exito,1445,417.7,1,1
710,goal_08,col_exit,706,-30.52,1,0
711,goal_08,col_approach,346,-117.86,0,0
712,goal_08,col_exit,782,-18.11,1,0
713,goal_08,col_approach,350,-116.32,0,0
714,goal_08,col_exit,760,-19.94,1,0
715,goal_08,col_approach,347,-116.29,0,0
716,goal_08,col_retorno,1098,118.07,1,1
717,goal_08,col_retorno,1135,114.6,1,1
718,goal_08,col_retorno,1117,114.41,1,1
719,goal_08,col_retorno,1120,114.02,1,1
720,goal_08,col_retorno,1117,114.83,1,1
721,goal_08,col_retorno,1139,111.44,1,1
722,goal_08,col_retorno,1125,115.13,1,1
723,goal_08,col_retorno,1114,115.13,1,1
724,goal_08,col_retorno,1122,114.16,1,1
725,goal_08,col_retorno,1121,114.07,1,1
726,goal_08,col_retorno,1133,118.88,1,1
727,goal_08,col_retorno,1121,114.96,1,1
728,goal_08,col_retorno,1122,113.95,1,1
729,goal_08,col_retorno,1118,114.67,1,1
730,goal_08,col_retorno,1134,114.36,1,1
731,goal_08,col_retorno,1128,114.15,1,1
732,goal_08,col_retorno,1118,113.89,1,1
733,goal_08,col_approach,416,-108.54,0,0
734,goal_08,col_approach,490,-95.78,0,0
735,goal_08,exito,1445,417.7,1,1
736,goal_08,col_exit,706,-30.52,1,0
737,goal_08,col_approach,346,-117.85,0,0
738,goal_08,col_exit,782,-18.11,1,0
739,goal_08,col_approach,350,-116.32,0,0
740,goal_08,col_exit,760,-19.93,1,0
741,goal_08,col_approach,347,-116.29,0,0
742,goal_08,col_retorno,1098,118.07,1,1
743,goal_08,col_retorno,1135,114.6,1,1
744,goal_08,col_retorno,1117,114.45,1,1
745,goal_08,col_retorno,1120,114.02,1,1
746,goal_08,col_retorno,1117,114.84,1,1
747,goal_08,col_retorno,1139,111.44,1,1
748,goal_08,col_retorno,1125,115.13,1,1
749,goal_08,col_retorno,1114,115.13,1,1
750,goal_08,col_retorno,1122,114.16,1,1
751,goal_08,col_retorno,1121,114.07,1,1
752,goal_08,col_retorno,1133,118.89,1,1
753,goal_08,col_retorno,1121,114.96,1,1
754,goal_08,col_retorno,1122,113.95,1,1
755,goal_08,col_retorno,1118,114.67,1,1
756,goal_08,col_retorno,1134,114.36,1,1
757,goal_08,col_retorno,1128,114.15,1,1
758,goal_08,col_retorno,1118,113.89,1,1
759,goal_08,col_approach,416,-108.54,0,0
760,goal_08,col_approach,490,-95.78,0,0
761,goal_08,exito,1445,417.7,1,1
762,goal_08,col_exit,706,-30.52,1,0
763,goal_08,col_approach,346,-117.83,0,0
764,goal_08,col_exit,782,-18.11,1,0
765,goal_08,col_approach,350,-116.32,0,0
766,goal_08,col_exit,760,-19.94,1,0
767,goal_08,col_approach,347,-116.29,0,0
768,goal_08,col_retorno,1098,118.06,1,1
769,goal_08,col_retorno,1135,114.61,1,1
770,goal_08,col_retorno,1117,114.41,1,1
771,goal_08,col_retorno,1120,114.02,1,1
772,goal_08,col_retorno,1117,114.83,1,1
773,goal_08,col_retorno,1139,111.44,1,1
774,goal_08,col_retorno,1125,114.91,1,1
775,goal_08,col_retorno,1114,115.13,1,1
776,goal_08,col_retorno,1122,114.16,1,1
777,goal_08,col_retorno,1121,114.07,1,1
778,goal_08,col_retorno,1133,118.88,1,1
779,goal_08,col_retorno,1121,114.99,1,1
780,goal_08,col_retorno,1122,113.95,1,1
781,goal_08,col_retorno,1118,114.67,1,1
782,goal_08,col_retorno,1134,114.36,1,1
783,goal_08,col_retorno,1128,114.15,1,1
784,goal_08,col_retorno,1118,113.89,1,1
785,goal_08,col_approach,416,-108.54,0,0
786,goal_08,col_approach,490,-95.79,0,0
787,goal_08,exito,1445,417.7,1,1
788,goal_08,col_exit,706,-30.52,1,0
789,goal_08,col_approach,346,-117.84,0,0
790,goal_08,col_exit,782,-18.11,1,0
791,goal_08,col_approach,350,-116.31,0,0
792,goal_08,col_exit,760,-19.95,1,0
793,goal_08,col_approach,347,-116.29,0,0
794,goal_08,col_retorno,1098,117.98,1,1
795,goal_08,col_retorno,1135,114.6,1,1
796,goal_08,col_retorno,1117,114.42,1,1
797,goal_08,col_retorno,1120,114.02,1,1
798,goal_08,col_retorno,1117,114.83,1,1
799,goal_08,col_retorno,1139,111.44,1,1
800,goal_08,col_retorno,1125,114.91,1,1
801,goal_09,exito,1685,447.5,1,1
802,goal_09,exito,1681,448.02,1,1
803,goal_09,exito,1679,447.55,1,1
804,goal_09,exito,1678,448.31,1,1
805,goal_09,exito,1685,447.46,1,1
806,goal_09,exito,1683,447.27,1,1
807,goal_09,exito,1677,448.58,1,1
808,goal_09,exito,1686,446.47,1,1
809,goal_09,exito,1686,447.11,1,1
810,goal_09,col_approach,418,-105.91,0,0
811,goal_09,col_approach,510,-93.93,0,0
812,goal_09,col_retorno,1352,151.81,1,1
813,goal_09,exito,1684,446.73,1,1
814,goal_09,exito,1678,448.31,1,1
815,goal_09,exito,1689,445.72,1,1
816,goal_09,exito,1688,446.68,1,1
817,goal_09,exito,1679,448.15,1,1
818,goal_09,exito,1686,446.58,1,1
819,goal_09,exito,1689,445.89,1,1
820,goal_09,exito,1680,448.06,1,1
821,goal_09,col_approach,426,-107.83,0,0
822,goal_09,col_approach,493,-95.99,0,0
823,goal_09,col_retorno,1365,149.68,1,1
824,goal_09,exito,1678,448.04,1,1
825,goal_09,exito,1687,446.01,1,1
826,goal_09,exito,1682,446.84,1,1
827,goal_09,exito,1682,447.79,1,1
828,goal_09,exito,1689,445.6,1,1
829,goal_09,exito,1679,447.53,1,1
830,goal_09,exito,1680,447.18,1,1
831,goal_09,col_approach,421,-110.15,0,0
832,goal_09,col_approach,497,-95.67,0,0
833,goal_09,col_retorno,1359,153.56,1,1
834,goal_09,exito,1682,447.65,1,1
835,goal_09,exito,1677,448.23,1,1
836,goal_09,exito,1683,447.23,1,1
837,goal_09,exito,1684,446.76,1,1
838,goal_09,exito,1681,448.59,1,1
839,goal_09,col_approach,419,-108.87,0,0
840,goal_09,col_approach,490,-96.06,0,0
841,goal_09,col_retorno,1366,150.53,1,1
842,goal_09,exito,1678,448.03,1,1
843,goal_09,exito,1686,445.8,1,1
844,goal_09,exito,1687,445.77,1,1
845,goal_09,exito,1682,447.92,1,1
846,goal_09,exito,1690,445.4,1,1
847,goal_09,exito,1685,446.11,1,1
848,goal_09,exito,1679,447.33,1,1
849,goal_09,exito,1692,445.7,1,1
850,goal_09,exito,1688,445.82,1,1
851,goal_09,exito,1677,448.05,1,1
852,goal_09,exito,1689,445.5,1,1
853,goal_09,exito,1692,446.01,1,1
854,goal_09,exito,1680,448.06,1,1
855,goal_09,exito,1686,446.41,1,1
856,goal_09,exito,1688,445.73,1,1
857,goal_09,exito,1682,448.15,1,1
858,goal_09,exito,1688,446.34,1,1
859,goal_09,exito,1685,446.07,1,1
860,goal_09,exito,1678,447.65,1,1
861,goal_09,col_approach,422,-110.08,0,0
862,goal_09,col_approach,493,-95.65,0,0
863,goal_09,col_retorno,1362,150.18,1,1
864,goal_09,exito,1680,447.51,1,1
865,goal_09,exito,1689,445.26,1,1
866,goal_09,exito,1677,447.77,1,1
867,goal_09,exito,1681,447.09,1,1
868,goal_09,exito,1687,447.09,1,1
869,goal_09,exito,1681,447.91,1,1
870,goal_09,exito,1680,447.6,1,1
871,goal_09,exito,1678,448.37,1,1
872,goal_09,exito,1686,447.43,1,1
873,goal_09,exito,1683,447.27,1,1
874,goal_09,exito,1677,448.58,1,1
875,goal_09,exito,1686,446.47,1,1
876,goal_09,exito,1686,447.1,1,1
877,goal_09,col_approach,418,-105.91,0,0
878,goal_09,col_approach,510,-93.92,0,0
879,goal_09,col_retorno,1352,151.82,1,1
880,goal_09,exito,1684,446.74,1,1
881,goal_09,exito,1678,448.31,1,1
882,goal_09,exito,1690,445.53,1,1
883,goal_09,exito,1688,446.86,1,1
884,goal_09,exito,1678,448.09,1,1
885,goal_09,exito,1686,446.58,1,1
886,goal_09,exito,1689,445.91,1,1
887,goal_09,exito,1680,448.06,1,1
888,goal_09,col_approach,426,-107.83,0,0
889,goal_09,col_approach,493,-95.98,0,0
890,goal_09,col_retorno,1365,149.73,1,1
891,goal_09,exito,1678,448.04,1,1
892,goal_09,exito,1687,446.01,1,1
893,goal_09,exito,1682,446.84,1,1
894,goal_09,exito,1682,447.8,1,1
895,goal_09,exito,1689,445.61,1,1
896,goal_09,exito,1679,447.53,1,1
897,goal_09,exito,1680,447.1,1,1
898,goal_09,col_approach,421,-110.15,0,0
899,goal_09,col_approach,497,-95.68,0,0
900,goal_09,col_retorno,1359,153.56,1,1
901,goal_10,col_retorno,1585,185.21,1,1
902,goal_10,col_approach,443,-102.51,0,0
903,goal_10,exito,1903,479.42,1,1
904,goal_10,col_retorno,1587,184.82,1,1
905,goal_10,col_approach,453,-102.15,0,0
906,goal_10,exito,1901,480.06,1,1
907,goal_10,col_retorno,1585,183.06,1,1
908,goal_10,exito,1902,476.75,1,1
909,goal_10,exito,1903,480.13,1,1
910,goal_10,exito,1903,479.7,1,1
911,goal_10,col_retorno,1615,189.44,1,1
912,goal_10,exito,1894,479.39,1,1
913,goal_10,col_retorno,1582,181.44,1,1
914,goal_10,col_retorno,1587,185.3,1,1
915,goal_10,col_approach,448,-101.0,0,0
916,goal_10,col_approach,506,-94.88,0,0
917,goal_10,exito,1909,480.04,1,1
918,goal_10,col_retorno,1611,188.41,1,1
919,goal_10,col_approach,443,-102.56,0,0
920,goal_10,exito,1903,479.41,1,1
921,goal_10,col_retorno,1588,184.87,1,1
922,goal_10,col_approach,453,-102.15,0,0
923,goal_10,exito,1901,480.06,1,1
924,goal_10,col_retorno,1586,183.29,1,1
925,goal_10,exito,1902,476.71,1,1
926,goal_10,exito,1903,480.32,1,1
927,goal_10,exito,1903,479.76,1,1
928,goal_10,col_retorno,1614,189.18,1,1
929,goal_10,exito,1896,479.75,1,1
930,goal_10,exito,1915,476.41,1,1
931,goal_10,exito,1902,480.28,1,1
932,goal_10,col_retorno,1593,182.97,1,1
933,goal_10,col_approach,450,-104.59,0,0
934,goal_10,col_approach,501,-95.12,0,0
935,goal_10,exito,1915,478.36,1,1
936,goal_10,col_retorno,1617,188.82,1,1
937,goal_10,col_approach,441,-102.45,0,0
938,goal_10,exito,1906,478.77,1,1
939,goal_10,col_retorno,1601,186.68,1,1
940,goal_10,col_approach,450,-100.57,0,0
941,goal_10,col_approach,510,-94.01,0,0
942,goal_10,exito,1905,479.57,1,1
943,goal_10,col_retorno,1636,192.27,1,1
944,goal_10,col_approach,451,-100.35,0,0
945,goal_10,col_approach,504,-95.01,0,0
946,goal_10,exito,1906,479.42,1,1
947,goal_10,col_retorno,1640,191.89,1,1
948,goal_10,exito,1894,479.58,1,1
949,goal_10,exito,1913,476.97,1,1
950,goal_10,exito,1901,480.13,1,1
951,goal_10,col_retorno,1591,183.02,1,1
952,goal_10,col_approach,450,-104.62,0,0
953,goal_10,col_approach,500,-94.88,0,0
954,goal_10,exito,1915,478.36,1,1
955,goal_10,col_retorno,1617,188.82,1,1
956,goal_10,col_approach,441,-102.45,0,0
957,goal_10,exito,1906,478.77,1,1
958,goal_10,col_retorno,1601,186.68,1,1
959,goal_10,col_approach,450,-100.57,0,0
960,goal_10,col_approach,510,-94.0,0,0
961,goal_10,exito,1905,479.58,1,1
962,goal_10,col_retorno,1636,192.27,1,1
963,goal_10,col_approach,451,-100.35,0,0
964,goal_10,col_approach,504,-95.01,0,0
965,goal_10,exito,1906,479.42,1,1
966,goal_10,col_retorno,1640,191.89,1,1
967,goal_10,exito,1894,479.58,1,1
968,goal_10,exito,1913,476.97,1,1
969,goal_10,exito,1902,480.34,1,1
970,goal_10,col_approach,403,-111.12,0,0
971,goal_10,col_approach,486,-96.43,0,0
972,goal_10,exito,1906,479.81,1,1
973,goal_10,col_retorno,1605,186.17,1,1
974,goal_10,exito,1893,479.06,1,1
975,goal_10,col_retorno,1575,178.94,1,1
976,goal_10,col_retorno,1584,185.62,1,1
977,goal_10,exito,1895,478.8,1,1
978,goal_10,col_retorno,1583,180.43,1,1
979,goal_10,col_retorno,1589,186.45,1,1
980,goal_10,col_approach,451,-100.53,0,0
981,goal_10,col_approach,506,-94.65,0,0
982,goal_10,exito,1907,479.4,1,1
983,goal_10,col_retorno,1641,192.07,1,1
984,goal_10,exito,1894,479.58,1,1
985,goal_10,exito,1913,476.97,1,1
986,goal_10,exito,1901,480.11,1,1
987,goal_10,col_retorno,1591,183.01,1,1
988,goal_10,col_approach,450,-104.62,0,0
989,goal_10,col_approach,500,-94.87,0,0
990,goal_10,exito,1915,478.34,1,1
991,goal_10,col_retorno,1617,188.76,1,1
992,goal_10,col_approach,441,-102.45,0,0
993,goal_10,exito,1906,478.78,1,1
994,goal_10,col_retorno,1601,186.63,1,1
995,goal_10,col_approach,450,-100.56,0,0
996,goal_10,col_approach,510,-94.01,0,0
997,goal_10,exito,1905,479.56,1,1
998,goal_10,col_retorno,1636,192.27,1,1
999,goal_10,col_approach,451,-100.35,0,0
1000,goal_10,col_approach,504,-95.01,0,0
1001,goal_11,col_retorno,2491,314.25,1,1
1002,goal_11,exito,2808,619.29,1,1
1003,goal_11,exito,2809,617.24,1,1
1004,goal_11,exito,2806,618.19,1,1
1005,goal_11,exito,2811,619.34,1,1
1006,goal_11,exito,2810,619.78,1,1
1007,goal_11,exito,2804,618.41,1,1
1008,goal_11,exito,2806,618.92,1,1
1009,goal_11,exito,2810,620.05,1,1
1010,goal_11,exito,2815,617.66,1,1
1011,goal_11,exito,2806,618.38,1,1
1012,goal_11,exito,2812,617.12,1,1
1013,goal_11,exito,2811,619.68,1,1
1014,goal_11,exito,2809,619.18,1,1
1015,goal_11,exito,2805,618.51,1,1
1016,goal_11,exito,2807,618.29,1,1
1017,goal_11,exito,2810,619.54,1,1
1018,goal_11,exito,2808,619.4,1,1
1019,goal_11,exito,2814,615.84,1,1
1020,goal_11,exito,2809,617.81,1,1
1021,goal_11,exito,2816,618.37,1,1
1022,goal_11,exito,2809,619.01,1,1
1023,goal_11,exito,2806,617.98,1,1
1024,goal_11,exito,2806,618.36,1,1
1025,goal_11,exito,2812,619.55,1,1
1026,goal_11,exito,2811,618.52,1,1
1027,goal_11,exito,2805,617.84,1,1
1028,goal_11,col_retorno,2414,310.31,1,1
1029,goal_11,exito,2798,617.72,1,1
1030,goal_11,exito,2800,618.88,1,1
1031,goal_11,exito,2805,619.66,1,1
1032,goal_11,exito,2803,618.98,1,1
1033,goal_11,exito,2801,618.3,1,1
1034,goal_11,exito,2803,619.51,1,1
1035,goal_11,exito,2807,619.9,1,1
1036,goal_11,exito,2805,619.26,1,1
1037,goal_11,exito,2803,619.09,1,1
1038,goal_11,exito,2814,618.35,1,1
1039,goal_11,exito,2810,619.63,1,1
1040,goal_11,exito,2809,618.2,1,1
1041,goal_11,exito,2804,618.47,1,1
1042,goal_11,exito,2809,619.88,1,1
1043,goal_11,exito,2808,619.92,1,1
1044,goal_11,exito,2805,618.77,1,1
1045,goal_11,exito,2805,618.75,1,1
1046,goal_11,exito,2808,619.8,1,1
1047,goal_11,exito,2815,617.97,1,1
1048,goal_11,exito,2803,618.64,1,1
1049,goal_11,exito,2812,617.46,1,1
1050,goal_11,exito,2811,619.48,1,1
1051,goal_11,exito,2811,619.42,1,1
1052,goal_11,exito,2804,618.4,1,1
1053,goal_11,exito,2807,618.78,1,1
1054,goal_11,exito,2810,620.01,1,1
1055,goal_11,exito,2807,619.57,1,1
1056,goal_11,exito,2812,616.71,1,1
1057,goal_11,exito,2805,619.04,1,1
1058,goal_11,exito,2817,618.01,1,1
1059,goal_11,exito,2810,619.35,1,1
1060,goal_11,exito,2807,618.2,1,1
1061,goal_11,exito,2807,618.5,1,1
1062,goal_11,exito,2812,619.5,1,1
1063,goal_11,exito,2811,618.76,1,1
1064,goal_11,exito,2805,618.54,1,1
1065,goal_11,exito,2816,615.6,1,1
1066,goal_11,exito,2813,619.18,1,1
1067,goal_11,exito,2813,618.45,1,1
1068,goal_11,exito,2806,618.07,1,1
1069,goal_11,exito,2807,618.18,1,1
1070,goal_11,exito,2812,619.62,1,1
1071,goal_11,exito,2809,619.29,1,1
1072,goal_11,exito,2809,617.05,1,1
1073,goal_11,exito,2806,618.14,1,1
1074,goal_11,exito,2817,617.92,1,1
1075,goal_11,exito,2810,618.86,1,1
1076,goal_11,exito,2808,617.37,1,1
1077,goal_11,exito,2807,618.91,1,1
1078,goal_11,exito,2811,619.14,1,1
1079,goal_11,exito,2807,618.75,1,1
1080,goal_11,exito,2804,617.2,1,1
1081,goal_11,col_retorno,2408,309.38,1,1
1082,goal_11,exito,2801,617.28,1,1
1083,goal_11,exito,2803,618.89,1,1
1084,goal_11,exito,2809,619.6,1,1
1085,goal_11,exito,2804,618.98,1,1
1086,goal_11,exito,2802,618.43,1,1
1087,goal_11,exito,2804,619.76,1,1
1088,goal_11,exito,2806,619.93,1,1
1089,goal_11,exito,2805,619.31,1,1
1090,goal_11,exito,2803,618.83,1,1
1091,goal_11,exito,2809,619.57,1,1
1092,goal_11,exito,2808,620.23,1,1
1093,goal_11,exito,2810,617.86,1,1
1094,goal_11,exito,2806,618.34,1,1
1095,goal_11,exito,2812,619.0,1,1
1096,goal_11,exito,2808,619.85,1,1
1097,goal_11,exito,2805,618.51,1,1
1098,goal_11,exito,2804,618.59,1,1
1099,goal_11,exito,2810,619.82,1,1
1100,goal_11,exito,2812,619.36,1,1
1101,goal_12,col_retorno,2255,287.92,1,1
1102,goal_12,col_retorno,2247,289.04,1,1
1103,goal_12,col_retorno,2250,288.22,1,1
1104,goal_12,col_retorno,2244,288.14,1,1
1105,goal_12,col_retorno,2259,288.88,1,1
1106,goal_12,col_exit,1916,152.18,1,0
1107,goal_12,exito,2590,588.34,1,1
1108,goal_12,col_exit,1913,151.54,1,0
1109,goal_12,exito,2591,587.82,1,1
1110,goal_12,col_exit,1912,151.36,1,0
1111,goal_12,exito,2592,587.78,1,1
1112,goal_12,col_exit,1910,150.49,1,0
1113,goal_12,exito,2594,587.24,1,1
1114,goal_12,col_exit,1907,150.04,1,0
1115,goal_12,exito,2587,588.86,1,1
1116,goal_12,col_exit,1888,147.22,1,0
1117,goal_12,exito,2588,588.63,1,1
1118,goal_12,col_retorno,2256,289.59,1,1
1119,goal_12,col_exit,1914,151.85,1,0
1120,goal_12,exito,2591,587.87,1,1
1121,goal_12,col_exit,1912,151.36,1,0
1122,goal_12,exito,2592,587.78,1,1
1123,goal_12,col_exit,1910,150.49,1,0
1124,goal_12,exito,2594,587.39,1,1
1125,goal_12,col_exit,1907,150.04,1,0
1126,goal_12,exito,2587,588.86,1,1
1127,goal_12,col_exit,1888,147.22,1,0
1128,goal_12,exito,2588,588.64,1,1
1129,goal_12,col_retorno,2256,289.59,1,1
1130,goal_12,col_exit,1914,151.84,1,0
1131,goal_12,exito,2591,587.82,1,1
1132,goal_12,col_exit,1912,151.37,1,0
1133,goal_12,exito,2592,587.78,1,1
1134,goal_12,col_exit,1910,150.48,1,0
1135,goal_12,exito,2594,587.24,1,1
1136,goal_12,col_exit,1907,150.04,1,0
1137,goal_12,exito,2587,588.86,1,1
1138,goal_12,col_exit,1888,147.22,1,0
1139,goal_12,exito,2588,588.63,1,1
1140,goal_12,col_retorno,2256,289.59,1,1
1141,goal_12,col_exit,1914,151.85,1,0
1142,goal_12,exito,2591,587.82,1,1
1143,goal_12,col_exit,1912,151.36,1,0
1144,goal_12,exito,2592,587.78,1,1
1145,goal_12,col_exit,1910,150.49,1,0
1146,goal_12,exito,2594,587.39,1,1
1147,goal_12,col_exit,1907,150.04,1,0
1148,goal_12,exito,2587,588.86,1,1
1149,goal_12,col_exit,1888,147.22,1,0
1150,goal_12,exito,2588,588.64,1,1
1151,goal_12,col_retorno,2256,289.59,1,1
1152,goal_12,col_exit,1914,151.84,1,0
1153,goal_12,exito,2591,587.82,1,1
1154,goal_12,col_exit,1912,151.37,1,0
1155,goal_12,exito,2592,587.78,1,1
1156,goal_12,col_exit,1910,150.48,1,0
1157,goal_12,exito,2594,587.39,1,1
1158,goal_12,col_exit,1907,150.04,1,0
1159,goal_12,exito,2587,588.86,1,1
1160,goal_12,col_exit,1888,147.21,1,0
1161,goal_12,exito,2588,588.63,1,1
1162,goal_12,col_retorno,2256,289.59,1,1
1163,goal_12,col_exit,1914,151.85,1,0
1164,goal_12,exito,2591,587.82,1,1
1165,goal_12,col_exit,1912,151.36,1,0
1166,goal_12,exito,2592,587.78,1,1
1167,goal_12,col_exit,1910,150.49,1,0
1168,goal_12,exito,2594,587.39,1,1
1169,goal_12,col_exit,1907,150.04,1,0
1170,goal_12,exito,2587,588.86,1,1
1171,goal_12,col_exit,1888,147.22,1,0
1172,goal_12,exito,2588,588.64,1,1
1173,goal_12,col_retorno,2256,289.59,1,1
1174,goal_12,col_exit,1914,151.84,1,0
1175,goal_12,exito,2591,587.82,1,1
1176,goal_12,col_exit,1912,151.37,1,0
1177,goal_12,exito,2592,587.78,1,1
1178,goal_12,col_exit,1910,150.49,1,0
1179,goal_12,exito,2594,587.24,1,1
1180,goal_12,col_exit,1907,150.04,1,0
1181,goal_12,exito,2587,588.92,1,1
1182,goal_12,col_exit,1888,147.22,1,0
1183,goal_12,exito,2588,588.64,1,1
1184,goal_12,col_retorno,2256,289.59,1,1
1185,goal_12,col_exit,1914,151.85,1,0
1186,goal_12,exito,2591,587.87,1,1
1187,goal_12,col_exit,1912,151.36,1,0
1188,goal_12,exito,2592,587.78,1,1
1189,goal_12,col_exit,1910,150.49,1,0
1190,goal_12,exito,2594,587.39,1,1
1191,goal_12,col_exit,1907,150.04,1,0
1192,goal_12,exito,2587,588.86,1,1
1193,goal_12,col_exit,1888,147.22,1,0
1194,goal_12,exito,2588,588.64,1,1
1195,goal_12,col_retorno,2256,289.59,1,1
1196,goal_12,col_exit,1914,151.84,1,0
1197,goal_12,exito,2591,587.82,1,1
1198,goal_12,col_exit,1912,151.37,1,0
1199,goal_12,exito,2592,587.78,1,1
1200,goal_12,col_exit,1910,150.49,1,0
1201,goal_13,col_retorno,2000,256.06,1,1
1202,goal_13,exito,2333,552.87,1,1
1203,goal_13,exito,2330,552.97,1,1
1204,goal_13,col_retorno,2014,258.16,1,1
1205,goal_13,exito,2339,554.0,1,1
1206,goal_13,exito,2333,553.53,1,1
1207,goal_13,col_retorno,2098,268.48,1,1
1208,goal_13,exito,2339,553.19,1,1
1209,goal_13,exito,2332,553.15,1,1
1210,goal_13,col_retorno,2040,261.61,1,1
1211,goal_13,exito,2339,554.32,1,1
1212,goal_13,exito,2337,552.81,1,1
1213,goal_13,col_retorno,2095,269.23,1,1
1214,goal_13,exito,2337,554.18,1,1
1215,goal_13,exito,2332,553.37,1,1
1216,goal_13,col_retorno,2055,263.1,1,1
1217,goal_13,exito,2343,553.28,1,1
1218,goal_13,exito,2334,553.5,1,1
1219,goal_13,col_retorno,2065,265.03,1,1
1220,goal_13,exito,2338,554.34,1,1
1221,goal_13,exito,2333,553.15,1,1
1222,goal_13,col_retorno,2100,268.98,1,1
1223,goal_13,exito,2337,554.27,1,1
1224,goal_13,exito,2333,553.39,1,1
1225,goal_13,col_retorno,2067,265.15,1,1
1226,goal_13,exito,2340,553.77,1,1
1227,goal_13,exito,2337,552.32,1,1
1228,goal_13,col_retorno,2050,262.33,1,1
1229,goal_13,exito,2338,554.38,1,1
1230,goal_13,exito,2333,553.14,1,1
1231,goal_13,exito,2330,552.96,1,1
1232,goal_13,col_retorno,2012,257.61,1,1
1233,goal_13,exito,2338,554.31,1,1
1234,goal_13,exito,2335,553.08,1,1
1235,goal_13,col_retorno,2091,268.39,1,1
1236,goal_13,exito,2337,554.27,1,1
1237,goal_13,exito,2332,553.37,1,1
1238,goal_13,col_retorno,2055,263.11,1,1
1239,goal_13,exito,2343,553.28,1,1
1240,goal_13,exito,2334,553.49,1,1
1241,goal_13,col_retorno,2065,264.96,1,1
1242,goal_13,exito,2338,554.34,1,1
1243,goal_13,exito,2333,553.14,1,1
1244,goal_13,col_retorno,2100,268.98,1,1
1245,goal_13,exito,2337,554.27,1,1
1246,goal_13,exito,2332,553.15,1,1
1247,goal_13,col_retorno,2069,265.5,1,1
1248,goal_13,exito,2340,553.93,1,1
1249,goal_13,exito,2337,552.35,1,1
1250,goal_13,col_retorno,2049,262.14,1,1
1251,goal_13,exito,2338,554.38,1,1
1252,goal_13,exito,2334,553.35,1,1
1253,goal_13,exito,2330,552.98,1,1
1254,goal_13,col_retorno,2011,257.5,1,1
1255,goal_13,exito,2338,554.25,1,1
1256,goal_13,exito,2335,553.08,1,1
1257,goal_13,col_retorno,2091,268.39,1,1
1258,goal_13,exito,2337,554.27,1,1
1259,goal_13,exito,2332,553.37,1,1
1260,goal_13,col_retorno,2055,263.11,1,1
1261,goal_13,exito,2343,553.28,1,1
1262,goal_13,exito,2334,553.49,1,1
1263,goal_13,col_retorno,2065,264.96,1,1
1264,goal_13,exito,2338,554.33,1,1
1265,goal_13,exito,2333,553.14,1,1
1266,goal_13,col_retorno,2100,268.97,1,1
1267,goal_13,exito,2337,554.27,1,1
1268,goal_13,exito,2332,553.15,1,1
1269,goal_13,col_retorno,2069,265.51,1,1
1270,goal_13,exito,2340,553.93,1,1
1271,goal_13,exito,2337,552.35,1,1
1272,goal_13,col_retorno,2049,262.13,1,1
1273,goal_13,exito,2338,554.38,1,1
1274,goal_13,exito,2334,553.35,1,1
1275,goal_13,exito,2330,552.97,1,1
1276,goal_13,col_retorno,2011,257.5,1,1
1277,goal_13,exito,2338,554.31,1,1
1278,goal_13,exito,2335,553.07,1,1
1279,goal_13,col_retorno,2091,268.39,1,1
1280,goal_13,exito,2337,554.27,1,1
1281,goal_13,exito,2332,553.37,1,1
1282,goal_13,col_retorno,2055,263.1,1,1
1283,goal_13,exito,2343,553.29,1,1
1284,goal_13,exito,2334,553.5,1,1
1285,goal_13,col_retorno,2065,265.02,1,1
1286,goal_13,exito,2338,554.33,1,1
1287,goal_13,exito,2333,553.14,1,1
1288,goal_13,col_retorno,2100,268.98,1,1
1289,goal_13,exito,2337,554.27,1,1
1290,goal_13,exito,2332,553.15,1,1
1291,goal_13,col_retorno,2069,265.54,1,1
1292,goal_13,exito,2340,553.93,1,1
1293,goal_13,exito,2337,552.35,1,1
1294,goal_13,col_retorno,2049,262.14,1,1
1295,goal_13,exito,2338,554.39,1,1
1296,goal_13,exito,2334,553.35,1,1
1297,goal_13,exito,2330,552.97,1,1
1298,goal_13,col_retorno,2011,257.5,1,1
1299,goal_13,exito,2338,554.31,1,1
1300,goal_13,exito,2335,553.07,1,1
1301,goal_14,col_exit,1432,80.45,1,0
1302,goal_14,col_exit,1469,86.12,1,0
1303,goal_14,col_exit,1484,87.44,1,0
1304,goal_14,col_exit,1491,89.75,1,0
1305,goal_14,col_exit,1490,89.21,1,0
1306,goal_14,col_exit,1491,89.04,1,0
1307,goal_14,col_exit,1507,92.14,1,0
1308,goal_14,col_exit,1500,90.44,1,0
1309,goal_14,col_exit,1493,89.36,1,0
1310,goal_14,col_exit,1507,89.6,1,0
1311,goal_14,col_exit,1500,90.45,1,0
1312,goal_14,col_exit,1495,89.11,1,0
1313,goal_14,col_exit,1495,90.42,1,0
1314,goal_14,col_exit,1504,91.05,1,0
1315,goal_14,col_exit,1499,89.89,1,0
1316,goal_14,col_exit,1498,90.95,1,0
1317,goal_14,col_exit,1491,89.38,1,0
1318,goal_14,col_exit,1506,89.52,1,0
1319,goal_14,col_exit,1502,91.12,1,0
1320,goal_14,col_exit,1493,89.77,1,0
1321,goal_14,col_exit,1500,89.37,1,0
1322,goal_14,col_exit,1506,91.94,1,0
1323,goal_14,col_exit,1495,89.52,1,0
1324,goal_14,col_exit,1493,89.39,1,0
1325,goal_14,col_exit,1507,92.14,1,0
1326,goal_14,col_exit,1499,90.26,1,0
1327,goal_14,col_exit,1495,89.13,1,0
1328,goal_14,col_exit,1494,90.27,1,0
1329,goal_14,col_exit,1509,88.39,1,0
1330,goal_14,col_exit,1498,89.64,1,0
1331,goal_14,col_exit,1494,90.2,1,0
1332,goal_14,col_exit,1505,88.36,1,0
1333,goal_14,col_exit,1500,90.05,1,0
1334,goal_14,col_exit,1496,90.57,1,0
1335,goal_14,col_exit,1492,89.63,1,0
1336,goal_14,col_exit,1503,90.74,1,0
1337,goal_14,col_exit,1503,91.31,1,0
1338,goal_14,col_exit,1495,89.52,1,0
1339,goal_14,col_exit,1492,89.22,1,0
1340,goal_14,col_exit,1508,91.67,1,0
1341,goal_14,col_exit,1500,90.45,1,0
1342,goal_14,col_exit,1493,89.37,1,0
1343,goal_14,col_exit,1507,89.57,1,0
1344,goal_14,col_exit,1500,90.45,1,0
1345,goal_14,col_exit,1495,89.1,1,0
1346,goal_14,col_exit,1495,90.42,1,0
1347,goal_14,col_exit,1504,91.05,1,0
1348,goal_14,col_exit,1499,89.88,1,0
1349,goal_14,col_exit,1498,90.95,1,0
1350,goal_14,col_exit,1491,89.38,1,0
1351,goal_14,col_exit,1506,89.53,1,0
1352,goal_14,col_exit,1502,91.12,1,0
1353,goal_14,col_exit,1493,89.78,1,0
1354,goal_14,col_exit,1500,89.38,1,0
1355,goal_14,col_exit,1506,91.95,1,0
1356,goal_14,col_exit,1495,89.52,1,0
1357,goal_14,col_exit,1493,89.39,1,0
1358,goal_14,col_exit,1507,92.14,1,0
1359,goal_14,col_exit,1499,90.27,1,0
1360,goal_14,col_exit,1495,89.14,1,0
1361,goal_14,col_exit,1494,90.26,1,0
1362,goal_14,col_exit,1509,88.39,1,0
1363,goal_14,col_exit,1498,89.67,1,0
1364,goal_14,col_exit,1494,90.21,1,0
1365,goal_14,col_exit,1505,88.36,1,0
1366,goal_14,col_exit,1500,90.05,1,0
1367,goal_14,col_exit,1496,90.58,1,0
1368,goal_14,col_exit,1492,89.63,1,0
1369,goal_14,col_exit,1503,90.74,1,0
1370,goal_14,col_exit,1503,91.32,1,0
1371,goal_14,col_exit,1495,89.53,1,0
1372,goal_14,col_exit,1492,89.23,1,0
1373,goal_14,col_exit,1508,91.67,1,0
1374,goal_14,col_exit,1500,90.45,1,0
1375,goal_14,col_exit,1493,89.36,1,0
1376,goal_14,col_exit,1507,89.6,1,0
1377,goal_14,col_exit,1500,90.45,1,0
1378,goal_14,col_exit,1495,89.11,1,0
1379,goal_14,col_exit,1495,90.42,1,0
1380,goal_14,col_exit,1504,91.05,1,0
1381,goal_14,col_exit,1499,89.89,1,0
1382,goal_14,col_exit,1498,90.96,1,0
1383,goal_14,col_exit,1491,89.37,1,0
1384,goal_14,col_exit,1506,89.53,1,0
1385,goal_14,col_exit,1502,91.12,1,0
1386,goal_14,col_exit,1493,89.78,1,0
1387,goal_14,col_exit,1500,89.38,1,0
1388,goal_14,col_exit,1506,91.94,1,0
1389,goal_14,col_exit,1495,89.51,1,0
1390,goal_14,col_exit,1493,89.39,1,0
1391,goal_14,col_exit,1507,92.14,1,0
1392,goal_14,col_exit,1499,90.27,1,0
1393,goal_14,col_exit,1495,89.14,1,0
1394,goal_14,col_exit,1494,90.26,1,0
1395,goal_14,col_exit,1509,88.39,1,0
1396,goal_14,col_exit,1498,89.67,1,0
1397,goal_14,col_exit,1494,90.21,1,0
1398,goal_14,col_exit,1505,88.36,1,0
1399,goal_14,col_exit,1500,90.05,1,0
1400,goal_14,col_exit,1496,90.58,1,0
1401,goal_15,col_exit,1385,73.4,1,0
1402,goal_15,col_exit,1457,83.56,1,0
1403,goal_15,col_exit,1222,49.54,1,0
1404,goal_15,col_exit,1241,52.12,1,0
1405,goal_15,col_exit,1371,69.98,1,0
1406,goal_15,col_exit,1430,77.99,1,0
1407,goal_15,col_exit,1464,82.18,1,0
1408,goal_15,col_exit,1208,35.64,1,0
1409,goal_15,col_exit,1266,56.02,1,0
1410,goal_15,col_exit,1367,72.24,1,0
1411,goal_15,col_exit,1429,79.73,1,0
1412,goal_15,col_exit,1481,81.15,1,0
1413,goal_15,col_exit,1163,40.46,1,0
1414,goal_15,col_exit,1272,56.06,1,0
1415,goal_15,col_exit,1388,74.65,1,0
1416,goal_15,col_exit,1442,81.42,1,0
1417,goal_15,col_exit,1483,80.7,1,0
1418,goal_15,col_exit,1215,45.33,1,0
1419,goal_15,col_exit,1254,54.72,1,0
1420,goal_15,col_exit,1373,70.08,1,0
1421,goal_15,col_exit,1429,79.66,1,0
1422,goal_15,col_exit,1469,82.49,1,0
1423,goal_15,col_exit,1189,37.4,1,0
1424,goal_15,col_exit,1275,57.16,1,0
1425,goal_15,col_exit,1368,72.38,1,0
1426,goal_15,col_exit,1429,79.69,1,0
1427,goal_15,col_exit,1484,77.92,1,0
1428,goal_15,col_exit,1162,40.55,1,0
1429,goal_15,col_exit,1276,55.85,1,0
1430,goal_15,col_exit,1389,74.86,1,0
1431,goal_15,col_exit,1438,81.43,1,0
1432,goal_15,col_exit,1483,79.83,1,0
1433,goal_15,col_exit,1208,42.8,1,0
1434,goal_15,col_exit,1260,55.05,1,0
1435,goal_15,col_exit,1372,71.91,1,0
1436,goal_15,col_exit,1431,80.07,1,0
1437,goal_15,col_exit,1477,83.44,1,0
1438,goal_15,col_exit,1164,41.68,1,0
1439,goal_15,col_exit,1278,57.26,1,0
1440,goal_15,col_exit,1375,72.82,1,0
1441,goal_15,col_exit,1432,80.28,1,0
1442,goal_15,col_exit,1489,76.33,1,0
1443,goal_15,col_exit,1229,50.39,1,0
1444,goal_15,col_exit,1236,52.12,1,0
1445,goal_15,col_exit,1370,72.74,1,0
1446,goal_15,col_exit,1431,80.15,1,0
1447,goal_15,col_exit,1479,79.77,1,0
1448,goal_15,col_exit,1196,43.51,1,0
1449,goal_15,col_exit,1270,56.48,1,0
1450,goal_15,col_exit,1373,72.59,1,0
1451,goal_15,col_exit,1432,80.32,1,0
1452,goal_15,col_exit,1480,82.86,1,0
1453,goal_15,col_exit,1167,40.95,1,0
1454,goal_15,col_exit,1268,56.06,1,0
1455,goal_15,col_exit,1377,73.35,1,0
1456,goal_15,col_exit,1445,81.58,1,0
1457,goal_15,col_exit,1488,79.05,1,0
1458,goal_15,col_exit,1222,48.4,1,0
1459,goal_15,col_exit,1239,52.64,1,0
1460,goal_15,col_exit,1365,71.86,1,0
1461,goal_15,col_exit,1429,79.72,1,0
1462,goal_15,col_exit,1259,55.33,1,0
1463,goal_15,col_exit,1211,50.03,1,0
1464,goal_15,col_exit,1360,70.43,1,0
1465,goal_15,col_exit,1433,80.34,1,0
1466,goal_15,col_exit,1470,81.05,1,0
1467,goal_15,col_exit,1499,74.88,1,0
1468,goal_15,col_exit,1163,40.46,1,0
1469,goal_15,col_exit,1272,56.06,1,0
1470,goal_15,col_exit,1388,74.65,1,0
1471,goal_15,col_exit,1442,81.42,1,0
1472,goal_15,col_exit,1483,80.71,1,0
1473,goal_15,col_exit,1212,46.7,1,0
1474,goal_15,col_exit,1250,54.02,1,0
1475,goal_15,col_exit,1375,70.71,1,0
1476,goal_15,col_exit,1431,80.08,1,0
1477,goal_15,col_exit,1470,81.82,1,0
1478,goal_15,col_exit,1184,38.26,1,0
1479,goal_15,col_exit,1275,56.58,1,0
1480,goal_15,col_exit,1372,72.31,1,0
1481,goal_15,col_exit,1431,80.14,1,0
1482,goal_15,col_exit,1485,77.64,1,0
1483,goal_15,col_exit,1162,40.55,1,0
1484,goal_15,col_exit,1276,55.85,1,0
1485,goal_15,col_exit,1389,74.86,1,0
1486,goal_15,col_exit,1438,81.41,1,0
1487,goal_15,col_exit,1483,79.83,1,0
1488,goal_15,col_exit,1208,42.8,1,0
1489,goal_15,col_exit,1260,55.06,1,0
1490,goal_15,col_exit,1372,71.86,1,0
1491,goal_15,col_exit,1431,80.07,1,0
1492,goal_15,col_exit,1477,83.44,1,0
1493,goal_15,col_exit,1164,41.69,1,0
1494,goal_15,col_exit,1278,57.27,1,0
1495,goal_15,col_exit,1375,72.81,1,0
1496,goal_15,col_exit,1432,80.28,1,0
1497,goal_15,col_exit,1489,76.33,1,0
1498,goal_15,col_exit,1229,50.39,1,0
1499,goal_15,col_exit,1236,52.12,1,0
1500,goal_15,col_exit,1370,72.73,1,0
1501,goal_16,col_retorno,2049,263.51,1,1
1502,goal_16,col_exit,1045,28.13,1,0
1503,goal_16,col_exit,1075,30.4,1,0
1504,goal_16,col_exit,1114,37.26,1,0
1505,goal_16,exito,2433,565.32,1,1
1506,goal_16,col_exit,1204,48.93,1,0
1507,goal_16,col_retorno,2081,266.92,1,1
1508,goal_16,col_exit,1077,25.09,1,0
1509,goal_16,col_exit,1078,31.43,1,0
1510,goal_16,col_exit,1110,36.61,1,0
1511,goal_16,exito,2439,564.38,1,1
1512,goal_16,col_exit,1206,49.84,1,0
1513,goal_16,exito,2432,567.1,1,1
1514,goal_16,col_exit,1077,31.58,1,0
1515,goal_16,col_exit,1103,37.13,1,0
1516,goal_16,col_retorno,2042,257.63,1,1
1517,goal_16,col_retorno,2135,270.04,1,1
1518,goal_16,col_exit,1084,31.66,1,0
1519,goal_16,exito,2433,565.3,1,1
1520,goal_16,col_exit,1197,49.32,1,0
1521,goal_16,col_retorno,2086,266.76,1,1
1522,goal_16,col_exit,1058,27.99,1,0
1523,goal_16,col_exit,1081,32.27,1,0
1524,goal_16,col_exit,1111,33.86,1,0
1525,goal_16,exito,2433,565.43,1,1
1526,goal_16,col_exit,1210,48.69,1,0
1527,goal_16,col_retorno,2099,266.49,1,1
1528,goal_16,col_exit,1058,29.3,1,0
1529,goal_16,col_exit,1083,32.24,1,0
1530,goal_16,col_exit,1108,36.32,1,0
1531,goal_16,exito,2432,565.71,1,1
1532,goal_16,col_exit,1218,47.54,1,0
1533,goal_16,col_retorno,2094,266.51,1,1
1534,goal_16,col_exit,1068,31.08,1,0
1535,goal_16,col_exit,1082,32.58,1,0
1536,goal_16,col_exit,1115,37.46,1,0
1537,goal_16,exito,2433,565.26,1,1
1538,goal_16,col_exit,1204,48.73,1,0
1539,goal_16,col_retorno,2081,266.84,1,1
1540,goal_16,col_exit,1077,25.19,1,0
1541,goal_16,col_exit,1079,31.66,1,0
1542,goal_16,col_exit,1110,36.61,1,0
1543,goal_16,exito,2439,564.38,1,1
1544,goal_16,col_exit,1206,49.83,1,0
1545,goal_16,exito,2432,567.11,1,1
1546,goal_16,col_exit,1077,31.58,1,0
1547,goal_16,col_exit,1103,37.13,1,0
1548,goal_16,col_retorno,2042,257.62,1,1
1549,goal_16,col_retorno,2135,270.03,1,1
1550,goal_16,col_exit,1084,31.65,1,0
1551,goal_16,exito,2433,565.3,1,1
1552,goal_16,col_exit,1197,49.32,1,0
1553,goal_16,col_retorno,2086,266.76,1,1
1554,goal_16,col_exit,1058,27.97,1,0
1555,goal_16,col_exit,1081,32.26,1,0
1556,goal_16,col_exit,1111,33.86,1,0
1557,goal_16,exito,2433,565.43,1,1
1558,goal_16,col_exit,1210,48.68,1,0
1559,goal_16,col_retorno,2099,266.48,1,1
1560,goal_16,col_exit,1058,29.23,1,0
1561,goal_16,col_exit,1083,32.24,1,0
1562,goal_16,col_exit,1108,36.31,1,0
1563,goal_16,exito,2432,565.71,1,1
1564,goal_16,col_exit,1218,47.53,1,0
1565,goal_16,col_retorno,2094,266.51,1,1
1566,goal_16,col_exit,1068,31.07,1,0
1567,goal_16,col_exit,1082,32.58,1,0
1568,goal_16,col_exit,1115,37.47,1,0
1569,goal_16,exito,2433,565.26,1,1
1570,goal_16,col_exit,1204,48.73,1,0
1571,goal_16,col_retorno,2082,267.03,1,1
1572,goal_16,col_exit,1077,25.09,1,0
1573,goal_16,col_exit,1078,31.43,1,0
1574,goal_16,col_exit,1110,36.61,1,0
1575,goal_16,exito,2439,564.37,1,1
1576,goal_16,col_exit,1206,49.84,1,0
1577,goal_16,exito,2432,567.11,1,1
1578,goal_16,col_exit,1077,31.58,1,0
1579,goal_16,col_exit,1103,37.14,1,0
1580,goal_16,col_retorno,2042,257.64,1,1
1581,goal_16,col_retorno,2135,270.04,1,1
1582,goal_16,col_exit,1084,31.66,1,0
1583,goal_16,exito,2433,565.29,1,1
1584,goal_16,col_exit,1197,49.32,1,0
1585,goal_16,col_retorno,2086,266.76,1,1
1586,goal_16,col_exit,1058,27.9,1,0
1587,goal_16,col_exit,1081,32.26,1,0
1588,goal_16,col_exit,1111,33.86,1,0
1589,goal_16,exito,2433,565.43,1,1
1590,goal_16,col_exit,1210,48.67,1,0
1591,goal_16,col_retorno,2099,266.49,1,1
1592,goal_16,col_exit,1058,29.31,1,0
1593,goal_16,col_exit,1083,32.23,1,0
1594,goal_16,col_exit,1108,36.32,1,0
1595,goal_16,exito,2432,565.69,1,1
1596,goal_16,col_exit,1218,47.54,1,0
1597,goal_16,col_retorno,2094,266.51,1,1
1598,goal_16,col_exit,1068,31.07,1,0
1599,goal_16,col_exit,1082,32.58,1,0
1600,goal_16,col_exit,1115,37.46,1,0
1601,goal_17,col_approach,437,-102.86,0,0
1602,goal_17,col_approach,530,-90.04,0,0
1603,goal_17,col_retorno,1272,148.59,1,1
1604,goal_17,col_approach,456,-102.81,0,0
1605,goal_17,col_approach,527,-90.04,0,0
1606,goal_17,col_retorno,1283,151.21,1,1
1607,goal_17,col_approach,432,-103.76,0,0
1608,goal_17,col_approach,521,-91.79,0,0
1609,goal_17,col_approach,543,-89.73,0,0
1610,goal_17,col_retorno,1300,150.52,1,1
1611,goal_17,col_approach,449,-103.02,0,0
1612,goal_17,col_approach,526,-90.28,0,0
1613,goal_17,col_retorno,1282,150.45,1,1
1614,goal_17,exito,1532,436.77,1,1
1615,goal_17,col_retorno,1261,146.9,1,1
1616,goal_17,col_approach,454,-101.91,0,0
1617,goal_17,col_approach,526,-90.58,0,0
1618,goal_17,col_retorno,1294,151.8,1,1
1619,goal_17,exito,1532,437.51,1,1
1620,goal_17,col_retorno,1250,146.73,1,1
1621,goal_17,col_approach,453,-101.7,0,0
1622,goal_17,col_retorno,1257,147.2,1,1
1623,goal_17,col_approach,452,-100.2,0,0
1624,goal_17,col_approach,496,-95.23,0,0
1625,goal_17,col_retorno,1290,149.28,1,1
1626,goal_17,col_approach,452,-104.48,0,0
1627,goal_17,col_approach,490,-96.13,0,0
1628,goal_17,col_retorno,1320,152.09,1,1
1629,goal_17,exito,1531,437.92,1,1
1630,goal_17,col_retorno,1259,146.9,1,1
1631,goal_17,col_approach,454,-103.86,0,0
1632,goal_17,col_approach,508,-93.32,0,0
1633,goal_17,col_approach,540,-90.38,0,0
1634,goal_17,col_retorno,1318,151.43,1,1
1635,goal_17,col_approach,432,-103.76,0,0
1636,goal_17,col_approach,529,-90.34,0,0
1637,goal_17,col_approach,537,-90.04,0,0
1638,goal_17,col_retorno,1296,149.65,1,1
1639,goal_17,col_approach,451,-102.74,0,0
1640,goal_17,col_approach,526,-90.28,0,0
1641,goal_17,col_retorno,1282,150.44,1,1
1642,goal_17,exito,1532,436.77,1,1
1643,goal_17,col_retorno,1261,146.92,1,1
1644,goal_17,col_approach,454,-101.91,0,0
1645,goal_17,col_approach,526,-90.58,0,0
1646,goal_17,col_retorno,1294,151.77,1,1
1647,goal_17,exito,1532,437.5,1,1
1648,goal_17,col_retorno,1250,146.73,1,1
1649,goal_17,col_approach,453,-101.7,0,0
1650,goal_17,col_retorno,1257,147.2,1,1
1651,goal_17,col_approach,452,-100.2,0,0
1652,goal_17,col_approach,496,-95.23,0,0
1653,goal_17,col_retorno,1290,149.27,1,1
1654,goal_17,col_approach,452,-104.48,0,0
1655,goal_17,col_approach,490,-96.13,0,0
1656,goal_17,col_retorno,1320,152.1,1,1
1657,goal_17,exito,1531,437.92,1,1
1658,goal_17,col_retorno,1259,146.9,1,1
1659,goal_17,col_approach,454,-103.86,0,0
1660,goal_17,col_approach,508,-93.31,0,0
1661,goal_17,col_approach,540,-90.4,0,0
1662,goal_17,col_retorno,1318,151.42,1,1
1663,goal_17,col_approach,432,-103.76,0,0
1664,goal_17,col_approach,529,-90.34,0,0
1665,goal_17,col_approach,537,-90.06,0,0
1666,goal_17,col_retorno,1296,149.64,1,1
1667,goal_17,col_approach,451,-102.73,0,0
1668,goal_17,col_approach,526,-90.27,0,0
1669,goal_17,col_retorno,1282,150.46,1,1
1670,goal_17,exito,1532,436.77,1,1
1671,goal_17,col_retorno,1261,146.9,1,1
1672,goal_17,col_approach,454,-101.91,0,0
1673,goal_17,col_approach,526,-90.58,0,0
1674,goal_17,col_retorno,1294,151.8,1,1
1675,goal_17,exito,1532,437.51,1,1
1676,goal_17,col_retorno,1250,146.74,1,1
1677,goal_17,col_approach,453,-101.7,0,0
1678,goal_17,col_retorno,1257,147.2,1,1
1679,goal_17,col_approach,452,-100.19,0,0
1680,goal_17,col_approach,496,-95.23,0,0
1681,goal_17,col_retorno,1290,149.28,1,1
1682,goal_17,col_approach,452,-104.48,0,0
1683,goal_17,col_approach,490,-96.13,0,0
1684,goal_17,col_retorno,1320,152.13,1,1
1685,goal_17,exito,1531,437.92,1,1
1686,goal_17,col_retorno,1259,146.9,1,1
1687,goal_17,col_approach,454,-103.86,0,0
1688,goal_17,col_approach,508,-93.31,0,0
1689,goal_17,col_approach,540,-90.4,0,0
1690,goal_17,col_retorno,1318,151.43,1,1
1691,goal_17,col_approach,432,-103.76,0,0
1692,goal_17,col_approach,521,-91.79,0,0
1693,goal_17,col_approach,543,-89.76,0,0
1694,goal_17,col_retorno,1300,150.51,1,1
1695,goal_17,col_approach,449,-103.02,0,0
1696,goal_17,col_approach,526,-90.27,0,0
1697,goal_17,col_retorno,1282,150.45,1,1
1698,goal_17,exito,1532,436.77,1,1
1699,goal_17,col_retorno,1261,146.92,1,1
1700,goal_17,col_approach,454,-101.91,0,0
1701,goal_18,col_approach,524,-91.48,0,0
1702,goal_18,col_retorno,1383,160.06,1,1
1703,goal_18,exito,1733,458.13,1,1
1704,goal_18,exito,1736,460.43,1,1
1705,goal_18,col_retorno,1534,181.56,1,1
1706,goal_18,exito,1733,461.04,1,1
1707,goal_18,exito,1724,460.26,1,1
1708,goal_18,exito,1736,457.92,1,1
1709,goal_18,exito,1740,462.01,1,1
1710,goal_18,col_retorno,1432,168.79,1,1
1711,goal_18,exito,1735,460.37,1,1
1712,goal_18,exito,1729,460.1,1,1
1713,goal_18,exito,1733,460.62,1,1
1714,goal_18,exito,1737,459.06,1,1
1715,goal_18,exito,1735,460.05,1,1
1716,goal_18,col_retorno,1446,168.88,1,1
1717,goal_18,col_approach,456,-100.59,0,0
1718,goal_18,col_approach,534,-89.99,0,0
1719,goal_18,exito,1740,462.68,1,1
1720,goal_18,col_approach,510,-93.05,0,0
1721,goal_18,col_approach,535,-89.82,0,0
1722,goal_18,exito,1751,459.51,1,1
1723,goal_18,col_approach,524,-93.19,0,0
1724,goal_18,col_retorno,1384,160.01,1,1
1725,goal_18,exito,1725,460.29,1,1
1726,goal_18,exito,1747,459.87,1,1
1727,goal_18,col_retorno,1496,176.88,1,1
1728,goal_18,col_approach,463,-102.11,0,0
1729,goal_18,col_approach,479,-97.64,0,0
1730,goal_18,exito,1741,460.04,1,1
1731,goal_18,col_approach,524,-94.95,0,0
1732,goal_18,exito,1739,461.48,1,1
1733,goal_18,col_approach,502,-94.73,0,0
1734,goal_18,col_approach,540,-89.62,0,0
1735,goal_18,exito,1745,459.97,1,1
1736,goal_18,col_approach,530,-93.51,0,0
1737,goal_18,exito,1738,461.96,1,1
1738,goal_18,col_approach,506,-94.04,0,0
1739,goal_18,col_approach,539,-89.23,0,0
1740,goal_18,col_approach,553,-90.73,0,0
1741,goal_18,exito,1751,459.4,1,1
1742,goal_18,col_approach,523,-92.51,0,0
1743,goal_18,col_approach,546,-90.2,0,0
1744,goal_18,col_retorno,1409,158.53,1,1
1745,goal_18,exito,1722,460.22,1,1
1746,goal_18,exito,1743,458.97,1,1
1747,goal_18,col_retorno,1482,175.92,1,1
1748,goal_18,col_approach,453,-102.99,0,0
1749,goal_18,col_approach,521,-91.69,0,0
1750,goal_18,col_approach,534,-90.43,0,0
1751,goal_18,exito,1749,460.35,1,1
1752,goal_18,col_approach,524,-92.03,0,0
1753,goal_18,col_approach,541,-89.51,0,0
1754,goal_18,col_retorno,1405,161.47,1,1
1755,goal_18,exito,1724,459.9,1,1
1756,goal_18,exito,1742,460.71,1,1
1757,goal_18,col_retorno,1474,174.51,1,1
1758,goal_18,exito,1737,459.96,1,1
1759,goal_18,exito,1728,459.94,1,1
1760,goal_18,exito,1734,460.32,1,1
1761,goal_18,col_approach,389,-113.85,0,0
1762,goal_18,col_approach,469,-99.51,0,0
1763,goal_18,exito,1734,462.57,1,1
1764,goal_18,col_approach,504,-94.4,0,0
1765,goal_18,col_approach,537,-89.3,0,0
1766,goal_18,exito,1747,461.28,1,1
1767,goal_18,col_approach,529,-93.23,0,0
1768,goal_18,exito,1739,462.33,1,1
1769,goal_18,col_approach,507,-93.59,0,0
1770,goal_18,col_approach,534,-89.9,0,0
1771,goal_18,col_retorno,1400,160.86,1,1
1772,goal_18,exito,1723,460.14,1,1
1773,goal_18,exito,1737,461.1,1,1
1774,goal_18,col_retorno,1480,171.49,1,1
1775,goal_18,col_approach,478,-97.46,0,0
1776,goal_18,col_approach,515,-94.04,0,0
1777,goal_18,col_retorno,1378,160.72,1,1
1778,goal_18,exito,1725,459.74,1,1
1779,goal_18,exito,1730,460.34,1,1
1780,goal_18,exito,1738,462.55,1,1
1781,goal_18,col_retorno,1438,167.69,1,1
1782,goal_18,col_approach,454,-101.97,0,0
1783,goal_18,col_approach,524,-91.48,0,0
1784,goal_18,col_retorno,1383,160.06,1,1
1785,goal_18,exito,1733,458.14,1,1
1786,goal_18,exito,1736,460.43,1,1
1787,goal_18,col_retorno,1534,181.55,1,1
1788,goal_18,exito,1733,461.05,1,1
1789,goal_18,exito,1724,460.26,1,1
1790,goal_18,exito,1736,457.92,1,1
1791,goal_18,exito,1740,462.0,1,1
1792,goal_18,col_retorno,1432,168.78,1,1
1793,goal_18,exito,1735,460.37,1,1
1794,goal_18,exito,1729,460.11,1,1
1795,goal_18,exito,1733,460.62,1,1
1796,goal_18,exito,1737,459.06,1,1
1797,goal_18,exito,1735,460.03,1,1
1798,goal_18,col_retorno,1446,168.88,1,1
1799,goal_18,col_approach,454,-101.01,0,0
1800,goal_18,col_approach,536,-89.67,0,0
1801,goal_19,exito,1923,485.51,1,1
1802,goal_19,col_retorno,1596,190.52,1,1
1803,goal_19,exito,1909,485.42,1,1
1804,goal_19,col_retorno,1585,183.91,1,1
1805,goal_19,col_retorno,1580,189.48,1,1
1806,goal_19,exito,1905,485.09,1,1
1807,goal_19,exito,1935,484.52,1,1
1808,goal_19,col_approach,481,-97.52,0,0
1809,goal_19,exito,1927,484.13,1,1
1810,goal_19,col_approach,419,-110.17,0,0
1811,goal_19,col_approach,496,-95.72,0,0
1812,goal_19,exito,1927,484.34,1,1
1813,goal_19,col_retorno,1597,190.62,1,1
1814,goal_19,exito,1907,485.49,1,1
1815,goal_19,col_retorno,1574,182.9,1,1
1816,goal_19,col_retorno,1582,189.67,1,1
1817,goal_19,exito,1903,485.42,1,1
1818,goal_19,exito,1932,485.45,1,1
1819,goal_19,col_approach,513,-98.19,0,0
1820,goal_19,exito,1918,484.63,1,1
1821,goal_19,col_retorno,1612,190.77,1,1
1822,goal_19,col_retorno,1683,202.24,1,1
1823,goal_19,exito,1905,486.03,1,1
1824,goal_19,exito,1937,484.42,1,1
1825,goal_19,col_approach,508,-98.02,0,0
1826,goal_19,exito,1922,485.46,1,1
1827,goal_19,col_retorno,1620,188.42,1,1
1828,goal_19,col_retorno,1624,194.79,1,1
1829,goal_19,col_approach,450,-101.31,0,0
1830,goal_19,exito,1915,484.95,1,1
1831,goal_19,col_retorno,1597,190.61,1,1
1832,goal_19,col_approach,442,-102.56,0,0
1833,goal_19,exito,1918,486.19,1,1
1834,goal_19,col_retorno,1615,191.89,1,1
1835,goal_19,col_retorno,1620,194.18,1,1
1836,goal_19,col_approach,453,-101.24,0,0
1837,goal_19,exito,1915,485.37,1,1
1838,goal_19,col_retorno,1618,189.23,1,1
1839,goal_19,col_approach,426,-105.06,0,0
1840,goal_19,exito,1910,486.02,1,1
1841,goal_19,col_retorno,1618,191.81,1,1
1842,goal_19,col_retorno,1619,193.79,1,1
1843,goal_19,exito,1908,484.94,1,1
1844,goal_19,exito,1925,486.71,1,1
1845,goal_19,col_approach,512,-94.01,0,0
1846,goal_19,exito,1926,483.88,1,1
1847,goal_19,col_retorno,1610,192.43,1,1
1848,goal_19,col_approach,441,-102.64,0,0
1849,goal_19,exito,1917,484.28,1,1
1850,goal_19,col_retorno,1593,190.37,1,1
1851,goal_19,exito,1905,486.27,1,1
1852,goal_19,exito,1931,485.5,1,1
1853,goal_19,col_approach,509,-96.73,0,0
1854,goal_19,exito,1922,485.52,1,1
1855,goal_19,col_retorno,1591,189.75,1,1
1856,goal_19,exito,1909,485.3,1,1
1857,goal_19,col_retorno,1568,185.12,1,1
1858,goal_19,col_retorno,1580,189.79,1,1
1859,goal_19,exito,1906,485.08,1,1
1860,goal_19,exito,1928,486.34,1,1
1861,goal_19,col_approach,502,-95.14,0,0
1862,goal_19,exito,1925,484.45,1,1
1863,goal_19,col_retorno,1608,191.18,1,1
1864,goal_19,col_approach,440,-102.69,0,0
1865,goal_19,exito,1917,484.29,1,1
1866,goal_19,col_retorno,1594,190.61,1,1
1867,goal_19,exito,1905,486.27,1,1
1868,goal_19,exito,1931,485.43,1,1
1869,goal_19,col_approach,508,-96.83,0,0
1870,goal_19,exito,1922,485.49,1,1
1871,goal_19,col_retorno,1592,189.85,1,1
1872,goal_19,col_approach,443,-103.04,0,0
1873,goal_19,exito,1913,485.45,1,1
1874,goal_19,col_retorno,1631,187.79,1,1
1875,goal_19,col_retorno,1613,193.55,1,1
1876,goal_19,col_approach,479,-97.53,0,0
1877,goal_19,col_approach,517,-94.17,0,0
1878,goal_19,exito,1918,484.77,1,1
1879,goal_19,col_retorno,1598,190.61,1,1
1880,goal_19,col_approach,471,-98.41,0,0
1881,goal_19,col_approach,516,-96.8,0,0
1882,goal_19,exito,1918,484.52,1,1
1883,goal_19,col_retorno,1595,190.42,1,1
1884,goal_19,col_approach,447,-102.67,0,0
1885,goal_19,exito,1919,486.32,1,1
1886,goal_19,col_retorno,1614,192.21,1,1
1887,goal_19,col_retorno,1622,194.36,1,1
1888,goal_19,col_approach,453,-101.25,0,0
1889,goal_19,exito,1915,485.38,1,1
1890,goal_19,col_retorno,1618,189.24,1,1
1891,goal_19,col_approach,426,-105.06,0,0
1892,goal_19,exito,1910,486.03,1,1
1893,goal_19,col_retorno,1618,191.8,1,1
1894,goal_19,col_retorno,1619,193.8,1,1
1895,goal_19,exito,1908,484.93,1,1
1896,goal_19,exito,1925,486.72,1,1
1897,goal_19,col_approach,512,-94.0,0,0
1898,goal_19,exito,1926,483.88,1,1
1899,goal_19,col_retorno,1610,192.42,1,1
1900,goal_19,col_approach,441,-102.63,0,0
1901,goal_20,col_approach,510,-93.29,0,0
1902,goal_20,col_approach,532,-93.7,0,0
1903,goal_20,col_approach,558,-98.32,0,0
1904,goal_20,col_approach,561,-100.43,0,0
1905,goal_20,col_approach,560,-101.26,0,0
1906,goal_20,col_approach,558,-100.18,0,0
1907,goal_20,col_approach,565,-100.8,0,0
1908,goal_20,col_approach,578,-102.63,0,0
1909,goal_20,col_approach,560,-97.06,0,0
1910,goal_20,col_approach,556,-95.81,0,0
1911,goal_20,col_approach,554,-97.93,0,0
1912,goal_20,col_approach,561,-100.48,0,0
1913,goal_20,col_approach,562,-100.53,0,0
1914,goal_20,col_approach,559,-99.77,0,0
1915,goal_20,col_approach,557,-100.25,0,0
1916,goal_20,col_approach,567,-102.45,0,0
1917,goal_20,col_approach,577,-102.03,0,0
1918,goal_20,col_approach,560,-96.66,0,0
1919,goal_20,col_approach,554,-95.63,0,0
1920,goal_20,col_approach,556,-99.65,0,0
1921,goal_20,col_approach,563,-100.31,0,0
1922,goal_20,col_approach,561,-98.88,0,0
1923,goal_20,col_approach,556,-99.95,0,0
1924,goal_20,col_approach,555,-101.39,0,0
1925,goal_20,col_approach,582,-104.24,0,0
1926,goal_20,col_approach,566,-97.58,0,0
1927,goal_20,col_approach,559,-96.4,0,0
1928,goal_20,col_approach,554,-96.42,0,0
1929,goal_20,col_approach,557,-100.12,0,0
1930,goal_20,col_approach,565,-99.14,0,0
1931,goal_20,col_approach,558,-98.81,0,0
1932,goal_20,col_approach,555,-101.62,0,0
1933,goal_20,col_approach,562,-101.46,0,0
1934,goal_20,col_approach,580,-103.5,0,0
1935,goal_20,col_approach,564,-97.03,0,0
1936,goal_20,col_approach,557,-96.31,0,0
1937,goal_20,col_approach,555,-97.38,0,0
1938,goal_20,col_approach,558,-99.06,0,0
1939,goal_20,col_approach,562,-99.45,0,0
1940,goal_20,col_approach,558,-101.72,0,0
1941,goal_20,col_approach,560,-101.43,0,0
1942,goal_20,col_approach,564,-100.51,0,0
1943,goal_20,col_approach,577,-102.08,0,0
1944,goal_20,col_approach,562,-97.86,0,0
1945,goal_20,col_approach,556,-95.83,0,0
1946,goal_20,col_approach,555,-97.55,0,0
1947,goal_20,col_approach,560,-99.04,0,0
1948,goal_20,col_approach,561,-100.43,0,0
1949,goal_20,col_approach,560,-101.26,0,0
1950,goal_20,col_approach,558,-100.18,0,0
1951,goal_20,col_approach,565,-100.8,0,0
1952,goal_20,col_approach,578,-102.63,0,0
1953,goal_20,col_approach,560,-97.03,0,0
1954,goal_20,col_approach,556,-95.85,0,0
1955,goal_20,col_approach,554,-97.93,0,0
1956,goal_20,col_approach,561,-100.48,0,0
1957,goal_20,col_approach,562,-100.53,0,0
1958,goal_20,col_approach,559,-99.78,0,0
1959,goal_20,col_approach,557,-100.25,0,0
1960,goal_20,col_approach,567,-102.45,0,0
1961,goal_20,col_approach,577,-101.79,0,0
1962,goal_20,col_approach,560,-96.66,0,0
1963,goal_20,col_approach,554,-95.63,0,0
1964,goal_20,col_approach,556,-99.71,0,0
1965,goal_20,col_approach,563,-100.31,0,0
1966,goal_20,col_approach,561,-98.88,0,0
1967,goal_20,col_approach,556,-99.95,0,0
1968,goal_20,col_approach,555,-101.39,0,0
1969,goal_20,col_approach,582,-104.24,0,0
1970,goal_20,col_approach,566,-97.58,0,0
1971,goal_20,col_approach,559,-96.41,0,0
1972,goal_20,col_approach,554,-96.42,0,0
1973,goal_20,col_approach,557,-100.12,0,0
1974,goal_20,col_approach,565,-99.13,0,0
1975,goal_20,col_approach,558,-98.82,0,0
1976,goal_20,col_approach,555,-101.62,0,0
1977,goal_20,col_approach,562,-101.45,0,0
1978,goal_20,col_approach,580,-103.5,0,0
1979,goal_20,col_approach,564,-97.03,0,0
1980,goal_20,col_approach,557,-96.31,0,0
1981,goal_20,col_approach,555,-97.38,0,0
1982,goal_20,col_approach,558,-99.06,0,0
1983,goal_20,col_approach,562,-99.45,0,0
1984,goal_20,col_approach,558,-101.72,0,0
1985,goal_20,col_approach,560,-101.43,0,0
1986,goal_20,col_approach,564,-100.51,0,0
1987,goal_20,col_approach,577,-102.08,0,0
1988,goal_20,col_approach,562,-97.86,0,0
1989,goal_20,col_approach,556,-95.84,0,0
1990,goal_20,col_approach,555,-97.56,0,0
1991,goal_20,col_approach,560,-99.04,0,0
1992,goal_20,col_approach,561,-100.43,0,0
1993,goal_20,col_approach,560,-101.26,0,0
1994,goal_20,col_approach,558,-100.18,0,0
1995,goal_20,col_approach,565,-100.8,0,0
1996,goal_20,col_approach,578,-102.63,0,0
1997,goal_20,col_approach,560,-97.03,0,0
1998,goal_20,col_approach,556,-95.85,0,0
1999,goal_20,col_approach,554,-97.93,0,0
2000,goal_20,col_approach,561,-100.48,0,0
2001,goal_21,col_approach,562,-100.53,0,0
2002,goal_21,col_approach,559,-99.78,0,0
2003,goal_21,col_approach,557,-100.25,0,0
2004,goal_21,col_approach,567,-102.44,0,0
2005,goal_21,col_approach,577,-102.03,0,0
2006,goal_21,col_approach,560,-96.66,0,0
2007,goal_21,col_approach,554,-95.64,0,0
2008,goal_21,col_approach,556,-99.72,0,0
2009,goal_21,col_approach,563,-100.3,0,0
2010,goal_21,col_approach,561,-98.89,0,0
2011,goal_21,col_approach,556,-99.95,0,0
2012,goal_21,col_approach,555,-101.43,0,0
2013,goal_21,col_approach,582,-104.24,0,0
2014,goal_21,col_approach,566,-97.58,0,0
2015,goal_21,col_approach,559,-96.4,0,0
2016,goal_21,col_approach,554,-96.42,0,0
2017,goal_21,col_approach,557,-100.12,0,0
2018,goal_21,col_approach,565,-99.13,0,0
2019,goal_21,col_approach,558,-98.82,0,0
2020,goal_21,col_approach,555,-101.62,0,0
2021,goal_21,col_approach,562,-101.45,0,0
2022,goal_21,col_approach,580,-103.44,0,0
2023,goal_21,col_approach,564,-97.12,0,0
2024,goal_21,col_approach,557,-96.31,0,0
2025,goal_21,col_approach,555,-97.38,0,0
2026,goal_21,col_approach,558,-99.08,0,0
2027,goal_21,col_approach,562,-99.45,0,0
2028,goal_21,col_approach,558,-101.71,0,0
2029,goal_21,col_approach,560,-101.43,0,0
2030,goal_21,col_approach,564,-100.51,0,0
2031,goal_21,col_approach,577,-102.08,0,0
2032,goal_21,col_approach,562,-97.85,0,0
2033,goal_21,col_approach,556,-95.84,0,0
2034,goal_21,col_approach,555,-97.56,0,0
2035,goal_21,col_approach,560,-99.05,0,0
2036,goal_21,col_approach,561,-100.43,0,0
2037,goal_21,col_approach,560,-101.27,0,0
2038,goal_21,col_approach,558,-100.18,0,0
2039,goal_21,col_approach,565,-100.8,0,0
2040,goal_21,col_approach,578,-102.63,0,0
2041,goal_21,col_approach,560,-97.06,0,0
2042,goal_21,col_approach,556,-95.81,0,0
2043,goal_21,col_approach,554,-97.93,0,0
2044,goal_21,col_approach,561,-100.48,0,0
2045,goal_21,col_approach,562,-100.54,0,0
2046,goal_21,col_approach,559,-99.78,0,0
2047,goal_21,col_approach,557,-100.25,0,0
2048,goal_21,col_approach,567,-102.44,0,0
2049,goal_21,col_approach,577,-102.03,0,0
2050,goal_21,col_approach,560,-96.67,0,0
2051,goal_21,col_approach,554,-95.65,0,0
2052,goal_21,col_approach,556,-99.71,0,0
2053,goal_21,col_approach,563,-100.31,0,0
2054,goal_21,col_approach,561,-98.89,0,0
2055,goal_21,col_approach,556,-99.95,0,0
2056,goal_21,col_approach,555,-101.43,0,0
2057,goal_21,col_approach,582,-104.24,0,0
2058,goal_21,col_approach,566,-97.59,0,0
2059,goal_21,col_approach,559,-96.4,0,0
2060,goal_21,col_approach,554,-96.42,0,0
2061,goal_21,col_approach,557,-100.12,0,0
2062,goal_21,col_approach,565,-99.13,0,0
2063,goal_21,col_approach,558,-98.82,0,0
2064,goal_21,col_approach,555,-101.62,0,0
2065,goal_21,col_approach,562,-101.46,0,0
2066,goal_21,col_approach,580,-103.44,0,0
2067,goal_21,col_approach,564,-97.09,0,0
2068,goal_21,col_approach,557,-96.31,0,0
2069,goal_21,col_approach,555,-97.38,0,0
2070,goal_21,col_approach,558,-99.06,0,0
2071,goal_21,col_approach,562,-99.46,0,0
2072,goal_21,col_approach,558,-101.71,0,0
2073,goal_21,col_approach,560,-101.43,0,0
2074,goal_21,col_approach,564,-100.51,0,0
2075,goal_21,col_approach,577,-102.08,0,0
2076,goal_21,col_approach,562,-97.86,0,0
2077,goal_21,col_approach,556,-95.84,0,0
2078,goal_21,col_approach,555,-97.63,0,0
2079,goal_21,col_approach,560,-99.05,0,0
2080,goal_21,col_approach,561,-100.43,0,0
2081,goal_21,col_approach,560,-101.26,0,0
2082,goal_21,col_approach,558,-100.18,0,0
2083,goal_21,col_approach,565,-100.8,0,0
2084,goal_21,col_approach,578,-102.65,0,0
2085,goal_21,col_approach,560,-97.06,0,0
2086,goal_21,col_approach,556,-95.73,0,0
2087,goal_21,col_approach,554,-97.93,0,0
2088,goal_21,col_approach,561,-100.48,0,0
2089,goal_21,col_approach,562,-100.53,0,0
2090,goal_21,col_approach,559,-99.78,0,0
2091,goal_21,col_approach,557,-100.25,0,0
2092,goal_21,col_approach,567,-102.45,0,0
2093,goal_21,col_approach,577,-102.03,0,0
2094,goal_21,col_approach,560,-96.67,0,0
2095,goal_21,col_approach,554,-95.65,0,0
2096,goal_21,col_approach,556,-99.65,0,0
2097,goal_21,col_approach,563,-100.3,0,0
2098,goal_21,col_approach,561,-98.89,0,0
2099,goal_21,col_approach,556,-99.95,0,0
2100,goal_21,col_approach,555,-101.38,0,0
2101,goal_22,col_approach,582,-104.24,0,0
2102,goal_22,col_approach,566,-97.59,0,0
2103,goal_22,col_approach,559,-96.4,0,0
2104,goal_22,col_approach,554,-96.42,0,0
2105,goal_22,col_approach,557,-100.12,0,0
2106,goal_22,col_approach,565,-99.13,0,0
2107,goal_22,col_approach,558,-98.82,0,0
2108,goal_22,col_approach,555,-101.62,0,0
2109,goal_22,col_approach,562,-101.46,0,0
2110,goal_22,col_approach,580,-103.5,0,0
2111,goal_22,col_approach,564,-97.03,0,0
2112,goal_22,col_approach,557,-96.31,0,0
2113,goal_22,col_approach,555,-97.38,0,0
2114,goal_22,col_approach,558,-99.06,0,0
2115,goal_22,col_approach,562,-99.46,0,0
2116,goal_22,col_approach,558,-101.71,0,0
2117,goal_22,col_approach,560,-101.43,0,0
2118,goal_22,col_approach,564,-100.51,0,0
2119,goal_22,col_approach,577,-102.08,0,0
2120,goal_22,col_approach,562,-97.86,0,0
2121,goal_22,col_approach,556,-95.84,0,0
2122,goal_22,col_approach,555,-97.58,0,0
2123,goal_22,col_approach,560,-99.05,0,0
2124,goal_22,col_approach,561,-100.43,0,0
2125,goal_22,col_approach,560,-101.26,0,0
2126,goal_22,col_approach,558,-100.18,0,0
2127,goal_22,col_approach,565,-100.8,0,0
2128,goal_22,col_approach,578,-102.65,0,0
2129,goal_22,col_approach,560,-97.03,0,0
2130,goal_22,col_approach,556,-95.81,0,0
2131,goal_22,col_approach,554,-97.93,0,0
2132,goal_22,col_approach,561,-100.48,0,0
2133,goal_22,col_approach,562,-100.53,0,0
2134,goal_22,col_approach,559,-99.77,0,0
2135,goal_22,col_approach,557,-100.25,0,0
2136,goal_22,col_approach,567,-102.45,0,0
2137,goal_22,col_approach,577,-102.03,0,0
2138,goal_22,col_approach,560,-96.66,0,0
2139,goal_22,col_approach,554,-95.63,0,0
2140,goal_22,col_approach,556,-99.65,0,0
2141,goal_22,col_approach,563,-100.3,0,0
2142,goal_22,col_approach,561,-98.88,0,0
2143,goal_22,col_approach,556,-99.95,0,0
2144,goal_22,col_approach,555,-101.43,0,0
2145,goal_22,col_approach,582,-104.24,0,0
2146,goal_22,col_approach,566,-97.58,0,0
2147,goal_22,col_approach,559,-96.4,0,0
2148,goal_22,col_approach,554,-96.42,0,0
2149,goal_22,col_approach,557,-100.12,0,0
2150,goal_22,col_approach,565,-99.14,0,0
2151,goal_22,col_approach,558,-98.81,0,0
2152,goal_22,col_approach,555,-101.62,0,0
2153,goal_22,col_approach,562,-101.46,0,0
2154,goal_22,col_approach,580,-103.5,0,0
2155,goal_22,col_approach,564,-97.03,0,0
2156,goal_22,col_approach,557,-96.31,0,0
2157,goal_22,col_approach,555,-97.38,0,0
2158,goal_22,col_approach,558,-99.06,0,0
2159,goal_22,col_approach,562,-99.45,0,0
2160,goal_22,col_approach,558,-101.72,0,0
2161,goal_22,col_approach,560,-101.43,0,0
2162,goal_22,col_approach,564,-100.51,0,0
2163,goal_22,col_approach,577,-102.08,0,0
2164,goal_22,col_approach,562,-97.86,0,0
2165,goal_22,col_approach,556,-95.84,0,0
2166,goal_22,col_approach,555,-97.55,0,0
2167,goal_22,col_approach,560,-99.04,0,0
2168,goal_22,col_approach,561,-100.43,0,0
2169,goal_22,col_approach,560,-101.26,0,0
2170,goal_22,col_approach,558,-100.18,0,0
2171,goal_22,col_approach,565,-100.8,0,0
2172,goal_22,col_approach,578,-102.63,0,0
2173,goal_22,col_approach,560,-97.03,0,0
2174,goal_22,col_approach,556,-95.85,0,0
2175,goal_22,col_approach,554,-97.93,0,0
2176,goal_22,col_approach,561,-100.48,0,0
2177,goal_22,col_approach,562,-100.53,0,0
2178,goal_22,col_approach,559,-99.78,0,0
2179,goal_22,col_approach,557,-100.25,0,0
2180,goal_22,col_approach,567,-102.45,0,0
2181,goal_22,col_approach,577,-101.79,0,0
2182,goal_22,col_approach,560,-96.66,0,0
2183,goal_22,col_approach,554,-95.63,0,0
2184,goal_22,col_approach,556,-99.71,0,0
2185,goal_22,col_approach,563,-100.3,0,0
2186,goal_22,col_approach,561,-98.88,0,0
2187,goal_22,col_approach,556,-99.95,0,0
2188,goal_22,col_approach,555,-101.39,0,0
2189,goal_22,col_approach,582,-104.24,0,0
2190,goal_22,col_approach,566,-97.58,0,0
2191,goal_22,col_approach,559,-96.4,0,0
2192,goal_22,col_approach,554,-96.42,0,0
2193,goal_22,col_approach,557,-100.12,0,0
2194,goal_22,col_approach,565,-99.14,0,0
2195,goal_22,col_approach,558,-98.82,0,0
2196,goal_22,col_approach,555,-101.62,0,0
2197,goal_22,col_approach,562,-101.45,0,0
2198,goal_22,col_approach,580,-103.5,0,0
2199,goal_22,col_approach,564,-97.03,0,0
2200,goal_22,col_approach,557,-96.31,0,0
2201,goal_23,col_exit,1636,113.86,1,0
2202,goal_23,col_exit,1559,103.23,1,0
2203,goal_23,col_exit,1537,99.04,1,0
2204,goal_23,exito,2909,635.66,1,1
2205,goal_23,col_exit,1573,98.4,1,0
2206,goal_23,exito,2905,636.65,1,1
2207,goal_23,col_exit,1561,103.14,1,0
2208,goal_23,exito,2910,635.72,1,1
2209,goal_23,col_exit,1585,104.54,1,0
2210,goal_23,col_exit,1539,100.89,1,0
2211,goal_23,exito,2902,634.66,1,1
2212,goal_23,col_exit,1574,104.87,1,0
2213,goal_23,col_exit,1536,99.3,1,0
2214,goal_23,col_retorno,2588,341.25,1,1
2215,goal_23,col_exit,1547,98.95,1,0
2216,goal_23,col_exit,1707,109.56,1,0
2217,goal_23,col_exit,1577,105.78,1,0
2218,goal_23,col_exit,1537,99.92,1,0
2219,goal_23,col_retorno,2638,348.6,1,1
2220,goal_23,col_exit,1545,100.71,1,0
2221,goal_23,col_exit,1706,111.55,1,0
2222,goal_23,col_exit,1578,105.97,1,0
2223,goal_23,col_exit,1538,99.65,1,0
2224,goal_23,col_retorno,2595,342.03,1,1
2225,goal_23,col_exit,1575,105.08,1,0
2226,goal_23,col_exit,1715,109.3,1,0
2227,goal_23,col_exit,1582,104.14,1,0
2228,goal_23,col_exit,1536,99.54,1,0
2229,goal_23,col_retorno,2597,341.82,1,1
2230,goal_23,col_exit,1548,101.1,1,0
2231,goal_23,col_exit,1703,106.56,1,0
2232,goal_23,col_exit,1601,108.61,1,0
2233,goal_23,col_exit,1544,101.38,1,0
2234,goal_23,col_retorno,2607,342.04,1,1
2235,goal_23,col_exit,1551,101.41,1,0
2236,goal_23,col_exit,1705,107.8,1,0
2237,goal_23,col_exit,1597,108.41,1,0
2238,goal_23,col_exit,1547,101.67,1,0
2239,goal_23,col_retorno,2592,342.1,1,1
2240,goal_23,col_exit,1547,99.78,1,0
2241,goal_23,col_exit,1709,109.33,1,0
2242,goal_23,col_exit,1600,102.44,1,0
2243,goal_23,col_exit,1554,96.16,1,0
2244,goal_23,col_retorno,2598,342.44,1,1
2245,goal_23,col_exit,1544,100.48,1,0
2246,goal_23,col_exit,1707,110.43,1,0
2247,goal_23,col_exit,1578,106.07,1,0
2248,goal_23,col_exit,1537,100.12,1,0
2249,goal_23,col_retorno,2639,348.49,1,1
2250,goal_23,col_exit,1544,100.43,1,0
2251,goal_23,col_exit,1707,112.25,1,0
2252,goal_23,col_exit,1579,105.18,1,0
2253,goal_23,col_exit,1538,98.76,1,0
2254,goal_23,col_retorno,2594,341.7,1,1
2255,goal_23,col_exit,1553,102.45,1,0
2256,goal_23,col_exit,1727,102.04,1,0
2257,goal_23,col_exit,1581,106.6,1,0
2258,goal_23,col_exit,1538,100.15,1,0
2259,goal_23,col_retorno,2605,342.22,1,1
2260,goal_23,col_exit,1549,101.14,1,0
2261,goal_23,col_exit,1702,109.4,1,0
2262,goal_23,col_exit,1602,108.83,1,0
2263,goal_23,col_exit,1545,101.43,1,0
2264,goal_23,col_retorno,2592,340.5,1,1
2265,goal_23,col_exit,1565,102.05,1,0
2266,goal_23,col_exit,1705,107.32,1,0
2267,goal_23,col_exit,1597,106.32,1,0
2268,goal_23,col_exit,1545,99.95,1,0
2269,goal_23,col_retorno,2596,342.16,1,1
2270,goal_23,col_exit,1547,98.95,1,0
2271,goal_23,col_exit,1707,109.55,1,0
2272,goal_23,col_exit,1577,105.78,1,0
2273,goal_23,col_exit,1537,99.92,1,0
2274,goal_23,col_retorno,2638,348.6,1,1
2275,goal_23,col_exit,1545,100.71,1,0
2276,goal_23,col_exit,1706,111.55,1,0
2277,goal_23,col_exit,1578,105.97,1,0
2278,goal_23,col_exit,1538,99.65,1,0
2279,goal_23,col_retorno,2595,342.03,1,1
2280,goal_23,col_exit,1575,105.09,1,0
2281,goal_23,col_exit,1715,109.31,1,0
2282,goal_23,col_exit,1582,104.14,1,0
2283,goal_23,col_exit,1536,99.54,1,0
2284,goal_23,col_retorno,2597,341.83,1,1
2285,goal_23,col_exit,1548,101.1,1,0
2286,goal_23,col_exit,1703,106.57,1,0
2287,goal_23,col_exit,1601,108.61,1,0
2288,goal_23,col_exit,1544,101.38,1,0
2289,goal_23,col_retorno,2607,342.03,1,1
2290,goal_23,col_exit,1551,101.41,1,0
2291,goal_23,col_exit,1705,107.79,1,0
2292,goal_23,col_exit,1597,108.48,1,0
2293,goal_23,col_exit,1547,101.66,1,0
2294,goal_23,col_retorno,2592,342.12,1,1
2295,goal_23,col_exit,1547,99.77,1,0
2296,goal_23,col_exit,1709,109.33,1,0
2297,goal_23,col_exit,1600,102.46,1,0
2298,goal_23,col_exit,1554,96.16,1,0
2299,goal_23,col_retorno,2598,342.41,1,1
2300,goal_23,col_exit,1544,100.49,1,0
2301,goal_24,col_retorno,2374,311.83,1,1
2302,goal_24,col_exit,1472,91.74,1,0
2303,goal_24,col_exit,1578,106.73,1,0
2304,goal_24,col_exit,1466,87.93,1,0
2305,goal_24,col_exit,1460,90.19,1,0
2306,goal_24,col_exit,1483,93.1,1,0
2307,goal_24,col_exit,1530,99.97,1,0
2308,goal_24,col_exit,1480,93.2,1,0
2309,goal_24,col_exit,1491,93.91,1,0
2310,goal_24,col_exit,1532,100.34,1,0
2311,goal_24,col_exit,1457,89.63,1,0
2312,goal_24,exito,2696,607.53,1,1
2313,goal_24,exito,2702,608.65,1,1
2314,goal_24,col_exit,1489,86.69,1,0
2315,goal_24,col_exit,1487,84.03,1,0
2316,goal_24,col_exit,1504,86.56,1,0
2317,goal_24,col_exit,1482,87.55,1,0
2318,goal_24,col_exit,1499,86.61,1,0
2319,goal_24,col_exit,1510,85.08,1,0
2320,goal_24,col_exit,1491,86.09,1,0
2321,goal_24,col_exit,1503,85.34,1,0
2322,goal_24,col_exit,1505,83.17,1,0
2323,goal_24,col_exit,1494,85.46,1,0
2324,goal_24,col_exit,1504,86.24,1,0
2325,goal_24,col_exit,1478,87.62,1,0
2326,goal_24,col_exit,1502,89.81,1,0
2327,goal_24,col_exit,1512,88.06,1,0
2328,goal_24,col_exit,1484,89.8,1,0
2329,goal_24,col_exit,1504,90.17,1,0
2330,goal_24,col_exit,1508,86.48,1,0
2331,goal_24,col_exit,1489,88.55,1,0
2332,goal_24,col_exit,1508,88.18,1,0
2333,goal_24,col_exit,1510,82.57,1,0
2334,goal_24,col_exit,1487,86.65,1,0
2335,goal_24,col_exit,1509,84.87,1,0
2336,goal_24,col_exit,1485,85.99,1,0
2337,goal_24,col_exit,1489,92.08,1,0
2338,goal_24,col_exit,1519,87.29,1,0
2339,goal_24,col_exit,1486,85.6,1,0
2340,goal_24,col_exit,1496,93.21,1,0
2341,goal_24,col_exit,1522,83.54,1,0
2342,goal_24,col_exit,1484,85.93,1,0
2343,goal_24,col_exit,1498,91.3,1,0
2344,goal_24,col_exit,1518,82.0,1,0
2345,goal_24,col_exit,1485,85.19,1,0
2346,goal_24,col_exit,1503,87.91,1,0
2347,goal_24,col_exit,1498,84.32,1,0
2348,goal_24,col_exit,1499,83.53,1,0
2349,goal_24,col_exit,1502,87.95,1,0
2350,goal_24,col_exit,1486,86.82,1,0
2351,goal_24,col_exit,1499,86.61,1,0
2352,goal_24,col_exit,1510,85.08,1,0
2353,goal_24,col_exit,1491,86.09,1,0
2354,goal_24,col_exit,1503,85.34,1,0
2355,goal_24,col_exit,1505,83.17,1,0
2356,goal_24,col_exit,1494,85.46,1,0
2357,goal_24,col_exit,1504,86.23,1,0
2358,goal_24,col_exit,1478,87.62,1,0
2359,goal_24,col_exit,1502,89.81,1,0
2360,goal_24,col_exit,1512,88.06,1,0
2361,goal_24,col_exit,1484,89.8,1,0
2362,goal_24,col_exit,1504,90.18,1,0
2363,goal_24,col_exit,1508,86.48,1,0
2364,goal_24,col_exit,1489,88.54,1,0
2365,goal_24,col_exit,1508,88.18,1,0
2366,goal_24,col_exit,1510,82.57,1,0
2367,goal_24,col_exit,1487,86.63,1,0
2368,goal_24,col_exit,1509,84.87,1,0
2369,goal_24,col_exit,1485,85.99,1,0
2370,goal_24,col_exit,1489,92.08,1,0
2371,goal_24,col_exit,1519,87.29,1,0
2372,goal_24,col_exit,1486,85.6,1,0
2373,goal_24,col_exit,1496,92.62,1,0
2374,goal_24,col_exit,1522,83.54,1,0
2375,goal_24,col_exit,1484,85.94,1,0
2376,goal_24,col_exit,1498,91.3,1,0
2377,goal_24,col_exit,1518,82.0,1,0
2378,goal_24,col_exit,1485,85.23,1,0
2379,goal_24,col_exit,1503,87.91,1,0
2380,goal_24,col_exit,1498,84.32,1,0
2381,goal_24,col_exit,1499,83.53,1,0
2382,goal_24,col_exit,1502,87.95,1,0
2383,goal_24,col_exit,1486,86.82,1,0
2384,goal_24,col_exit,1499,86.61,1,0
2385,goal_24,col_exit,1510,85.09,1,0
2386,goal_24,col_exit,1491,86.09,1,0
2387,goal_24,col_exit,1503,85.34,1,0
2388,goal_24,col_exit,1505,83.17,1,0
2389,goal_24,col_exit,1494,85.46,1,0
2390,goal_24,col_exit,1504,86.23,1,0
2391,goal_24,col_exit,1478,87.62,1,0
2392,goal_24,col_exit,1502,89.81,1,0
2393,goal_24,col_exit,1512,88.06,1,0
2394,goal_24,col_exit,1484,89.8,1,0
2395,goal_24,col_exit,1504,90.17,1,0
2396,goal_24,col_exit,1508,86.48,1,0
2397,goal_24,col_exit,1489,88.55,1,0
2398,goal_24,col_exit,1508,88.18,1,0
2399,goal_24,col_exit,1510,82.56,1,0
2400,goal_24,col_exit,1487,86.64,1,0
2401,goal_25,col_retorno,2177,287.11,1,1
2402,goal_25,col_retorno,2285,301.37,1,1
2403,goal_25,col_retorno,2198,289.58,1,1
2404,goal_25,exito,2499,582.68,1,1
2405,goal_25,col_exit,906,24.0,1,0
2406,goal_25,col_retorno,2213,290.47,1,1
2407,goal_25,col_approach,848,-39.7,0,0
2408,goal_25,exito,2501,581.65,1,1
2409,goal_25,exito,2500,582.74,1,1
2410,goal_25,col_retorno,2159,281.24,1,1
2411,goal_25,col_retorno,2213,283.47,1,1
2412,goal_25,col_retorno,2182,287.96,1,1
2413,goal_25,col_retorno,2214,292.17,1,1
2414,goal_25,exito,2499,582.71,1,1
2415,goal_25,col_exit,905,23.85,1,0
2416,goal_25,col_retorno,2257,295.45,1,1
2417,goal_25,col_retorno,2232,291.17,1,1
2418,goal_25,col_retorno,2227,290.91,1,1
2419,goal_25,col_approach,850,-39.61,0,0
2420,goal_25,exito,2501,581.7,1,1
2421,goal_25,exito,2500,582.76,1,1
2422,goal_25,col_retorno,2159,281.09,1,1
2423,goal_25,col_retorno,2212,283.41,1,1
2424,goal_25,col_retorno,2182,287.95,1,1
2425,goal_25,col_retorno,2214,292.17,1,1
2426,goal_25,exito,2499,582.71,1,1
2427,goal_25,col_exit,905,23.85,1,0
2428,goal_25,col_retorno,2257,295.45,1,1
2429,goal_25,col_retorno,2232,291.16,1,1
2430,goal_25,col_retorno,2227,290.92,1,1
2431,goal_25,col_approach,850,-39.62,0,0
2432,goal_25,exito,2501,581.7,1,1
2433,goal_25,exito,2500,582.77,1,1
2434,goal_25,col_retorno,2159,281.09,1,1
2435,goal_25,col_retorno,2212,283.41,1,1
2436,goal_25,col_retorno,2182,287.96,1,1
2437,goal_25,col_retorno,2214,292.17,1,1
2438,goal_25,exito,2499,582.71,1,1
2439,goal_25,col_exit,905,23.84,1,0
2440,goal_25,col_retorno,2257,295.45,1,1
2441,goal_25,col_retorno,2232,291.14,1,1
2442,goal_25,col_retorno,2227,290.92,1,1
2443,goal_25,col_approach,850,-39.62,0,0
2444,goal_25,exito,2501,581.7,1,1
2445,goal_25,exito,2500,582.77,1,1
2446,goal_25,col_retorno,2159,281.09,1,1
2447,goal_25,col_retorno,2212,283.41,1,1
2448,goal_25,col_retorno,2182,287.96,1,1
2449,goal_25,col_retorno,2214,292.17,1,1
2450,goal_25,exito,2499,582.71,1,1
2451,goal_25,col_exit,905,23.85,1,0
2452,goal_25,col_retorno,2257,295.45,1,1
2453,goal_25,col_retorno,2232,291.16,1,1
2454,goal_25,col_retorno,2227,290.92,1,1
2455,goal_25,col_approach,850,-39.61,0,0
2456,goal_25,exito,2501,581.7,1,1
2457,goal_25,exito,2500,582.77,1,1
2458,goal_25,col_retorno,2159,281.09,1,1
2459,goal_25,col_retorno,2212,283.41,1,1
2460,goal_25,col_retorno,2182,287.95,1,1
2461,goal_25,col_retorno,2214,292.17,1,1
2462,goal_25,exito,2499,582.7,1,1
2463,goal_25,col_exit,905,23.85,1,0
2464,goal_25,col_retorno,2257,295.45,1,1
2465,goal_25,col_retorno,2232,291.17,1,1
2466,goal_25,col_retorno,2227,290.92,1,1
2467,goal_25,col_approach,850,-39.61,0,0
2468,goal_25,exito,2501,581.7,1,1
2469,goal_25,exito,2500,582.77,1,1
2470,goal_25,col_retorno,2159,281.08,1,1
2471,goal_25,col_retorno,2212,283.41,1,1
2472,goal_25,col_retorno,2182,287.96,1,1
2473,goal_25,col_retorno,2214,292.17,1,1
2474,goal_25,exito,2499,582.71,1,1
2475,goal_25,col_exit,905,23.86,1,0
2476,goal_25,col_retorno,2257,295.45,1,1
2477,goal_25,col_retorno,2232,291.16,1,1
2478,goal_25,col_retorno,2227,290.92,1,1
2479,goal_25,col_approach,850,-39.61,0,0
2480,goal_25,exito,2501,581.7,1,1
2481,goal_25,exito,2500,582.77,1,1
2482,goal_25,col_retorno,2159,281.08,1,1
2483,goal_25,col_retorno,2212,283.4,1,1
2484,goal_25,col_retorno,2182,287.95,1,1
2485,goal_25,col_retorno,2214,292.17,1,1
2486,goal_25,exito,2499,582.71,1,1
2487,goal_25,col_exit,905,23.86,1,0
2488,goal_25,col_retorno,2257,295.45,1,1
2489,goal_25,col_retorno,2232,291.13,1,1
2490,goal_25,col_retorno,2227,290.92,1,1
2491,goal_25,col_approach,849,-39.79,0,0
2492,goal_25,exito,2501,581.65,1,1
2493,goal_25,exito,2500,582.75,1,1
2494,goal_25,col_retorno,2159,281.22,1,1
2495,goal_25,col_retorno,2213,283.47,1,1
2496,goal_25,col_retorno,2182,287.96,1,1
2497,goal_25,col_retorno,2214,292.16,1,1
2498,goal_25,exito,2499,582.71,1,1
2499,goal_25,col_exit,905,23.86,1,0
2500,goal_25,col_retorno,2257,295.45,1,1
2501,goal_26,col_approach,828,-38.94,0,0
2502,goal_26,col_approach,822,-40.63,0,0
2503,goal_26,exito,3351,690.65,1,1
2504,goal_26,col_retorno,2982,388.04,1,1
2505,goal_26,exito,3354,690.07,1,1
2506,goal_26,col_approach,814,-43.13,0,0
2507,goal_26,col_retorno,3030,395.24,1,1
2508,goal_26,exito,3352,690.03,1,1
2509,goal_26,col_approach,861,-34.3,0,0
2510,goal_26,col_approach,829,-47.25,0,0
2511,goal_26,col_approach,835,-38.31,0,0
2512,goal_26,col_approach,808,-42.48,0,0
2513,goal_26,exito,3352,690.94,1,1
2514,goal_26,col_retorno,2995,389.14,1,1
2515,goal_26,exito,3354,690.11,1,1
2516,goal_26,col_approach,810,-41.98,0,0
2517,goal_26,col_retorno,3037,395.67,1,1
2518,goal_26,exito,3353,690.86,1,1
2519,goal_26,col_approach,862,-34.09,0,0
2520,goal_26,col_approach,808,-42.35,0,0
2521,goal_26,exito,3352,690.28,1,1
2522,goal_26,col_retorno,2993,387.25,1,1
2523,goal_26,exito,3354,691.78,1,1
2524,goal_26,exito,3370,687.26,1,1
2525,goal_26,exito,3357,691.16,1,1
2526,goal_26,exito,3361,689.02,1,1
2527,goal_26,exito,3365,689.12,1,1
2528,goal_26,col_approach,810,-41.8,0,0
2529,goal_26,col_retorno,3050,396.31,1,1
2530,goal_26,col_approach,857,-35.01,0,0
2531,goal_26,col_approach,807,-42.33,0,0
2532,goal_26,exito,3352,691.05,1,1
2533,goal_26,exito,3350,689.67,1,1
2534,goal_26,exito,3363,689.2,1,1
2535,goal_26,col_retorno,3010,387.32,1,1
2536,goal_26,exito,3356,689.79,1,1
2537,goal_26,col_approach,810,-42.04,0,0
2538,goal_26,col_retorno,3041,396.42,1,1
2539,goal_26,exito,3354,690.64,1,1
2540,goal_26,col_approach,864,-33.71,0,0
2541,goal_26,col_approach,829,-47.25,0,0
2542,goal_26,col_approach,835,-38.31,0,0
2543,goal_26,col_approach,808,-42.48,0,0
2544,goal_26,exito,3352,690.95,1,1
2545,goal_26,exito,3353,689.26,1,1
2546,goal_26,col_approach,815,-41.32,0,0
2547,goal_26,exito,3356,691.42,1,1
2548,goal_26,exito,3355,690.4,1,1
2549,goal_26,exito,3359,691.65,1,1
2550,goal_26,exito,3356,689.89,1,1
2551,goal_26,exito,3373,687.96,1,1
2552,goal_26,exito,3357,689.98,1,1
2553,goal_26,col_approach,811,-41.8,0,0
2554,goal_26,col_retorno,3036,397.2,1,1
2555,goal_26,exito,3356,689.67,1,1
2556,goal_26,col_approach,872,-33.03,0,0
2557,goal_26,col_approach,812,-41.75,0,0
2558,goal_26,col_approach,878,-31.92,0,0
2559,goal_26,col_retorno,3079,399.17,1,1
2560,goal_26,exito,3359,688.46,1,1
2561,goal_26,col_approach,877,-32.09,0,0
2562,goal_26,col_approach,840,-44.79,0,0
2563,goal_26,col_approach,842,-37.05,0,0
2564,goal_26,col_approach,807,-42.33,0,0
2565,goal_26,exito,3352,691.06,1,1
2566,goal_26,exito,3350,689.67,1,1
2567,goal_26,exito,3363,689.19,1,1
2568,goal_26,col_retorno,3010,387.33,1,1
2569,goal_26,exito,3356,689.79,1,1
2570,goal_26,col_approach,810,-42.04,0,0
2571,goal_26,col_retorno,3040,396.18,1,1
2572,goal_26,exito,3353,690.57,1,1
2573,goal_26,col_approach,866,-34.07,0,0
2574,goal_26,col_approach,829,-47.25,0,0
2575,goal_26,col_approach,835,-38.31,0,0
2576,goal_26,col_approach,808,-42.48,0,0
2577,goal_26,exito,3352,690.93,1,1
2578,goal_26,col_retorno,2995,389.13,1,1
2579,goal_26,exito,3354,690.1,1,1
2580,goal_26,col_approach,810,-41.98,0,0
2581,goal_26,col_retorno,3037,395.66,1,1
2582,goal_26,exito,3353,690.86,1,1
2583,goal_26,col_approach,862,-34.08,0,0
2584,goal_26,col_approach,808,-42.35,0,0
2585,goal_26,exito,3352,690.28,1,1
2586,goal_26,col_retorno,2993,387.25,1,1
2587,goal_26,exito,3354,691.77,1,1
2588,goal_26,exito,3370,687.27,1,1
2589,goal_26,exito,3357,691.16,1,1
2590,goal_26,exito,3361,689.03,1,1
2591,goal_26,exito,3365,689.11,1,1
2592,goal_26,col_approach,810,-41.8,0,0
2593,goal_26,col_retorno,3050,396.3,1,1
2594,goal_26,col_approach,857,-35.01,0,0
2595,goal_26,col_approach,807,-42.33,0,0
2596,goal_26,exito,3352,691.05,1,1
2597,goal_26,exito,3350,689.68,1,1
2598,goal_26,exito,3363,689.2,1,1
2599,goal_26,col_retorno,3010,387.32,1,1
2600,goal_26,exito,3356,689.79,1,1
2601,goal_27,col_approach,810,-42.03,0,0
2602,goal_27,exito,3139,661.08,1,1
2603,goal_27,exito,3148,657.37,1,1
2604,goal_27,exito,3128,659.48,1,1
2605,goal_27,col_approach,830,-38.86,0,0
2606,goal_27,col_approach,810,-41.91,0,0
2607,goal_27,exito,3141,659.67,1,1
2608,goal_27,col_retorno,2867,368.28,1,1
2609,goal_27,col_approach,867,-33.94,0,0
2610,goal_27,exito,3157,655.54,1,1
2611,goal_27,col_retorno,2819,361.05,1,1
2612,goal_27,col_approach,812,-43.2,0,0
2613,goal_27,exito,3143,660.67,1,1
2614,goal_27,col_retorno,2812,363.22,1,1
2615,goal_27,exito,3158,655.91,1,1
2616,goal_27,exito,3131,661.1,1,1
2617,goal_27,exito,3139,660.35,1,1
2618,goal_27,col_retorno,2857,370.09,1,1
2619,goal_27,col_retorno,2806,363.6,1,1
2620,goal_27,col_retorno,2813,364.8,1,1
2621,goal_27,col_approach,849,-35.68,0,0
2622,goal_27,exito,3143,660.47,1,1
2623,goal_27,col_retorno,2820,359.54,1,1
2624,goal_27,col_approach,813,-42.09,0,0
2625,goal_27,exito,3140,661.33,1,1
2626,goal_27,col_retorno,2811,363.42,1,1
2627,goal_27,col_approach,823,-39.8,0,0
2628,goal_27,exito,3140,660.83,1,1
2629,goal_27,exito,3138,659.83,1,1
2630,goal_27,exito,3128,660.54,1,1
2631,goal_27,col_approach,851,-36.42,0,0
2632,goal_27,col_approach,826,-45.38,0,0
2633,goal_27,col_approach,835,-38.63,0,0
2634,goal_27,col_approach,811,-42.15,0,0
2635,goal_27,exito,3140,660.44,1,1
2636,goal_27,exito,3131,660.36,1,1
2637,goal_27,exito,3134,660.48,1,1
2638,goal_27,col_approach,867,-33.88,0,0
2639,goal_27,exito,3142,659.56,1,1
2640,goal_27,col_approach,823,-45.91,0,0
2641,goal_27,exito,3139,661.54,1,1
2642,goal_27,col_retorno,2816,361.14,1,1
2643,goal_27,col_approach,823,-40.19,0,0
2644,goal_27,exito,3143,659.69,1,1
2645,goal_27,exito,3139,659.49,1,1
2646,goal_27,exito,3127,660.11,1,1
2647,goal_27,col_approach,842,-37.39,0,0
2648,goal_27,col_retorno,2883,373.01,1,1
2649,goal_27,col_approach,862,-33.76,0,0
2650,goal_27,exito,3142,659.55,1,1
2651,goal_27,col_approach,823,-45.91,0,0
2652,goal_27,exito,3139,661.54,1,1
2653,goal_27,col_retorno,2816,361.14,1,1
2654,goal_27,col_approach,823,-40.19,0,0
2655,goal_27,exito,3143,659.69,1,1
2656,goal_27,exito,3139,659.49,1,1
2657,goal_27,exito,3127,660.09,1,1
2658,goal_27,col_approach,842,-37.41,0,0
2659,goal_27,col_retorno,2883,373.0,1,1
2660,goal_27,col_approach,862,-33.75,0,0
2661,goal_27,exito,3142,659.56,1,1
2662,goal_27,col_approach,823,-45.9,0,0
2663,goal_27,exito,3139,661.54,1,1
2664,goal_27,col_retorno,2816,361.15,1,1
2665,goal_27,col_approach,823,-40.19,0,0
2666,goal_27,exito,3143,659.69,1,1
2667,goal_27,exito,3139,659.47,1,1
2668,goal_27,exito,3127,660.09,1,1
2669,goal_27,col_approach,842,-37.4,0,0
2670,goal_27,col_retorno,2883,373.0,1,1
2671,goal_27,col_approach,862,-33.75,0,0
2672,goal_27,exito,3142,659.56,1,1
2673,goal_27,col_approach,823,-45.91,0,0
2674,goal_27,exito,3139,661.54,1,1
2675,goal_27,col_retorno,2816,361.14,1,1
2676,goal_27,col_approach,823,-40.19,0,0
2677,goal_27,exito,3143,659.69,1,1
2678,goal_27,exito,3139,659.47,1,1
2679,goal_27,exito,3127,660.11,1,1
2680,goal_27,col_approach,842,-37.39,0,0
2681,goal_27,col_retorno,2883,373.0,1,1
2682,goal_27,col_approach,862,-33.75,0,0
2683,goal_27,exito,3142,659.55,1,1
2684,goal_27,col_approach,823,-45.91,0,0
2685,goal_27,exito,3139,661.54,1,1
2686,goal_27,col_retorno,2816,361.14,1,1
2687,goal_27,col_approach,823,-40.19,0,0
2688,goal_27,exito,3143,659.69,1,1
2689,goal_27,exito,3139,659.49,1,1
2690,goal_27,exito,3127,660.1,1,1
2691,goal_27,col_approach,842,-37.39,0,0
2692,goal_27,col_retorno,2883,373.0,1,1
2693,goal_27,col_approach,862,-33.75,0,0
2694,goal_27,exito,3142,659.55,1,1
2695,goal_27,col_approach,823,-45.91,0,0
2696,goal_27,exito,3139,661.53,1,1
2697,goal_27,col_retorno,2816,361.14,1,1
2698,goal_27,col_approach,823,-40.19,0,0
2699,goal_27,exito,3143,659.69,1,1
2700,goal_27,exito,3139,659.47,1,1
2701,goal_28,exito,2858,625.84,1,1
2702,goal_28,col_retorno,2468,320.69,1,1
2703,goal_28,exito,2857,625.16,1,1
2704,goal_28,col_retorno,2619,339.79,1,1
2705,goal_28,col_approach,861,-34.83,0,0
2706,goal_28,col_approach,786,-49.43,0,0
2707,goal_28,col_approach,775,-47.13,0,0
2708,goal_28,col_approach,782,-50.05,0,0
2709,goal_28,col_retorno,2521,323.8,1,1
2710,goal_28,exito,2855,625.25,1,1
2711,goal_28,exito,2864,625.39,1,1
2712,goal_28,col_retorno,2600,337.02,1,1
2713,goal_28,col_approach,814,-41.86,0,0
2714,goal_28,col_approach,767,-48.53,0,0
2715,goal_28,col_approach,775,-47.25,0,0
2716,goal_28,col_approach,810,-49.63,0,0
2717,goal_28,col_retorno,2530,326.56,1,1
2718,goal_28,exito,2860,626.26,1,1
2719,goal_28,col_approach,777,-48.27,0,0
2720,goal_28,col_retorno,2543,326.6,1,1
2721,goal_28,exito,2856,625.61,1,1
2722,goal_28,exito,2864,625.78,1,1
2723,goal_28,exito,2868,624.95,1,1
2724,goal_28,col_approach,835,-39.39,0,0
2725,goal_28,col_approach,779,-48.46,0,0
2726,goal_28,col_approach,769,-48.01,0,0
2727,goal_28,col_retorno,2531,326.11,1,1
2728,goal_28,exito,2856,625.77,1,1
2729,goal_28,exito,2866,624.95,1,1
2730,goal_28,col_retorno,2643,340.95,1,1
2731,goal_28,col_approach,813,-41.4,0,0
2732,goal_28,col_approach,769,-48.15,0,0
2733,goal_28,col_approach,794,-47.64,0,0
2734,goal_28,exito,2857,625.13,1,1
2735,goal_28,exito,2860,625.23,1,1
2736,goal_28,col_retorno,2579,335.2,1,1
2737,goal_28,exito,2861,625.33,1,1
2738,goal_28,col_approach,782,-45.9,0,0
2739,goal_28,col_approach,795,-49.36,0,0
2740,goal_28,exito,2855,625.44,1,1
2741,goal_28,col_approach,834,-39.26,0,0
2742,goal_28,col_approach,776,-47.05,0,0
2743,goal_28,col_approach,779,-47.8,0,0
2744,goal_28,exito,2871,621.93,1,1
2745,goal_28,col_approach,837,-38.97,0,0
2746,goal_28,col_approach,770,-49.35,0,0
2747,goal_28,col_approach,773,-47.33,0,0
2748,goal_28,col_retorno,2580,317.41,1,1
2749,goal_28,exito,2860,625.72,1,1
2750,goal_28,col_approach,786,-49.68,0,0
2751,goal_28,col_approach,766,-48.81,0,0
2752,goal_28,exito,2868,624.58,1,1
2753,goal_28,col_approach,804,-43.28,0,0
2754,goal_28,col_approach,774,-47.44,0,0
2755,goal_28,col_approach,771,-48.03,0,0
2756,goal_28,exito,2867,624.6,1,1
2757,goal_28,col_approach,817,-41.91,0,0
2758,goal_28,col_approach,782,-46.7,0,0
2759,goal_28,col_approach,778,-46.91,0,0
2760,goal_28,col_approach,770,-49.78,0,0
2761,goal_28,exito,2865,625.62,1,1
2762,goal_28,col_approach,825,-40.32,0,0
2763,goal_28,col_approach,791,-51.32,0,0
2764,goal_28,col_approach,771,-47.94,0,0
2765,goal_28,col_retorno,2628,336.87,1,1
2766,goal_28,col_approach,826,-39.68,0,0
2767,goal_28,col_approach,777,-46.68,0,0
2768,goal_28,exito,2878,619.45,1,1
2769,goal_28,col_approach,847,-36.84,0,0
2770,goal_28,col_approach,772,-48.31,0,0
2771,goal_28,col_approach,773,-48.49,0,0
2772,goal_28,exito,2864,622.84,1,1
2773,goal_28,col_approach,823,-40.71,0,0
2774,goal_28,col_approach,771,-47.93,0,0
2775,goal_28,col_approach,793,-49.15,0,0
2776,goal_28,col_retorno,2550,323.84,1,1
2777,goal_28,exito,2862,625.98,1,1
2778,goal_28,col_approach,778,-46.7,0,0
2779,goal_28,col_approach,768,-48.4,0,0
2780,goal_28,exito,2873,623.35,1,1
2781,goal_28,col_approach,841,-38.08,0,0
2782,goal_28,col_approach,774,-47.31,0,0
2783,goal_28,col_approach,770,-48.2,0,0
2784,goal_28,col_retorno,2653,339.75,1,1
2785,goal_28,col_approach,813,-41.42,0,0
2786,goal_28,col_approach,769,-48.16,0,0
2787,goal_28,exito,2868,621.6,1,1
2788,goal_28,exito,2857,626.15,1,1
2789,goal_28,exito,2863,625.61,1,1
2790,goal_28,exito,2870,624.43,1,1
2791,goal_28,col_approach,779,-47.24,0,0
2792,goal_28,col_approach,771,-49.64,0,0
2793,goal_28,exito,2867,625.18,1,1
2794,goal_28,col_approach,828,-39.76,0,0
2795,goal_28,col_approach,791,-51.32,0,0
2796,goal_28,col_approach,771,-47.97,0,0
2797,goal_28,col_retorno,2628,336.87,1,1
2798,goal_28,col_approach,826,-39.68,0,0
2799,goal_28,col_approach,777,-46.68,0,0
2800,goal_28,exito,2878,619.45,1,1
