episodio,goal_id,rep,resultado,pasos,reward,warehouse_id,metodo,seed,peaton,policy_stage,evaluation_variant,dynamic_replanning,architecture,model_seed,warehouse,repetition,episode_seed,result,collision_phase,simulated_time,replan_attempts,replan_successes,pedestrian_initial_position
1,goal_001,1,exito,14404,2201.02,05,subwp,123,1,E2.1,E2.1-R0,False,subwp,123,05,1,1218005949,exito,,460.928,0,0,"[0.0, -2.9260540052286]"
2,goal_001,2,exito,14397,2201.58,05,subwp,123,1,E2.1,E2.1-R0,False,subwp,123,05,2,3515881991,exito,,460.704,0,0,"[0.0, 29.18313723632903]"
3,goal_001,3,exito,14397,2201.6,05,subwp,123,1,E2.1,E2.1-R0,False,subwp,123,05,3,2794924689,exito,,460.704,0,0,"[0.0, -20.775025518212168]"
4,goal_001,4,exito,14397,2201.53,05,subwp,123,1,E2.1,E2.1-R0,False,subwp,123,05,4,955498290,exito,,460.704,0,0,"[0.0, -27.829459297498413]"
5,goal_001,5,exito,14397,2201.57,05,subwp,123,1,E2.1,E2.1-R0,False,subwp,123,05,5,1341427620,exito,,460.704,0,0,"[0.0, -22.952356405222478]"
6,goal_001,6,exito,14397,2201.55,05,subwp,123,1,E2.1,E2.1-R0,False,subwp,123,05,6,3606961694,exito,,460.704,0,0,"[0.0, -12.379165918119625]"
7,goal_001,7,exito,14397,2201.59,05,subwp,123,1,E2.1,E2.1-R0,False,subwp,123,05,7,2717576840,exito,,460.704,0,0,"[0.0, -15.231487972033968]"
8,goal_001,8,exito,14397,2201.53,05,subwp,123,1,E2.1,E2.1-R0,False,subwp,123,05,8,826667801,exito,,460.704,0,0,"[0.0, -7.22827515220994]"
9,goal_001,9,col_return,8544,1145.37,05,subwp,123,1,E2.1,E2.1-R0,False,subwp,123,05,9,1178780559,col_return,return,273.408,0,0,"[0.0, -8.672409134094528]"
10,goal_001,10,exito,14395,2202.08,05,subwp,123,1,E2.1,E2.1-R0,False,subwp,123,05,10,1094945115,exito,,460.64,0,0,"[0.0, 6.947581508708433]"
11,goal_002,1,exito,14283,2189.19,05,subwp,123,1,E2.1,E2.1-R0,False,subwp,123,05,1,1230709130,exito,,457.056,0,0,"[0.0, -8.338532180745252]"
12,goal_002,2,col_return,8635,1157.09,05,subwp,123,1,E2.1,E2.1-R0,False,subwp,123,05,2,3495063600,col_return,return,276.32,0,0,"[0.0, 9.743755938336767]"
13,goal_002,3,exito,14280,2189.55,05,subwp,123,1,E2.1,E2.1-R0,False,subwp,123,05,3,2807382182,exito,,456.96,0,0,"[0.0, -10.072795906967603]"
14,goal_002,4,exito,14317,1965.1,05,subwp,123,1,E2.1,E2.1-R0,False,subwp,123,05,4,959567109,exito,,458.144,0,0,"[0.0, 0.3711026740187795]"
15,goal_002,5,col_return,8778,1168.9,05,subwp,123,1,E2.1,E2.1-R0,False,subwp,123,05,5,1312220563,col_return,return,280.896,0,0,"[0.0, 7.019994252384077]"
16,goal_002,6,exito,14282,2189.56,05,subwp,123,1,E2.1,E2.1-R0,False,subwp,123,05,6,3611276329,exito,,457.024,0,0,"[0.0, 18.815202315785562]"
17,goal_002,7,col_return,8478,1136.62,05,subwp,123,1,E2.1,E2.1-R0,False,subwp,123,05,7,2688058559,col_return,return,271.296,0,0,"[0.0, -24.938466201767735]"
18,goal_002,8,exito,14281,2189.64,05,subwp,123,1,E2.1,E2.1-R0,False,subwp,123,05,8,814192942,exito,,456.992,0,0,"[0.0, 10.806038457611198]"
19,goal_002,9,exito,14283,2175.83,05,subwp,123,1,E2.1,E2.1-R0,False,subwp,123,05,9,1199614392,exito,,457.056,0,0,"[0.0, -1.0293255326576967]"
20,goal_002,10,col_return,8726,1162.06,05,subwp,123,1,E2.1,E2.1-R0,False,subwp,123,05,10,4194299454,col_return,return,279.232,0,0,"[0.0, -1.741671790648185]"
21,goal_003,1,exito,14166,2185.7,05,subwp,123,1,E2.1,E2.1-R0,False,subwp,123,05,1,1260232659,exito,,453.312,0,0,"[0.0, 24.612797592205688]"
22,goal_003,2,col_return,8459,1142.59,05,subwp,123,1,E2.1,E2.1-R0,False,subwp,123,05,2,3524578921,col_return,return,270.688,0,0,"[0.0, -28.125551473651726]"
23,goal_003,3,exito,14166,2185.6,05,subwp,123,1,E2.1,E2.1-R0,False,subwp,123,05,3,2769551103,exito,,453.312,0,0,"[0.0, -16.25085957108824]"
24,goal_003,4,col_return,8395,1135.78,05,subwp,123,1,E2.1,E2.1-R0,False,subwp,123,05,4,997682012,col_return,return,268.64,0,0,"[0.0, -10.15082248867066]"
25,goal_003,5,exito,14166,2185.58,05,subwp,123,1,E2.1,E2.1-R0,False,subwp,123,05,5,1282431946,exito,,453.312,0,0,"[0.0, 28.112271100694134]"
26,goal_003,6,col_return,8363,1129.46,05,subwp,123,1,E2.1,E2.1-R0,False,subwp,123,05,6,3581479536,col_return,return,267.616,0,0,"[0.0, -23.60715204718408]"
27,goal_003,7,exito,14166,2185.66,05,subwp,123,1,E2.1,E2.1-R0,False,subwp,123,05,7,2726181606,exito,,453.312,0,0,"[0.0, -16.52627649048188]"
28,goal_003,8,col_return,8348,1126.9,05,subwp,123,1,E2.1,E2.1-R0,False,subwp,123,05,8,851519351,col_return,return,267.136,0,0,"[0.0, 1.3846654117918544]"
29,goal_003,9,exito,14166,2185.71,05,subwp,123,1,E2.1,E2.1-R0,False,subwp,123,05,9,1170610145,exito,,453.312,0,0,"[0.0, -10.486551393622426]"
30,goal_003,10,col_return,8337,1126.35,05,subwp,123,1,E2.1,E2.1-R0,False,subwp,123,05,10,3947512272,col_return,return,266.784,0,0,"[0.0, -21.427131796426416]"
31,goal_004,1,exito,14124,2180.81,05,subwp,123,1,E2.1,E2.1-R0,False,subwp,123,05,1,1256191460,exito,,451.968,0,0,"[0.0, 22.29704370254787]"
32,goal_004,2,col_return,8338,1128.33,05,subwp,123,1,E2.1,E2.1-R0,False,subwp,123,05,2,3554059358,col_return,return,266.816,0,0,"[0.0, -4.247071952713406]"
33,goal_004,3,exito,14125,2180.96,05,subwp,123,1,E2.1,E2.1-R0,False,subwp,123,05,3,2765198536,exito,,452.0,0,0,"[0.0, -26.391214851003298]"
34,goal_004,4,col_return,8349,1133.17,05,subwp,123,1,E2.1,E2.1-R0,False,subwp,123,05,4,984940907,col_return,return,267.168,0,0,"[0.0, -4.989353735098003]"
35,goal_004,5,exito,14125,2180.95,05,subwp,123,1,E2.1,E2.1-R0,False,subwp,123,05,5,1303523837,exito,,452.0,0,0,"[0.0, -11.136648865462167]"
36,goal_004,6,col_return,8363,1135.02,05,subwp,123,1,E2.1,E2.1-R0,False,subwp,123,05,6,3569049671,col_return,return,267.616,0,0,"[0.0, -29.525422366609806]"
37,goal_004,7,exito,14125,2180.95,05,subwp,123,1,E2.1,E2.1-R0,False,subwp,123,05,7,2747027665,exito,,452.0,0,0,"[0.0, 15.925700634499636]"
38,goal_004,8,col_return,8369,1135.72,05,subwp,123,1,E2.1,E2.1-R0,False,subwp,123,05,8,855854400,col_return,return,267.808,0,0,"[0.0, -18.975967082598505]"
39,goal_004,9,exito,14125,2180.94,05,subwp,123,1,E2.1,E2.1-R0,False,subwp,123,05,9,1141145046,exito,,452.0,0,0,"[0.0, -26.065824703182493]"
40,goal_004,10,col_return,8370,1136.33,05,subwp,123,1,E2.1,E2.1-R0,False,subwp,123,05,10,1408640693,col_return,return,267.84,0,0,"[0.0, -24.52220381825393]"
41,goal_005,1,exito,14111,2181.13,05,subwp,123,1,E2.1,E2.1-R0,False,subwp,123,05,1,1334895457,exito,,451.552,0,0,"[0.0, -3.9597189970263003]"
42,goal_005,2,col_return,8376,1134.28,05,subwp,123,1,E2.1,E2.1-R0,False,subwp,123,05,2,3600397019,col_return,return,268.032,0,0,"[0.0, -13.510127321110339]"
43,goal_005,3,exito,14112,2181.3,05,subwp,123,1,E2.1,E2.1-R0,False,subwp,123,05,3,2711519821,exito,,451.584,0,0,"[0.0, -24.006112769842197]"
44,goal_005,4,col_return,8380,1135.08,05,subwp,123,1,E2.1,E2.1-R0,False,subwp,123,05,4,1073354734,col_return,return,268.16,0,0,"[0.0, 23.231583566991148]"
45,goal_005,5,exito,14112,2181.34,05,subwp,123,1,E2.1,E2.1-R0,False,subwp,123,05,5,1224550264,exito,,451.584,0,0,"[0.0, 0.4407057481032095]"
46,goal_005,6,col_return,8383,1135.64,05,subwp,123,1,E2.1,E2.1-R0,False,subwp,123,05,6,3522459330,col_return,return,268.256,0,0,"[0.0, 6.929640727966413]"
47,goal_005,7,exito,14112,2181.34,05,subwp,123,1,E2.1,E2.1-R0,False,subwp,123,05,7,2800961108,exito,,451.584,0,0,"[0.0, -26.44174294400927]"
48,goal_005,8,col_return,8382,1136.58,05,subwp,123,1,E2.1,E2.1-R0,False,subwp,123,05,8,910973893,col_return,return,268.224,0,0,"[0.0, 11.07932944593763]"
49,goal_005,9,exito,14112,2181.35,05,subwp,123,1,E2.1,E2.1-R0,False,subwp,123,05,9,1095461715,exito,,451.584,0,0,"[0.0, 28.61292098022989]"
50,goal_005,10,col_return,8384,1136.94,05,subwp,123,1,E2.1,E2.1-R0,False,subwp,123,05,10,3458276876,col_return,return,268.288,0,0,"[0.0, -28.11400742961925]"
51,goal_006,1,exito,14094,2176.79,05,subwp,123,1,E2.1,E2.1-R0,False,subwp,123,05,1,1314031958,exito,,451.008,0,0,"[0.0, 27.819915323857522]"
52,goal_006,2,col_return,8388,1135.1,05,subwp,123,1,E2.1,E2.1-R0,False,subwp,123,05,2,3613120748,col_return,return,268.416,0,0,"[0.0, -19.447802319973295]"
53,goal_006,3,exito,14094,2176.79,05,subwp,123,1,E2.1,E2.1-R0,False,subwp,123,05,3,2690443386,exito,,451.008,0,0,"[0.0, 0.0836008918649167]"
54,goal_006,4,col_return,8398,1134.78,05,subwp,123,1,E2.1,E2.1-R0,False,subwp,123,05,4,1043889625,col_return,return,268.736,0,0,"[0.0, 28.338993587484058]"
55,goal_006,5,exito,14093,2176.67,05,subwp,123,1,E2.1,E2.1-R0,False,subwp,123,05,5,1228885327,exito,,450.976,0,0,"[0.0, 10.098100164279417]"
56,goal_006,6,col_return,8401,1136.89,05,subwp,123,1,E2.1,E2.1-R0,False,subwp,123,05,6,3493207285,col_return,return,268.832,0,0,"[0.0, 22.28027596355753]"
57,goal_006,7,exito,14094,2176.8,05,subwp,123,1,E2.1,E2.1-R0,False,subwp,123,05,7,2805017699,exito,,451.008,0,0,"[0.0, 6.972010049676063]"
58,goal_006,8,col_return,8402,1136.78,05,subwp,123,1,E2.1,E2.1-R0,False,subwp,123,05,8,932065778,col_return,return,268.864,0,0,"[0.0, 13.013217060497787]"
59,goal_006,9,exito,14094,2176.79,05,subwp,123,1,E2.1,E2.1-R0,False,subwp,123,05,9,1082720612,exito,,451.008,0,0,"[0.0, -11.313943870968284]"
60,goal_006,10,col_return,8403,1137.49,05,subwp,123,1,E2.1,E2.1-R0,False,subwp,123,05,10,1990031721,col_return,return,268.896,0,0,"[0.0, 18.104711904968905]"
61,goal_007,1,exito,14085,2177.83,05,subwp,123,1,E2.1,E2.1-R0,False,subwp,123,05,1,1276393231,exito,,450.72,0,0,"[0.0, 3.699131518451295]"
62,goal_007,2,col_return,8403,1140.35,05,subwp,123,1,E2.1,E2.1-R0,False,subwp,123,05,2,3575473845,col_return,return,268.896,0,0,"[0.0, -2.968248664451776]"
63,goal_007,3,exito,14085,2177.83,05,subwp,123,1,E2.1,E2.1-R0,False,subwp,123,05,3,2719634979,exito,,450.72,0,0,"[0.0, 22.77396750373505]"
64,goal_007,4,col_return,8407,1141.8,05,subwp,123,1,E2.1,E2.1-R0,False,subwp,123,05,4,1014940544,col_return,return,269.024,0,0,"[0.0, 23.663032435182085]"
65,goal_007,5,exito,14085,2177.77,05,subwp,123,1,E2.1,E2.1-R0,False,subwp,123,05,5,1266283286,exito,,450.72,0,0,"[0.0, -13.985246922515346]"
66,goal_007,6,col_return,8411,1141.95,05,subwp,123,1,E2.1,E2.1-R0,False,subwp,123,05,6,3530597036,col_return,return,269.152,0,0,"[0.0, -1.1003385714041447]"
67,goal_007,7,exito,14085,2177.77,05,subwp,123,1,E2.1,E2.1-R0,False,subwp,123,05,7,2776076858,exito,,450.72,0,0,"[0.0, -7.3535937296963905]"
68,goal_007,8,col_return,8410,1142.7,05,subwp,123,1,E2.1,E2.1-R0,False,subwp,123,05,8,902336427,col_return,return,269.12,0,0,"[0.0, 11.018481259051523]"
69,goal_007,9,exito,14085,2177.77,05,subwp,123,1,E2.1,E2.1-R0,False,subwp,123,05,9,1120911165,exito,,450.72,0,0,"[0.0, 19.36579134630401]"
70,goal_007,10,col_return,8411,1143.12,05,subwp,123,1,E2.1,E2.1-R0,False,subwp,123,05,10,1680397959,col_return,return,269.152,0,0,"[0.0, 2.064311165889494]"
71,goal_008,1,exito,14104,2179.79,05,subwp,123,1,E2.1,E2.1-R0,False,subwp,123,05,1,1305894200,exito,,451.328,0,0,"[0.0, -6.609861473635778]"
72,goal_008,2,col_return,8416,1141.02,05,subwp,123,1,E2.1,E2.1-R0,False,subwp,123,05,2,3571387522,col_return,return,269.312,0,0,"[0.0, 27.203387834537867]"
73,goal_008,3,exito,14104,2179.76,05,subwp,123,1,E2.1,E2.1-R0,False,subwp,123,05,3,2748857364,exito,,451.328,0,0,"[0.0, -23.183424116002097]"
74,goal_008,4,col_return,8405,1138.9,05,subwp,123,1,E2.1,E2.1-R0,False,subwp,123,05,4,1035774391,col_return,return,268.96,0,0,"[0.0, 6.019788324933701]"
75,goal_008,5,exito,14104,2179.78,05,subwp,123,1,E2.1,E2.1-R0,False,subwp,123,05,5,1253808417,exito,,451.328,0,0,"[0.0, 29.539108954485798]"
76,goal_008,6,col_return,8398,1138.2,05,subwp,123,1,E2.1,E2.1-R0,False,subwp,123,05,6,3551709339,col_return,return,268.736,0,0,"[0.0, -14.503053754409997]"
77,goal_008,7,exito,14104,2179.79,05,subwp,123,1,E2.1,E2.1-R0,False,subwp,123,05,7,2763388941,exito,,451.328,0,0,"[0.0, -18.32616719784872]"
78,goal_008,8,col_return,8392,1138.93,05,subwp,123,1,E2.1,E2.1-R0,False,subwp,123,05,8,873129372,col_return,return,268.544,0,0,"[0.0, -19.903376120748327]"
79,goal_008,9,exito,14104,2179.73,05,subwp,123,1,E2.1,E2.1-R0,False,subwp,123,05,9,1124979978,exito,,451.328,0,0,"[0.0, 29.704609365790628]"
80,goal_008,10,col_return,8393,1139.12,05,subwp,123,1,E2.1,E2.1-R0,False,subwp,123,05,10,3700732386,col_return,return,268.576,0,0,"[0.0, 22.207982529428822]"
81,goal_009,1,exito,14155,2184.93,05,subwp,123,1,E2.1,E2.1-R0,False,subwp,123,05,1,1183455749,exito,,452.96,0,0,"[0.0, 19.782713836217855]"
82,goal_009,2,col_return,8393,1139.3,05,subwp,123,1,E2.1,E2.1-R0,False,subwp,123,05,2,3749923775,col_return,return,268.576,0,0,"[0.0, 6.131961959494852]"
83,goal_009,3,exito,14155,2184.94,05,subwp,123,1,E2.1,E2.1-R0,False,subwp,123,05,3,2827254569,exito,,452.96,0,0,"[0.0, 12.12854571733647]"
84,goal_009,4,col_return,8376,1130.15,05,subwp,123,1,E2.1,E2.1-R0,False,subwp,123,05,4,920710794,col_return,return,268.032,0,0,"[0.0, 18.130680329100578]"
85,goal_009,5,exito,14154,2184.78,05,subwp,123,1,E2.1,E2.1-R0,False,subwp,123,05,5,1105714716,exito,,452.928,0,0,"[0.0, -6.797307151182379]"
86,goal_009,6,col_return,8352,1131.55,05,subwp,123,1,E2.1,E2.1-R0,False,subwp,123,05,6,3639512998,col_return,return,267.264,0,0,"[0.0, 1.662542213378193]"
87,goal_009,7,exito,14155,2184.92,05,subwp,123,1,E2.1,E2.1-R0,False,subwp,123,05,7,2951331632,exito,,452.96,0,0,"[0.0, -4.813808019124533]"
88,goal_009,8,col_return,8345,1131.2,05,subwp,123,1,E2.1,E2.1-R0,False,subwp,123,05,8,1062642337,col_return,return,267.04,0,0,"[0.0, -24.822003641474065]"
89,goal_009,9,exito,14155,2184.94,05,subwp,123,1,E2.1,E2.1-R0,False,subwp,123,05,9,1213305399,exito,,452.96,0,0,"[0.0, 6.072301027416871]"
90,goal_009,10,col_return,8342,1131.36,05,subwp,123,1,E2.1,E2.1-R0,False,subwp,123,05,10,2230821300,col_return,return,266.944,0,0,"[0.0, -18.08847454779645]"
91,goal_010,1,exito,14230,2194.67,05,subwp,123,1,E2.1,E2.1-R0,False,subwp,123,05,1,1195929650,exito,,455.36,0,0,"[0.0, 21.54614317279637]"
92,goal_010,2,exito,14237,2082.98,05,subwp,123,1,E2.1,E2.1-R0,False,subwp,123,05,2,3728810376,exito,,455.584,0,0,"[0.0, 21.906669678648182]"
93,goal_010,3,col_return,8737,1183.13,05,subwp,123,1,E2.1,E2.1-R0,False,subwp,123,05,3,2839941406,col_return,return,279.584,0,0,"[0.0, 6.273684962186373]"
94,goal_010,4,exito,14232,2194.99,05,subwp,123,1,E2.1,E2.1-R0,False,subwp,123,05,4,925009085,exito,,455.424,0,0,"[0.0, -2.8870610526520424]"
95,goal_010,5,col_return,8496,1148.75,05,subwp,123,1,E2.1,E2.1-R0,False,subwp,123,05,5,1076212779,col_return,return,271.872,0,0,"[0.0, -14.698181508850038]"
96,goal_010,6,exito,14230,2194.64,05,subwp,123,1,E2.1,E2.1-R0,False,subwp,123,05,6,3643598225,exito,,455.36,0,0,"[0.0, -0.8463307781165441]"
97,goal_010,7,col_return,8379,1137.13,05,subwp,123,1,E2.1,E2.1-R0,False,subwp,123,05,7,2922108167,col_return,return,268.128,0,0,"[0.0, -26.30489445099218]"
98,goal_010,8,exito,14232,2195.02,05,subwp,123,1,E2.1,E2.1-R0,False,subwp,123,05,8,1049938070,exito,,455.424,0,0,"[0.0, -13.216400119372803]"
99,goal_010,9,exito,14235,2159.39,05,subwp,123,1,E2.1,E2.1-R0,False,subwp,123,05,9,1234434048,exito,,455.52,0,0,"[0.0, 2.2167980644032115]"
100,goal_010,10,col_return,8707,1179.25,05,subwp,123,1,E2.1,E2.1-R0,False,subwp,123,05,10,1011599057,col_return,return,278.624,0,0,"[0.0, 21.669807455760147]"
101,goal_011,1,exito,14301,2204.02,05,subwp,123,1,E2.1,E2.1-R0,False,subwp,123,05,1,2997852996,exito,,457.632,0,0,"[0.0, 23.169592406037566]"
102,goal_011,2,col_return,8488,1147.28,05,subwp,123,1,E2.1,E2.1-R0,False,subwp,123,05,2,732351230,col_return,return,271.616,0,0,"[0.0, 4.3119481183467645]"
103,goal_011,3,exito,14301,2203.97,05,subwp,123,1,E2.1,E2.1-R0,False,subwp,123,05,3,1554119272,exito,,457.632,0,0,"[0.0, 21.995716776342856]"
104,goal_011,4,exito,14304,2204.15,05,subwp,123,1,E2.1,E2.1-R0,False,subwp,123,05,4,3267719115,exito,,457.728,0,0,"[0.0, 8.90264049344115]"
105,goal_011,5,col_return,8700,1171.14,05,subwp,123,1,E2.1,E2.1-R0,False,subwp,123,05,5,3049414493,col_return,return,278.4,0,0,"[0.0, -25.640201494524067]"
106,goal_011,6,exito,14301,2203.96,05,subwp,123,1,E2.1,E2.1-R0,False,subwp,123,05,6,751505127,exito,,457.632,0,0,"[0.0, 0.4180257597886827]"
107,goal_011,7,exito,14327,2005.13,05,subwp,123,1,E2.1,E2.1-R0,False,subwp,123,05,7,1540111985,exito,,458.464,0,0,"[0.0, 12.95891229339881]"
108,goal_011,8,col_return,8791,1179.64,05,subwp,123,1,E2.1,E2.1-R0,False,subwp,123,05,8,3413320672,col_return,return,281.312,0,0,"[0.0, 24.51217750537999]"
109,goal_011,9,exito,14301,2203.98,05,subwp,123,1,E2.1,E2.1-R0,False,subwp,123,05,9,3161723766,exito,,457.632,0,0,"[0.0, -1.4612040803499848]"
110,goal_011,10,col_return,8471,1146.84,05,subwp,123,1,E2.1,E2.1-R0,False,subwp,123,05,10,2245588275,col_return,return,271.072,0,0,"[0.0, 2.9476288427317288]"
111,goal_012,1,exito,14359,2212.76,05,subwp,123,1,E2.1,E2.1-R0,False,subwp,123,05,1,3010326899,exito,,459.488,0,0,"[0.0, -22.88859833407606]"
112,goal_012,2,exito,14364,2213.24,05,subwp,123,1,E2.1,E2.1-R0,False,subwp,123,05,2,711237833,exito,,459.648,0,0,"[0.0, -2.82472133405]"
113,goal_012,3,col_return,8658,1172.84,05,subwp,123,1,E2.1,E2.1-R0,False,subwp,123,05,3,1566806111,col_return,return,277.056,0,0,"[0.0, -6.250871663935302]"
114,goal_012,4,exito,14360,2213.01,05,subwp,123,1,E2.1,E2.1-R0,False,subwp,123,05,4,3272017404,exito,,459.52,0,0,"[0.0, -17.108976267072403]"
115,goal_012,5,exito,14364,2213.16,05,subwp,123,1,E2.1,E2.1-R0,False,subwp,123,05,5,3019912554,exito,,459.648,0,0,"[0.0, -24.69521629915568]"
116,goal_012,6,col_return,8720,1177.73,05,subwp,123,1,E2.1,E2.1-R0,False,subwp,123,05,6,755590352,col_return,return,279.04,0,0,"[0.0, -19.860559366118927]"
117,goal_012,7,exito,14360,2213.02,05,subwp,123,1,E2.1,E2.1-R0,False,subwp,123,05,7,1510888518,exito,,459.52,0,0,"[0.0, -24.89785843690142]"
118,goal_012,8,exito,14364,2204.26,05,subwp,123,1,E2.1,E2.1-R0,False,subwp,123,05,8,3400616407,exito,,459.648,0,0,"[0.0, -14.446386198327492]"
119,goal_012,9,col_return,8743,1183.65,05,subwp,123,1,E2.1,E2.1-R0,False,subwp,123,05,9,3182852417,col_return,return,279.776,0,0,"[0.0, -29.794990104840178]"
120,goal_012,10,exito,14360,2213.01,05,subwp,123,1,E2.1,E2.1-R0,False,subwp,123,05,10,1030001238,exito,,459.52,0,0,"[0.0, 0.5947849911366809]"
121,goal_013,1,exito,14439,2224.1,05,subwp,123,1,E2.1,E2.1-R0,False,subwp,123,05,1,2972405546,exito,,462.048,0,0,"[0.0, 18.82838374250706]"
122,goal_013,2,col_return,8758,1188.05,05,subwp,123,1,E2.1,E2.1-R0,False,subwp,123,05,2,673324688,col_return,return,280.256,0,0,"[0.0, 27.297729060645413]"
123,goal_013,3,exito,14436,2223.95,05,subwp,123,1,E2.1,E2.1-R0,False,subwp,123,05,3,1596272134,exito,,461.952,0,0,"[0.0, 11.78296628434255]"
124,goal_013,4,exito,14439,2224.12,05,subwp,123,1,E2.1,E2.1-R0,False,subwp,123,05,4,3242310565,exito,,462.048,0,0,"[0.0, 19.152162688312192]"
125,goal_013,5,col_return,8689,1180.11,05,subwp,123,1,E2.1,E2.1-R0,False,subwp,123,05,5,3058076467,col_return,return,278.048,0,0,"[0.0, 20.14057649999202]"
126,goal_013,6,exito,14436,2223.96,05,subwp,123,1,E2.1,E2.1-R0,False,subwp,123,05,6,793762441,exito,,461.952,0,0,"[0.0, -9.175051093812636]"
127,goal_013,7,exito,14439,2224.08,05,subwp,123,1,E2.1,E2.1-R0,False,subwp,123,05,7,1481173535,exito,,462.048,0,0,"[0.0, 24.609885740298967]"
128,goal_013,8,col_return,8659,1172.83,05,subwp,123,1,E2.1,E2.1-R0,False,subwp,123,05,8,3371693966,col_return,return,277.088,0,0,"[0.0, 29.914518370145185]"
129,goal_013,9,exito,14436,2223.95,05,subwp,123,1,E2.1,E2.1-R0,False,subwp,123,05,9,3220227864,exito,,461.952,0,0,"[0.0, -22.747108053950694]"
130,goal_013,10,exito,14439,2224.08,05,subwp,123,1,E2.1,E2.1-R0,False,subwp,123,05,10,802241976,exito,,462.048,0,0,"[0.0, -8.800488555608958]"
131,goal_014,1,col_return,8681,1173.55,05,subwp,123,1,E2.1,E2.1-R0,False,subwp,123,05,1,2968069405,col_return,return,277.792,0,0,"[0.0, 11.351803878732277]"
132,goal_014,2,exito,14524,2230.73,05,subwp,123,1,E2.1,E2.1-R0,False,subwp,123,05,2,702575783,exito,,464.768,0,0,"[0.0, -4.895636906763703]"
133,goal_014,3,exito,14527,2230.89,05,subwp,123,1,E2.1,E2.1-R0,False,subwp,123,05,3,1592214577,exito,,464.864,0,0,"[0.0, -5.662952283482285]"
134,goal_014,4,exito,14529,2231.18,05,subwp,123,1,E2.1,E2.1-R0,False,subwp,123,05,4,3229864338,exito,,464.928,0,0,"[0.0, 16.812233259409215]"
135,goal_014,5,col_return,8801,1185.71,05,subwp,123,1,E2.1,E2.1-R0,False,subwp,123,05,5,3078938884,col_return,return,281.632,0,0,"[0.0, 12.65255732160581]"
136,goal_014,6,exito,14524,2230.72,05,subwp,123,1,E2.1,E2.1-R0,False,subwp,123,05,6,781037758,exito,,464.768,0,0,"[0.0, 15.790482641958771]"
137,goal_014,7,exito,14527,2230.91,05,subwp,123,1,E2.1,E2.1-R0,False,subwp,123,05,7,1502249000,exito,,464.864,0,0,"[0.0, 0.3048005369940676]"
138,goal_014,8,exito,14527,2189.17,05,subwp,123,1,E2.1,E2.1-R0,False,subwp,123,05,8,3375734201,exito,,464.864,0,0,"[0.0, -20.24431902196393]"
139,goal_014,9,col_return,8852,1198.46,05,subwp,123,1,E2.1,E2.1-R0,False,subwp,123,05,9,3190992175,col_return,return,283.264,0,0,"[0.0, 9.401681940818099]"
140,goal_014,10,exito,14524,2230.72,05,subwp,123,1,E2.1,E2.1-R0,False,subwp,123,05,10,2540526301,exito,,464.768,0,0,"[0.0, 1.092910871700672]"
141,goal_015,1,exito,14622,2244.21,05,subwp,123,1,E2.1,E2.1-R0,False,subwp,123,05,1,3047568280,exito,,467.904,0,0,"[0.0, -26.479579243122895]"
142,goal_015,2,exito,14621,2244.13,05,subwp,123,1,E2.1,E2.1-R0,False,subwp,123,05,2,749691426,exito,,467.872,0,0,"[0.0, -25.078613237493236]"
143,goal_015,3,col_return,8845,1194.26,05,subwp,123,1,E2.1,E2.1-R0,False,subwp,123,05,3,1537757876,col_return,return,283.04,0,0,"[0.0, -16.31716901190562]"
144,goal_015,4,exito,14618,2243.98,05,subwp,123,1,E2.1,E2.1-R0,False,subwp,123,05,4,3318531863,exito,,467.776,0,0,"[0.0, 10.63133216085032]"
145,goal_015,5,exito,14621,2244.12,05,subwp,123,1,E2.1,E2.1-R0,False,subwp,123,05,5,2999711617,exito,,467.872,0,0,"[0.0, 14.781577033852498]"
146,goal_015,6,exito,14621,2244.12,05,subwp,123,1,E2.1,E2.1-R0,False,subwp,123,05,6,734176827,exito,,467.872,0,0,"[0.0, -22.436685935304578]"
147,goal_015,7,exito,14623,2123.33,05,subwp,123,1,E2.1,E2.1-R0,False,subwp,123,05,7,1556453037,exito,,467.936,0,0,"[0.0, -28.631007909193592]"
148,goal_015,8,col_return,8930,1204.27,05,subwp,123,1,E2.1,E2.1-R0,False,subwp,123,05,8,3430583100,col_return,return,285.76,0,0,"[0.0, -29.539858366913226]"
149,goal_015,9,exito,14618,2243.95,05,subwp,123,1,E2.1,E2.1-R0,False,subwp,123,05,9,3145579434,exito,,467.776,0,0,"[0.0, -26.457639841609748]"
150,goal_015,10,exito,14622,2244.21,05,subwp,123,1,E2.1,E2.1-R0,False,subwp,123,05,10,179987044,exito,,467.904,0,0,"[0.0, 14.004001622737567]"
151,goal_016,1,exito,14718,2257.35,05,subwp,123,1,E2.1,E2.1-R0,False,subwp,123,05,1,3026475439,exito,,470.976,0,0,"[0.0, -13.913926984212537]"
152,goal_016,2,exito,14718,2248.43,05,subwp,123,1,E2.1,E2.1-R0,False,subwp,123,05,2,762120213,exito,,470.976,0,0,"[0.0, -2.3717393409781384]"
153,goal_016,3,col_return,8924,1201.07,05,subwp,123,1,E2.1,E2.1-R0,False,subwp,123,05,3,1516910723,col_return,return,285.568,0,0,"[0.0, 14.451604613599686]"
154,goal_016,4,exito,14716,2257.17,05,subwp,123,1,E2.1,E2.1-R0,False,subwp,123,05,4,3289296160,exito,,470.912,0,0,"[0.0, 25.041079487155585]"
155,goal_016,5,exito,14718,2257.34,05,subwp,123,1,E2.1,E2.1-R0,False,subwp,123,05,5,3003751862,exito,,470.976,0,0,"[0.0, 26.878063798857433]"
156,goal_016,6,exito,14718,2257.34,05,subwp,123,1,E2.1,E2.1-R0,False,subwp,123,05,6,704695308,exito,,470.976,0,0,"[0.0, 14.358347106141613]"
157,goal_016,7,exito,14718,2257.36,05,subwp,123,1,E2.1,E2.1-R0,False,subwp,123,05,7,1560804506,exito,,470.976,0,0,"[0.0, 3.887853323641106]"
158,goal_016,8,exito,14718,2251.63,05,subwp,123,1,E2.1,E2.1-R0,False,subwp,123,05,8,3451445515,exito,,470.976,0,0,"[0.0, 15.173610651352252]"
159,goal_016,9,col_return,8912,1201.4,05,subwp,123,1,E2.1,E2.1-R0,False,subwp,123,05,9,3133133213,col_return,return,285.184,0,0,"[0.0, -19.804578445885856]"
160,goal_016,10,exito,14716,2257.19,05,subwp,123,1,E2.1,E2.1-R0,False,subwp,123,05,10,2986738945,exito,,470.912,0,0,"[0.0, -24.443221871062516]"
161,goal_017,1,exito,14808,2268.42,05,subwp,123,1,E2.1,E2.1-R0,False,subwp,123,05,1,3055740918,exito,,473.856,0,0,"[0.0, -24.975012879287185]"
162,goal_017,2,exito,14808,2268.32,05,subwp,123,1,E2.1,E2.1-R0,False,subwp,123,05,2,791393868,exito,,473.856,0,0,"[0.0, 26.36852997987021]"
163,goal_017,3,exito,14808,2268.4,05,subwp,123,1,E2.1,E2.1-R0,False,subwp,123,05,3,1479313114,exito,,473.856,0,0,"[0.0, 18.376436875124465]"
164,goal_017,4,exito,14808,2268.33,05,subwp,123,1,E2.1,E2.1-R0,False,subwp,123,05,4,3326612345,exito,,473.856,0,0,"[0.0, -10.128449413498725]"
165,goal_017,5,exito,14808,2268.41,05,subwp,123,1,E2.1,E2.1-R0,False,subwp,123,05,5,2974753775,exito,,473.856,0,0,"[0.0, 9.064537957295597]"
166,goal_017,6,exito,14808,2259.87,05,subwp,123,1,E2.1,E2.1-R0,False,subwp,123,05,6,675705429,exito,,473.856,0,0,"[0.0, 2.57472164980862]"
167,goal_017,7,col_return,8963,1211.16,05,subwp,123,1,E2.1,E2.1-R0,False,subwp,123,05,7,1598112451,col_return,return,286.816,0,0,"[0.0, -29.845631096774422]"
168,goal_017,8,exito,14805,2268.2,05,subwp,123,1,E2.1,E2.1-R0,False,subwp,123,05,8,3489554258,exito,,473.76,0,0,"[0.0, 1.7799549356249988]"
169,goal_017,9,exito,14808,2268.28,05,subwp,123,1,E2.1,E2.1-R0,False,subwp,123,05,9,3103354820,exito,,473.856,0,0,"[0.0, 13.145415052735412]"
170,goal_017,10,exito,14808,2268.32,05,subwp,123,1,E2.1,E2.1-R0,False,subwp,123,05,10,2696129263,exito,,473.856,0,0,"[0.0, -13.940405016285453]"
171,goal_018,1,exito,14903,2269.27,05,subwp,123,1,E2.1,E2.1-R0,False,subwp,123,05,1,3084946881,exito,,476.896,0,0,"[0.0, -6.93196604532186]"
172,goal_018,2,exito,14902,2269.08,05,subwp,123,1,E2.1,E2.1-R0,False,subwp,123,05,2,787078267,exito,,476.864,0,0,"[0.0, -23.253090521331828]"
173,goal_018,3,exito,14902,2269.03,05,subwp,123,1,E2.1,E2.1-R0,False,subwp,123,05,3,1508830445,exito,,476.864,0,0,"[0.0, 22.761679941678757]"
174,goal_018,4,exito,14902,2269.01,05,subwp,123,1,E2.1,E2.1-R0,False,subwp,123,05,4,3347741006,exito,,476.864,0,0,"[0.0, 26.02647773076519]"
175,goal_018,5,exito,14902,2269.18,05,subwp,123,1,E2.1,E2.1-R0,False,subwp,123,05,5,2962049496,exito,,476.864,0,0,"[0.0, 6.281295113948733]"
176,goal_018,6,exito,14902,2269.18,05,subwp,123,1,E2.1,E2.1-R0,False,subwp,123,05,6,696522850,exito,,476.864,0,0,"[0.0, -8.907364768654553]"
177,goal_018,7,exito,14902,2269.2,05,subwp,123,1,E2.1,E2.1-R0,False,subwp,123,05,7,1585654004,exito,,476.864,0,0,"[0.0, 18.931619766291668]"
178,goal_018,8,exito,14902,2269.18,05,subwp,123,1,E2.1,E2.1-R0,False,subwp,123,05,8,3460052325,exito,,476.864,0,0,"[0.0, 28.395220626669705]"
179,goal_018,9,exito,14902,2263.53,05,subwp,123,1,E2.1,E2.1-R0,False,subwp,123,05,9,3107653107,exito,,476.864,0,0,"[0.0, 9.556373255105477]"
180,goal_018,10,exito,14902,2213.75,05,subwp,123,1,E2.1,E2.1-R0,False,subwp,123,05,10,403688842,exito,,476.864,0,0,"[0.0, -29.64627512035348]"
181,goal_019,1,col_exit,4216,467.75,05,subwp,123,1,E2.1,E2.1-R0,False,subwp,123,05,1,3166489340,col_exit,exit,134.912,0,0,"[0.0, 7.392660471942962]"
182,goal_019,2,col_exit,5860,694.04,05,subwp,123,1,E2.1,E2.1-R0,False,subwp,123,05,2,632658758,col_exit,exit,187.52,0,0,"[0.0, 18.975426167415332]"
183,goal_019,3,col_exit,6677,809.29,05,subwp,123,1,E2.1,E2.1-R0,False,subwp,123,05,3,1387441104,col_exit,exit,213.664,0,0,"[0.0, 18.31392241280745]"
184,goal_019,4,col_exit,3341,345.63,05,subwp,123,1,E2.1,E2.1-R0,False,subwp,123,05,4,3436592755,col_exit,exit,106.912,0,0,"[0.0, -28.102806367068393]"
185,goal_019,5,col_exit,5411,636.43,05,subwp,123,1,E2.1,E2.1-R0,False,subwp,123,05,5,3151040229,col_exit,exit,173.152,0,0,"[0.0, 4.975794885152398]"
186,goal_019,6,col_exit,6465,776.94,05,subwp,123,1,E2.1,E2.1-R0,False,subwp,123,05,6,584605535,col_exit,exit,206.88,0,0,"[0.0, -20.067172370548523]"
187,goal_019,7,col_exit,3232,325.65,05,subwp,123,1,E2.1,E2.1-R0,False,subwp,123,05,7,1440706505,col_exit,exit,103.424,0,0,"[0.0, 8.189083211734667]"
188,goal_019,8,col_exit,5361,627.36,05,subwp,123,1,E2.1,E2.1-R0,False,subwp,123,05,8,3311432280,col_exit,exit,171.552,0,0,"[0.0, -6.461842617098403]"
189,goal_019,9,col_exit,6432,774.32,05,subwp,123,1,E2.1,E2.1-R0,False,subwp,123,05,9,2993111758,col_exit,exit,205.824,0,0,"[0.0, 9.262209788846153]"
190,goal_019,10,col_exit,3216,327.35,05,subwp,123,1,E2.1,E2.1-R0,False,subwp,123,05,10,1080876508,col_exit,exit,102.912,0,0,"[0.0, 29.840742160900085]"
191,goal_020,1,exito,15134,2303.75,05,subwp,123,1,E2.1,E2.1-R0,False,subwp,123,05,1,3179192523,exito,,484.288,0,0,"[0.0, 14.071356403955884]"
192,goal_020,2,exito,15136,2291.61,05,subwp,123,1,E2.1,E2.1-R0,False,subwp,123,05,2,611840369,exito,,484.352,0,0,"[0.0, -16.54468512937978]"
193,goal_020,3,col_return,10189,1368.24,05,subwp,123,1,E2.1,E2.1-R0,False,subwp,123,05,3,1399898599,col_return,return,326.048,0,0,"[0.0, 12.56570535674965]"
194,goal_020,4,exito,15134,2310.74,05,subwp,123,1,E2.1,E2.1-R0,False,subwp,123,05,4,3440661572,exito,,484.288,0,0,"[0.0, 4.335662446420261]"
195,goal_020,5,exito,15136,2311.01,05,subwp,123,1,E2.1,E2.1-R0,False,subwp,123,05,5,3121833170,exito,,484.352,0,0,"[0.0, -23.518836457002642]"
196,goal_020,6,exito,15136,2310.98,05,subwp,123,1,E2.1,E2.1-R0,False,subwp,123,05,6,588920168,exito,,484.352,0,0,"[0.0, 12.12099197888775]"
197,goal_020,7,exito,15136,2310.95,05,subwp,123,1,E2.1,E2.1-R0,False,subwp,123,05,7,1411188222,exito,,484.352,0,0,"[0.0, -22.668148324358704]"
198,goal_020,8,exito,15136,2310.95,05,subwp,123,1,E2.1,E2.1-R0,False,subwp,123,05,8,3298957423,exito,,484.352,0,0,"[0.0, -10.360547039621173]"
199,goal_020,9,exito,15136,2310.98,05,subwp,123,1,E2.1,E2.1-R0,False,subwp,123,05,9,3013945593,exito,,484.352,0,0,"[0.0, -13.439407340122045]"
200,goal_020,10,exito,15136,2311.0,05,subwp,123,1,E2.1,E2.1-R0,False,subwp,123,05,10,4174428857,exito,,484.352,0,0,"[0.0, 11.484478664410156]"
201,goal_021,1,exito,15307,2342.53,05,subwp,123,1,E2.1,E2.1-R0,False,subwp,123,05,1,2686071978,exito,,489.824,0,0,"[0.0, -24.034080252316162]"
202,goal_021,2,exito,15307,2342.48,05,subwp,123,1,E2.1,E2.1-R0,False,subwp,123,05,2,957572368,exito,,489.824,0,0,"[0.0, -20.370023943526924]"
203,goal_021,3,exito,15307,2342.49,05,subwp,123,1,E2.1,E2.1-R0,False,subwp,123,05,3,1309955462,exito,,489.824,0,0,"[0.0, 5.902594824205067]"
204,goal_021,4,exito,15307,2342.49,05,subwp,123,1,E2.1,E2.1-R0,False,subwp,123,05,4,3497050149,exito,,489.824,0,0,"[0.0, 11.074843102909186]"
205,goal_021,5,exito,15308,2342.58,05,subwp,123,1,E2.1,E2.1-R0,False,subwp,123,05,5,2809655475,exito,,489.856,0,0,"[0.0, 14.151954961435669]"
206,goal_021,6,exito,15308,2342.55,05,subwp,123,1,E2.1,E2.1-R0,False,subwp,123,05,6,1048486153,exito,,489.856,0,0,"[0.0, -6.33356598438165]"
207,goal_021,7,exito,15308,2342.58,05,subwp,123,1,E2.1,E2.1-R0,False,subwp,123,05,7,1232703903,exito,,489.856,0,0,"[0.0, -3.5266554036442943]"
208,goal_021,8,exito,15308,2342.57,05,subwp,123,1,E2.1,E2.1-R0,False,subwp,123,05,8,3653667854,exito,,489.856,0,0,"[0.0, -24.764127859862075]"
209,goal_021,9,exito,15307,2342.47,05,subwp,123,1,E2.1,E2.1-R0,False,subwp,123,05,9,2931932312,exito,,489.824,0,0,"[0.0, -0.1292705154578866]"
210,goal_021,10,exito,15307,2342.48,05,subwp,123,1,E2.1,E2.1-R0,False,subwp,123,05,10,3262681059,exito,,489.824,0,0,"[0.0, 19.722976439928185]"
211,goal_022,1,exito,15423,2357.4,05,subwp,123,1,E2.1,E2.1-R0,False,subwp,123,05,1,2715311773,exito,,493.536,0,0,"[0.0, -17.227335101264984]"
212,goal_022,2,exito,15425,2326.65,05,subwp,123,1,E2.1,E2.1-R0,False,subwp,123,05,2,953224999,exito,,493.6,0,0,"[0.0, -21.889629864869114]"
213,goal_022,3,col_return,10282,1392.05,05,subwp,123,1,E2.1,E2.1-R0,False,subwp,123,05,3,1339441073,col_return,return,329.024,0,0,"[0.0, 10.265284742450554]"
214,goal_022,4,exito,15421,2358.26,05,subwp,123,1,E2.1,E2.1-R0,False,subwp,123,05,4,3518147090,exito,,493.472,0,0,"[0.0, 24.715853594479217]"
215,goal_022,5,exito,15423,2358.44,05,subwp,123,1,E2.1,E2.1-R0,False,subwp,123,05,5,2796919428,exito,,493.536,0,0,"[0.0, -24.023353067072257]"
216,goal_022,6,exito,15423,2358.47,05,subwp,123,1,E2.1,E2.1-R0,False,subwp,123,05,6,1069337406,exito,,493.536,0,0,"[0.0, -10.183243790581393]"
217,goal_022,7,exito,15423,2358.44,05,subwp,123,1,E2.1,E2.1-R0,False,subwp,123,05,7,1220279208,exito,,493.536,0,0,"[0.0, -17.700866636738542]"
218,goal_022,8,exito,15423,2358.45,05,subwp,123,1,E2.1,E2.1-R0,False,subwp,123,05,8,3624199737,exito,,493.536,0,0,"[0.0, 7.9732783259165485]"
219,goal_022,9,exito,15423,2358.44,05,subwp,123,1,E2.1,E2.1-R0,False,subwp,123,05,9,2936264367,exito,,493.536,0,0,"[0.0, -5.232712441686996]"
220,goal_022,10,exito,15423,2358.45,05,subwp,123,1,E2.1,E2.1-R0,False,subwp,123,05,10,2059724934,exito,,493.536,0,0,"[0.0, 25.589713617117518]"
221,goal_023,1,exito,15569,2379.02,05,subwp,123,1,E2.1,E2.1-R0,False,subwp,123,05,1,2745098436,exito,,498.208,0,0,"[0.0, 29.561506699222182]"
222,goal_023,2,exito,15569,2379.12,05,subwp,123,1,E2.1,E2.1-R0,False,subwp,123,05,2,983019902,exito,,498.208,0,0,"[0.0, -20.564953624288616]"
223,goal_023,3,exito,15569,2354.55,05,subwp,123,1,E2.1,E2.1-R0,False,subwp,123,05,3,1301316072,exito,,498.208,0,0,"[0.0, -1.256694639045406]"
224,goal_023,4,col_return,10385,1402.82,05,subwp,123,1,E2.1,E2.1-R0,False,subwp,123,05,4,3555988555,col_return,return,332.32,0,0,"[0.0, 19.016295712421734]"
225,goal_023,5,exito,15567,2378.83,05,subwp,123,1,E2.1,E2.1-R0,False,subwp,123,05,5,2767398109,exito,,498.144,0,0,"[0.0, -5.022995225554641]"
226,goal_023,6,exito,15569,2379.12,05,subwp,123,1,E2.1,E2.1-R0,False,subwp,123,05,6,1039824231,exito,,498.208,0,0,"[0.0, 18.545709807204016]"
227,goal_023,7,exito,15569,2379.06,05,subwp,123,1,E2.1,E2.1-R0,False,subwp,123,05,7,1258112497,exito,,498.208,0,0,"[0.0, -18.834926872630017]"
228,goal_023,8,exito,15569,2379.1,05,subwp,123,1,E2.1,E2.1-R0,False,subwp,123,05,8,3661781088,exito,,498.208,0,0,"[0.0, 13.873256626266809]"
229,goal_023,9,exito,15569,2379.04,05,subwp,123,1,E2.1,E2.1-R0,False,subwp,123,05,9,2907007222,exito,,498.208,0,0,"[0.0, 20.615030032920124]"
230,goal_023,10,exito,15569,2379.07,05,subwp,123,1,E2.1,E2.1-R0,False,subwp,123,05,10,1752254312,exito,,498.208,0,0,"[0.0, -4.6187779017093655]"
231,goal_024,1,exito,15704,2394.54,05,subwp,123,1,E2.1,E2.1-R0,False,subwp,123,05,1,2723973875,exito,,502.528,0,0,"[0.0, -7.431826644977104]"
232,goal_024,2,col_return,10688,1448.83,05,subwp,123,1,E2.1,E2.1-R0,False,subwp,123,05,2,995482441,col_return,return,342.016,0,0,"[0.0, -7.192140920571326]"
233,goal_024,3,exito,15702,2394.32,05,subwp,123,1,E2.1,E2.1-R0,False,subwp,123,05,3,1280502751,exito,,502.464,0,0,"[0.0, 7.832611165094024]"
234,goal_024,4,exito,15704,2394.61,05,subwp,123,1,E2.1,E2.1-R0,False,subwp,123,05,4,3526786684,exito,,502.528,0,0,"[0.0, 19.087838267058483]"
235,goal_024,5,exito,15704,2394.62,05,subwp,123,1,E2.1,E2.1-R0,False,subwp,123,05,5,2771472106,exito,,502.528,0,0,"[0.0, 28.576776206783805]"
236,goal_024,6,exito,15704,2394.63,05,subwp,123,1,E2.1,E2.1-R0,False,subwp,123,05,6,1010310992,exito,,502.528,0,0,"[0.0, -16.5814947944543]"
237,goal_024,7,exito,15704,2394.58,05,subwp,123,1,E2.1,E2.1-R0,False,subwp,123,05,7,1262432198,exito,,502.528,0,0,"[0.0, 19.51974042421718]"
238,goal_024,8,exito,15704,2394.59,05,subwp,123,1,E2.1,E2.1-R0,False,subwp,123,05,8,3682611799,exito,,502.528,0,0,"[0.0, 19.596207098132457]"
239,goal_024,9,col_return,10730,1450.25,05,subwp,123,1,E2.1,E2.1-R0,False,subwp,123,05,9,2894529217,col_return,return,343.36,0,0,"[0.0, 13.569627041110333]"
240,goal_024,10,exito,15702,2394.39,05,subwp,123,1,E2.1,E2.1-R0,False,subwp,123,05,10,3503104013,exito,,502.464,0,0,"[0.0, 7.957996395804255]"
241,goal_025,1,exito,15859,2413.51,05,subwp,123,1,E2.1,E2.1-R0,False,subwp,123,05,1,2803080310,exito,,507.488,0,0,"[0.0, 12.338350259035629]"
242,goal_025,2,exito,15859,2413.46,05,subwp,123,1,E2.1,E2.1-R0,False,subwp,123,05,2,1041944012,exito,,507.488,0,0,"[0.0, 16.427443905834107]"
243,goal_025,3,exito,15859,2413.53,05,subwp,123,1,E2.1,E2.1-R0,False,subwp,123,05,3,1226702170,exito,,507.488,0,0,"[0.0, 26.763520550082514]"
244,goal_025,4,exito,15859,2413.5,05,subwp,123,1,E2.1,E2.1-R0,False,subwp,123,05,4,3615058169,exito,,507.488,0,0,"[0.0, 5.9695453493896355]"
245,goal_025,5,col_return,10860,1475.41,05,subwp,123,1,E2.1,E2.1-R0,False,subwp,123,05,5,2692634735,col_return,return,347.52,0,0,"[0.0, 20.43686327912124]"
246,goal_025,6,exito,15857,2413.33,05,subwp,123,1,E2.1,E2.1-R0,False,subwp,123,05,6,964102613,exito,,507.424,0,0,"[0.0, 24.665905640483448]"
247,goal_025,7,exito,15859,2413.47,05,subwp,123,1,E2.1,E2.1-R0,False,subwp,123,05,7,1315977539,exito,,507.488,0,0,"[0.0, 24.278235036214728]"
248,goal_025,8,exito,15859,2413.54,05,subwp,123,1,E2.1,E2.1-R0,False,subwp,123,05,8,3738117330,exito,,507.488,0,0,"[0.0, 11.592901386251828]"
249,goal_025,9,exito,15859,2413.46,05,subwp,123,1,E2.1,E2.1-R0,False,subwp,123,05,9,2848461892,exito,,507.488,0,0,"[0.0, 10.172516205496473]"
250,goal_025,10,exito,15859,2413.53,05,subwp,123,1,E2.1,E2.1-R0,False,subwp,123,05,10,1293555892,exito,,507.488,0,0,"[0.0, 22.376746465298094]"
251,goal_026,1,col_return,10871,1469.34,05,subwp,123,1,E2.1,E2.1-R0,False,subwp,123,05,1,2798777921,col_return,return,347.872,0,0,"[0.0, 28.095072202462944]"
252,goal_026,2,exito,16023,2434.7,05,subwp,123,1,E2.1,E2.1-R0,False,subwp,123,05,2,1071163387,exito,,512.736,0,0,"[0.0, -8.836185317812022]"
253,goal_026,3,exito,16025,2434.97,05,subwp,123,1,E2.1,E2.1-R0,False,subwp,123,05,3,1222612845,exito,,512.8,0,0,"[0.0, 4.237656596717782]"
254,goal_026,4,exito,16025,2434.95,05,subwp,123,1,E2.1,E2.1-R0,False,subwp,123,05,4,3602580174,exito,,512.8,0,0,"[0.0, 3.3908964573856637]"
255,goal_026,5,exito,16025,2434.96,05,subwp,123,1,E2.1,E2.1-R0,False,subwp,123,05,5,2713465432,exito,,512.8,0,0,"[0.0, -23.730808751605664]"
256,goal_026,6,col_return,10896,1465.43,05,subwp,123,1,E2.1,E2.1-R0,False,subwp,123,05,6,951411682,col_return,return,348.672,0,0,"[0.0, 13.871214588672595]"
257,goal_026,7,exito,16024,2434.7,05,subwp,123,1,E2.1,E2.1-R0,False,subwp,123,05,7,1337086836,exito,,512.768,0,0,"[0.0, 29.976355686418508]"
258,goal_026,8,exito,16025,2434.97,05,subwp,123,1,E2.1,E2.1-R0,False,subwp,123,05,8,3742191333,exito,,512.8,0,0,"[0.0, 3.0218292084290743]"
259,goal_026,9,exito,16025,2434.96,05,subwp,123,1,E2.1,E2.1-R0,False,subwp,123,05,9,2819260019,exito,,512.8,0,0,"[0.0, -8.076152764239207]"
260,goal_026,10,exito,16025,2434.97,05,subwp,123,1,E2.1,E2.1-R0,False,subwp,123,05,10,4121329617,exito,,512.8,0,0,"[0.0, -17.371523100876296]"
261,goal_027,1,col_return,10957,1483.24,05,subwp,123,1,E2.1,E2.1-R0,False,subwp,123,05,1,2761377816,col_return,return,350.624,0,0,"[0.0, 21.69071752611798]"
262,goal_027,2,exito,16175,2455.74,05,subwp,123,1,E2.1,E2.1-R0,False,subwp,123,05,2,1033771426,exito,,517.6,0,0,"[0.0, 7.339199581873672]"
263,goal_027,3,exito,16179,2456.01,05,subwp,123,1,E2.1,E2.1-R0,False,subwp,123,05,3,1251551540,exito,,517.728,0,0,"[0.0, -26.69994745617229]"
264,goal_027,4,exito,16177,2456.02,05,subwp,123,1,E2.1,E2.1-R0,False,subwp,123,05,4,3573398679,exito,,517.664,0,0,"[0.0, 25.46810075611048]"
265,goal_027,5,exito,16179,2416.9,05,subwp,123,1,E2.1,E2.1-R0,False,subwp,123,05,5,2751106049,exito,,517.728,0,0,"[0.0, 26.684859460908854]"
266,goal_027,6,col_return,10623,1433.67,05,subwp,123,1,E2.1,E2.1-R0,False,subwp,123,05,6,989060539,col_return,return,339.936,0,0,"[0.0, -24.316950595395973]"
267,goal_027,7,exito,16177,2455.87,05,subwp,123,1,E2.1,E2.1-R0,False,subwp,123,05,7,1307897133,exito,,517.664,0,0,"[0.0, -26.72898085773904]"
268,goal_027,8,exito,16177,2456.02,05,subwp,123,1,E2.1,E2.1-R0,False,subwp,123,05,8,3712741564,exito,,517.664,0,0,"[0.0, 29.871731261490954]"
269,goal_027,9,exito,16178,2455.95,05,subwp,123,1,E2.1,E2.1-R0,False,subwp,123,05,9,2857156650,exito,,517.696,0,0,"[0.0, -24.038479815700654]"
270,goal_027,10,col_return,11056,1489.08,05,subwp,123,1,E2.1,E2.1-R0,False,subwp,123,05,10,3876835391,col_return,return,353.792,0,0,"[0.0, -11.943207158031505]"
271,goal_028,1,exito,16357,2480.75,05,subwp,123,1,E2.1,E2.1-R0,False,subwp,123,05,1,2773819951,exito,,523.424,0,0,"[0.0, -6.555148550368584]"
272,goal_028,2,exito,16358,2480.89,05,subwp,123,1,E2.1,E2.1-R0,False,subwp,123,05,2,1012691861,exito,,523.456,0,0,"[0.0, -27.58131123635411]"
273,goal_028,3,exito,16359,2480.93,05,subwp,123,1,E2.1,E2.1-R0,False,subwp,123,05,3,1264272131,exito,,523.488,0,0,"[0.0, -9.791486415812509]"
274,goal_028,4,col_return,11080,1492.25,05,subwp,123,1,E2.1,E2.1-R0,False,subwp,123,05,4,3577730720,col_return,return,354.56,0,0,"[0.0, 15.261460693229449]"
275,goal_028,5,exito,16357,2480.65,05,subwp,123,1,E2.1,E2.1-R0,False,subwp,123,05,5,2721637942,exito,,523.424,0,0,"[0.0, -1.0733591766197215]"
276,goal_028,6,exito,16358,2480.83,05,subwp,123,1,E2.1,E2.1-R0,False,subwp,123,05,6,993113996,exito,,523.456,0,0,"[0.0, 22.83477023299291]"
277,goal_028,7,exito,16359,2480.5,05,subwp,123,1,E2.1,E2.1-R0,False,subwp,123,05,7,1278641946,exito,,523.488,0,0,"[0.0, -19.578578632741404]"
278,goal_028,8,col_return,10996,1482.09,05,subwp,123,1,E2.1,E2.1-R0,False,subwp,123,05,8,3700005515,col_return,return,351.872,0,0,"[0.0, -8.083469899151272]"
279,goal_028,9,exito,16357,2480.77,05,subwp,123,1,E2.1,E2.1-R0,False,subwp,123,05,9,2878253597,exito,,523.424,0,0,"[0.0, 26.43203982441975]"
280,goal_028,10,exito,16359,2481.01,05,subwp,123,1,E2.1,E2.1-R0,False,subwp,123,05,10,1605351258,exito,,523.488,0,0,"[0.0, 6.536112469261903]"
281,goal_029,1,exito,16515,2497.05,05,subwp,123,1,E2.1,E2.1-R0,False,subwp,123,05,1,2919851282,exito,,528.48,0,0,"[0.0, 28.315304549594075]"
282,goal_029,2,col_return,10950,1482.76,05,subwp,123,1,E2.1,E2.1-R0,False,subwp,123,05,2,922760360,col_return,return,350.4,0,0,"[0.0, 2.42155663808701]"
283,goal_029,3,exito,16513,2502.06,05,subwp,123,1,E2.1,E2.1-R0,False,subwp,123,05,3,1074201662,exito,,528.416,0,0,"[0.0, -10.026526429974394]"
284,goal_029,4,exito,16515,2502.19,05,subwp,123,1,E2.1,E2.1-R0,False,subwp,123,05,4,3731067293,exito,,528.48,0,0,"[0.0, -23.586367320178773]"
285,goal_029,5,col_return,11472,1543.6,05,subwp,123,1,E2.1,E2.1-R0,False,subwp,123,05,5,2841944331,col_return,return,367.104,0,0,"[0.0, 7.704471577770951]"
286,goal_029,6,exito,16513,2502.08,05,subwp,123,1,E2.1,E2.1-R0,False,subwp,123,05,6,812511409,exito,,528.416,0,0,"[0.0, -24.17888705761834]"
287,goal_029,7,exito,16515,2502.18,05,subwp,123,1,E2.1,E2.1-R0,False,subwp,123,05,7,1198178343,exito,,528.48,0,0,"[0.0, 29.286403210314475]"
288,goal_029,8,exito,16515,2496.93,05,subwp,123,1,E2.1,E2.1-R0,False,subwp,123,05,8,3621117366,exito,,528.48,0,0,"[0.0, 13.507395594998783]"
289,goal_029,9,col_return,10962,1474.65,05,subwp,123,1,E2.1,E2.1-R0,False,subwp,123,05,9,2698177824,col_return,return,350.784,0,0,"[0.0, 0.0790951343982238]"
290,goal_029,10,exito,16513,2501.93,05,subwp,123,1,E2.1,E2.1-R0,False,subwp,123,05,10,130852620,exito,,528.416,0,0,"[0.0, -10.8996838117028]"
291,goal_030,1,exito,16715,2525.31,05,subwp,123,1,E2.1,E2.1-R0,False,subwp,123,05,1,2949320485,exito,,534.88,0,0,"[0.0, 23.465978674406507]"
292,goal_030,2,col_return,11457,1544.2,05,subwp,123,1,E2.1,E2.1-R0,False,subwp,123,05,2,918707871,col_return,return,366.624,0,0,"[0.0, -2.4985678180732784]"
293,goal_030,3,exito,16712,2524.94,05,subwp,123,1,E2.1,E2.1-R0,False,subwp,123,05,3,1103457801,exito,,534.784,0,0,"[0.0, 3.555603616574905]"
294,goal_030,4,exito,16715,2525.33,05,subwp,123,1,E2.1,E2.1-R0,False,subwp,123,05,4,3751934890,exito,,534.88,0,0,"[0.0, -26.890770803848817]"
295,goal_030,5,col_return,11523,1547.89,05,subwp,123,1,E2.1,E2.1-R0,False,subwp,123,05,5,2829503292,col_return,return,368.736,0,0,"[0.0, -29.9340101906135]"
296,goal_030,6,exito,16713,2525.13,05,subwp,123,1,E2.1,E2.1-R0,False,subwp,123,05,6,833591942,exito,,534.816,0,0,"[0.0, -15.004507876395506]"
297,goal_030,7,exito,16715,2525.36,05,subwp,123,1,E2.1,E2.1-R0,False,subwp,123,05,7,1185458704,exito,,534.88,0,0,"[0.0, -12.639259521809302]"
298,goal_030,8,col_return,11527,1561.08,05,subwp,123,1,E2.1,E2.1-R0,False,subwp,123,05,8,3591878529,col_return,return,368.864,0,0,"[0.0, -6.348106834968479]"
299,goal_030,9,exito,16712,2524.99,05,subwp,123,1,E2.1,E2.1-R0,False,subwp,123,05,9,2702214935,exito,,534.784,0,0,"[0.0, 3.9673669083606633]"
300,goal_030,10,exito,16715,2525.31,05,subwp,123,1,E2.1,E2.1-R0,False,subwp,123,05,10,3211837545,exito,,534.88,0,0,"[0.0, 8.644299165415454]"
301,goal_031,1,col_return,11668,1575.46,05,subwp,123,1,E2.1,E2.1-R0,False,subwp,123,05,1,413553615,col_return,return,373.376,0,0,"[0.0, 6.574948993474252]"
302,goal_031,2,exito,16947,2553.48,05,subwp,123,1,E2.1,E2.1-R0,False,subwp,123,05,2,2175730293,exito,,542.304,0,0,"[0.0, 22.023183049041418]"
303,goal_031,3,exito,16949,2553.75,05,subwp,123,1,E2.1,E2.1-R0,False,subwp,123,05,3,4138218211,exito,,542.368,0,0,"[0.0, -2.6559084602685923]"
304,goal_031,4,col_return,11388,1534.96,05,subwp,123,1,E2.1,E2.1-R0,False,subwp,123,05,4,1758242624,col_return,return,364.416,0,0,"[0.0, -29.71472462396018]"
305,goal_031,5,exito,16947,2553.51,05,subwp,123,1,E2.1,E2.1-R0,False,subwp,123,05,5,533436374,exito,,542.304,0,0,"[0.0, 3.502416557805117]"
306,goal_031,6,exito,16949,2552.47,05,subwp,123,1,E2.1,E2.1-R0,False,subwp,123,05,6,2260911724,exito,,542.368,0,0,"[0.0, 6.154014804520564]"
307,goal_031,7,col_return,11237,1514.01,05,subwp,123,1,E2.1,E2.1-R0,False,subwp,123,05,7,4056282874,col_return,return,359.584,0,0,"[0.0, 0.8439729842918431]"
308,goal_031,8,exito,16947,2553.51,05,subwp,123,1,E2.1,E2.1-R0,False,subwp,123,05,8,1635445611,exito,,542.304,0,0,"[0.0, -26.70289048647052]"
309,goal_031,9,exito,16949,2549.28,05,subwp,123,1,E2.1,E2.1-R0,False,subwp,123,05,9,377347069,exito,,542.368,0,0,"[0.0, -3.2964577631302516]"
310,goal_031,10,col_return,11178,1501.89,05,subwp,123,1,E2.1,E2.1-R0,False,subwp,123,05,10,4279805523,col_return,return,357.696,0,0,"[0.0, -28.237504120185083]"
311,goal_032,1,exito,17168,2584.56,05,subwp,123,1,E2.1,E2.1-R0,False,subwp,123,05,1,425998840,exito,,549.376,0,0,"[0.0, 25.720843676092947]"
312,goal_032,2,col_return,12110,1634.04,05,subwp,123,1,E2.1,E2.1-R0,False,subwp,123,05,2,2154653762,col_return,return,387.52,0,0,"[0.0, 1.4315519231193163]"
313,goal_032,3,exito,17168,2584.56,05,subwp,123,1,E2.1,E2.1-R0,False,subwp,123,05,3,4150941908,exito,,549.376,0,0,"[0.0, -21.75154775855575]"
314,goal_032,4,exito,17170,2584.13,05,subwp,123,1,E2.1,E2.1-R0,False,subwp,123,05,4,1762577783,exito,,549.44,0,0,"[0.0, 12.004606058595893]"
315,goal_032,5,col_return,11388,1533.07,05,subwp,123,1,E2.1,E2.1-R0,False,subwp,123,05,5,503971297,col_return,return,364.416,0,0,"[0.0, 14.181168650290271]"
316,goal_032,6,exito,17168,2584.57,05,subwp,123,1,E2.1,E2.1-R0,False,subwp,123,05,6,2264968283,exito,,549.376,0,0,"[0.0, -23.697376551206982]"
317,goal_032,7,col_return,12111,1631.16,05,subwp,123,1,E2.1,E2.1-R0,False,subwp,123,05,7,4027030733,col_return,return,387.552,0,0,"[0.0, -17.02471584879502]"
318,goal_032,8,exito,17168,2584.53,05,subwp,123,1,E2.1,E2.1-R0,False,subwp,123,05,8,1622704476,exito,,549.376,0,0,"[0.0, 27.10464323578823]"
319,goal_032,9,exito,17170,2584.1,05,subwp,123,1,E2.1,E2.1-R0,False,subwp,123,05,9,398438858,exito,,549.44,0,0,"[0.0, 22.69370441244648]"
320,goal_032,10,col_return,11377,1533.76,05,subwp,123,1,E2.1,E2.1-R0,False,subwp,123,05,10,1201979702,col_return,return,364.064,0,0,"[0.0, 7.908383891548358]"
321,goal_033,1,exito,17415,2617.47,05,subwp,123,1,E2.1,E2.1-R0,False,subwp,123,05,1,455247777,exito,,557.28,0,0,"[0.0, -28.110451223986423]"
322,goal_033,2,col_return,12109,1632.12,05,subwp,123,1,E2.1,E2.1-R0,False,subwp,123,05,2,2183910939,col_return,return,387.488,0,0,"[0.0, -19.493993615527554]"
323,goal_033,3,exito,17415,2617.43,05,subwp,123,1,E2.1,E2.1-R0,False,subwp,123,05,3,4113360525,exito,,557.28,0,0,"[0.0, -1.3564065063929842]"
324,goal_033,4,col_return,12355,1660.65,05,subwp,123,1,E2.1,E2.1-R0,False,subwp,123,05,4,1799910190,col_return,return,395.36,0,0,"[0.0, 19.426513054692663]"
325,goal_033,5,exito,17415,2617.53,05,subwp,123,1,E2.1,E2.1-R0,False,subwp,123,05,5,474956728,exito,,557.28,0,0,"[0.0, 25.696491607038357]"
326,goal_033,6,exito,17417,2581.14,05,subwp,123,1,E2.1,E2.1-R0,False,subwp,123,05,6,2235961858,exito,,557.344,0,0,"[0.0, 29.411290257936425]"
327,goal_033,7,exito,17417,2617.67,05,subwp,123,1,E2.1,E2.1-R0,False,subwp,123,05,7,4064354964,exito,,557.344,0,0,"[0.0, 20.045981328152088]"
328,goal_033,8,exito,17417,2617.45,05,subwp,123,1,E2.1,E2.1-R0,False,subwp,123,05,8,1660829445,exito,,557.344,0,0,"[0.0, 18.86257091301378]"
329,goal_033,9,exito,17417,2609.37,05,subwp,123,1,E2.1,E2.1-R0,False,subwp,123,05,9,368643987,exito,,557.344,0,0,"[0.0, -20.038001827590342]"
330,goal_033,10,exito,17417,2617.66,05,subwp,123,1,E2.1,E2.1-R0,False,subwp,123,05,10,1427205848,exito,,557.344,0,0,"[0.0, 24.16112675210437]"
331,goal_034,1,exito,17641,2649.62,05,subwp,123,1,E2.1,E2.1-R0,False,subwp,123,05,1,450948502,exito,,564.512,0,0,"[0.0, -3.325107289855753]"
332,goal_034,2,exito,17643,2617.31,05,subwp,123,1,E2.1,E2.1-R0,False,subwp,123,05,2,2213133356,exito,,564.576,0,0,"[0.0, -14.543445724713349]"
333,goal_034,3,exito,17641,2649.66,05,subwp,123,1,E2.1,E2.1-R0,False,subwp,123,05,3,4109274298,exito,,564.512,0,0,"[0.0, 22.338524062507133]"
334,goal_034,4,exito,17641,2649.67,05,subwp,123,1,E2.1,E2.1-R0,False,subwp,123,05,4,1787435289,exito,,564.512,0,0,"[0.0, 2.02650160801203]"
335,goal_034,5,col_return,12494,1685.3,05,subwp,123,1,E2.1,E2.1-R0,False,subwp,123,05,5,495790479,col_return,return,399.808,0,0,"[0.0, -17.710063831900705]"
336,goal_034,6,exito,17639,2649.42,05,subwp,123,1,E2.1,E2.1-R0,False,subwp,123,05,6,2223274037,exito,,564.448,0,0,"[0.0, -1.8442148105087108]"
337,goal_034,7,col_return,12418,1678.93,05,subwp,123,1,E2.1,E2.1-R0,False,subwp,123,05,7,4085467299,col_return,return,397.376,0,0,"[0.0, 21.487004866543927]"
338,goal_034,8,exito,17639,2649.4,05,subwp,123,1,E2.1,E2.1-R0,False,subwp,123,05,8,1664898354,exito,,564.448,0,0,"[0.0, 6.868083905496906]"
339,goal_034,9,col_return,12388,1673.55,05,subwp,123,1,E2.1,E2.1-R0,False,subwp,123,05,9,339436964,col_return,return,396.416,0,0,"[0.0, -1.2070243272275527]"
340,goal_034,10,exito,17639,2649.46,05,subwp,123,1,E2.1,E2.1-R0,False,subwp,123,05,10,3987540413,exito,,564.448,0,0,"[0.0, 23.332275039909423]"
341,goal_035,1,col_return,12498,1688.74,05,subwp,123,1,E2.1,E2.1-R0,False,subwp,123,05,1,531626771,col_return,return,399.936,0,0,"[0.0, 4.267227674916995]"
342,goal_035,2,exito,17888,2681.6,05,subwp,123,1,E2.1,E2.1-R0,False,subwp,123,05,2,2259069609,exito,,572.416,0,0,"[0.0, -1.1898363580661253]"
343,goal_035,3,col_return,12316,1657.15,05,subwp,123,1,E2.1,E2.1-R0,False,subwp,123,05,3,4053899839,col_return,return,394.112,0,0,"[0.0, 24.10491679339178]"
344,goal_035,4,exito,17889,2681.62,05,subwp,123,1,E2.1,E2.1-R0,False,subwp,123,05,4,1875185564,exito,,572.448,0,0,"[0.0, -17.251409917323503]"
345,goal_035,5,col_return,12208,1644.09,05,subwp,123,1,E2.1,E2.1-R0,False,subwp,123,05,5,415383306,col_return,return,390.656,0,0,"[0.0, 1.4791202074362753]"
346,goal_035,6,exito,17888,2681.59,05,subwp,123,1,E2.1,E2.1-R0,False,subwp,123,05,6,2177593008,exito,,572.416,0,0,"[0.0, -29.65345383094595]"
347,goal_035,7,col_return,12157,1635.79,05,subwp,123,1,E2.1,E2.1-R0,False,subwp,123,05,7,4140588582,col_return,return,389.024,0,0,"[0.0, -8.281075741557654]"
348,goal_035,8,exito,17888,2681.58,05,subwp,123,1,E2.1,E2.1-R0,False,subwp,123,05,8,1718830007,exito,,572.416,0,0,"[0.0, 15.726588048488523]"
349,goal_035,9,col_return,12135,1635.26,05,subwp,123,1,E2.1,E2.1-R0,False,subwp,123,05,9,292844321,col_return,return,388.32,0,0,"[0.0, 18.38542307561444]"
350,goal_035,10,exito,17888,2681.56,05,subwp,123,1,E2.1,E2.1-R0,False,subwp,123,05,10,1887056132,exito,,572.416,0,0,"[0.0, 26.38836439623831]"
351,goal_036,1,exito,18138,2643.09,05,subwp,123,1,E2.1,E2.1-R0,False,subwp,123,05,1,510497060,exito,,580.416,0,0,"[0.0, -11.597316381325074]"
352,goal_036,2,exito,18138,2715.14,05,subwp,123,1,E2.1,E2.1-R0,False,subwp,123,05,2,2271527070,exito,,580.416,0,0,"[0.0, 13.528146577797003]"
353,goal_036,3,col_return,12859,1735.53,05,subwp,123,1,E2.1,E2.1-R0,False,subwp,123,05,3,4033081352,col_return,return,411.488,0,0,"[0.0, -13.661676463446552]"
354,goal_036,4,exito,18136,2714.93,05,subwp,123,1,E2.1,E2.1-R0,False,subwp,123,05,4,1845978539,exito,,580.352,0,0,"[0.0, -6.039746474542554]"
355,goal_036,5,col_return,12357,1664.56,05,subwp,123,1,E2.1,E2.1-R0,False,subwp,123,05,5,419452221,col_return,return,395.424,0,0,"[0.0, -14.899458054082295]"
356,goal_036,6,exito,18136,2714.87,05,subwp,123,1,E2.1,E2.1-R0,False,subwp,123,05,6,2148074631,exito,,580.352,0,0,"[0.0, 10.606381416681018]"
357,goal_036,7,exito,18138,2715.15,05,subwp,123,1,E2.1,E2.1-R0,False,subwp,123,05,7,4144903185,exito,,580.416,0,0,"[0.0, 12.454270734458753]"
358,goal_036,8,exito,18138,2715.13,05,subwp,123,1,E2.1,E2.1-R0,False,subwp,123,05,8,1739663744,exito,,580.416,0,0,"[0.0, -29.43274502856461]"
359,goal_036,9,col_return,12738,1706.35,05,subwp,123,1,E2.1,E2.1-R0,False,subwp,123,05,9,280369430,col_return,return,407.616,0,0,"[0.0, -14.008155234338627]"
360,goal_036,10,exito,18136,2714.94,05,subwp,123,1,E2.1,E2.1-R0,False,subwp,123,05,10,3368441441,exito,,580.352,0,0,"[0.0, 25.397038785185345]"
361,goal_037,1,exito,14327,2205.05,05,subwp,123,1,E2.1,E2.1-R0,False,subwp,123,05,1,472592253,exito,,458.464,0,0,"[0.0, -14.43582172770391]"
362,goal_037,2,exito,14327,2204.95,05,subwp,123,1,E2.1,E2.1-R0,False,subwp,123,05,2,2233630407,exito,,458.464,0,0,"[0.0, 14.121709117876541]"
363,goal_037,3,exito,14327,2205.05,05,subwp,123,1,E2.1,E2.1-R0,False,subwp,123,05,3,4062531153,exito,,458.464,0,0,"[0.0, -28.91558765192951]"
364,goal_037,4,exito,14327,2204.97,05,subwp,123,1,E2.1,E2.1-R0,False,subwp,123,05,4,1816255474,exito,,458.464,0,0,"[0.0, -26.948422655797046]"
365,goal_037,5,exito,14327,2205.05,05,subwp,123,1,E2.1,E2.1-R0,False,subwp,123,05,5,457632612,exito,,458.464,0,0,"[0.0, 3.906629227320284]"
366,goal_037,6,exito,14327,2204.93,05,subwp,123,1,E2.1,E2.1-R0,False,subwp,123,05,6,2186263262,exito,,458.464,0,0,"[0.0, -25.07514653312511]"
367,goal_037,7,col_return,8643,1168.42,05,subwp,123,1,E2.1,E2.1-R0,False,subwp,123,05,7,4115171912,col_return,return,276.576,0,0,"[0.0, -14.91070764095403]"
368,goal_037,8,exito,14321,2205.5,05,subwp,123,1,E2.1,E2.1-R0,False,subwp,123,05,8,1710725081,exito,,458.272,0,0,"[0.0, 22.366286837950273]"
369,goal_037,9,exito,14327,2180.58,05,subwp,123,1,E2.1,E2.1-R0,False,subwp,123,05,9,317761359,exito,,458.464,0,0,"[0.0, 23.178740052863404]"
370,goal_037,10,col_return,8760,1176.0,05,subwp,123,1,E2.1,E2.1-R0,False,subwp,123,05,10,3665033615,col_return,return,280.32,0,0,"[0.0, 27.535805074288906]"
371,goal_038,1,exito,16693,2527.71,05,subwp,123,1,E2.1,E2.1-R0,False,subwp,123,05,1,501826890,exito,,534.176,0,0,"[0.0, -19.33491303270288]"
372,goal_038,2,exito,16698,2527.82,05,subwp,123,1,E2.1,E2.1-R0,False,subwp,123,05,2,2229277936,exito,,534.336,0,0,"[0.0, 19.39566747858069]"
373,goal_038,3,col_return,11371,1529.15,05,subwp,123,1,E2.1,E2.1-R0,False,subwp,123,05,3,4092011622,col_return,return,363.872,0,0,"[0.0, 23.087601354405052]"
374,goal_038,4,exito,16693,2527.76,05,subwp,123,1,E2.1,E2.1-R0,False,subwp,123,05,4,1837347269,exito,,534.176,0,0,"[0.0, 3.1597227863075505]"
375,goal_038,5,exito,16698,2527.74,05,subwp,123,1,E2.1,E2.1-R0,False,subwp,123,05,5,444891475,exito,,534.336,0,0,"[0.0, -21.17930420647278]"
376,goal_038,6,col_return,11489,1546.46,05,subwp,123,1,E2.1,E2.1-R0,False,subwp,123,05,6,2207109353,col_return,return,367.648,0,0,"[0.0, -13.85834204516204]"
377,goal_038,7,exito,16693,2527.71,05,subwp,123,1,E2.1,E2.1-R0,False,subwp,123,05,7,4102742143,exito,,534.176,0,0,"[0.0, -22.324425648259286]"
378,goal_038,8,exito,16698,2527.82,05,subwp,123,1,E2.1,E2.1-R0,False,subwp,123,05,8,1681260014,exito,,534.336,0,0,"[0.0, -29.623923300834903]"
379,goal_038,9,col_return,11533,1560.47,05,subwp,123,1,E2.1,E2.1-R0,False,subwp,123,05,9,322096504,col_return,return,369.056,0,0,"[0.0, 22.85833322021995]"
380,goal_038,10,exito,16693,2527.71,05,subwp,123,1,E2.1,E2.1-R0,False,subwp,123,05,10,1657773802,exito,,534.176,0,0,"[0.0, 4.181882452403802]"
381,goal_039,1,exito,14258,2195.51,05,subwp,123,1,E2.1,E2.1-R0,False,subwp,123,05,1,380961399,exito,,456.256,0,0,"[0.0, -2.082227640317307]"
382,goal_039,2,exito,14257,2195.52,05,subwp,123,1,E2.1,E2.1-R0,False,subwp,123,05,2,2411484109,exito,,456.224,0,0,"[0.0, 13.803956946920618]"
383,goal_039,3,exito,14257,2195.53,05,subwp,123,1,E2.1,E2.1-R0,False,subwp,123,05,3,4173030235,exito,,456.224,0,0,"[0.0, -13.05976205048784]"
384,goal_039,4,col_return,8561,1155.37,05,subwp,123,1,E2.1,E2.1-R0,False,subwp,123,05,4,1725953784,col_return,return,273.952,0,0,"[0.0, 19.59193739530647]"
385,goal_039,5,exito,14252,2195.99,05,subwp,123,1,E2.1,E2.1-R0,False,subwp,123,05,5,299419246,exito,,456.064,0,0,"[0.0, -13.553470162453795]"
386,goal_039,6,col_return,8417,1129.7,05,subwp,123,1,E2.1,E2.1-R0,False,subwp,123,05,6,2295437268,col_return,return,269.344,0,0,"[0.0, 15.365409685112642]"
387,goal_039,7,exito,14252,2195.99,05,subwp,123,1,E2.1,E2.1-R0,False,subwp,123,05,7,4292257602,exito,,456.064,0,0,"[0.0, 10.770221711552438]"
388,goal_039,8,exito,14257,2187.84,05,subwp,123,1,E2.1,E2.1-R0,False,subwp,123,05,8,1869200083,exito,,456.224,0,0,"[0.0, 25.45607672447281]"
389,goal_039,9,col_return,8689,1174.7,05,subwp,123,1,E2.1,E2.1-R0,False,subwp,123,05,9,409897541,col_return,return,278.048,0,0,"[0.0, 27.868270704901242]"
390,goal_039,10,exito,14252,2196.03,05,subwp,123,1,E2.1,E2.1-R0,False,subwp,123,05,10,984387260,exito,,456.064,0,0,"[0.0, 25.936732492392288]"
391,goal_040,1,exito,16596,2513.47,05,subwp,123,1,E2.1,E2.1-R0,False,subwp,123,05,1,393701440,exito,,531.072,0,0,"[0.0, 12.459160135806648]"
392,goal_040,2,exito,16596,2513.48,05,subwp,123,1,E2.1,E2.1-R0,False,subwp,123,05,2,2390637050,exito,,531.072,0,0,"[0.0, -4.017128079917143]"
393,goal_040,3,exito,16596,2508.29,05,subwp,123,1,E2.1,E2.1-R0,False,subwp,123,05,3,4185459052,exito,,531.072,0,0,"[0.0, 26.95110314807214]"
394,goal_040,4,col_return,10995,1482.21,05,subwp,123,1,E2.1,E2.1-R0,False,subwp,123,05,4,1729993935,col_return,return,351.84,0,0,"[0.0, -10.851279296381925]"
395,goal_040,5,exito,16591,2513.34,05,subwp,123,1,E2.1,E2.1-R0,False,subwp,123,05,5,270183513,exito,,530.912,0,0,"[0.0, -26.066167443382945]"
396,goal_040,6,exito,16596,2513.48,05,subwp,123,1,E2.1,E2.1-R0,False,subwp,123,05,6,2299788771,exito,,531.072,0,0,"[0.0, 10.482336711661285]"
397,goal_040,7,col_return,11412,1536.57,05,subwp,123,1,E2.1,E2.1-R0,False,subwp,123,05,7,4262776181,col_return,return,365.184,0,0,"[0.0, 20.61919486310638]"
398,goal_040,8,exito,16591,2513.34,05,subwp,123,1,E2.1,E2.1-R0,False,subwp,123,05,8,1856753892,exito,,530.912,0,0,"[0.0, 14.650313683421816]"
399,goal_040,9,exito,16596,2513.48,05,subwp,123,1,E2.1,E2.1-R0,False,subwp,123,05,9,430760050,exito,,531.072,0,0,"[0.0, 28.77593496139528]"
400,goal_040,10,col_return,11608,1565.98,05,subwp,123,1,E2.1,E2.1-R0,False,subwp,123,05,10,2182146521,col_return,return,371.456,0,0,"[0.0, 11.9782677152937]"
401,goal_041,1,col_return,8300,1123.28,05,subwp,123,1,E2.1,E2.1-R0,False,subwp,123,05,1,2238802806,col_return,return,265.6,0,0,"[0.0, -6.008767207916009]"
402,goal_041,2,exito,14128,2179.52,05,subwp,123,1,E2.1,E2.1-R0,False,subwp,123,05,2,477641420,exito,,452.096,0,0,"[0.0, -15.49833819449123]"
403,goal_041,3,col_return,8347,1126.63,05,subwp,123,1,E2.1,E2.1-R0,False,subwp,123,05,3,1803487834,col_return,return,267.104,0,0,"[0.0, -8.670919525852232]"
404,goal_041,4,exito,14128,2179.54,05,subwp,123,1,E2.1,E2.1-R0,False,subwp,123,05,4,4112228345,exito,,452.096,0,0,"[0.0, -0.10359732452112747]"
405,goal_041,5,col_return,8361,1125.85,05,subwp,123,1,E2.1,E2.1-R0,False,subwp,123,05,5,2182917999,col_return,return,267.552,0,0,"[0.0, -13.551140244842825]"
406,goal_041,6,exito,14128,2179.56,05,subwp,123,1,E2.1,E2.1-R0,False,subwp,123,05,6,454426325,exito,,452.096,0,0,"[0.0, 11.527292023511562]"
407,goal_041,7,col_return,8364,1129.31,05,subwp,123,1,E2.1,E2.1-R0,False,subwp,123,05,7,1813171779,col_return,return,267.648,0,0,"[0.0, -29.4457935335716]"
408,goal_041,8,exito,14128,2179.54,05,subwp,123,1,E2.1,E2.1-R0,False,subwp,123,05,8,4239250386,exito,,452.096,0,0,"[0.0, -4.635697388830067]"
409,goal_041,9,col_return,8367,1128.6,05,subwp,123,1,E2.1,E2.1-R0,False,subwp,123,05,9,2343232324,col_return,return,267.744,0,0,"[0.0, -6.577100032798812]"
410,goal_041,10,exito,14128,2179.54,05,subwp,123,1,E2.1,E2.1-R0,False,subwp,123,05,10,1295546947,exito,,452.096,0,0,"[0.0, 21.306514459376064]"
411,goal_042,1,exito,16352,2479.73,05,subwp,123,1,E2.1,E2.1-R0,False,subwp,123,05,1,2226323777,exito,,523.264,0,0,"[0.0, -21.034401172274407]"
412,goal_042,2,exito,16352,2479.73,05,subwp,123,1,E2.1,E2.1-R0,False,subwp,123,05,2,498749691,exito,,523.264,0,0,"[0.0, 17.720728873801747]"
413,goal_042,3,exito,16351,2479.72,05,subwp,123,1,E2.1,E2.1-R0,False,subwp,123,05,3,1790795885,exito,,523.232,0,0,"[0.0, 2.297861942673123]"
414,goal_042,4,col_return,11190,1516.15,05,subwp,123,1,E2.1,E2.1-R0,False,subwp,123,05,4,4107924942,col_return,return,358.08,0,0,"[0.0, 22.79733232642011]"
415,goal_042,5,exito,16346,2479.64,05,subwp,123,1,E2.1,E2.1-R0,False,subwp,123,05,5,2212414808,exito,,523.072,0,0,"[0.0, -20.385501135394676]"
416,goal_042,6,exito,16350,2479.62,05,subwp,123,1,E2.1,E2.1-R0,False,subwp,123,05,6,450335970,exito,,523.2,0,0,"[0.0, 29.479241653784268]"
417,goal_042,7,exito,16350,2479.57,05,subwp,123,1,E2.1,E2.1-R0,False,subwp,123,05,7,1842390132,exito,,523.2,0,0,"[0.0, -16.28334845175314]"
418,goal_042,8,col_return,11080,1496.26,05,subwp,123,1,E2.1,E2.1-R0,False,subwp,123,05,8,4251957733,col_return,return,354.56,0,0,"[0.0, 16.964643367398786]"
419,goal_042,9,exito,16346,2479.85,05,subwp,123,1,E2.1,E2.1-R0,False,subwp,123,05,9,2322106739,exito,,523.072,0,0,"[0.0, 14.572076547831202]"
420,goal_042,10,exito,16350,2479.59,05,subwp,123,1,E2.1,E2.1-R0,False,subwp,123,05,10,4119076134,exito,,523.2,0,0,"[0.0, -12.574199506397083]"
421,goal_043,1,exito,14049,2171.86,05,subwp,123,1,E2.1,E2.1-R0,False,subwp,123,05,1,2264252184,exito,,449.568,0,0,"[0.0, 9.799888912573842]"
422,goal_043,2,exito,14048,2171.81,05,subwp,123,1,E2.1,E2.1-R0,False,subwp,123,05,2,536669858,exito,,449.536,0,0,"[0.0, -3.558066743520658]"
423,goal_043,3,exito,14049,2171.87,05,subwp,123,1,E2.1,E2.1-R0,False,subwp,123,05,3,1761336884,exito,,449.568,0,0,"[0.0, -9.681767146124384]"
424,goal_043,4,col_return,8213,1112.88,05,subwp,123,1,E2.1,E2.1-R0,False,subwp,123,05,4,4137634711,col_return,return,262.816,0,0,"[0.0, -29.3755707609446]"
425,goal_043,5,exito,14043,2171.93,05,subwp,123,1,E2.1,E2.1-R0,False,subwp,123,05,5,2174253825,exito,,449.376,0,0,"[0.0, -28.12449043950049]"
426,goal_043,6,col_return,8333,1127.66,05,subwp,123,1,E2.1,E2.1-R0,False,subwp,123,05,6,412166843,col_return,return,266.656,0,0,"[0.0, 21.59950946227521]"
427,goal_043,7,exito,14043,2171.9,05,subwp,123,1,E2.1,E2.1-R0,False,subwp,123,05,7,1872108077,exito,,449.376,0,0,"[0.0, -7.524635299192277]"
428,goal_043,8,col_return,8395,1139.32,05,subwp,123,1,E2.1,E2.1-R0,False,subwp,123,05,8,4280879036,col_return,return,268.64,0,0,"[0.0, -7.224768560134798]"
429,goal_043,9,exito,14043,2171.91,05,subwp,123,1,E2.1,E2.1-R0,False,subwp,123,05,9,2284730154,exito,,449.376,0,0,"[0.0, -12.480707594032605]"
430,goal_043,10,col_return,8421,1141.47,05,subwp,123,1,E2.1,E2.1-R0,False,subwp,123,05,10,3878793928,col_return,return,269.472,0,0,"[0.0, -18.758168673846328]"
431,goal_044,1,exito,16097,2443.79,05,subwp,123,1,E2.1,E2.1-R0,False,subwp,123,05,1,2268583215,exito,,515.104,0,0,"[0.0, -5.777694167105594]"
432,goal_044,2,exito,16101,2443.76,05,subwp,123,1,E2.1,E2.1-R0,False,subwp,123,05,2,507413653,exito,,515.232,0,0,"[0.0, -27.29588904918848]"
433,goal_044,3,exito,16101,2443.75,05,subwp,123,1,E2.1,E2.1-R0,False,subwp,123,05,3,1765389315,exito,,515.232,0,0,"[0.0, -9.908544806045573]"
434,goal_044,4,col_return,11102,1493.35,05,subwp,123,1,E2.1,E2.1-R0,False,subwp,123,05,4,4150075808,col_return,return,355.264,0,0,"[0.0, 6.772850539548665]"
435,goal_044,5,exito,16097,2443.92,05,subwp,123,1,E2.1,E2.1-R0,False,subwp,123,05,5,2153386294,exito,,515.104,0,0,"[0.0, -6.026697367897471]"
436,goal_044,6,exito,16104,2443.79,05,subwp,123,1,E2.1,E2.1-R0,False,subwp,123,05,6,424886412,exito,,515.328,0,0,"[0.0, 10.864594635333155]"
437,goal_044,7,exito,16102,2443.57,05,subwp,123,1,E2.1,E2.1-R0,False,subwp,123,05,7,1851027482,exito,,515.264,0,0,"[0.0, -11.02727375065696]"
438,goal_044,8,exito,16102,2442.58,05,subwp,123,1,E2.1,E2.1-R0,False,subwp,123,05,8,4276841867,exito,,515.264,0,0,"[0.0, 16.02865382642388]"
439,goal_044,9,col_return,10842,1458.9,05,subwp,123,1,E2.1,E2.1-R0,False,subwp,123,05,9,2313968925,col_return,return,346.944,0,0,"[0.0, -27.43910634158161]"
440,goal_044,10,exito,16097,2443.49,05,subwp,123,1,E2.1,E2.1-R0,False,subwp,123,05,10,1603130797,exito,,515.104,0,0,"[0.0, -14.922437367562436]"
441,goal_045,1,exito,13991,2165.95,05,subwp,123,1,E2.1,E2.1-R0,False,subwp,123,05,1,2188952490,exito,,447.712,0,0,"[0.0, -1.5632935570142048]"
442,goal_045,2,exito,13991,2154.0,05,subwp,123,1,E2.1,E2.1-R0,False,subwp,123,05,2,460427792,exito,,447.712,0,0,"[0.0, 14.395228192439124]"
443,goal_045,3,col_return,8576,1156.25,05,subwp,123,1,E2.1,E2.1-R0,False,subwp,123,05,3,1819714182,col_return,return,274.432,0,0,"[0.0, -5.909390454126826]"
444,goal_045,4,exito,13986,2165.86,05,subwp,123,1,E2.1,E2.1-R0,False,subwp,123,05,4,4061280037,exito,,447.552,0,0,"[0.0, 23.835633098820328]"
445,goal_045,5,col_return,8528,1163.35,05,subwp,123,1,E2.1,E2.1-R0,False,subwp,123,05,5,2232747955,col_return,return,272.896,0,0,"[0.0, 16.41322335179691]"
446,goal_045,6,exito,13986,2165.88,05,subwp,123,1,E2.1,E2.1-R0,False,subwp,123,05,6,471619081,exito,,447.552,0,0,"[0.0, -5.1544289977292195]"
447,goal_045,7,col_return,8526,1160.63,05,subwp,123,1,E2.1,E2.1-R0,False,subwp,123,05,7,1796957855,col_return,return,272.832,0,0,"[0.0, 26.116537702486358]"
448,goal_045,8,exito,13986,2165.87,05,subwp,123,1,E2.1,E2.1-R0,False,subwp,123,05,8,4221860622,exito,,447.552,0,0,"[0.0, 4.071904801965895]"
449,goal_045,9,col_return,8531,1151.58,05,subwp,123,1,E2.1,E2.1-R0,False,subwp,123,05,9,2359511960,col_return,return,272.992,0,0,"[0.0, 19.36311394684811]"
450,goal_045,10,exito,13985,2165.8,05,subwp,123,1,E2.1,E2.1-R0,False,subwp,123,05,10,3260738836,exito,,447.52,0,0,"[0.0, -0.8678843018321714]"
451,goal_046,1,exito,15872,2413.21,05,subwp,123,1,E2.1,E2.1-R0,False,subwp,123,05,1,2210048413,exito,,507.904,0,0,"[0.0, 4.131662268561489]"
452,goal_046,2,exito,15872,2413.2,05,subwp,123,1,E2.1,E2.1-R0,False,subwp,123,05,2,448002087,exito,,507.904,0,0,"[0.0, 11.057474652600392]"
453,goal_046,3,exito,15872,2413.21,05,subwp,123,1,E2.1,E2.1-R0,False,subwp,123,05,3,1840564401,exito,,507.904,0,0,"[0.0, 5.7326132541889985]"
454,goal_046,4,exito,15872,2413.22,05,subwp,123,1,E2.1,E2.1-R0,False,subwp,123,05,4,4090518802,exito,,507.904,0,0,"[0.0, -26.480162413488046]"
455,goal_046,5,exito,15872,2413.21,05,subwp,123,1,E2.1,E2.1-R0,False,subwp,123,05,5,2228710788,exito,,507.904,0,0,"[0.0, 21.373298013350926]"
456,goal_046,6,exito,15872,2402.02,05,subwp,123,1,E2.1,E2.1-R0,False,subwp,123,05,6,501103678,exito,,507.904,0,0,"[0.0, 1.7839668902101469]"
457,goal_046,7,col_return,10589,1429.45,05,subwp,123,1,E2.1,E2.1-R0,False,subwp,123,05,7,1792609448,col_return,return,338.848,0,0,"[0.0, 6.427695410021532]"
458,goal_046,8,exito,15866,2413.12,05,subwp,123,1,E2.1,E2.1-R0,False,subwp,123,05,8,4200993081,exito,,507.712,0,0,"[0.0, -26.938043708373698]"
459,goal_046,9,exito,15872,2413.2,05,subwp,123,1,E2.1,E2.1-R0,False,subwp,123,05,9,2371953071,exito,,507.904,0,0,"[0.0, -22.05752156802529]"
460,goal_046,10,exito,15872,2413.21,05,subwp,123,1,E2.1,E2.1-R0,False,subwp,123,05,10,2061929073,exito,,507.904,0,0,"[0.0, -17.988546035924998]"
461,goal_047,1,exito,13940,2160.89,05,subwp,123,1,E2.1,E2.1-R0,False,subwp,123,05,1,2180782020,exito,,446.08,0,0,"[0.0, -25.89073046128921]"
462,goal_047,2,exito,13938,2160.63,05,subwp,123,1,E2.1,E2.1-R0,False,subwp,123,05,2,418727550,exito,,446.016,0,0,"[0.0, -17.546488647663526]"
463,goal_047,3,exito,13938,2160.63,05,subwp,123,1,E2.1,E2.1-R0,False,subwp,123,05,3,1878161128,exito,,446.016,0,0,"[0.0, 9.767318721887433]"
464,goal_047,4,col_return,8358,1134.34,05,subwp,123,1,E2.1,E2.1-R0,False,subwp,123,05,4,4053197643,col_return,return,267.456,0,0,"[0.0, 4.404736205029067]"
465,goal_047,5,exito,13934,2160.65,05,subwp,123,1,E2.1,E2.1-R0,False,subwp,123,05,5,2257703901,exito,,445.888,0,0,"[0.0, 25.059461258655695]"
466,goal_047,6,col_return,8466,1146.44,05,subwp,123,1,E2.1,E2.1-R0,False,subwp,123,05,6,530088551,col_return,return,270.912,0,0,"[0.0, -19.72724139673634]"
467,goal_047,7,exito,13933,2160.54,05,subwp,123,1,E2.1,E2.1-R0,False,subwp,123,05,7,1755296497,exito,,445.856,0,0,"[0.0, 4.7110081242360184]"
468,goal_047,8,col_return,8522,1147.79,05,subwp,123,1,E2.1,E2.1-R0,False,subwp,123,05,8,4162891616,col_return,return,272.704,0,0,"[0.0, 16.243036449978764]"
469,goal_047,9,exito,13933,2153.9,05,subwp,123,1,E2.1,E2.1-R0,False,subwp,123,05,9,2401738742,exito,,445.856,0,0,"[0.0, 1.4014523719819794]"
470,goal_047,10,col_return,8530,1159.33,05,subwp,123,1,E2.1,E2.1-R0,False,subwp,123,05,10,1750279583,col_return,return,272.96,0,0,"[0.0, 2.2266879090659386]"
471,goal_048,1,exito,15617,2378.93,05,subwp,123,1,E2.1,E2.1-R0,False,subwp,123,05,1,2151579123,exito,,499.744,0,0,"[0.0, 3.5859268693674085]"
472,goal_048,2,exito,15624,2379.12,05,subwp,123,1,E2.1,E2.1-R0,False,subwp,123,05,2,423046217,exito,,499.968,0,0,"[0.0, 3.052795961031809]"
473,goal_048,3,exito,15623,2379.05,05,subwp,123,1,E2.1,E2.1-R0,False,subwp,123,05,3,1848646879,exito,,499.936,0,0,"[0.0, -25.008882805475558]"
474,goal_048,4,exito,15624,2379.12,05,subwp,123,1,E2.1,E2.1-R0,False,subwp,123,05,4,4032072060,exito,,499.968,0,0,"[0.0, 21.735245366186767]"
475,goal_048,5,exito,15623,2379.06,05,subwp,123,1,E2.1,E2.1-R0,False,subwp,123,05,5,2270411242,exito,,499.936,0,0,"[0.0, 24.238211908094115]"
476,goal_048,6,exito,15624,2379.12,05,subwp,123,1,E2.1,E2.1-R0,False,subwp,123,05,6,509274192,exito,,499.968,0,0,"[0.0, 10.174837874179023]"
477,goal_048,7,exito,15623,2360.53,05,subwp,123,1,E2.1,E2.1-R0,False,subwp,123,05,7,1767758022,exito,,499.936,0,0,"[0.0, -15.545817320766119]"
478,goal_048,8,col_return,10424,1408.92,05,subwp,123,1,E2.1,E2.1-R0,False,subwp,123,05,8,4192388439,col_return,return,333.568,0,0,"[0.0, -23.252304061682462]"
479,goal_048,9,exito,15617,2378.96,05,subwp,123,1,E2.1,E2.1-R0,False,subwp,123,05,9,2397435329,exito,,499.744,0,0,"[0.0, 0.13663474925661445]"
480,goal_048,10,exito,15624,2379.1,05,subwp,123,1,E2.1,E2.1-R0,False,subwp,123,05,10,3505341178,exito,,499.968,0,0,"[0.0, -28.10705425045413]"
481,goal_049,1,exito,13917,2156.89,05,subwp,123,1,E2.1,E2.1-R0,False,subwp,123,05,1,2338470606,exito,,445.344,0,0,"[0.0, -14.713466958418325]"
482,goal_049,2,exito,13917,2088.15,05,subwp,123,1,E2.1,E2.1-R0,False,subwp,123,05,2,309029748,exito,,445.344,0,0,"[0.0, 4.375614354426269]"
483,goal_049,3,col_return,8569,1163.34,05,subwp,123,1,E2.1,E2.1-R0,False,subwp,123,05,3,1701600226,col_return,return,274.208,0,0,"[0.0, -4.676630537429087]"
484,goal_049,4,exito,13912,2055.89,05,subwp,123,1,E2.1,E2.1-R0,False,subwp,123,05,4,4211658305,exito,,445.184,0,0,"[0.0, 10.216387177233129]"
485,goal_049,5,col_return,8568,1167.03,05,subwp,123,1,E2.1,E2.1-R0,False,subwp,123,05,5,2349858519,col_return,return,274.176,0,0,"[0.0, -6.408613114321087]"
486,goal_049,6,exito,13917,2009.54,05,subwp,123,1,E2.1,E2.1-R0,False,subwp,123,05,6,352759661,exito,,445.344,0,0,"[0.0, -5.168678093580876]"
487,goal_049,7,col_return,8587,1164.23,05,subwp,123,1,E2.1,E2.1-R0,False,subwp,123,05,7,1644273659,col_return,return,274.784,0,0,"[0.0, 20.62965294549671]"
488,goal_049,8,exito,13916,2024.81,05,subwp,123,1,E2.1,E2.1-R0,False,subwp,123,05,8,4072571498,exito,,445.312,0,0,"[0.0, 1.6756645941691795]"
489,goal_049,9,col_return,8571,1167.9,05,subwp,123,1,E2.1,E2.1-R0,False,subwp,123,05,9,2243539708,col_return,return,274.272,0,0,"[0.0, -22.758090265660616]"
490,goal_049,10,exito,13919,1996.71,05,subwp,123,1,E2.1,E2.1-R0,False,subwp,123,05,10,2290897580,exito,,445.408,0,0,"[0.0, -15.636834719397818]"
491,goal_050,1,exito,15411,2346.09,05,subwp,123,1,E2.1,E2.1-R0,False,subwp,123,05,1,2325762297,exito,,493.152,0,0,"[0.0, -21.491006923284097]"
492,goal_050,2,exito,15411,2346.04,05,subwp,123,1,E2.1,E2.1-R0,False,subwp,123,05,2,329843011,exito,,493.152,0,0,"[0.0, 9.012518179950755]"
493,goal_050,3,exito,15411,2345.93,05,subwp,123,1,E2.1,E2.1-R0,False,subwp,123,05,3,1689137621,exito,,493.152,0,0,"[0.0, -6.722139672662209]"
494,goal_050,4,exito,15411,2345.97,05,subwp,123,1,E2.1,E2.1-R0,False,subwp,123,05,4,4207584374,exito,,493.152,0,0,"[0.0, 18.55436735174792]"
495,goal_050,5,exito,15411,2345.98,05,subwp,123,1,E2.1,E2.1-R0,False,subwp,123,05,5,2379060448,exito,,493.152,0,0,"[0.0, -19.66295072087434]"
496,goal_050,6,exito,15411,2346.05,05,subwp,123,1,E2.1,E2.1-R0,False,subwp,123,05,6,348439898,exito,,493.152,0,0,"[0.0, 26.57869628452986]"
497,goal_050,7,exito,15411,2345.99,05,subwp,123,1,E2.1,E2.1-R0,False,subwp,123,05,7,1673786828,exito,,493.152,0,0,"[0.0, 29.36640493675106]"
498,goal_050,8,exito,15411,2345.94,05,subwp,123,1,E2.1,E2.1-R0,False,subwp,123,05,8,4085049437,exito,,493.152,0,0,"[0.0, -22.954128333931312]"
499,goal_050,9,exito,15411,2346.0,05,subwp,123,1,E2.1,E2.1-R0,False,subwp,123,05,9,2222708939,exito,,493.152,0,0,"[0.0, -19.986881029268172]"
500,goal_050,10,exito,15411,2346.03,05,subwp,123,1,E2.1,E2.1-R0,False,subwp,123,05,10,808465865,exito,,493.152,0,0,"[0.0, 27.908800022085057]"
501,goal_051,1,exito,13900,2154.31,05,subwp,123,1,E2.1,E2.1-R0,False,subwp,123,05,1,1036848147,exito,,444.8,0,0,"[0.0, 16.759181233263416]"
502,goal_051,2,exito,13900,2154.33,05,subwp,123,1,E2.1,E2.1-R0,False,subwp,123,05,2,2764332457,exito,,444.8,0,0,"[0.0, 15.419058434863768]"
503,goal_051,3,exito,13900,2154.31,05,subwp,123,1,E2.1,E2.1-R0,False,subwp,123,05,3,3552800063,exito,,444.8,0,0,"[0.0, 28.26992783113855]"
504,goal_051,4,col_return,8157,1112.4,05,subwp,123,1,E2.1,E2.1-R0,False,subwp,123,05,4,1302853788,col_return,return,261.024,0,0,"[0.0, 7.8462178436774055]"
505,goal_051,5,exito,13893,2154.02,05,subwp,123,1,E2.1,E2.1-R0,False,subwp,123,05,5,983615498,exito,,444.576,0,0,"[0.0, -24.185577975135445]"
506,goal_051,6,col_return,8393,1137.33,05,subwp,123,1,E2.1,E2.1-R0,False,subwp,123,05,6,2745801136,col_return,return,268.576,0,0,"[0.0, -11.533744183749759]"
507,goal_051,7,exito,13893,2154.0,05,subwp,123,1,E2.1,E2.1-R0,False,subwp,123,05,7,3568216358,exito,,444.576,0,0,"[0.0, -21.434936209466276]"
508,goal_051,8,col_return,8484,1157.01,05,subwp,123,1,E2.1,E2.1-R0,False,subwp,123,05,8,1142011063,col_return,return,271.488,0,0,"[0.0, 28.41524119886359]"
509,goal_051,9,exito,13893,2099.03,05,subwp,123,1,E2.1,E2.1-R0,False,subwp,123,05,9,857113633,exito,,444.576,0,0,"[0.0, 23.539297381353762]"
510,goal_051,10,col_return,8545,1163.78,05,subwp,123,1,E2.1,E2.1-R0,False,subwp,123,05,10,1884836851,col_return,return,273.44,0,0,"[0.0, 21.856283958410355]"
511,goal_052,1,exito,15149,2312.97,05,subwp,123,1,E2.1,E2.1-R0,False,subwp,123,05,1,1007642148,exito,,484.768,0,0,"[0.0, -5.8961250587314336]"
512,goal_052,2,exito,15153,2312.82,05,subwp,123,1,E2.1,E2.1-R0,False,subwp,123,05,2,2768648094,exito,,484.896,0,0,"[0.0, 0.8931385907307066]"
513,goal_052,3,exito,15154,2313.07,05,subwp,123,1,E2.1,E2.1-R0,False,subwp,123,05,3,3523282696,exito,,484.928,0,0,"[0.0, -3.3148343131196256]"
514,goal_052,4,exito,15154,2313.1,05,subwp,123,1,E2.1,E2.1-R0,False,subwp,123,05,4,1281725099,exito,,484.928,0,0,"[0.0, 16.716172298902336]"
515,goal_052,5,exito,15154,2313.1,05,subwp,123,1,E2.1,E2.1-R0,False,subwp,123,05,5,996319805,exito,,484.928,0,0,"[0.0, 14.611732459651634]"
516,goal_052,6,exito,15154,2313.11,05,subwp,123,1,E2.1,E2.1-R0,False,subwp,123,05,6,2724983687,exito,,484.928,0,0,"[0.0, 28.002301796553077]"
517,goal_052,7,exito,15153,2312.82,05,subwp,123,1,E2.1,E2.1-R0,False,subwp,123,05,7,3580674833,exito,,484.896,0,0,"[0.0, -22.22324195617429]"
518,goal_052,8,exito,15154,2313.06,05,subwp,123,1,E2.1,E2.1-R0,False,subwp,123,05,8,1171512960,exito,,484.928,0,0,"[0.0, -1.958307815359046]"
519,goal_052,9,exito,15154,2313.11,05,subwp,123,1,E2.1,E2.1-R0,False,subwp,123,05,9,852815382,exito,,484.928,0,0,"[0.0, 1.356558526435978]"
520,goal_052,10,exito,15154,2313.11,05,subwp,123,1,E2.1,E2.1-R0,False,subwp,123,05,10,3370398870,exito,,484.928,0,0,"[0.0, 19.539564826221913]"
521,goal_053,1,exito,13881,2150.53,05,subwp,123,1,E2.1,E2.1-R0,False,subwp,123,05,1,1045026941,exito,,444.192,0,0,"[0.0, 12.62518014391654]"
522,goal_053,2,exito,13880,2150.39,05,subwp,123,1,E2.1,E2.1-R0,False,subwp,123,05,2,2806024647,exito,,444.16,0,0,"[0.0, -28.4597646881051]"
523,goal_053,3,col_return,8375,1130.68,05,subwp,123,1,E2.1,E2.1-R0,False,subwp,123,05,3,3494361425,col_return,return,268.0,0,0,"[0.0, 24.222000646559902]"
524,goal_053,4,exito,13876,2145.86,05,subwp,123,1,E2.1,E2.1-R0,False,subwp,123,05,4,1310928114,exito,,444.032,0,0,"[0.0, -4.731398969963692]"
525,goal_053,5,col_return,8495,1153.57,05,subwp,123,1,E2.1,E2.1-R0,False,subwp,123,05,5,958667876,col_return,return,271.84,0,0,"[0.0, 12.306686653954726]"
526,goal_053,6,exito,13876,2058.5,05,subwp,123,1,E2.1,E2.1-R0,False,subwp,123,05,6,2687323614,exito,,444.032,0,0,"[0.0, 26.320928487235456]"
527,goal_053,7,col_return,8560,1159.89,05,subwp,123,1,E2.1,E2.1-R0,False,subwp,123,05,7,3609886024,col_return,return,273.92,0,0,"[0.0, 26.425497653494286]"
528,goal_053,8,col_return,8015,1091.67,05,subwp,123,1,E2.1,E2.1-R0,False,subwp,123,05,8,1200971993,col_return,return,256.48,0,0,"[0.0, 16.88960207558837]"
529,goal_053,9,exito,13876,2150.49,05,subwp,123,1,E2.1,E2.1-R0,False,subwp,123,05,9,814895183,exito,,444.032,0,0,"[0.0, -28.16005141612662]"
530,goal_053,10,col_return,8340,1121.23,05,subwp,123,1,E2.1,E2.1-R0,False,subwp,123,05,10,3662781304,col_return,return,266.88,0,0,"[0.0, 14.082231476967221]"
531,goal_054,1,exito,14892,2276.85,05,subwp,123,1,E2.1,E2.1-R0,False,subwp,123,05,1,1066119754,exito,,476.544,0,0,"[0.0, 14.033265650835023]"
532,goal_054,2,exito,14897,2276.7,05,subwp,123,1,E2.1,E2.1-R0,False,subwp,123,05,2,2793595888,exito,,476.704,0,0,"[0.0, 11.851751262921134]"
533,goal_054,3,exito,14897,2276.7,05,subwp,123,1,E2.1,E2.1-R0,False,subwp,123,05,3,3515208550,exito,,476.704,0,0,"[0.0, 27.491271594405582]"
534,goal_054,4,exito,14897,2276.71,05,subwp,123,1,E2.1,E2.1-R0,False,subwp,123,05,4,1340163781,exito,,476.704,0,0,"[0.0, 25.06695966767852]"
535,goal_054,5,exito,14895,2276.4,05,subwp,123,1,E2.1,E2.1-R0,False,subwp,123,05,5,954627667,exito,,476.64,0,0,"[0.0, 28.686748711918703]"
536,goal_054,6,exito,14896,2276.39,05,subwp,123,1,E2.1,E2.1-R0,False,subwp,123,05,6,2716805097,exito,,476.672,0,0,"[0.0, 26.60803047882766]"
537,goal_054,7,exito,14896,2276.51,05,subwp,123,1,E2.1,E2.1-R0,False,subwp,123,05,7,3605534591,exito,,476.672,0,0,"[0.0, -5.607660323575541]"
538,goal_054,8,exito,14896,2276.49,05,subwp,123,1,E2.1,E2.1-R0,False,subwp,123,05,8,1180109550,exito,,476.672,0,0,"[0.0, 12.569696320856544]"
539,goal_054,9,exito,14896,2276.39,05,subwp,123,1,E2.1,E2.1-R0,False,subwp,123,05,9,827341432,exito,,476.672,0,0,"[0.0, -14.889333428284202]"
540,goal_054,10,exito,14896,2276.49,05,subwp,123,1,E2.1,E2.1-R0,False,subwp,123,05,10,1659763741,exito,,476.672,0,0,"[0.0, 21.65667900623142]"
541,goal_055,1,col_return,8427,1132.33,05,subwp,123,1,E2.1,E2.1-R0,False,subwp,123,05,1,985965775,col_return,return,269.664,0,0,"[0.0, -9.260094407214952]"
542,goal_055,2,exito,13854,2116.11,05,subwp,123,1,E2.1,E2.1-R0,False,subwp,123,05,2,2748183925,exito,,443.328,0,0,"[0.0, -19.73532699012211]"
543,goal_055,3,col_return,8522,1157.58,05,subwp,123,1,E2.1,E2.1-R0,False,subwp,123,05,3,3570058723,col_return,return,272.704,0,0,"[0.0, 6.70131698564616]"
544,goal_055,4,col_return,7998,1091.01,05,subwp,123,1,E2.1,E2.1-R0,False,subwp,123,05,4,1252937792,col_return,return,255.936,0,0,"[0.0, 26.46920194222829]"
545,goal_055,5,exito,13854,2148.39,05,subwp,123,1,E2.1,E2.1-R0,False,subwp,123,05,5,1034510550,exito,,443.328,0,0,"[0.0, -8.066728333601475]"
546,goal_055,6,col_return,8342,1124.29,05,subwp,123,1,E2.1,E2.1-R0,False,subwp,123,05,6,2761961836,col_return,return,266.944,0,0,"[0.0, 15.914616772329621]"
547,goal_055,7,exito,13854,2142.9,05,subwp,123,1,E2.1,E2.1-R0,False,subwp,123,05,7,3550937594,exito,,443.328,0,0,"[0.0, -26.354907273975936]"
548,goal_055,8,col_return,8495,1146.71,05,subwp,123,1,E2.1,E2.1-R0,False,subwp,123,05,8,1125653611,col_return,return,271.84,0,0,"[0.0, -15.248768469299755]"
549,goal_055,9,exito,13863,1985.41,05,subwp,123,1,E2.1,E2.1-R0,False,subwp,123,05,9,874458365,exito,,443.616,0,0,"[0.0, 1.5784192354384508]"
550,goal_055,10,col_return,8569,1155.85,05,subwp,123,1,E2.1,E2.1-R0,False,subwp,123,05,10,4282041508,col_return,return,274.208,0,0,"[0.0, 11.643214632245654]"
551,goal_056,1,exito,14681,2248.06,05,subwp,123,1,E2.1,E2.1-R0,False,subwp,123,05,1,990301944,exito,,469.792,0,0,"[0.0, -7.366656227044352]"
552,goal_056,2,exito,14686,2248.17,05,subwp,123,1,E2.1,E2.1-R0,False,subwp,123,05,2,2718932802,exito,,469.952,0,0,"[0.0, -25.20029569259655]"
553,goal_056,3,exito,14686,2240.47,05,subwp,123,1,E2.1,E2.1-R0,False,subwp,123,05,3,3574116308,exito,,469.952,0,0,"[0.0, -8.64357136406375]"
554,goal_056,4,col_return,8903,1195.74,05,subwp,123,1,E2.1,E2.1-R0,False,subwp,123,05,4,1265384055,col_return,return,284.896,0,0,"[0.0, 19.148516184472474]"
555,goal_056,5,exito,14679,2247.89,05,subwp,123,1,E2.1,E2.1-R0,False,subwp,123,05,5,1013648097,exito,,469.728,0,0,"[0.0, 6.519153010139894]"
556,goal_056,6,exito,14685,2247.98,05,subwp,123,1,E2.1,E2.1-R0,False,subwp,123,05,6,2774686555,exito,,469.92,0,0,"[0.0, 26.09415140379513]"
557,goal_056,7,exito,14685,2248.01,05,subwp,123,1,E2.1,E2.1-R0,False,subwp,123,05,7,3529862093,exito,,469.92,0,0,"[0.0, 15.729353161906971]"
558,goal_056,8,exito,14685,2247.98,05,subwp,123,1,E2.1,E2.1-R0,False,subwp,123,05,8,1121613404,exito,,469.92,0,0,"[0.0, -16.754047814906173]"
559,goal_056,9,col_return,8859,1174.6,05,subwp,123,1,E2.1,E2.1-R0,False,subwp,123,05,9,903694026,col_return,return,283.488,0,0,"[0.0, 22.60419129228987]"
560,goal_056,10,exito,14681,2248.07,05,subwp,123,1,E2.1,E2.1-R0,False,subwp,123,05,10,1200006081,exito,,469.792,0,0,"[0.0, 9.09610732438044]"
561,goal_057,1,exito,13860,2147.99,05,subwp,123,1,E2.1,E2.1-R0,False,subwp,123,05,1,960524449,exito,,443.52,0,0,"[0.0, 13.85725827689615]"
562,goal_057,2,col_return,8469,1152.01,05,subwp,123,1,E2.1,E2.1-R0,False,subwp,123,05,2,2689147163,col_return,return,271.008,0,0,"[0.0, -18.71768544847768]"
563,goal_057,3,exito,13860,1999.47,05,subwp,123,1,E2.1,E2.1-R0,False,subwp,123,05,3,3612217741,exito,,443.52,0,0,"[0.0, 10.16679545589252]"
564,goal_057,4,col_return,8554,1162.38,05,subwp,123,1,E2.1,E2.1-R0,False,subwp,123,05,4,1227523118,col_return,return,273.728,0,0,"[0.0, -9.986155893882202]"
565,goal_057,5,col_return,8013,1093.36,05,subwp,123,1,E2.1,E2.1-R0,False,subwp,123,05,5,1043182776,col_return,return,256.416,0,0,"[0.0, -16.306718875734948]"
566,goal_057,6,exito,13855,2147.73,05,subwp,123,1,E2.1,E2.1-R0,False,subwp,123,05,6,2804212994,exito,,443.36,0,0,"[0.0, -13.607981393755628]"
567,goal_057,7,col_return,8353,1124.66,05,subwp,123,1,E2.1,E2.1-R0,False,subwp,123,05,7,3492009364,col_return,return,267.296,0,0,"[0.0, 1.4629044269368685]"
568,goal_057,8,exito,13855,2141.85,05,subwp,123,1,E2.1,E2.1-R0,False,subwp,123,05,8,1084016645,exito,,443.36,0,0,"[0.0, -18.086920035754662]"
569,goal_057,9,col_return,8492,1153.27,05,subwp,123,1,E2.1,E2.1-R0,False,subwp,123,05,9,932968595,col_return,return,271.744,0,0,"[0.0, -14.149213289751707]"
570,goal_057,10,exito,13867,1972.7,05,subwp,123,1,E2.1,E2.1-R0,False,subwp,123,05,10,1429408815,exito,,443.744,0,0,"[0.0, 26.126745365156143]"
571,goal_058,1,col_return,8833,1188.34,05,subwp,123,1,E2.1,E2.1-R0,False,subwp,123,05,1,948050582,col_return,return,282.656,0,0,"[0.0, 8.19364281866784]"
572,goal_058,2,exito,14429,2211.9,05,subwp,123,1,E2.1,E2.1-R0,False,subwp,123,05,2,2710260524,exito,,461.728,0,0,"[0.0, -12.802336357257463]"
573,goal_058,3,exito,14434,2212.0,05,subwp,123,1,E2.1,E2.1-R0,False,subwp,123,05,3,3599530938,exito,,461.888,0,0,"[0.0, 12.939491669697622]"
574,goal_058,4,col_return,8741,1171.81,05,subwp,123,1,E2.1,E2.1-R0,False,subwp,123,05,4,1223224857,col_return,return,279.712,0,0,"[0.0, -26.477508384074937]"
575,goal_058,5,exito,14427,2211.8,05,subwp,123,1,E2.1,E2.1-R0,False,subwp,123,05,5,1072684687,exito,,461.664,0,0,"[0.0, 8.482680065776705]"
576,goal_058,6,exito,14434,2211.99,05,subwp,123,1,E2.1,E2.1-R0,False,subwp,123,05,6,2800127797,exito,,461.888,0,0,"[0.0, -23.2400121771324]"
577,goal_058,7,col_return,8689,1167.16,05,subwp,123,1,E2.1,E2.1-R0,False,subwp,123,05,7,3521232803,col_return,return,278.048,0,0,"[0.0, 8.874612793103097]"
578,goal_058,8,exito,14429,2211.9,05,subwp,123,1,E2.1,E2.1-R0,False,subwp,123,05,8,1096720946,exito,,461.728,0,0,"[0.0, 2.4995419554160825]"
579,goal_058,9,exito,14432,2211.91,05,subwp,123,1,E2.1,E2.1-R0,False,subwp,123,05,9,911839908,exito,,461.824,0,0,"[0.0, -13.165805204461357]"
580,goal_058,10,col_return,8660,1163.12,05,subwp,123,1,E2.1,E2.1-R0,False,subwp,123,05,10,3985599306,col_return,return,277.12,0,0,"[0.0, 7.587308918781472]"
581,goal_059,1,exito,13849,2148.18,05,subwp,123,1,E2.1,E2.1-R0,False,subwp,123,05,1,870210987,exito,,443.168,0,0,"[0.0, -24.213137576118623]"
582,goal_059,2,col_return,8381,1132.0,05,subwp,123,1,E2.1,E2.1-R0,False,subwp,123,05,2,2866220049,col_return,return,268.192,0,0,"[0.0, 9.985290136504428]"
583,goal_059,3,exito,13848,2132.56,05,subwp,123,1,E2.1,E2.1-R0,False,subwp,123,05,3,3721411719,exito,,443.136,0,0,"[0.0, 14.095951509566644]"
584,goal_059,4,col_return,8503,1155.2,05,subwp,123,1,E2.1,E2.1-R0,False,subwp,123,05,4,1135913252,col_return,return,272.096,0,0,"[0.0, -14.556810101285382]"
585,goal_059,5,col_return,7994,1088.92,05,subwp,123,1,E2.1,E2.1-R0,False,subwp,123,05,5,884185522,col_return,return,255.808,0,0,"[0.0, -5.649967299168455]"
586,goal_059,6,exito,13849,2148.17,05,subwp,123,1,E2.1,E2.1-R0,False,subwp,123,05,6,2914699272,exito,,443.168,0,0,"[0.0, 4.984518516195551]"
587,goal_059,7,col_return,8323,1132.2,05,subwp,123,1,E2.1,E2.1-R0,False,subwp,123,05,7,3669883038,col_return,return,266.336,0,0,"[0.0, -4.733797066586205]"
588,goal_059,8,exito,13849,2139.34,05,subwp,123,1,E2.1,E2.1-R0,False,subwp,123,05,8,1241703695,exito,,443.168,0,0,"[0.0, -0.9256761842772088]"
589,goal_059,9,col_return,8484,1159.21,05,subwp,123,1,E2.1,E2.1-R0,False,subwp,123,05,9,1023792537,col_return,return,271.488,0,0,"[0.0, 12.655215058114083]"
590,goal_059,10,col_return,8022,1076.11,05,subwp,123,1,E2.1,E2.1-R0,False,subwp,123,05,10,3052174108,col_return,return,256.704,0,0,"[0.0, 1.8736757243685664]"
591,goal_060,1,exito,14208,2182.73,05,subwp,123,1,E2.1,E2.1-R0,False,subwp,123,05,1,840710044,exito,,454.656,0,0,"[0.0, 5.5644239799373985]"
592,goal_060,2,exito,14213,2138.1,05,subwp,123,1,E2.1,E2.1-R0,False,subwp,123,05,2,2870306342,exito,,454.816,0,0,"[0.0, 2.783490185023585]"
593,goal_060,3,col_return,8714,1165.17,05,subwp,123,1,E2.1,E2.1-R0,False,subwp,123,05,3,3692189360,col_return,return,278.848,0,0,"[0.0, -16.65011194108565]"
594,goal_060,4,exito,14208,2182.78,05,subwp,123,1,E2.1,E2.1-R0,False,subwp,123,05,4,1115079443,exito,,454.656,0,0,"[0.0, 18.156316682455916]"
595,goal_060,5,col_return,8489,1138.94,05,subwp,123,1,E2.1,E2.1-R0,False,subwp,123,05,5,896660357,col_return,return,271.648,0,0,"[0.0, -4.554035041279443]"
596,goal_060,6,exito,14208,2182.72,05,subwp,123,1,E2.1,E2.1-R0,False,subwp,123,05,6,2893587007,exito,,454.656,0,0,"[0.0, -14.813490556721984]"
597,goal_060,7,col_return,8391,1124.52,05,subwp,123,1,E2.1,E2.1-R0,False,subwp,123,05,7,3682570921,col_return,return,268.512,0,0,"[0.0, -14.106821877566096]"
598,goal_060,8,exito,14208,2182.74,05,subwp,123,1,E2.1,E2.1-R0,False,subwp,123,05,8,1270910776,exito,,454.656,0,0,"[0.0, -24.45585272986805]"
599,goal_060,9,exito,14224,2012.24,05,subwp,123,1,E2.1,E2.1-R0,False,subwp,123,05,9,1019723694,exito,,455.168,0,0,"[0.0, -10.28194310630224]"
600,goal_060,10,col_return,8743,1166.19,05,subwp,123,1,E2.1,E2.1-R0,False,subwp,123,05,10,223353977,col_return,return,279.776,0,0,"[0.0, 15.30186644464013]"
601,goal_061,1,exito,15223,2320.79,05,subwp,123,1,E2.1,E2.1-R0,False,subwp,123,05,1,796435453,exito,,487.136,0,0,"[0.0, -28.860052407407846]"
602,goal_061,2,exito,15225,2321.01,05,subwp,123,1,E2.1,E2.1-R0,False,subwp,123,05,2,3060920903,exito,,487.2,0,0,"[0.0, 17.587025011891512]"
603,goal_061,3,exito,15225,2321.02,05,subwp,123,1,E2.1,E2.1-R0,False,subwp,123,05,3,3245785809,exito,,487.2,0,0,"[0.0, -17.044894681143457]"
604,goal_061,4,exito,15225,2320.99,05,subwp,123,1,E2.1,E2.1-R0,False,subwp,123,05,4,1595037554,exito,,487.2,0,0,"[0.0, -16.676189509355684]"
605,goal_061,5,exito,15225,2320.96,05,subwp,123,1,E2.1,E2.1-R0,False,subwp,123,05,5,672491492,exito,,487.2,0,0,"[0.0, -25.32038327423955]"
606,goal_061,6,exito,15225,2321.03,05,subwp,123,1,E2.1,E2.1-R0,False,subwp,123,05,6,2971416158,exito,,487.2,0,0,"[0.0, -14.02600150842452]"
607,goal_061,7,exito,15225,2321.02,05,subwp,123,1,E2.1,E2.1-R0,False,subwp,123,05,7,3323659976,exito,,487.2,0,0,"[0.0, 11.676538611951912]"
608,goal_061,8,exito,15225,2320.97,05,subwp,123,1,E2.1,E2.1-R0,False,subwp,123,05,8,1453595481,exito,,487.2,0,0,"[0.0, -24.68754313525708]"
609,goal_061,9,exito,15225,2321.01,05,subwp,123,1,E2.1,E2.1-R0,False,subwp,123,05,9,564341711,exito,,487.2,0,0,"[0.0, -8.547755195674107]"
610,goal_061,10,exito,15225,2321.01,05,subwp,123,1,E2.1,E2.1-R0,False,subwp,123,05,10,939010339,exito,,487.2,0,0,"[0.0, -3.6316031925235626]"
611,goal_062,1,exito,15068,2307.96,05,subwp,123,1,E2.1,E2.1-R0,False,subwp,123,05,1,783993290,exito,,482.176,0,0,"[0.0, 6.497881709313617]"
612,goal_062,2,exito,15068,2307.94,05,subwp,123,1,E2.1,E2.1-R0,False,subwp,123,05,2,3082000496,exito,,482.176,0,0,"[0.0, -7.764617541382288]"
613,goal_062,3,exito,15068,2307.93,05,subwp,123,1,E2.1,E2.1-R0,False,subwp,123,05,3,3233065190,exito,,482.176,0,0,"[0.0, -16.21939235778067]"
614,goal_062,4,exito,15068,2307.95,05,subwp,123,1,E2.1,E2.1-R0,False,subwp,123,05,4,1590705477,exito,,482.176,0,0,"[0.0, 7.015605678224748]"
615,goal_062,5,exito,15068,2307.93,05,subwp,123,1,E2.1,E2.1-R0,False,subwp,123,05,5,701959635,exito,,482.176,0,0,"[0.0, -25.309632570155014]"
616,goal_062,6,exito,15068,2307.94,05,subwp,123,1,E2.1,E2.1-R0,False,subwp,123,05,6,2967362665,exito,,482.176,0,0,"[0.0, 17.447974569610388]"
617,goal_062,7,exito,15068,2307.93,05,subwp,123,1,E2.1,E2.1-R0,False,subwp,123,05,7,3352915199,exito,,482.176,0,0,"[0.0, 11.678465868120773]"
618,goal_062,8,exito,15068,2307.94,05,subwp,123,1,E2.1,E2.1-R0,False,subwp,123,05,8,1466331502,exito,,482.176,0,0,"[0.0, 8.95089884738084]"
619,goal_062,9,exito,15068,2307.95,05,subwp,123,1,E2.1,E2.1-R0,False,subwp,123,05,9,543244792,exito,,482.176,0,0,"[0.0, 5.832271287111759]"
620,goal_062,10,exito,15068,2307.93,05,subwp,123,1,E2.1,E2.1-R0,False,subwp,123,05,10,2403618374,exito,,482.176,0,0,"[0.0, -29.480660749250458]"
621,goal_063,1,exito,15447,2347.25,05,subwp,123,1,E2.1,E2.1-R0,False,subwp,123,05,1,754743187,exito,,494.304,0,0,"[0.0, -12.99757143786758]"
622,goal_063,2,exito,15448,2347.24,05,subwp,123,1,E2.1,E2.1-R0,False,subwp,123,05,2,3052742185,exito,,494.336,0,0,"[0.0, 9.87565115619704]"
623,goal_063,3,exito,15446,2327.71,05,subwp,123,1,E2.1,E2.1-R0,False,subwp,123,05,3,3270645439,exito,,494.272,0,0,"[0.0, 8.385583867624524]"
624,goal_063,4,col_return,10331,1387.91,05,subwp,123,1,E2.1,E2.1-R0,False,subwp,123,05,4,1553367836,col_return,return,330.592,0,0,"[0.0, -21.40616404287246]"
625,goal_063,5,exito,15446,2347.1,05,subwp,123,1,E2.1,E2.1-R0,False,subwp,123,05,5,730968970,exito,,494.272,0,0,"[0.0, 23.34251206959213]"
626,goal_063,6,exito,15446,2347.26,05,subwp,123,1,E2.1,E2.1-R0,False,subwp,123,05,6,2996363824,exito,,494.272,0,0,"[0.0, -22.66349499383637]"
627,goal_063,7,exito,15446,2347.26,05,subwp,123,1,E2.1,E2.1-R0,False,subwp,123,05,7,3315585702,exito,,494.272,0,0,"[0.0, 2.1474948229467272]"
628,goal_063,8,exito,15446,2347.26,05,subwp,123,1,E2.1,E2.1-R0,False,subwp,123,05,8,1428213559,exito,,494.272,0,0,"[0.0, 6.134743641066988]"
629,goal_063,9,exito,15446,2347.26,05,subwp,123,1,E2.1,E2.1-R0,False,subwp,123,05,9,573046689,exito,,494.272,0,0,"[0.0, -4.837293872514923]"
630,goal_063,10,exito,15446,2347.25,05,subwp,123,1,E2.1,E2.1-R0,False,subwp,123,05,10,2649874856,exito,,494.272,0,0,"[0.0, 10.182966531948214]"
631,goal_064,1,exito,15209,2322.62,05,subwp,123,1,E2.1,E2.1-R0,False,subwp,123,05,1,759045540,exito,,486.688,0,0,"[0.0, -4.49155547673193]"
632,goal_064,2,exito,15207,2322.3,05,subwp,123,1,E2.1,E2.1-R0,False,subwp,123,05,2,3023522846,exito,,486.624,0,0,"[0.0, 2.8994304311091157]"
633,goal_064,3,exito,15207,2322.31,05,subwp,123,1,E2.1,E2.1-R0,False,subwp,123,05,3,3274734728,exito,,486.624,0,0,"[0.0, -26.658432434494994]"
634,goal_064,4,exito,15207,2322.32,05,subwp,123,1,E2.1,E2.1-R0,False,subwp,123,05,4,1565845803,exito,,486.624,0,0,"[0.0, -5.432699048167667]"
635,goal_064,5,exito,15207,2322.32,05,subwp,123,1,E2.1,E2.1-R0,False,subwp,123,05,5,710138301,exito,,486.624,0,0,"[0.0, -23.14557157872664]"
636,goal_064,6,exito,15207,2322.31,05,subwp,123,1,E2.1,E2.1-R0,False,subwp,123,05,6,3009054727,exito,,486.624,0,0,"[0.0, 15.297048750942583]"
637,goal_064,7,exito,15207,2322.3,05,subwp,123,1,E2.1,E2.1-R0,False,subwp,123,05,7,3294476433,exito,,486.624,0,0,"[0.0, 17.771914534166882]"
638,goal_064,8,exito,15207,2320.88,05,subwp,123,1,E2.1,E2.1-R0,False,subwp,123,05,8,1424139520,exito,,486.624,0,0,"[0.0, 20.692999095359657]"
639,goal_064,9,exito,15207,2313.66,05,subwp,123,1,E2.1,E2.1-R0,False,subwp,123,05,9,602248598,exito,,486.624,0,0,"[0.0, 13.508899396489495]"
640,goal_064,10,exito,15207,2289.76,05,subwp,123,1,E2.1,E2.1-R0,False,subwp,123,05,10,625837773,exito,,486.624,0,0,"[0.0, 18.50799778280164]"
641,goal_065,1,col_return,10412,1392.02,05,subwp,123,1,E2.1,E2.1-R0,False,subwp,123,05,1,678497057,col_return,return,333.184,0,0,"[0.0, 28.595926467238662]"
642,goal_065,2,exito,15681,2376.99,05,subwp,123,1,E2.1,E2.1-R0,False,subwp,123,05,2,2977454747,exito,,501.792,0,0,"[0.0, -24.814011047905794]"
643,goal_065,3,exito,15683,2377.27,05,subwp,123,1,E2.1,E2.1-R0,False,subwp,123,05,3,3330238989,exito,,501.856,0,0,"[0.0, -8.173811201918964]"
644,goal_065,4,exito,15683,2377.26,05,subwp,123,1,E2.1,E2.1-R0,False,subwp,123,05,4,1478229934,exito,,501.856,0,0,"[0.0, -27.206950374846834]"
645,goal_065,5,exito,15683,2377.28,05,subwp,123,1,E2.1,E2.1-R0,False,subwp,123,05,5,790417208,exito,,501.856,0,0,"[0.0, 28.03123490645234]"
646,goal_065,6,exito,15683,2377.28,05,subwp,123,1,E2.1,E2.1-R0,False,subwp,123,05,6,3054870146,exito,,501.856,0,0,"[0.0, -6.797796080123493]"
647,goal_065,7,exito,15683,2376.62,05,subwp,123,1,E2.1,E2.1-R0,False,subwp,123,05,7,3239226900,exito,,501.856,0,0,"[0.0, 22.783576320074825]"
648,goal_065,8,col_return,10644,1427.8,05,subwp,123,1,E2.1,E2.1-R0,False,subwp,123,05,8,1370338181,col_return,return,340.608,0,0,"[0.0, 21.2083712412293]"
649,goal_065,9,exito,15681,2377.25,05,subwp,123,1,E2.1,E2.1-R0,False,subwp,123,05,9,648708883,exito,,501.792,0,0,"[0.0, -8.88588933137617]"
650,goal_065,10,exito,15683,2377.29,05,subwp,123,1,E2.1,E2.1-R0,False,subwp,123,05,10,3097149044,exito,,501.856,0,0,"[0.0, -25.933538909368274]"
651,goal_066,1,exito,15445,2348.54,05,subwp,123,1,E2.1,E2.1-R0,False,subwp,123,05,1,699621654,exito,,494.24,0,0,"[0.0, 9.86311691246774]"
652,goal_066,2,exito,15445,2348.51,05,subwp,123,1,E2.1,E2.1-R0,False,subwp,123,05,2,2964992172,exito,,494.24,0,0,"[0.0, -0.5784291115165363]"
653,goal_066,3,exito,15445,2348.53,05,subwp,123,1,E2.1,E2.1-R0,False,subwp,123,05,3,3351052346,exito,,494.24,0,0,"[0.0, 12.77341725302886]"
654,goal_066,4,exito,15445,2348.55,05,subwp,123,1,E2.1,E2.1-R0,False,subwp,123,05,4,1507431833,exito,,494.24,0,0,"[0.0, 18.4482966687421]"
655,goal_066,5,exito,15445,2348.52,05,subwp,123,1,E2.1,E2.1-R0,False,subwp,123,05,5,786343183,exito,,494.24,0,0,"[0.0, 28.030137364744743]"
656,goal_066,6,exito,15445,2348.5,05,subwp,123,1,E2.1,E2.1-R0,False,subwp,123,05,6,3084383413,exito,,494.24,0,0,"[0.0, -16.341389309048264]"
657,goal_066,7,exito,15445,2345.91,05,subwp,123,1,E2.1,E2.1-R0,False,subwp,123,05,7,3234907171,exito,,494.24,0,0,"[0.0, 20.54330662118298]"
658,goal_066,8,col_return,10459,1404.1,05,subwp,123,1,E2.1,E2.1-R0,False,subwp,123,05,8,1349507506,col_return,return,334.688,0,0,"[0.0, -19.64555008501755]"
659,goal_066,9,exito,15443,2348.23,05,subwp,123,1,E2.1,E2.1-R0,False,subwp,123,05,9,661186852,exito,,494.176,0,0,"[0.0, -3.612736052061889]"
660,goal_066,10,exito,15445,2348.46,05,subwp,123,1,E2.1,E2.1-R0,False,subwp,123,05,10,2545937,exito,,494.24,0,0,"[0.0, 21.271645317169728]"
661,goal_067,1,exito,15939,2412.89,05,subwp,123,1,E2.1,E2.1-R0,False,subwp,123,05,1,737533775,exito,,510.048,0,0,"[0.0, 13.73917777967977]"
662,goal_067,2,exito,15939,2412.92,05,subwp,123,1,E2.1,E2.1-R0,False,subwp,123,05,2,3002896117,exito,,510.048,0,0,"[0.0, -28.036474452046733]"
663,goal_067,3,exito,15939,2412.91,05,subwp,123,1,E2.1,E2.1-R0,False,subwp,123,05,3,3321609827,exito,,510.048,0,0,"[0.0, -29.127903741668216]"
664,goal_067,4,exito,15939,2406.31,05,subwp,123,1,E2.1,E2.1-R0,False,subwp,123,05,4,1537158080,exito,,510.048,0,0,"[0.0, 15.953029683118425]"
665,goal_067,5,col_return,10653,1426.69,05,subwp,123,1,E2.1,E2.1-R0,False,subwp,123,05,5,748165974,col_return,return,340.896,0,0,"[0.0, 14.327066867889492]"
666,goal_067,6,exito,15939,2412.72,05,subwp,123,1,E2.1,E2.1-R0,False,subwp,123,05,6,3046197996,exito,,510.048,0,0,"[0.0, 15.151886373640576]"
667,goal_067,7,exito,15939,2412.91,05,subwp,123,1,E2.1,E2.1-R0,False,subwp,123,05,7,3264641658,exito,,510.048,0,0,"[0.0, -24.556042124474317]"
668,goal_067,8,exito,15939,2412.9,05,subwp,123,1,E2.1,E2.1-R0,False,subwp,123,05,8,1378445291,exito,,510.048,0,0,"[0.0, -28.833818267229937]"
669,goal_067,9,exito,15939,2412.93,05,subwp,123,1,E2.1,E2.1-R0,False,subwp,123,05,9,623794045,exito,,510.048,0,0,"[0.0, -12.39744386577103]"
670,goal_067,10,col_return,10955,1461.68,05,subwp,123,1,E2.1,E2.1-R0,False,subwp,123,05,10,311654143,col_return,return,350.56,0,0,"[0.0, -13.424806858428177]"
671,goal_068,1,exito,15694,2382.6,05,subwp,123,1,E2.1,E2.1-R0,False,subwp,123,05,1,708294008,exito,,502.208,0,0,"[0.0, 15.216584990743415]"
672,goal_068,2,exito,15696,2382.89,05,subwp,123,1,E2.1,E2.1-R0,False,subwp,123,05,2,3007243458,exito,,502.272,0,0,"[0.0, -12.297158700497675]"
673,goal_068,3,exito,15696,2382.89,05,subwp,123,1,E2.1,E2.1-R0,False,subwp,123,05,3,3292124244,exito,,502.272,0,0,"[0.0, 0.846534892521249]"
674,goal_068,4,exito,15696,2382.89,05,subwp,123,1,E2.1,E2.1-R0,False,subwp,123,05,4,1516061175,exito,,502.272,0,0,"[0.0, -24.045964256261605]"
675,goal_068,5,exito,15696,2382.91,05,subwp,123,1,E2.1,E2.1-R0,False,subwp,123,05,5,760901985,exito,,502.272,0,0,"[0.0, -19.542886845676136]"
676,goal_068,6,exito,15696,2382.9,05,subwp,123,1,E2.1,E2.1-R0,False,subwp,123,05,6,3025346779,exito,,502.272,0,0,"[0.0, -3.441827429818962]"
677,goal_068,7,exito,15697,2349.63,05,subwp,123,1,E2.1,E2.1-R0,False,subwp,123,05,7,3277066317,exito,,502.304,0,0,"[0.0, 14.043341896239692]"
678,goal_068,8,col_return,10402,1401.79,05,subwp,123,1,E2.1,E2.1-R0,False,subwp,123,05,8,1407913436,col_return,return,332.864,0,0,"[0.0, -11.380023528622662]"
679,goal_068,9,exito,15694,2382.67,05,subwp,123,1,E2.1,E2.1-R0,False,subwp,123,05,9,619461962,exito,,502.208,0,0,"[0.0, -27.436145242146612]"
680,goal_068,10,exito,15696,2382.88,05,subwp,123,1,E2.1,E2.1-R0,False,subwp,123,05,10,2855211418,exito,,502.272,0,0,"[0.0, -8.523646202257972]"
681,goal_069,1,exito,16154,2442.09,05,subwp,123,1,E2.1,E2.1-R0,False,subwp,123,05,1,560722501,exito,,516.928,0,0,"[0.0, 2.0537297568458324]"
682,goal_069,2,exito,16154,2442.1,05,subwp,123,1,E2.1,E2.1-R0,False,subwp,123,05,2,3093472255,exito,,516.928,0,0,"[0.0, -18.456665859399497]"
683,goal_069,3,col_return,11081,1487.04,05,subwp,123,1,E2.1,E2.1-R0,False,subwp,123,05,3,3479540585,col_return,return,354.592,0,0,"[0.0, 25.928382600584076]"
684,goal_069,4,exito,16152,2441.89,05,subwp,123,1,E2.1,E2.1-R0,False,subwp,123,05,4,1359021770,exito,,516.864,0,0,"[0.0, 17.900793008288282]"
685,goal_069,5,exito,16154,2442.09,05,subwp,123,1,E2.1,E2.1-R0,False,subwp,123,05,5,637941340,exito,,516.928,0,0,"[0.0, -21.35643328480187]"
686,goal_069,6,exito,16154,2442.1,05,subwp,123,1,E2.1,E2.1-R0,False,subwp,123,05,6,3205457894,exito,,516.928,0,0,"[0.0, 19.53438350482008]"
687,goal_069,7,exito,16154,2432.02,05,subwp,123,1,E2.1,E2.1-R0,False,subwp,123,05,7,3355989872,exito,,516.928,0,0,"[0.0, 9.25351796135486]"
688,goal_069,8,col_return,10732,1439.34,05,subwp,123,1,E2.1,E2.1-R0,False,subwp,123,05,8,1488407265,col_return,return,343.424,0,0,"[0.0, 27.390558986963832]"
689,goal_069,9,exito,16152,2441.89,05,subwp,123,1,E2.1,E2.1-R0,False,subwp,123,05,9,800094839,exito,,516.864,0,0,"[0.0, -11.418289659266648]"
690,goal_069,10,exito,16154,2442.12,05,subwp,123,1,E2.1,E2.1-R0,False,subwp,123,05,10,4065067468,exito,,516.928,0,0,"[0.0, -7.756549543304714]"
691,goal_070,1,exito,15905,2412.27,05,subwp,123,1,E2.1,E2.1-R0,False,subwp,123,05,1,547985522,exito,,508.96,0,0,"[0.0, -8.3620561466103]"
692,goal_070,2,exito,15905,2409.24,05,subwp,123,1,E2.1,E2.1-R0,False,subwp,123,05,2,3114322376,exito,,508.96,0,0,"[0.0, 25.867598098523064]"
693,goal_070,3,col_return,10681,1437.43,05,subwp,123,1,E2.1,E2.1-R0,False,subwp,123,05,3,3467114846,col_return,return,341.792,0,0,"[0.0, -17.674563878881326]"
694,goal_070,4,exito,15902,2411.84,05,subwp,123,1,E2.1,E2.1-R0,False,subwp,123,05,4,1354984701,exito,,508.864,0,0,"[0.0, 3.286214076129834]"
695,goal_070,5,exito,15905,2412.23,05,subwp,123,1,E2.1,E2.1-R0,False,subwp,123,05,5,667180139,exito,,508.96,0,0,"[0.0, -29.93741003072977]"
696,goal_070,6,exito,15905,2412.25,05,subwp,123,1,E2.1,E2.1-R0,False,subwp,123,05,6,3201109457,exito,,508.96,0,0,"[0.0, 27.323808891857936]"
697,goal_070,7,exito,15905,2412.25,05,subwp,123,1,E2.1,E2.1-R0,False,subwp,123,05,7,3385474375,exito,,508.96,0,0,"[0.0, 1.3274138105668731]"
698,goal_070,8,exito,15905,2396.45,05,subwp,123,1,E2.1,E2.1-R0,False,subwp,123,05,8,1500848342,exito,,508.96,0,0,"[0.0, 7.717233695038237]"
699,goal_070,9,col_return,10575,1421.8,05,subwp,123,1,E2.1,E2.1-R0,False,subwp,123,05,9,779227200,col_return,return,338.4,0,0,"[0.0, -8.805109066376154]"
700,goal_070,10,exito,15902,2411.87,05,subwp,123,1,E2.1,E2.1-R0,False,subwp,123,05,10,1257268905,exito,,508.864,0,0,"[0.0, -23.264586282429395]"
701,goal_071,1,exito,16405,2477.51,05,subwp,123,1,E2.1,E2.1-R0,False,subwp,123,05,1,2546255000,exito,,524.96,0,0,"[0.0, 2.539628722231997]"
702,goal_071,2,exito,16404,2477.53,05,subwp,123,1,E2.1,E2.1-R0,False,subwp,123,05,2,248354082,exito,,524.928,0,0,"[0.0, 10.232254986260799]"
703,goal_071,3,col_return,11192,1496.22,05,subwp,123,1,E2.1,E2.1-R0,False,subwp,123,05,3,2043323828,col_return,return,358.144,0,0,"[0.0, -23.272416902633232]"
704,goal_071,4,exito,16403,2477.28,05,subwp,123,1,E2.1,E2.1-R0,False,subwp,123,05,4,3886952471,exito,,524.896,0,0,"[0.0, -3.0560068801083995]"
705,goal_071,5,exito,16404,2477.54,05,subwp,123,1,E2.1,E2.1-R0,False,subwp,123,05,5,2426994817,exito,,524.928,0,0,"[0.0, 2.136074244302544]"
706,goal_071,6,exito,16404,2476.3,05,subwp,123,1,E2.1,E2.1-R0,False,subwp,123,05,6,161501499,exito,,524.928,0,0,"[0.0, 13.508084379379921]"
707,goal_071,7,col_return,10975,1474.06,05,subwp,123,1,E2.1,E2.1-R0,False,subwp,123,05,7,2124898733,col_return,return,351.2,0,0,"[0.0, -10.378840952168078]"
708,goal_071,8,exito,16401,2477.13,05,subwp,123,1,E2.1,E2.1-R0,False,subwp,123,05,8,3994582076,exito,,524.832,0,0,"[0.0, 15.73779823169307]"
709,goal_071,9,exito,16404,2477.52,05,subwp,123,1,E2.1,E2.1-R0,False,subwp,123,05,9,2568965290,exito,,524.928,0,0,"[0.0, 9.582265660972297]"
710,goal_071,10,exito,16404,2470.93,05,subwp,123,1,E2.1,E2.1-R0,False,subwp,123,05,10,177733779,exito,,524.928,0,0,"[0.0, 13.71793619891923]"
711,goal_072,1,col_return,10762,1447.13,05,subwp,123,1,E2.1,E2.1-R0,False,subwp,123,05,1,2517020335,col_return,return,344.384,0,0,"[0.0, -10.847595035395221]"
712,goal_072,2,exito,16161,2445.18,05,subwp,123,1,E2.1,E2.1-R0,False,subwp,123,05,2,252706581,exito,,517.152,0,0,"[0.0, 6.121470742334012]"
713,goal_072,3,exito,16163,2445.42,05,subwp,123,1,E2.1,E2.1-R0,False,subwp,123,05,3,2013843331,exito,,517.216,0,0,"[0.0, 18.640186998460983]"
714,goal_072,4,exito,16163,2445.5,05,subwp,123,1,E2.1,E2.1-R0,False,subwp,123,05,4,3865860640,exito,,517.216,0,0,"[0.0, 26.898532179280387]"
715,goal_072,5,col_return,11132,1499.0,05,subwp,123,1,E2.1,E2.1-R0,False,subwp,123,05,5,2439735990,col_return,return,356.224,0,0,"[0.0, -14.840339277362968]"
716,goal_072,6,exito,16161,2445.23,05,subwp,123,1,E2.1,E2.1-R0,False,subwp,123,05,6,140655372,exito,,517.152,0,0,"[0.0, -0.007622085092171549]"
717,goal_072,7,exito,16163,2445.47,05,subwp,123,1,E2.1,E2.1-R0,False,subwp,123,05,7,2137328538,exito,,517.216,0,0,"[0.0, -10.138038506770322]"
718,goal_072,8,exito,16163,2445.46,05,subwp,123,1,E2.1,E2.1-R0,False,subwp,123,05,8,4024047115,exito,,517.216,0,0,"[0.0, 9.760361223626974]"
719,goal_072,9,exito,16163,2436.36,05,subwp,123,1,E2.1,E2.1-R0,False,subwp,123,05,9,2564630173,exito,,517.216,0,0,"[0.0, -25.32444373522456]"
720,goal_072,10,col_return,10754,1436.21,05,subwp,123,1,E2.1,E2.1-R0,False,subwp,123,05,10,2988730358,col_return,return,344.128,0,0,"[0.0, -10.86042209309065]"
721,goal_073,1,exito,16623,2505.54,05,subwp,123,1,E2.1,E2.1-R0,False,subwp,123,05,1,2487226614,exito,,531.936,0,0,"[0.0, -7.781651635169606]"
722,goal_073,2,exito,16624,2505.43,05,subwp,123,1,E2.1,E2.1-R0,False,subwp,123,05,2,222904652,exito,,531.968,0,0,"[0.0, 0.5549599379471837]"
723,goal_073,3,col_return,11465,1541.03,05,subwp,123,1,E2.1,E2.1-R0,False,subwp,123,05,3,2051961306,col_return,return,366.88,0,0,"[0.0, 28.589325331252795]"
724,goal_073,4,exito,16623,2505.53,05,subwp,123,1,E2.1,E2.1-R0,False,subwp,123,05,4,3828016249,exito,,531.936,0,0,"[0.0, -23.021145366965875]"
725,goal_073,5,exito,16624,2505.44,05,subwp,123,1,E2.1,E2.1-R0,False,subwp,123,05,5,2469254383,exito,,531.968,0,0,"[0.0, -3.2605798534041996]"
726,goal_073,6,col_return,11614,1562.01,05,subwp,123,1,E2.1,E2.1-R0,False,subwp,123,05,6,170165589,col_return,return,371.648,0,0,"[0.0, -23.301796717745617]"
727,goal_073,7,exito,16623,2505.57,05,subwp,123,1,E2.1,E2.1-R0,False,subwp,123,05,7,2099492291,exito,,531.936,0,0,"[0.0, -14.791116284133132]"
728,goal_073,8,exito,16624,2505.42,05,subwp,123,1,E2.1,E2.1-R0,False,subwp,123,05,8,3986466898,exito,,531.968,0,0,"[0.0, 7.327677553258052]"
729,goal_073,9,exito,16625,2472.21,05,subwp,123,1,E2.1,E2.1-R0,False,subwp,123,05,9,2593888452,exito,,532.0,0,0,"[0.0, 17.906544439331313]"
730,goal_073,10,col_return,10860,1460.14,05,subwp,123,1,E2.1,E2.1-R0,False,subwp,123,05,10,2693908504,col_return,return,347.52,0,0,"[0.0, -22.33295105670907]"
731,goal_074,1,exito,16386,2475.54,05,subwp,123,1,E2.1,E2.1-R0,False,subwp,123,05,1,2508356289,exito,,524.352,0,0,"[0.0, 19.46602966259476]"
732,goal_074,2,exito,16387,2475.75,05,subwp,123,1,E2.1,E2.1-R0,False,subwp,123,05,2,210447227,exito,,524.384,0,0,"[0.0, -13.832635327117483]"
733,goal_074,3,col_return,11451,1532.03,05,subwp,123,1,E2.1,E2.1-R0,False,subwp,123,05,3,2072779757,col_return,return,366.432,0,0,"[0.0, -22.23083185332334]"
734,goal_074,4,exito,16385,2475.52,05,subwp,123,1,E2.1,E2.1-R0,False,subwp,123,05,4,3857223246,exito,,524.32,0,0,"[0.0, -26.948833484015548]"
735,goal_074,5,exito,16388,2475.8,05,subwp,123,1,E2.1,E2.1-R0,False,subwp,123,05,5,2465185496,exito,,524.416,0,0,"[0.0, 12.70076896756098]"
736,goal_074,6,exito,16387,2475.74,05,subwp,123,1,E2.1,E2.1-R0,False,subwp,123,05,6,199683938,exito,,524.384,0,0,"[0.0, -26.315303472502826]"
737,goal_074,7,col_return,11116,1500.36,05,subwp,123,1,E2.1,E2.1-R0,False,subwp,123,05,7,2095177716,col_return,return,355.712,0,0,"[0.0, -14.739853670412021]"
738,goal_074,8,exito,16386,2475.56,05,subwp,123,1,E2.1,E2.1-R0,False,subwp,123,05,8,3965633125,exito,,524.352,0,0,"[0.0, 22.27049917696612]"
739,goal_074,9,exito,16387,2475.73,05,subwp,123,1,E2.1,E2.1-R0,False,subwp,123,05,9,2606363379,exito,,524.384,0,0,"[0.0, 3.3051084840453426]"
740,goal_074,10,exito,16388,2474.93,05,subwp,123,1,E2.1,E2.1-R0,False,subwp,123,05,10,405647229,exito,,524.416,0,0,"[0.0, 10.161525583050228]"
741,goal_075,1,col_return,11221,1510.53,05,subwp,123,1,E2.1,E2.1-R0,False,subwp,123,05,1,2429381700,col_return,return,359.072,0,0,"[0.0, 7.017276907456164]"
742,goal_075,2,exito,16877,2540.25,05,subwp,123,1,E2.1,E2.1-R0,False,subwp,123,05,2,163855870,exito,,540.064,0,0,"[0.0, -12.970600900874643]"
743,goal_075,3,exito,16880,2539.95,05,subwp,123,1,E2.1,E2.1-R0,False,subwp,123,05,3,2126712168,exito,,540.16,0,0,"[0.0, -23.976285554110493]"
744,goal_075,4,col_return,11230,1512.36,05,subwp,123,1,E2.1,E2.1-R0,False,subwp,123,05,4,3769080011,col_return,return,359.36,0,0,"[0.0, 23.501177668311065]"
745,goal_075,5,exito,16877,2540.27,05,subwp,123,1,E2.1,E2.1-R0,False,subwp,123,05,5,2543888477,exito,,540.064,0,0,"[0.0, -25.00846929801638]"
746,goal_075,6,exito,16880,2540.05,05,subwp,123,1,E2.1,E2.1-R0,False,subwp,123,05,6,246020583,exito,,540.16,0,0,"[0.0, -15.59642153354018]"
747,goal_075,7,col_return,11234,1509.05,05,subwp,123,1,E2.1,E2.1-R0,False,subwp,123,05,7,2041497969,col_return,return,359.488,0,0,"[0.0, -3.614802634915353]"
748,goal_075,8,exito,16876,2540.15,05,subwp,123,1,E2.1,E2.1-R0,False,subwp,123,05,8,3910259936,exito,,540.032,0,0,"[0.0, -1.4794976158025541]"
749,goal_075,9,exito,16879,2539.89,05,subwp,123,1,E2.1,E2.1-R0,False,subwp,123,05,9,2652300406,exito,,540.128,0,0,"[0.0, 1.5420125965261988]"
750,goal_075,10,col_return,11244,1508.33,05,subwp,123,1,E2.1,E2.1-R0,False,subwp,123,05,10,2247792580,col_return,return,359.808,0,0,"[0.0, -18.975391349754172]"
751,goal_076,1,exito,16643,2510.34,05,subwp,123,1,E2.1,E2.1-R0,False,subwp,123,05,1,2433681011,exito,,532.576,0,0,"[0.0, -1.9716139663195476]"
752,goal_076,2,exito,16645,2510.71,05,subwp,123,1,E2.1,E2.1-R0,False,subwp,123,05,2,134633417,exito,,532.64,0,0,"[0.0, -14.854903242644655]"
753,goal_076,3,col_return,11355,1531.96,05,subwp,123,1,E2.1,E2.1-R0,False,subwp,123,05,3,2130798431,col_return,return,363.36,0,0,"[0.0, -1.2517460653991952]"
754,goal_076,4,exito,16643,2510.43,05,subwp,123,1,E2.1,E2.1-R0,False,subwp,123,05,4,3781554940,exito,,532.576,0,0,"[0.0, -18.519377223789032]"
755,goal_076,5,exito,16645,2510.77,05,subwp,123,1,E2.1,E2.1-R0,False,subwp,123,05,5,2523054698,exito,,532.64,0,0,"[0.0, -10.437266238157664]"
756,goal_076,6,col_return,11544,1553.19,05,subwp,123,1,E2.1,E2.1-R0,False,subwp,123,05,6,258708432,col_return,return,369.408,0,0,"[0.0, -20.091735230792533]"
757,goal_076,7,exito,16643,2510.43,05,subwp,123,1,E2.1,E2.1-R0,False,subwp,123,05,7,2020385606,exito,,532.576,0,0,"[0.0, 20.679718366607453]"
758,goal_076,8,exito,16645,2510.77,05,subwp,123,1,E2.1,E2.1-R0,False,subwp,123,05,8,3906191063,exito,,532.64,0,0,"[0.0, -1.051412231030282]"
759,goal_076,9,col_return,11623,1565.29,05,subwp,123,1,E2.1,E2.1-R0,False,subwp,123,05,9,2681507393,col_return,return,371.936,0,0,"[0.0, 18.21250269977702]"
760,goal_076,10,exito,16643,2510.38,05,subwp,123,1,E2.1,E2.1-R0,False,subwp,123,05,10,1028059297,exito,,532.576,0,0,"[0.0, 3.14161941286506]"
761,goal_077,1,exito,17127,2575.73,05,subwp,123,1,E2.1,E2.1-R0,False,subwp,123,05,1,2471082026,exito,,548.064,0,0,"[0.0, -23.611368660851106]"
762,goal_077,2,col_return,11661,1571.47,05,subwp,123,1,E2.1,E2.1-R0,False,subwp,123,05,2,172026256,col_return,return,373.152,0,0,"[0.0, 20.66357960107126]"
763,goal_077,3,exito,17125,2575.47,05,subwp,123,1,E2.1,E2.1-R0,False,subwp,123,05,3,2101860614,exito,,548.0,0,0,"[0.0, 4.1059275546730305]"
764,goal_077,4,exito,17127,2564.31,05,subwp,123,1,E2.1,E2.1-R0,False,subwp,123,05,4,3810741413,exito,,548.064,0,0,"[0.0, -29.112344212411337]"
765,goal_077,5,exito,17127,2557.85,05,subwp,123,1,E2.1,E2.1-R0,False,subwp,123,05,5,2485419059,exito,,548.064,0,0,"[0.0, -8.555849328768213]"
766,goal_077,6,exito,17127,2575.82,05,subwp,123,1,E2.1,E2.1-R0,False,subwp,123,05,6,221064585,exito,,548.064,0,0,"[0.0, 2.0910069688915134]"
767,goal_077,7,exito,17127,2575.82,05,subwp,123,1,E2.1,E2.1-R0,False,subwp,123,05,7,2049580319,exito,,548.064,0,0,"[0.0, 18.27045741663975]"
768,goal_077,8,col_return,11776,1576.22,05,subwp,123,1,E2.1,E2.1-R0,False,subwp,123,05,8,3935633550,col_return,return,376.832,0,0,"[0.0, -21.541525025525548]"
769,goal_077,9,exito,17126,2575.72,05,subwp,123,1,E2.1,E2.1-R0,False,subwp,123,05,9,2643603480,exito,,548.032,0,0,"[0.0, -9.924703699235595]"
770,goal_077,10,exito,17127,2569.8,05,subwp,123,1,E2.1,E2.1-R0,False,subwp,123,05,10,804478799,exito,,548.064,0,0,"[0.0, 20.40134504652068]"
771,goal_078,1,col_return,11131,1496.65,05,subwp,123,1,E2.1,E2.1-R0,False,subwp,123,05,1,2458636829,col_return,return,356.192,0,0,"[0.0, 12.559048350789874]"
772,goal_078,2,exito,16895,2544.33,05,subwp,123,1,E2.1,E2.1-R0,False,subwp,123,05,2,193102759,exito,,540.64,0,0,"[0.0, 25.75317210988168]"
773,goal_078,3,exito,16897,2541.32,05,subwp,123,1,E2.1,E2.1-R0,False,subwp,123,05,3,2089136945,exito,,540.704,0,0,"[0.0, -13.800664989429967]"
774,goal_078,4,col_return,11168,1499.1,05,subwp,123,1,E2.1,E2.1-R0,False,subwp,123,05,4,3806406290,col_return,return,357.376,0,0,"[0.0, -25.16853860614842]"
775,goal_078,5,exito,16895,2544.28,05,subwp,123,1,E2.1,E2.1-R0,False,subwp,123,05,5,2514884100,exito,,540.64,0,0,"[0.0, -22.303045393240495]"
776,goal_078,6,exito,16897,2542.21,05,subwp,123,1,E2.1,E2.1-R0,False,subwp,123,05,6,217008062,exito,,540.704,0,0,"[0.0, -12.770991515255092]"
777,goal_078,7,col_return,11189,1500.72,05,subwp,123,1,E2.1,E2.1-R0,False,subwp,123,05,7,2078832424,col_return,return,358.048,0,0,"[0.0, 23.26421468152858]"
778,goal_078,8,exito,16895,2544.31,05,subwp,123,1,E2.1,E2.1-R0,False,subwp,123,05,8,3948374713,exito,,540.64,0,0,"[0.0, 2.9670624570980264]"
779,goal_078,9,exito,16897,2542.57,05,subwp,123,1,E2.1,E2.1-R0,False,subwp,123,05,9,2622511663,exito,,540.704,0,0,"[0.0, 23.046322067776902]"
780,goal_078,10,col_return,11196,1502.91,05,subwp,123,1,E2.1,E2.1-R0,False,subwp,123,05,10,2538551338,col_return,return,358.272,0,0,"[0.0, 13.954904023822056]"
781,goal_079,1,exito,17342,2604.92,05,subwp,123,1,E2.1,E2.1-R0,False,subwp,123,05,1,2581042464,exito,,554.944,0,0,"[0.0, -16.30431736264676]"
782,goal_079,2,col_return,12147,1637.42,05,subwp,123,1,E2.1,E2.1-R0,False,subwp,123,05,2,14599322,col_return,return,388.704,0,0,"[0.0, 25.524123952775952]"
783,goal_079,3,exito,17342,2604.9,05,subwp,123,1,E2.1,E2.1-R0,False,subwp,123,05,3,2010772492,exito,,554.944,0,0,"[0.0, -0.7738536240589933]"
784,goal_079,4,exito,17344,2573.16,05,subwp,123,1,E2.1,E2.1-R0,False,subwp,123,05,4,3921502639,exito,,555.008,0,0,"[0.0, 6.385507180387111]"
785,goal_079,5,exito,17346,2605.24,05,subwp,123,1,E2.1,E2.1-R0,False,subwp,123,05,5,2663010617,exito,,555.072,0,0,"[0.0, -23.002858388936374]"
786,goal_079,6,exito,17344,2605.14,05,subwp,123,1,E2.1,E2.1-R0,False,subwp,123,05,6,129171587,exito,,555.008,0,0,"[0.0, -3.7812940209403445]"
787,goal_079,7,exito,17344,2604.36,05,subwp,123,1,E2.1,E2.1-R0,False,subwp,123,05,7,1890856981,exito,,555.008,0,0,"[0.0, 2.3672437578434358]"
788,goal_079,8,exito,17345,2488.2,05,subwp,123,1,E2.1,E2.1-R0,False,subwp,123,05,8,3758828932,exito,,555.04,0,0,"[0.0, 10.447210171500018]"
789,goal_079,9,exito,17346,2605.25,05,subwp,123,1,E2.1,E2.1-R0,False,subwp,123,05,9,2534153490,exito,,555.072,0,0,"[0.0, -2.623813380523299]"
790,goal_079,10,exito,17344,2605.18,05,subwp,123,1,E2.1,E2.1-R0,False,subwp,123,05,10,3475777660,exito,,555.008,0,0,"[0.0, 8.530054809453782]"
791,goal_080,1,col_return,11583,1553.59,05,subwp,123,1,E2.1,E2.1-R0,False,subwp,123,05,1,2551578391,col_return,return,370.656,0,0,"[0.0, 14.035305861434066]"
792,goal_080,2,exito,17118,2572.39,05,subwp,123,1,E2.1,E2.1-R0,False,subwp,123,05,2,18656941,exito,,547.776,0,0,"[0.0, 23.045582509099603]"
793,goal_080,3,exito,17120,2554.36,05,subwp,123,1,E2.1,E2.1-R0,False,subwp,123,05,3,1981521467,exito,,547.84,0,0,"[0.0, -24.098498390235534]"
794,goal_080,4,exito,17120,2568.21,05,subwp,123,1,E2.1,E2.1-R0,False,subwp,123,05,4,3900640152,exito,,547.84,0,0,"[0.0, -22.37647364455433]"
795,goal_080,5,exito,17120,2572.69,05,subwp,123,1,E2.1,E2.1-R0,False,subwp,123,05,5,2675456782,exito,,547.84,0,0,"[0.0, -26.96171340544143]"
796,goal_080,6,exito,17120,2572.63,05,subwp,123,1,E2.1,E2.1-R0,False,subwp,123,05,6,108096180,exito,,547.84,0,0,"[0.0, 0.2242291492707471]"
797,goal_080,7,col_return,11741,1578.56,05,subwp,123,1,E2.1,E2.1-R0,False,subwp,123,05,7,1903581730,col_return,return,375.712,0,0,"[0.0, 25.455372440189905]"
798,goal_080,8,exito,17118,2572.43,05,subwp,123,1,E2.1,E2.1-R0,False,subwp,123,05,8,3788064691,exito,,547.776,0,0,"[0.0, 13.23678567943476]"
799,goal_080,9,exito,17120,2566.99,05,subwp,123,1,E2.1,E2.1-R0,False,subwp,123,05,9,2530113317,exito,,547.84,0,0,"[0.0, 14.831220707035506]"
800,goal_080,10,exito,17127,2412.65,05,subwp,123,1,E2.1,E2.1-R0,False,subwp,123,05,10,2005946137,exito,,548.064,0,0,"[0.0, -23.69048613142907]"
801,goal_081,1,exito,17598,2639.06,05,subwp,123,1,E2.1,E2.1-R0,False,subwp,123,05,1,3483882702,exito,,563.136,0,0,"[0.0, -3.7086746336797183]"
802,goal_081,2,exito,17598,2637.88,05,subwp,123,1,E2.1,E2.1-R0,False,subwp,123,05,2,1454278004,exito,,563.136,0,0,"[0.0, 6.035756652435902]"
803,goal_081,3,exito,17598,2639.06,05,subwp,123,1,E2.1,E2.1-R0,False,subwp,123,05,3,564770274,exito,,563.136,0,0,"[0.0, 9.29777338028347]"
804,goal_081,4,exito,17598,2639.06,05,subwp,123,1,E2.1,E2.1-R0,False,subwp,123,05,4,3217891393,exito,,563.136,0,0,"[0.0, 8.522862105007402]"
805,goal_081,5,exito,17598,2624.45,05,subwp,123,1,E2.1,E2.1-R0,False,subwp,123,05,5,3368685783,exito,,563.136,0,0,"[0.0, -27.07658791688739]"
806,goal_081,6,exito,17598,2639.01,05,subwp,123,1,E2.1,E2.1-R0,False,subwp,123,05,6,1371750765,exito,,563.136,0,0,"[0.0, -8.110958021920368]"
807,goal_081,7,exito,17598,2639.03,05,subwp,123,1,E2.1,E2.1-R0,False,subwp,123,05,7,650408443,exito,,563.136,0,0,"[0.0, -23.313597013830083]"
808,goal_081,8,col_return,12574,1694.4,05,subwp,123,1,E2.1,E2.1-R0,False,subwp,123,05,8,3061541994,col_return,return,402.368,0,0,"[0.0, 13.801736990518645]"
809,goal_081,9,exito,17594,2638.66,05,subwp,123,1,E2.1,E2.1-R0,False,subwp,123,05,9,3246152956,exito,,563.008,0,0,"[0.0, 15.633165778895147]"
810,goal_081,10,col_return,12502,1679.24,05,subwp,123,1,E2.1,E2.1-R0,False,subwp,123,05,10,2294847298,col_return,return,400.064,0,0,"[0.0, 28.718073445840602]"
811,goal_082,1,exito,17365,2607.08,05,subwp,123,1,E2.1,E2.1-R0,False,subwp,123,05,1,3462774521,exito,,555.68,0,0,"[0.0, 6.158682881926314]"
812,goal_082,2,exito,17367,2579.31,05,subwp,123,1,E2.1,E2.1-R0,False,subwp,123,05,2,1466756931,exito,,555.744,0,0,"[0.0, 13.976182889168037]"
813,goal_082,3,exito,17367,2607.23,05,subwp,123,1,E2.1,E2.1-R0,False,subwp,123,05,3,543940565,exito,,555.744,0,0,"[0.0, 26.408501222503006]"
814,goal_082,4,exito,17367,2607.26,05,subwp,123,1,E2.1,E2.1-R0,False,subwp,123,05,4,3188673142,exito,,555.744,0,0,"[0.0, -15.377763243860944]"
815,goal_082,5,exito,17367,2605.99,05,subwp,123,1,E2.1,E2.1-R0,False,subwp,123,05,5,3372776160,exito,,555.744,0,0,"[0.0, 6.273423343400177]"
816,goal_082,6,exito,17367,2578.98,05,subwp,123,1,E2.1,E2.1-R0,False,subwp,123,05,6,1342253914,exito,,555.744,0,0,"[0.0, -24.321067316144493]"
817,goal_082,7,exito,17367,2607.23,05,subwp,123,1,E2.1,E2.1-R0,False,subwp,123,05,7,654711756,exito,,555.744,0,0,"[0.0, -25.514059771240092]"
818,goal_082,8,exito,17367,2607.21,05,subwp,123,1,E2.1,E2.1-R0,False,subwp,123,05,8,3082356317,exito,,555.744,0,0,"[0.0, -23.620759740133273]"
819,goal_082,9,col_return,11644,1566.01,05,subwp,123,1,E2.1,E2.1-R0,False,subwp,123,05,9,3233691339,col_return,return,372.608,0,0,"[0.0, 3.838080709710112]"
820,goal_082,10,exito,17365,2606.99,05,subwp,123,1,E2.1,E2.1-R0,False,subwp,123,05,10,812970023,exito,,555.68,0,0,"[0.0, 28.87328047412078]"
821,goal_083,1,col_return,12375,1661.76,05,subwp,123,1,E2.1,E2.1-R0,False,subwp,123,05,1,3424845984,col_return,return,396.0,0,0,"[0.0, 24.20624826714755]"
822,goal_083,2,exito,17820,2668.37,05,subwp,123,1,E2.1,E2.1-R0,False,subwp,123,05,2,1428836634,exito,,570.24,0,0,"[0.0, -10.199616361780636]"
823,goal_083,3,col_return,12282,1645.65,05,subwp,123,1,E2.1,E2.1-R0,False,subwp,123,05,3,573399436,col_return,return,393.024,0,0,"[0.0, -8.234563164248321]"
824,goal_083,4,exito,17820,2668.34,05,subwp,123,1,E2.1,E2.1-R0,False,subwp,123,05,4,3158963247,exito,,570.24,0,0,"[0.0, -29.38844381881289]"
825,goal_083,5,col_return,12223,1642.76,05,subwp,123,1,E2.1,E2.1-R0,False,subwp,123,05,5,3410937017,col_return,return,391.136,0,0,"[0.0, 10.556584273667271]"
826,goal_083,6,exito,17820,2668.4,05,subwp,123,1,E2.1,E2.1-R0,False,subwp,123,05,6,1380422915,exito,,570.24,0,0,"[0.0, -14.500193769389643]"
827,goal_083,7,col_return,12195,1639.77,05,subwp,123,1,E2.1,E2.1-R0,False,subwp,123,05,7,624993685,col_return,return,390.24,0,0,"[0.0, 9.488248613529077]"
828,goal_083,8,exito,17818,2668.23,05,subwp,123,1,E2.1,E2.1-R0,False,subwp,123,05,8,3053434884,exito,,570.176,0,0,"[0.0, -6.353493519858753]"
829,goal_083,9,col_return,12190,1637.93,05,subwp,123,1,E2.1,E2.1-R0,False,subwp,123,05,9,3271067794,col_return,return,390.08,0,0,"[0.0, 1.928621171683651]"
830,goal_083,10,exito,17818,2668.24,05,subwp,123,1,E2.1,E2.1-R0,False,subwp,123,05,10,583098313,exito,,570.176,0,0,"[0.0, -17.691424524162727]"
831,goal_084,1,col_return,12080,1616.47,05,subwp,123,1,E2.1,E2.1-R0,False,subwp,123,05,1,3454102167,col_return,return,386.56,0,0,"[0.0, -20.684897081560237]"
832,goal_084,2,exito,17585,2635.5,05,subwp,123,1,E2.1,E2.1-R0,False,subwp,123,05,2,1424505645,exito,,562.72,0,0,"[0.0, 5.3227792577830275]"
833,goal_084,3,col_return,12252,1636.67,05,subwp,123,1,E2.1,E2.1-R0,False,subwp,123,05,3,602868667,col_return,return,392.064,0,0,"[0.0, -19.625236161712355]"
834,goal_084,4,exito,17583,2635.09,05,subwp,123,1,E2.1,E2.1-R0,False,subwp,123,05,4,3180043800,exito,,562.656,0,0,"[0.0, -9.658838694028862]"
835,goal_084,5,col_return,12333,1647.67,05,subwp,123,1,E2.1,E2.1-R0,False,subwp,123,05,5,3398217358,col_return,return,394.656,0,0,"[0.0, 23.891371688372054]"
836,goal_084,6,exito,17583,2635.2,05,subwp,123,1,E2.1,E2.1-R0,False,subwp,123,05,6,1401290548,exito,,562.656,0,0,"[0.0, 21.99614075117283]"
837,goal_084,7,col_return,12363,1660.99,05,subwp,123,1,E2.1,E2.1-R0,False,subwp,123,05,7,612552610,col_return,return,395.616,0,0,"[0.0, -17.13569108392482]"
838,goal_084,8,exito,17585,2635.52,05,subwp,123,1,E2.1,E2.1-R0,False,subwp,123,05,8,3023950387,exito,,562.72,0,0,"[0.0, 22.151243180302714]"
839,goal_084,9,col_return,12400,1658.15,05,subwp,123,1,E2.1,E2.1-R0,False,subwp,123,05,9,3275416229,col_return,return,396.8,0,0,"[0.0, -19.463083049651665]"
840,goal_084,10,exito,17586,2635.79,05,subwp,123,1,E2.1,E2.1-R0,False,subwp,123,05,10,2591897772,exito,,562.752,0,0,"[0.0, -9.838930374306019]"
841,goal_085,1,exito,16674,2516.65,05,subwp,123,1,E2.1,E2.1-R0,False,subwp,123,05,1,3366878226,exito,,533.568,0,0,"[0.0, 9.800089053944658]"
842,goal_085,2,col_return,11098,1496.44,05,subwp,123,1,E2.1,E2.1-R0,False,subwp,123,05,2,1369910696,col_return,return,355.136,0,0,"[0.0, -27.974839248074986]"
843,goal_085,3,exito,16669,2518.1,05,subwp,123,1,E2.1,E2.1-R0,False,subwp,123,05,3,648027454,exito,,533.408,0,0,"[0.0, 8.685432086639883]"
844,goal_085,4,exito,16675,2518.25,05,subwp,123,1,E2.1,E2.1-R0,False,subwp,123,05,4,3099887773,exito,,533.6,0,0,"[0.0, 1.0791239337565317]"
845,goal_085,5,col_return,11390,1527.28,05,subwp,123,1,E2.1,E2.1-R0,False,subwp,123,05,5,3485710347,col_return,return,364.48,0,0,"[0.0, 20.69238649185372]"
846,goal_085,6,exito,16669,2518.19,05,subwp,123,1,E2.1,E2.1-R0,False,subwp,123,05,6,1456138673,exito,,533.408,0,0,"[0.0, 20.807263134986226]"
847,goal_085,7,exito,16675,2518.25,05,subwp,123,1,E2.1,E2.1-R0,False,subwp,123,05,7,567138599,exito,,533.6,0,0,"[0.0, -15.709672530984584]"
848,goal_085,8,col_return,11523,1540.2,05,subwp,123,1,E2.1,E2.1-R0,False,subwp,123,05,8,2977088694,col_return,return,368.736,0,0,"[0.0, 4.4422856596075455]"
849,goal_085,9,exito,16669,2518.15,05,subwp,123,1,E2.1,E2.1-R0,False,subwp,123,05,9,3329618976,exito,,533.408,0,0,"[0.0, -2.918080849982494]"
850,goal_085,10,exito,16675,2518.27,05,subwp,123,1,E2.1,E2.1-R0,False,subwp,123,05,10,128581653,exito,,533.6,0,0,"[0.0, 24.889105514326488]"
851,goal_086,1,col_return,11575,1572.17,05,subwp,123,1,E2.1,E2.1-R0,False,subwp,123,05,1,3379303973,col_return,return,370.4,0,0,"[0.0, -24.941409018773474]"
852,goal_086,2,exito,16666,2527.87,05,subwp,123,1,E2.1,E2.1-R0,False,subwp,123,05,2,1348814751,exito,,533.312,0,0,"[0.0, 15.808992895363858]"
853,goal_086,3,exito,16674,2527.76,05,subwp,123,1,E2.1,E2.1-R0,False,subwp,123,05,3,660764425,exito,,533.568,0,0,"[0.0, 25.32993194193939]"
854,goal_086,4,col_return,11628,1568.84,05,subwp,123,1,E2.1,E2.1-R0,False,subwp,123,05,4,3104236202,col_return,return,372.096,0,0,"[0.0, 3.9373693998849135]"
855,goal_086,5,exito,16666,2527.71,05,subwp,123,1,E2.1,E2.1-R0,False,subwp,123,05,5,3456225852,exito,,533.312,0,0,"[0.0, -4.27715891935711]"
856,goal_086,6,exito,16672,2527.62,05,subwp,123,1,E2.1,E2.1-R0,False,subwp,123,05,6,1460175750,exito,,533.504,0,0,"[0.0, 4.670929174075226]"
857,goal_086,7,col_return,11643,1571.48,05,subwp,123,1,E2.1,E2.1-R0,False,subwp,123,05,7,537899792,col_return,return,372.576,0,0,"[0.0, -15.554850717316263]"
858,goal_086,8,exito,16666,2527.86,05,subwp,123,1,E2.1,E2.1-R0,False,subwp,123,05,8,2964369025,exito,,533.312,0,0,"[0.0, 6.052817071156939]"
859,goal_086,9,exito,16674,2527.77,05,subwp,123,1,E2.1,E2.1-R0,False,subwp,123,05,9,3350699543,exito,,533.568,0,0,"[0.0, 9.890916742383556]"
860,goal_086,10,col_return,11650,1572.66,05,subwp,123,1,E2.1,E2.1-R0,False,subwp,123,05,10,3205916528,col_return,return,372.8,0,0,"[0.0, -1.8233635662281222]"
861,goal_087,1,exito,16590,2504.67,05,subwp,123,1,E2.1,E2.1-R0,False,subwp,123,05,1,3408570492,exito,,530.88,0,0,"[0.0, 24.6580202394471]"
862,goal_087,2,exito,16593,2504.35,05,subwp,123,1,E2.1,E2.1-R0,False,subwp,123,05,2,1378089414,exito,,530.976,0,0,"[0.0, -8.767252396900693]"
863,goal_087,3,exito,16595,2479.44,05,subwp,123,1,E2.1,E2.1-R0,False,subwp,123,05,3,623167824,exito,,531.04,0,0,"[0.0, -19.102648107169525]"
864,goal_087,4,col_return,10876,1462.37,05,subwp,123,1,E2.1,E2.1-R0,False,subwp,123,05,4,3141557491,col_return,return,348.032,0,0,"[0.0, -26.76917590556826]"
865,goal_087,5,exito,16590,2504.62,05,subwp,123,1,E2.1,E2.1-R0,False,subwp,123,05,5,3427232869,exito,,530.88,0,0,"[0.0, 18.175147526284498]"
866,goal_087,6,exito,16593,2504.4,05,subwp,123,1,E2.1,E2.1-R0,False,subwp,123,05,6,1431191007,exito,,530.976,0,0,"[0.0, -14.342315083356072]"
867,goal_087,7,col_return,11354,1524.41,05,subwp,123,1,E2.1,E2.1-R0,False,subwp,123,05,7,575212873,col_return,return,363.328,0,0,"[0.0, 11.823552719695922]"
868,goal_087,8,exito,16590,2504.69,05,subwp,123,1,E2.1,E2.1-R0,False,subwp,123,05,8,3002470616,exito,,530.88,0,0,"[0.0, 11.721383994850799]"
869,goal_087,9,exito,16593,2504.4,05,subwp,123,1,E2.1,E2.1-R0,False,subwp,123,05,9,3320913998,exito,,530.976,0,0,"[0.0, 25.44578536475575]"
870,goal_087,10,col_return,11582,1560.8,05,subwp,123,1,E2.1,E2.1-R0,False,subwp,123,05,10,2913192094,col_return,return,370.624,0,0,"[0.0, 10.15592596284125]"
871,goal_088,1,exito,16545,2509.77,05,subwp,123,1,E2.1,E2.1-R0,False,subwp,123,05,1,3404251723,exito,,529.44,0,0,"[0.0, 22.340064056256242]"
872,goal_088,2,exito,16550,2509.42,05,subwp,123,1,E2.1,E2.1-R0,False,subwp,123,05,2,1407292401,exito,,529.6,0,0,"[0.0, -10.80551691716028]"
873,goal_088,3,exito,16550,2501.33,05,subwp,123,1,E2.1,E2.1-R0,False,subwp,123,05,3,619094887,exito,,529.6,0,0,"[0.0, 12.417957849421118]"
874,goal_088,4,col_return,10940,1481.37,05,subwp,123,1,E2.1,E2.1-R0,False,subwp,123,05,4,3129095876,col_return,return,350.08,0,0,"[0.0, -23.292543195061516]"
875,goal_088,5,exito,16544,2509.58,05,subwp,123,1,E2.1,E2.1-R0,False,subwp,123,05,5,3448047186,exito,,529.408,0,0,"[0.0, -28.36173752541628]"
876,goal_088,6,exito,16550,2509.33,05,subwp,123,1,E2.1,E2.1-R0,False,subwp,123,05,6,1418483688,exito,,529.6,0,0,"[0.0, 0.3916035232827064]"
877,goal_088,7,col_return,11437,1542.21,05,subwp,123,1,E2.1,E2.1-R0,False,subwp,123,05,7,596338558,col_return,return,365.984,0,0,"[0.0, -16.56276776499982]"
878,goal_088,8,exito,16544,2509.32,05,subwp,123,1,E2.1,E2.1-R0,False,subwp,123,05,8,3006561007,exito,,529.408,0,0,"[0.0, -17.94442676060764]"
879,goal_088,9,exito,16550,2509.38,05,subwp,123,1,E2.1,E2.1-R0,False,subwp,123,05,9,3291695737,exito,,529.6,0,0,"[0.0, 14.6732735889816]"
880,goal_088,10,exito,16550,2489.78,05,subwp,123,1,E2.1,E2.1-R0,False,subwp,123,05,10,354398203,exito,,529.6,0,0,"[0.0, -21.993053909865516]"
881,goal_089,1,col_return,10779,1446.38,05,subwp,123,1,E2.1,E2.1-R0,False,subwp,123,05,1,3249833334,col_return,return,344.928,0,0,"[0.0, -7.415308319705256]"
882,goal_089,2,exito,16339,2466.35,05,subwp,123,1,E2.1,E2.1-R0,False,subwp,123,05,2,1488835788,exito,,522.848,0,0,"[0.0, -9.472734257806719]"
883,goal_089,3,exito,16346,2466.7,05,subwp,123,1,E2.1,E2.1-R0,False,subwp,123,05,3,800777306,exito,,523.072,0,0,"[0.0, 22.74580816310259]"
884,goal_089,4,exito,16344,2461.74,05,subwp,123,1,E2.1,E2.1-R0,False,subwp,123,05,4,2984145401,exito,,523.008,0,0,"[0.0, -11.286323933504988]"
885,goal_089,5,col_return,10884,1456.01,05,subwp,123,1,E2.1,E2.1-R0,False,subwp,123,05,5,3336126831,col_return,return,348.288,0,0,"[0.0, -1.677728753049288]"
886,goal_089,6,exito,16339,2466.33,05,subwp,123,1,E2.1,E2.1-R0,False,subwp,123,05,6,1607471317,exito,,522.848,0,0,"[0.0, 17.458170046144893]"
887,goal_089,7,exito,16346,2466.7,05,subwp,123,1,E2.1,E2.1-R0,False,subwp,123,05,7,685187139,exito,,523.072,0,0,"[0.0, -15.79665634902754]"
888,goal_089,8,exito,16344,2464.19,05,subwp,123,1,E2.1,E2.1-R0,False,subwp,123,05,8,3093839314,exito,,523.008,0,0,"[0.0, -26.966898806126746]"
889,goal_089,9,col_return,10922,1459.59,05,subwp,123,1,E2.1,E2.1-R0,False,subwp,123,05,9,3480161604,col_return,return,349.504,0,0,"[0.0, -23.212968237364805]"
890,goal_089,10,exito,16340,2466.68,05,subwp,123,1,E2.1,E2.1-R0,False,subwp,123,05,10,1300021165,exito,,522.88,0,0,"[0.0, -10.655941094214489]"
891,goal_090,1,exito,16297,2474.73,05,subwp,123,1,E2.1,E2.1-R0,False,subwp,123,05,1,3229019969,exito,,521.504,0,0,"[0.0, 7.4060749127560825]"
892,goal_090,2,exito,16297,2474.27,05,subwp,123,1,E2.1,E2.1-R0,False,subwp,123,05,2,1501544187,exito,,521.504,0,0,"[0.0, -15.163074207968299]"
893,goal_090,3,col_return,10951,1486.2,05,subwp,123,1,E2.1,E2.1-R0,False,subwp,123,05,3,779652717,col_return,return,350.432,0,0,"[0.0, -27.50388804125722]"
894,goal_090,4,exito,16292,2474.59,05,subwp,123,1,E2.1,E2.1-R0,False,subwp,123,05,4,2954632142,exito,,521.344,0,0,"[0.0, 0.4623477970075096]"
895,goal_090,5,exito,16303,2473.04,05,subwp,123,1,E2.1,E2.1-R0,False,subwp,123,05,5,3340446552,exito,,521.696,0,0,"[0.0, -25.485882678033402]"
896,goal_090,6,exito,16303,2473.1,05,subwp,123,1,E2.1,E2.1-R0,False,subwp,123,05,6,1578269410,exito,,521.696,0,0,"[0.0, -11.078202743060446]"
897,goal_090,7,col_return,11035,1491.53,05,subwp,123,1,E2.1,E2.1-R0,False,subwp,123,05,7,689261172,col_return,return,353.12,0,0,"[0.0, 8.88337277372431]"
898,goal_090,8,exito,16292,2474.58,05,subwp,123,1,E2.1,E2.1-R0,False,subwp,123,05,8,3114948581,exito,,521.344,0,0,"[0.0, -16.336422429388374]"
899,goal_090,9,exito,16303,2473.06,05,subwp,123,1,E2.1,E2.1-R0,False,subwp,123,05,9,3467470707,exito,,521.696,0,0,"[0.0, 11.214306345632746]"
900,goal_090,10,exito,16303,2473.06,05,subwp,123,1,E2.1,E2.1-R0,False,subwp,123,05,10,4123056328,exito,,521.696,0,0,"[0.0, -21.156318890065116]"
901,goal_091,1,col_return,10964,1469.41,05,subwp,123,1,E2.1,E2.1-R0,False,subwp,123,05,1,1998304171,col_return,return,350.848,0,0,"[0.0, 18.69375745150348]"
902,goal_091,2,exito,16087,2431.76,05,subwp,123,1,E2.1,E2.1-R0,False,subwp,123,05,2,3994214929,exito,,514.784,0,0,"[0.0, -3.0829054414706936]"
903,goal_091,3,exito,16091,2431.66,05,subwp,123,1,E2.1,E2.1-R0,False,subwp,123,05,3,2568344199,exito,,514.912,0,0,"[0.0, -15.810580267758894]"
904,goal_091,4,exito,16091,2431.67,05,subwp,123,1,E2.1,E2.1-R0,False,subwp,123,05,4,124864292,exito,,514.912,0,0,"[0.0, 14.385572327976167]"
905,goal_091,5,exito,16091,2429.73,05,subwp,123,1,E2.1,E2.1-R0,False,subwp,123,05,5,1886812082,exito,,514.912,0,0,"[0.0, -2.689903793108257]"
906,goal_091,6,col_return,10809,1444.98,05,subwp,123,1,E2.1,E2.1-R0,False,subwp,123,05,6,3917424136,col_return,return,345.888,0,0,"[0.0, -28.823000434179175]"
907,goal_091,7,exito,16087,2431.79,05,subwp,123,1,E2.1,E2.1-R0,False,subwp,123,05,7,2658670238,exito,,514.784,0,0,"[0.0, 22.358003556351168]"
908,goal_091,8,exito,16091,2431.67,05,subwp,123,1,E2.1,E2.1-R0,False,subwp,123,05,8,247925519,exito,,514.912,0,0,"[0.0, 10.391233719473982]"
909,goal_091,9,exito,16091,2431.67,05,subwp,123,1,E2.1,E2.1-R0,False,subwp,123,05,9,2042641305,exito,,514.912,0,0,"[0.0, 2.935682261402477]"
910,goal_091,10,exito,16092,2423.55,05,subwp,123,1,E2.1,E2.1-R0,False,subwp,123,05,10,3047735026,exito,,514.944,0,0,"[0.0, -21.046208738418937]"
911,goal_092,1,col_return,10687,1442.53,05,subwp,123,1,E2.1,E2.1-R0,False,subwp,123,05,1,1993988508,col_return,return,341.984,0,0,"[0.0, -12.179715907795304]"
912,goal_092,2,exito,16034,2438.81,05,subwp,123,1,E2.1,E2.1-R0,False,subwp,123,05,2,4023420966,exito,,513.088,0,0,"[0.0, 24.820889890545143]"
913,goal_092,3,exito,16038,2438.8,05,subwp,123,1,E2.1,E2.1-R0,False,subwp,123,05,3,2564274352,exito,,513.216,0,0,"[0.0, 21.518700879173906]"
914,goal_092,4,exito,16038,2438.78,05,subwp,123,1,E2.1,E2.1-R0,False,subwp,123,05,4,112405779,exito,,513.216,0,0,"[0.0, -25.52074172468133]"
915,goal_092,5,exito,16037,2436.57,05,subwp,123,1,E2.1,E2.1-R0,False,subwp,123,05,5,1907629445,exito,,513.184,0,0,"[0.0, -25.043049071862907]"
916,goal_092,6,col_return,10764,1459.33,05,subwp,123,1,E2.1,E2.1-R0,False,subwp,123,05,6,3904719935,col_return,return,344.448,0,0,"[0.0, 1.3943581774395808]"
917,goal_092,7,exito,16034,2438.68,05,subwp,123,1,E2.1,E2.1-R0,False,subwp,123,05,7,2679798953,exito,,513.088,0,0,"[0.0, -16.911691491043396]"
918,goal_092,8,exito,16038,2438.79,05,subwp,123,1,E2.1,E2.1-R0,False,subwp,123,05,8,252010808,exito,,513.216,0,0,"[0.0, -0.06473477285404039]"
919,goal_092,9,exito,16038,2438.83,05,subwp,123,1,E2.1,E2.1-R0,False,subwp,123,05,9,2013417902,exito,,513.216,0,0,"[0.0, 29.9389066961904]"
920,goal_092,10,exito,16038,2437.91,05,subwp,123,1,E2.1,E2.1-R0,False,subwp,123,05,10,219470231,exito,,513.216,0,0,"[0.0, -24.653947489498915]"
921,goal_093,1,col_return,10726,1433.03,05,subwp,123,1,E2.1,E2.1-R0,False,subwp,123,05,1,1956603845,col_return,return,343.232,0,0,"[0.0, 16.623354068649327]"
922,goal_093,2,exito,15865,2399.15,05,subwp,123,1,E2.1,E2.1-R0,False,subwp,123,05,2,3986044543,exito,,507.68,0,0,"[0.0, 4.981981152790212]"
923,goal_093,3,exito,15871,2399.2,05,subwp,123,1,E2.1,E2.1-R0,False,subwp,123,05,3,2593195753,exito,,507.872,0,0,"[0.0, -0.24260976174439675]"
924,goal_093,4,exito,15871,2399.17,05,subwp,123,1,E2.1,E2.1-R0,False,subwp,123,05,4,83202890,exito,,507.872,0,0,"[0.0, -25.781274858337756]"
925,goal_093,5,exito,15872,2399.32,05,subwp,123,1,E2.1,E2.1-R0,False,subwp,123,05,5,1945281500,exito,,507.904,0,0,"[0.0, -10.577721405686136]"
926,goal_093,6,exito,15871,2397.11,05,subwp,123,1,E2.1,E2.1-R0,False,subwp,123,05,6,3942380134,exito,,507.872,0,0,"[0.0, -8.091712386636662]"
927,goal_093,7,col_return,10686,1426.57,05,subwp,123,1,E2.1,E2.1-R0,False,subwp,123,05,7,2650587888,col_return,return,341.952,0,0,"[0.0, 6.843925150325094]"
928,goal_093,8,exito,15865,2399.11,05,subwp,123,1,E2.1,E2.1-R0,False,subwp,123,05,8,222551905,exito,,507.68,0,0,"[0.0, 13.814194223601799]"
929,goal_093,9,exito,15872,2399.33,05,subwp,123,1,E2.1,E2.1-R0,False,subwp,123,05,9,2051338231,exito,,507.904,0,0,"[0.0, 19.46885842951177]"
930,goal_093,10,exito,15871,2399.23,05,subwp,123,1,E2.1,E2.1-R0,False,subwp,123,05,10,530675321,exito,,507.872,0,0,"[0.0, -12.825265277630116]"
931,goal_094,1,exito,15826,2408.5,05,subwp,123,1,E2.1,E2.1-R0,False,subwp,123,05,1,1969032690,exito,,506.432,0,0,"[0.0, -0.3498782084054386]"
932,goal_094,2,exito,15826,2407.19,05,subwp,123,1,E2.1,E2.1-R0,False,subwp,123,05,2,3964951624,exito,,506.432,0,0,"[0.0, 15.969703775885055]"
933,goal_094,3,col_return,10683,1444.31,05,subwp,123,1,E2.1,E2.1-R0,False,subwp,123,05,3,2605935838,col_return,return,341.856,0,0,"[0.0, 5.115550256678032]"
934,goal_094,4,exito,15821,2408.42,05,subwp,123,1,E2.1,E2.1-R0,False,subwp,123,05,4,87554429,exito,,506.272,0,0,"[0.0, -4.403907462107172]"
935,goal_094,5,exito,15826,2408.49,05,subwp,123,1,E2.1,E2.1-R0,False,subwp,123,05,5,1915800043,exito,,506.432,0,0,"[0.0, -3.8643665109216063]"
936,goal_094,6,exito,15826,2408.55,05,subwp,123,1,E2.1,E2.1-R0,False,subwp,123,05,6,3946420305,exito,,506.432,0,0,"[0.0, 29.702714789566343]"
937,goal_094,7,exito,15826,2408.51,05,subwp,123,1,E2.1,E2.1-R0,False,subwp,123,05,7,2621352135,exito,,506.432,0,0,"[0.0, -20.841721021869127]"
938,goal_094,8,exito,15826,2408.52,05,subwp,123,1,E2.1,E2.1-R0,False,subwp,123,05,8,209827158,exito,,506.432,0,0,"[0.0, 21.713381285238448]"
939,goal_094,9,col_return,10790,1447.92,05,subwp,123,1,E2.1,E2.1-R0,False,subwp,123,05,9,2072413632,col_return,return,345.28,0,0,"[0.0, 10.58791547564547]"
940,goal_094,10,exito,15819,2408.22,05,subwp,123,1,E2.1,E2.1-R0,False,subwp,123,05,10,2803699996,exito,,506.208,0,0,"[0.0, 11.384247924740835]"
941,goal_095,1,exito,15616,2366.63,05,subwp,123,1,E2.1,E2.1-R0,False,subwp,123,05,1,1880234871,exito,,499.712,0,0,"[0.0, 28.516457931613]"
942,goal_095,2,exito,15616,2366.57,05,subwp,123,1,E2.1,E2.1-R0,False,subwp,123,05,2,3910879949,exito,,499.712,0,0,"[0.0, -29.9472614261423]"
943,goal_095,3,exito,15616,2366.58,05,subwp,123,1,E2.1,E2.1-R0,False,subwp,123,05,3,2652666459,exito,,499.712,0,0,"[0.0, 16.858049512411785]"
944,goal_095,4,exito,15616,2366.63,05,subwp,123,1,E2.1,E2.1-R0,False,subwp,123,05,4,7925752,exito,,499.712,0,0,"[0.0, 20.17760794601544]"
945,goal_095,5,exito,15616,2366.62,05,subwp,123,1,E2.1,E2.1-R0,False,subwp,123,05,5,2004868974,exito,,499.712,0,0,"[0.0, -23.661736709964906]"
946,goal_095,6,exito,15614,2362.34,05,subwp,123,1,E2.1,E2.1-R0,False,subwp,123,05,6,4000747220,exito,,499.648,0,0,"[0.0, -13.681083463329726]"
947,goal_095,7,col_return,10517,1410.93,05,subwp,123,1,E2.1,E2.1-R0,False,subwp,123,05,7,2574368322,col_return,return,336.544,0,0,"[0.0, -21.70537136910597]"
948,goal_095,8,exito,15609,2366.5,05,subwp,123,1,E2.1,E2.1-R0,False,subwp,123,05,8,164537299,exito,,499.488,0,0,"[0.0, 25.94581422566705]"
949,goal_095,9,exito,15614,2366.53,05,subwp,123,1,E2.1,E2.1-R0,False,subwp,123,05,9,2127139653,exito,,499.648,0,0,"[0.0, 12.637205252042316]"
950,goal_095,10,exito,15614,2366.53,05,subwp,123,1,E2.1,E2.1-R0,False,subwp,123,05,10,986327461,exito,,499.648,0,0,"[0.0, 16.758419875416042]"
951,goal_096,1,exito,15579,2374.68,05,subwp,123,1,E2.1,E2.1-R0,False,subwp,123,05,1,1909485888,exito,,498.528,0,0,"[0.0, 22.9944054873701]"
952,goal_096,2,exito,15579,2374.66,05,subwp,123,1,E2.1,E2.1-R0,False,subwp,123,05,2,3906543866,exito,,498.528,0,0,"[0.0, -4.514964522539399]"
953,goal_096,3,exito,15579,2374.71,05,subwp,123,1,E2.1,E2.1-R0,False,subwp,123,05,3,2682130540,exito,,498.528,0,0,"[0.0, 14.139050967980777]"
954,goal_096,4,exito,15579,2374.66,05,subwp,123,1,E2.1,E2.1-R0,False,subwp,123,05,4,29001167,exito,,498.528,0,0,"[0.0, -19.020341257406002]"
955,goal_096,5,exito,15579,2347.58,05,subwp,123,1,E2.1,E2.1-R0,False,subwp,123,05,5,1992144217,exito,,498.528,0,0,"[0.0, -27.615298556630663]"
956,goal_096,6,col_return,10369,1403.03,05,subwp,123,1,E2.1,E2.1-R0,False,subwp,123,05,6,4021609699,col_return,return,331.808,0,0,"[0.0, 12.399846429879807]"
957,goal_096,7,exito,15574,2374.6,05,subwp,123,1,E2.1,E2.1-R0,False,subwp,123,05,7,2561922165,exito,,498.368,0,0,"[0.0, 23.23350912955074]"
958,goal_096,8,exito,15579,2374.67,05,subwp,123,1,E2.1,E2.1-R0,False,subwp,123,05,8,135055844,exito,,498.528,0,0,"[0.0, 24.51348392430742]"
959,goal_096,9,exito,15579,2374.71,05,subwp,123,1,E2.1,E2.1-R0,False,subwp,123,05,9,2131491186,exito,,498.528,0,0,"[0.0, 18.00252160802543]"
960,goal_096,10,exito,15579,2374.72,05,subwp,123,1,E2.1,E2.1-R0,False,subwp,123,05,10,2188791488,exito,,498.528,0,0,"[0.0, 29.531711101156482]"
961,goal_097,1,exito,15392,2333.81,05,subwp,123,1,E2.1,E2.1-R0,False,subwp,123,05,1,1939263257,exito,,492.544,0,0,"[0.0, -7.42968016627904]"
962,goal_097,2,exito,15392,2333.8,05,subwp,123,1,E2.1,E2.1-R0,False,subwp,123,05,2,3936329379,exito,,492.544,0,0,"[0.0, 15.32604639348314]"
963,goal_097,3,exito,15392,2333.82,05,subwp,123,1,E2.1,E2.1-R0,False,subwp,123,05,3,2644028981,exito,,492.544,0,0,"[0.0, -16.103634690932807]"
964,goal_097,4,exito,15392,2333.82,05,subwp,123,1,E2.1,E2.1-R0,False,subwp,123,05,4,66861974,exito,,492.544,0,0,"[0.0, 1.059513062626647]"
965,goal_097,5,exito,15392,2331.98,05,subwp,123,1,E2.1,E2.1-R0,False,subwp,123,05,5,1962609408,exito,,492.544,0,0,"[0.0, -26.238951795209047]"
966,goal_097,6,exito,15392,2300.84,05,subwp,123,1,E2.1,E2.1-R0,False,subwp,123,05,6,3992083130,exito,,492.544,0,0,"[0.0, -18.136493408114088]"
967,goal_097,7,col_return,10265,1362.28,05,subwp,123,1,E2.1,E2.1-R0,False,subwp,123,05,7,2599774764,col_return,return,328.48,0,0,"[0.0, -29.725525918467106]"
968,goal_097,8,exito,15385,2333.68,05,subwp,123,1,E2.1,E2.1-R0,False,subwp,123,05,8,172652477,exito,,492.32,0,0,"[0.0, -1.0845218406806412]"
969,goal_097,9,exito,15392,2333.82,05,subwp,123,1,E2.1,E2.1-R0,False,subwp,123,05,9,2102216491,exito,,492.544,0,0,"[0.0, -6.491186190044647]"
970,goal_097,10,exito,15392,2333.8,05,subwp,123,1,E2.1,E2.1-R0,False,subwp,123,05,10,2428756270,exito,,492.544,0,0,"[0.0, 9.888328097264441]"
971,goal_098,1,exito,15369,2341.82,05,subwp,123,1,E2.1,E2.1-R0,False,subwp,123,05,1,1918149934,exito,,491.808,0,0,"[0.0, 8.492145844982934]"
972,goal_098,2,exito,15369,2341.83,05,subwp,123,1,E2.1,E2.1-R0,False,subwp,123,05,2,3948803220,exito,,491.808,0,0,"[0.0, -1.86574883284101]"
973,goal_098,3,exito,15369,2341.89,05,subwp,123,1,E2.1,E2.1-R0,False,subwp,123,05,3,2623194114,exito,,491.808,0,0,"[0.0, -15.698378123234626]"
974,goal_098,4,exito,15369,2341.73,05,subwp,123,1,E2.1,E2.1-R0,False,subwp,123,05,4,37638561,exito,,491.808,0,0,"[0.0, -28.26712141102869]"
975,goal_098,5,exito,15369,2341.82,05,subwp,123,1,E2.1,E2.1-R0,False,subwp,123,05,5,1966694711,exito,,491.808,0,0,"[0.0, 5.788942972750246]"
976,goal_098,6,exito,15369,2341.84,05,subwp,123,1,E2.1,E2.1-R0,False,subwp,123,05,6,3962581133,exito,,491.808,0,0,"[0.0, -28.170491467472388]"
977,goal_098,7,exito,15369,2341.86,05,subwp,123,1,E2.1,E2.1-R0,False,subwp,123,05,7,2604072987,exito,,491.808,0,0,"[0.0, 0.36019304241518]"
978,goal_098,8,exito,15369,2341.72,05,subwp,123,1,E2.1,E2.1-R0,False,subwp,123,05,8,193469834,exito,,491.808,0,0,"[0.0, -22.579421520069396]"
979,goal_098,9,exito,15369,2334.51,05,subwp,123,1,E2.1,E2.1-R0,False,subwp,123,05,9,2089757980,exito,,491.808,0,0,"[0.0, 10.580585293968745]"
980,goal_098,10,col_return,10359,1398.25,05,subwp,123,1,E2.1,E2.1-R0,False,subwp,123,05,10,679446091,col_return,return,331.488,0,0,"[0.0, 5.303131044944099]"
981,goal_099,1,exito,15135,2299.29,05,subwp,123,1,E2.1,E2.1-R0,False,subwp,123,05,1,2030625299,exito,,484.32,0,0,"[0.0, -16.107689897588575]"
982,goal_099,2,exito,15142,2299.6,05,subwp,123,1,E2.1,E2.1-R0,False,subwp,123,05,2,3758207913,exito,,484.544,0,0,"[0.0, -20.05319426294149]"
983,goal_099,3,exito,15142,2299.61,05,subwp,123,1,E2.1,E2.1-R0,False,subwp,123,05,3,2533786431,exito,,484.544,0,0,"[0.0, -19.836851561567443]"
984,goal_099,4,exito,15142,2299.62,05,subwp,123,1,E2.1,E2.1-R0,False,subwp,123,05,4,157423260,exito,,484.544,0,0,"[0.0, 23.624838131643504]"
985,goal_099,5,exito,15142,2299.62,05,subwp,123,1,E2.1,E2.1-R0,False,subwp,123,05,5,2120558090,exito,,484.544,0,0,"[0.0, 23.177626215109925]"
986,goal_099,6,exito,15142,2299.61,05,subwp,123,1,E2.1,E2.1-R0,False,subwp,123,05,6,3882645424,exito,,484.544,0,0,"[0.0, 19.779196740973845]"
987,goal_099,7,exito,15142,2299.62,05,subwp,123,1,E2.1,E2.1-R0,False,subwp,123,05,7,2422949670,exito,,484.544,0,0,"[0.0, 2.0613482631029223]"
988,goal_099,8,exito,15140,2299.31,05,subwp,123,1,E2.1,E2.1-R0,False,subwp,123,05,8,13916855,exito,,484.48,0,0,"[0.0, 27.296625013517552]"
989,goal_099,9,exito,15142,2299.61,05,subwp,123,1,E2.1,E2.1-R0,False,subwp,123,05,9,2010343969,exito,,484.544,0,0,"[0.0, 27.238482732067332]"
990,goal_099,10,exito,15142,2299.61,05,subwp,123,1,E2.1,E2.1-R0,False,subwp,123,05,10,1880921629,exito,,484.544,0,0,"[0.0, 7.94396550859444]"
991,goal_100,1,exito,15112,2307.97,05,subwp,123,1,E2.1,E2.1-R0,False,subwp,123,05,1,2026539044,exito,,483.584,0,0,"[0.0, 29.697753001366674]"
992,goal_100,2,exito,15112,2307.92,05,subwp,123,1,E2.1,E2.1-R0,False,subwp,123,05,2,3787708830,exito,,483.584,0,0,"[0.0, -17.33405522050896]"
993,goal_100,3,exito,15112,2307.93,05,subwp,123,1,E2.1,E2.1-R0,False,subwp,123,05,3,2529487112,exito,,483.584,0,0,"[0.0, -29.413978009275475]"
994,goal_100,4,exito,15112,2307.92,05,subwp,123,1,E2.1,E2.1-R0,False,subwp,123,05,4,144735403,exito,,483.584,0,0,"[0.0, 2.3204098026132813]"
995,goal_100,5,exito,15112,2307.88,05,subwp,123,1,E2.1,E2.1-R0,False,subwp,123,05,5,2141670461,exito,,483.584,0,0,"[0.0, -7.496931470740186]"
996,goal_100,6,exito,15112,2307.87,05,subwp,123,1,E2.1,E2.1-R0,False,subwp,123,05,6,3870170503,exito,,483.584,0,0,"[0.0, -23.830865878254123]"
997,goal_100,7,exito,15112,2307.92,05,subwp,123,1,E2.1,E2.1-R0,False,subwp,123,05,7,2443783441,exito,,483.584,0,0,"[0.0, 27.026519824136216]"
998,goal_100,8,exito,15112,2307.88,05,subwp,123,1,E2.1,E2.1-R0,False,subwp,123,05,8,18231424,exito,,483.584,0,0,"[0.0, -8.62418146376854]"
999,goal_100,9,exito,15112,2307.89,05,subwp,123,1,E2.1,E2.1-R0,False,subwp,123,05,9,1980825622,exito,,483.584,0,0,"[0.0, -6.756410740359153]"
1000,goal_100,10,exito,15112,2307.88,05,subwp,123,1,E2.1,E2.1-R0,False,subwp,123,05,10,3365990776,exito,,483.584,0,0,"[0.0, 11.480491908528078]"
1001,goal_101,1,exito,14903,2264.05,05,subwp,123,1,E2.1,E2.1-R0,False,subwp,123,05,1,3465052233,exito,,476.896,0,0,"[0.0, -7.920539207206692]"
1002,goal_101,2,exito,14903,2264.08,05,subwp,123,1,E2.1,E2.1-R0,False,subwp,123,05,2,1468125683,exito,,476.896,0,0,"[0.0, 0.7868729030052379]"
1003,goal_101,3,exito,14903,2264.08,05,subwp,123,1,E2.1,E2.1-R0,False,subwp,123,05,3,545710437,exito,,476.896,0,0,"[0.0, -11.888329435156198]"
1004,goal_101,4,exito,14903,2264.05,05,subwp,123,1,E2.1,E2.1-R0,False,subwp,123,05,4,3202512070,exito,,476.896,0,0,"[0.0, 22.65177304081647]"
1005,goal_101,5,exito,14903,2264.08,05,subwp,123,1,E2.1,E2.1-R0,False,subwp,123,05,5,3387245648,exito,,476.896,0,0,"[0.0, -16.332455199890582]"
1006,goal_101,6,exito,14903,2264.06,05,subwp,123,1,E2.1,E2.1-R0,False,subwp,123,05,6,1357649386,exito,,476.896,0,0,"[0.0, 11.863131879705088]"
1007,goal_101,7,exito,14903,2264.05,05,subwp,123,1,E2.1,E2.1-R0,False,subwp,123,05,7,669721980,exito,,476.896,0,0,"[0.0, 3.842743312456116]"
1008,goal_101,8,exito,14903,2264.09,05,subwp,123,1,E2.1,E2.1-R0,False,subwp,123,05,8,3075750125,exito,,476.896,0,0,"[0.0, -23.98049044348493]"
1009,goal_101,9,exito,14903,2264.06,05,subwp,123,1,E2.1,E2.1-R0,False,subwp,123,05,9,3226667131,exito,,476.896,0,0,"[0.0, -11.239812396319465]"
1010,goal_101,10,exito,14903,2264.06,05,subwp,123,1,E2.1,E2.1-R0,False,subwp,123,05,10,4212502165,exito,,476.896,0,0,"[0.0, 1.1952645126737793]"
1011,goal_102,1,exito,14854,2273.28,05,subwp,123,1,E2.1,E2.1-R0,False,subwp,123,05,1,3477793406,exito,,475.328,0,0,"[0.0, 24.31256331873414]"
1012,goal_102,2,exito,14854,2273.28,05,subwp,123,1,E2.1,E2.1-R0,False,subwp,123,05,2,1447279556,exito,,475.328,0,0,"[0.0, 19.93318259445304]"
1013,goal_102,3,exito,14854,2273.28,05,subwp,123,1,E2.1,E2.1-R0,False,subwp,123,05,3,558140242,exito,,475.328,0,0,"[0.0, -11.151965000169277]"
1014,goal_102,4,exito,14854,2273.3,05,subwp,123,1,E2.1,E2.1-R0,False,subwp,123,05,4,3206553329,exito,,475.328,0,0,"[0.0, 0.661153763223421]"
1015,goal_102,5,exito,14854,2273.33,05,subwp,123,1,E2.1,E2.1-R0,False,subwp,123,05,5,3358010983,exito,,475.328,0,0,"[0.0, 26.148322286687954]"
1016,goal_102,6,exito,14854,2273.28,05,subwp,123,1,E2.1,E2.1-R0,False,subwp,123,05,6,1362001885,exito,,475.328,0,0,"[0.0, 0.641673853949063]"
1017,goal_102,7,exito,14854,2273.28,05,subwp,123,1,E2.1,E2.1-R0,False,subwp,123,05,7,640241483,exito,,475.328,0,0,"[0.0, 8.547115667571493]"
1018,goal_102,8,exito,14854,2273.32,05,subwp,123,1,E2.1,E2.1-R0,False,subwp,123,05,8,3063304922,exito,,475.328,0,0,"[0.0, -21.02074040259105]"
1019,goal_102,9,exito,14854,2273.28,05,subwp,123,1,E2.1,E2.1-R0,False,subwp,123,05,9,3247530572,exito,,475.328,0,0,"[0.0, 9.418610054120396]"
1020,goal_102,10,exito,14854,2273.28,05,subwp,123,1,E2.1,E2.1-R0,False,subwp,123,05,10,1135200752,exito,,475.328,0,0,"[0.0, 6.002660024492446]"
1021,goal_103,1,exito,14693,2236.0,05,subwp,123,1,E2.1,E2.1-R0,False,subwp,123,05,1,3440137255,exito,,470.176,0,0,"[0.0, 12.030573604754409]"
1022,goal_103,2,exito,14695,2236.31,05,subwp,123,1,E2.1,E2.1-R0,False,subwp,123,05,2,1409615261,exito,,470.24,0,0,"[0.0, 20.561736400873627]"
1023,goal_103,3,exito,14705,2072.94,05,subwp,123,1,E2.1,E2.1-R0,False,subwp,123,05,3,587347211,exito,,470.56,0,0,"[0.0, -5.183128468364096]"
1024,goal_103,4,col_return,8963,1192.62,05,subwp,123,1,E2.1,E2.1-R0,False,subwp,123,05,4,3177619624,col_return,return,286.816,0,0,"[0.0, 26.003577033512325]"
1025,goal_103,5,exito,14690,2236.18,05,subwp,123,1,E2.1,E2.1-R0,False,subwp,123,05,5,3395391550,exito,,470.08,0,0,"[0.0, 9.986495630832641]"
1026,goal_103,6,exito,14695,2236.31,05,subwp,123,1,E2.1,E2.1-R0,False,subwp,123,05,6,1399374212,exito,,470.24,0,0,"[0.0, 28.255249046398443]"
1027,goal_103,7,exito,14695,2236.3,05,subwp,123,1,E2.1,E2.1-R0,False,subwp,123,05,7,611315986,exito,,470.24,0,0,"[0.0, -16.08783456710431]"
1028,goal_103,8,exito,14695,2236.32,05,subwp,123,1,E2.1,E2.1-R0,False,subwp,123,05,8,3033590915,exito,,470.24,0,0,"[0.0, -10.46963997570655]"
1029,goal_103,9,col_return,8849,1177.04,05,subwp,123,1,E2.1,E2.1-R0,False,subwp,123,05,9,3285703701,col_return,return,283.168,0,0,"[0.0, 29.825147353133527]"
1030,goal_103,10,exito,14690,2236.21,05,subwp,123,1,E2.1,E2.1-R0,False,subwp,123,05,10,1360815646,exito,,470.08,0,0,"[0.0, -10.085091970413933]"
1031,goal_104,1,exito,14649,2242.33,05,subwp,123,1,E2.1,E2.1-R0,False,subwp,123,05,1,3436068368,exito,,468.768,0,0,"[0.0, -11.393568803673059]"
1032,goal_104,2,exito,14649,2242.3,05,subwp,123,1,E2.1,E2.1-R0,False,subwp,123,05,2,1439133610,exito,,468.768,0,0,"[0.0, 6.142240745011216]"
1033,goal_104,3,exito,14649,2242.32,05,subwp,123,1,E2.1,E2.1-R0,False,subwp,123,05,3,583032636,exito,,468.768,0,0,"[0.0, 21.76295211745893]"
1034,goal_104,4,col_return,8830,1184.11,05,subwp,123,1,E2.1,E2.1-R0,False,subwp,123,05,4,3164916383,col_return,return,282.56,0,0,"[0.0, 18.090227999024492]"
1035,goal_104,5,exito,14644,2242.3,05,subwp,123,1,E2.1,E2.1-R0,False,subwp,123,05,5,3416521225,exito,,468.608,0,0,"[0.0, -0.5245019614910018]"
1036,goal_104,6,exito,14649,2242.34,05,subwp,123,1,E2.1,E2.1-R0,False,subwp,123,05,6,1386916787,exito,,468.768,0,0,"[0.0, 23.21392189788788]"
1037,goal_104,7,exito,14649,2242.36,05,subwp,123,1,E2.1,E2.1-R0,False,subwp,123,05,7,632134437,exito,,468.768,0,0,"[0.0, 22.58701196922901]"
1038,goal_104,8,exito,14649,2242.35,05,subwp,123,1,E2.1,E2.1-R0,False,subwp,123,05,8,3037890228,exito,,468.768,0,0,"[0.0, 6.030345951867442]"
1039,goal_104,9,col_return,8863,1192.17,05,subwp,123,1,E2.1,E2.1-R0,False,subwp,123,05,9,3256202786,col_return,return,283.616,0,0,"[0.0, -9.16671339866372]"
1040,goal_104,10,exito,14644,2242.21,05,subwp,123,1,E2.1,E2.1-R0,False,subwp,123,05,10,3919577467,exito,,468.608,0,0,"[0.0, -19.989296362519163]"
1041,goal_105,1,exito,14446,2205.32,05,subwp,123,1,E2.1,E2.1-R0,False,subwp,123,05,1,3380684949,exito,,462.272,0,0,"[0.0, -7.188562569916652]"
1042,goal_105,2,exito,14446,2171.61,05,subwp,123,1,E2.1,E2.1-R0,False,subwp,123,05,2,1351121199,exito,,462.272,0,0,"[0.0, -9.777470370451823]"
1043,goal_105,3,col_return,8812,1173.65,05,subwp,123,1,E2.1,E2.1-R0,False,subwp,123,05,3,663701945,col_return,return,281.984,0,0,"[0.0, -10.04010203624923]"
1044,goal_105,4,exito,14441,2205.34,05,subwp,123,1,E2.1,E2.1-R0,False,subwp,123,05,4,3119242266,exito,,462.112,0,0,"[0.0, -10.777360280974053]"
1045,goal_105,5,exito,14446,2205.32,05,subwp,123,1,E2.1,E2.1-R0,False,subwp,123,05,5,3471633548,exito,,462.272,0,0,"[0.0, -28.60242251347245]"
1046,goal_105,6,col_return,8714,1158.42,05,subwp,123,1,E2.1,E2.1-R0,False,subwp,123,05,6,1474673974,col_return,return,278.848,0,0,"[0.0, 18.293773105579653]"
1047,goal_105,7,exito,14441,2205.35,05,subwp,123,1,E2.1,E2.1-R0,False,subwp,123,05,7,551718304,exito,,462.112,0,0,"[0.0, 24.586304078657225]"
1048,goal_105,8,exito,14446,2205.35,05,subwp,123,1,E2.1,E2.1-R0,False,subwp,123,05,8,2958921777,exito,,462.272,0,0,"[0.0, 18.297086272268732]"
1049,goal_105,9,col_return,8654,1155.26,05,subwp,123,1,E2.1,E2.1-R0,False,subwp,123,05,9,3344605351,col_return,return,276.928,0,0,"[0.0, -24.151835684149038]"
1050,goal_105,10,exito,14441,2205.37,05,subwp,123,1,E2.1,E2.1-R0,False,subwp,123,05,10,1953970626,exito,,462.112,0,0,"[0.0, 7.27036190778819]"
1051,goal_106,1,exito,14385,2207.86,05,subwp,123,1,E2.1,E2.1-R0,False,subwp,123,05,1,3359851170,exito,,460.32,0,0,"[0.0, -18.83985861265402]"
1052,goal_106,2,col_return,8640,1163.02,05,subwp,123,1,E2.1,E2.1-R0,False,subwp,123,05,2,1363809048,col_return,return,276.48,0,0,"[0.0, -21.426555920475543]"
1053,goal_106,3,exito,14380,2207.88,05,subwp,123,1,E2.1,E2.1-R0,False,subwp,123,05,3,642589582,exito,,460.16,0,0,"[0.0, -6.393918314864053]"
1054,goal_106,4,exito,14385,2207.83,05,subwp,123,1,E2.1,E2.1-R0,False,subwp,123,05,4,3089741357,exito,,460.32,0,0,"[0.0, -15.085844369756998]"
1055,goal_106,5,col_return,8685,1167.39,05,subwp,123,1,E2.1,E2.1-R0,False,subwp,123,05,5,3475932859,col_return,return,277.92,0,0,"[0.0, 21.393487552787313]"
1056,goal_106,6,exito,14380,2207.87,05,subwp,123,1,E2.1,E2.1-R0,False,subwp,123,05,6,1445451521,exito,,460.16,0,0,"[0.0, 1.917161669450882]"
1057,goal_106,7,exito,14385,2207.79,05,subwp,123,1,E2.1,E2.1-R0,False,subwp,123,05,7,555804567,exito,,460.32,0,0,"[0.0, -27.442100202565342]"
1058,goal_106,8,col_return,8708,1171.98,05,subwp,123,1,E2.1,E2.1-R0,False,subwp,123,05,8,2980051462,col_return,return,278.656,0,0,"[0.0, 16.35178545334762]"
1059,goal_106,9,exito,14380,2207.89,05,subwp,123,1,E2.1,E2.1-R0,False,subwp,123,05,9,3331902096,exito,,460.16,0,0,"[0.0, -10.522701935440192]"
1060,goal_106,10,exito,14385,2207.87,05,subwp,123,1,E2.1,E2.1-R0,False,subwp,123,05,10,3435880103,exito,,460.32,0,0,"[0.0, 28.20822514952614]"
1061,goal_107,1,col_return,8659,1152.77,05,subwp,123,1,E2.1,E2.1-R0,False,subwp,123,05,1,3389390075,col_return,return,277.088,0,0,"[0.0, 27.78985703540441]"
1062,goal_107,2,exito,14245,2181.06,05,subwp,123,1,E2.1,E2.1-R0,False,subwp,123,05,2,1393339713,exito,,455.84,0,0,"[0.0, -25.51894228797568]"
1063,goal_107,3,col_return,8448,1126.62,05,subwp,123,1,E2.1,E2.1-R0,False,subwp,123,05,3,604741079,col_return,return,270.336,0,0,"[0.0, 28.542771158024436]"
1064,goal_107,4,exito,14245,2181.06,05,subwp,123,1,E2.1,E2.1-R0,False,subwp,123,05,4,3127838836,exito,,455.84,0,0,"[0.0, -7.742388784853498]"
1065,goal_107,5,exito,14249,2124.1,05,subwp,123,1,E2.1,E2.1-R0,False,subwp,123,05,5,3446159586,exito,,455.968,0,0,"[0.0, -10.641823334973513]"
1066,goal_107,6,col_return,8741,1158.03,05,subwp,123,1,E2.1,E2.1-R0,False,subwp,123,05,6,1415670104,col_return,return,279.712,0,0,"[0.0, 0.24201775402803438]"
1067,goal_107,7,exito,14243,2180.82,05,subwp,123,1,E2.1,E2.1-R0,False,subwp,123,05,7,593910222,exito,,455.776,0,0,"[0.0, 3.3379707105837264]"
1068,goal_107,8,col_return,8477,1134.78,05,subwp,123,1,E2.1,E2.1-R0,False,subwp,123,05,8,3017360479,col_return,return,271.264,0,0,"[0.0, -29.55426924355811]"
1069,goal_107,9,exito,14243,2180.77,05,subwp,123,1,E2.1,E2.1-R0,False,subwp,123,05,9,3302913225,exito,,455.776,0,0,"[0.0, -6.287428828973138]"
1070,goal_107,10,exito,14254,2034.81,05,subwp,123,1,E2.1,E2.1-R0,False,subwp,123,05,10,3732861257,exito,,456.128,0,0,"[0.0, -27.645944215893632]"
1071,goal_108,1,col_return,8728,1168.52,05,subwp,123,1,E2.1,E2.1-R0,False,subwp,123,05,1,3418855116,col_return,return,279.296,0,0,"[0.0, 21.536271238311326]"
1072,goal_108,2,exito,14184,2180.21,05,subwp,123,1,E2.1,E2.1-R0,False,subwp,123,05,2,1389283190,exito,,453.888,0,0,"[0.0, -5.002764502978991]"
1073,goal_108,3,col_return,8511,1141.05,05,subwp,123,1,E2.1,E2.1-R0,False,subwp,123,05,3,633993184,col_return,return,272.352,0,0,"[0.0, -19.032076397739942]"
1074,goal_108,4,exito,14182,2180.11,05,subwp,123,1,E2.1,E2.1-R0,False,subwp,123,05,4,3148702275,exito,,453.824,0,0,"[0.0, -3.242052955927952]"
1075,goal_108,5,col_return,8411,1128.82,05,subwp,123,1,E2.1,E2.1-R0,False,subwp,123,05,5,3433714389,col_return,return,269.152,0,0,"[0.0, -13.186797697393992]"
1076,goal_108,6,exito,14182,2180.08,05,subwp,123,1,E2.1,E2.1-R0,False,subwp,123,05,6,1436746607,exito,,453.824,0,0,"[0.0, 29.489911720500672]"
1077,goal_108,7,col_return,8361,1121.41,05,subwp,123,1,E2.1,E2.1-R0,False,subwp,123,05,7,581186553,col_return,return,267.552,0,0,"[0.0, -18.71434155307747]"
1078,goal_108,8,exito,14182,2180.09,05,subwp,123,1,E2.1,E2.1-R0,False,subwp,123,05,8,2988125800,exito,,453.824,0,0,"[0.0, -18.734457555273373]"
1079,goal_108,9,col_return,8339,1121.63,05,subwp,123,1,E2.1,E2.1-R0,False,subwp,123,05,9,3306954494,col_return,return,266.848,0,0,"[0.0, -19.379266045990843]"
1080,goal_108,10,exito,14184,2180.19,05,subwp,123,1,E2.1,E2.1-R0,False,subwp,123,05,10,1724028460,exito,,453.888,0,0,"[0.0, 14.752701058544378]"
1081,goal_109,1,exito,14954,2285.35,05,subwp,123,1,E2.1,E2.1-R0,False,subwp,123,05,1,3231437297,exito,,478.528,0,0,"[0.0, -7.214439168596101]"
1082,goal_109,2,exito,14954,2285.33,05,subwp,123,1,E2.1,E2.1-R0,False,subwp,123,05,2,1502773323,exito,,478.528,0,0,"[0.0, 13.646943691176732]"
1083,goal_109,3,exito,14954,2285.36,05,subwp,123,1,E2.1,E2.1-R0,False,subwp,123,05,3,781562077,exito,,478.528,0,0,"[0.0, -8.320742448464525]"
1084,goal_109,4,exito,14954,2285.33,05,subwp,123,1,E2.1,E2.1-R0,False,subwp,123,05,4,2968593790,exito,,478.528,0,0,"[0.0, -25.785721079694707]"
1085,goal_109,5,exito,14954,2285.35,05,subwp,123,1,E2.1,E2.1-R0,False,subwp,123,05,5,3354793448,exito,,478.528,0,0,"[0.0, 6.735684535656404]"
1086,goal_109,6,exito,14954,2285.33,05,subwp,123,1,E2.1,E2.1-R0,False,subwp,123,05,6,1593787474,exito,,478.528,0,0,"[0.0, 8.562019288420316]"
1087,goal_109,7,exito,14954,2285.34,05,subwp,123,1,E2.1,E2.1-R0,False,subwp,123,05,7,704148676,exito,,478.528,0,0,"[0.0, -15.500585447525797]"
1088,goal_109,8,exito,14954,2285.32,05,subwp,123,1,E2.1,E2.1-R0,False,subwp,123,05,8,3108464981,exito,,478.528,0,0,"[0.0, -13.755441331983743]"
1089,goal_109,9,exito,14954,2285.36,05,subwp,123,1,E2.1,E2.1-R0,False,subwp,123,05,9,3460323779,exito,,478.528,0,0,"[0.0, -16.118606761074833]"
1090,goal_109,10,exito,14954,2285.33,05,subwp,123,1,E2.1,E2.1-R0,False,subwp,123,05,10,1050773114,exito,,478.528,0,0,"[0.0, -0.22637185158220774]"
1091,goal_110,1,exito,14764,2247.79,05,subwp,123,1,E2.1,E2.1-R0,False,subwp,123,05,1,3243883462,exito,,472.448,0,0,"[0.0, 11.81042156801323]"
1092,goal_110,2,col_return,8952,1211.03,05,subwp,123,1,E2.1,E2.1-R0,False,subwp,123,05,2,1481697916,col_return,return,286.464,0,0,"[0.0, 8.919731405164484]"
1093,goal_110,3,exito,14759,2264.52,05,subwp,123,1,E2.1,E2.1-R0,False,subwp,123,05,3,794286826,exito,,472.288,0,0,"[0.0, 19.58734518748154]"
1094,goal_110,4,exito,14765,2265.07,05,subwp,123,1,E2.1,E2.1-R0,False,subwp,123,05,4,2972929865,exito,,472.48,0,0,"[0.0, -25.98973515446062]"
1095,goal_110,5,exito,14764,2264.82,05,subwp,123,1,E2.1,E2.1-R0,False,subwp,123,05,5,3325329375,exito,,472.448,0,0,"[0.0, 21.35867948812354]"
1096,goal_110,6,exito,14764,2264.8,05,subwp,123,1,E2.1,E2.1-R0,False,subwp,123,05,6,1597845093,exito,,472.448,0,0,"[0.0, 26.480958703651375]"
1097,goal_110,7,exito,14764,2264.79,05,subwp,123,1,E2.1,E2.1-R0,False,subwp,123,05,7,674897651,exito,,472.448,0,0,"[0.0, -14.266919995657709]"
1098,goal_110,8,exito,14764,2258.02,05,subwp,123,1,E2.1,E2.1-R0,False,subwp,123,05,8,3095724898,exito,,472.448,0,0,"[0.0, -3.78584299414368]"
1099,goal_110,9,col_return,8931,1207.53,05,subwp,123,1,E2.1,E2.1-R0,False,subwp,123,05,9,3481416692,col_return,return,285.792,0,0,"[0.0, -28.594799258045235]"
1100,goal_110,10,exito,14760,2264.7,05,subwp,123,1,E2.1,E2.1-R0,False,subwp,123,05,10,2250105119,exito,,472.32,0,0,"[0.0, 12.349709697150885]"
1101,goal_111,1,exito,15199,2313.91,05,subwp,123,1,E2.1,E2.1-R0,False,subwp,123,05,1,1983178540,exito,,486.368,0,0,"[0.0, -2.0280643382413643]"
1102,goal_111,2,exito,15199,2313.94,05,subwp,123,1,E2.1,E2.1-R0,False,subwp,123,05,2,4013799062,exito,,486.368,0,0,"[0.0, -22.37997972946929]"
1103,goal_111,3,exito,15199,2313.91,05,subwp,123,1,E2.1,E2.1-R0,False,subwp,123,05,3,2553972224,exito,,486.368,0,0,"[0.0, 7.276994667555998]"
1104,goal_111,4,exito,15199,2313.91,05,subwp,123,1,E2.1,E2.1-R0,False,subwp,123,05,4,106828707,exito,,486.368,0,0,"[0.0, 26.96420076113607]"
1105,goal_111,5,exito,15199,2313.94,05,subwp,123,1,E2.1,E2.1-R0,False,subwp,123,05,5,1901667125,exito,,486.368,0,0,"[0.0, -7.270104497536243]"
1106,goal_111,6,exito,15199,2313.94,05,subwp,123,1,E2.1,E2.1-R0,False,subwp,123,05,6,3897586319,exito,,486.368,0,0,"[0.0, -26.619562433155043]"
1107,goal_111,7,exito,15199,2313.94,05,subwp,123,1,E2.1,E2.1-R0,False,subwp,123,05,7,2673295897,exito,,486.368,0,0,"[0.0, 7.271687926922386]"
1108,goal_111,8,exito,15199,2313.95,05,subwp,123,1,E2.1,E2.1-R0,False,subwp,123,05,8,266887048,exito,,486.368,0,0,"[0.0, 2.473943794997815]"
1109,goal_111,9,exito,15199,2313.93,05,subwp,123,1,E2.1,E2.1-R0,False,subwp,123,05,9,2028957470,exito,,486.368,0,0,"[0.0, -22.81094573740042]"
1110,goal_111,10,exito,15199,2313.91,05,subwp,123,1,E2.1,E2.1-R0,False,subwp,123,05,10,3329591077,exito,,486.368,0,0,"[0.0, 28.83425490086356]"
1111,goal_112,1,exito,14916,2280.39,05,subwp,123,1,E2.1,E2.1-R0,False,subwp,123,05,1,2012646683,exito,,477.312,0,0,"[0.0, -8.727375978030647]"
1112,goal_112,2,exito,14916,2280.41,05,subwp,123,1,E2.1,E2.1-R0,False,subwp,123,05,2,4009745569,exito,,477.312,0,0,"[0.0, 11.200957192660418]"
1113,goal_112,3,exito,14916,2280.39,05,subwp,123,1,E2.1,E2.1-R0,False,subwp,123,05,3,2583227447,exito,,477.312,0,0,"[0.0, 15.169030105529318]"
1114,goal_112,4,exito,14916,2280.29,05,subwp,123,1,E2.1,E2.1-R0,False,subwp,123,05,4,127695252,exito,,477.312,0,0,"[0.0, -22.79160981845736]"
1115,goal_112,5,exito,14916,2279.9,05,subwp,123,1,E2.1,E2.1-R0,False,subwp,123,05,5,1889224962,exito,,477.312,0,0,"[0.0, 7.091890427998879]"
1116,goal_112,6,exito,14916,2279.85,05,subwp,123,1,E2.1,E2.1-R0,False,subwp,123,05,6,3918665912,exito,,477.312,0,0,"[0.0, -11.37046413715423]"
1117,goal_112,7,exito,14916,2280.22,05,subwp,123,1,E2.1,E2.1-R0,False,subwp,123,05,7,2660575278,exito,,477.312,0,0,"[0.0, -0.4788602769112882]"
1118,goal_112,8,exito,14916,2280.39,05,subwp,123,1,E2.1,E2.1-R0,False,subwp,123,05,8,237647295,exito,,477.312,0,0,"[0.0, -20.89800711439313]"
1119,goal_112,9,exito,14916,2280.38,05,subwp,123,1,E2.1,E2.1-R0,False,subwp,123,05,9,2032993577,exito,,477.312,0,0,"[0.0, 24.209305693929394]"
1120,goal_112,10,exito,14916,2280.4,05,subwp,123,1,E2.1,E2.1-R0,False,subwp,123,05,10,2127159360,exito,,477.312,0,0,"[0.0, -9.402454529969086]"
1121,goal_113,1,exito,15435,2345.5,05,subwp,123,1,E2.1,E2.1-R0,False,subwp,123,05,1,1974481730,exito,,493.92,0,0,"[0.0, 12.557277887024414]"
1122,goal_113,2,exito,15435,2345.5,05,subwp,123,1,E2.1,E2.1-R0,False,subwp,123,05,2,3971572472,exito,,493.92,0,0,"[0.0, -15.034263159994673]"
1123,goal_113,3,exito,15435,2345.51,05,subwp,123,1,E2.1,E2.1-R0,False,subwp,123,05,3,2612941422,exito,,493.92,0,0,"[0.0, -27.833950808688076]"
1124,goal_113,4,exito,15435,2345.51,05,subwp,123,1,E2.1,E2.1-R0,False,subwp,123,05,4,98224077,exito,,493.92,0,0,"[0.0, -5.282872267924381]"
1125,goal_113,5,exito,15435,2345.51,05,subwp,123,1,E2.1,E2.1-R0,False,subwp,123,05,5,1927149403,exito,,493.92,0,0,"[0.0, 17.77549601003492]"
1126,goal_113,6,exito,15435,2345.18,05,subwp,123,1,E2.1,E2.1-R0,False,subwp,123,05,6,3956582113,exito,,493.92,0,0,"[0.0, 28.29498158788136]"
1127,goal_113,7,exito,15435,2324.63,05,subwp,123,1,E2.1,E2.1-R0,False,subwp,123,05,7,2631112311,exito,,493.92,0,0,"[0.0, -25.59174367961052]"
1128,goal_113,8,col_return,10321,1386.82,05,subwp,123,1,E2.1,E2.1-R0,False,subwp,123,05,8,208440294,col_return,return,330.272,0,0,"[0.0, -9.705838467710313]"
1129,goal_113,9,exito,15435,2345.51,05,subwp,123,1,E2.1,E2.1-R0,False,subwp,123,05,9,2070657904,exito,,493.92,0,0,"[0.0, 9.238061271247936]"
1130,goal_113,10,exito,15435,2345.49,05,subwp,123,1,E2.1,E2.1-R0,False,subwp,123,05,10,1820086190,exito,,493.92,0,0,"[0.0, 2.7834639895827884]"
1131,goal_114,1,exito,15147,2306.07,05,subwp,123,1,E2.1,E2.1-R0,False,subwp,123,05,1,1953651061,exito,,484.704,0,0,"[0.0, -28.621096865963455]"
1132,goal_114,2,exito,15147,2306.06,05,subwp,123,1,E2.1,E2.1-R0,False,subwp,123,05,2,3984263375,exito,,484.704,0,0,"[0.0, -23.39824060138146]"
1133,goal_114,3,exito,15147,2306.08,05,subwp,123,1,E2.1,E2.1-R0,False,subwp,123,05,3,2591832153,exito,,484.704,0,0,"[0.0, 7.604388653348034]"
1134,goal_114,4,exito,15147,2306.06,05,subwp,123,1,E2.1,E2.1-R0,False,subwp,123,05,4,68726266,exito,,484.704,0,0,"[0.0, -24.845068768952874]"
1135,goal_114,5,exito,15147,2306.07,05,subwp,123,1,E2.1,E2.1-R0,False,subwp,123,05,5,1931451756,exito,,484.704,0,0,"[0.0, 25.35267397598502]"
1136,goal_114,6,exito,15147,2306.07,05,subwp,123,1,E2.1,E2.1-R0,False,subwp,123,05,6,3927362774,exito,,484.704,0,0,"[0.0, 23.099434519504964]"
1137,goal_114,7,exito,15147,2306.07,05,subwp,123,1,E2.1,E2.1-R0,False,subwp,123,05,7,2635201600,exito,,484.704,0,0,"[0.0, -9.017484121248216]"
1138,goal_114,8,exito,15147,2306.08,05,subwp,123,1,E2.1,E2.1-R0,False,subwp,123,05,8,229564881,exito,,484.704,0,0,"[0.0, 16.774820424709482]"
1139,goal_114,9,exito,15147,2305.51,05,subwp,123,1,E2.1,E2.1-R0,False,subwp,123,05,9,2057949511,exito,,484.704,0,0,"[0.0, -0.43106655509591363]"
1140,goal_114,10,exito,15147,2305.96,05,subwp,123,1,E2.1,E2.1-R0,False,subwp,123,05,10,3569363147,exito,,484.704,0,0,"[0.0, 16.075416298275048]"
1141,goal_115,1,exito,15678,2376.87,05,subwp,123,1,E2.1,E2.1-R0,False,subwp,123,05,1,1899843568,exito,,501.696,0,0,"[0.0, 26.84118292746915]"
1142,goal_115,2,exito,15678,2376.88,05,subwp,123,1,E2.1,E2.1-R0,False,subwp,123,05,2,3895729738,exito,,501.696,0,0,"[0.0, -10.805873641124887]"
1143,goal_115,3,exito,15678,2374.79,05,subwp,123,1,E2.1,E2.1-R0,False,subwp,123,05,3,2670931676,exito,,501.696,0,0,"[0.0, -0.12065997009677254]"
1144,goal_115,4,col_return,10596,1414.49,05,subwp,123,1,E2.1,E2.1-R0,False,subwp,123,05,4,22526847,col_return,return,339.072,0,0,"[0.0, -24.931231658261797]"
1145,goal_115,5,exito,15676,2376.63,05,subwp,123,1,E2.1,E2.1-R0,False,subwp,123,05,5,1984990185,exito,,501.632,0,0,"[0.0, -10.089036205944911]"
1146,goal_115,6,exito,15678,2376.89,05,subwp,123,1,E2.1,E2.1-R0,False,subwp,123,05,6,4015643219,exito,,501.696,0,0,"[0.0, 28.546270226120214]"
1147,goal_115,7,exito,15678,2376.9,05,subwp,123,1,E2.1,E2.1-R0,False,subwp,123,05,7,2556357317,exito,,501.696,0,0,"[0.0, 2.054779597163998]"
1148,goal_115,8,exito,15678,2376.88,05,subwp,123,1,E2.1,E2.1-R0,False,subwp,123,05,8,149026644,exito,,501.696,0,0,"[0.0, 11.563000858441118]"
1149,goal_115,9,exito,15678,2376.91,05,subwp,123,1,E2.1,E2.1-R0,False,subwp,123,05,9,2145830850,exito,,501.696,0,0,"[0.0, 13.410327008274074]"
1150,goal_115,10,exito,15678,2376.88,05,subwp,123,1,E2.1,E2.1-R0,False,subwp,123,05,10,1226248306,exito,,501.696,0,0,"[0.0, 24.949101067301672]"
1151,goal_116,1,exito,15388,2336.75,05,subwp,123,1,E2.1,E2.1-R0,False,subwp,123,05,1,1895769543,exito,,492.416,0,0,"[0.0, -13.697065363732264]"
1152,goal_116,2,col_return,10442,1383.56,05,subwp,123,1,E2.1,E2.1-R0,False,subwp,123,05,2,3925243005,col_return,return,334.144,0,0,"[0.0, -19.448020242008827]"
1153,goal_116,3,exito,15383,2340.07,05,subwp,123,1,E2.1,E2.1-R0,False,subwp,123,05,3,2666611947,exito,,492.256,0,0,"[0.0, -14.724693338023364]"
1154,goal_116,4,exito,15388,2340.3,05,subwp,123,1,E2.1,E2.1-R0,False,subwp,123,05,4,9818440,exito,,492.416,0,0,"[0.0, 13.894940926415618]"
1155,goal_116,5,exito,15388,2340.35,05,subwp,123,1,E2.1,E2.1-R0,False,subwp,123,05,5,2006114782,exito,,492.416,0,0,"[0.0, -17.40031429201815]"
1156,goal_116,6,exito,15388,2340.35,05,subwp,123,1,E2.1,E2.1-R0,False,subwp,123,05,6,4003180644,exito,,492.416,0,0,"[0.0, 10.53946415196542]"
1157,goal_116,7,exito,15388,2340.3,05,subwp,123,1,E2.1,E2.1-R0,False,subwp,123,05,7,2577170674,exito,,492.416,0,0,"[0.0, 10.75852324254219]"
1158,goal_116,8,exito,15388,2340.28,05,subwp,123,1,E2.1,E2.1-R0,False,subwp,123,05,8,153328995,exito,,492.416,0,0,"[0.0, -17.666363882148154]"
1159,goal_116,9,exito,15388,2340.21,05,subwp,123,1,E2.1,E2.1-R0,False,subwp,123,05,9,2116333045,exito,,492.416,0,0,"[0.0, 11.693878077515937]"
1160,goal_116,10,exito,15388,2340.31,05,subwp,123,1,E2.1,E2.1-R0,False,subwp,123,05,10,4054546199,exito,,492.416,0,0,"[0.0, -20.308630575443594]"
1161,goal_117,1,exito,15879,2403.9,05,subwp,123,1,E2.1,E2.1-R0,False,subwp,123,05,1,1924766622,exito,,508.128,0,0,"[0.0, 17.107995381348946]"
1162,goal_117,2,exito,15881,2370.26,05,subwp,123,1,E2.1,E2.1-R0,False,subwp,123,05,2,3954231844,exito,,508.192,0,0,"[0.0, -19.031974260243135]"
1163,goal_117,3,col_return,10500,1410.35,05,subwp,123,1,E2.1,E2.1-R0,False,subwp,123,05,3,2629302962,col_return,return,336.0,0,0,"[0.0, -10.365247788172486]"
1164,goal_117,4,exito,15877,2403.63,05,subwp,123,1,E2.1,E2.1-R0,False,subwp,123,05,4,47410961,exito,,508.064,0,0,"[0.0, 21.26028825049495]"
1165,goal_117,5,exito,15879,2403.87,05,subwp,123,1,E2.1,E2.1-R0,False,subwp,123,05,5,1976852359,exito,,508.128,0,0,"[0.0, -16.11111990723669]"
1166,goal_117,6,exito,15879,2403.85,05,subwp,123,1,E2.1,E2.1-R0,False,subwp,123,05,6,3973910077,exito,,508.128,0,0,"[0.0, 0.16649986777580672]"
1167,goal_117,7,exito,15879,2403.85,05,subwp,123,1,E2.1,E2.1-R0,False,subwp,123,05,7,2614771371,exito,,508.128,0,0,"[0.0, -27.364285368876345]"
1168,goal_117,8,exito,15879,2385.54,05,subwp,123,1,E2.1,E2.1-R0,False,subwp,123,05,8,191177530,exito,,508.128,0,0,"[0.0, 2.63894824994636]"
1169,goal_117,9,col_return,10554,1413.28,05,subwp,123,1,E2.1,E2.1-R0,False,subwp,123,05,9,2086802348,col_return,return,337.728,0,0,"[0.0, 13.099991645972008]"
1170,goal_117,10,exito,15876,2403.59,05,subwp,123,1,E2.1,E2.1-R0,False,subwp,123,05,10,3810449657,exito,,508.032,0,0,"[0.0, -25.56337207931064]"
1171,goal_118,1,exito,15608,2367.81,05,subwp,123,1,E2.1,E2.1-R0,False,subwp,123,05,1,1937502633,exito,,499.456,0,0,"[0.0, 21.079261465654298]"
1172,goal_118,2,exito,15608,2367.85,05,subwp,123,1,E2.1,E2.1-R0,False,subwp,123,05,2,3933380627,exito,,499.456,0,0,"[0.0, -16.118904032166725]"
1173,goal_118,3,exito,15608,2367.84,05,subwp,123,1,E2.1,E2.1-R0,False,subwp,123,05,3,2641727621,exito,,499.456,0,0,"[0.0, 18.9826407908861]"
1174,goal_118,4,exito,15608,2367.83,05,subwp,123,1,E2.1,E2.1-R0,False,subwp,123,05,4,51447078,exito,,499.456,0,0,"[0.0, 19.47412609837963]"
1175,goal_118,5,exito,15608,2367.85,05,subwp,123,1,E2.1,E2.1-R0,False,subwp,123,05,5,1947612592,exito,,499.456,0,0,"[0.0, -1.4165494251764987]"
1176,goal_118,6,exito,15610,2336.28,05,subwp,123,1,E2.1,E2.1-R0,False,subwp,123,05,6,3978257418,exito,,499.52,0,0,"[0.0, -26.96252453667267]"
1177,goal_118,7,col_return,10372,1390.72,05,subwp,123,1,E2.1,E2.1-R0,False,subwp,123,05,7,2585285788,col_return,return,331.904,0,0,"[0.0, 14.092724192965616]"
1178,goal_118,8,exito,15603,2367.79,05,subwp,123,1,E2.1,E2.1-R0,False,subwp,123,05,8,178735373,exito,,499.296,0,0,"[0.0, -14.89421433404952]"
1179,goal_118,9,exito,15608,2367.84,05,subwp,123,1,E2.1,E2.1-R0,False,subwp,123,05,9,2107668891,exito,,499.456,0,0,"[0.0, -8.130905400528407]"
1180,goal_118,10,exito,15608,2367.85,05,subwp,123,1,E2.1,E2.1-R0,False,subwp,123,05,10,1537392540,exito,,499.456,0,0,"[0.0, -16.063351594856112]"
1181,goal_119,1,exito,16135,2438.15,05,subwp,123,1,E2.1,E2.1-R0,False,subwp,123,05,1,2015868564,exito,,516.32,0,0,"[0.0, 14.925593527603327]"
1182,goal_119,2,exito,16135,2438.13,05,subwp,123,1,E2.1,E2.1-R0,False,subwp,123,05,2,3777947438,exito,,516.32,0,0,"[0.0, 24.4758148160362]"
1183,goal_119,3,col_return,10905,1459.5,05,subwp,123,1,E2.1,E2.1-R0,False,subwp,123,05,3,2519324600,col_return,return,348.96,0,0,"[0.0, 7.712898385885428]"
1184,goal_119,4,exito,16133,2438.09,05,subwp,123,1,E2.1,E2.1-R0,False,subwp,123,05,4,139280923,exito,,516.256,0,0,"[0.0, 24.48970556888759]"
1185,goal_119,5,exito,16135,2438.14,05,subwp,123,1,E2.1,E2.1-R0,False,subwp,123,05,5,2135585421,exito,,516.32,0,0,"[0.0, -21.275150303117773]"
1186,goal_119,6,exito,16135,2438.14,05,subwp,123,1,E2.1,E2.1-R0,False,subwp,123,05,6,3863159607,exito,,516.32,0,0,"[0.0, 18.940444251217553]"
1187,goal_119,7,exito,16135,2419.38,05,subwp,123,1,E2.1,E2.1-R0,False,subwp,123,05,7,2437157793,exito,,516.32,0,0,"[0.0, 16.51195297208334]"
1188,goal_119,8,col_return,10678,1429.64,05,subwp,123,1,E2.1,E2.1-R0,False,subwp,123,05,8,33230384,col_return,return,341.696,0,0,"[0.0, -9.403003000647148]"
1189,goal_119,9,exito,16133,2438.08,05,subwp,123,1,E2.1,E2.1-R0,False,subwp,123,05,9,1996242598,exito,,516.256,0,0,"[0.0, -11.430475099432956]"
1190,goal_119,10,exito,16135,2438.12,05,subwp,123,1,E2.1,E2.1-R0,False,subwp,123,05,10,63025098,exito,,516.32,0,0,"[0.0, -22.92378816114615]"
1191,goal_120,1,exito,15854,2400.75,05,subwp,123,1,E2.1,E2.1-R0,False,subwp,123,05,1,2045107363,exito,,507.328,0,0,"[0.0, 27.9053568184935]"
1192,goal_120,2,exito,15854,2399.69,05,subwp,123,1,E2.1,E2.1-R0,False,subwp,123,05,2,3773599001,exito,,507.328,0,0,"[0.0, 17.3044649881786]"
1193,goal_120,3,col_return,10707,1436.23,05,subwp,123,1,E2.1,E2.1-R0,False,subwp,123,05,3,2548809103,col_return,return,342.624,0,0,"[0.0, 7.417632901951443]"
1194,goal_120,4,exito,15849,2400.34,05,subwp,123,1,E2.1,E2.1-R0,False,subwp,123,05,4,160376876,exito,,507.168,0,0,"[0.0, -1.7611816333344987]"
1195,goal_120,5,exito,15854,2400.79,05,subwp,123,1,E2.1,E2.1-R0,False,subwp,123,05,5,2122848442,exito,,507.328,0,0,"[0.0, -7.3301577426730224]"
1196,goal_120,6,exito,15854,2400.79,05,subwp,123,1,E2.1,E2.1-R0,False,subwp,123,05,6,3884009728,exito,,507.328,0,0,"[0.0, 27.994670705036764]"
1197,goal_120,7,exito,15854,2400.78,05,subwp,123,1,E2.1,E2.1-R0,False,subwp,123,05,7,2424732054,exito,,507.328,0,0,"[0.0, -27.050983311590198]"
1198,goal_120,8,exito,15854,2399.97,05,subwp,123,1,E2.1,E2.1-R0,False,subwp,123,05,8,3761159,exito,,507.328,0,0,"[0.0, -2.538119919403301]"
1199,goal_120,9,col_return,10720,1438.35,05,subwp,123,1,E2.1,E2.1-R0,False,subwp,123,05,9,2000573585,col_return,return,343.04,0,0,"[0.0, -0.7993296115460091]"
1200,goal_120,10,exito,15849,2400.52,05,subwp,123,1,E2.1,E2.1-R0,False,subwp,123,05,10,3145582767,exito,,507.168,0,0,"[0.0, -12.38551625423744]"
1201,goal_121,1,exito,16348,2467.44,05,subwp,123,1,E2.1,E2.1-R0,False,subwp,123,05,1,1686194370,exito,,523.136,0,0,"[0.0, 24.924270599075705]"
1202,goal_121,2,exito,16348,2467.43,05,subwp,123,1,E2.1,E2.1-R0,False,subwp,123,05,2,4253555064,exito,,523.136,0,0,"[0.0, -7.862287735782587]"
1203,goal_121,3,col_return,11323,1524.65,05,subwp,123,1,E2.1,E2.1-R0,False,subwp,123,05,3,2324638190,col_return,return,362.336,0,0,"[0.0, -7.589683830272184]"
1204,goal_121,4,exito,16346,2467.2,05,subwp,123,1,E2.1,E2.1-R0,False,subwp,123,05,4,350993485,exito,,523.072,0,0,"[0.0, 29.139853211206017]"
1205,goal_121,5,exito,16348,2467.45,05,subwp,123,1,E2.1,E2.1-R0,False,subwp,123,05,5,1676446939,exito,,523.136,0,0,"[0.0, -1.8493196286899316]"
1206,goal_121,6,exito,16348,2467.45,05,subwp,123,1,E2.1,E2.1-R0,False,subwp,123,05,6,4209368417,exito,,523.136,0,0,"[0.0, 3.1334707944522844]"
1207,goal_121,7,col_return,11159,1489.73,05,subwp,123,1,E2.1,E2.1-R0,False,subwp,123,05,7,2380459511,col_return,return,357.088,0,0,"[0.0, -21.284546507704032]"
1208,goal_121,8,exito,16346,2467.25,05,subwp,123,1,E2.1,E2.1-R0,False,subwp,123,05,8,492695654,exito,,523.072,0,0,"[0.0, -16.098649594595805]"
1209,goal_121,9,exito,16348,2467.5,05,subwp,123,1,E2.1,E2.1-R0,False,subwp,123,05,9,1784332528,exito,,523.136,0,0,"[0.0, -24.45049574560899]"
1210,goal_121,10,exito,16348,2467.47,05,subwp,123,1,E2.1,E2.1-R0,False,subwp,123,05,10,2178285045,exito,,523.136,0,0,"[0.0, -10.08257051349738]"
1211,goal_122,1,col_return,10922,1455.8,05,subwp,123,1,E2.1,E2.1-R0,False,subwp,123,05,1,1698898677,col_return,return,349.504,0,0,"[0.0, -8.28127640210222]"
1212,goal_122,2,exito,16075,2429.39,05,subwp,123,1,E2.1,E2.1-R0,False,subwp,123,05,2,4232737615,exito,,514.4,0,0,"[0.0, 19.15989251117171]"
1213,goal_122,3,exito,16080,2429.76,05,subwp,123,1,E2.1,E2.1-R0,False,subwp,123,05,3,2337096665,exito,,514.56,0,0,"[0.0, 0.26131754111727856]"
1214,goal_122,4,exito,16080,2429.77,05,subwp,123,1,E2.1,E2.1-R0,False,subwp,123,05,4,355063418,exito,,514.56,0,0,"[0.0, 14.152038743732016]"
1215,goal_122,5,exito,16080,2427.78,05,subwp,123,1,E2.1,E2.1-R0,False,subwp,123,05,5,1647240940,exito,,514.56,0,0,"[0.0, -19.143852748676196]"
1216,goal_122,6,col_return,10801,1441.15,05,subwp,123,1,E2.1,E2.1-R0,False,subwp,123,05,6,4213684054,col_return,return,345.632,0,0,"[0.0, 19.444647559099813]"
1217,goal_122,7,exito,16076,2429.15,05,subwp,123,1,E2.1,E2.1-R0,False,subwp,123,05,7,2350942144,exito,,514.432,0,0,"[0.0, -18.741282822288888]"
1218,goal_122,8,exito,16080,2429.75,05,subwp,123,1,E2.1,E2.1-R0,False,subwp,123,05,8,480221777,exito,,514.56,0,0,"[0.0, -22.97157334279602]"
1219,goal_122,9,exito,16080,2429.77,05,subwp,123,1,E2.1,E2.1-R0,False,subwp,123,05,9,1805167303,exito,,514.56,0,0,"[0.0, 24.611212753724665]"
1220,goal_122,10,exito,16080,2423.99,05,subwp,123,1,E2.1,E2.1-R0,False,subwp,123,05,10,963222160,exito,,514.56,0,0,"[0.0, -26.6857860130234]"
1221,goal_123,1,col_return,10982,1472.55,05,subwp,123,1,E2.1,E2.1-R0,False,subwp,123,05,1,1728421036,col_return,return,351.424,0,0,"[0.0, 10.622726629603056]"
1222,goal_123,2,exito,16605,2500.18,05,subwp,123,1,E2.1,E2.1-R0,False,subwp,123,05,2,4262251798,exito,,531.36,0,0,"[0.0, 21.209433566625524]"
1223,goal_123,3,exito,16605,2500.04,05,subwp,123,1,E2.1,E2.1-R0,False,subwp,123,05,3,2299264384,exito,,531.36,0,0,"[0.0, -16.075713183121955]"
1224,goal_123,4,col_return,11400,1525.63,05,subwp,123,1,E2.1,E2.1-R0,False,subwp,123,05,4,393177123,col_return,return,364.8,0,0,"[0.0, -0.7469492229092656]"
1225,goal_123,5,exito,16603,2499.82,05,subwp,123,1,E2.1,E2.1-R0,False,subwp,123,05,5,1617451189,exito,,531.296,0,0,"[0.0, 5.207683247593189]"
1226,goal_123,6,exito,16605,2500.06,05,subwp,123,1,E2.1,E2.1-R0,False,subwp,123,05,6,4183886095,exito,,531.36,0,0,"[0.0, 25.468283092451102]"
1227,goal_123,7,col_return,11589,1555.58,05,subwp,123,1,E2.1,E2.1-R0,False,subwp,123,05,7,2389064089,col_return,return,370.848,0,0,"[0.0, -24.145013695358926]"
1228,goal_123,8,exito,16603,2499.76,05,subwp,123,1,E2.1,E2.1-R0,False,subwp,123,05,8,517547016,exito,,531.296,0,0,"[0.0, 23.474371973182244]"
1229,goal_123,9,exito,16605,2500.05,05,subwp,123,1,E2.1,E2.1-R0,False,subwp,123,05,9,1776161950,exito,,531.36,0,0,"[0.0, -24.755272279556312]"
1230,goal_123,10,exito,16605,2474.02,05,subwp,123,1,E2.1,E2.1-R0,False,subwp,123,05,10,735851902,exito,,531.36,0,0,"[0.0, -12.8907614318457]"
1231,goal_124,1,col_return,10758,1437.51,05,subwp,123,1,E2.1,E2.1-R0,False,subwp,123,05,1,1724380827,col_return,return,344.256,0,0,"[0.0, -21.39044343826635]"
1232,goal_124,2,exito,16331,2465.53,05,subwp,123,1,E2.1,E2.1-R0,False,subwp,123,05,2,4291733281,exito,,522.592,0,0,"[0.0, 26.507924007341337]"
1233,goal_124,3,exito,16336,2465.88,05,subwp,123,1,E2.1,E2.1-R0,False,subwp,123,05,3,2294912951,exito,,522.752,0,0,"[0.0, -22.551953784635312]"
1234,goal_124,4,exito,16336,2461.05,05,subwp,123,1,E2.1,E2.1-R0,False,subwp,123,05,4,380437012,exito,,522.752,0,0,"[0.0, -17.72898112285911]"
1235,goal_124,5,col_return,10867,1459.96,05,subwp,123,1,E2.1,E2.1-R0,False,subwp,123,05,5,1638544002,col_return,return,347.744,0,0,"[0.0, 23.02975645024246]"
1236,goal_124,6,exito,16331,2465.49,05,subwp,123,1,E2.1,E2.1-R0,False,subwp,123,05,6,4171457336,exito,,522.592,0,0,"[0.0, 5.428706817580706]"
1237,goal_124,7,exito,16336,2465.88,05,subwp,123,1,E2.1,E2.1-R0,False,subwp,123,05,7,2409911214,exito,,522.752,0,0,"[0.0, -24.405796463435966]"
1238,goal_124,8,exito,16336,2464.33,05,subwp,123,1,E2.1,E2.1-R0,False,subwp,123,05,8,521883199,exito,,522.752,0,0,"[0.0, -23.5040777385816]"
1239,goal_124,9,col_return,10931,1466.79,05,subwp,123,1,E2.1,E2.1-R0,False,subwp,123,05,9,1746697897,col_return,return,349.792,0,0,"[0.0, 18.09050843751099]"
1240,goal_124,10,exito,16331,2465.54,05,subwp,123,1,E2.1,E2.1-R0,False,subwp,123,05,10,2472563227,exito,,522.592,0,0,"[0.0, -3.8302926833391493]"
1241,goal_125,1,exito,16854,2534.66,05,subwp,123,1,E2.1,E2.1-R0,False,subwp,123,05,1,1669914654,exito,,539.328,0,0,"[0.0, -12.920493467795648]"
1242,goal_125,2,col_return,11641,1553.68,05,subwp,123,1,E2.1,E2.1-R0,False,subwp,123,05,2,4202803620,col_return,return,372.512,0,0,"[0.0, -15.386854634743965]"
1243,goal_125,3,exito,16852,2534.42,05,subwp,123,1,E2.1,E2.1-R0,False,subwp,123,05,3,2374402354,exito,,539.264,0,0,"[0.0, 18.851600519403313]"
1244,goal_125,4,exito,16855,2534.83,05,subwp,123,1,E2.1,E2.1-R0,False,subwp,123,05,4,333583505,exito,,539.36,0,0,"[0.0, -16.165245234415366]"
1245,goal_125,5,col_return,11455,1536.99,05,subwp,123,1,E2.1,E2.1-R0,False,subwp,123,05,5,1692738567,col_return,return,366.56,0,0,"[0.0, 1.0193010607178299]"
1246,goal_125,6,exito,16853,2534.6,05,subwp,123,1,E2.1,E2.1-R0,False,subwp,123,05,6,4260132285,exito,,539.296,0,0,"[0.0, -3.8701680166886887]"
1247,goal_125,7,exito,16854,2534.65,05,subwp,123,1,E2.1,E2.1-R0,False,subwp,123,05,7,2330674475,exito,,539.328,0,0,"[0.0, -9.18123703622012]"
1248,goal_125,8,col_return,11373,1525.95,05,subwp,123,1,E2.1,E2.1-R0,False,subwp,123,05,8,441735354,col_return,return,363.936,0,0,"[0.0, 6.636932438484919]"
1249,goal_125,9,exito,16853,2534.55,05,subwp,123,1,E2.1,E2.1-R0,False,subwp,123,05,9,1834182700,exito,,539.296,0,0,"[0.0, 24.939720759219398]"
1250,goal_125,10,exito,16854,2534.64,05,subwp,123,1,E2.1,E2.1-R0,False,subwp,123,05,10,246901410,exito,,539.328,0,0,"[0.0, 5.362909347210401]"
1251,goal_126,1,col_return,11198,1505.94,05,subwp,123,1,E2.1,E2.1-R0,False,subwp,123,05,1,1649052201,col_return,return,358.336,0,0,"[0.0, 28.249216207724537]"
1252,goal_126,2,exito,16597,2501.88,05,subwp,123,1,E2.1,E2.1-R0,False,subwp,123,05,2,4215528339,exito,,531.104,0,0,"[0.0, 17.476639735001626]"
1253,goal_126,3,exito,16602,2502.22,05,subwp,123,1,E2.1,E2.1-R0,False,subwp,123,05,3,2353326853,exito,,531.264,0,0,"[0.0, 29.84859723772079]"
1254,goal_126,4,col_return,11516,1542.59,05,subwp,123,1,E2.1,E2.1-R0,False,subwp,123,05,4,304119462,col_return,return,368.512,0,0,"[0.0, 14.220994529597814]"
1255,goal_126,5,exito,16596,2501.72,05,subwp,123,1,E2.1,E2.1-R0,False,subwp,123,05,5,1697074736,exito,,531.072,0,0,"[0.0, 3.464170156766009]"
1256,goal_126,6,exito,16602,2502.22,05,subwp,123,1,E2.1,E2.1-R0,False,subwp,123,05,6,4230881162,exito,,531.264,0,0,"[0.0, -26.874010610307412]"
1257,goal_126,7,exito,16602,2465.55,05,subwp,123,1,E2.1,E2.1-R0,False,subwp,123,05,7,2334732060,exito,,531.264,0,0,"[0.0, 17.574767394920134]"
1258,goal_126,8,col_return,10843,1455.02,05,subwp,123,1,E2.1,E2.1-R0,False,subwp,123,05,8,462828173,col_return,return,346.976,0,0,"[0.0, 17.747968799995284]"
1259,goal_126,9,exito,16596,2501.72,05,subwp,123,1,E2.1,E2.1-R0,False,subwp,123,05,9,1821442587,exito,,531.072,0,0,"[0.0, 23.389697563069415]"
1260,goal_126,10,exito,16602,2502.18,05,subwp,123,1,E2.1,E2.1-R0,False,subwp,123,05,10,3054177735,exito,,531.264,0,0,"[0.0, 3.3883214869587874]"
1261,goal_127,1,col_return,11564,1549.07,05,subwp,123,1,E2.1,E2.1-R0,False,subwp,123,05,1,1611412592,col_return,return,370.048,0,0,"[0.0, 3.2965545639096505]"
1262,goal_127,2,exito,17081,2564.96,05,subwp,123,1,E2.1,E2.1-R0,False,subwp,123,05,2,4177880522,exito,,546.592,0,0,"[0.0, -5.50111347643738]"
1263,goal_127,3,exito,17083,2555.65,05,subwp,123,1,E2.1,E2.1-R0,False,subwp,123,05,3,2382517596,exito,,546.656,0,0,"[0.0, -9.84580310069153]"
1264,goal_127,4,exito,17083,2478.43,05,subwp,123,1,E2.1,E2.1-R0,False,subwp,123,05,4,275169535,exito,,546.656,0,0,"[0.0, -23.765298047630537]"
1265,goal_127,5,exito,17083,2565.23,05,subwp,123,1,E2.1,E2.1-R0,False,subwp,123,05,5,1734471785,exito,,546.656,0,0,"[0.0, -8.523577968717673]"
1266,goal_127,6,exito,17083,2565.17,05,subwp,123,1,E2.1,E2.1-R0,False,subwp,123,05,6,4268270035,exito,,546.656,0,0,"[0.0, 26.7878160357237]"
1267,goal_127,7,col_return,11825,1581.7,05,subwp,123,1,E2.1,E2.1-R0,False,subwp,123,05,7,2305790277,col_return,return,378.4,0,0,"[0.0, 25.442066984271964]"
1268,goal_127,8,exito,17081,2565.02,05,subwp,123,1,E2.1,E2.1-R0,False,subwp,123,05,8,433097940,exito,,546.592,0,0,"[0.0, 10.583158131414137]"
1269,goal_127,9,exito,17083,2564.22,05,subwp,123,1,E2.1,E2.1-R0,False,subwp,123,05,9,1859632194,exito,,546.656,0,0,"[0.0, -17.29544235204243]"
1270,goal_127,10,col_return,11323,1518.51,05,subwp,123,1,E2.1,E2.1-R0,False,subwp,123,05,10,2763956777,col_return,return,362.336,0,0,"[0.0, -9.103381871375225]"
1271,goal_128,1,exito,16827,2532.68,05,subwp,123,1,E2.1,E2.1-R0,False,subwp,123,05,1,1640914503,exito,,538.464,0,0,"[0.0, 21.05958013198723]"
1272,goal_128,2,exito,16834,2532.09,05,subwp,123,1,E2.1,E2.1-R0,False,subwp,123,05,2,4173795325,exito,,538.688,0,0,"[0.0, -17.610584981581795]"
1273,goal_128,3,col_return,11206,1501.07,05,subwp,123,1,E2.1,E2.1-R0,False,subwp,123,05,3,2411741035,col_return,return,358.592,0,0,"[0.0, -12.744326510030968]"
1274,goal_128,4,exito,16828,2532.66,05,subwp,123,1,E2.1,E2.1-R0,False,subwp,123,05,4,296004296,exito,,538.496,0,0,"[0.0, 19.42197224188474]"
1275,goal_128,5,exito,16834,2532.93,05,subwp,123,1,E2.1,E2.1-R0,False,subwp,123,05,5,1721997918,exito,,538.688,0,0,"[0.0, -25.38419701373207]"
1276,goal_128,6,col_return,11271,1513.58,05,subwp,123,1,E2.1,E2.1-R0,False,subwp,123,05,6,4289383396,col_return,return,360.672,0,0,"[0.0, -20.632844846452222]"
1277,goal_128,7,exito,16827,2532.68,05,subwp,123,1,E2.1,E2.1-R0,False,subwp,123,05,7,2293103474,exito,,538.464,0,0,"[0.0, -22.968355679014902]"
1278,goal_128,8,exito,16834,2532.92,05,subwp,123,1,E2.1,E2.1-R0,False,subwp,123,05,8,403891939,exito,,538.688,0,0,"[0.0, -10.57545560541016]"
1279,goal_128,9,col_return,11307,1513.34,05,subwp,123,1,E2.1,E2.1-R0,False,subwp,123,05,9,1863702133,col_return,return,361.824,0,0,"[0.0, 4.91713579172038]"
1280,goal_128,10,exito,16826,2532.64,05,subwp,123,1,E2.1,E2.1-R0,False,subwp,123,05,10,469943628,exito,,538.432,0,0,"[0.0, -17.899814591492106]"
1281,goal_129,1,exito,17338,2590.61,05,subwp,123,1,E2.1,E2.1-R0,False,subwp,123,05,1,1787959674,exito,,554.816,0,0,"[0.0, -27.091950605432665]"
1282,goal_129,2,exito,17338,2600.98,05,subwp,123,1,E2.1,E2.1-R0,False,subwp,123,05,2,4087040192,exito,,554.816,0,0,"[0.0, -7.164546386503872]"
1283,goal_129,3,exito,17338,2601.02,05,subwp,123,1,E2.1,E2.1-R0,False,subwp,123,05,3,2224846934,exito,,554.816,0,0,"[0.0, 15.880634869577912]"
1284,goal_129,4,exito,17338,2600.99,05,subwp,123,1,E2.1,E2.1-R0,False,subwp,123,05,4,452521461,exito,,554.816,0,0,"[0.0, -29.869025223868334]"
1285,goal_129,5,col_return,11560,1549.36,05,subwp,123,1,E2.1,E2.1-R0,False,subwp,123,05,5,1845484899,col_return,return,369.92,0,0,"[0.0, 28.249838873894422]"
1286,goal_129,6,exito,17336,2600.8,05,subwp,123,1,E2.1,E2.1-R0,False,subwp,123,05,6,4109798617,exito,,554.752,0,0,"[0.0, -26.786110747758098]"
1287,goal_129,7,col_return,12111,1626.05,05,subwp,123,1,E2.1,E2.1-R0,False,subwp,123,05,7,2213657679,col_return,return,387.552,0,0,"[0.0, 19.089770552892535]"
1288,goal_129,8,exito,17336,2600.75,05,subwp,123,1,E2.1,E2.1-R0,False,subwp,123,05,8,323920350,exito,,554.752,0,0,"[0.0, 6.221730485360622]"
1289,goal_129,9,exito,17338,2565.77,05,subwp,123,1,E2.1,E2.1-R0,False,subwp,123,05,9,1682542920,exito,,554.816,0,0,"[0.0, -18.39895453949294]"
1290,goal_129,10,exito,17338,2601.03,05,subwp,123,1,E2.1,E2.1-R0,False,subwp,123,05,10,1147262234,exito,,554.816,0,0,"[0.0, -1.57722920712416]"
1291,goal_130,1,exito,17096,2567.9,05,subwp,123,1,E2.1,E2.1-R0,False,subwp,123,05,1,1800434509,exito,,547.072,0,0,"[0.0, -27.245246132733072]"
1292,goal_130,2,exito,17096,2567.93,05,subwp,123,1,E2.1,E2.1-R0,False,subwp,123,05,2,4065927927,exito,,547.072,0,0,"[0.0, 15.221335673778535]"
1293,goal_130,3,col_return,11579,1551.98,05,subwp,123,1,E2.1,E2.1-R0,False,subwp,123,05,3,2237534817,col_return,return,370.528,0,0,"[0.0, -5.2497862058799605]"
1294,goal_130,4,exito,17091,2567.37,05,subwp,123,1,E2.1,E2.1-R0,False,subwp,123,05,4,456820674,exito,,546.912,0,0,"[0.0, -19.72506373457547]"
1295,goal_130,5,exito,17096,2557.14,05,subwp,123,1,E2.1,E2.1-R0,False,subwp,123,05,5,1815983956,exito,,547.072,0,0,"[0.0, 19.678225691939982]"
1296,goal_130,6,exito,17097,2522.85,05,subwp,123,1,E2.1,E2.1-R0,False,subwp,123,05,6,4113884910,exito,,547.104,0,0,"[0.0, -27.684818670540675]"
1297,goal_130,7,exito,17096,2567.91,05,subwp,123,1,E2.1,E2.1-R0,False,subwp,123,05,7,2184435320,exito,,547.072,0,0,"[0.0, -13.289834403246479]"
1298,goal_130,8,exito,17096,2567.9,05,subwp,123,1,E2.1,E2.1-R0,False,subwp,123,05,8,311217129,exito,,547.072,0,0,"[0.0, 4.44110274809046]"
1299,goal_130,9,col_return,11814,1577.23,05,subwp,123,1,E2.1,E2.1-R0,False,subwp,123,05,9,1703672703,col_return,return,378.048,0,0,"[0.0, 2.1189875305051165]"
1300,goal_130,10,exito,17091,2567.62,05,subwp,123,1,E2.1,E2.1-R0,False,subwp,123,05,10,4242387583,exito,,546.912,0,0,"[0.0, 1.1701526080869118]"
1301,goal_131,1,col_return,12580,1683.56,05,subwp,123,1,E2.1,E2.1-R0,False,subwp,123,05,1,3694997415,col_return,return,402.56,0,0,"[0.0, -23.55226796173152]"
1302,goal_131,2,exito,17557,2628.06,05,subwp,123,1,E2.1,E2.1-R0,False,subwp,123,05,2,1161068061,exito,,561.824,0,0,"[0.0, -24.048830707073858]"
1303,goal_131,3,col_return,12516,1674.82,05,subwp,123,1,E2.1,E2.1-R0,False,subwp,123,05,3,842223243,col_return,return,400.512,0,0,"[0.0, -20.960550460761414]"
1304,goal_131,4,exito,17556,2628.02,05,subwp,123,1,E2.1,E2.1-R0,False,subwp,123,05,4,2891438888,exito,,561.792,0,0,"[0.0, 22.33827108414808]"
1305,goal_131,5,col_return,12475,1674.46,05,subwp,123,1,E2.1,E2.1-R0,False,subwp,123,05,5,3679513534,col_return,return,399.2,0,0,"[0.0, -13.465275313773349]"
1306,goal_131,6,exito,17557,2628.11,05,subwp,123,1,E2.1,E2.1-R0,False,subwp,123,05,6,1113176580,exito,,561.824,0,0,"[0.0, -11.189866670320923]"
1307,goal_131,7,col_return,12465,1668.75,05,subwp,123,1,E2.1,E2.1-R0,False,subwp,123,05,7,895388306,col_return,return,398.88,0,0,"[0.0, 28.546156686276476]"
1308,goal_131,8,exito,17557,2628.14,05,subwp,123,1,E2.1,E2.1-R0,False,subwp,123,05,8,2783024899,exito,,561.824,0,0,"[0.0, -24.105833070072677]"
1309,goal_131,9,col_return,12456,1663.21,05,subwp,123,1,E2.1,E2.1-R0,False,subwp,123,05,9,3538331541,col_return,return,398.592,0,0,"[0.0, 17.209748923316685]"
1310,goal_131,10,exito,17557,2628.08,05,subwp,123,1,E2.1,E2.1-R0,False,subwp,123,05,10,3166032965,exito,,561.824,0,0,"[0.0, -16.125968350365408]"
1311,goal_132,1,col_return,12307,1655.82,05,subwp,123,1,E2.1,E2.1-R0,False,subwp,123,05,1,3724494224,col_return,return,393.824,0,0,"[0.0, 27.034221998904858]"
1312,goal_132,2,exito,17304,2596.29,05,subwp,123,1,E2.1,E2.1-R0,False,subwp,123,05,2,1156977706,exito,,553.728,0,0,"[0.0, 24.937867286240895]"
1313,goal_132,3,exito,17309,2591.31,05,subwp,123,1,E2.1,E2.1-R0,False,subwp,123,05,3,871441596,exito,,553.888,0,0,"[0.0, -9.039997384484872]"
1314,goal_132,4,exito,17309,2596.52,05,subwp,123,1,E2.1,E2.1-R0,False,subwp,123,05,4,2912268575,exito,,553.888,0,0,"[0.0, 19.312864857267108]"
1315,goal_132,5,exito,17309,2596.51,05,subwp,123,1,E2.1,E2.1-R0,False,subwp,123,05,5,3667034505,exito,,553.888,0,0,"[0.0, 24.32582863236188]"
1316,goal_132,6,exito,17309,2596.56,05,subwp,123,1,E2.1,E2.1-R0,False,subwp,123,05,6,1134284851,exito,,553.888,0,0,"[0.0, 3.841954816400368]"
1317,goal_132,7,col_return,11628,1561.34,05,subwp,123,1,E2.1,E2.1-R0,False,subwp,123,05,7,882696357,col_return,return,372.096,0,0,"[0.0, 12.81049822498926]"
1318,goal_132,8,exito,17304,2596.28,05,subwp,123,1,E2.1,E2.1-R0,False,subwp,123,05,8,2753822004,exito,,553.728,0,0,"[0.0, 29.433723329804437]"
1319,goal_132,9,col_return,12180,1625.76,05,subwp,123,1,E2.1,E2.1-R0,False,subwp,123,05,9,3542404514,col_return,return,389.76,0,0,"[0.0, 6.762591007784966]"
1320,goal_132,10,exito,17304,2596.21,05,subwp,123,1,E2.1,E2.1-R0,False,subwp,123,05,10,67744544,exito,,553.728,0,0,"[0.0, -28.04913081011428]"
1321,goal_133,1,exito,16658,2519.27,05,subwp,123,1,E2.1,E2.1-R0,False,subwp,123,05,1,3753507785,exito,,533.056,0,0,"[0.0, -23.65312699039614]"
1322,goal_133,2,col_return,11269,1523.19,05,subwp,123,1,E2.1,E2.1-R0,False,subwp,123,05,2,1185983091,col_return,return,360.608,0,0,"[0.0, -24.122479046337737]"
1323,goal_133,3,exito,16653,2519.34,05,subwp,123,1,E2.1,E2.1-R0,False,subwp,123,05,3,834116325,exito,,532.896,0,0,"[0.0, 9.575483957077411]"
1324,goal_133,4,exito,16658,2519.3,05,subwp,123,1,E2.1,E2.1-R0,False,subwp,123,05,4,2949844806,exito,,533.056,0,0,"[0.0, 26.2982682104809]"
1325,goal_133,5,col_return,11477,1552.43,05,subwp,123,1,E2.1,E2.1-R0,False,subwp,123,05,5,3637788624,col_return,return,367.264,0,0,"[0.0, -23.736592759948255]"
1326,goal_133,6,exito,16653,2519.11,05,subwp,123,1,E2.1,E2.1-R0,False,subwp,123,05,6,1105030762,exito,,532.896,0,0,"[0.0, 15.056820347583503]"
1327,goal_133,7,exito,16658,2519.29,05,subwp,123,1,E2.1,E2.1-R0,False,subwp,123,05,7,920280828,exito,,533.056,0,0,"[0.0, -18.138116133456045]"
1328,goal_133,8,col_return,11576,1565.14,05,subwp,123,1,E2.1,E2.1-R0,False,subwp,123,05,8,2791654253,col_return,return,370.432,0,0,"[0.0, -3.9882872322961482]"
1329,goal_133,9,exito,16653,2519.1,05,subwp,123,1,E2.1,E2.1-R0,False,subwp,123,05,9,3512890363,exito,,532.896,0,0,"[0.0, -4.788945981516632]"
1330,goal_133,10,exito,16658,2519.28,05,subwp,123,1,E2.1,E2.1-R0,False,subwp,123,05,10,381426894,exito,,533.056,0,0,"[0.0, -11.052841039730687]"
1331,goal_134,1,col_return,11653,1577.85,05,subwp,123,1,E2.1,E2.1-R0,False,subwp,123,05,1,3732640254,col_return,return,372.896,0,0,"[0.0, -23.085798992046033]"
1332,goal_134,2,exito,16682,2526.26,05,subwp,123,1,E2.1,E2.1-R0,False,subwp,123,05,2,1198702660,exito,,533.824,0,0,"[0.0, -11.037402382293916]"
1333,goal_134,3,exito,16687,2526.31,05,subwp,123,1,E2.1,E2.1-R0,False,subwp,123,05,3,813035730,exito,,533.984,0,0,"[0.0, 23.673523613381676]"
1334,goal_134,4,col_return,11636,1575.99,05,subwp,123,1,E2.1,E2.1-R0,False,subwp,123,05,4,2920375665,col_return,return,372.352,0,0,"[0.0, 21.123146805299662]"
1335,goal_134,5,exito,16681,2526.12,05,subwp,123,1,E2.1,E2.1-R0,False,subwp,123,05,5,3642119655,exito,,533.792,0,0,"[0.0, 28.06289133412339]"
1336,goal_134,6,exito,16687,2526.41,05,subwp,123,1,E2.1,E2.1-R0,False,subwp,123,05,6,1075774557,exito,,533.984,0,0,"[0.0, -24.794041343893262]"
1337,goal_134,7,col_return,11627,1576.85,05,subwp,123,1,E2.1,E2.1-R0,False,subwp,123,05,7,924333259,col_return,return,372.064,0,0,"[0.0, 10.707244487017851]"
1338,goal_134,8,exito,16681,2526.12,05,subwp,123,1,E2.1,E2.1-R0,False,subwp,123,05,8,2812750170,exito,,533.792,0,0,"[0.0, -27.569925953248877]"
1339,goal_134,9,exito,16687,2526.42,05,subwp,123,1,E2.1,E2.1-R0,False,subwp,123,05,9,3500153292,exito,,533.984,0,0,"[0.0, -8.151700851269428]"
1340,goal_134,10,col_return,11647,1567.17,05,subwp,123,1,E2.1,E2.1-R0,False,subwp,123,05,10,2919267243,col_return,return,372.704,0,0,"[0.0, -7.109983824449538]"
1341,goal_135,1,exito,16536,2500.09,05,subwp,123,1,E2.1,E2.1-R0,False,subwp,123,05,1,3677652859,exito,,529.152,0,0,"[0.0, 24.685318151836164]"
1342,goal_135,2,exito,16541,2500.21,05,subwp,123,1,E2.1,E2.1-R0,False,subwp,123,05,2,1111348929,exito,,529.312,0,0,"[0.0, -29.191139148509897]"
1343,goal_135,3,exito,16541,2490.93,05,subwp,123,1,E2.1,E2.1-R0,False,subwp,123,05,3,893052503,exito,,529.312,0,0,"[0.0, 28.775530987342677]"
1344,goal_135,4,col_return,10931,1466.45,05,subwp,123,1,E2.1,E2.1-R0,False,subwp,123,05,4,2875094004,col_return,return,349.792,0,0,"[0.0, 28.302232120369467]"
1345,goal_135,5,exito,16536,2500.24,05,subwp,123,1,E2.1,E2.1-R0,False,subwp,123,05,5,3696837474,exito,,529.152,0,0,"[0.0, 22.605296350656012]"
1346,goal_135,6,exito,16541,2500.21,05,subwp,123,1,E2.1,E2.1-R0,False,subwp,123,05,6,1162875608,exito,,529.312,0,0,"[0.0, -5.031200624942478]"
1347,goal_135,7,col_return,11436,1534.16,05,subwp,123,1,E2.1,E2.1-R0,False,subwp,123,05,7,844571214,col_return,return,365.952,0,0,"[0.0, 0.8572029156920347]"
1348,goal_135,8,exito,16536,2500.23,05,subwp,123,1,E2.1,E2.1-R0,False,subwp,123,05,8,2733129695,exito,,529.152,0,0,"[0.0, 12.333344219993483]"
1349,goal_135,9,exito,16541,2500.25,05,subwp,123,1,E2.1,E2.1-R0,False,subwp,123,05,9,3589214025,exito,,529.312,0,0,"[0.0, 0.29474116485028734]"
1350,goal_135,10,exito,16541,2484.64,05,subwp,123,1,E2.1,E2.1-R0,False,subwp,123,05,10,869745426,exito,,529.312,0,0,"[0.0, -21.49505571075092]"
1351,goal_136,1,col_return,10920,1473.91,05,subwp,123,1,E2.1,E2.1-R0,False,subwp,123,05,1,3673615692,col_return,return,349.44,0,0,"[0.0, 8.391684590001443]"
1352,goal_136,2,exito,16588,2512.34,05,subwp,123,1,E2.1,E2.1-R0,False,subwp,123,05,2,1140833526,exito,,530.816,0,0,"[0.0, -14.564561839599792]"
1353,goal_136,3,exito,16591,2512.04,05,subwp,123,1,E2.1,E2.1-R0,False,subwp,123,05,3,888704096,exito,,530.912,0,0,"[0.0, 28.94047013352983]"
1354,goal_136,4,col_return,11370,1538.01,05,subwp,123,1,E2.1,E2.1-R0,False,subwp,123,05,4,2862356931,col_return,return,363.84,0,0,"[0.0, 27.642057700674393]"
1355,goal_136,5,exito,16586,2512.0,05,subwp,123,1,E2.1,E2.1-R0,False,subwp,123,05,5,3717933397,exito,,530.752,0,0,"[0.0, -8.398417629842003]"
1356,goal_136,6,exito,16591,2512.14,05,subwp,123,1,E2.1,E2.1-R0,False,subwp,123,05,6,1150449903,exito,,530.912,0,0,"[0.0, 8.143528445986172]"
1357,goal_136,7,col_return,11595,1569.92,05,subwp,123,1,E2.1,E2.1-R0,False,subwp,123,05,7,865421433,col_return,return,371.04,0,0,"[0.0, -13.296454710211233]"
1358,goal_136,8,exito,16588,2512.38,05,subwp,123,1,E2.1,E2.1-R0,False,subwp,123,05,8,2737460712,exito,,530.816,0,0,"[0.0, -13.922640442258444]"
1359,goal_136,9,exito,16591,2512.09,05,subwp,123,1,E2.1,E2.1-R0,False,subwp,123,05,9,3559744894,exito,,530.912,0,0,"[0.0, -26.302413509685422]"
1360,goal_136,10,exito,16591,2494.08,05,subwp,123,1,E2.1,E2.1-R0,False,subwp,123,05,10,2339054711,exito,,530.912,0,0,"[0.0, 15.208836671867385]"
1361,goal_137,1,col_return,10764,1438.91,05,subwp,123,1,E2.1,E2.1-R0,False,subwp,123,05,1,3635434261,col_return,return,344.448,0,0,"[0.0, 2.8839967960119273]"
1362,goal_137,2,exito,16287,2462.52,05,subwp,123,1,E2.1,E2.1-R0,False,subwp,123,05,2,1102643887,exito,,521.184,0,0,"[0.0, 25.885757437774934]"
1363,goal_137,3,exito,16291,2462.51,05,subwp,123,1,E2.1,E2.1-R0,False,subwp,123,05,3,918434361,exito,,521.312,0,0,"[0.0, 29.258802196662018]"
1364,goal_137,4,exito,16291,2461.65,05,subwp,123,1,E2.1,E2.1-R0,False,subwp,123,05,4,2832902042,exito,,521.312,0,0,"[0.0, -10.625175964631609]"
1365,goal_137,5,col_return,10936,1470.1,05,subwp,123,1,E2.1,E2.1-R0,False,subwp,123,05,5,3755841292,col_return,return,349.952,0,0,"[0.0, 2.29831149699673]"
1366,goal_137,6,exito,16287,2462.69,05,subwp,123,1,E2.1,E2.1-R0,False,subwp,123,05,6,1188349622,exito,,521.184,0,0,"[0.0, 14.015199928996854]"
1367,goal_137,7,exito,16292,2462.59,05,subwp,123,1,E2.1,E2.1-R0,False,subwp,123,05,7,835974688,exito,,521.344,0,0,"[0.0, 14.793751912631167]"
1368,goal_137,8,exito,16291,2462.46,05,subwp,123,1,E2.1,E2.1-R0,False,subwp,123,05,8,2708270001,exito,,521.312,0,0,"[0.0, 27.803680138774183]"
1369,goal_137,9,col_return,11039,1481.02,05,subwp,123,1,E2.1,E2.1-R0,False,subwp,123,05,9,3597392679,col_return,return,353.248,0,0,"[0.0, -3.3929671949310247]"
1370,goal_137,10,exito,16287,2462.53,05,subwp,123,1,E2.1,E2.1-R0,False,subwp,123,05,10,2581498777,exito,,521.184,0,0,"[0.0, 18.318234237369808]"
1371,goal_138,1,exito,16343,2476.21,05,subwp,123,1,E2.1,E2.1-R0,False,subwp,123,05,1,3648141602,exito,,522.976,0,0,"[0.0, 5.149780467745957]"
1372,goal_138,2,exito,16343,2476.19,05,subwp,123,1,E2.1,E2.1-R0,False,subwp,123,05,2,1081829528,exito,,522.976,0,0,"[0.0, 6.336404076401054]"
1373,goal_138,3,col_return,11065,1488.03,05,subwp,123,1,E2.1,E2.1-R0,False,subwp,123,05,3,930895886,col_return,return,354.08,0,0,"[0.0, -14.372270097619825]"
1374,goal_138,4,exito,16338,2476.25,05,subwp,123,1,E2.1,E2.1-R0,False,subwp,123,05,4,2836975021,exito,,522.816,0,0,"[0.0, -0.9004914067516445]"
1375,goal_138,5,exito,16345,2476.37,05,subwp,123,1,E2.1,E2.1-R0,False,subwp,123,05,5,3726638395,exito,,523.04,0,0,"[0.0, 16.501562484994096]"
1376,goal_138,6,exito,16343,2476.13,05,subwp,123,1,E2.1,E2.1-R0,False,subwp,123,05,6,1192668289,exito,,522.976,0,0,"[0.0, 29.122275583241915]"
1377,goal_138,7,col_return,11019,1475.73,05,subwp,123,1,E2.1,E2.1-R0,False,subwp,123,05,7,806460439,col_return,return,352.608,0,0,"[0.0, 13.357880565604475]"
1378,goal_138,8,exito,16338,2476.25,05,subwp,123,1,E2.1,E2.1-R0,False,subwp,123,05,8,2695790982,exito,,522.816,0,0,"[0.0, -26.176513945097675]"
1379,goal_138,9,exito,16345,2476.38,05,subwp,123,1,E2.1,E2.1-R0,False,subwp,123,05,9,3618222352,exito,,523.04,0,0,"[0.0, 1.76183304975162]"
1380,goal_138,10,exito,16343,2475.71,05,subwp,123,1,E2.1,E2.1-R0,False,subwp,123,05,10,560131324,exito,,522.976,0,0,"[0.0, 8.164697897218057]"
1381,goal_139,1,col_return,10838,1452.7,05,subwp,123,1,E2.1,E2.1-R0,False,subwp,123,05,1,3526262303,col_return,return,346.816,0,0,"[0.0, 12.349990607185273]"
1382,goal_139,2,exito,16039,2426.73,05,subwp,123,1,E2.1,E2.1-R0,False,subwp,123,05,2,1260859301,exito,,513.248,0,0,"[0.0, -18.761922476570216]"
1383,goal_139,3,exito,16045,2426.95,05,subwp,123,1,E2.1,E2.1-R0,False,subwp,123,05,3,1008738099,exito,,513.44,0,0,"[0.0, 17.226675147957682]"
1384,goal_139,4,exito,16045,2426.95,05,subwp,123,1,E2.1,E2.1-R0,False,subwp,123,05,4,2722400912,exito,,513.44,0,0,"[0.0, 9.352860973283763]"
1385,goal_139,5,exito,16044,2426.21,05,subwp,123,1,E2.1,E2.1-R0,False,subwp,123,05,5,3577985542,exito,,513.408,0,0,"[0.0, -28.698786462863737]"
1386,goal_139,6,col_return,10836,1447.78,05,subwp,123,1,E2.1,E2.1-R0,False,subwp,123,05,6,1279978428,col_return,return,346.752,0,0,"[0.0, -3.335800982593844]"
1387,goal_139,7,exito,16041,2426.95,05,subwp,123,1,E2.1,E2.1-R0,False,subwp,123,05,7,994958122,exito,,513.312,0,0,"[0.0, 10.523728393615944]"
1388,goal_139,8,exito,16044,2426.88,05,subwp,123,1,E2.1,E2.1-R0,False,subwp,123,05,8,2884814523,exito,,513.408,0,0,"[0.0, -3.6285463406692853]"
1389,goal_139,9,exito,16045,2427.11,05,subwp,123,1,E2.1,E2.1-R0,False,subwp,123,05,9,3707106861,exito,,513.44,0,0,"[0.0, 3.5087052143720387]"
1390,goal_139,10,exito,16045,2426.1,05,subwp,123,1,E2.1,E2.1-R0,False,subwp,123,05,10,2030173354,exito,,513.44,0,0,"[0.0, 14.310432081259401]"
1391,goal_140,1,col_return,10849,1459.59,05,subwp,123,1,E2.1,E2.1-R0,False,subwp,123,05,1,3555464232,col_return,return,347.168,0,0,"[0.0, -1.2318291030043893]"
1392,goal_140,2,exito,16098,2440.93,05,subwp,123,1,E2.1,E2.1-R0,False,subwp,123,05,2,1256539538,exito,,515.136,0,0,"[0.0, -2.102763466021944]"
1393,goal_140,3,exito,16106,2441.4,05,subwp,123,1,E2.1,E2.1-R0,False,subwp,123,05,3,1038251268,exito,,515.392,0,0,"[0.0, 14.306096880813861]"
1394,goal_140,4,exito,16104,2441.11,05,subwp,123,1,E2.1,E2.1-R0,False,subwp,123,05,4,2743525543,exito,,515.328,0,0,"[0.0, 0.417829531763767]"
1395,goal_140,5,exito,16105,2432.19,05,subwp,123,1,E2.1,E2.1-R0,False,subwp,123,05,5,3565277233,exito,,515.36,0,0,"[0.0, 3.8021960030039748]"
1396,goal_140,6,col_return,10714,1444.28,05,subwp,123,1,E2.1,E2.1-R0,False,subwp,123,05,6,1300791691,col_return,return,342.848,0,0,"[0.0, -4.537375861709743]"
1397,goal_140,7,exito,16098,2441.07,05,subwp,123,1,E2.1,E2.1-R0,False,subwp,123,05,7,982495517,exito,,515.136,0,0,"[0.0, -18.576705817572613]"
1398,goal_140,8,exito,16106,2441.42,05,subwp,123,1,E2.1,E2.1-R0,False,subwp,123,05,8,2855316620,exito,,515.392,0,0,"[0.0, -9.023928655132046]"
1399,goal_140,9,exito,16104,2441.1,05,subwp,123,1,E2.1,E2.1-R0,False,subwp,123,05,9,3711409178,exito,,515.328,0,0,"[0.0, 16.619543848200582]"
1400,goal_140,10,exito,16105,2418.37,05,subwp,123,1,E2.1,E2.1-R0,False,subwp,123,05,10,3250428879,exito,,515.36,0,0,"[0.0, -3.3551568865627313]"
1401,goal_141,1,col_return,10510,1408.01,05,subwp,123,1,E2.1,E2.1-R0,False,subwp,123,05,1,1105860382,col_return,return,336.32,0,0,"[0.0, 8.946048044868618]"
1402,goal_141,2,exito,15823,2395.4,05,subwp,123,1,E2.1,E2.1-R0,False,subwp,123,05,2,3638773412,exito,,506.336,0,0,"[0.0, 13.387394444231408]"
1403,goal_141,3,exito,15830,2395.72,05,subwp,123,1,E2.1,E2.1-R0,False,subwp,123,05,3,2950985266,exito,,506.56,0,0,"[0.0, 9.867430653303703]"
1404,goal_141,4,exito,15830,2395.73,05,subwp,123,1,E2.1,E2.1-R0,False,subwp,123,05,4,830530449,exito,,506.56,0,0,"[0.0, -15.588348305742416]"
1405,goal_141,5,exito,15830,2395.77,05,subwp,123,1,E2.1,E2.1-R0,False,subwp,123,05,5,1183306503,exito,,506.56,0,0,"[0.0, 13.73783043977689]"
1406,goal_141,6,exito,15830,2394.24,05,subwp,123,1,E2.1,E2.1-R0,False,subwp,123,05,6,3750658749,exito,,506.56,0,0,"[0.0, 28.472035414915254]"
1407,goal_141,7,col_return,10692,1424.4,05,subwp,123,1,E2.1,E2.1-R0,False,subwp,123,05,7,2827596331,col_return,return,342.144,0,0,"[0.0, -23.639948448763075]"
1408,goal_141,8,exito,15823,2395.54,05,subwp,123,1,E2.1,E2.1-R0,False,subwp,123,05,8,943108026,exito,,506.336,0,0,"[0.0, 22.869806607856326]"
1409,goal_141,9,exito,15830,2395.77,05,subwp,123,1,E2.1,E2.1-R0,False,subwp,123,05,9,1328652076,exito,,506.56,0,0,"[0.0, -11.423066113251467]"
1410,goal_141,10,exito,15830,2395.76,05,subwp,123,1,E2.1,E2.1-R0,False,subwp,123,05,10,244648021,exito,,506.56,0,0,"[0.0, 12.187202371621611]"
1411,goal_142,1,exito,15868,2411.92,05,subwp,123,1,E2.1,E2.1-R0,False,subwp,123,05,1,1076395305,exito,,507.776,0,0,"[0.0, 20.94250641710601]"
1412,goal_142,2,exito,15866,2411.32,05,subwp,123,1,E2.1,E2.1-R0,False,subwp,123,05,2,3642829971,exito,,507.712,0,0,"[0.0, 21.380826629926474]"
1413,goal_142,3,col_return,10752,1444.6,05,subwp,123,1,E2.1,E2.1-R0,False,subwp,123,05,3,2921733125,col_return,return,344.064,0,0,"[0.0, 3.886320438276265]"
1414,goal_142,4,exito,15861,2411.84,05,subwp,123,1,E2.1,E2.1-R0,False,subwp,123,05,4,809666982,exito,,507.552,0,0,"[0.0, -25.98201383194103]"
1415,goal_142,5,exito,15868,2411.97,05,subwp,123,1,E2.1,E2.1-R0,False,subwp,123,05,5,1195751728,exito,,507.776,0,0,"[0.0, -14.845099469636832]"
1416,goal_142,6,exito,15866,2411.85,05,subwp,123,1,E2.1,E2.1-R0,False,subwp,123,05,6,3729582218,exito,,507.712,0,0,"[0.0, -2.9145373874826586]"
1417,goal_142,7,exito,15864,2411.55,05,subwp,123,1,E2.1,E2.1-R0,False,subwp,123,05,7,2840320028,exito,,507.648,0,0,"[0.0, 25.873755045941063]"
1418,goal_142,8,exito,15868,2410.51,05,subwp,123,1,E2.1,E2.1-R0,False,subwp,123,05,8,972342669,exito,,507.776,0,0,"[0.0, 1.6106057912877159]"
1419,goal_142,9,col_return,10695,1444.47,05,subwp,123,1,E2.1,E2.1-R0,False,subwp,123,05,9,1324610843,col_return,return,342.24,0,0,"[0.0, 12.158591395229209]"
1420,goal_142,10,exito,15863,2411.86,05,subwp,123,1,E2.1,E2.1-R0,False,subwp,123,05,10,3056168752,exito,,507.616,0,0,"[0.0, -15.470420789368012]"
1421,goal_143,1,exito,15567,2358.82,05,subwp,123,1,E2.1,E2.1-R0,False,subwp,123,05,1,1114555248,exito,,498.144,0,0,"[0.0, 15.105066522841517]"
1422,goal_143,2,exito,15568,2359.0,05,subwp,123,1,E2.1,E2.1-R0,False,subwp,123,05,2,3680998090,exito,,498.176,0,0,"[0.0, -16.44344917170576]"
1423,goal_143,3,exito,15568,2358.9,05,subwp,123,1,E2.1,E2.1-R0,False,subwp,123,05,3,2892014172,exito,,498.176,0,0,"[0.0, -19.0898512168272]"
1424,goal_143,4,exito,15568,2358.87,05,subwp,123,1,E2.1,E2.1-R0,False,subwp,123,05,4,839137279,exito,,498.176,0,0,"[0.0, 22.913368055213546]"
1425,goal_143,5,exito,15568,2358.89,05,subwp,123,1,E2.1,E2.1-R0,False,subwp,123,05,5,1157826409,exito,,498.176,0,0,"[0.0, 25.765125268293232]"
1426,goal_143,6,exito,15568,2357.77,05,subwp,123,1,E2.1,E2.1-R0,False,subwp,123,05,6,3691665107,exito,,498.176,0,0,"[0.0, 3.9005357880779545]"
1427,goal_143,7,col_return,10574,1411.65,05,subwp,123,1,E2.1,E2.1-R0,False,subwp,123,05,7,2869782085,col_return,return,338.368,0,0,"[0.0, 23.481682333575172]"
1428,goal_143,8,exito,15562,2358.68,05,subwp,123,1,E2.1,E2.1-R0,False,subwp,123,05,8,1001552852,exito,,497.984,0,0,"[0.0, -4.791462607964034]"
1429,goal_143,9,exito,15568,2358.98,05,subwp,123,1,E2.1,E2.1-R0,False,subwp,123,05,9,1286949698,exito,,498.176,0,0,"[0.0, -21.364875843142364]"
1430,goal_143,10,exito,15568,2358.89,05,subwp,123,1,E2.1,E2.1-R0,False,subwp,123,05,10,2761736414,exito,,498.176,0,0,"[0.0, 1.9485669983123732]"
1431,goal_144,1,exito,15629,2375.95,05,subwp,123,1,E2.1,E2.1-R0,False,subwp,123,05,1,1135388999,exito,,500.128,0,0,"[0.0, -11.615430860591559]"
1432,goal_144,2,exito,15629,2376.0,05,subwp,123,1,E2.1,E2.1-R0,False,subwp,123,05,2,3668310269,exito,,500.128,0,0,"[0.0, 2.7419376968196896]"
1433,goal_144,3,exito,15629,2376.04,05,subwp,123,1,E2.1,E2.1-R0,False,subwp,123,05,3,2913126507,exito,,500.128,0,0,"[0.0, 28.821169505616687]"
1434,goal_144,4,exito,15629,2376.0,05,subwp,123,1,E2.1,E2.1-R0,False,subwp,123,05,4,868638152,exito,,500.128,0,0,"[0.0, -4.146153144726923]"
1435,goal_144,5,exito,15629,2344.92,05,subwp,123,1,E2.1,E2.1-R0,False,subwp,123,05,5,1153527134,exito,,500.128,0,0,"[0.0, -1.1027647900681004]"
1436,goal_144,6,col_return,10381,1395.88,05,subwp,123,1,E2.1,E2.1-R0,False,subwp,123,05,6,3720887524,col_return,return,332.192,0,0,"[0.0, -1.5916915916080732]"
1437,goal_144,7,exito,15624,2375.97,05,subwp,123,1,E2.1,E2.1-R0,False,subwp,123,05,7,2865695858,exito,,499.968,0,0,"[0.0, -4.849257050483404]"
1438,goal_144,8,exito,15629,2375.99,05,subwp,123,1,E2.1,E2.1-R0,False,subwp,123,05,8,980423139,exito,,500.128,0,0,"[0.0, 3.9491025074378827]"
1439,goal_144,9,exito,15629,2375.98,05,subwp,123,1,E2.1,E2.1-R0,False,subwp,123,05,9,1299652981,exito,,500.128,0,0,"[0.0, -24.867433637067688]"
1440,goal_144,10,exito,15629,2376.0,05,subwp,123,1,E2.1,E2.1-R0,False,subwp,123,05,10,471902139,exito,,500.128,0,0,"[0.0, -22.032135118194923]"
1441,goal_145,1,exito,15348,2329.59,05,subwp,123,1,E2.1,E2.1-R0,False,subwp,123,05,1,1189330882,exito,,491.136,0,0,"[0.0, 11.764148145642576]"
1442,goal_145,2,exito,15348,2329.7,05,subwp,123,1,E2.1,E2.1-R0,False,subwp,123,05,2,3756715640,exito,,491.136,0,0,"[0.0, -23.73953980701344]"
1443,goal_145,3,exito,15348,2329.69,05,subwp,123,1,E2.1,E2.1-R0,False,subwp,123,05,3,2834161390,exito,,491.136,0,0,"[0.0, -29.417259975204107]"
1444,goal_145,4,exito,15348,2329.7,05,subwp,123,1,E2.1,E2.1-R0,False,subwp,123,05,4,914967373,exito,,491.136,0,0,"[0.0, -5.419102846215374]"
1445,goal_145,5,exito,15348,2327.54,05,subwp,123,1,E2.1,E2.1-R0,False,subwp,123,05,5,1099856859,exito,,491.136,0,0,"[0.0, -6.301095772885348]"
1446,goal_145,6,exito,15348,2299.45,05,subwp,123,1,E2.1,E2.1-R0,False,subwp,123,05,6,3632736865,exito,,491.136,0,0,"[0.0, 20.990570024454453]"
1447,goal_145,7,col_return,10249,1371.84,05,subwp,123,1,E2.1,E2.1-R0,False,subwp,123,05,7,2944408311,col_return,return,327.968,0,0,"[0.0, 26.96869066177889]"
1448,goal_145,8,exito,15343,2329.63,05,subwp,123,1,E2.1,E2.1-R0,False,subwp,123,05,8,1061095270,exito,,490.976,0,0,"[0.0, 1.9139037535346648]"
1449,goal_145,9,exito,15348,2329.75,05,subwp,123,1,E2.1,E2.1-R0,False,subwp,123,05,9,1211643888,exito,,491.136,0,0,"[0.0, 16.39668302960105]"
1450,goal_145,10,exito,15348,2329.76,05,subwp,123,1,E2.1,E2.1-R0,False,subwp,123,05,10,2180488962,exito,,491.136,0,0,"[0.0, 28.542540933350228]"
1451,goal_146,1,exito,15402,2345.85,05,subwp,123,1,E2.1,E2.1-R0,False,subwp,123,05,1,1193399797,exito,,492.864,0,0,"[0.0, 23.871449940062192]"
1452,goal_146,2,exito,15402,2345.82,05,subwp,123,1,E2.1,E2.1-R0,False,subwp,123,05,2,3727197263,exito,,492.864,0,0,"[0.0, -13.499141367087962]"
1453,goal_146,3,exito,15402,2345.82,05,subwp,123,1,E2.1,E2.1-R0,False,subwp,123,05,3,2838475993,exito,,492.864,0,0,"[0.0, -12.78133692108377]"
1454,goal_146,4,exito,15402,2345.83,05,subwp,123,1,E2.1,E2.1-R0,False,subwp,123,05,4,927670650,exito,,492.864,0,0,"[0.0, 13.599796024366624]"
1455,goal_146,5,exito,15402,2345.84,05,subwp,123,1,E2.1,E2.1-R0,False,subwp,123,05,5,1078727148,exito,,492.864,0,0,"[0.0, -8.460369082077769]"
1456,goal_146,6,exito,15402,2345.87,05,subwp,123,1,E2.1,E2.1-R0,False,subwp,123,05,6,3645194326,exito,,492.864,0,0,"[0.0, -8.45410626419338]"
1457,goal_146,7,exito,15402,2345.89,05,subwp,123,1,E2.1,E2.1-R0,False,subwp,123,05,7,2923589824,exito,,492.864,0,0,"[0.0, -20.975481212881263]"
1458,goal_146,8,exito,15402,2345.44,05,subwp,123,1,E2.1,E2.1-R0,False,subwp,123,05,8,1056795985,exito,,492.864,0,0,"[0.0, -0.6166016441400934]"
1459,goal_146,9,exito,15402,2327.19,05,subwp,123,1,E2.1,E2.1-R0,False,subwp,123,05,9,1241144775,exito,,492.864,0,0,"[0.0, 13.29003550188504]"
1460,goal_146,10,col_return,10319,1386.42,05,subwp,123,1,E2.1,E2.1-R0,False,subwp,123,05,10,961280103,col_return,return,330.208,0,0,"[0.0, 10.01389004135534]"
1461,goal_147,1,exito,15097,2293.23,05,subwp,123,1,E2.1,E2.1-R0,False,subwp,123,05,1,1164405676,exito,,483.104,0,0,"[0.0, 11.703102251256151]"
1462,goal_147,2,exito,15102,2293.37,05,subwp,123,1,E2.1,E2.1-R0,False,subwp,123,05,2,3698211350,exito,,483.264,0,0,"[0.0, -24.417338129626355]"
1463,goal_147,3,exito,15102,2293.36,05,subwp,123,1,E2.1,E2.1-R0,False,subwp,123,05,3,2875787904,exito,,483.264,0,0,"[0.0, -21.344989253229606]"
1464,goal_147,4,exito,15103,2293.44,05,subwp,123,1,E2.1,E2.1-R0,False,subwp,123,05,4,890085155,exito,,483.296,0,0,"[0.0, -12.620943781584891]"
1465,goal_147,5,exito,15103,2293.39,05,subwp,123,1,E2.1,E2.1-R0,False,subwp,123,05,5,1107996597,exito,,483.296,0,0,"[0.0, 10.427939890917726]"
1466,goal_147,6,exito,15103,2293.35,05,subwp,123,1,E2.1,E2.1-R0,False,subwp,123,05,6,3674471951,exito,,483.296,0,0,"[0.0, -7.130874626398633]"
1467,goal_147,7,exito,15103,2293.32,05,subwp,123,1,E2.1,E2.1-R0,False,subwp,123,05,7,2885996185,exito,,483.296,0,0,"[0.0, -12.452216657092848]"
1468,goal_147,8,exito,15103,2293.32,05,subwp,123,1,E2.1,E2.1-R0,False,subwp,123,05,8,1018942216,exito,,483.296,0,0,"[0.0, 29.183116905599253]"
1469,goal_147,9,exito,15103,2293.37,05,subwp,123,1,E2.1,E2.1-R0,False,subwp,123,05,9,1270670238,exito,,483.296,0,0,"[0.0, -20.245506944143827]"
1470,goal_147,10,exito,15103,2293.37,05,subwp,123,1,E2.1,E2.1-R0,False,subwp,123,05,10,738088841,exito,,483.296,0,0,"[0.0, -8.053719002272906]"
1471,goal_148,1,exito,15152,2310.67,05,subwp,123,1,E2.1,E2.1-R0,False,subwp,123,05,1,1151664539,exito,,484.864,0,0,"[0.0, 16.38033203082002]"
1472,goal_148,2,exito,15152,2310.66,05,subwp,123,1,E2.1,E2.1-R0,False,subwp,123,05,2,3719057441,exito,,484.864,0,0,"[0.0, -28.177762842885528]"
1473,goal_148,3,exito,15152,2310.69,05,subwp,123,1,E2.1,E2.1-R0,False,subwp,123,05,3,2863358135,exito,,484.864,0,0,"[0.0, 20.23194432589706]"
1474,goal_148,4,exito,15152,2310.8,05,subwp,123,1,E2.1,E2.1-R0,False,subwp,123,05,4,886043924,exito,,484.864,0,0,"[0.0, -12.904031601173788]"
1475,goal_148,5,exito,15152,2310.77,05,subwp,123,1,E2.1,E2.1-R0,False,subwp,123,05,5,1137231234,exito,,484.864,0,0,"[0.0, 5.5873981982313525]"
1476,goal_148,6,exito,15152,2310.75,05,subwp,123,1,E2.1,E2.1-R0,False,subwp,123,05,6,3670119480,exito,,484.864,0,0,"[0.0, 9.496518893820397]"
1477,goal_148,7,exito,15152,2310.72,05,subwp,123,1,E2.1,E2.1-R0,False,subwp,123,05,7,2915476654,exito,,484.864,0,0,"[0.0, 22.876284474980384]"
1478,goal_148,8,exito,15152,2310.82,05,subwp,123,1,E2.1,E2.1-R0,False,subwp,123,05,8,1031387455,exito,,484.864,0,0,"[0.0, -17.635845945771095]"
1479,goal_148,9,exito,15152,2310.75,05,subwp,123,1,E2.1,E2.1-R0,False,subwp,123,05,9,1249806761,exito,,484.864,0,0,"[0.0, -1.146767773565358]"
1480,goal_148,10,exito,15152,2310.72,05,subwp,123,1,E2.1,E2.1-R0,False,subwp,123,05,10,2470588652,exito,,484.864,0,0,"[0.0, -9.970466545425992]"
1481,goal_149,1,exito,14855,2258.68,05,subwp,123,1,E2.1,E2.1-R0,False,subwp,123,05,1,1341736614,exito,,475.36,0,0,"[0.0, 6.906640597361409]"
1482,goal_149,2,exito,14854,2258.71,05,subwp,123,1,E2.1,E2.1-R0,False,subwp,123,05,2,3606058780,exito,,475.328,0,0,"[0.0, -9.180012602149066]"
1483,goal_149,3,exito,14854,2258.7,05,subwp,123,1,E2.1,E2.1-R0,False,subwp,123,05,3,2717329290,exito,,475.328,0,0,"[0.0, -17.248914530021203]"
1484,goal_149,4,exito,14854,2258.7,05,subwp,123,1,E2.1,E2.1-R0,False,subwp,123,05,4,1066644009,exito,,475.328,0,0,"[0.0, 23.51356456086608]"
1485,goal_149,5,exito,14854,2258.74,05,subwp,123,1,E2.1,E2.1-R0,False,subwp,123,05,5,1217692351,exito,,475.328,0,0,"[0.0, -11.001953315474688]"
1486,goal_149,6,exito,14854,2258.75,05,subwp,123,1,E2.1,E2.1-R0,False,subwp,123,05,6,3516781317,exito,,475.328,0,0,"[0.0, 1.8317022226298763]"
1487,goal_149,7,exito,14853,2258.64,05,subwp,123,1,E2.1,E2.1-R0,False,subwp,123,05,7,2795168659,exito,,475.296,0,0,"[0.0, -29.723557023376294]"
1488,goal_149,8,exito,14854,2258.81,05,subwp,123,1,E2.1,E2.1-R0,False,subwp,123,05,8,908459522,exito,,475.328,0,0,"[0.0, 1.6055084777923745]"
1489,goal_149,9,exito,14854,2258.75,05,subwp,123,1,E2.1,E2.1-R0,False,subwp,123,05,9,1092800148,exito,,475.328,0,0,"[0.0, -4.144964480567548]"
1490,goal_149,10,exito,14854,2258.7,05,subwp,123,1,E2.1,E2.1-R0,False,subwp,123,05,10,3407945914,exito,,475.328,0,0,"[0.0, 23.581265777971833]"
1491,goal_150,1,exito,14903,2275.19,05,subwp,123,1,E2.1,E2.1-R0,False,subwp,123,05,1,1312500881,exito,,476.896,0,0,"[0.0, -28.605170530628133]"
1492,goal_150,2,exito,14902,2275.01,05,subwp,123,1,E2.1,E2.1-R0,False,subwp,123,05,2,3610410283,exito,,476.864,0,0,"[0.0, 21.32949910713721]"
1493,goal_150,3,exito,14903,2275.18,05,subwp,123,1,E2.1,E2.1-R0,False,subwp,123,05,3,2687847869,exito,,476.896,0,0,"[0.0, -2.2273012354391875]"
1494,goal_150,4,exito,14903,2275.12,05,subwp,123,1,E2.1,E2.1-R0,False,subwp,123,05,4,1045551134,exito,,476.896,0,0,"[0.0, 19.105344482830134]"
1495,goal_150,5,exito,14903,2275.18,05,subwp,123,1,E2.1,E2.1-R0,False,subwp,123,05,5,1230432392,exito,,476.896,0,0,"[0.0, -27.29701588825193]"
1496,goal_150,6,exito,14903,2275.18,05,subwp,123,1,E2.1,E2.1-R0,False,subwp,123,05,6,3495934258,exito,,476.896,0,0,"[0.0, 5.535600198139132]"
1497,goal_150,7,exito,14903,2275.11,05,subwp,123,1,E2.1,E2.1-R0,False,subwp,123,05,7,2807597476,exito,,476.896,0,0,"[0.0, 17.745508385236125]"
1498,goal_150,8,exito,14903,2275.15,05,subwp,123,1,E2.1,E2.1-R0,False,subwp,123,05,8,937923637,exito,,476.896,0,0,"[0.0, 27.398698415932895]"
1499,goal_150,9,exito,14902,2275.01,05,subwp,123,1,E2.1,E2.1-R0,False,subwp,123,05,9,1088464035,exito,,476.864,0,0,"[0.0, 28.121917457377855]"
1500,goal_150,10,exito,14902,2275.05,05,subwp,123,1,E2.1,E2.1-R0,False,subwp,123,05,10,1939687391,exito,,476.864,0,0,"[0.0, -27.93295842805415]"
1501,goal_151,1,exito,14650,2231.16,05,subwp,123,1,E2.1,E2.1-R0,False,subwp,123,05,1,4183191675,exito,,468.8,0,0,"[0.0, -15.091311637087179]"
1502,goal_151,2,exito,14650,2231.07,05,subwp,123,1,E2.1,E2.1-R0,False,subwp,123,05,2,1616847297,exito,,468.8,0,0,"[0.0, -17.4841806779538]"
1503,goal_151,3,col_return,8793,1172.46,05,subwp,123,1,E2.1,E2.1-R0,False,subwp,123,05,3,391647575,col_return,return,281.376,0,0,"[0.0, -16.910256930605588]"
1504,goal_151,4,exito,14644,2230.88,05,subwp,123,1,E2.1,E2.1-R0,False,subwp,123,05,4,2302444788,exito,,468.608,0,0,"[0.0, 22.8500052206361]"
1505,goal_151,5,exito,14650,2231.15,05,subwp,123,1,E2.1,E2.1-R0,False,subwp,123,05,5,4265325666,exito,,468.8,0,0,"[0.0, -1.4099274420421493]"
1506,goal_151,6,exito,14650,2231.07,05,subwp,123,1,E2.1,E2.1-R0,False,subwp,123,05,6,1731388888,exito,,468.8,0,0,"[0.0, 23.893106054671318]"
1507,goal_151,7,exito,14650,2231.12,05,subwp,123,1,E2.1,E2.1-R0,False,subwp,123,05,7,271963470,exito,,468.8,0,0,"[0.0, -28.36594969071106]"
1508,goal_151,8,col_return,8844,1178.5,05,subwp,123,1,E2.1,E2.1-R0,False,subwp,123,05,8,2156579039,col_return,return,283.008,0,0,"[0.0, 20.589141447897646]"
1509,goal_151,9,exito,14644,2230.89,05,subwp,123,1,E2.1,E2.1-R0,False,subwp,123,05,9,4153276489,exito,,468.608,0,0,"[0.0, -4.034546221500013]"
1510,goal_151,10,exito,14650,2231.14,05,subwp,123,1,E2.1,E2.1-R0,False,subwp,123,05,10,871703013,exito,,468.8,0,0,"[0.0, -5.711685317137722]"
1511,goal_152,1,exito,14689,2248.03,05,subwp,123,1,E2.1,E2.1-R0,False,subwp,123,05,1,4170455628,exito,,470.048,0,0,"[0.0, 15.279667509415457]"
1512,goal_152,2,exito,14689,2248.03,05,subwp,123,1,E2.1,E2.1-R0,False,subwp,123,05,2,1637698550,exito,,470.048,0,0,"[0.0, -12.585650434694724]"
1513,goal_152,3,col_return,8854,1189.85,05,subwp,123,1,E2.1,E2.1-R0,False,subwp,123,05,3,379222880,col_return,return,283.328,0,0,"[0.0, 9.704446156199761]"
1514,goal_152,4,exito,14684,2247.81,05,subwp,123,1,E2.1,E2.1-R0,False,subwp,123,05,4,2298408643,exito,,469.888,0,0,"[0.0, -16.312363855223772]"
1515,goal_152,5,exito,14689,2248.07,05,subwp,123,1,E2.1,E2.1-R0,False,subwp,123,05,5,4294565461,exito,,470.048,0,0,"[0.0, 26.99323724944223]"
1516,goal_152,6,exito,14689,2248.09,05,subwp,123,1,E2.1,E2.1-R0,False,subwp,123,05,6,1727041519,exito,,470.048,0,0,"[0.0, 4.55261121178056]"
1517,goal_152,7,exito,14689,2248.09,05,subwp,123,1,E2.1,E2.1-R0,False,subwp,123,05,7,301449081,exito,,470.048,0,0,"[0.0, 4.8972700281377834]"
1518,goal_152,8,exito,14690,2142.63,05,subwp,123,1,E2.1,E2.1-R0,False,subwp,123,05,8,2169021160,exito,,470.08,0,0,"[0.0, 18.45185910982807]"
1519,goal_152,9,col_return,8958,1202.04,05,subwp,123,1,E2.1,E2.1-R0,False,subwp,123,05,9,4132409982,col_return,return,286.656,0,0,"[0.0, -2.986453044891113]"
1520,goal_152,10,exito,14684,2247.99,05,subwp,123,1,E2.1,E2.1-R0,False,subwp,123,05,10,2336835200,exito,,469.888,0,0,"[0.0, -3.5929636007110544]"
1521,goal_153,1,exito,14449,2201.67,05,subwp,123,1,E2.1,E2.1-R0,False,subwp,123,05,1,4208108565,exito,,462.368,0,0,"[0.0, 22.999400551032448]"
1522,goal_153,2,exito,14449,2164.35,05,subwp,123,1,E2.1,E2.1-R0,False,subwp,123,05,2,1675359663,exito,,462.368,0,0,"[0.0, 4.807258302455121]"
1523,goal_153,3,col_return,8813,1170.94,05,subwp,123,1,E2.1,E2.1-R0,False,subwp,123,05,3,350012729,col_return,return,282.016,0,0,"[0.0, -21.034007049536182]"
1524,goal_153,4,exito,14444,2201.54,05,subwp,123,1,E2.1,E2.1-R0,False,subwp,123,05,4,2327335066,exito,,462.208,0,0,"[0.0, 10.898402322990208]"
1525,goal_153,5,exito,14449,2201.68,05,subwp,123,1,E2.1,E2.1-R0,False,subwp,123,05,5,4257177612,exito,,462.368,0,0,"[0.0, -16.24643631393909]"
1526,goal_153,6,col_return,8713,1154.9,05,subwp,123,1,E2.1,E2.1-R0,False,subwp,123,05,6,1689661878,col_return,return,278.816,0,0,"[0.0, 17.283725728636934]"
1527,goal_153,7,exito,14444,2201.56,05,subwp,123,1,E2.1,E2.1-R0,False,subwp,123,05,7,330367264,exito,,462.208,0,0,"[0.0, -20.85369402738641]"
1528,goal_153,8,exito,14449,2201.64,05,subwp,123,1,E2.1,E2.1-R0,False,subwp,123,05,8,2198740145,exito,,462.368,0,0,"[0.0, -14.02890240016051]"
1529,goal_153,9,col_return,8660,1148.72,05,subwp,123,1,E2.1,E2.1-R0,False,subwp,123,05,9,4094241831,col_return,return,277.12,0,0,"[0.0, 27.827537939035125]"
1530,goal_153,10,exito,14444,2201.52,05,subwp,123,1,E2.1,E2.1-R0,False,subwp,123,05,10,2583488878,exito,,462.208,0,0,"[0.0, -13.195751441488925]"
1531,goal_154,1,exito,14434,2211.52,05,subwp,123,1,E2.1,E2.1-R0,False,subwp,123,05,1,4212182562,exito,,461.888,0,0,"[0.0, -23.80828827719699]"
1532,goal_154,2,col_return,8631,1156.28,05,subwp,123,1,E2.1,E2.1-R0,False,subwp,123,05,2,1645846424,col_return,return,276.192,0,0,"[0.0, -27.040324840322832]"
1533,goal_154,3,exito,14429,2211.3,05,subwp,123,1,E2.1,E2.1-R0,False,subwp,123,05,3,354332430,exito,,461.728,0,0,"[0.0, 0.6172192355732942]"
1534,goal_154,4,exito,14434,2211.52,05,subwp,123,1,E2.1,E2.1-R0,False,subwp,123,05,4,2340043437,exito,,461.888,0,0,"[0.0, -11.237612509952706]"
1535,goal_154,5,col_return,8633,1156.07,05,subwp,123,1,E2.1,E2.1-R0,False,subwp,123,05,5,4236053051,col_return,return,276.256,0,0,"[0.0, 5.397224895902366]"
1536,goal_154,6,exito,14429,2211.33,05,subwp,123,1,E2.1,E2.1-R0,False,subwp,123,05,6,1702124417,exito,,461.728,0,0,"[0.0, -23.391340183650524]"
1537,goal_154,7,exito,14434,2211.5,05,subwp,123,1,E2.1,E2.1-R0,False,subwp,123,05,7,309553943,exito,,461.888,0,0,"[0.0, 25.249300397150158]"
1538,goal_154,8,col_return,8625,1158.49,05,subwp,123,1,E2.1,E2.1-R0,False,subwp,123,05,8,2194437766,col_return,return,276.0,0,0,"[0.0, 6.913507575506723]"
1539,goal_154,9,exito,14429,2211.35,05,subwp,123,1,E2.1,E2.1-R0,False,subwp,123,05,9,4123739664,exito,,461.728,0,0,"[0.0, 10.461868165299164]"
1540,goal_154,10,exito,14434,2211.48,05,subwp,123,1,E2.1,E2.1-R0,False,subwp,123,05,10,557878795,exito,,461.888,0,0,"[0.0, 10.402350700543753]"
1541,goal_155,1,col_return,8517,1141.16,05,subwp,123,1,E2.1,E2.1-R0,False,subwp,123,05,1,4267694247,col_return,return,272.544,0,0,"[0.0, 4.0461889273400935]"
1542,goal_155,2,exito,14189,2176.75,05,subwp,123,1,E2.1,E2.1-R0,False,subwp,123,05,2,1733724445,exito,,454.048,0,0,"[0.0, 6.470672601722751]"
1543,goal_155,3,col_return,8413,1126.11,05,subwp,123,1,E2.1,E2.1-R0,False,subwp,123,05,3,273791371,col_return,return,269.216,0,0,"[0.0, 11.184156118642527]"
1544,goal_155,4,exito,14189,2176.74,05,subwp,123,1,E2.1,E2.1-R0,False,subwp,123,05,4,2385849384,exito,,454.048,0,0,"[0.0, -14.437673445666935]"
1545,goal_155,5,col_return,8360,1116.7,05,subwp,123,1,E2.1,E2.1-R0,False,subwp,123,05,5,4180810942,col_return,return,267.52,0,0,"[0.0, -1.2648904851926446]"
1546,goal_155,6,exito,14189,2176.76,05,subwp,123,1,E2.1,E2.1-R0,False,subwp,123,05,6,1614499076,exito,,454.048,0,0,"[0.0, 12.321361302572855]"
1547,goal_155,7,exito,14228,1952.52,05,subwp,123,1,E2.1,E2.1-R0,False,subwp,123,05,7,389840274,exito,,455.296,0,0,"[0.0, -24.79777276404991]"
1548,goal_155,8,col_return,8716,1171.73,05,subwp,123,1,E2.1,E2.1-R0,False,subwp,123,05,8,2273533955,col_return,return,278.912,0,0,"[0.0, 12.29274493827134]"
1549,goal_155,9,exito,14189,2176.73,05,subwp,123,1,E2.1,E2.1-R0,False,subwp,123,05,9,4035203221,exito,,454.048,0,0,"[0.0, -24.637708463491244]"
1550,goal_155,10,col_return,8515,1141.88,05,subwp,123,1,E2.1,E2.1-R0,False,subwp,123,05,10,3164059314,col_return,return,272.48,0,0,"[0.0, 4.987604712657172]"
1551,goal_156,1,exito,14220,2180.39,05,subwp,123,1,E2.1,E2.1-R0,False,subwp,123,05,1,4288524944,exito,,455.04,0,0,"[0.0, -25.486935053554248]"
1552,goal_156,2,col_return,8415,1124.0,05,subwp,123,1,E2.1,E2.1-R0,False,subwp,123,05,2,1721033514,col_return,return,269.28,0,0,"[0.0, -23.598883780602065]"
1553,goal_156,3,exito,14220,2180.39,05,subwp,123,1,E2.1,E2.1-R0,False,subwp,123,05,3,294900668,exito,,455.04,0,0,"[0.0, -3.864267729169162]"
1554,goal_156,4,exito,14227,2049.29,05,subwp,123,1,E2.1,E2.1-R0,False,subwp,123,05,4,2415347231,exito,,455.264,0,0,"[0.0, 14.507193834399752]"
1555,goal_156,5,col_return,8747,1161.44,05,subwp,123,1,E2.1,E2.1-R0,False,subwp,123,05,5,4176508553,col_return,return,279.904,0,0,"[0.0, -10.316757173526195]"
1556,goal_156,6,exito,14219,2180.48,05,subwp,123,1,E2.1,E2.1-R0,False,subwp,123,05,6,1643718451,exito,,455.008,0,0,"[0.0, -27.867882732432385]"
1557,goal_156,7,col_return,8498,1135.34,05,subwp,123,1,E2.1,E2.1-R0,False,subwp,123,05,7,385750949,col_return,return,271.936,0,0,"[0.0, 3.4749714162917034]"
1558,goal_156,8,exito,14220,2180.46,05,subwp,123,1,E2.1,E2.1-R0,False,subwp,123,05,8,2252409396,exito,,455.04,0,0,"[0.0, -14.615751902639254]"
1559,goal_156,9,col_return,8386,1124.37,05,subwp,123,1,E2.1,E2.1-R0,False,subwp,123,05,9,4047911586,col_return,return,268.352,0,0,"[0.0, 24.83486355557219]"
1560,goal_156,10,exito,14220,2180.37,05,subwp,123,1,E2.1,E2.1-R0,False,subwp,123,05,10,69980631,exito,,455.04,0,0,"[0.0, 19.34039306526244]"
1561,goal_157,1,exito,14716,2250.94,05,subwp,123,1,E2.1,E2.1-R0,False,subwp,123,05,1,4258991305,exito,,470.912,0,0,"[0.0, -9.592010507920296]"
1562,goal_157,2,exito,14717,2251.09,05,subwp,123,1,E2.1,E2.1-R0,False,subwp,123,05,2,1691508083,exito,,470.944,0,0,"[0.0, 9.412107859648248]"
1563,goal_157,3,col_return,8863,1191.02,05,subwp,123,1,E2.1,E2.1-R0,False,subwp,123,05,3,332754405,col_return,return,283.616,0,0,"[0.0, 6.818997127329347]"
1564,goal_157,4,exito,14713,2251.03,05,subwp,123,1,E2.1,E2.1-R0,False,subwp,123,05,4,2377250886,exito,,470.816,0,0,"[0.0, -10.536867497404883]"
1565,goal_157,5,exito,14717,2251.08,05,subwp,123,1,E2.1,E2.1-R0,False,subwp,123,05,5,4206282960,exito,,470.944,0,0,"[0.0, -9.19582884712125]"
1566,goal_157,6,exito,14717,2251.07,05,subwp,123,1,E2.1,E2.1-R0,False,subwp,123,05,6,1673501034,exito,,470.944,0,0,"[0.0, 8.846294860854957]"
1567,goal_157,7,exito,14717,2251.07,05,subwp,123,1,E2.1,E2.1-R0,False,subwp,123,05,7,347646460,exito,,470.944,0,0,"[0.0, -16.777977546585596]"
1568,goal_157,8,exito,14717,2251.07,05,subwp,123,1,E2.1,E2.1-R0,False,subwp,123,05,8,2215097453,exito,,470.944,0,0,"[0.0, -13.206477816966984]"
1569,goal_157,9,col_return,8885,1191.92,05,subwp,123,1,E2.1,E2.1-R0,False,subwp,123,05,9,4076897531,col_return,return,284.32,0,0,"[0.0, -5.6043533935519445]"
1570,goal_157,10,exito,14713,2250.93,05,subwp,123,1,E2.1,E2.1-R0,False,subwp,123,05,10,379485753,exito,,470.816,0,0,"[0.0, -15.956289284636254]"
1571,goal_158,1,exito,14516,2232.57,05,subwp,123,1,E2.1,E2.1-R0,False,subwp,123,05,1,4229523198,exito,,464.512,0,0,"[0.0, -19.703173886275646]"
1572,goal_158,2,exito,14516,2232.57,05,subwp,123,1,E2.1,E2.1-R0,False,subwp,123,05,2,1695561540,exito,,464.512,0,0,"[0.0, -12.947596706977581]"
1573,goal_158,3,col_return,8711,1180.9,05,subwp,123,1,E2.1,E2.1-R0,False,subwp,123,05,3,303499218,col_return,return,278.752,0,0,"[0.0, -4.471774132470507]"
1574,goal_158,4,exito,14511,2232.5,05,subwp,123,1,E2.1,E2.1-R0,False,subwp,123,05,4,2356384369,exito,,464.352,0,0,"[0.0, -19.0699760631612]"
1575,goal_158,5,exito,14516,2232.59,05,subwp,123,1,E2.1,E2.1-R0,False,subwp,123,05,5,4218725095,exito,,464.512,0,0,"[0.0, -16.996955017437838]"
1576,goal_158,6,exito,14516,2208.76,05,subwp,123,1,E2.1,E2.1-R0,False,subwp,123,05,6,1652421469,exito,,464.512,0,0,"[0.0, 18.888453721372656]"
1577,goal_158,7,col_return,8844,1194.46,05,subwp,123,1,E2.1,E2.1-R0,False,subwp,123,05,7,360367051,col_return,return,283.008,0,0,"[0.0, -4.647741272292603]"
1578,goal_158,8,exito,14511,2232.49,05,subwp,123,1,E2.1,E2.1-R0,False,subwp,123,05,8,2244337242,exito,,464.352,0,0,"[0.0, 27.54591620706329]"
1579,goal_158,9,exito,14516,2232.59,05,subwp,123,1,E2.1,E2.1-R0,False,subwp,123,05,9,4072861388,exito,,464.512,0,0,"[0.0, 6.866476497381462]"
1580,goal_158,10,exito,14547,2018.01,05,subwp,123,1,E2.1,E2.1-R0,False,subwp,123,05,10,2921470300,exito,,465.504,0,0,"[0.0, -20.158996385253204]"
1581,goal_159,1,col_return,9117,1203.28,05,subwp,123,1,E2.1,E2.1-R0,False,subwp,123,05,1,4148502979,col_return,return,291.744,0,0,"[0.0, 24.5098305740554]"
1582,goal_159,2,exito,14941,2275.66,05,subwp,123,1,E2.1,E2.1-R0,False,subwp,123,05,2,1850503289,exito,,478.112,0,0,"[0.0, -18.564814819531122]"
1583,goal_159,3,exito,14946,2275.79,05,subwp,123,1,E2.1,E2.1-R0,False,subwp,123,05,3,424362223,exito,,478.272,0,0,"[0.0, -5.771127798988315]"
1584,goal_159,4,exito,14946,2275.78,05,subwp,123,1,E2.1,E2.1-R0,False,subwp,123,05,4,2268058956,exito,,478.272,0,0,"[0.0, 10.227949881203946]"
1585,goal_159,5,exito,14946,2275.78,05,subwp,123,1,E2.1,E2.1-R0,False,subwp,123,05,5,4029212122,exito,,478.272,0,0,"[0.0, 12.93638427087111]"
1586,goal_159,6,exito,14946,2275.78,05,subwp,123,1,E2.1,E2.1-R0,False,subwp,123,05,6,1763816544,exito,,478.272,0,0,"[0.0, 21.782551560969356]"
1587,goal_159,7,exito,14946,2275.77,05,subwp,123,1,E2.1,E2.1-R0,False,subwp,123,05,7,505840886,exito,,478.272,0,0,"[0.0, -6.579013838040428]"
1588,goal_159,8,exito,14946,2275.78,05,subwp,123,1,E2.1,E2.1-R0,False,subwp,123,05,8,2392430951,exito,,478.272,0,0,"[0.0, -5.245066342809574]"
1589,goal_159,9,exito,14946,2275.78,05,subwp,123,1,E2.1,E2.1-R0,False,subwp,123,05,9,4187924977,exito,,478.272,0,0,"[0.0, -15.56002445262469]"
1590,goal_159,10,exito,14946,2275.78,05,subwp,123,1,E2.1,E2.1-R0,False,subwp,123,05,10,4131457290,exito,,478.272,0,0,"[0.0, -20.367410202446685]"
1591,goal_160,1,exito,14665,2248.31,05,subwp,123,1,E2.1,E2.1-R0,False,subwp,123,05,1,4136061940,exito,,469.28,0,0,"[0.0, -3.052842578626813]"
1592,goal_160,2,exito,14666,2248.45,05,subwp,123,1,E2.1,E2.1-R0,False,subwp,123,05,2,1871583822,exito,,469.312,0,0,"[0.0, -24.57980358830142]"
1593,goal_160,3,exito,14666,2242.29,05,subwp,123,1,E2.1,E2.1-R0,False,subwp,123,05,3,411642584,exito,,469.312,0,0,"[0.0, -29.139125706703496]"
1594,goal_160,4,col_return,8881,1199.43,05,subwp,123,1,E2.1,E2.1-R0,False,subwp,123,05,4,2263727995,col_return,return,284.192,0,0,"[0.0, -26.37967739928448]"
1595,goal_160,5,exito,14659,2248.32,05,subwp,123,1,E2.1,E2.1-R0,False,subwp,123,05,5,4058681325,exito,,469.088,0,0,"[0.0, -14.319400743815706]"
1596,goal_160,6,exito,14664,2248.44,05,subwp,123,1,E2.1,E2.1-R0,False,subwp,123,05,6,1759764055,exito,,469.248,0,0,"[0.0, 25.191231354364728]"
1597,goal_160,7,exito,14664,2248.44,05,subwp,123,1,E2.1,E2.1-R0,False,subwp,123,05,7,535097025,exito,,469.248,0,0,"[0.0, -25.93838438854474]"
1598,goal_160,8,exito,14664,2248.45,05,subwp,123,1,E2.1,E2.1-R0,False,subwp,123,05,8,2405167952,exito,,469.248,0,0,"[0.0, -13.001766693589602]"
1599,goal_160,9,col_return,8869,1194.29,05,subwp,123,1,E2.1,E2.1-R0,False,subwp,123,05,9,4166828998,col_return,return,283.808,0,0,"[0.0, 3.8217256515859988]"
1600,goal_160,10,exito,14659,2248.32,05,subwp,123,1,E2.1,E2.1-R0,False,subwp,123,05,10,1325231727,exito,,469.088,0,0,"[0.0, -28.525413332642657]"
1601,goal_161,1,exito,15158,2302.23,05,subwp,123,1,E2.1,E2.1-R0,False,subwp,123,05,1,3957579669,exito,,485.056,0,0,"[0.0, 0.5370793896392434]"
1602,goal_161,2,exito,15160,2302.4,05,subwp,123,1,E2.1,E2.1-R0,False,subwp,123,05,2,1927974447,exito,,485.12,0,0,"[0.0, 2.8598251099400307]"
1603,goal_161,3,exito,15160,2302.46,05,subwp,123,1,E2.1,E2.1-R0,False,subwp,123,05,3,99466937,exito,,485.12,0,0,"[0.0, 12.513957700057452]"
1604,goal_161,4,exito,15160,2302.42,05,subwp,123,1,E2.1,E2.1-R0,False,subwp,123,05,4,2609457946,exito,,485.12,0,0,"[0.0, -19.657402344422717]"
1605,goal_161,5,exito,15160,2302.42,05,subwp,123,1,E2.1,E2.1-R0,False,subwp,123,05,5,3968736140,exito,,485.12,0,0,"[0.0, -0.4526584778224918]"
1606,goal_161,6,exito,15160,2302.41,05,subwp,123,1,E2.1,E2.1-R0,False,subwp,123,05,6,1971800630,exito,,485.12,0,0,"[0.0, -18.11025178380108]"
1607,goal_161,7,exito,15160,2302.48,05,subwp,123,1,E2.1,E2.1-R0,False,subwp,123,05,7,41974432,exito,,485.12,0,0,"[0.0, 14.602286350281917]"
1608,goal_161,8,exito,15160,2302.44,05,subwp,123,1,E2.1,E2.1-R0,False,subwp,123,05,8,2453628721,exito,,485.12,0,0,"[0.0, 22.945988575861904]"
1609,goal_161,9,exito,15160,2302.39,05,subwp,123,1,E2.1,E2.1-R0,False,subwp,123,05,9,3845674919,exito,,485.12,0,0,"[0.0, 28.800773170140225]"
1610,goal_161,10,exito,15160,2302.46,05,subwp,123,1,E2.1,E2.1-R0,False,subwp,123,05,10,1951750965,exito,,485.12,0,0,"[0.0, -12.293834364836053]"
1611,goal_162,1,col_approach,2371,163.56,05,subwp,123,1,E2.1,E2.1-R0,False,subwp,123,05,1,3928077730,col_approach,approach,75.872,0,0,"[0.0, -7.654614493701999]"
1612,goal_162,2,exito,14892,2275.77,05,subwp,123,1,E2.1,E2.1-R0,False,subwp,123,05,2,1932059672,exito,,476.544,0,0,"[0.0, -6.099416867849287]"
1613,goal_162,3,exito,14896,2275.45,05,subwp,123,1,E2.1,E2.1-R0,False,subwp,123,05,3,70243470,exito,,476.672,0,0,"[0.0, -2.8585316007879014]"
1614,goal_162,4,exito,14896,2275.47,05,subwp,123,1,E2.1,E2.1-R0,False,subwp,123,05,4,2588623149,exito,,476.672,0,0,"[0.0, 13.239949847237725]"
1615,goal_162,5,exito,14896,2275.46,05,subwp,123,1,E2.1,E2.1-R0,False,subwp,123,05,5,3981210043,exito,,476.672,0,0,"[0.0, -22.904067011021613]"
1616,goal_162,6,exito,14896,2275.47,05,subwp,123,1,E2.1,E2.1-R0,False,subwp,123,05,6,1950687233,exito,,476.672,0,0,"[0.0, 5.9977537254497655]"
1617,goal_162,7,exito,14896,2275.47,05,subwp,123,1,E2.1,E2.1-R0,False,subwp,123,05,7,54661271,exito,,476.672,0,0,"[0.0, 22.60053911723788]"
1618,goal_162,8,exito,14896,2275.47,05,subwp,123,1,E2.1,E2.1-R0,False,subwp,123,05,8,2482834694,exito,,476.672,0,0,"[0.0, 25.49907277018925]"
1619,goal_162,9,exito,14896,2275.47,05,subwp,123,1,E2.1,E2.1-R0,False,subwp,123,05,9,3841605008,exito,,476.672,0,0,"[0.0, 7.252269349305314]"
1620,goal_162,10,exito,14896,2275.46,05,subwp,123,1,E2.1,E2.1-R0,False,subwp,123,05,10,3437837392,exito,,476.672,0,0,"[0.0, -12.286518943342617]"
1621,goal_163,1,exito,15372,2332.96,05,subwp,123,1,E2.1,E2.1-R0,False,subwp,123,05,1,3899067387,exito,,491.904,0,0,"[0.0, 1.6971456830435017]"
1622,goal_163,2,exito,15372,2332.94,05,subwp,123,1,E2.1,E2.1-R0,False,subwp,123,05,2,1903057473,exito,,491.904,0,0,"[0.0, -15.941813207214457]"
1623,goal_163,3,exito,15372,2327.25,05,subwp,123,1,E2.1,E2.1-R0,False,subwp,123,05,3,107571927,exito,,491.904,0,0,"[0.0, 7.814521588335728]"
1624,goal_163,4,col_return,10377,1391.06,05,subwp,123,1,E2.1,E2.1-R0,False,subwp,123,05,4,2551054196,col_return,return,332.064,0,0,"[0.0, -1.497493731160251]"
1625,goal_163,5,exito,15367,2332.83,05,subwp,123,1,E2.1,E2.1-R0,False,subwp,123,05,5,4010463202,exito,,491.744,0,0,"[0.0, 12.208255345817351]"
1626,goal_163,6,exito,15372,2332.94,05,subwp,123,1,E2.1,E2.1-R0,False,subwp,123,05,6,1979948632,exito,,491.904,0,0,"[0.0, 10.757927568623572]"
1627,goal_163,7,exito,15372,2332.97,05,subwp,123,1,E2.1,E2.1-R0,False,subwp,123,05,7,17084110,exito,,491.904,0,0,"[0.0, 5.352484248442481]"
1628,goal_163,8,exito,15372,2332.98,05,subwp,123,1,E2.1,E2.1-R0,False,subwp,123,05,8,2444997471,exito,,491.904,0,0,"[0.0, 13.83582256813602]"
1629,goal_163,9,exito,15372,2332.94,05,subwp,123,1,E2.1,E2.1-R0,False,subwp,123,05,9,3871114185,exito,,491.904,0,0,"[0.0, 1.0893184506386189]"
1630,goal_163,10,exito,15372,2332.94,05,subwp,123,1,E2.1,E2.1-R0,False,subwp,123,05,10,3730609086,exito,,491.904,0,0,"[0.0, -24.716987627356374]"
1631,goal_164,1,exito,15155,2269.86,05,subwp,123,1,E2.1,E2.1-R0,False,subwp,123,05,1,3919929804,exito,,484.96,0,0,"[0.0, 28.01868148851436]"
1632,goal_164,2,col_approach,2398,135.12,05,subwp,123,1,E2.1,E2.1-R0,False,subwp,123,05,2,1890332790,col_approach,approach,76.736,0,0,"[0.0, -13.747168731757377]"
1633,goal_164,3,col_return,10197,1362.86,05,subwp,123,1,E2.1,E2.1-R0,False,subwp,123,05,3,128647392,col_return,return,326.304,0,0,"[0.0, 12.21528470542898]"
1634,goal_164,4,exito,15150,2308.6,05,subwp,123,1,E2.1,E2.1-R0,False,subwp,123,05,4,2580518211,exito,,484.8,0,0,"[0.0, 8.371428665678998]"
1635,goal_164,5,exito,15155,2308.71,05,subwp,123,1,E2.1,E2.1-R0,False,subwp,123,05,5,4006127061,exito,,484.96,0,0,"[0.0, -11.985525079458766]"
1636,goal_164,6,exito,15156,2308.84,05,subwp,123,1,E2.1,E2.1-R0,False,subwp,123,05,6,2009199727,exito,,484.992,0,0,"[0.0, 25.90000418027112]"
1637,goal_164,7,exito,15155,2308.69,05,subwp,123,1,E2.1,E2.1-R0,False,subwp,123,05,7,13026553,exito,,484.96,0,0,"[0.0, -0.4494746537119121]"
1638,goal_164,8,exito,15155,2308.71,05,subwp,123,1,E2.1,E2.1-R0,False,subwp,123,05,8,2423904616,exito,,484.96,0,0,"[0.0, 7.753588061407961]"
1639,goal_164,9,exito,15156,2308.83,05,subwp,123,1,E2.1,E2.1-R0,False,subwp,123,05,9,3883854334,exito,,484.992,0,0,"[0.0, 2.8115356748476428]"
1640,goal_164,10,exito,15155,2308.66,05,subwp,123,1,E2.1,E2.1-R0,False,subwp,123,05,10,1726018779,exito,,484.96,0,0,"[0.0, 14.5642039244932]"
1641,goal_165,1,exito,15584,2360.02,05,subwp,123,1,E2.1,E2.1-R0,False,subwp,123,05,1,3974788937,exito,,498.688,0,0,"[0.0, 14.416277714451386]"
1642,goal_165,2,exito,15584,2360.1,05,subwp,123,1,E2.1,E2.1-R0,False,subwp,123,05,2,1977820915,exito,,498.688,0,0,"[0.0, 27.868875848026228]"
1643,goal_165,3,exito,15584,2359.53,05,subwp,123,1,E2.1,E2.1-R0,False,subwp,123,05,3,48502373,exito,,498.688,0,0,"[0.0, -9.963563240048764]"
1644,goal_165,4,exito,15584,2360.08,05,subwp,123,1,E2.1,E2.1-R0,False,subwp,123,05,4,2625668038,exito,,498.688,0,0,"[0.0, 27.93558468179873]"
1645,goal_165,5,exito,15584,2360.02,05,subwp,123,1,E2.1,E2.1-R0,False,subwp,123,05,5,3951539024,exito,,498.688,0,0,"[0.0, 12.818133171614557]"
1646,goal_165,6,exito,15584,2355.9,05,subwp,123,1,E2.1,E2.1-R0,False,subwp,123,05,6,1921966826,exito,,498.688,0,0,"[0.0, -3.858030780690971]"
1647,goal_165,7,col_return,10500,1407.62,05,subwp,123,1,E2.1,E2.1-R0,False,subwp,123,05,7,92918396,col_return,return,336.0,0,0,"[0.0, 21.61007327038859]"
1648,goal_165,8,exito,15580,2359.65,05,subwp,123,1,E2.1,E2.1-R0,False,subwp,123,05,8,2503397357,exito,,498.56,0,0,"[0.0, 7.706184198608323]"
1649,goal_165,9,exito,15584,2360.1,05,subwp,123,1,E2.1,E2.1-R0,False,subwp,123,05,9,3794927483,exito,,498.688,0,0,"[0.0, 13.891187528166718]"
1650,goal_165,10,exito,15584,2360.0,05,subwp,123,1,E2.1,E2.1-R0,False,subwp,123,05,10,4214738018,exito,,498.688,0,0,"[0.0, 6.689784411553468]"
1651,goal_166,1,exito,15362,2304.44,05,subwp,123,1,E2.1,E2.1-R0,False,subwp,123,05,1,3978829182,exito,,491.584,0,0,"[0.0, 26.587091264647942]"
1652,goal_166,2,exito,15362,2306.46,05,subwp,123,1,E2.1,E2.1-R0,False,subwp,123,05,2,1948339396,exito,,491.584,0,0,"[0.0, 7.102710535356323]"
1653,goal_166,3,exito,15365,2333.95,05,subwp,123,1,E2.1,E2.1-R0,False,subwp,123,05,3,52853842,exito,,491.68,0,0,"[0.0, -1.6361941848461625]"
1654,goal_166,4,exito,15363,2337.02,05,subwp,123,1,E2.1,E2.1-R0,False,subwp,123,05,4,2638408177,exito,,491.616,0,0,"[0.0, 11.718624346614803]"
1655,goal_166,5,exito,15363,2337.09,05,subwp,123,1,E2.1,E2.1-R0,False,subwp,123,05,5,3930446183,exito,,491.616,0,0,"[0.0, 13.049361341358276]"
1656,goal_166,6,exito,15362,2336.93,05,subwp,123,1,E2.1,E2.1-R0,False,subwp,123,05,6,1934395613,exito,,491.584,0,0,"[0.0, -18.01583682190693]"
1657,goal_166,7,exito,15362,2336.44,05,subwp,123,1,E2.1,E2.1-R0,False,subwp,123,05,7,72071243,exito,,491.584,0,0,"[0.0, 15.459699491436808]"
1658,goal_166,8,exito,15363,2322.17,05,subwp,123,1,E2.1,E2.1-R0,False,subwp,123,05,8,2499061210,exito,,491.616,0,0,"[0.0, -8.879355033856328]"
1659,goal_166,9,col_return,10309,1385.28,05,subwp,123,1,E2.1,E2.1-R0,False,subwp,123,05,9,3824391500,col_return,return,329.888,0,0,"[0.0, 6.57530770005216]"
1660,goal_166,10,exito,15357,2336.78,05,subwp,123,1,E2.1,E2.1-R0,False,subwp,123,05,10,1133226759,exito,,491.424,0,0,"[0.0, 26.838110061897446]"
1661,goal_167,1,exito,15827,2393.36,05,subwp,123,1,E2.1,E2.1-R0,False,subwp,123,05,1,4017005351,exito,,506.464,0,0,"[0.0, 19.480026876184557]"
1662,goal_167,2,exito,15826,2393.25,05,subwp,123,1,E2.1,E2.1-R0,False,subwp,123,05,2,1986523805,exito,,506.432,0,0,"[0.0, 8.650562258415933]"
1663,goal_167,3,exito,15826,2393.23,05,subwp,123,1,E2.1,E2.1-R0,False,subwp,123,05,3,23118347,exito,,506.432,0,0,"[0.0, -6.683231026536152]"
1664,goal_167,4,exito,15826,2393.26,05,subwp,123,1,E2.1,E2.1-R0,False,subwp,123,05,4,2667861928,exito,,506.432,0,0,"[0.0, -14.201289153441511]"
1665,goal_167,5,exito,15826,2390.13,05,subwp,123,1,E2.1,E2.1-R0,False,subwp,123,05,5,3892537150,exito,,506.432,0,0,"[0.0, -28.657128605952657]"
1666,goal_167,6,col_return,10646,1423.11,05,subwp,123,1,E2.1,E2.1-R0,False,subwp,123,05,6,1896494724,col_return,return,340.672,0,0,"[0.0, 17.361922996991463]"
1667,goal_167,7,exito,15820,2392.9,05,subwp,123,1,E2.1,E2.1-R0,False,subwp,123,05,7,101516818,exito,,506.24,0,0,"[0.0, -4.996638037996006]"
1668,goal_167,8,exito,15827,2393.35,05,subwp,123,1,E2.1,E2.1-R0,False,subwp,123,05,8,2528254851,exito,,506.464,0,0,"[0.0, 10.258764238180849]"
1669,goal_167,9,exito,15827,2393.33,05,subwp,123,1,E2.1,E2.1-R0,False,subwp,123,05,9,3786746645,exito,,506.464,0,0,"[0.0, 24.82034165635454]"
1670,goal_167,10,exito,15827,2393.3,05,subwp,123,1,E2.1,E2.1-R0,False,subwp,123,05,10,1363018985,exito,,506.464,0,0,"[0.0, -15.467224821952863]"
1671,goal_168,1,exito,15605,2369.68,05,subwp,123,1,E2.1,E2.1-R0,False,subwp,123,05,1,4004301072,exito,,499.36,0,0,"[0.0, -3.7718393401996675]"
1672,goal_168,2,exito,15605,2357.87,05,subwp,123,1,E2.1,E2.1-R0,False,subwp,123,05,2,2007341226,exito,,499.36,0,0,"[0.0, 21.55662555090369]"
1673,goal_168,3,col_return,10450,1399.59,05,subwp,123,1,E2.1,E2.1-R0,False,subwp,123,05,3,10659900,col_return,return,334.4,0,0,"[0.0, -25.35520756079872]"
1674,goal_168,4,exito,15601,2369.69,05,subwp,123,1,E2.1,E2.1-R0,False,subwp,123,05,4,2663792031,exito,,499.232,0,0,"[0.0, 0.3904427734721039]"
1675,goal_168,5,exito,15605,2369.69,05,subwp,123,1,E2.1,E2.1-R0,False,subwp,123,05,5,3921743113,exito,,499.36,0,0,"[0.0, -7.84226020726555]"
1676,goal_168,6,exito,15606,2369.63,05,subwp,123,1,E2.1,E2.1-R0,False,subwp,123,05,6,1892179123,exito,,499.392,0,0,"[0.0, 29.099446058999558]"
1677,goal_168,7,col_approach,2399,170.51,05,subwp,123,1,E2.1,E2.1-R0,False,subwp,123,05,7,131034149,col_approach,approach,76.768,0,0,"[0.0, -6.124627024425699]"
1678,goal_168,8,col_return,10611,1429.92,05,subwp,123,1,E2.1,E2.1-R0,False,subwp,123,05,8,2540728756,col_return,return,339.552,0,0,"[0.0, 4.04579821431394]"
1679,goal_168,9,exito,15600,2369.54,05,subwp,123,1,E2.1,E2.1-R0,False,subwp,123,05,9,3765911842,exito,,499.2,0,0,"[0.0, 13.674088470795741]"
1680,goal_168,10,exito,15605,2369.65,05,subwp,123,1,E2.1,E2.1-R0,False,subwp,123,05,10,3917636492,exito,,499.36,0,0,"[0.0, 22.256952840888417]"
1681,goal_169,1,exito,16051,2421.75,05,subwp,123,1,E2.1,E2.1-R0,False,subwp,123,05,1,3857747501,exito,,513.632,0,0,"[0.0, 21.59519874491354]"
1682,goal_169,2,exito,16051,2421.24,05,subwp,123,1,E2.1,E2.1-R0,False,subwp,123,05,2,2096750487,exito,,513.632,0,0,"[0.0, 17.424701144582933]"
1683,goal_169,3,exito,16051,2421.43,05,subwp,123,1,E2.1,E2.1-R0,False,subwp,123,05,3,201256705,exito,,513.632,0,0,"[0.0, -4.104593301288199]"
1684,goal_169,4,col_return,10849,1451.43,05,subwp,123,1,E2.1,E2.1-R0,False,subwp,123,05,4,2509929122,col_return,return,347.168,0,0,"[0.0, 22.90526563066184]"
1685,goal_169,5,exito,16046,2421.41,05,subwp,123,1,E2.1,E2.1-R0,False,subwp,123,05,5,3801958964,exito,,513.472,0,0,"[0.0, 13.431953088298842]"
1686,goal_169,6,exito,16051,2421.7,05,subwp,123,1,E2.1,E2.1-R0,False,subwp,123,05,6,2073303950,exito,,513.632,0,0,"[0.0, 10.393514388109102]"
1687,goal_169,7,exito,16051,2421.5,05,subwp,123,1,E2.1,E2.1-R0,False,subwp,123,05,7,210971416,exito,,513.632,0,0,"[0.0, 25.079357809680292]"
1688,goal_169,8,exito,16051,2421.0,05,subwp,123,1,E2.1,E2.1-R0,False,subwp,123,05,8,2620143241,exito,,513.632,0,0,"[0.0, -24.37248271347576]"
1689,goal_169,9,col_return,10822,1445.1,05,subwp,123,1,E2.1,E2.1-R0,False,subwp,123,05,9,3945465375,col_return,return,346.304,0,0,"[0.0, 17.01126537745814]"
1690,goal_169,10,exito,16046,2421.4,05,subwp,123,1,E2.1,E2.1-R0,False,subwp,123,05,10,2984342490,exito,,513.472,0,0,"[0.0, 23.457490576924997]"
1691,goal_170,1,exito,15800,2395.43,05,subwp,123,1,E2.1,E2.1-R0,False,subwp,123,05,1,3828540442,exito,,505.6,0,0,"[0.0, -1.4745722945188255]"
1692,goal_170,2,col_approach,2351,158.07,05,subwp,123,1,E2.1,E2.1-R0,False,subwp,123,05,2,2101065120,col_approach,approach,75.232,0,0,"[0.0, -6.998912139753138]"
1693,goal_170,3,col_return,10682,1437.64,05,subwp,123,1,E2.1,E2.1-R0,False,subwp,123,05,3,171738422,col_return,return,341.824,0,0,"[0.0, 9.84843839201266]"
1694,goal_170,4,exito,15795,2395.69,05,subwp,123,1,E2.1,E2.1-R0,False,subwp,123,05,4,2488799381,exito,,505.44,0,0,"[0.0, 4.888894830867172]"
1695,goal_170,5,exito,15800,2395.83,05,subwp,123,1,E2.1,E2.1-R0,False,subwp,123,05,5,3814662147,exito,,505.6,0,0,"[0.0, -14.874498413543904]"
1696,goal_170,6,exito,15800,2387.3,05,subwp,123,1,E2.1,E2.1-R0,False,subwp,123,05,6,2052485561,exito,,505.6,0,0,"[0.0, -29.189519675918174]"
1697,goal_170,7,exito,15801,2375.9,05,subwp,123,1,E2.1,E2.1-R0,False,subwp,123,05,7,223428911,exito,,505.632,0,0,"[0.0, -16.581289702063685]"
1698,goal_170,8,exito,15800,2395.8,05,subwp,123,1,E2.1,E2.1-R0,False,subwp,123,05,8,2649644222,exito,,505.6,0,0,"[0.0, -14.6323310189464]"
1699,goal_170,9,exito,15800,2358.69,05,subwp,123,1,E2.1,E2.1-R0,False,subwp,123,05,9,3941166120,exito,,505.6,0,0,"[0.0, -2.7535011462488623]"
1700,goal_170,10,col_return,10442,1400.98,05,subwp,123,1,E2.1,E2.1-R0,False,subwp,123,05,10,157095103,col_return,return,334.144,0,0,"[0.0, 2.4945034411011124]"
1701,goal_171,1,exito,16289,2454.62,05,subwp,123,1,E2.1,E2.1-R0,False,subwp,123,05,1,1398782192,exito,,521.248,0,0,"[0.0, -7.9879967530253175]"
1702,goal_171,2,exito,16295,2454.96,05,subwp,123,1,E2.1,E2.1-R0,False,subwp,123,05,2,3394693450,exito,,521.44,0,0,"[0.0, -16.96257932034954]"
1703,goal_171,3,exito,16295,2454.98,05,subwp,123,1,E2.1,E2.1-R0,False,subwp,123,05,3,3176258012,exito,,521.44,0,0,"[0.0, 27.73300796219434]"
1704,goal_171,4,col_return,11038,1466.49,05,subwp,123,1,E2.1,E2.1-R0,False,subwp,123,05,4,590695551,col_return,return,353.216,0,0,"[0.0, -20.848997793453464]"
1705,goal_171,5,exito,16290,2454.69,05,subwp,123,1,E2.1,E2.1-R0,False,subwp,123,05,5,1412594921,exito,,521.28,0,0,"[0.0, 11.15756003513952]"
1706,goal_171,6,exito,16295,2454.97,05,subwp,123,1,E2.1,E2.1-R0,False,subwp,123,05,6,3443207507,exito,,521.44,0,0,"[0.0, 27.12899720058481]"
1707,goal_171,7,exito,16295,2454.97,05,subwp,123,1,E2.1,E2.1-R0,False,subwp,123,05,7,3124501957,exito,,521.44,0,0,"[0.0, 10.608218280902996]"
1708,goal_171,8,col_return,11078,1473.55,05,subwp,123,1,E2.1,E2.1-R0,False,subwp,123,05,8,713228372,col_return,return,354.496,0,0,"[0.0, 28.80398504207053]"
1709,goal_171,9,exito,16290,2454.7,05,subwp,123,1,E2.1,E2.1-R0,False,subwp,123,05,9,1568944322,exito,,521.28,0,0,"[0.0, -21.772523556209432]"
1710,goal_171,10,exito,16295,2454.95,05,subwp,123,1,E2.1,E2.1-R0,False,subwp,123,05,10,1228239493,exito,,521.44,0,0,"[0.0, -29.97572683069945]"
1711,goal_172,1,exito,16038,2426.95,05,subwp,123,1,E2.1,E2.1-R0,False,subwp,123,05,1,1386074823,exito,,513.216,0,0,"[0.0, -9.644394404652715]"
1712,goal_172,2,col_return,11112,1479.04,05,subwp,123,1,E2.1,E2.1-R0,False,subwp,123,05,2,3415507837,col_return,return,355.584,0,0,"[0.0, -5.912994078251357]"
1713,goal_172,3,exito,16032,2426.71,05,subwp,123,1,E2.1,E2.1-R0,False,subwp,123,05,3,3163796459,exito,,513.024,0,0,"[0.0, 23.665054036682236]"
1714,goal_172,4,exito,16037,2426.81,05,subwp,123,1,E2.1,E2.1-R0,False,subwp,123,05,4,586622536,exito,,513.184,0,0,"[0.0, -1.8018861865167168]"
1715,goal_172,5,col_approach,2342,162.5,05,subwp,123,1,E2.1,E2.1-R0,False,subwp,123,05,5,1441797854,col_approach,approach,74.944,0,0,"[0.0, -14.526248376222387]"
1716,goal_172,6,col_return,10820,1454.39,05,subwp,123,1,E2.1,E2.1-R0,False,subwp,123,05,6,3438888804,col_return,return,346.24,0,0,"[0.0, -14.673203069769263]"
1717,goal_172,7,exito,16032,2426.75,05,subwp,123,1,E2.1,E2.1-R0,False,subwp,123,05,7,3154016242,exito,,513.024,0,0,"[0.0, -11.1947579157672]"
1718,goal_172,8,exito,16037,2426.84,05,subwp,123,1,E2.1,E2.1-R0,False,subwp,123,05,8,725707363,exito,,513.184,0,0,"[0.0, 7.570832213143777]"
1719,goal_172,9,exito,16037,2381.18,05,subwp,123,1,E2.1,E2.1-R0,False,subwp,123,05,9,1548114677,exito,,513.184,0,0,"[0.0, -13.021892492953945]"
1720,goal_172,10,exito,16037,2426.5,05,subwp,123,1,E2.1,E2.1-R0,False,subwp,123,05,10,4052293088,exito,,513.184,0,0,"[0.0, 22.015989660766838]"
1721,goal_173,1,col_return,11096,1483.61,05,subwp,123,1,E2.1,E2.1-R0,False,subwp,123,05,1,1356557470,col_return,return,355.072,0,0,"[0.0, -2.724006348874559]"
1722,goal_173,2,exito,16551,2488.76,05,subwp,123,1,E2.1,E2.1-R0,False,subwp,123,05,2,3385998628,exito,,529.632,0,0,"[0.0, -29.486908141004108]"
1723,goal_173,3,exito,16556,2489.03,05,subwp,123,1,E2.1,E2.1-R0,False,subwp,123,05,3,3201633714,exito,,529.792,0,0,"[0.0, 9.231030478232952]"
1724,goal_173,4,col_return,11506,1529.62,05,subwp,123,1,E2.1,E2.1-R0,False,subwp,123,05,4,548509713,col_return,return,368.192,0,0,"[0.0, -1.7819469443014024]"
1725,goal_173,5,exito,16551,2488.72,05,subwp,123,1,E2.1,E2.1-R0,False,subwp,123,05,5,1471588487,exito,,529.632,0,0,"[0.0, -9.132993097430763]"
1726,goal_173,6,exito,16556,2488.99,05,subwp,123,1,E2.1,E2.1-R0,False,subwp,123,05,6,3468687677,exito,,529.792,0,0,"[0.0, -5.788418542556841]"
1727,goal_173,7,exito,16556,2474.57,05,subwp,123,1,E2.1,E2.1-R0,False,subwp,123,05,7,3115895211,exito,,529.792,0,0,"[0.0, 21.980045173276665]"
1728,goal_173,8,col_return,10898,1459.29,05,subwp,123,1,E2.1,E2.1-R0,False,subwp,123,05,8,688378938,col_return,return,348.736,0,0,"[0.0, 26.230926065895012]"
1729,goal_173,9,exito,16551,2488.74,05,subwp,123,1,E2.1,E2.1-R0,False,subwp,123,05,9,1577116844,exito,,529.632,0,0,"[0.0, 20.46525367986951]"
1730,goal_173,10,exito,16556,2488.63,05,subwp,123,1,E2.1,E2.1-R0,False,subwp,123,05,10,3812407822,exito,,529.792,0,0,"[0.0, -26.48018947760406]"
1731,goal_174,1,col_return,11272,1508.62,05,subwp,123,1,E2.1,E2.1-R0,False,subwp,123,05,1,1360594601,col_return,return,360.704,0,0,"[0.0, 17.520511537345698]"
1732,goal_174,2,exito,16267,2456.33,05,subwp,123,1,E2.1,E2.1-R0,False,subwp,123,05,2,3356514067,exito,,520.544,0,0,"[0.0, 23.674958549659703]"
1733,goal_174,3,exito,16272,2456.7,05,subwp,123,1,E2.1,E2.1-R0,False,subwp,123,05,3,3205982085,exito,,520.704,0,0,"[0.0, 23.88111685312533]"
1734,goal_174,4,exito,16274,2443.56,05,subwp,123,1,E2.1,E2.1-R0,False,subwp,123,05,4,561246758,exito,,520.768,0,0,"[0.0, -23.86136931755469]"
1735,goal_174,5,col_return,11230,1496.97,05,subwp,123,1,E2.1,E2.1-R0,False,subwp,123,05,5,1450492592,col_return,return,359.36,0,0,"[0.0, 12.483996188780424]"
1736,goal_174,6,exito,16266,2456.42,05,subwp,123,1,E2.1,E2.1-R0,False,subwp,123,05,6,3481113354,exito,,520.512,0,0,"[0.0, 13.685130643265897]"
1737,goal_174,7,exito,16274,2456.91,05,subwp,123,1,E2.1,E2.1-R0,False,subwp,123,05,7,3095045020,exito,,520.768,0,0,"[0.0, -14.782904778898207]"
1738,goal_174,8,exito,16271,2451.72,05,subwp,123,1,E2.1,E2.1-R0,False,subwp,123,05,8,684047885,exito,,520.672,0,0,"[0.0, 10.818750608819927]"
1739,goal_174,9,col_return,11191,1501.44,05,subwp,123,1,E2.1,E2.1-R0,False,subwp,123,05,9,1606586011,col_return,return,358.112,0,0,"[0.0, -19.280203336896342]"
1740,goal_174,10,exito,16269,2456.71,05,subwp,123,1,E2.1,E2.1-R0,False,subwp,123,05,10,1535171947,exito,,520.608,0,0,"[0.0, 5.567881774900709]"
1741,goal_175,1,exito,16766,2517.41,05,subwp,123,1,E2.1,E2.1-R0,False,subwp,123,05,1,1414926380,exito,,536.512,0,0,"[0.0, 27.926014060534257]"
1742,goal_175,2,exito,16766,2485.15,05,subwp,123,1,E2.1,E2.1-R0,False,subwp,123,05,2,3445571990,exito,,536.512,0,0,"[0.0, -23.990603203683833]"
1743,goal_175,3,col_return,10940,1458.11,05,subwp,123,1,E2.1,E2.1-R0,False,subwp,123,05,3,3126358272,col_return,return,350.08,0,0,"[0.0, -8.431907543240335]"
1744,goal_175,4,exito,16761,2517.07,05,subwp,123,1,E2.1,E2.1-R0,False,subwp,123,05,4,607970467,exito,,536.352,0,0,"[0.0, -18.61995525701936]"
1745,goal_175,5,exito,16766,2517.13,05,subwp,123,1,E2.1,E2.1-R0,False,subwp,123,05,5,1396429877,exito,,536.512,0,0,"[0.0, 10.817044844065169]"
1746,goal_175,6,col_return,11206,1498.87,05,subwp,123,1,E2.1,E2.1-R0,False,subwp,123,05,6,3392308623,col_return,return,358.592,0,0,"[0.0, -21.978105271006196]"
1747,goal_175,7,exito,16761,2517.07,05,subwp,123,1,E2.1,E2.1-R0,False,subwp,123,05,7,3174413593,exito,,536.352,0,0,"[0.0, -29.579429974146667]"
1748,goal_175,8,exito,16766,2517.37,05,subwp,123,1,E2.1,E2.1-R0,False,subwp,123,05,8,764061832,exito,,536.512,0,0,"[0.0, -5.699588402730491]"
1749,goal_175,9,col_return,11340,1514.48,05,subwp,123,1,E2.1,E2.1-R0,False,subwp,123,05,9,1519228958,col_return,return,362.88,0,0,"[0.0, -14.331007851072373]"
1750,goal_175,10,exito,16761,2517.04,05,subwp,123,1,E2.1,E2.1-R0,False,subwp,123,05,10,3327649234,exito,,536.352,0,0,"[0.0, 27.804597202096783]"
1751,goal_176,1,col_approach,2288,151.22,05,subwp,123,1,E2.1,E2.1-R0,False,subwp,123,05,1,1435793947,col_approach,approach,73.216,0,0,"[0.0, 17.56439386404261]"
1752,goal_176,2,col_return,11000,1478.34,05,subwp,123,1,E2.1,E2.1-R0,False,subwp,123,05,2,3432852385,col_return,return,352.0,0,0,"[0.0, -27.81087610900106]"
1753,goal_176,3,exito,16488,2486.58,05,subwp,123,1,E2.1,E2.1-R0,False,subwp,123,05,3,3147438903,exito,,527.616,0,0,"[0.0, -29.68608103771148]"
1754,goal_176,4,col_approach,2413,160.69,05,subwp,123,1,E2.1,E2.1-R0,False,subwp,123,05,4,637439636,col_approach,approach,77.216,0,0,"[0.0, 20.260665597313924]"
1755,goal_176,5,col_return,11067,1473.67,05,subwp,123,1,E2.1,E2.1-R0,False,subwp,123,05,5,1392098818,col_return,return,354.144,0,0,"[0.0, -24.644147087885443]"
1756,goal_176,6,exito,16490,2486.82,05,subwp,123,1,E2.1,E2.1-R0,False,subwp,123,05,6,3421564856,exito,,527.68,0,0,"[0.0, 8.848398195179016]"
1757,goal_176,7,exito,16495,2452.04,05,subwp,123,1,E2.1,E2.1-R0,False,subwp,123,05,7,3170361134,exito,,527.84,0,0,"[0.0, 2.477883850591689]"
1758,goal_176,8,exito,16493,2447.69,05,subwp,123,1,E2.1,E2.1-R0,False,subwp,123,05,8,742965951,exito,,527.776,0,0,"[0.0, 14.615555806386578]"
1759,goal_176,9,col_return,10779,1443.64,05,subwp,123,1,E2.1,E2.1-R0,False,subwp,123,05,9,1531965993,col_return,return,344.928,0,0,"[0.0, 25.86471959346487]"
1760,goal_176,10,exito,16488,2486.59,05,subwp,123,1,E2.1,E2.1-R0,False,subwp,123,05,10,2129363639,exito,,527.616,0,0,"[0.0, -16.543332351067043]"
1761,goal_177,1,exito,17027,2549.91,05,subwp,123,1,E2.1,E2.1-R0,False,subwp,123,05,1,1473430594,exito,,544.864,0,0,"[0.0, -2.8816645486596038]"
1762,goal_177,2,col_return,11390,1519.99,05,subwp,123,1,E2.1,E2.1-R0,False,subwp,123,05,2,3470497272,col_return,return,364.48,0,0,"[0.0, 24.16678927648445]"
1763,goal_177,3,exito,17024,2550.01,05,subwp,123,1,E2.1,E2.1-R0,False,subwp,123,05,3,3118245230,exito,,544.768,0,0,"[0.0, -12.03826081605853]"
1764,goal_177,4,exito,17027,2541.74,05,subwp,123,1,E2.1,E2.1-R0,False,subwp,123,05,4,666382541,exito,,544.864,0,0,"[0.0, 1.6470706680462999]"
1765,goal_177,5,col_return,11198,1477.87,05,subwp,123,1,E2.1,E2.1-R0,False,subwp,123,05,5,1354694747,col_return,return,358.336,0,0,"[0.0, -22.944230268053328]"
1766,goal_177,6,exito,17024,2549.98,05,subwp,123,1,E2.1,E2.1-R0,False,subwp,123,05,6,3384168929,exito,,544.768,0,0,"[0.0, -2.622804669565717]"
1767,goal_177,7,col_return,12093,1601.76,05,subwp,123,1,E2.1,E2.1-R0,False,subwp,123,05,7,3199295863,col_return,return,386.976,0,0,"[0.0, -0.17903935742373367]"
1768,goal_177,8,exito,17022,2549.89,05,subwp,123,1,E2.1,E2.1-R0,False,subwp,123,05,8,772701414,exito,,544.704,0,0,"[0.0, -0.1034909664042738]"
1769,goal_177,9,exito,17029,2550.32,05,subwp,123,1,E2.1,E2.1-R0,False,subwp,123,05,9,1493781616,exito,,544.928,0,0,"[0.0, 14.376736363667664]"
1770,goal_177,10,col_return,11490,1531.21,05,subwp,123,1,E2.1,E2.1-R0,False,subwp,123,05,10,1818111321,col_return,return,367.68,0,0,"[0.0, 19.763416115946463]"
1771,goal_178,1,exito,16740,2518.69,05,subwp,123,1,E2.1,E2.1-R0,False,subwp,123,05,1,1443933813,exito,,535.68,0,0,"[0.0, 19.736854608798062]"
1772,goal_178,2,exito,16746,2482.14,05,subwp,123,1,E2.1,E2.1-R0,False,subwp,123,05,2,3474587599,exito,,535.872,0,0,"[0.0, -20.73191875299976]"
1773,goal_178,3,col_return,11374,1517.75,05,subwp,123,1,E2.1,E2.1-R0,False,subwp,123,05,3,3089026905,col_return,return,363.968,0,0,"[0.0, -12.976137200512227]"
1774,goal_178,4,exito,16741,2518.64,05,subwp,123,1,E2.1,E2.1-R0,False,subwp,123,05,4,645552890,exito,,535.712,0,0,"[0.0, 24.032753016750487]"
1775,goal_178,5,col_approach,2295,158.22,05,subwp,123,1,E2.1,E2.1-R0,False,subwp,123,05,5,1367173740,col_approach,approach,73.44,0,0,"[0.0, -15.796628256145613]"
1776,goal_178,6,col_return,11149,1493.97,05,subwp,123,1,E2.1,E2.1-R0,False,subwp,123,05,6,3363060694,col_return,return,356.768,0,0,"[0.0, 8.30026168252201]"
1777,goal_178,7,exito,16741,2518.83,05,subwp,123,1,E2.1,E2.1-R0,False,subwp,123,05,7,3211987776,exito,,535.712,0,0,"[0.0, -21.32973679574699]"
1778,goal_178,8,exito,16747,2457.71,05,subwp,123,1,E2.1,E2.1-R0,False,subwp,123,05,8,801904337,exito,,535.904,0,0,"[0.0, 7.59200341679122]"
1779,goal_178,9,col_return,11347,1513.12,05,subwp,123,1,E2.1,E2.1-R0,False,subwp,123,05,9,1489708615,col_return,return,363.104,0,0,"[0.0, 23.71244494014807]"
1780,goal_178,10,exito,16740,2518.67,05,subwp,123,1,E2.1,E2.1-R0,False,subwp,123,05,10,3571599932,exito,,535.68,0,0,"[0.0, -28.04964533298675]"
1781,goal_179,1,exito,17255,2581.16,05,subwp,123,1,E2.1,E2.1-R0,False,subwp,123,05,1,1565321544,exito,,552.16,0,0,"[0.0, -26.7528837736982]"
1782,goal_179,2,col_return,11414,1525.06,05,subwp,123,1,E2.1,E2.1-R0,False,subwp,123,05,2,3292903666,col_return,return,365.248,0,0,"[0.0, 13.755327035436835]"
1783,goal_179,3,exito,17250,2582.03,05,subwp,123,1,E2.1,E2.1-R0,False,subwp,123,05,3,3007481956,exito,,552.0,0,0,"[0.0, 7.309631014629936]"
1784,goal_179,4,col_return,12077,1619.73,05,subwp,123,1,E2.1,E2.1-R0,False,subwp,123,05,4,757472711,col_return,return,386.464,0,0,"[0.0, 18.124233872967974]"
1785,goal_179,5,exito,17250,2582.05,05,subwp,123,1,E2.1,E2.1-R0,False,subwp,123,05,5,1512123729,exito,,552.0,0,0,"[0.0, -9.142859656759557]"
1786,goal_179,6,exito,17255,2573.88,05,subwp,123,1,E2.1,E2.1-R0,False,subwp,123,05,6,3274210539,exito,,552.16,0,0,"[0.0, -9.74081126198948]"
1787,goal_179,7,exito,17255,2582.28,05,subwp,123,1,E2.1,E2.1-R0,False,subwp,123,05,7,3022998653,exito,,552.16,0,0,"[0.0, -28.600853687166786]"
1788,goal_179,8,exito,17255,2582.34,05,subwp,123,1,E2.1,E2.1-R0,False,subwp,123,05,8,613437932,exito,,552.16,0,0,"[0.0, -20.2179564722438]"
1789,goal_179,9,exito,17255,2582.26,05,subwp,123,1,E2.1,E2.1-R0,False,subwp,123,05,9,1402429818,exito,,552.16,0,0,"[0.0, 10.937181697121655]"
1790,goal_179,10,col_return,11666,1549.32,05,subwp,123,1,E2.1,E2.1-R0,False,subwp,123,05,10,2357287530,col_return,return,373.312,0,0,"[0.0, -24.746268785136827]"
1791,goal_180,1,exito,16952,2548.41,05,subwp,123,1,E2.1,E2.1-R0,False,subwp,123,05,1,1552843647,exito,,542.464,0,0,"[0.0, 8.818670367234171]"
1792,goal_180,2,exito,16958,2530.22,05,subwp,123,1,E2.1,E2.1-R0,False,subwp,123,05,2,3314012869,exito,,542.656,0,0,"[0.0, 3.9204216769038824]"
1793,goal_180,3,col_return,11220,1497.29,05,subwp,123,1,E2.1,E2.1-R0,False,subwp,123,05,3,2994790995,col_return,return,359.04,0,0,"[0.0, -22.925612632212918]"
1794,goal_180,4,exito,16951,2548.32,05,subwp,123,1,E2.1,E2.1-R0,False,subwp,123,05,4,753170416,exito,,542.432,0,0,"[0.0, -5.4835772312016]"
1795,goal_180,5,exito,16957,2541.56,05,subwp,123,1,E2.1,E2.1-R0,False,subwp,123,05,5,1541621606,exito,,542.624,0,0,"[0.0, 13.850703843401135]"
1796,goal_180,6,col_return,11152,1493.04,05,subwp,123,1,E2.1,E2.1-R0,False,subwp,123,05,6,3270121180,col_return,return,356.864,0,0,"[0.0, -6.148084790859263]"
1797,goal_180,7,exito,16953,2548.47,05,subwp,123,1,E2.1,E2.1-R0,False,subwp,123,05,7,3052217930,exito,,542.496,0,0,"[0.0, 8.931099640373548]"
1798,goal_180,8,exito,16958,2536.88,05,subwp,123,1,E2.1,E2.1-R0,False,subwp,123,05,8,626146267,exito,,542.656,0,0,"[0.0, 7.782657144244083]"
1799,goal_180,9,col_return,11121,1490.17,05,subwp,123,1,E2.1,E2.1-R0,False,subwp,123,05,9,1381305165,col_return,return,355.872,0,0,"[0.0, -8.189283292936967]"
1800,goal_180,10,exito,16952,2548.34,05,subwp,123,1,E2.1,E2.1-R0,False,subwp,123,05,10,876428559,exito,,542.464,0,0,"[0.0, -11.22385553334687]"
1801,goal_181,1,exito,16666,2517.07,05,subwp,123,1,E2.1,E2.1-R0,False,subwp,123,05,1,188524710,exito,,533.312,0,0,"[0.0, -6.807923430043861]"
1802,goal_181,2,col_return,11114,1488.44,05,subwp,123,1,E2.1,E2.1-R0,False,subwp,123,05,2,2453010716,col_return,return,355.648,0,0,"[0.0, -6.633750350788999]"
1803,goal_181,3,exito,16660,2518.09,05,subwp,123,1,E2.1,E2.1-R0,False,subwp,123,05,3,3845310858,exito,,533.12,0,0,"[0.0, -25.2289768436879]"
1804,goal_181,4,exito,16666,2518.35,05,subwp,123,1,E2.1,E2.1-R0,False,subwp,123,05,4,2069257257,exito,,533.312,0,0,"[0.0, 6.658399599550968]"
1805,goal_181,5,col_return,11382,1536.96,05,subwp,123,1,E2.1,E2.1-R0,False,subwp,123,05,5,206662847,col_return,return,364.224,0,0,"[0.0, -24.151891333738995]"
1806,goal_181,6,exito,16660,2518.07,05,subwp,123,1,E2.1,E2.1-R0,False,subwp,123,05,6,2505587973,exito,,533.12,0,0,"[0.0, -26.165375501343814]"
1807,goal_181,7,exito,16666,2518.36,05,subwp,123,1,E2.1,E2.1-R0,False,subwp,123,05,7,3797880211,exito,,533.312,0,0,"[0.0, -28.87830952204721]"
1808,goal_181,8,col_return,11528,1554.87,05,subwp,123,1,E2.1,E2.1-R0,False,subwp,123,05,8,1927286786,col_return,return,368.896,0,0,"[0.0, 4.819026185690172]"
1809,goal_181,9,exito,16660,2518.04,05,subwp,123,1,E2.1,E2.1-R0,False,subwp,123,05,9,99033236,exito,,533.12,0,0,"[0.0, -19.77362024087156]"
1810,goal_181,10,exito,16666,2518.36,05,subwp,123,1,E2.1,E2.1-R0,False,subwp,123,05,10,3412452692,exito,,533.312,0,0,"[0.0, 12.045662866411353]"
1811,goal_182,1,col_return,11616,1564.16,05,subwp,123,1,E2.1,E2.1-R0,False,subwp,123,05,1,184468113,col_return,return,371.712,0,0,"[0.0, 20.330400733181758]"
1812,goal_182,2,exito,16673,2526.76,05,subwp,123,1,E2.1,E2.1-R0,False,subwp,123,05,2,2482475819,exito,,533.536,0,0,"[0.0, 1.2033317159514811]"
1813,goal_182,3,exito,16678,2526.88,05,subwp,123,1,E2.1,E2.1-R0,False,subwp,123,05,3,3840975805,exito,,533.696,0,0,"[0.0, -14.285323380585961]"
1814,goal_182,4,col_return,11623,1571.25,05,subwp,123,1,E2.1,E2.1-R0,False,subwp,123,05,4,2056533534,col_return,return,371.936,0,0,"[0.0, 28.61745622894658]"
1815,goal_182,5,exito,16672,2526.92,05,subwp,123,1,E2.1,E2.1-R0,False,subwp,123,05,5,227739272,exito,,533.504,0,0,"[0.0, -4.818232767167716]"
1816,goal_182,6,exito,16678,2526.92,05,subwp,123,1,E2.1,E2.1-R0,False,subwp,123,05,6,2493142834,exito,,533.696,0,0,"[0.0, -0.11799082061465516]"
1817,goal_182,7,col_return,11623,1578.67,05,subwp,123,1,E2.1,E2.1-R0,False,subwp,123,05,7,3818743716,col_return,return,371.936,0,0,"[0.0, 8.907027761570333]"
1818,goal_182,8,exito,16674,2526.91,05,subwp,123,1,E2.1,E2.1-R0,False,subwp,123,05,8,1931639349,exito,,533.568,0,0,"[0.0, 10.219997185070051]"
1819,goal_182,9,exito,16678,2526.93,05,subwp,123,1,E2.1,E2.1-R0,False,subwp,123,05,9,69552803,exito,,533.696,0,0,"[0.0, -5.0994059886414895]"
1820,goal_182,10,col_return,11634,1580.66,05,subwp,123,1,E2.1,E2.1-R0,False,subwp,123,05,10,1943634481,col_return,return,372.288,0,0,"[0.0, 28.778470174588037]"
1821,goal_183,1,exito,16573,2503.16,05,subwp,123,1,E2.1,E2.1-R0,False,subwp,123,05,1,146308296,exito,,530.336,0,0,"[0.0, 28.542728415279115]"
1822,goal_183,2,exito,16580,2503.41,05,subwp,123,1,E2.1,E2.1-R0,False,subwp,123,05,2,2444307826,exito,,530.56,0,0,"[0.0, -23.54073037805429]"
1823,goal_183,3,exito,16580,2486.74,05,subwp,123,1,E2.1,E2.1-R0,False,subwp,123,05,3,3870694884,exito,,530.56,0,0,"[0.0, -17.880764414819673]"
1824,goal_183,4,col_return,10907,1467.51,05,subwp,123,1,E2.1,E2.1-R0,False,subwp,123,05,4,2027063367,col_return,return,349.024,0,0,"[0.0, 27.064080674865085]"
1825,goal_183,5,exito,16573,2503.12,05,subwp,123,1,E2.1,E2.1-R0,False,subwp,123,05,5,265664721,exito,,530.336,0,0,"[0.0, 20.254837883158597]"
1826,goal_183,6,exito,16580,2503.42,05,subwp,123,1,E2.1,E2.1-R0,False,subwp,123,05,6,2531060075,exito,,530.56,0,0,"[0.0, 21.914137069341567]"
1827,goal_183,7,col_return,11388,1525.91,05,subwp,123,1,E2.1,E2.1-R0,False,subwp,123,05,7,3789281789,col_return,return,364.416,0,0,"[0.0, 27.760522115027648]"
1828,goal_183,8,exito,16575,2503.38,05,subwp,123,1,E2.1,E2.1-R0,False,subwp,123,05,8,1902429292,exito,,530.4,0,0,"[0.0, 13.853509764892944]"
1829,goal_183,9,exito,16580,2503.42,05,subwp,123,1,E2.1,E2.1-R0,False,subwp,123,05,9,107214074,exito,,530.56,0,0,"[0.0, 3.442086232717154]"
1830,goal_183,10,col_return,11634,1546.77,05,subwp,123,1,E2.1,E2.1-R0,False,subwp,123,05,10,1634479583,col_return,return,372.288,0,0,"[0.0, 15.606421213275212]"
1831,goal_184,1,exito,16548,2508.86,05,subwp,123,1,E2.1,E2.1-R0,False,subwp,123,05,1,158996223,exito,,529.536,0,0,"[0.0, 17.039162943789428]"
1832,goal_184,2,exito,16553,2508.9,05,subwp,123,1,E2.1,E2.1-R0,False,subwp,123,05,2,2423473989,exito,,529.696,0,0,"[0.0, 21.49632303327523]"
1833,goal_184,3,exito,16550,2500.86,05,subwp,123,1,E2.1,E2.1-R0,False,subwp,123,05,3,3883169747,exito,,529.6,0,0,"[0.0, -25.02638788217724]"
1834,goal_184,4,col_return,10953,1475.87,05,subwp,123,1,E2.1,E2.1-R0,False,subwp,123,05,4,2031149680,col_return,return,350.496,0,0,"[0.0, -6.016304195363502]"
1835,goal_184,5,exito,16547,2508.94,05,subwp,123,1,E2.1,E2.1-R0,False,subwp,123,05,5,236442342,exito,,529.504,0,0,"[0.0, 13.076013146611158]"
1836,goal_184,6,exito,16553,2508.91,05,subwp,123,1,E2.1,E2.1-R0,False,subwp,123,05,6,2535359324,exito,,529.696,0,0,"[0.0, -20.993704035387022]"
1837,goal_184,7,col_return,11430,1538.75,05,subwp,123,1,E2.1,E2.1-R0,False,subwp,123,05,7,3759780810,col_return,return,365.76,0,0,"[0.0, 21.659495978901177]"
1838,goal_184,8,exito,16547,2508.5,05,subwp,123,1,E2.1,E2.1-R0,False,subwp,123,05,8,1889971803,exito,,529.504,0,0,"[0.0, -3.8175763127830087]"
1839,goal_184,9,exito,16553,2508.9,05,subwp,123,1,E2.1,E2.1-R0,False,subwp,123,05,9,128032461,exito,,529.696,0,0,"[0.0, 16.533877684180784]"
1840,goal_184,10,exito,16550,2487.21,05,subwp,123,1,E2.1,E2.1-R0,False,subwp,123,05,10,3654306490,exito,,529.6,0,0,"[0.0, 29.21296723906241]"
1841,goal_185,1,col_return,10769,1444.21,05,subwp,123,1,E2.1,E2.1-R0,False,subwp,123,05,1,204800122,col_return,return,344.608,0,0,"[0.0, 18.051690286966924]"
1842,goal_185,2,exito,16332,2465.92,05,subwp,123,1,E2.1,E2.1-R0,False,subwp,123,05,2,2503758272,exito,,522.624,0,0,"[0.0, 13.413439778258006]"
1843,goal_185,3,exito,16337,2466.06,05,subwp,123,1,E2.1,E2.1-R0,False,subwp,123,05,3,3795542358,exito,,522.784,0,0,"[0.0, 17.165428760993706]"
1844,goal_185,4,exito,16337,2462.03,05,subwp,123,1,E2.1,E2.1-R0,False,subwp,123,05,4,2086663413,exito,,522.784,0,0,"[0.0, -9.194874725222355]"
1845,goal_185,5,col_return,10871,1463.28,05,subwp,123,1,E2.1,E2.1-R0,False,subwp,123,05,5,190366819,col_return,return,347.872,0,0,"[0.0, 26.004047896126472]"
1846,goal_185,6,exito,16332,2465.81,05,subwp,123,1,E2.1,E2.1-R0,False,subwp,123,05,6,2454820313,exito,,522.624,0,0,"[0.0, 18.13671349805777]"
1847,goal_185,7,exito,16337,2466.02,05,subwp,123,1,E2.1,E2.1-R0,False,subwp,123,05,7,3847660879,exito,,522.784,0,0,"[0.0, -2.619910727230581]"
1848,goal_185,8,exito,16337,2464.69,05,subwp,123,1,E2.1,E2.1-R0,False,subwp,123,05,8,1978251486,exito,,522.784,0,0,"[0.0, 17.290868505072666]"
1849,goal_185,9,col_return,10935,1468.31,05,subwp,123,1,E2.1,E2.1-R0,False,subwp,123,05,9,49186888,col_return,return,349.92,0,0,"[0.0, -27.216446151049812]"
1850,goal_185,10,exito,16332,2465.88,05,subwp,123,1,E2.1,E2.1-R0,False,subwp,123,05,10,1141338627,exito,,522.624,0,0,"[0.0, -10.859311119713661]"
1851,goal_186,1,exito,16300,2474.25,05,subwp,123,1,E2.1,E2.1-R0,False,subwp,123,05,1,234318413,exito,,521.6,0,0,"[0.0, -16.440968183059386]"
1852,goal_186,2,exito,16299,2474.23,05,subwp,123,1,E2.1,E2.1-R0,False,subwp,123,05,2,2499689463,exito,,521.568,0,0,"[0.0, -7.285627376887785]"
1853,goal_186,3,col_return,10985,1486.5,05,subwp,123,1,E2.1,E2.1-R0,False,subwp,123,05,3,3824749409,col_return,return,351.52,0,0,"[0.0, 17.675522553461807]"
1854,goal_186,4,exito,16294,2474.19,05,subwp,123,1,E2.1,E2.1-R0,False,subwp,123,05,4,2107481794,exito,,521.408,0,0,"[0.0, -27.599829126165883]"
1855,goal_186,5,exito,16300,2474.16,05,subwp,123,1,E2.1,E2.1-R0,False,subwp,123,05,5,177909332,exito,,521.6,0,0,"[0.0, 3.321096058371731]"
1856,goal_186,6,exito,16300,2474.25,05,subwp,123,1,E2.1,E2.1-R0,False,subwp,123,05,6,2475950062,exito,,521.6,0,0,"[0.0, -4.74764396482297]"
1857,goal_186,7,col_return,11046,1492.86,05,subwp,123,1,E2.1,E2.1-R0,False,subwp,123,05,7,3834957688,col_return,return,353.472,0,0,"[0.0, -2.6229414348586477]"
1858,goal_186,8,exito,16295,2474.17,05,subwp,123,1,E2.1,E2.1-R0,False,subwp,123,05,8,1949029097,exito,,521.44,0,0,"[0.0, 23.15561214353565]"
1859,goal_186,9,exito,16300,2474.16,05,subwp,123,1,E2.1,E2.1-R0,False,subwp,123,05,9,53273215,exito,,521.6,0,0,"[0.0, 5.936665819803584]"
1860,goal_186,10,exito,16300,2474.28,05,subwp,123,1,E2.1,E2.1-R0,False,subwp,123,05,10,4240119142,exito,,521.6,0,0,"[0.0, 20.05900101068955]"
1861,goal_187,1,col_return,10966,1471.12,05,subwp,123,1,E2.1,E2.1-R0,False,subwp,123,05,1,263312404,col_return,return,350.912,0,0,"[0.0, 22.734914991944212]"
1862,goal_187,2,exito,16083,2431.1,05,subwp,123,1,E2.1,E2.1-R0,False,subwp,123,05,2,2528675246,exito,,514.656,0,0,"[0.0, 27.866145601268425]"
1863,goal_187,3,exito,16088,2431.25,05,subwp,123,1,E2.1,E2.1-R0,False,subwp,123,05,3,3787437368,exito,,514.816,0,0,"[0.0, -1.4767856913522959]"
1864,goal_187,4,exito,16088,2431.24,05,subwp,123,1,E2.1,E2.1-R0,False,subwp,123,05,4,2145067163,exito,,514.816,0,0,"[0.0, -0.4837496295256072]"
1865,goal_187,5,exito,16088,2429.65,05,subwp,123,1,E2.1,E2.1-R0,False,subwp,123,05,5,148639757,exito,,514.816,0,0,"[0.0, -12.599251937219751]"
1866,goal_187,6,col_return,10797,1452.43,05,subwp,123,1,E2.1,E2.1-R0,False,subwp,123,05,6,2446672311,col_return,return,345.504,0,0,"[0.0, 10.086542985399877]"
1867,goal_187,7,exito,16083,2431.29,05,subwp,123,1,E2.1,E2.1-R0,False,subwp,123,05,7,3872551201,exito,,514.656,0,0,"[0.0, -1.516233800002964]"
1868,goal_187,8,exito,16088,2431.21,05,subwp,123,1,E2.1,E2.1-R0,False,subwp,123,05,8,1986882736,exito,,514.816,0,0,"[0.0, -15.650164712066427]"
1869,goal_187,9,exito,16088,2431.25,05,subwp,123,1,E2.1,E2.1-R0,False,subwp,123,05,9,23747622,exito,,514.816,0,0,"[0.0, -6.629169487753382]"
1870,goal_187,10,exito,16088,2425.3,05,subwp,123,1,E2.1,E2.1-R0,False,subwp,123,05,10,3993942664,exito,,514.816,0,0,"[0.0, 8.941775713506804]"
1871,goal_188,1,col_return,10722,1438.71,05,subwp,123,1,E2.1,E2.1-R0,False,subwp,123,05,1,242466339,col_return,return,343.104,0,0,"[0.0, 10.671273084722339]"
1872,goal_188,2,exito,16037,2436.62,05,subwp,123,1,E2.1,E2.1-R0,False,subwp,123,05,2,2541416345,exito,,513.184,0,0,"[0.0, -25.536304760742826]"
1873,goal_188,3,exito,16045,2436.76,05,subwp,123,1,E2.1,E2.1-R0,False,subwp,123,05,3,3766345487,exito,,513.44,0,0,"[0.0, -12.676807563894645]"
1874,goal_188,4,exito,16045,2436.8,05,subwp,123,1,E2.1,E2.1-R0,False,subwp,123,05,4,2115586732,exito,,513.44,0,0,"[0.0, 7.747554537403443]"
1875,goal_188,5,exito,16044,2434.05,05,subwp,123,1,E2.1,E2.1-R0,False,subwp,123,05,5,152992314,exito,,513.408,0,0,"[0.0, 12.910336882555429]"
1876,goal_188,6,col_return,10761,1455.68,05,subwp,123,1,E2.1,E2.1-R0,False,subwp,123,05,6,2417437568,col_return,return,344.352,0,0,"[0.0, -9.893248522084136]"
1877,goal_188,7,exito,16037,2436.75,05,subwp,123,1,E2.1,E2.1-R0,False,subwp,123,05,7,3876592406,exito,,513.184,0,0,"[0.0, -18.619031879180536]"
1878,goal_188,8,exito,16045,2436.86,05,subwp,123,1,E2.1,E2.1-R0,False,subwp,123,05,8,2007959175,exito,,513.44,0,0,"[0.0, 2.2955605211092878]"
1879,goal_188,9,exito,16042,2436.86,05,subwp,123,1,E2.1,E2.1-R0,False,subwp,123,05,9,11023889,exito,,513.344,0,0,"[0.0, -0.5004029306279612]"
1880,goal_188,10,exito,16045,2435.43,05,subwp,123,1,E2.1,E2.1-R0,False,subwp,123,05,10,1454562797,exito,,513.44,0,0,"[0.0, 8.02552801882446]"
1881,goal_189,1,col_return,10713,1425.84,05,subwp,123,1,E2.1,E2.1-R0,False,subwp,123,05,1,87030046,col_return,return,342.816,0,0,"[0.0, 28.200643001309988]"
1882,goal_189,2,exito,15859,2399.4,05,subwp,123,1,E2.1,E2.1-R0,False,subwp,123,05,2,2619779236,exito,,507.488,0,0,"[0.0, 29.374794437470044]"
1883,goal_189,3,exito,15861,2399.03,05,subwp,123,1,E2.1,E2.1-R0,False,subwp,123,05,3,3944847410,exito,,507.552,0,0,"[0.0, -0.5611208579001126]"
1884,goal_189,4,exito,15861,2399.04,05,subwp,123,1,E2.1,E2.1-R0,False,subwp,123,05,4,1967459729,exito,,507.552,0,0,"[0.0, 18.168961570812087]"
1885,goal_189,5,exito,15861,2399.04,05,subwp,123,1,E2.1,E2.1-R0,False,subwp,123,05,5,37895431,exito,,507.552,0,0,"[0.0, 17.566385003538592]"
1886,goal_189,6,exito,15861,2397.38,05,subwp,123,1,E2.1,E2.1-R0,False,subwp,123,05,6,2605411517,exito,,507.552,0,0,"[0.0, 18.96440514297689]"
1887,goal_189,7,col_return,10691,1430.11,05,subwp,123,1,E2.1,E2.1-R0,False,subwp,123,05,7,3964427307,col_return,return,342.112,0,0,"[0.0, -6.7767530441114605]"
1888,goal_189,8,exito,15856,2398.94,05,subwp,123,1,E2.1,E2.1-R0,False,subwp,123,05,8,2096316858,exito,,507.392,0,0,"[0.0, -13.247109786048945]"
1889,goal_189,9,exito,15861,2399.02,05,subwp,123,1,E2.1,E2.1-R0,False,subwp,123,05,9,200569132,exito,,507.552,0,0,"[0.0, -29.500372542894503]"
1890,goal_189,10,exito,15861,2398.99,05,subwp,123,1,E2.1,E2.1-R0,False,subwp,123,05,10,248630715,exito,,507.552,0,0,"[0.0, -17.225540577181498]"
1891,goal_190,1,exito,15829,2407.87,05,subwp,123,1,E2.1,E2.1-R0,False,subwp,123,05,1,82678569,exito,,506.528,0,0,"[0.0, 0.9336303637212251]"
1892,goal_190,2,exito,15829,2407.09,05,subwp,123,1,E2.1,E2.1-R0,False,subwp,123,05,2,2649014931,exito,,506.528,0,0,"[0.0, 25.672158496174177]"
1893,goal_190,3,col_return,10719,1443.08,05,subwp,123,1,E2.1,E2.1-R0,False,subwp,123,05,3,3940807173,col_return,return,343.008,0,0,"[0.0, 28.306171366685028]"
1894,goal_190,4,exito,15822,2407.64,05,subwp,123,1,E2.1,E2.1-R0,False,subwp,123,05,4,1955030950,exito,,506.304,0,0,"[0.0, -27.982056469690924]"
1895,goal_190,5,exito,15828,2407.69,05,subwp,123,1,E2.1,E2.1-R0,False,subwp,123,05,5,58742576,exito,,506.496,0,0,"[0.0, 6.018203676418881]"
1896,goal_190,6,exito,15828,2407.71,05,subwp,123,1,E2.1,E2.1-R0,False,subwp,123,05,6,2592671370,exito,,506.496,0,0,"[0.0, -9.832747037230025]"
1897,goal_190,7,exito,15828,2407.67,05,subwp,123,1,E2.1,E2.1-R0,False,subwp,123,05,7,3985520156,exito,,506.496,0,0,"[0.0, -0.8686958410289747]"
1898,goal_190,8,exito,15828,2407.72,05,subwp,123,1,E2.1,E2.1-R0,False,subwp,123,05,8,2100374413,exito,,506.496,0,0,"[0.0, -5.640607091826868]"
1899,goal_190,9,col_return,10774,1457.55,05,subwp,123,1,E2.1,E2.1-R0,False,subwp,123,05,9,171318043,col_return,return,344.768,0,0,"[0.0, -29.854355864404987]"
1900,goal_190,10,exito,15822,2407.64,05,subwp,123,1,E2.1,E2.1-R0,False,subwp,123,05,10,3060640478,exito,,506.304,0,0,"[0.0, -4.293670363557924]"
1901,goal_191,1,exito,15631,2365.85,05,subwp,123,1,E2.1,E2.1-R0,False,subwp,123,05,1,3011563459,exito,,500.192,0,0,"[0.0, -9.290949372470013]"
1902,goal_191,2,exito,15629,2365.59,05,subwp,123,1,E2.1,E2.1-R0,False,subwp,123,05,2,713662073,exito,,500.128,0,0,"[0.0, -17.188515732342825]"
1903,goal_191,3,exito,15627,2365.46,05,subwp,123,1,E2.1,E2.1-R0,False,subwp,123,05,3,1569631983,exito,,500.064,0,0,"[0.0, -2.8438244228737353]"
1904,goal_191,4,exito,15627,2365.49,05,subwp,123,1,E2.1,E2.1-R0,False,subwp,123,05,4,3286907724,exito,,500.064,0,0,"[0.0, -2.2751247767166882]"
1905,goal_191,5,exito,15627,2365.49,05,subwp,123,1,E2.1,E2.1-R0,False,subwp,123,05,5,3035433946,exito,,500.064,0,0,"[0.0, 10.433082520931677]"
1906,goal_191,6,exito,15627,2358.62,05,subwp,123,1,E2.1,E2.1-R0,False,subwp,123,05,6,769940064,exito,,500.064,0,0,"[0.0, -29.453583068144248]"
1907,goal_191,7,col_return,10491,1402.44,05,subwp,123,1,E2.1,E2.1-R0,False,subwp,123,05,7,1524853494,col_return,return,335.712,0,0,"[0.0, 3.5621418262894067]"
1908,goal_191,8,exito,15623,2365.54,05,subwp,123,1,E2.1,E2.1-R0,False,subwp,123,05,8,3395057511,exito,,499.936,0,0,"[0.0, 27.77282696331785]"
1909,goal_191,9,exito,15627,2365.49,05,subwp,123,1,E2.1,E2.1-R0,False,subwp,123,05,9,3176876017,exito,,500.064,0,0,"[0.0, 28.99375888955464]"
1910,goal_191,10,exito,15627,2365.48,05,subwp,123,1,E2.1,E2.1-R0,False,subwp,123,05,10,4127575268,exito,,500.064,0,0,"[0.0, -29.83668018478007]"
1911,goal_192,1,exito,15576,2374.6,05,subwp,123,1,E2.1,E2.1-R0,False,subwp,123,05,1,2990712308,exito,,498.432,0,0,"[0.0, -21.43935666617168]"
1912,goal_192,2,exito,15576,2374.62,05,subwp,123,1,E2.1,E2.1-R0,False,subwp,123,05,2,726398030,exito,,498.432,0,0,"[0.0, -20.0341521070594]"
1913,goal_192,3,exito,15577,2374.73,05,subwp,123,1,E2.1,E2.1-R0,False,subwp,123,05,3,1548535000,exito,,498.464,0,0,"[0.0, 29.550133145546578]"
1914,goal_192,4,exito,15577,2374.75,05,subwp,123,1,E2.1,E2.1-R0,False,subwp,123,05,4,3257422203,exito,,498.464,0,0,"[0.0, 9.36129697381716]"
1915,goal_192,5,exito,15577,2338.62,05,subwp,123,1,E2.1,E2.1-R0,False,subwp,123,05,5,3039781357,exito,,498.464,0,0,"[0.0, -20.080650566619802]"
1916,goal_192,6,col_return,10336,1396.19,05,subwp,123,1,E2.1,E2.1-R0,False,subwp,123,05,6,740700247,col_return,return,330.752,0,0,"[0.0, -18.68079826446082]"
1917,goal_192,7,exito,15571,2374.74,05,subwp,123,1,E2.1,E2.1-R0,False,subwp,123,05,7,1528889537,exito,,498.272,0,0,"[0.0, -11.636293066406134]"
1918,goal_192,8,exito,15576,2374.61,05,subwp,123,1,E2.1,E2.1-R0,False,subwp,123,05,8,3416137040,exito,,498.432,0,0,"[0.0, -15.217496477342355]"
1919,goal_192,9,exito,15576,2374.59,05,subwp,123,1,E2.1,E2.1-R0,False,subwp,123,05,9,3164155334,exito,,498.432,0,0,"[0.0, 21.952578587063513]"
1920,goal_192,10,exito,15576,2374.59,05,subwp,123,1,E2.1,E2.1-R0,False,subwp,123,05,10,1320790913,exito,,498.432,0,0,"[0.0, -25.490133734008264]"
1921,goal_193,1,exito,15395,2333.73,05,subwp,123,1,E2.1,E2.1-R0,False,subwp,123,05,1,2953059245,exito,,492.64,0,0,"[0.0, -17.13076238841402]"
1922,goal_193,2,exito,15395,2333.82,05,subwp,123,1,E2.1,E2.1-R0,False,subwp,123,05,2,688736791,exito,,492.64,0,0,"[0.0, -10.827022363188295]"
1923,goal_193,3,exito,15395,2333.76,05,subwp,123,1,E2.1,E2.1-R0,False,subwp,123,05,3,1577745025,exito,,492.64,0,0,"[0.0, -4.4873388458187495]"
1924,goal_193,4,exito,15395,2333.73,05,subwp,123,1,E2.1,E2.1-R0,False,subwp,123,05,4,3228495650,exito,,492.64,0,0,"[0.0, 5.576587236805588]"
1925,goal_193,5,exito,15395,2331.28,05,subwp,123,1,E2.1,E2.1-R0,False,subwp,123,05,5,3077169076,exito,,492.64,0,0,"[0.0, -28.919484687757656]"
1926,goal_193,6,col_return,10455,1388.56,05,subwp,123,1,E2.1,E2.1-R0,False,subwp,123,05,6,778079758,col_return,return,334.56,0,0,"[0.0, -25.273232709613872]"
1927,goal_193,7,exito,15390,2333.61,05,subwp,123,1,E2.1,E2.1-R0,False,subwp,123,05,7,1499971224,exito,,492.48,0,0,"[0.0, 1.930425049179807]"
1928,goal_193,8,exito,15395,2333.83,05,subwp,123,1,E2.1,E2.1-R0,False,subwp,123,05,8,3386417929,exito,,492.64,0,0,"[0.0, 15.002172809376436]"
1929,goal_193,9,exito,15395,2333.77,05,subwp,123,1,E2.1,E2.1-R0,False,subwp,123,05,9,3202323359,exito,,492.64,0,0,"[0.0, 27.425008965254868]"
1930,goal_193,10,exito,15395,2333.82,05,subwp,123,1,E2.1,E2.1-R0,False,subwp,123,05,10,1544291439,exito,,492.64,0,0,"[0.0, -4.087663157830459]"
1931,goal_194,1,exito,15374,2341.97,05,subwp,123,1,E2.1,E2.1-R0,False,subwp,123,05,1,2982572442,exito,,491.968,0,0,"[0.0, -5.8286811203199225]"
1932,goal_194,2,exito,15374,2342.06,05,subwp,123,1,E2.1,E2.1-R0,False,subwp,123,05,2,684662816,exito,,491.968,0,0,"[0.0, -13.688459785238468]"
1933,goal_194,3,exito,15374,2342.03,05,subwp,123,1,E2.1,E2.1-R0,False,subwp,123,05,3,1606946998,exito,,491.968,0,0,"[0.0, 3.4340325146849593]"
1934,goal_194,4,exito,15374,2342.04,05,subwp,123,1,E2.1,E2.1-R0,False,subwp,123,05,4,3249308949,exito,,491.968,0,0,"[0.0, -27.601445765619907]"
1935,goal_194,5,exito,15374,2341.9,05,subwp,123,1,E2.1,E2.1-R0,False,subwp,123,05,5,3064706435,exito,,491.968,0,0,"[0.0, 9.333970997299584]"
1936,goal_194,6,exito,15374,2342.01,05,subwp,123,1,E2.1,E2.1-R0,False,subwp,123,05,6,799204409,exito,,491.968,0,0,"[0.0, 20.54043116634527]"
1937,goal_194,7,exito,15374,2342.01,05,subwp,123,1,E2.1,E2.1-R0,False,subwp,123,05,7,1487262895,exito,,491.968,0,0,"[0.0, 2.2869291443359585]"
1938,goal_194,8,exito,15374,2338.45,05,subwp,123,1,E2.1,E2.1-R0,False,subwp,123,05,8,3357198654,exito,,491.968,0,0,"[0.0, 4.534801929962189]"
1939,goal_194,9,col_return,10424,1396.24,05,subwp,123,1,E2.1,E2.1-R0,False,subwp,123,05,9,3206412712,col_return,return,333.568,0,0,"[0.0, -25.792935801531176]"
1940,goal_194,10,exito,15369,2341.94,05,subwp,123,1,E2.1,E2.1-R0,False,subwp,123,05,10,3836764938,exito,,491.808,0,0,"[0.0, 10.278813974280645]"
1941,goal_195,1,exito,15147,2299.56,05,subwp,123,1,E2.1,E2.1-R0,False,subwp,123,05,1,3028903711,exito,,484.704,0,0,"[0.0, 6.1698282452663245]"
1942,goal_195,2,exito,15147,2299.55,05,subwp,123,1,E2.1,E2.1-R0,False,subwp,123,05,2,763377317,exito,,484.704,0,0,"[0.0, -5.52924154328603]"
1943,goal_195,3,exito,15147,2299.55,05,subwp,123,1,E2.1,E2.1-R0,False,subwp,123,05,3,1518798387,exito,,484.704,0,0,"[0.0, 25.816273475428797]"
1944,goal_195,4,exito,15147,2299.57,05,subwp,123,1,E2.1,E2.1-R0,False,subwp,123,05,4,3303248784,exito,,484.704,0,0,"[0.0, 7.955193801079248]"
1945,goal_195,5,exito,15147,2299.56,05,subwp,123,1,E2.1,E2.1-R0,False,subwp,123,05,5,3018105606,exito,,484.704,0,0,"[0.0, -17.197553615818858]"
1946,goal_195,6,exito,15147,2299.55,05,subwp,123,1,E2.1,E2.1-R0,False,subwp,123,05,6,720237244,exito,,484.704,0,0,"[0.0, 24.492763080460335]"
1947,goal_195,7,exito,15147,2299.57,05,subwp,123,1,E2.1,E2.1-R0,False,subwp,123,05,7,1575666218,exito,,484.704,0,0,"[0.0, -22.593014345533863]"
1948,goal_195,8,exito,15147,2299.56,05,subwp,123,1,E2.1,E2.1-R0,False,subwp,123,05,8,3444957115,exito,,484.704,0,0,"[0.0, 0.20283374440163593]"
1949,goal_195,9,exito,15147,2299.55,05,subwp,123,1,E2.1,E2.1-R0,False,subwp,123,05,9,3125997357,exito,,484.704,0,0,"[0.0, -5.270519852168252]"
1950,goal_195,10,exito,15147,2299.53,05,subwp,123,1,E2.1,E2.1-R0,False,subwp,123,05,10,2036816819,exito,,484.704,0,0,"[0.0, -14.895139913080026]"
1951,goal_196,1,exito,15109,2308.13,05,subwp,123,1,E2.1,E2.1-R0,False,subwp,123,05,1,3041594664,exito,,483.488,0,0,"[0.0, 4.286663799556017]"
1952,goal_196,2,exito,15107,2307.89,05,subwp,123,1,E2.1,E2.1-R0,False,subwp,123,05,2,742546578,exito,,483.424,0,0,"[0.0, -8.568962587636268]"
1953,goal_196,3,exito,15107,2307.83,05,subwp,123,1,E2.1,E2.1-R0,False,subwp,123,05,3,1531276292,exito,,483.424,0,0,"[0.0, 22.221117847222505]"
1954,goal_196,4,exito,15109,2308.13,05,subwp,123,1,E2.1,E2.1-R0,False,subwp,123,05,4,3307338151,exito,,483.488,0,0,"[0.0, 23.03588334387269]"
1955,goal_196,5,exito,15109,2308.16,05,subwp,123,1,E2.1,E2.1-R0,False,subwp,123,05,5,2988886321,exito,,483.488,0,0,"[0.0, -10.93356484277616]"
1956,goal_196,6,exito,15109,2308.16,05,subwp,123,1,E2.1,E2.1-R0,False,subwp,123,05,6,724539531,exito,,483.488,0,0,"[0.0, 6.361198507957924]"
1957,goal_196,7,exito,15109,2308.15,05,subwp,123,1,E2.1,E2.1-R0,False,subwp,123,05,7,1546168349,exito,,483.488,0,0,"[0.0, 4.6107528512621965]"
1958,goal_196,8,exito,15109,2308.16,05,subwp,123,1,E2.1,E2.1-R0,False,subwp,123,05,8,3432494476,exito,,483.488,0,0,"[0.0, 18.968065611349463]"
1959,goal_196,9,exito,15109,2308.16,05,subwp,123,1,E2.1,E2.1-R0,False,subwp,123,05,9,3146810650,exito,,483.488,0,0,"[0.0, 20.273642385450938]"
1960,goal_196,10,exito,15107,2307.85,05,subwp,123,1,E2.1,E2.1-R0,False,subwp,123,05,10,3252370646,exito,,483.424,0,0,"[0.0, -17.372376747711748]"
1961,goal_197,1,exito,14899,2264.74,05,subwp,123,1,E2.1,E2.1-R0,False,subwp,123,05,1,3071128433,exito,,476.768,0,0,"[0.0, -29.996568766887115]"
1962,goal_197,2,exito,14899,2264.68,05,subwp,123,1,E2.1,E2.1-R0,False,subwp,123,05,2,772072139,exito,,476.768,0,0,"[0.0, 16.29696745036223]"
1963,goal_197,3,exito,14899,2264.69,05,subwp,123,1,E2.1,E2.1-R0,False,subwp,123,05,3,1493422685,exito,,476.768,0,0,"[0.0, -14.03023676425894]"
1964,goal_197,4,exito,14899,2264.69,05,subwp,123,1,E2.1,E2.1-R0,False,subwp,123,05,4,3345434622,exito,,476.768,0,0,"[0.0, -27.359291368001724]"
1965,goal_197,5,exito,14899,2264.74,05,subwp,123,1,E2.1,E2.1-R0,False,subwp,123,05,5,2959112040,exito,,476.768,0,0,"[0.0, -17.323676917475265]"
1966,goal_197,6,exito,14899,2264.74,05,subwp,123,1,E2.1,E2.1-R0,False,subwp,123,05,6,694757074,exito,,476.768,0,0,"[0.0, 29.415546057532115]"
1967,goal_197,7,exito,14899,2264.74,05,subwp,123,1,E2.1,E2.1-R0,False,subwp,123,05,7,1584272964,exito,,476.768,0,0,"[0.0, 4.3293270871445655]"
1968,goal_197,8,exito,14899,2264.75,05,subwp,123,1,E2.1,E2.1-R0,False,subwp,123,05,8,3469806549,exito,,476.768,0,0,"[0.0, -12.47812261845337]"
1969,goal_197,9,exito,14899,2264.7,05,subwp,123,1,E2.1,E2.1-R0,False,subwp,123,05,9,3117824835,exito,,476.768,0,0,"[0.0, -29.80074814735487]"
1970,goal_197,10,exito,14899,2264.7,05,subwp,123,1,E2.1,E2.1-R0,False,subwp,123,05,10,3547239224,exito,,476.768,0,0,"[0.0, 17.764020651060523]"
1971,goal_198,1,exito,14860,2272.82,05,subwp,123,1,E2.1,E2.1-R0,False,subwp,123,05,1,3067074886,exito,,475.52,0,0,"[0.0, 10.565598623615314]"
1972,goal_198,2,exito,14860,2272.83,05,subwp,123,1,E2.1,E2.1-R0,False,subwp,123,05,2,801540348,exito,,475.52,0,0,"[0.0, -15.381710252479062]"
1973,goal_198,3,exito,14860,2272.88,05,subwp,123,1,E2.1,E2.1-R0,False,subwp,123,05,3,1489090666,exito,,475.52,0,0,"[0.0, -29.103825870641135]"
1974,goal_198,4,exito,14860,2272.83,05,subwp,123,1,E2.1,E2.1-R0,False,subwp,123,05,4,3332713929,exito,,475.52,0,0,"[0.0, 17.167427650260883]"
1975,goal_198,5,exito,14860,2272.85,05,subwp,123,1,E2.1,E2.1-R0,False,subwp,123,05,5,2980191583,exito,,475.52,0,0,"[0.0, -11.975263247688288]"
1976,goal_198,6,exito,14860,2272.87,05,subwp,123,1,E2.1,E2.1-R0,False,subwp,123,05,6,682314981,exito,,475.52,0,0,"[0.0, -6.602190376618509]"
1977,goal_198,7,exito,14860,2272.81,05,subwp,123,1,E2.1,E2.1-R0,False,subwp,123,05,7,1605139571,exito,,475.52,0,0,"[0.0, -24.12537097867995]"
1978,goal_198,8,exito,14860,2272.84,05,subwp,123,1,E2.1,E2.1-R0,False,subwp,123,05,8,3474153954,exito,,475.52,0,0,"[0.0, -12.265397965915103]"
1979,goal_198,9,exito,14860,2272.83,05,subwp,123,1,E2.1,E2.1-R0,False,subwp,123,05,9,3088339316,exito,,475.52,0,0,"[0.0, -10.328923149043083]"
1980,goal_198,10,exito,14860,2272.83,05,subwp,123,1,E2.1,E2.1-R0,False,subwp,123,05,10,1808987229,exito,,475.52,0,0,"[0.0, 5.36262649422895]"
1981,goal_199,1,exito,14693,2236.11,05,subwp,123,1,E2.1,E2.1-R0,False,subwp,123,05,1,3180568187,exito,,470.176,0,0,"[0.0, -2.5296590573578626]"
1982,goal_199,2,exito,14694,2236.22,05,subwp,123,1,E2.1,E2.1-R0,False,subwp,123,05,2,614125505,exito,,470.208,0,0,"[0.0, 6.206173727475955]"
1983,goal_199,3,exito,14693,2236.14,05,subwp,123,1,E2.1,E2.1-R0,False,subwp,123,05,3,1402863447,exito,,470.176,0,0,"[0.0, -15.605201355241567]"
1984,goal_199,4,exito,14695,2206.12,05,subwp,123,1,E2.1,E2.1-R0,False,subwp,123,05,4,3455675124,exito,,470.24,0,0,"[0.0, -18.69772333963582]"
1985,goal_199,5,col_return,8932,1190.24,05,subwp,123,1,E2.1,E2.1-R0,False,subwp,123,05,5,3137231458,col_return,return,285.824,0,0,"[0.0, 7.312947024963976]"
1986,goal_199,6,exito,14689,2236.12,05,subwp,123,1,E2.1,E2.1-R0,False,subwp,123,05,6,603392984,exito,,470.048,0,0,"[0.0, -29.384068841180625]"
1987,goal_199,7,exito,14693,2236.12,05,subwp,123,1,E2.1,E2.1-R0,False,subwp,123,05,7,1425029966,exito,,470.176,0,0,"[0.0, 17.960828305493074]"
1988,goal_199,8,exito,14694,2236.22,05,subwp,123,1,E2.1,E2.1-R0,False,subwp,123,05,8,3293521631,exito,,470.208,0,0,"[0.0, 23.458166228396284]"
1989,goal_199,9,exito,14693,2236.11,05,subwp,123,1,E2.1,E2.1-R0,False,subwp,123,05,9,3007845961,exito,,470.176,0,0,"[0.0, 0.5046373111748981]"
1990,goal_199,10,exito,14722,2027.81,05,subwp,123,1,E2.1,E2.1-R0,False,subwp,123,05,10,867296267,exito,,471.104,0,0,"[0.0, -21.499031362154856]"
1991,goal_200,1,col_return,8945,1202.95,05,subwp,123,1,E2.1,E2.1-R0,False,subwp,123,05,1,3159487564,col_return,return,286.24,0,0,"[0.0, -17.293956482553746]"
1992,goal_200,2,exito,14640,2242.78,05,subwp,123,1,E2.1,E2.1-R0,False,subwp,123,05,2,626566646,exito,,468.48,0,0,"[0.0, -24.258936297423887]"
1993,goal_200,3,exito,14645,2242.96,05,subwp,123,1,E2.1,E2.1-R0,False,subwp,123,05,3,1381995872,exito,,468.64,0,0,"[0.0, 9.04164530743637]"
1994,goal_200,4,exito,14645,2242.94,05,subwp,123,1,E2.1,E2.1-R0,False,subwp,123,05,4,3426418883,exito,,468.64,0,0,"[0.0, -24.895461445291346]"
1995,goal_200,5,exito,14645,2157.16,05,subwp,123,1,E2.1,E2.1-R0,False,subwp,123,05,5,3141283925,exito,,468.64,0,0,"[0.0, -15.656147758665057]"
1996,goal_200,6,col_return,8938,1195.36,05,subwp,123,1,E2.1,E2.1-R0,False,subwp,123,05,6,573923823,col_return,return,286.016,0,0,"[0.0, 22.56651520030427]"
1997,goal_200,7,exito,14639,2242.9,05,subwp,123,1,E2.1,E2.1-R0,False,subwp,123,05,7,1429361017,exito,,468.448,0,0,"[0.0, -21.37557311429649]"
1998,goal_200,8,exito,14645,2242.95,05,subwp,123,1,E2.1,E2.1-R0,False,subwp,123,05,8,3314371816,exito,,468.64,0,0,"[0.0, 5.420859614332385]"
1999,goal_200,9,exito,14645,2242.95,05,subwp,123,1,E2.1,E2.1-R0,False,subwp,123,05,9,2995420286,exito,,468.64,0,0,"[0.0, 29.41855032310126]"
2000,goal_200,10,exito,14646,2184.94,05,subwp,123,1,E2.1,E2.1-R0,False,subwp,123,05,10,2332918638,exito,,468.672,0,0,"[0.0, -19.370205722220305]"
2001,goal_201,1,col_return,8826,1177.51,05,subwp,123,1,E2.1,E2.1-R0,False,subwp,123,05,1,2301164185,col_return,return,282.432,0,0,"[0.0, 26.312043125828016]"
2002,goal_201,2,exito,14455,2207.16,05,subwp,123,1,E2.1,E2.1-R0,False,subwp,123,05,2,270641955,exito,,462.56,0,0,"[0.0, 29.764619627351856]"
2003,goal_201,3,exito,14461,2207.27,05,subwp,123,1,E2.1,E2.1-R0,False,subwp,123,05,3,1730583477,exito,,462.752,0,0,"[0.0, 24.58093243815283]"
2004,goal_201,4,col_return,8703,1163.87,05,subwp,123,1,E2.1,E2.1-R0,False,subwp,123,05,4,4181855766,col_return,return,278.496,0,0,"[0.0, -13.40550039703172]"
2005,goal_201,5,exito,14455,2207.18,05,subwp,123,1,E2.1,E2.1-R0,False,subwp,123,05,5,2386902656,exito,,462.56,0,0,"[0.0, -25.133470099531014]"
2006,goal_201,6,exito,14463,2207.58,05,subwp,123,1,E2.1,E2.1-R0,False,subwp,123,05,6,390885178,exito,,462.816,0,0,"[0.0, 23.102284945873084]"
2007,goal_201,7,col_return,8642,1151.91,05,subwp,123,1,E2.1,E2.1-R0,False,subwp,123,05,7,1615552428,col_return,return,276.544,0,0,"[0.0, 26.339257122313864]"
2008,goal_201,8,exito,14455,2207.23,05,subwp,123,1,E2.1,E2.1-R0,False,subwp,123,05,8,4042539581,exito,,462.56,0,0,"[0.0, -5.90745576819967]"
2009,goal_201,9,exito,14461,2207.27,05,subwp,123,1,E2.1,E2.1-R0,False,subwp,123,05,9,2280878763,exito,,462.752,0,0,"[0.0, 26.62240152053102]"
2010,goal_201,10,col_return,8619,1148.83,05,subwp,123,1,E2.1,E2.1-R0,False,subwp,123,05,10,2105662523,col_return,return,275.808,0,0,"[0.0, 23.301416132998426]"
2011,goal_202,1,exito,14385,2207.75,05,subwp,123,1,E2.1,E2.1-R0,False,subwp,123,05,1,2297073838,exito,,460.32,0,0,"[0.0, -6.6883884756079315]"
2012,goal_202,2,exito,14389,2207.77,05,subwp,123,1,E2.1,E2.1-R0,False,subwp,123,05,2,300138772,exito,,460.448,0,0,"[0.0, -11.46601920032644]"
2013,goal_202,3,col_return,8635,1161.32,05,subwp,123,1,E2.1,E2.1-R0,False,subwp,123,05,3,1726280066,col_return,return,276.32,0,0,"[0.0, 13.199558669835659]"
2014,goal_202,4,exito,14384,2207.67,05,subwp,123,1,E2.1,E2.1-R0,False,subwp,123,05,4,4169163809,exito,,460.288,0,0,"[0.0, -0.5126027468107264]"
2015,goal_202,5,exito,14389,2207.76,05,subwp,123,1,E2.1,E2.1-R0,False,subwp,123,05,5,2408010935,exito,,460.448,0,0,"[0.0, -1.9582227653987716]"
2016,goal_202,6,col_return,8680,1163.91,05,subwp,123,1,E2.1,E2.1-R0,False,subwp,123,05,6,378406157,col_return,return,277.76,0,0,"[0.0, -29.422019005973784]"
2017,goal_202,7,exito,14384,2207.46,05,subwp,123,1,E2.1,E2.1-R0,False,subwp,123,05,7,1636382107,exito,,460.288,0,0,"[0.0, -27.21374129527357]"
2018,goal_202,8,exito,14391,2207.93,05,subwp,123,1,E2.1,E2.1-R0,False,subwp,123,05,8,4046858250,exito,,460.512,0,0,"[0.0, 26.186447316606117]"
2019,goal_202,9,col_return,8694,1170.76,05,subwp,123,1,E2.1,E2.1-R0,False,subwp,123,05,9,2251364508,col_return,return,278.208,0,0,"[0.0, -27.92778183669219]"
2020,goal_202,10,exito,14384,2207.66,05,subwp,123,1,E2.1,E2.1-R0,False,subwp,123,05,10,3309157214,exito,,460.288,0,0,"[0.0, -20.150723323993613]"
2021,goal_203,1,exito,14252,2150.5,05,subwp,123,1,E2.1,E2.1-R0,False,subwp,123,05,1,2326540023,exito,,456.064,0,0,"[0.0, 27.249649263805868]"
2022,goal_203,2,col_return,8707,1163.16,05,subwp,123,1,E2.1,E2.1-R0,False,subwp,123,05,2,329613133,col_return,return,278.624,0,0,"[0.0, -28.68603851800108]"
2023,goal_203,3,exito,14249,2180.3,05,subwp,123,1,E2.1,E2.1-R0,False,subwp,123,05,3,1688358875,exito,,455.968,0,0,"[0.0, -23.259299441034152]"
2024,goal_203,4,col_return,8490,1129.26,05,subwp,123,1,E2.1,E2.1-R0,False,subwp,123,05,4,4207336056,col_return,return,271.68,0,0,"[0.0, -0.5898931979683297]"
2025,goal_203,5,exito,14247,2180.14,05,subwp,123,1,E2.1,E2.1-R0,False,subwp,123,05,5,2378296046,exito,,455.904,0,0,"[0.0, -22.37243506897373]"
2026,goal_203,6,exito,14253,2088.02,05,subwp,123,1,E2.1,E2.1-R0,False,subwp,123,05,6,348699476,exito,,456.096,0,0,"[0.0, -28.011850618714238]"
2027,goal_203,7,col_return,8754,1157.89,05,subwp,123,1,E2.1,E2.1-R0,False,subwp,123,05,7,1674546114,col_return,return,280.128,0,0,"[0.0, 19.734173010100104]"
2028,goal_203,8,exito,14248,2180.24,05,subwp,123,1,E2.1,E2.1-R0,False,subwp,123,05,8,4084242003,exito,,455.936,0,0,"[0.0, 22.204852507508118]"
2029,goal_203,9,col_return,8489,1131.13,05,subwp,123,1,E2.1,E2.1-R0,False,subwp,123,05,9,2222433989,col_return,return,271.648,0,0,"[0.0, 0.13226898304728785]"
2030,goal_203,10,exito,14249,2180.33,05,subwp,123,1,E2.1,E2.1-R0,False,subwp,123,05,10,3616019632,exito,,455.968,0,0,"[0.0, 25.389178154336264]"
2031,goal_204,1,col_return,8330,1120.07,05,subwp,123,1,E2.1,E2.1-R0,False,subwp,123,05,1,2339259584,col_return,return,266.56,0,0,"[0.0, 10.769594182649376]"
2032,goal_204,2,exito,14186,2178.75,05,subwp,123,1,E2.1,E2.1-R0,False,subwp,123,05,2,308745594,exito,,453.952,0,0,"[0.0, -12.108899656639778]"
2033,goal_204,3,exito,14215,1974.12,05,subwp,123,1,E2.1,E2.1-R0,False,subwp,123,05,3,1700799980,exito,,454.88,0,0,"[0.0, 5.3332306860172345]"
2034,goal_204,4,col_return,8718,1172.66,05,subwp,123,1,E2.1,E2.1-R0,False,subwp,123,05,4,4211388495,col_return,return,278.976,0,0,"[0.0, 22.208680891137643]"
2035,goal_204,5,exito,14186,2178.78,05,subwp,123,1,E2.1,E2.1-R0,False,subwp,123,05,5,2349039833,exito,,453.952,0,0,"[0.0, 10.464556508419108]"
2036,goal_204,6,col_return,8516,1143.18,05,subwp,123,1,E2.1,E2.1-R0,False,subwp,123,05,6,353030499,col_return,return,272.512,0,0,"[0.0, -20.89066600623839]"
2037,goal_204,7,exito,14186,2178.76,05,subwp,123,1,E2.1,E2.1-R0,False,subwp,123,05,7,1645076981,exito,,453.952,0,0,"[0.0, -21.107184016039348]"
2038,goal_204,8,col_return,8416,1126.01,05,subwp,123,1,E2.1,E2.1-R0,False,subwp,123,05,8,4071816292,col_return,return,269.312,0,0,"[0.0, 23.692781429051042]"
2039,goal_204,9,exito,14184,2178.69,05,subwp,123,1,E2.1,E2.1-R0,False,subwp,123,05,9,2243284210,exito,,453.888,0,0,"[0.0, -24.32026706865676]"
2040,goal_204,10,col_return,8364,1118.65,05,subwp,123,1,E2.1,E2.1-R0,False,subwp,123,05,10,1865708501,col_return,return,267.648,0,0,"[0.0, -28.14613152334281]"
2041,goal_205,1,exito,14480,2225.2,05,subwp,123,1,E2.1,E2.1-R0,False,subwp,123,05,1,2384548421,exito,,463.36,0,0,"[0.0, 10.886956820391685]"
2042,goal_205,2,exito,14485,2225.33,05,subwp,123,1,E2.1,E2.1-R0,False,subwp,123,05,2,388498431,exito,,463.52,0,0,"[0.0, -20.081249888478695]"
2043,goal_205,3,exito,14486,2149.49,05,subwp,123,1,E2.1,E2.1-R0,False,subwp,123,05,3,1613706089,exito,,463.552,0,0,"[0.0, 20.94357276324292]"
2044,goal_205,4,col_return,8852,1192.35,05,subwp,123,1,E2.1,E2.1-R0,False,subwp,123,05,4,4266370762,col_return,return,283.264,0,0,"[0.0, -23.31507717507534]"
2045,goal_205,5,exito,14480,2225.06,05,subwp,123,1,E2.1,E2.1-R0,False,subwp,123,05,5,2303497820,exito,,463.36,0,0,"[0.0, 3.040648903974852]"
2046,goal_205,6,exito,14485,2225.31,05,subwp,123,1,E2.1,E2.1-R0,False,subwp,123,05,6,273008614,exito,,463.52,0,0,"[0.0, 27.446893678065965]"
2047,goal_205,7,col_return,8695,1167.62,05,subwp,123,1,E2.1,E2.1-R0,False,subwp,123,05,7,1732441968,col_return,return,278.24,0,0,"[0.0, 10.62445855545776]"
2048,goal_205,8,exito,14479,2225.26,05,subwp,123,1,E2.1,E2.1-R0,False,subwp,123,05,8,4160613089,exito,,463.328,0,0,"[0.0, 6.19087634323138]"
2049,goal_205,9,exito,14487,2225.72,05,subwp,123,1,E2.1,E2.1-R0,False,subwp,123,05,9,2163923575,exito,,463.584,0,0,"[0.0, -5.589543984177821]"
2050,goal_205,10,exito,14489,2085.01,05,subwp,123,1,E2.1,E2.1-R0,False,subwp,123,05,10,4074982252,exito,,463.648,0,0,"[0.0, -18.095028783688985]"
2051,goal_206,1,col_return,8866,1196.64,05,subwp,123,1,E2.1,E2.1-R0,False,subwp,123,05,1,2414033010,col_return,return,283.712,0,0,"[0.0, 14.973002638506763]"
2052,goal_206,2,exito,14490,2225.3,05,subwp,123,1,E2.1,E2.1-R0,False,subwp,123,05,2,384461256,exito,,463.68,0,0,"[0.0, 27.215425416420178]"
2053,goal_206,3,exito,14495,2226.96,05,subwp,123,1,E2.1,E2.1-R0,False,subwp,123,05,3,1642944862,exito,,463.84,0,0,"[0.0, 4.702353370564878]"
2054,goal_206,4,col_return,8689,1172.56,05,subwp,123,1,E2.1,E2.1-R0,False,subwp,123,05,4,4287220989,col_return,return,278.048,0,0,"[0.0, -16.15674810776512]"
2055,goal_206,5,exito,14490,2219.83,05,subwp,123,1,E2.1,E2.1-R0,False,subwp,123,05,5,2291072107,exito,,463.68,0,0,"[0.0, 19.071188645560703]"
2056,goal_206,6,exito,14495,2226.97,05,subwp,123,1,E2.1,E2.1-R0,False,subwp,123,05,6,294104529,exito,,463.84,0,0,"[0.0, -20.354145024606694]"
2057,goal_206,7,exito,14497,2154.41,05,subwp,123,1,E2.1,E2.1-R0,False,subwp,123,05,7,1719704903,exito,,463.904,0,0,"[0.0, -13.697336339426354]"
2058,goal_206,8,col_return,8856,1192.4,05,subwp,123,1,E2.1,E2.1-R0,False,subwp,123,05,8,4131356886,col_return,return,283.392,0,0,"[0.0, 28.737409301693816]"
2059,goal_206,9,exito,14490,2225.03,05,subwp,123,1,E2.1,E2.1-R0,False,subwp,123,05,9,2167976000,exito,,463.68,0,0,"[0.0, 29.73919509546468]"
2060,goal_206,10,exito,14495,2226.96,05,subwp,123,1,E2.1,E2.1-R0,False,subwp,123,05,10,1247751177,exito,,463.84,0,0,"[0.0, -18.832342343773927]"
2061,goal_207,1,exito,14660,2179.94,05,subwp,123,1,E2.1,E2.1-R0,False,subwp,123,05,1,2376435243,exito,,469.12,0,0,"[0.0, 11.475162231874862]"
2062,goal_207,2,col_return,8936,1196.56,05,subwp,123,1,E2.1,E2.1-R0,False,subwp,123,05,2,346871697,col_return,return,285.952,0,0,"[0.0, -12.831459309806855]"
2063,goal_207,3,exito,14655,2242.66,05,subwp,123,1,E2.1,E2.1-R0,False,subwp,123,05,3,1672210183,exito,,468.96,0,0,"[0.0, -17.62456721351235]"
2064,goal_207,4,exito,14660,2242.77,05,subwp,123,1,E2.1,E2.1-R0,False,subwp,123,05,4,4258230948,exito,,469.12,0,0,"[0.0, -10.55369785852545]"
2065,goal_207,5,exito,14661,2242.91,05,subwp,123,1,E2.1,E2.1-R0,False,subwp,123,05,5,2328379954,exito,,469.152,0,0,"[0.0, -29.059544660410463]"
2066,goal_207,6,exito,14660,2232.1,05,subwp,123,1,E2.1,E2.1-R0,False,subwp,123,05,6,331420552,exito,,469.12,0,0,"[0.0, -9.92253205112098]"
2067,goal_207,7,col_return,8898,1192.61,05,subwp,123,1,E2.1,E2.1-R0,False,subwp,123,05,7,1690706718,col_return,return,284.736,0,0,"[0.0, -15.778871127327447]"
2068,goal_207,8,exito,14653,2242.58,05,subwp,123,1,E2.1,E2.1-R0,False,subwp,123,05,8,4101586575,exito,,468.896,0,0,"[0.0, -7.600600153821768]"
2069,goal_207,9,exito,14660,2242.75,05,subwp,123,1,E2.1,E2.1-R0,False,subwp,123,05,9,2206076441,exito,,469.12,0,0,"[0.0, -12.70866653273198]"
2070,goal_207,10,exito,14660,2242.59,05,subwp,123,1,E2.1,E2.1-R0,False,subwp,123,05,10,1491764199,exito,,469.12,0,0,"[0.0, 23.149082994450907]"
2071,goal_208,1,exito,14643,2235.76,05,subwp,123,1,E2.1,E2.1-R0,False,subwp,123,05,1,2355620892,exito,,468.576,0,0,"[0.0, -14.401277377540202]"
2072,goal_208,2,col_return,8876,1195.02,05,subwp,123,1,E2.1,E2.1-R0,False,subwp,123,05,2,359579046,col_return,return,284.032,0,0,"[0.0, -4.697165959858691]"
2073,goal_208,3,exito,14638,2237.08,05,subwp,123,1,E2.1,E2.1-R0,False,subwp,123,05,3,1651084592,exito,,468.416,0,0,"[0.0, 15.1534663032705]"
2074,goal_208,4,exito,14643,2242.4,05,subwp,123,1,E2.1,E2.1-R0,False,subwp,123,05,4,4228716691,exito,,468.576,0,0,"[0.0, 0.8072385899127377]"
2075,goal_208,5,exito,14643,2242.39,05,subwp,123,1,E2.1,E2.1-R0,False,subwp,123,05,5,2332698629,exito,,468.576,0,0,"[0.0, -19.024963064756435]"
2076,goal_208,6,exito,14643,2219.84,05,subwp,123,1,E2.1,E2.1-R0,False,subwp,123,05,6,302217663,exito,,468.576,0,0,"[0.0, 14.974494469337426]"
2077,goal_208,7,col_return,8905,1194.46,05,subwp,123,1,E2.1,E2.1-R0,False,subwp,123,05,7,1694779689,col_return,return,284.96,0,0,"[0.0, 25.042179553749854]"
2078,goal_208,8,exito,14638,2238.03,05,subwp,123,1,E2.1,E2.1-R0,False,subwp,123,05,8,4122694840,exito,,468.416,0,0,"[0.0, 27.98355683773662]"
2079,goal_208,9,exito,14643,2242.36,05,subwp,123,1,E2.1,E2.1-R0,False,subwp,123,05,9,2193384494,exito,,468.576,0,0,"[0.0, 12.226642604688214]"
2080,goal_208,10,exito,14643,2242.36,05,subwp,123,1,E2.1,E2.1-R0,False,subwp,123,05,10,3763790978,exito,,468.576,0,0,"[0.0, -16.480406728523118]"
2081,goal_209,1,exito,14894,2270.31,05,subwp,123,1,E2.1,E2.1-R0,False,subwp,123,05,1,2268834593,exito,,476.608,0,0,"[0.0, 22.942797027143595]"
2082,goal_209,2,exito,14894,2270.32,05,subwp,123,1,E2.1,E2.1-R0,False,subwp,123,05,2,506657435,exito,,476.608,0,0,"[0.0, -2.6816502253206975]"
2083,goal_209,3,exito,14894,2255.47,05,subwp,123,1,E2.1,E2.1-R0,False,subwp,123,05,3,1765132813,exito,,476.608,0,0,"[0.0, 1.4282459308563222]"
2084,goal_209,4,exito,14902,2112.33,05,subwp,123,1,E2.1,E2.1-R0,False,subwp,123,05,4,4149305262,exito,,476.864,0,0,"[0.0, -23.11136884739547]"
2085,goal_209,5,col_return,9070,1210.75,05,subwp,123,1,E2.1,E2.1-R0,False,subwp,123,05,5,2153148216,col_return,return,290.24,0,0,"[0.0, -21.032547535403285]"
2086,goal_209,6,exito,14891,2270.69,05,subwp,123,1,E2.1,E2.1-R0,False,subwp,123,05,6,425672322,exito,,476.512,0,0,"[0.0, -9.788856355600812]"
2087,goal_209,7,exito,14896,2270.67,05,subwp,123,1,E2.1,E2.1-R0,False,subwp,123,05,7,1851264532,exito,,476.672,0,0,"[0.0, 4.118981284458469]"
2088,goal_209,8,exito,14896,2270.71,05,subwp,123,1,E2.1,E2.1-R0,False,subwp,123,05,8,4276556677,exito,,476.672,0,0,"[0.0, -12.702343951830922]"
2089,goal_209,9,exito,14896,2270.65,05,subwp,123,1,E2.1,E2.1-R0,False,subwp,123,05,9,2313167635,exito,,476.672,0,0,"[0.0, 17.469535036547388]"
2090,goal_209,10,exito,14894,2270.26,05,subwp,123,1,E2.1,E2.1-R0,False,subwp,123,05,10,3090543828,exito,,476.608,0,0,"[0.0, 7.191003719145632]"
2091,goal_210,1,exito,14872,2269.44,05,subwp,123,1,E2.1,E2.1-R0,False,subwp,123,05,1,2264514838,exito,,475.904,0,0,"[0.0, -4.317544879866864]"
2092,goal_210,2,exito,14872,2269.44,05,subwp,123,1,E2.1,E2.1-R0,False,subwp,123,05,2,535859372,exito,,475.904,0,0,"[0.0, -2.3623727575877362]"
2093,goal_210,3,exito,14872,2269.46,05,subwp,123,1,E2.1,E2.1-R0,False,subwp,123,05,3,1761058874,exito,,475.904,0,0,"[0.0, -24.186695425192667]"
2094,goal_210,4,exito,14872,2269.45,05,subwp,123,1,E2.1,E2.1-R0,False,subwp,123,05,4,4136842649,exito,,475.904,0,0,"[0.0, -18.900291900490057]"
2095,goal_210,5,exito,14872,2269.43,05,subwp,123,1,E2.1,E2.1-R0,False,subwp,123,05,5,2173961487,exito,,475.904,0,0,"[0.0, 8.35353496651043]"
2096,goal_210,6,exito,14872,2269.47,05,subwp,123,1,E2.1,E2.1-R0,False,subwp,123,05,6,412964021,exito,,475.904,0,0,"[0.0, 19.113352760664405]"
2097,goal_210,7,exito,14872,2269.45,05,subwp,123,1,E2.1,E2.1-R0,False,subwp,123,05,7,1872389155,exito,,475.904,0,0,"[0.0, 27.795685175285385]"
2098,goal_210,8,exito,14872,2204.97,05,subwp,123,1,E2.1,E2.1-R0,False,subwp,123,05,8,4280646066,exito,,475.904,0,0,"[0.0, 6.50732030250285]"
2099,goal_210,9,col_return,9043,1208.78,05,subwp,123,1,E2.1,E2.1-R0,False,subwp,123,05,9,2283948324,col_return,return,289.376,0,0,"[0.0, 10.773276508175776]"
2100,goal_210,10,exito,14867,2260.41,05,subwp,123,1,E2.1,E2.1-R0,False,subwp,123,05,10,9016241,exito,,475.744,0,0,"[0.0, -17.4732921023744]"
2101,goal_211,1,exito,15132,2302.77,05,subwp,123,1,E2.1,E2.1-R0,False,subwp,123,05,1,831823356,exito,,484.224,0,0,"[0.0, 23.052017396641226]"
2102,goal_211,2,exito,15130,2302.58,05,subwp,123,1,E2.1,E2.1-R0,False,subwp,123,05,2,2828913734,exito,,484.16,0,0,"[0.0, -4.416583481339577]"
2103,goal_211,3,exito,15131,2302.64,05,subwp,123,1,E2.1,E2.1-R0,False,subwp,123,05,3,3751476432,exito,,484.192,0,0,"[0.0, 13.516788816280652]"
2104,goal_211,4,exito,15132,2302.77,05,subwp,123,1,E2.1,E2.1-R0,False,subwp,123,05,4,1107192179,exito,,484.224,0,0,"[0.0, -27.769642298746955]"
2105,goal_211,5,exito,15130,2302.58,05,subwp,123,1,E2.1,E2.1-R0,False,subwp,123,05,5,922311141,exito,,484.16,0,0,"[0.0, 16.835073742691538]"
2106,goal_211,6,exito,15131,2302.24,05,subwp,123,1,E2.1,E2.1-R0,False,subwp,123,05,6,2951743583,exito,,484.192,0,0,"[0.0, 25.153188051883607]"
2107,goal_211,7,exito,15131,2300.72,05,subwp,123,1,E2.1,E2.1-R0,False,subwp,123,05,7,3640080585,exito,,484.192,0,0,"[0.0, 20.99201809328301]"
2108,goal_211,8,exito,15131,2296.5,05,subwp,123,1,E2.1,E2.1-R0,False,subwp,123,05,8,1212687704,exito,,484.192,0,0,"[0.0, 21.705630999184503]"
2109,goal_211,9,exito,15132,2285.4,05,subwp,123,1,E2.1,E2.1-R0,False,subwp,123,05,9,1062147534,exito,,484.224,0,0,"[0.0, 28.050479119971293]"
2110,goal_211,10,col_approach,2462,174.6,05,subwp,123,1,E2.1,E2.1-R0,False,subwp,123,05,10,1088550283,col_approach,approach,78.784,0,0,"[0.0, -28.32690600443263]"
2111,goal_212,1,exito,15116,2302.67,05,subwp,123,1,E2.1,E2.1-R0,False,subwp,123,05,1,811005899,exito,,483.712,0,0,"[0.0, 15.634194228960645]"
2112,goal_212,2,exito,15121,2299.93,05,subwp,123,1,E2.1,E2.1-R0,False,subwp,123,05,2,2841618033,exito,,483.872,0,0,"[0.0, 10.644637499580572]"
2113,goal_212,3,exito,15121,2292.89,05,subwp,123,1,E2.1,E2.1-R0,False,subwp,123,05,3,3730347751,exito,,483.872,0,0,"[0.0, -10.868616231139338]"
2114,goal_212,4,exito,15121,2278.77,05,subwp,123,1,E2.1,E2.1-R0,False,subwp,123,05,4,1077674820,exito,,483.872,0,0,"[0.0, 29.128965804871473]"
2115,goal_212,5,col_return,10139,1364.49,05,subwp,123,1,E2.1,E2.1-R0,False,subwp,123,05,5,926626770,col_return,return,324.448,0,0,"[0.0, 2.0432129147518308]"
2116,goal_212,6,exito,15117,2304.12,05,subwp,123,1,E2.1,E2.1-R0,False,subwp,123,05,6,2922537576,exito,,483.744,0,0,"[0.0, 19.455241279718294]"
2117,goal_212,7,exito,15121,2304.24,05,subwp,123,1,E2.1,E2.1-R0,False,subwp,123,05,7,3644150526,exito,,483.872,0,0,"[0.0, 10.863145710727606]"
2118,goal_212,8,exito,15121,2304.25,05,subwp,123,1,E2.1,E2.1-R0,False,subwp,123,05,8,1233801071,exito,,483.872,0,0,"[0.0, 2.2603057929852777]"
2119,goal_212,9,exito,15122,2304.38,05,subwp,123,1,E2.1,E2.1-R0,False,subwp,123,05,9,1049460729,exito,,483.904,0,0,"[0.0, -21.2922320852877]"
2120,goal_212,10,exito,15122,2304.34,05,subwp,123,1,E2.1,E2.1-R0,False,subwp,123,05,10,4166882030,exito,,483.904,0,0,"[0.0, -26.03973037456466]"
2121,goal_213,1,exito,15335,2330.23,05,subwp,123,1,E2.1,E2.1-R0,False,subwp,123,05,1,839928210,exito,,490.72,0,0,"[0.0, -4.24691055735167]"
2122,goal_213,2,exito,15335,2330.3,05,subwp,123,1,E2.1,E2.1-R0,False,subwp,123,05,2,2870548520,exito,,490.72,0,0,"[0.0, 11.42759655520275]"
2123,goal_213,3,exito,15335,2330.3,05,subwp,123,1,E2.1,E2.1-R0,False,subwp,123,05,3,3692964030,exito,,490.72,0,0,"[0.0, -0.21575060382321265]"
2124,goal_213,4,exito,15335,2325.66,05,subwp,123,1,E2.1,E2.1-R0,False,subwp,123,05,4,1115340061,exito,,490.72,0,0,"[0.0, 3.5733053672695436]"
2125,goal_213,5,col_approach,2435,177.11,05,subwp,123,1,E2.1,E2.1-R0,False,subwp,123,05,5,897420683,col_approach,approach,77.92,0,0,"[0.0, 11.351152091356877]"
2126,goal_213,6,exito,15330,2320.36,05,subwp,123,1,E2.1,E2.1-R0,False,subwp,123,05,6,2893339697,exito,,490.56,0,0,"[0.0, -26.51316364101784]"
2127,goal_213,7,col_return,10335,1380.49,05,subwp,123,1,E2.1,E2.1-R0,False,subwp,123,05,7,3681807527,col_return,return,330.72,0,0,"[0.0, 12.896668356596892]"
2128,goal_213,8,exito,15330,2330.25,05,subwp,123,1,E2.1,E2.1-R0,False,subwp,123,05,8,1271722294,exito,,490.56,0,0,"[0.0, -5.757236144817826]"
2129,goal_213,9,exito,15335,2330.28,05,subwp,123,1,E2.1,E2.1-R0,False,subwp,123,05,9,1019986336,exito,,490.72,0,0,"[0.0, -18.788788322780043]"
2130,goal_213,10,exito,15335,2330.27,05,subwp,123,1,E2.1,E2.1-R0,False,subwp,123,05,10,3941088512,exito,,490.72,0,0,"[0.0, -15.375713340236219]"
2131,goal_214,1,col_approach,2887,229.13,05,subwp,123,1,E2.1,E2.1-R0,False,subwp,123,05,1,869409701,col_approach,approach,92.384,0,0,"[0.0, -18.54996565004666]"
2132,goal_214,2,exito,15337,2331.38,05,subwp,123,1,E2.1,E2.1-R0,False,subwp,123,05,2,2866508319,exito,,490.784,0,0,"[0.0, -14.808955148890409]"
2133,goal_214,3,exito,15343,2327.07,05,subwp,123,1,E2.1,E2.1-R0,False,subwp,123,05,3,3722199689,exito,,490.976,0,0,"[0.0, 13.579276768517088]"
2134,goal_214,4,col_return,10404,1378.29,05,subwp,123,1,E2.1,E2.1-R0,False,subwp,123,05,4,1136187178,col_return,return,332.928,0,0,"[0.0, -17.256073085882452]"
2135,goal_214,5,exito,15338,2331.64,05,subwp,123,1,E2.1,E2.1-R0,False,subwp,123,05,5,884991932,exito,,490.816,0,0,"[0.0, 2.9305001860716517]"
2136,goal_214,6,exito,15343,2331.81,05,subwp,123,1,E2.1,E2.1-R0,False,subwp,123,05,6,2914432518,exito,,490.976,0,0,"[0.0, 29.940617953170474]"
2137,goal_214,7,exito,15343,2328.87,05,subwp,123,1,E2.1,E2.1-R0,False,subwp,123,05,7,3669067408,exito,,490.976,0,0,"[0.0, 18.90346192698965]"
2138,goal_214,8,col_approach,2875,232.14,05,subwp,123,1,E2.1,E2.1-R0,False,subwp,123,05,8,1242471169,col_approach,approach,92.0,0,0,"[0.0, -8.217837774582941]"
2139,goal_214,9,exito,15338,2331.64,05,subwp,123,1,E2.1,E2.1-R0,False,subwp,123,05,9,1024043927,exito,,490.816,0,0,"[0.0, -25.42390128705087]"
2140,goal_214,10,exito,15343,2327.4,05,subwp,123,1,E2.1,E2.1-R0,False,subwp,123,05,10,1381259877,exito,,490.976,0,0,"[0.0, -3.2489600116863615]"
2141,goal_215,1,col_return,10510,1402.61,05,subwp,123,1,E2.1,E2.1-R0,False,subwp,123,05,1,916272416,col_return,return,336.32,0,0,"[0.0, -10.112603692168474]"
2142,goal_215,2,exito,15582,2364.46,05,subwp,123,1,E2.1,E2.1-R0,False,subwp,123,05,2,2945737882,exito,,498.624,0,0,"[0.0, -5.30019843348019]"
2143,goal_215,3,exito,15587,2364.57,05,subwp,123,1,E2.1,E2.1-R0,False,subwp,123,05,3,3633533964,exito,,498.784,0,0,"[0.0, -7.971074421097992]"
2144,goal_215,4,exito,15588,2364.7,05,subwp,123,1,E2.1,E2.1-R0,False,subwp,123,05,4,1190642095,exito,,498.816,0,0,"[0.0, -7.277458039774527]"
2145,goal_215,5,exito,15589,2326.02,05,subwp,123,1,E2.1,E2.1-R0,False,subwp,123,05,5,837873977,exito,,498.848,0,0,"[0.0, 8.198718383801156]"
2146,goal_215,6,exito,15589,2328.39,05,subwp,123,1,E2.1,E2.1-R0,False,subwp,123,05,6,2834931843,exito,,498.848,0,0,"[0.0, 2.8047931091879152]"
2147,goal_215,7,exito,15589,2364.74,05,subwp,123,1,E2.1,E2.1-R0,False,subwp,123,05,7,3758002197,exito,,498.848,0,0,"[0.0, 8.64983832982831]"
2148,goal_215,8,exito,15587,2364.59,05,subwp,123,1,E2.1,E2.1-R0,False,subwp,123,05,8,1329696132,exito,,498.784,0,0,"[0.0, -6.6679433844466125]"
2149,goal_215,9,exito,15588,2342.21,05,subwp,123,1,E2.1,E2.1-R0,False,subwp,123,05,9,944160018,exito,,498.816,0,0,"[0.0, 24.779826177901143]"
2150,goal_215,10,col_return,10391,1395.33,05,subwp,123,1,E2.1,E2.1-R0,False,subwp,123,05,10,3481494236,col_return,return,332.512,0,0,"[0.0, -2.368014906024394]"
2151,goal_216,1,exito,15587,2364.28,05,subwp,123,1,E2.1,E2.1-R0,False,subwp,123,05,1,928997143,exito,,498.784,0,0,"[0.0, 8.880820775700327]"
2152,goal_216,2,exito,15592,2357.64,05,subwp,123,1,E2.1,E2.1-R0,False,subwp,123,05,2,2924875437,exito,,498.944,0,0,"[0.0, 2.757271663143017]"
2153,goal_216,3,exito,15592,2348.99,05,subwp,123,1,E2.1,E2.1-R0,False,subwp,123,05,3,3645980219,exito,,498.944,0,0,"[0.0, 28.08954968311093]"
2154,goal_216,4,exito,15593,2364.47,05,subwp,123,1,E2.1,E2.1-R0,False,subwp,123,05,4,1194699672,exito,,498.976,0,0,"[0.0, -20.447434001637628]"
2155,goal_216,5,exito,15593,2357.86,05,subwp,123,1,E2.1,E2.1-R0,False,subwp,123,05,5,808622862,exito,,498.976,0,0,"[0.0, -28.137906943359145]"
2156,goal_216,6,exito,15593,2364.47,05,subwp,123,1,E2.1,E2.1-R0,False,subwp,123,05,6,2839268020,exito,,498.976,0,0,"[0.0, 21.77706749832141]"
2157,goal_216,7,exito,15593,2364.22,05,subwp,123,1,E2.1,E2.1-R0,False,subwp,123,05,7,3728538146,exito,,498.976,0,0,"[0.0, 2.7930052777688608]"
2158,goal_216,8,col_return,10634,1419.02,05,subwp,123,1,E2.1,E2.1-R0,False,subwp,123,05,8,1317267379,col_return,return,340.288,0,0,"[0.0, -22.2249325960092]"
2159,goal_216,9,exito,15588,2364.38,05,subwp,123,1,E2.1,E2.1-R0,False,subwp,123,05,9,965007141,exito,,498.816,0,0,"[0.0, -0.4032605645459286]"
2160,goal_216,10,exito,15593,2363.52,05,subwp,123,1,E2.1,E2.1-R0,False,subwp,123,05,10,2000618937,exito,,498.976,0,0,"[0.0, -10.870773824161677]"
2161,goal_217,1,exito,15805,2392.29,05,subwp,123,1,E2.1,E2.1-R0,False,subwp,123,05,1,890888526,exito,,505.76,0,0,"[0.0, 1.6349417063010252]"
2162,goal_217,2,col_approach,2419,163.82,05,subwp,123,1,E2.1,E2.1-R0,False,subwp,123,05,2,2886775028,col_approach,approach,77.408,0,0,"[0.0, 16.69950630397341]"
2163,goal_217,3,col_return,10693,1438.83,05,subwp,123,1,E2.1,E2.1-R0,False,subwp,123,05,3,3675750498,col_return,return,342.176,0,0,"[0.0, -14.539272598396813]"
2164,goal_217,4,exito,15797,2391.71,05,subwp,123,1,E2.1,E2.1-R0,False,subwp,123,05,4,1165170113,exito,,505.504,0,0,"[0.0, 5.699761184437873]"
2165,goal_217,5,exito,15804,2391.93,05,subwp,123,1,E2.1,E2.1-R0,False,subwp,123,05,5,846472535,exito,,505.728,0,0,"[0.0, -5.935409229942559]"
2166,goal_217,6,exito,15804,2380.99,05,subwp,123,1,E2.1,E2.1-R0,False,subwp,123,05,6,2877125869,exito,,505.728,0,0,"[0.0, -15.552677629163387]"
2167,goal_217,7,exito,15806,2376.76,05,subwp,123,1,E2.1,E2.1-R0,False,subwp,123,05,7,3699000443,exito,,505.792,0,0,"[0.0, -28.847683565747964]"
2168,goal_217,8,exito,15804,2391.97,05,subwp,123,1,E2.1,E2.1-R0,False,subwp,123,05,8,1288002026,exito,,505.728,0,0,"[0.0, -20.20612666642228]"
2169,goal_217,9,exito,15805,2355.14,05,subwp,123,1,E2.1,E2.1-R0,False,subwp,123,05,9,1002596732,exito,,505.76,0,0,"[0.0, 28.767427413156817]"
2170,goal_217,10,col_return,10438,1403.46,05,subwp,123,1,E2.1,E2.1-R0,False,subwp,123,05,10,1703586391,col_return,return,334.016,0,0,"[0.0, 29.67783082135229]"
2171,goal_218,1,exito,15807,2393.8,05,subwp,123,1,E2.1,E2.1-R0,False,subwp,123,05,1,886803321,exito,,505.824,0,0,"[0.0, -11.040186105373895]"
2172,goal_218,2,col_approach,2801,219.53,05,subwp,123,1,E2.1,E2.1-R0,False,subwp,123,05,2,2916276931,col_approach,approach,89.632,0,0,"[0.0, -25.337817139511277]"
2173,goal_218,3,exito,15807,2375.86,05,subwp,123,1,E2.1,E2.1-R0,False,subwp,123,05,3,3671452245,exito,,505.824,0,0,"[0.0, -20.13805444271808]"
2174,goal_218,4,col_return,10526,1409.82,05,subwp,123,1,E2.1,E2.1-R0,False,subwp,123,05,4,1152483318,col_return,return,336.832,0,0,"[0.0, 0.4859549277748543]"
2175,goal_218,5,exito,15807,2393.79,05,subwp,123,1,E2.1,E2.1-R0,False,subwp,123,05,5,867585888,exito,,505.824,0,0,"[0.0, 10.337263276816582]"
2176,goal_218,6,col_approach,2826,223.9,05,subwp,123,1,E2.1,E2.1-R0,False,subwp,123,05,6,2864651994,col_approach,approach,90.432,0,0,"[0.0, -6.597733994832913]"
2177,goal_218,7,exito,15807,2379.17,05,subwp,123,1,E2.1,E2.1-R0,False,subwp,123,05,7,3719835212,exito,,505.824,0,0,"[0.0, -4.757773706424098]"
2178,goal_218,8,col_return,10544,1407.56,05,subwp,123,1,E2.1,E2.1-R0,False,subwp,123,05,8,1292317661,col_return,return,337.408,0,0,"[0.0, -9.434228166192707]"
2179,goal_218,9,exito,15807,2393.53,05,subwp,123,1,E2.1,E2.1-R0,False,subwp,123,05,9,973079371,exito,,505.824,0,0,"[0.0, -21.57039253650588]"
2180,goal_218,10,col_approach,2830,225.97,05,subwp,123,1,E2.1,E2.1-R0,False,subwp,123,05,10,3711356210,col_approach,approach,90.56,0,0,"[0.0, 0.08993509377613451]"
2181,goal_219,1,col_return,11067,1482.4,05,subwp,123,1,E2.1,E2.1-R0,False,subwp,123,05,1,1065864260,col_return,return,354.144,0,0,"[0.0, 20.49208514227117]"
2182,goal_219,2,exito,16056,2426.21,05,subwp,123,1,E2.1,E2.1-R0,False,subwp,123,05,2,2794364414,exito,,513.792,0,0,"[0.0, 12.54328892606062]"
2183,goal_219,3,exito,16062,2426.52,05,subwp,123,1,E2.1,E2.1-R0,False,subwp,123,05,3,3515460968,exito,,513.984,0,0,"[0.0, 29.60134258113247]"
2184,goal_219,4,exito,16066,2388.57,05,subwp,123,1,E2.1,E2.1-R0,False,subwp,123,05,4,1340946635,exito,,514.112,0,0,"[0.0, 23.4305953216171]"
2185,goal_219,5,exito,16062,2426.56,05,subwp,123,1,E2.1,E2.1-R0,False,subwp,123,05,5,954861661,exito,,513.984,0,0,"[0.0, -2.81237580364075]"
2186,goal_219,6,col_return,10909,1460.7,05,subwp,123,1,E2.1,E2.1-R0,False,subwp,123,05,6,2716031463,col_return,return,349.088,0,0,"[0.0, -16.96468608568929]"
2187,goal_219,7,exito,16056,2426.25,05,subwp,123,1,E2.1,E2.1-R0,False,subwp,123,05,7,3605293425,exito,,513.792,0,0,"[0.0, 11.686952654323813]"
2188,goal_219,8,exito,16062,2426.49,05,subwp,123,1,E2.1,E2.1-R0,False,subwp,123,05,8,1180398816,exito,,513.984,0,0,"[0.0, -10.027167612461605]"
2189,goal_219,9,exito,16062,2361.66,05,subwp,123,1,E2.1,E2.1-R0,False,subwp,123,05,9,828130422,exito,,513.984,0,0,"[0.0, -21.764864349336026]"
2190,goal_219,10,exito,16062,2425.89,05,subwp,123,1,E2.1,E2.1-R0,False,subwp,123,05,10,2236996964,exito,,513.984,0,0,"[0.0, 2.436397961358119]"
2191,goal_220,1,col_return,10843,1446.38,05,subwp,123,1,E2.1,E2.1-R0,False,subwp,123,05,1,1044751987,col_return,return,346.976,0,0,"[0.0, -2.0302264962379946]"
2192,goal_220,2,exito,16056,2427.7,05,subwp,123,1,E2.1,E2.1-R0,False,subwp,123,05,2,2806839241,exito,,513.792,0,0,"[0.0, -18.09362705038]"
2193,goal_220,3,exito,16065,2397.71,05,subwp,123,1,E2.1,E2.1-R0,False,subwp,123,05,3,3494627167,exito,,514.08,0,0,"[0.0, -19.0791186352438]"
2194,goal_220,4,col_approach,2791,204.12,05,subwp,123,1,E2.1,E2.1-R0,False,subwp,123,05,4,1311724284,col_approach,approach,89.312,0,0,"[0.0, -23.049071055040404]"
2195,goal_220,5,col_return,10445,1399.44,05,subwp,123,1,E2.1,E2.1-R0,False,subwp,123,05,5,958947946,col_return,return,334.24,0,0,"[0.0, 8.94977924157017]"
2196,goal_220,6,exito,16056,2426.52,05,subwp,123,1,E2.1,E2.1-R0,False,subwp,123,05,6,2686530512,exito,,513.792,0,0,"[0.0, 27.97607686455952]"
2197,goal_220,7,exito,16061,2426.4,05,subwp,123,1,E2.1,E2.1-R0,False,subwp,123,05,7,3609592646,exito,,513.952,0,0,"[0.0, 29.13823491193651]"
2198,goal_220,8,exito,16061,2427.81,05,subwp,123,1,E2.1,E2.1-R0,False,subwp,123,05,8,1201217239,exito,,513.952,0,0,"[0.0, -7.568111930394592]"
2199,goal_220,9,exito,16061,2400.07,05,subwp,123,1,E2.1,E2.1-R0,False,subwp,123,05,9,815672897,exito,,513.952,0,0,"[0.0, -13.669552131607194]"
2200,goal_220,10,col_return,10618,1414.31,05,subwp,123,1,E2.1,E2.1-R0,False,subwp,123,05,10,1038727681,col_return,return,339.776,0,0,"[0.0, -27.066036071539067]"
2201,goal_221,1,exito,16305,2459.63,05,subwp,123,1,E2.1,E2.1-R0,False,subwp,123,05,1,589378066,exito,,521.76,0,0,"[0.0, -9.828490404025018]"
2202,goal_221,2,exito,16311,2440.93,05,subwp,123,1,E2.1,E2.1-R0,False,subwp,123,05,2,3123209128,exito,,521.952,0,0,"[0.0, 23.043428699089233]"
2203,goal_221,3,exito,16311,2459.24,05,subwp,123,1,E2.1,E2.1-R0,False,subwp,123,05,3,3442430782,exito,,521.952,0,0,"[0.0, -23.01827675636293]"
2204,goal_221,4,col_return,10956,1465.8,05,subwp,123,1,E2.1,E2.1-R0,False,subwp,123,05,4,1397474973,col_return,return,350.592,0,0,"[0.0, 27.453514296251566]"
2205,goal_221,5,exito,16306,2459.73,05,subwp,123,1,E2.1,E2.1-R0,False,subwp,123,05,5,609023499,exito,,521.792,0,0,"[0.0, -14.89798167799178]"
2206,goal_221,6,exito,16311,2452.59,05,subwp,123,1,E2.1,E2.1-R0,False,subwp,123,05,6,3175458737,exito,,521.952,0,0,"[0.0, -8.524814774607762]"
2207,goal_221,7,exito,16311,2459.86,05,subwp,123,1,E2.1,E2.1-R0,False,subwp,123,05,7,3393361703,exito,,521.952,0,0,"[0.0, 1.548606889935289]"
2208,goal_221,8,col_return,11014,1476.46,05,subwp,123,1,E2.1,E2.1-R0,False,subwp,123,05,8,1526565558,col_return,return,352.448,0,0,"[0.0, -24.71672436533464]"
2209,goal_221,9,exito,16306,2459.71,05,subwp,123,1,E2.1,E2.1-R0,False,subwp,123,05,9,771406368,exito,,521.792,0,0,"[0.0, -13.309767814428424]"
2210,goal_221,10,exito,16311,2455.37,05,subwp,123,1,E2.1,E2.1-R0,False,subwp,123,05,10,121737051,exito,,521.952,0,0,"[0.0, 20.586565677258392]"
2211,goal_222,1,exito,16313,2458.74,05,subwp,123,1,E2.1,E2.1-R0,False,subwp,123,05,1,585324581,exito,,522.016,0,0,"[0.0, 10.207348520865695]"
2212,goal_222,2,col_return,11032,1481.92,05,subwp,123,1,E2.1,E2.1-R0,False,subwp,123,05,2,3152677279,col_return,return,353.024,0,0,"[0.0, -18.37460513147563]"
2213,goal_222,3,exito,16311,2458.93,05,subwp,123,1,E2.1,E2.1-R0,False,subwp,123,05,3,3438098697,exito,,521.952,0,0,"[0.0, -1.6268277931537445]"
2214,goal_222,4,exito,16314,2455.74,05,subwp,123,1,E2.1,E2.1-R0,False,subwp,123,05,4,1384754346,exito,,522.048,0,0,"[0.0, 19.380456459735754]"
2215,goal_222,5,exito,16314,2458.88,05,subwp,123,1,E2.1,E2.1-R0,False,subwp,123,05,5,630103100,exito,,522.048,0,0,"[0.0, -4.102099845356097]"
2216,goal_222,6,col_return,11065,1472.06,05,subwp,123,1,E2.1,E2.1-R0,False,subwp,123,05,6,3163016582,col_return,return,354.08,0,0,"[0.0, -6.779859871909235]"
2217,goal_222,7,exito,16311,2458.99,05,subwp,123,1,E2.1,E2.1-R0,False,subwp,123,05,7,3414228240,exito,,521.952,0,0,"[0.0, -3.4513418093761628]"
2218,goal_222,8,exito,16316,2456.15,05,subwp,123,1,E2.1,E2.1-R0,False,subwp,123,05,8,1530912897,exito,,522.112,0,0,"[0.0, -24.94638852033748]"
2219,goal_222,9,exito,16314,2458.84,05,subwp,123,1,E2.1,E2.1-R0,False,subwp,123,05,9,741920791,exito,,522.048,0,0,"[0.0, -7.989896423450869]"
2220,goal_222,10,col_return,11047,1477.49,05,subwp,123,1,E2.1,E2.1-R0,False,subwp,123,05,10,3221088318,col_return,return,353.504,0,0,"[0.0, 10.760396294941696]"
2221,goal_223,1,exito,16507,2486.51,05,subwp,123,1,E2.1,E2.1-R0,False,subwp,123,05,1,547743356,exito,,528.224,0,0,"[0.0, 29.62866282908775]"
2222,goal_223,2,exito,16511,2471.73,05,subwp,123,1,E2.1,E2.1-R0,False,subwp,123,05,2,3115104198,exito,,528.352,0,0,"[0.0, 14.58093378854594]"
2223,goal_223,3,exito,16511,2465.45,05,subwp,123,1,E2.1,E2.1-R0,False,subwp,123,05,3,3467347792,exito,,528.352,0,0,"[0.0, -19.005722518724095]"
2224,goal_223,4,col_return,10854,1454.39,05,subwp,123,1,E2.1,E2.1-R0,False,subwp,123,05,4,1355748083,col_return,return,347.328,0,0,"[0.0, 10.53388063994073]"
2225,goal_223,5,exito,16507,2486.45,05,subwp,123,1,E2.1,E2.1-R0,False,subwp,123,05,5,667427429,exito,,528.224,0,0,"[0.0, 17.321938675834698]"
2226,goal_223,6,exito,16514,2454.28,05,subwp,123,1,E2.1,E2.1-R0,False,subwp,123,05,6,3200349151,exito,,528.448,0,0,"[0.0, -25.830633561464186]"
2227,goal_223,7,col_return,11417,1531.77,05,subwp,123,1,E2.1,E2.1-R0,False,subwp,123,05,7,3385213769,col_return,return,365.344,0,0,"[0.0, -22.779166085378552]"
2228,goal_223,8,exito,16507,2486.46,05,subwp,123,1,E2.1,E2.1-R0,False,subwp,123,05,8,1501126360,exito,,528.224,0,0,"[0.0, 14.68257781250292]"
2229,goal_223,9,exito,16511,2482.89,05,subwp,123,1,E2.1,E2.1-R0,False,subwp,123,05,9,780037710,exito,,528.352,0,0,"[0.0, 24.413596587825495]"
2230,goal_223,10,exito,16511,2480.55,05,subwp,123,1,E2.1,E2.1-R0,False,subwp,123,05,10,2907195344,exito,,528.352,0,0,"[0.0, -15.227425261787953]"
2231,goal_224,1,col_return,10949,1466.68,05,subwp,123,1,E2.1,E2.1-R0,False,subwp,123,05,1,560434251,col_return,return,350.368,0,0,"[0.0, 4.668076371300249]"
2232,goal_224,2,exito,16521,2487.8,05,subwp,123,1,E2.1,E2.1-R0,False,subwp,123,05,2,3094273521,exito,,528.672,0,0,"[0.0, 24.21277072198192]"
2233,goal_224,3,exito,16526,2488.81,05,subwp,123,1,E2.1,E2.1-R0,False,subwp,123,05,3,3479825767,exito,,528.832,0,0,"[0.0, 12.018079258880029]"
2234,goal_224,4,col_return,11465,1524.53,05,subwp,123,1,E2.1,E2.1-R0,False,subwp,123,05,4,1359837380,col_return,return,366.88,0,0,"[0.0, -24.02732306355499]"
2235,goal_224,5,exito,16521,2488.78,05,subwp,123,1,E2.1,E2.1-R0,False,subwp,123,05,5,638208082,exito,,528.672,0,0,"[0.0, 0.21588913695890888]"
2236,goal_224,6,exito,16526,2486.6,05,subwp,123,1,E2.1,E2.1-R0,False,subwp,123,05,6,3204651496,exito,,528.832,0,0,"[0.0, 22.24743531052824]"
2237,goal_224,7,exito,16526,2480.7,05,subwp,123,1,E2.1,E2.1-R0,False,subwp,123,05,7,3355715966,exito,,528.832,0,0,"[0.0, 2.1324691762644044]"
2238,goal_224,8,col_return,10937,1458.53,05,subwp,123,1,E2.1,E2.1-R0,False,subwp,123,05,8,1488663791,col_return,return,349.984,0,0,"[0.0, -9.076500785279638]"
2239,goal_224,9,exito,16521,2487.47,05,subwp,123,1,E2.1,E2.1-R0,False,subwp,123,05,9,800851065,exito,,528.672,0,0,"[0.0, 13.467700129298972]"
2240,goal_224,10,exito,16526,2487.65,05,subwp,123,1,E2.1,E2.1-R0,False,subwp,123,05,10,368320693,exito,,528.832,0,0,"[0.0, 0.17995128316977693]"
2241,goal_225,1,col_return,11541,1545.54,05,subwp,123,1,E2.1,E2.1-R0,False,subwp,123,05,1,606640846,col_return,return,369.312,0,0,"[0.0, -15.810885152070352]"
2242,goal_225,2,exito,16736,2514.69,05,subwp,123,1,E2.1,E2.1-R0,False,subwp,123,05,2,3173108596,exito,,535.552,0,0,"[0.0, -23.25716091509102]"
2243,goal_225,3,exito,16740,2475.56,05,subwp,123,1,E2.1,E2.1-R0,False,subwp,123,05,3,3391552482,exito,,535.68,0,0,"[0.0, -17.242922362267162]"
2244,goal_225,4,col_return,11524,1545.56,05,subwp,123,1,E2.1,E2.1-R0,False,subwp,123,05,4,1413639745,col_return,return,368.768,0,0,"[0.0, -4.897035825081522]"
2245,goal_225,5,exito,16735,2514.71,05,subwp,123,1,E2.1,E2.1-R0,False,subwp,123,05,5,591748823,exito,,535.52,0,0,"[0.0, -26.52064686065035]"
2246,goal_225,6,exito,16740,2475.02,05,subwp,123,1,E2.1,E2.1-R0,False,subwp,123,05,6,3125546861,exito,,535.68,0,0,"[0.0, 4.475921630773052]"
2247,goal_225,7,col_return,11544,1535.76,05,subwp,123,1,E2.1,E2.1-R0,False,subwp,123,05,7,3444260859,col_return,return,369.408,0,0,"[0.0, 13.059752798947006]"
2248,goal_225,8,exito,16736,2514.7,05,subwp,123,1,E2.1,E2.1-R0,False,subwp,123,05,8,1576280682,exito,,535.552,0,0,"[0.0, -20.387401421905004]"
2249,goal_225,9,col_approach,2418,162.18,05,subwp,123,1,E2.1,E2.1-R0,False,subwp,123,05,9,720573180,col_approach,approach,77.376,0,0,"[0.0, 15.220611989179062]"
2250,goal_225,10,col_return,11169,1497.91,05,subwp,123,1,E2.1,E2.1-R0,False,subwp,123,05,10,2284001292,col_return,return,357.408,0,0,"[0.0, 28.981778927648108]"
2251,goal_226,1,exito,16779,2521.28,05,subwp,123,1,E2.1,E2.1-R0,False,subwp,123,05,1,636154105,exito,,536.928,0,0,"[0.0, -18.504925622317906]"
2252,goal_226,2,col_approach,2846,204.48,05,subwp,123,1,E2.1,E2.1-R0,False,subwp,123,05,2,3169034563,col_approach,approach,91.072,0,0,"[0.0, -9.226079465961568]"
2253,goal_226,3,exito,16779,2521.73,05,subwp,123,1,E2.1,E2.1-R0,False,subwp,123,05,3,3420754389,exito,,536.928,0,0,"[0.0, -7.498751429205292]"
2254,goal_226,4,exito,16784,2521.98,05,subwp,123,1,E2.1,E2.1-R0,False,subwp,123,05,4,1434453110,exito,,537.088,0,0,"[0.0, 19.179428267984516]"
2255,goal_226,5,col_approach,2780,211.68,05,subwp,123,1,E2.1,E2.1-R0,False,subwp,123,05,5,579286240,col_approach,approach,88.96,0,0,"[0.0, -5.982641320160318]"
2256,goal_226,6,col_return,11392,1516.92,05,subwp,123,1,E2.1,E2.1-R0,False,subwp,123,05,6,3146671450,col_return,return,364.544,0,0,"[0.0, 21.096014026710474]"
2257,goal_226,7,exito,16779,2521.82,05,subwp,123,1,E2.1,E2.1-R0,False,subwp,123,05,7,3431552460,exito,,536.928,0,0,"[0.0, 8.0383150448268]"
2258,goal_226,8,exito,16784,2515.09,05,subwp,123,1,E2.1,E2.1-R0,False,subwp,123,05,8,1547061341,exito,,537.088,0,0,"[0.0, 25.931115001876716]"
2259,goal_226,9,col_return,11416,1519.72,05,subwp,123,1,E2.1,E2.1-R0,False,subwp,123,05,9,724662475,col_return,return,365.312,0,0,"[0.0, -16.586895882239677]"
2260,goal_226,10,exito,16778,2521.99,05,subwp,123,1,E2.1,E2.1-R0,False,subwp,123,05,10,815759209,exito,,536.896,0,0,"[0.0, -2.928614402413703]"
2261,goal_227,1,col_approach,2316,137.43,05,subwp,123,1,E2.1,E2.1-R0,False,subwp,123,05,1,665603744,col_approach,approach,74.112,0,0,"[0.0, 11.17445523262252]"
2262,goal_227,2,col_return,11220,1500.11,05,subwp,123,1,E2.1,E2.1-R0,False,subwp,123,05,2,3198492442,col_return,return,359.04,0,0,"[0.0, 0.3625136932273354]"
2263,goal_227,3,exito,16945,2542.9,05,subwp,123,1,E2.1,E2.1-R0,False,subwp,123,05,3,3382849420,exito,,542.24,0,0,"[0.0, 18.352058968897794]"
2264,goal_227,4,exito,16950,2537.03,05,subwp,123,1,E2.1,E2.1-R0,False,subwp,123,05,4,1472641583,exito,,542.4,0,0,"[0.0, 20.49511892241115]"
2265,goal_227,5,col_return,11169,1491.92,05,subwp,123,1,E2.1,E2.1-R0,False,subwp,123,05,5,549554873,col_return,return,357.408,0,0,"[0.0, -18.665506192677665]"
2266,goal_227,6,exito,16945,2542.99,05,subwp,123,1,E2.1,E2.1-R0,False,subwp,123,05,6,3116948227,exito,,542.24,0,0,"[0.0, -7.510730946343605]"
2267,goal_227,7,exito,16951,2534.41,05,subwp,123,1,E2.1,E2.1-R0,False,subwp,123,05,7,3469732757,exito,,542.432,0,0,"[0.0, -19.55764577016117]"
2268,goal_227,8,col_return,11128,1487.24,05,subwp,123,1,E2.1,E2.1-R0,False,subwp,123,05,8,1584461316,col_return,return,356.096,0,0,"[0.0, 25.51860231589177]"
2269,goal_227,9,exito,16945,2543.0,05,subwp,123,1,E2.1,E2.1-R0,False,subwp,123,05,9,695715474,exito,,542.24,0,0,"[0.0, 8.466386857853145]"
2270,goal_227,10,exito,16950,2532.3,05,subwp,123,1,E2.1,E2.1-R0,False,subwp,123,05,10,573231239,exito,,542.4,0,0,"[0.0, -29.80597773549014]"
2271,goal_228,1,col_return,11140,1493.57,05,subwp,123,1,E2.1,E2.1-R0,False,subwp,123,05,1,644752535,col_return,return,356.48,0,0,"[0.0, 18.15620005183962]"
2272,goal_228,2,exito,16990,2541.76,05,subwp,123,1,E2.1,E2.1-R0,False,subwp,123,05,2,3211228461,exito,,543.68,0,0,"[0.0, 4.541842609014934]"
2273,goal_228,3,exito,16995,2526.49,05,subwp,123,1,E2.1,E2.1-R0,False,subwp,123,05,3,3361752507,exito,,543.84,0,0,"[0.0, -5.484618817986715]"
2274,goal_228,4,exito,16995,2527.08,05,subwp,123,1,E2.1,E2.1-R0,False,subwp,123,05,4,1443155992,exito,,543.84,0,0,"[0.0, 10.496236886812515]"
2275,goal_228,5,exito,16995,2552.03,05,subwp,123,1,E2.1,E2.1-R0,False,subwp,123,05,5,553902222,exito,,543.84,0,0,"[0.0, 13.629924433715042]"
2276,goal_228,6,exito,16995,2527.93,05,subwp,123,1,E2.1,E2.1-R0,False,subwp,123,05,6,3087708468,exito,,543.84,0,0,"[0.0, 9.305908831240792]"
2277,goal_228,7,col_return,11842,1584.49,05,subwp,123,1,E2.1,E2.1-R0,False,subwp,123,05,7,3473768866,col_return,return,378.944,0,0,"[0.0, 14.464940581896835]"
2278,goal_228,8,exito,16990,2551.88,05,subwp,123,1,E2.1,E2.1-R0,False,subwp,123,05,8,1605540915,exito,,543.68,0,0,"[0.0, -8.939900818101293]"
2279,goal_228,9,exito,16995,2549.34,05,subwp,123,1,E2.1,E2.1-R0,False,subwp,123,05,9,682994853,exito,,543.84,0,0,"[0.0, 5.784415138473213]"
2280,goal_228,10,col_return,11434,1524.34,05,subwp,123,1,E2.1,E2.1-R0,False,subwp,123,05,10,2593568738,col_return,return,365.888,0,0,"[0.0, -6.960908833500509]"
2281,goal_229,1,exito,16656,2519.34,05,subwp,123,1,E2.1,E2.1-R0,False,subwp,123,05,1,758277034,exito,,532.992,0,0,"[0.0, 10.909579395164876]"
2282,goal_229,2,exito,16660,2519.06,05,subwp,123,1,E2.1,E2.1-R0,False,subwp,123,05,2,3023778320,exito,,533.12,0,0,"[0.0, 19.085243452022638]"
2283,goal_229,3,col_return,11380,1537.98,05,subwp,123,1,E2.1,E2.1-R0,False,subwp,123,05,3,3275489926,col_return,return,364.16,0,0,"[0.0, -16.320062139913844]"
2284,goal_229,4,exito,16655,2519.1,05,subwp,123,1,E2.1,E2.1-R0,False,subwp,123,05,4,1566086949,exito,,532.96,0,0,"[0.0, -12.510427521167323]"
2285,goal_229,5,exito,16661,2519.21,05,subwp,123,1,E2.1,E2.1-R0,False,subwp,123,05,5,710911923,exito,,533.152,0,0,"[0.0, 8.004513543589857]"
2286,goal_229,6,col_return,11532,1556.61,05,subwp,123,1,E2.1,E2.1-R0,False,subwp,123,05,6,3008820745,col_return,return,369.024,0,0,"[0.0, 17.713878413422375]"
2287,goal_229,7,exito,16654,2519.14,05,subwp,123,1,E2.1,E2.1-R0,False,subwp,123,05,7,3293693599,exito,,532.928,0,0,"[0.0, 18.7877674624083]"
2288,goal_229,8,exito,16660,2519.2,05,subwp,123,1,E2.1,E2.1-R0,False,subwp,123,05,8,1424939790,exito,,533.12,0,0,"[0.0, 13.690714134480142]"
2289,goal_229,9,col_return,11601,1568.52,05,subwp,123,1,E2.1,E2.1-R0,False,subwp,123,05,9,602532760,col_return,return,371.232,0,0,"[0.0, 2.184978814464673]"
2290,goal_229,10,exito,16656,2519.1,05,subwp,123,1,E2.1,E2.1-R0,False,subwp,123,05,10,3270879156,exito,,532.992,0,0,"[0.0, -8.912359330926098]"
2291,goal_230,1,exito,16697,2526.18,05,subwp,123,1,E2.1,E2.1-R0,False,subwp,123,05,1,753928605,exito,,534.304,0,0,"[0.0, 14.617792907860512]"
2292,goal_230,2,col_return,11638,1576.54,05,subwp,123,1,E2.1,E2.1-R0,False,subwp,123,05,2,3053017127,col_return,return,372.416,0,0,"[0.0, -28.068193043888527]"
2293,goal_230,3,exito,16691,2526.0,05,subwp,123,1,E2.1,E2.1-R0,False,subwp,123,05,3,3271452849,exito,,534.112,0,0,"[0.0, 29.14656447701202]"
2294,goal_230,4,exito,16697,2526.17,05,subwp,123,1,E2.1,E2.1-R0,False,subwp,123,05,4,1553661202,exito,,534.304,0,0,"[0.0, 8.027565802084414]"
2295,goal_230,5,col_return,11644,1565.3,05,subwp,123,1,E2.1,E2.1-R0,False,subwp,123,05,5,731762052,col_return,return,372.608,0,0,"[0.0, 26.01987723133123]"
2296,goal_230,6,exito,16692,2526.02,05,subwp,123,1,E2.1,E2.1-R0,False,subwp,123,05,6,2996083774,exito,,534.144,0,0,"[0.0, 5.260545955928153]"
2297,goal_230,7,exito,16697,2526.14,05,subwp,123,1,E2.1,E2.1-R0,False,subwp,123,05,7,3314789544,exito,,534.304,0,0,"[0.0, 9.136678755356574]"
2298,goal_230,8,col_return,11618,1567.71,05,subwp,123,1,E2.1,E2.1-R0,False,subwp,123,05,8,1428992313,col_return,return,371.776,0,0,"[0.0, 27.584061505967473]"
2299,goal_230,9,exito,16692,2526.07,05,subwp,123,1,E2.1,E2.1-R0,False,subwp,123,05,9,573276591,exito,,534.144,0,0,"[0.0, 16.4721556399692]"
2300,goal_230,10,exito,16697,2526.13,05,subwp,123,1,E2.1,E2.1-R0,False,subwp,123,05,10,2051653841,exito,,534.304,0,0,"[0.0, 0.13116868973797047]"
2301,goal_231,1,col_return,11526,1556.53,05,subwp,123,1,E2.1,E2.1-R0,False,subwp,123,05,1,2610779511,col_return,return,368.832,0,0,"[0.0, -25.089205499753376]"
2302,goal_231,2,exito,16535,2499.31,05,subwp,123,1,E2.1,E2.1-R0,False,subwp,123,05,2,43254989,exito,,529.12,0,0,"[0.0, -2.79311276236609]"
2303,goal_231,3,exito,16543,2500.22,05,subwp,123,1,E2.1,E2.1-R0,False,subwp,123,05,3,1972581467,exito,,529.376,0,0,"[0.0, 22.8560314890368]"
2304,goal_231,4,exito,16541,2493.37,05,subwp,123,1,E2.1,E2.1-R0,False,subwp,123,05,4,3958874616,exito,,529.312,0,0,"[0.0, -9.538538543426423]"
2305,goal_231,5,col_return,10954,1474.86,05,subwp,123,1,E2.1,E2.1-R0,False,subwp,123,05,5,2633011566,col_return,return,350.528,0,0,"[0.0, -18.639751092151805]"
2306,goal_231,6,exito,16535,2499.32,05,subwp,123,1,E2.1,E2.1-R0,False,subwp,123,05,6,100253908,exito,,529.12,0,0,"[0.0, 9.217871618633314]"
2307,goal_231,7,exito,16541,2499.47,05,subwp,123,1,E2.1,E2.1-R0,False,subwp,123,05,7,1929310274,exito,,529.312,0,0,"[0.0, -23.08223111211375]"
2308,goal_231,8,col_return,11452,1537.78,05,subwp,123,1,E2.1,E2.1-R0,False,subwp,123,05,8,3795971539,col_return,return,366.464,0,0,"[0.0, 23.255127660521225]"
2309,goal_231,9,exito,16535,2499.33,05,subwp,123,1,E2.1,E2.1-R0,False,subwp,123,05,9,2504449349,exito,,529.12,0,0,"[0.0, 11.542895371812127]"
2310,goal_231,10,exito,16541,2499.49,05,subwp,123,1,E2.1,E2.1-R0,False,subwp,123,05,10,975283947,exito,,529.312,0,0,"[0.0, 22.44598104588245]"
2311,goal_232,1,exito,16602,2490.91,05,subwp,123,1,E2.1,E2.1-R0,False,subwp,123,05,1,2589933376,exito,,531.264,0,0,"[0.0, 4.124766093025789]"
2312,goal_232,2,col_return,10902,1470.36,05,subwp,123,1,E2.1,E2.1-R0,False,subwp,123,05,2,55996154,col_return,return,348.864,0,0,"[0.0, -20.733734263331012]"
2313,goal_232,3,exito,16597,2511.75,05,subwp,123,1,E2.1,E2.1-R0,False,subwp,123,05,3,1951489644,exito,,531.104,0,0,"[0.0, -20.22198785175562]"
2314,goal_232,4,exito,16604,2511.94,05,subwp,123,1,E2.1,E2.1-R0,False,subwp,123,05,4,3929394127,exito,,531.328,0,0,"[0.0, 20.972617493633667]"
2315,goal_232,5,col_return,11365,1523.18,05,subwp,123,1,E2.1,E2.1-R0,False,subwp,123,05,5,2637364057,col_return,return,363.68,0,0,"[0.0, 4.596628773024227]"
2316,goal_232,6,exito,16597,2511.74,05,subwp,123,1,E2.1,E2.1-R0,False,subwp,123,05,6,71019235,exito,,531.104,0,0,"[0.0, -18.56278829994476]"
2317,goal_232,7,exito,16604,2511.93,05,subwp,123,1,E2.1,E2.1-R0,False,subwp,123,05,7,1933351541,exito,,531.328,0,0,"[0.0, -19.785509269532298]"
2318,goal_232,8,col_return,11579,1556.13,05,subwp,123,1,E2.1,E2.1-R0,False,subwp,123,05,8,3817048036,col_return,return,370.528,0,0,"[0.0, 7.799060175254759]"
2319,goal_232,9,exito,16598,2511.84,05,subwp,123,1,E2.1,E2.1-R0,False,subwp,123,05,9,2491725682,exito,,531.136,0,0,"[0.0, 3.3231728497966695]"
2320,goal_232,10,exito,16604,2511.92,05,subwp,123,1,E2.1,E2.1-R0,False,subwp,123,05,10,2191376782,exito,,531.328,0,0,"[0.0, -2.015206661811595]"
2321,goal_233,1,exito,16296,2458.77,05,subwp,123,1,E2.1,E2.1-R0,False,subwp,123,05,1,2551808281,exito,,521.472,0,0,"[0.0, -27.4711122602188]"
2322,goal_233,2,col_return,10884,1452.57,05,subwp,123,1,E2.1,E2.1-R0,False,subwp,123,05,2,17879203,col_return,return,348.288,0,0,"[0.0, -27.19351888407505]"
2323,goal_233,3,exito,16292,2461.74,05,subwp,123,1,E2.1,E2.1-R0,False,subwp,123,05,3,1981276213,exito,,521.344,0,0,"[0.0, 29.463898528178827]"
2324,goal_233,4,exito,16297,2461.94,05,subwp,123,1,E2.1,E2.1-R0,False,subwp,123,05,4,3899880854,exito,,521.504,0,0,"[0.0, -2.058445431625384]"
2325,goal_233,5,exito,16297,2461.81,05,subwp,123,1,E2.1,E2.1-R0,False,subwp,123,05,5,2675197184,exito,,521.504,0,0,"[0.0, -27.47391215417068]"
2326,goal_233,6,col_return,10986,1475.53,05,subwp,123,1,E2.1,E2.1-R0,False,subwp,123,05,6,108860602,col_return,return,351.552,0,0,"[0.0, -14.280423352867494]"
2327,goal_233,7,exito,16292,2461.76,05,subwp,123,1,E2.1,E2.1-R0,False,subwp,123,05,7,1903830060,exito,,521.344,0,0,"[0.0, -9.319769209190042]"
2328,goal_233,8,exito,16296,2462.01,05,subwp,123,1,E2.1,E2.1-R0,False,subwp,123,05,8,3787798973,exito,,521.472,0,0,"[0.0, -4.626812659123711]"
2329,goal_233,9,exito,16297,2461.74,05,subwp,123,1,E2.1,E2.1-R0,False,subwp,123,05,9,2529298731,exito,,521.504,0,0,"[0.0, 9.049961420297523]"
2330,goal_233,10,col_return,11047,1483.02,05,subwp,123,1,E2.1,E2.1-R0,False,subwp,123,05,10,2418568800,col_return,return,353.504,0,0,"[0.0, 16.42716626247384]"
2331,goal_234,1,exito,16340,2477.67,05,subwp,123,1,E2.1,E2.1-R0,False,subwp,123,05,1,2581326638,exito,,522.88,0,0,"[0.0, -18.06457265186325]"
2332,goal_234,2,exito,16345,2477.78,05,subwp,123,1,E2.1,E2.1-R0,False,subwp,123,05,2,13810324,exito,,523.04,0,0,"[0.0, -20.99671107382491]"
2333,goal_234,3,exito,16345,2477.77,05,subwp,123,1,E2.1,E2.1-R0,False,subwp,123,05,3,2010483202,exito,,523.04,0,0,"[0.0, 8.696258713834764]"
2334,goal_234,4,col_return,11031,1491.12,05,subwp,123,1,E2.1,E2.1-R0,False,subwp,123,05,4,3920699297,col_return,return,352.992,0,0,"[0.0, -19.041410552436663]"
2335,goal_234,5,exito,16340,2477.67,05,subwp,123,1,E2.1,E2.1-R0,False,subwp,123,05,5,2662739767,exito,,522.88,0,0,"[0.0, 27.835810547500778]"
2336,goal_234,6,exito,16345,2477.7,05,subwp,123,1,E2.1,E2.1-R0,False,subwp,123,05,6,129990285,exito,,523.04,0,0,"[0.0, 7.272052475252542]"
2337,goal_234,7,exito,16345,2477.55,05,subwp,123,1,E2.1,E2.1-R0,False,subwp,123,05,7,1891126811,exito,,523.04,0,0,"[0.0, -12.994546425251174]"
2338,goal_234,8,col_return,11007,1481.36,05,subwp,123,1,E2.1,E2.1-R0,False,subwp,123,05,8,3758576522,col_return,return,352.224,0,0,"[0.0, -14.988512542248351]"
2339,goal_234,9,exito,16339,2477.62,05,subwp,123,1,E2.1,E2.1-R0,False,subwp,123,05,9,2533384988,exito,,522.848,0,0,"[0.0, -10.97898957934196]"
2340,goal_234,10,exito,16345,2477.68,05,subwp,123,1,E2.1,E2.1-R0,False,subwp,123,05,10,680790277,exito,,523.04,0,0,"[0.0, 6.606808268238218]"
2341,goal_235,1,exito,16041,2427.04,05,subwp,123,1,E2.1,E2.1-R0,False,subwp,123,05,1,2627009963,exito,,513.312,0,0,"[0.0, 10.621224680068213]"
2342,goal_235,2,col_return,10990,1467.75,05,subwp,123,1,E2.1,E2.1-R0,False,subwp,123,05,2,94219281,col_return,return,351.68,0,0,"[0.0, 24.29905731921762]"
2343,goal_235,3,exito,16036,2426.83,05,subwp,123,1,E2.1,E2.1-R0,False,subwp,123,05,3,1922735239,exito,,513.152,0,0,"[0.0, -17.22758683297141]"
2344,goal_235,4,exito,16040,2426.89,05,subwp,123,1,E2.1,E2.1-R0,False,subwp,123,05,4,3976071460,exito,,513.28,0,0,"[0.0, -11.10896972474296]"
2345,goal_235,5,exito,16040,2426.89,05,subwp,123,1,E2.1,E2.1-R0,False,subwp,123,05,5,2616801714,exito,,513.28,0,0,"[0.0, -0.5475807650570319]"
2346,goal_235,6,exito,16040,2426.91,05,subwp,123,1,E2.1,E2.1-R0,False,subwp,123,05,6,49309704,exito,,513.28,0,0,"[0.0, -1.0398226160156043]"
2347,goal_235,7,col_return,10904,1462.3,05,subwp,123,1,E2.1,E2.1-R0,False,subwp,123,05,7,1979144350,col_return,return,348.928,0,0,"[0.0, 13.894831838717423]"
2348,goal_235,8,exito,16034,2427.12,05,subwp,123,1,E2.1,E2.1-R0,False,subwp,123,05,8,3846718735,exito,,513.088,0,0,"[0.0, 7.301047964104923]"
2349,goal_235,9,exito,16040,2427.01,05,subwp,123,1,E2.1,E2.1-R0,False,subwp,123,05,9,2454680985,exito,,513.28,0,0,"[0.0, -22.753555558446187]"
2350,goal_235,10,exito,16040,2426.92,05,subwp,123,1,E2.1,E2.1-R0,False,subwp,123,05,10,3041079740,exito,,513.28,0,0,"[0.0, -26.298381037117366]"
2351,goal_236,1,exito,16107,2441.92,05,subwp,123,1,E2.1,E2.1-R0,False,subwp,123,05,1,2639697820,exito,,515.424,0,0,"[0.0, 10.587382876766885]"
2352,goal_236,2,col_return,10875,1463.74,05,subwp,123,1,E2.1,E2.1-R0,False,subwp,123,05,2,73385510,col_return,return,348.0,0,0,"[0.0, 9.475293284379658]"
2353,goal_236,3,exito,16101,2442.21,05,subwp,123,1,E2.1,E2.1-R0,False,subwp,123,05,3,1935210160,exito,,515.232,0,0,"[0.0, -21.562832906951254]"
2354,goal_236,4,exito,16107,2442.35,05,subwp,123,1,E2.1,E2.1-R0,False,subwp,123,05,4,3980157715,exito,,515.424,0,0,"[0.0, -6.199186714423]"
2355,goal_236,5,exito,16107,2442.34,05,subwp,123,1,E2.1,E2.1-R0,False,subwp,123,05,5,2587579269,exito,,515.424,0,0,"[0.0, -4.056975625157715]"
2356,goal_236,6,exito,16107,2434.16,05,subwp,123,1,E2.1,E2.1-R0,False,subwp,123,05,6,53609023,exito,,515.424,0,0,"[0.0, 9.010427664476959]"
2357,goal_236,7,col_return,10721,1446.7,05,subwp,123,1,E2.1,E2.1-R0,False,subwp,123,05,7,1949643433,col_return,return,343.072,0,0,"[0.0, 9.722512698197384]"
2358,goal_236,8,exito,16102,2442.23,05,subwp,123,1,E2.1,E2.1-R0,False,subwp,123,05,8,3834261304,exito,,515.264,0,0,"[0.0, -19.52565473612165]"
2359,goal_236,9,exito,16107,2442.34,05,subwp,123,1,E2.1,E2.1-R0,False,subwp,123,05,9,2475499438,exito,,515.424,0,0,"[0.0, -4.36093977223202]"
2360,goal_236,10,exito,16107,2442.34,05,subwp,123,1,E2.1,E2.1-R0,False,subwp,123,05,10,234837721,exito,,515.424,0,0,"[0.0, 14.457128079180068]"
2361,goal_237,1,exito,15828,2391.96,05,subwp,123,1,E2.1,E2.1-R0,False,subwp,123,05,1,2668636613,exito,,506.496,0,0,"[0.0, 9.152774139829805]"
2362,goal_237,2,col_return,10646,1428.68,05,subwp,123,1,E2.1,E2.1-R0,False,subwp,123,05,2,102332543,col_return,return,340.672,0,0,"[0.0, -14.691957209748352]"
2363,goal_237,3,exito,15823,2394.69,05,subwp,123,1,E2.1,E2.1-R0,False,subwp,123,05,3,1897810153,exito,,506.336,0,0,"[0.0, 8.018714306059172]"
2364,goal_237,4,exito,15828,2395.11,05,subwp,123,1,E2.1,E2.1-R0,False,subwp,123,05,4,4017806666,exito,,506.496,0,0,"[0.0, -4.235372292456223]"
2365,goal_237,5,exito,15828,2394.92,05,subwp,123,1,E2.1,E2.1-R0,False,subwp,123,05,5,2558389724,exito,,506.496,0,0,"[0.0, -25.726081253288616]"
2366,goal_237,6,exito,15828,2394.99,05,subwp,123,1,E2.1,E2.1-R0,False,subwp,123,05,6,24427622,exito,,506.496,0,0,"[0.0, -7.099388169816255]"
2367,goal_237,7,exito,15828,2394.81,05,subwp,123,1,E2.1,E2.1-R0,False,subwp,123,05,7,1987284208,exito,,506.496,0,0,"[0.0, 20.14247208894019]"
2368,goal_237,8,col_return,10750,1439.83,05,subwp,123,1,E2.1,E2.1-R0,False,subwp,123,05,8,3872166241,col_return,return,344.0,0,0,"[0.0, 0.521721631798806]"
2369,goal_237,9,exito,15823,2394.68,05,subwp,123,1,E2.1,E2.1-R0,False,subwp,123,05,9,2446041591,exito,,506.336,0,0,"[0.0, 26.567446493575616]"
2370,goal_237,10,exito,15828,2395.06,05,subwp,123,1,E2.1,E2.1-R0,False,subwp,123,05,10,525007159,exito,,506.496,0,0,"[0.0, -3.2439694310181233]"
2371,goal_238,1,exito,15878,2410.58,05,subwp,123,1,E2.1,E2.1-R0,False,subwp,123,05,1,2664580082,exito,,508.096,0,0,"[0.0, 17.044590972914506]"
2372,goal_238,2,exito,15878,2410.54,05,subwp,123,1,E2.1,E2.1-R0,False,subwp,123,05,2,131797576,exito,,508.096,0,0,"[0.0, 17.099669686639665]"
2373,goal_238,3,exito,15878,2410.19,05,subwp,123,1,E2.1,E2.1-R0,False,subwp,123,05,3,1893475038,exito,,508.096,0,0,"[0.0, 29.351447390953204]"
2374,goal_238,4,col_return,10763,1448.14,05,subwp,123,1,E2.1,E2.1-R0,False,subwp,123,05,4,4005083005,col_return,return,344.416,0,0,"[0.0, 21.016021533739508]"
2375,goal_238,5,exito,15872,2410.44,05,subwp,123,1,E2.1,E2.1-R0,False,subwp,123,05,5,2579466219,exito,,507.904,0,0,"[0.0, -29.53688308548846]"
2376,goal_238,6,exito,15878,2410.54,05,subwp,123,1,E2.1,E2.1-R0,False,subwp,123,05,6,11982417,exito,,508.096,0,0,"[0.0, 6.017760898462294]"
2377,goal_238,7,exito,15878,2410.53,05,subwp,123,1,E2.1,E2.1-R0,False,subwp,123,05,7,2008147655,exito,,508.096,0,0,"[0.0, -21.348167403214664]"
2378,goal_238,8,exito,15878,2410.52,05,subwp,123,1,E2.1,E2.1-R0,False,subwp,123,05,8,3876518742,exito,,508.096,0,0,"[0.0, -7.8167446186811524]"
2379,goal_238,9,exito,15878,2408.2,05,subwp,123,1,E2.1,E2.1-R0,False,subwp,123,05,9,2416561088,exito,,508.096,0,0,"[0.0, -10.800311196646941]"
2380,goal_238,10,col_return,10692,1436.04,05,subwp,123,1,E2.1,E2.1-R0,False,subwp,123,05,10,2817957458,col_return,return,342.144,0,0,"[0.0, 12.183983640325202]"
2381,goal_239,1,exito,15560,2358.97,05,subwp,123,1,E2.1,E2.1-R0,False,subwp,123,05,1,2509112527,exito,,497.92,0,0,"[0.0, 29.48363939535272]"
2382,goal_239,2,exito,15566,2359.25,05,subwp,123,1,E2.1,E2.1-R0,False,subwp,123,05,2,210195829,exito,,498.112,0,0,"[0.0, 29.39153415380327]"
2383,goal_239,3,exito,15566,2359.25,05,subwp,123,1,E2.1,E2.1-R0,False,subwp,123,05,3,2072012259,exito,,498.112,0,0,"[0.0, 25.432852277067564]"
2384,goal_239,4,exito,15566,2359.19,05,subwp,123,1,E2.1,E2.1-R0,False,subwp,123,05,4,3856986176,exito,,498.112,0,0,"[0.0, 13.498310152787232]"
2385,goal_239,5,exito,15566,2359.23,05,subwp,123,1,E2.1,E2.1-R0,False,subwp,123,05,5,2464399574,exito,,498.112,0,0,"[0.0, -29.887226041375158]"
2386,goal_239,6,exito,15566,2359.23,05,subwp,123,1,E2.1,E2.1-R0,False,subwp,123,05,6,199922028,exito,,498.112,0,0,"[0.0, 2.1863619383529076]"
2387,goal_239,7,exito,15566,2359.24,05,subwp,123,1,E2.1,E2.1-R0,False,subwp,123,05,7,2095948282,exito,,498.112,0,0,"[0.0, -4.064171577622702]"
2388,goal_239,8,exito,15566,2344.98,05,subwp,123,1,E2.1,E2.1-R0,False,subwp,123,05,8,3964845163,exito,,498.112,0,0,"[0.0, -2.236339310415192]"
2389,goal_239,9,col_return,10427,1384.89,05,subwp,123,1,E2.1,E2.1-R0,False,subwp,123,05,9,2606075133,col_return,return,333.664,0,0,"[0.0, -13.038833076172063]"
2390,goal_239,10,exito,15560,2358.98,05,subwp,123,1,E2.1,E2.1-R0,False,subwp,123,05,10,4287991300,exito,,497.92,0,0,"[0.0, -20.79876220106858]"
2391,goal_240,1,exito,15632,2377.26,05,subwp,123,1,E2.1,E2.1-R0,False,subwp,123,05,1,2488037112,exito,,500.224,0,0,"[0.0, -22.099206128045104]"
2392,goal_240,2,exito,15632,2377.2,05,subwp,123,1,E2.1,E2.1-R0,False,subwp,123,05,2,222641986,exito,,500.224,0,0,"[0.0, -20.582116875553012]"
2393,goal_240,3,exito,15632,2377.26,05,subwp,123,1,E2.1,E2.1-R0,False,subwp,123,05,3,2051149780,exito,,500.224,0,0,"[0.0, -7.309357591859551]"
2394,goal_240,4,exito,15632,2377.2,05,subwp,123,1,E2.1,E2.1-R0,False,subwp,123,05,4,3827735159,exito,,500.224,0,0,"[0.0, 16.22661719006919]"
2395,goal_240,5,exito,15632,2377.25,05,subwp,123,1,E2.1,E2.1-R0,False,subwp,123,05,5,2468457185,exito,,500.224,0,0,"[0.0, -7.2039727320467435]"
2396,goal_240,6,exito,15632,2374.65,05,subwp,123,1,E2.1,E2.1-R0,False,subwp,123,05,6,170457947,exito,,500.224,0,0,"[0.0, -20.678400011774684]"
2397,goal_240,7,col_return,10559,1418.66,05,subwp,123,1,E2.1,E2.1-R0,False,subwp,123,05,7,2100284365,col_return,return,337.888,0,0,"[0.0, 15.407374109836612]"
2398,goal_240,8,exito,15627,2377.18,05,subwp,123,1,E2.1,E2.1-R0,False,subwp,123,05,8,3985692252,exito,,500.064,0,0,"[0.0, -22.362288217589843]"
2399,goal_240,9,exito,15632,2377.0,05,subwp,123,1,E2.1,E2.1-R0,False,subwp,123,05,9,2593646282,exito,,500.224,0,0,"[0.0, -1.6313266303781115]"
2400,goal_240,10,exito,15632,2377.22,05,subwp,123,1,E2.1,E2.1-R0,False,subwp,123,05,10,1193929057,exito,,500.224,0,0,"[0.0, -3.9506880706162018]"
2401,goal_241,1,exito,15355,2328.68,05,subwp,123,1,E2.1,E2.1-R0,False,subwp,123,05,1,105541070,exito,,491.36,0,0,"[0.0, 17.34769420493723]"
2402,goal_241,2,exito,15355,2328.98,05,subwp,123,1,E2.1,E2.1-R0,False,subwp,123,05,2,2671983732,exito,,491.36,0,0,"[0.0, 2.9011013729494084]"
2403,goal_241,3,exito,15355,2328.99,05,subwp,123,1,E2.1,E2.1-R0,False,subwp,123,05,3,3896773858,exito,,491.36,0,0,"[0.0, -18.817367352845636]"
2404,goal_241,4,exito,15355,2328.98,05,subwp,123,1,E2.1,E2.1-R0,False,subwp,123,05,4,1981847873,exito,,491.36,0,0,"[0.0, -7.877624998976418]"
2405,goal_241,5,exito,15355,2328.97,05,subwp,123,1,E2.1,E2.1-R0,False,subwp,123,05,5,19376599,exito,,491.36,0,0,"[0.0, -26.653915654144967]"
2406,goal_241,6,exito,15354,2328.82,05,subwp,123,1,E2.1,E2.1-R0,False,subwp,123,05,6,2553215085,exito,,491.328,0,0,"[0.0, -20.912557895930515]"
2407,goal_241,7,exito,15355,2327.43,05,subwp,123,1,E2.1,E2.1-R0,False,subwp,123,05,7,4012493051,exito,,491.36,0,0,"[0.0, 23.57792929235184]"
2408,goal_241,8,exito,15355,2303.71,05,subwp,123,1,E2.1,E2.1-R0,False,subwp,123,05,8,2140591466,exito,,491.36,0,0,"[0.0, 8.422358226540403]"
2409,goal_241,9,col_return,10259,1375.62,05,subwp,123,1,E2.1,E2.1-R0,False,subwp,123,05,9,143779324,col_return,return,328.288,0,0,"[0.0, 17.662024431831632]"
2410,goal_241,10,exito,15348,2328.54,05,subwp,123,1,E2.1,E2.1-R0,False,subwp,123,05,10,2281798395,exito,,491.136,0,0,"[0.0, 3.319657579372941]"
2411,goal_242,1,exito,15403,2346.84,05,subwp,123,1,E2.1,E2.1-R0,False,subwp,123,05,1,126355449,exito,,492.896,0,0,"[0.0, -28.00386891004361]"
2412,goal_242,2,exito,15403,2346.83,05,subwp,123,1,E2.1,E2.1-R0,False,subwp,123,05,2,2659276355,exito,,492.896,0,0,"[0.0, 19.628557441659375]"
2413,goal_242,3,exito,15403,2346.84,05,subwp,123,1,E2.1,E2.1-R0,False,subwp,123,05,3,3917899477,exito,,492.896,0,0,"[0.0, -10.424627322489153]"
2414,goal_242,4,exito,15403,2346.84,05,subwp,123,1,E2.1,E2.1-R0,False,subwp,123,05,4,2011362166,exito,,492.896,0,0,"[0.0, 28.074844775247854]"
2415,goal_242,5,exito,15403,2346.81,05,subwp,123,1,E2.1,E2.1-R0,False,subwp,123,05,5,15057888,exito,,492.896,0,0,"[0.0, -19.232266995490768]"
2416,goal_242,6,exito,15403,2346.8,05,subwp,123,1,E2.1,E2.1-R0,False,subwp,123,05,6,2582418010,exito,,492.896,0,0,"[0.0, -5.054635753417108]"
2417,goal_242,7,exito,15403,2346.81,05,subwp,123,1,E2.1,E2.1-R0,False,subwp,123,05,7,4008420044,exito,,492.896,0,0,"[0.0, -1.9376120337571678]"
2418,goal_242,8,exito,15403,2346.82,05,subwp,123,1,E2.1,E2.1-R0,False,subwp,123,05,8,2119483229,exito,,492.896,0,0,"[0.0, -10.879223162881209]"
2419,goal_242,9,exito,15403,2346.84,05,subwp,123,1,E2.1,E2.1-R0,False,subwp,123,05,9,156471243,exito,,492.896,0,0,"[0.0, -27.56178264017523]"
2420,goal_242,10,exito,15403,2345.23,05,subwp,123,1,E2.1,E2.1-R0,False,subwp,123,05,10,817700254,exito,,492.896,0,0,"[0.0, -16.909656023887457]"
2421,goal_243,1,exito,15099,2288.76,05,subwp,123,1,E2.1,E2.1-R0,False,subwp,123,05,1,97434016,exito,,483.168,0,0,"[0.0, 26.865434733508277]"
2422,goal_243,2,exito,15097,2283.82,05,subwp,123,1,E2.1,E2.1-R0,False,subwp,123,05,2,2630346778,exito,,483.104,0,0,"[0.0, -22.599941250989833]"
2423,goal_243,3,exito,15099,2274.48,05,subwp,123,1,E2.1,E2.1-R0,False,subwp,123,05,3,3955284108,exito,,483.168,0,0,"[0.0, -11.68735302803164]"
2424,goal_243,4,exito,15098,2261.32,05,subwp,123,1,E2.1,E2.1-R0,False,subwp,123,05,4,1973701935,exito,,483.136,0,0,"[0.0, -1.895633979980258]"
2425,goal_243,5,col_return,10113,1348.15,05,subwp,123,1,E2.1,E2.1-R0,False,subwp,123,05,5,44268985,col_return,return,323.616,0,0,"[0.0, -17.38814328199047]"
2426,goal_243,6,exito,15091,2292.54,05,subwp,123,1,E2.1,E2.1-R0,False,subwp,123,05,6,2611620867,exito,,482.912,0,0,"[0.0, 27.794146720853544]"
2427,goal_243,7,exito,15099,2292.79,05,subwp,123,1,E2.1,E2.1-R0,False,subwp,123,05,7,3970768021,exito,,483.168,0,0,"[0.0, 8.466515733317872]"
2428,goal_243,8,exito,15097,2292.57,05,subwp,123,1,E2.1,E2.1-R0,False,subwp,123,05,8,2081554692,exito,,483.104,0,0,"[0.0, 17.84034082335519]"
2429,goal_243,9,exito,15099,2292.75,05,subwp,123,1,E2.1,E2.1-R0,False,subwp,123,05,9,185938322,exito,,483.168,0,0,"[0.0, -2.5293472176771914]"
2430,goal_243,10,exito,15097,2292.57,05,subwp,123,1,E2.1,E2.1-R0,False,subwp,123,05,10,570995312,exito,,483.104,0,0,"[0.0, 8.964243272261527]"
2431,goal_244,1,exito,15164,2311.06,05,subwp,123,1,E2.1,E2.1-R0,False,subwp,123,05,1,67949463,exito,,485.248,0,0,"[0.0, -19.620912493996286]"
2432,goal_244,2,exito,15164,2311.02,05,subwp,123,1,E2.1,E2.1-R0,False,subwp,123,05,2,2634383917,exito,,485.248,0,0,"[0.0, -8.859778750472099]"
2433,goal_244,3,exito,15164,2310.99,05,subwp,123,1,E2.1,E2.1-R0,False,subwp,123,05,3,3926045371,exito,,485.248,0,0,"[0.0, 6.608379612158166]"
2434,goal_244,4,exito,15164,2310.99,05,subwp,123,1,E2.1,E2.1-R0,False,subwp,123,05,4,1952851736,exito,,485.248,0,0,"[0.0, 22.873538823266337]"
2435,goal_244,5,exito,15164,2311.01,05,subwp,123,1,E2.1,E2.1-R0,False,subwp,123,05,5,56694670,exito,,485.248,0,0,"[0.0, -0.35519568331852325]"
2436,goal_244,6,exito,15164,2310.86,05,subwp,123,1,E2.1,E2.1-R0,False,subwp,123,05,6,2590524980,exito,,485.248,0,0,"[0.0, -16.401543708285306]"
2437,goal_244,7,exito,15164,2311.01,05,subwp,123,1,E2.1,E2.1-R0,False,subwp,123,05,7,3983505058,exito,,485.248,0,0,"[0.0, -18.50932385448224]"
2438,goal_244,8,exito,15164,2310.84,05,subwp,123,1,E2.1,E2.1-R0,False,subwp,123,05,8,2110810931,exito,,485.248,0,0,"[0.0, 20.962806015112328]"
2439,goal_244,9,exito,15164,2311.01,05,subwp,123,1,E2.1,E2.1-R0,False,subwp,123,05,9,181885861,exito,,485.248,0,0,"[0.0, -1.1862162033195434]"
2440,goal_244,10,exito,15164,2311.05,05,subwp,123,1,E2.1,E2.1-R0,False,subwp,123,05,10,2595542293,exito,,485.248,0,0,"[0.0, -25.075117533254947]"
2441,goal_245,1,exito,14864,2258.73,05,subwp,123,1,E2.1,E2.1-R0,False,subwp,123,05,1,21218578,exito,,475.648,0,0,"[0.0, 26.853691913541248]"
2442,goal_245,2,exito,14863,2258.56,05,subwp,123,1,E2.1,E2.1-R0,False,subwp,123,05,2,2555024552,exito,,475.616,0,0,"[0.0, 3.061820261172674]"
2443,goal_245,3,exito,14863,2258.55,05,subwp,123,1,E2.1,E2.1-R0,False,subwp,123,05,3,4014842942,exito,,475.616,0,0,"[0.0, -23.10864126377594]"
2444,goal_245,4,exito,14863,2258.54,05,subwp,123,1,E2.1,E2.1-R0,False,subwp,123,05,4,1898525085,exito,,475.616,0,0,"[0.0, -10.684954133550484]"
2445,goal_245,5,exito,14863,2258.57,05,subwp,123,1,E2.1,E2.1-R0,False,subwp,123,05,5,103678219,exito,,475.616,0,0,"[0.0, -13.20075473636535]"
2446,goal_245,6,exito,14863,2258.56,05,subwp,123,1,E2.1,E2.1-R0,False,subwp,123,05,6,2670153905,exito,,475.616,0,0,"[0.0, 15.943547981626258]"
2447,goal_245,7,exito,14863,2258.56,05,subwp,123,1,E2.1,E2.1-R0,False,subwp,123,05,7,3894435879,exito,,475.616,0,0,"[0.0, -6.905875810275061]"
2448,goal_245,8,exito,14863,2258.55,05,subwp,123,1,E2.1,E2.1-R0,False,subwp,123,05,8,2023718326,exito,,475.616,0,0,"[0.0, 26.902867863838143]"
2449,goal_245,9,exito,14865,2258.91,05,subwp,123,1,E2.1,E2.1-R0,False,subwp,123,05,9,261639456,exito,,475.68,0,0,"[0.0, 19.831883062372192]"
2450,goal_245,10,exito,14864,2258.83,05,subwp,123,1,E2.1,E2.1-R0,False,subwp,123,05,10,123989420,exito,,475.648,0,0,"[0.0, -16.55757456486436]"
2451,goal_246,1,exito,14914,2274.99,05,subwp,123,1,E2.1,E2.1-R0,False,subwp,123,05,1,8498981,exito,,477.248,0,0,"[0.0, -0.45560131807087956]"
2452,goal_246,2,exito,14914,2275.02,05,subwp,123,1,E2.1,E2.1-R0,False,subwp,123,05,2,2575892127,exito,,477.248,0,0,"[0.0, -21.48843505754545]"
2453,goal_246,3,exito,14914,2275.01,05,subwp,123,1,E2.1,E2.1-R0,False,subwp,123,05,3,4002401801,exito,,477.248,0,0,"[0.0, -6.463030939203593]"
2454,goal_246,4,exito,14914,2275.03,05,subwp,123,1,E2.1,E2.1-R0,False,subwp,123,05,4,1894472618,exito,,477.248,0,0,"[0.0, -16.62796077059233]"
2455,goal_246,5,exito,14914,2275.07,05,subwp,123,1,E2.1,E2.1-R0,False,subwp,123,05,5,132934460,exito,,477.248,0,0,"[0.0, -1.2354258781141314]"
2456,goal_246,6,exito,14914,2275.01,05,subwp,123,1,E2.1,E2.1-R0,False,subwp,123,05,6,2665822854,exito,,477.248,0,0,"[0.0, 13.933705986008164]"
2457,goal_246,7,exito,14914,2275.07,05,subwp,123,1,E2.1,E2.1-R0,False,subwp,123,05,7,3923905040,exito,,477.248,0,0,"[0.0, 0.7202756367413121]"
2458,goal_246,8,exito,14914,2275.03,05,subwp,123,1,E2.1,E2.1-R0,False,subwp,123,05,8,2036144001,exito,,477.248,0,0,"[0.0, -12.042713914018755]"
2459,goal_246,9,exito,14914,2275.05,05,subwp,123,1,E2.1,E2.1-R0,False,subwp,123,05,9,240789271,exito,,477.248,0,0,"[0.0, -12.357334923835097]"
2460,goal_246,10,exito,14914,2275.07,05,subwp,123,1,E2.1,E2.1-R0,False,subwp,123,05,10,3219098313,exito,,477.248,0,0,"[0.0, -23.90373651255313]"
2461,goal_247,1,exito,14645,2231.19,05,subwp,123,1,E2.1,E2.1-R0,False,subwp,123,05,1,46600572,exito,,468.64,0,0,"[0.0, -13.635943302228972]"
2462,goal_247,2,col_return,8785,1171.22,05,subwp,123,1,E2.1,E2.1-R0,False,subwp,123,05,2,2613985478,col_return,return,281.12,0,0,"[0.0, -4.496244949247304]"
2463,goal_247,3,exito,14639,2231.19,05,subwp,123,1,E2.1,E2.1-R0,False,subwp,123,05,3,3972624464,exito,,468.448,0,0,"[0.0, 23.918152859348]"
2464,goal_247,4,exito,14644,2231.32,05,subwp,123,1,E2.1,E2.1-R0,False,subwp,123,05,4,1923999219,exito,,468.608,0,0,"[0.0, -29.630966820607746]"
2465,goal_247,5,exito,14644,2231.4,05,subwp,123,1,E2.1,E2.1-R0,False,subwp,123,05,5,95081829,exito,,468.608,0,0,"[0.0, -2.3218769019591834]"
2466,goal_247,6,exito,14644,2231.32,05,subwp,123,1,E2.1,E2.1-R0,False,subwp,123,05,6,2627962079,exito,,468.608,0,0,"[0.0, 6.485382984962249]"
2467,goal_247,7,col_return,8851,1180.09,05,subwp,123,1,E2.1,E2.1-R0,False,subwp,123,05,7,3953439817,col_return,return,283.232,0,0,"[0.0, 29.957953690373046]"
2468,goal_247,8,exito,14639,2231.21,05,subwp,123,1,E2.1,E2.1-R0,False,subwp,123,05,8,2065410520,exito,,468.448,0,0,"[0.0, 26.986465018879468]"
2469,goal_247,9,exito,14644,2231.26,05,subwp,123,1,E2.1,E2.1-R0,False,subwp,123,05,9,203200846,exito,,468.608,0,0,"[0.0, 27.486781552857096]"
2470,goal_247,10,exito,14645,2231.16,05,subwp,123,1,E2.1,E2.1-R0,False,subwp,123,05,10,2909414695,exito,,468.64,0,0,"[0.0, 26.81127534353902]"
2471,goal_248,1,exito,14693,2248.64,05,subwp,123,1,E2.1,E2.1-R0,False,subwp,123,05,1,50690891,exito,,470.176,0,0,"[0.0, -27.093413740590762]"
2472,goal_248,2,col_return,8894,1191.32,05,subwp,123,1,E2.1,E2.1-R0,False,subwp,123,05,2,2584488689,col_return,return,284.608,0,0,"[0.0, 24.690099794200282]"
2473,goal_248,3,exito,14688,2248.47,05,subwp,123,1,E2.1,E2.1-R0,False,subwp,123,05,3,3976927847,exito,,470.016,0,0,"[0.0, -18.327094135473903]"
2474,goal_248,4,exito,14693,2248.57,05,subwp,123,1,E2.1,E2.1-R0,False,subwp,123,05,4,1936691140,exito,,470.176,0,0,"[0.0, -25.05364631771238]"
2475,goal_248,5,exito,14693,2248.57,05,subwp,123,1,E2.1,E2.1-R0,False,subwp,123,05,5,73973586,exito,,470.176,0,0,"[0.0, -27.665712544746697]"
2476,goal_248,6,exito,14693,2248.58,05,subwp,123,1,E2.1,E2.1-R0,False,subwp,123,05,6,2640441064,exito,,470.176,0,0,"[0.0, -3.919276717350102]"
2477,goal_248,7,exito,14693,2147.92,05,subwp,123,1,E2.1,E2.1-R0,False,subwp,123,05,7,3932610174,exito,,470.176,0,0,"[0.0, 29.652263069042075]"
2478,goal_248,8,col_return,8955,1203.96,05,subwp,123,1,E2.1,E2.1-R0,False,subwp,123,05,8,2061091823,col_return,return,286.56,0,0,"[0.0, 27.675300423789576]"
2479,goal_248,9,exito,14688,2248.45,05,subwp,123,1,E2.1,E2.1-R0,False,subwp,123,05,9,232715129,exito,,470.016,0,0,"[0.0, 8.79659208712917]"
2480,goal_248,10,exito,14693,2248.55,05,subwp,123,1,E2.1,E2.1-R0,False,subwp,123,05,10,366363202,exito,,470.176,0,0,"[0.0, -5.622494367080753]"
2481,goal_249,1,exito,14447,2201.16,05,subwp,123,1,E2.1,E2.1-R0,False,subwp,123,05,1,140065910,exito,,462.304,0,0,"[0.0, -4.657448960100956]"
2482,goal_249,2,col_return,8687,1157.47,05,subwp,123,1,E2.1,E2.1-R0,False,subwp,123,05,2,2437967308,col_return,return,277.984,0,0,"[0.0, -3.9130232219178707]"
2483,goal_249,3,exito,14440,2200.99,05,subwp,123,1,E2.1,E2.1-R0,False,subwp,123,05,3,3864485210,exito,,462.08,0,0,"[0.0, 24.708632471093015]"
2484,goal_249,4,exito,14448,2201.35,05,subwp,123,1,E2.1,E2.1-R0,False,subwp,123,05,4,2016659705,exito,,462.336,0,0,"[0.0, 8.52473117144098]"
2485,goal_249,5,col_return,8657,1147.0,05,subwp,123,1,E2.1,E2.1-R0,False,subwp,123,05,5,255129711,col_return,return,277.024,0,0,"[0.0, 14.745930752317026]"
2486,goal_249,6,exito,14441,2201.22,05,subwp,123,1,E2.1,E2.1-R0,False,subwp,123,05,6,2520623573,exito,,462.112,0,0,"[0.0, 22.475408986169253]"
2487,goal_249,7,exito,14449,2201.51,05,subwp,123,1,E2.1,E2.1-R0,False,subwp,123,05,7,3778713923,exito,,462.368,0,0,"[0.0, 7.120403343679371]"
2488,goal_249,8,col_return,8627,1144.85,05,subwp,123,1,E2.1,E2.1-R0,False,subwp,123,05,8,1904575698,col_return,return,276.064,0,0,"[0.0, -29.189578355812216]"
2489,goal_249,9,exito,14441,2201.21,05,subwp,123,1,E2.1,E2.1-R0,False,subwp,123,05,9,109229124,exito,,462.112,0,0,"[0.0, 7.737367156557111]"
2490,goal_249,10,exito,14447,2201.19,05,subwp,123,1,E2.1,E2.1-R0,False,subwp,123,05,10,1303728660,exito,,462.304,0,0,"[0.0, -1.471823449161076]"
2491,goal_250,1,col_return,8618,1152.37,05,subwp,123,1,E2.1,E2.1-R0,False,subwp,123,05,1,161175105,col_return,return,275.776,0,0,"[0.0, -1.9049765640185012]"
2492,goal_250,2,exito,14441,2210.72,05,subwp,123,1,E2.1,E2.1-R0,False,subwp,123,05,2,2425489403,exito,,462.112,0,0,"[0.0, -18.415144869485218]"
2493,goal_250,3,exito,14447,2210.65,05,subwp,123,1,E2.1,E2.1-R0,False,subwp,123,05,3,3885315949,exito,,462.304,0,0,"[0.0, -2.176135910161938]"
2494,goal_250,4,col_return,8616,1151.09,05,subwp,123,1,E2.1,E2.1-R0,False,subwp,123,05,4,2045878990,col_return,return,275.712,0,0,"[0.0, -13.552881859113752]"
2495,goal_250,5,exito,14442,2210.62,05,subwp,123,1,E2.1,E2.1-R0,False,subwp,123,05,5,251040344,exito,,462.144,0,0,"[0.0, -13.245047038963198]"
2496,goal_250,6,exito,14447,2210.71,05,subwp,123,1,E2.1,E2.1-R0,False,subwp,123,05,6,2550121442,exito,,462.304,0,0,"[0.0, -27.41388162510908]"
2497,goal_250,7,col_return,8613,1150.06,05,subwp,123,1,E2.1,E2.1-R0,False,subwp,123,05,7,3774411636,col_return,return,275.616,0,0,"[0.0, 11.701670655793183]"
2498,goal_250,8,exito,14440,2210.43,05,subwp,123,1,E2.1,E2.1-R0,False,subwp,123,05,8,1883762405,exito,,462.08,0,0,"[0.0, -0.38284551169311065]"
2499,goal_250,9,exito,14447,2210.67,05,subwp,123,1,E2.1,E2.1-R0,False,subwp,123,05,9,121691763,exito,,462.304,0,0,"[0.0, 28.15540940705235]"
2500,goal_250,10,col_return,8613,1149.3,05,subwp,123,1,E2.1,E2.1-R0,False,subwp,123,05,10,4111021425,col_return,return,275.616,0,0,"[0.0, 28.755874989459016]"
2501,goal_251,1,exito,14185,2177.04,05,subwp,123,1,E2.1,E2.1-R0,False,subwp,123,05,1,3203795627,exito,,453.92,0,0,"[0.0, -8.363698217548896]"
2502,goal_251,2,col_return,8327,1118.21,05,subwp,123,1,E2.1,E2.1-R0,False,subwp,123,05,2,671046417,col_return,return,266.464,0,0,"[0.0, 21.062958044296302]"
2503,goal_251,3,exito,14185,2177.08,05,subwp,123,1,E2.1,E2.1-R0,False,subwp,123,05,3,1358457735,exito,,453.92,0,0,"[0.0, 2.0192344412942553]"
2504,goal_251,4,exito,14214,1975.64,05,subwp,123,1,E2.1,E2.1-R0,False,subwp,123,05,4,3466395172,exito,,454.848,0,0,"[0.0, -5.551631229258172]"
2505,goal_251,5,col_return,8718,1171.15,05,subwp,123,1,E2.1,E2.1-R0,False,subwp,123,05,5,3113995954,col_return,return,278.976,0,0,"[0.0, 16.196000150891088]"
2506,goal_251,6,exito,14185,2177.05,05,subwp,123,1,E2.1,E2.1-R0,False,subwp,123,05,6,546479880,exito,,453.92,0,0,"[0.0, -12.200143867795571]"
2507,goal_251,7,col_return,8517,1141.63,05,subwp,123,1,E2.1,E2.1-R0,False,subwp,123,05,7,1469427614,col_return,return,272.544,0,0,"[0.0, -4.827979024557971]"
2508,goal_251,8,exito,14185,2177.04,05,subwp,123,1,E2.1,E2.1-R0,False,subwp,123,05,8,3341464079,exito,,453.92,0,0,"[0.0, -4.928491530830501]"
2509,goal_251,9,col_return,8417,1124.57,05,subwp,123,1,E2.1,E2.1-R0,False,subwp,123,05,9,2955772569,col_return,return,269.344,0,0,"[0.0, -2.547871535949069]"
2510,goal_251,10,exito,14183,2177.14,05,subwp,123,1,E2.1,E2.1-R0,False,subwp,123,05,10,3043054411,exito,,453.856,0,0,"[0.0, 11.4823260684255]"
2511,goal_252,1,col_return,8379,1123.54,05,subwp,123,1,E2.1,E2.1-R0,False,subwp,123,05,1,3207880860,col_return,return,268.128,0,0,"[0.0, -23.432608879278014]"
2512,goal_252,2,exito,14224,2180.97,05,subwp,123,1,E2.1,E2.1-R0,False,subwp,123,05,2,641544486,exito,,455.168,0,0,"[0.0, -10.943970721268768]"
2513,goal_252,3,exito,14229,2128.25,05,subwp,123,1,E2.1,E2.1-R0,False,subwp,123,05,3,1362756016,exito,,455.328,0,0,"[0.0, -22.070340462815736]"
2514,goal_252,4,col_return,8717,1166.56,05,subwp,123,1,E2.1,E2.1-R0,False,subwp,123,05,4,3479082003,col_return,return,278.944,0,0,"[0.0, -5.207864355644139]"
2515,goal_252,5,exito,14222,2180.57,05,subwp,123,1,E2.1,E2.1-R0,False,subwp,123,05,5,3092882565,exito,,455.104,0,0,"[0.0, 17.651047747162853]"
2516,goal_252,6,col_return,8493,1134.48,05,subwp,123,1,E2.1,E2.1-R0,False,subwp,123,05,6,558953791,col_return,return,271.776,0,0,"[0.0, -16.606497949136347]"
2517,goal_252,7,exito,14222,2180.7,05,subwp,123,1,E2.1,E2.1-R0,False,subwp,123,05,7,1448592809,exito,,455.104,0,0,"[0.0, -3.1807706306262085]"
2518,goal_252,8,col_return,8383,1123.68,05,subwp,123,1,E2.1,E2.1-R0,False,subwp,123,05,8,3337148472,col_return,return,268.256,0,0,"[0.0, 26.569681065707602]"
2519,goal_252,9,exito,14224,2180.92,05,subwp,123,1,E2.1,E2.1-R0,False,subwp,123,05,9,2985289902,exito,,455.168,0,0,"[0.0, 0.18452276313450033]"
2520,goal_252,10,exito,14227,2121.57,05,subwp,123,1,E2.1,E2.1-R0,False,subwp,123,05,10,232600622,exito,,455.264,0,0,"[0.0, 14.163673387314828]"
2521,goal_253,1,col_return,8842,1191.06,05,subwp,123,1,E2.1,E2.1-R0,False,subwp,123,05,1,3178421957,col_return,return,282.944,0,0,"[0.0, 18.295925905692428]"
2522,goal_253,2,exito,14483,2221.77,05,subwp,123,1,E2.1,E2.1-R0,False,subwp,123,05,2,612077439,exito,,463.456,0,0,"[0.0, 27.48592646055838]"
2523,goal_253,3,exito,14488,2223.37,05,subwp,123,1,E2.1,E2.1-R0,False,subwp,123,05,3,1400684521,exito,,463.616,0,0,"[0.0, -8.346973443704783]"
2524,goal_253,4,col_return,8688,1169.48,05,subwp,123,1,E2.1,E2.1-R0,False,subwp,123,05,4,3440912970,col_return,return,278.016,0,0,"[0.0, 24.887728660825235]"
2525,goal_253,5,exito,14482,2216.39,05,subwp,123,1,E2.1,E2.1-R0,False,subwp,123,05,5,3122600668,exito,,463.424,0,0,"[0.0, 16.329958417060148]"
2526,goal_253,6,exito,14488,2223.35,05,subwp,123,1,E2.1,E2.1-R0,False,subwp,123,05,6,588663654,exito,,463.616,0,0,"[0.0, 24.998548612624194]"
2527,goal_253,7,exito,14490,2094.56,05,subwp,123,1,E2.1,E2.1-R0,False,subwp,123,05,7,1410431984,exito,,463.68,0,0,"[0.0, 21.32918948413871]"
2528,goal_253,8,col_return,8857,1194.06,05,subwp,123,1,E2.1,E2.1-R0,False,subwp,123,05,8,3299763809,col_return,return,283.424,0,0,"[0.0, -10.505938652817468]"
2529,goal_253,9,exito,14482,2221.87,05,subwp,123,1,E2.1,E2.1-R0,False,subwp,123,05,9,3014219511,exito,,463.424,0,0,"[0.0, 26.355801967205238]"
2530,goal_253,10,exito,14488,2223.37,05,subwp,123,1,E2.1,E2.1-R0,False,subwp,123,05,10,526949312,exito,,463.616,0,0,"[0.0, -23.793302930324543]"
2531,goal_254,1,col_return,8672,1166.87,05,subwp,123,1,E2.1,E2.1-R0,False,subwp,123,05,1,3165697266,col_return,return,277.504,0,0,"[0.0, -2.819152158827154]"
2532,goal_254,2,exito,14429,2209.44,05,subwp,123,1,E2.1,E2.1-R0,False,subwp,123,05,2,632939848,exito,,461.728,0,0,"[0.0, 27.34885642303915]"
2533,goal_254,3,exito,14433,2214.53,05,subwp,123,1,E2.1,E2.1-R0,False,subwp,123,05,3,1388238302,exito,,461.856,0,0,"[0.0, -21.65925888025057]"
2534,goal_254,4,col_return,8654,1163.24,05,subwp,123,1,E2.1,E2.1-R0,False,subwp,123,05,4,3436855421,col_return,return,276.928,0,0,"[0.0, -25.16906915031901]"
2535,goal_254,5,exito,14429,2208.57,05,subwp,123,1,E2.1,E2.1-R0,False,subwp,123,05,5,3151851755,exito,,461.728,0,0,"[0.0, 14.261270319951757]"
2536,goal_254,6,exito,14433,2214.55,05,subwp,123,1,E2.1,E2.1-R0,False,subwp,123,05,6,584327505,exito,,461.856,0,0,"[0.0, 8.545997875842101]"
2537,goal_254,7,col_return,8644,1161.61,05,subwp,123,1,E2.1,E2.1-R0,False,subwp,123,05,7,1439896007,col_return,return,276.608,0,0,"[0.0, -17.712017420786342]"
2538,goal_254,8,exito,14428,2208.0,05,subwp,123,1,E2.1,E2.1-R0,False,subwp,123,05,8,3312192598,exito,,461.696,0,0,"[0.0, -16.466667277010885]"
2539,goal_254,9,exito,14433,2214.58,05,subwp,123,1,E2.1,E2.1-R0,False,subwp,123,05,9,2993372352,exito,,461.856,0,0,"[0.0, -29.531883666548108]"
2540,goal_254,10,col_return,8640,1160.59,05,subwp,123,1,E2.1,E2.1-R0,False,subwp,123,05,10,2815753381,col_return,return,276.48,0,0,"[0.0, 5.8155662384479285]"
2541,goal_255,1,exito,14635,2233.34,05,subwp,123,1,E2.1,E2.1-R0,False,subwp,123,05,1,3120538231,exito,,468.32,0,0,"[0.0, 18.329453333567592]"
2542,goal_255,2,exito,14642,2240.23,05,subwp,123,1,E2.1,E2.1-R0,False,subwp,123,05,2,553055181,exito,,468.544,0,0,"[0.0, 16.150032829825463]"
2543,goal_255,3,exito,14642,2240.24,05,subwp,123,1,E2.1,E2.1-R0,False,subwp,123,05,3,1475461979,exito,,468.544,0,0,"[0.0, 16.52329147422695]"
2544,goal_255,4,exito,14642,2227.78,05,subwp,123,1,E2.1,E2.1-R0,False,subwp,123,05,4,3382007544,exito,,468.544,0,0,"[0.0, 7.3168593166089435]"
2545,goal_255,5,col_return,8885,1196.01,05,subwp,123,1,E2.1,E2.1-R0,False,subwp,123,05,5,3197265518,col_return,return,284.32,0,0,"[0.0, 28.611613689936355]"
2546,goal_255,6,exito,14635,2235.53,05,subwp,123,1,E2.1,E2.1-R0,False,subwp,123,05,6,664483796,exito,,468.32,0,0,"[0.0, -19.484362745808642]"
2547,goal_255,7,exito,14642,2240.23,05,subwp,123,1,E2.1,E2.1-R0,False,subwp,123,05,7,1352402754,exito,,468.544,0,0,"[0.0, 3.5418240575301696]"
2548,goal_255,8,exito,14642,2240.22,05,subwp,123,1,E2.1,E2.1-R0,False,subwp,123,05,8,3223526099,exito,,468.544,0,0,"[0.0, 6.754527405174608]"
2549,goal_255,9,exito,14642,2201.51,05,subwp,123,1,E2.1,E2.1-R0,False,subwp,123,05,9,3072600645,exito,,468.544,0,0,"[0.0, 12.09511568188418]"
2550,goal_255,10,col_return,8913,1195.13,05,subwp,123,1,E2.1,E2.1-R0,False,subwp,123,05,10,973325340,col_return,return,285.216,0,0,"[0.0, -24.056289324496085]"
2551,goal_256,1,exito,14582,2229.07,05,subwp,123,1,E2.1,E2.1-R0,False,subwp,123,05,1,3091056704,exito,,466.624,0,0,"[0.0, 9.03360207974324]"
2552,goal_256,2,exito,14587,2232.86,05,subwp,123,1,E2.1,E2.1-R0,False,subwp,123,05,2,557095418,exito,,466.784,0,0,"[0.0, -20.92589935936401]"
2553,goal_256,3,exito,14587,2232.89,05,subwp,123,1,E2.1,E2.1-R0,False,subwp,123,05,3,1446226284,exito,,466.784,0,0,"[0.0, -0.9129545794123817]"
2554,goal_256,4,col_return,8805,1177.18,05,subwp,123,1,E2.1,E2.1-R0,False,subwp,123,05,4,3361160399,col_return,return,281.76,0,0,"[0.0, 0.2317130415886015]"
2555,goal_256,5,exito,14582,2226.33,05,subwp,123,1,E2.1,E2.1-R0,False,subwp,123,05,5,3209694297,exito,,466.624,0,0,"[0.0, 29.683372840716455]"
2556,goal_256,6,exito,14587,2232.89,05,subwp,123,1,E2.1,E2.1-R0,False,subwp,123,05,6,643390947,exito,,466.784,0,0,"[0.0, 12.3539987301836]"
2557,goal_256,7,exito,14587,2232.88,05,subwp,123,1,E2.1,E2.1-R0,False,subwp,123,05,7,1365142901,exito,,466.784,0,0,"[0.0, -22.86776392435285]"
2558,goal_256,8,col_return,8769,1174.59,05,subwp,123,1,E2.1,E2.1-R0,False,subwp,123,05,8,3252777188,col_return,return,280.608,0,0,"[0.0, -28.92709479769518]"
2559,goal_256,9,exito,14582,2224.7,05,subwp,123,1,E2.1,E2.1-R0,False,subwp,123,05,9,3068543090,exito,,466.624,0,0,"[0.0, -5.133960425867996]"
2560,goal_256,10,exito,14587,2232.83,05,subwp,123,1,E2.1,E2.1-R0,False,subwp,123,05,10,2193597305,exito,,466.784,0,0,"[0.0, -2.5966504789298406]"
2561,goal_257,1,exito,14882,2264.44,05,subwp,123,1,E2.1,E2.1-R0,False,subwp,123,05,1,3128653337,exito,,476.224,0,0,"[0.0, -6.951978864003747]"
2562,goal_257,2,exito,14882,2264.5,05,subwp,123,1,E2.1,E2.1-R0,False,subwp,123,05,2,594683811,exito,,476.224,0,0,"[0.0, -26.06862266806589]"
2563,goal_257,3,exito,14882,2264.51,05,subwp,123,1,E2.1,E2.1-R0,False,subwp,123,05,3,1416959797,exito,,476.224,0,0,"[0.0, -21.402014300633926]"
2564,goal_257,4,exito,14882,2264.48,05,subwp,123,1,E2.1,E2.1-R0,False,subwp,123,05,4,3390145174,exito,,476.224,0,0,"[0.0, 11.0356597646635]"
2565,goal_257,5,exito,14882,2262.66,05,subwp,123,1,E2.1,E2.1-R0,False,subwp,123,05,5,3172381184,exito,,476.224,0,0,"[0.0, -13.752701356479925]"
2566,goal_257,6,exito,14883,2200.17,05,subwp,123,1,E2.1,E2.1-R0,False,subwp,123,05,6,606069690,exito,,476.256,0,0,"[0.0, -7.406808984617339]"
2567,goal_257,7,col_return,9040,1209.27,05,subwp,123,1,E2.1,E2.1-R0,False,subwp,123,05,7,1394135852,col_return,return,289.28,0,0,"[0.0, -5.9709134611773145]"
2568,goal_257,8,exito,14875,2255.43,05,subwp,123,1,E2.1,E2.1-R0,False,subwp,123,05,8,3282554557,exito,,476.0,0,0,"[0.0, -3.4304972721537497]"
2569,goal_257,9,exito,14882,2261.24,05,subwp,123,1,E2.1,E2.1-R0,False,subwp,123,05,9,3030449707,exito,,476.224,0,0,"[0.0, -28.783973309342375]"
2570,goal_257,10,exito,14882,2263.44,05,subwp,123,1,E2.1,E2.1-R0,False,subwp,123,05,10,2416577687,exito,,476.224,0,0,"[0.0, -27.04349154199226]"
2571,goal_258,1,exito,14832,2262.44,05,subwp,123,1,E2.1,E2.1-R0,False,subwp,123,05,1,3149470766,exito,,474.624,0,0,"[0.0, -20.724247715193066]"
2572,goal_258,2,exito,14832,2262.42,05,subwp,123,1,E2.1,E2.1-R0,False,subwp,123,05,2,581979540,exito,,474.624,0,0,"[0.0, -10.890831604634275]"
2573,goal_258,3,exito,14832,2262.45,05,subwp,123,1,E2.1,E2.1-R0,False,subwp,123,05,3,1438088450,exito,,474.624,0,0,"[0.0, -0.10679246009483334]"
2574,goal_258,4,exito,14832,2262.45,05,subwp,123,1,E2.1,E2.1-R0,False,subwp,123,05,4,3419662497,exito,,474.624,0,0,"[0.0, 17.14037127905449]"
2575,goal_258,5,exito,14832,2262.44,05,subwp,123,1,E2.1,E2.1-R0,False,subwp,123,05,5,3168065591,exito,,474.624,0,0,"[0.0, 19.52899551334017]"
2576,goal_258,6,exito,14832,2262.42,05,subwp,123,1,E2.1,E2.1-R0,False,subwp,123,05,6,635275661,exito,,474.624,0,0,"[0.0, 23.380063122496306]"
2577,goal_258,7,exito,14833,2216.89,05,subwp,123,1,E2.1,E2.1-R0,False,subwp,123,05,7,1390065947,exito,,474.656,0,0,"[0.0, -21.908053867779195]"
2578,goal_258,8,col_return,9014,1204.27,05,subwp,123,1,E2.1,E2.1-R0,False,subwp,123,05,8,3261441162,col_return,return,288.448,0,0,"[0.0, -23.338102973848496]"
2579,goal_258,9,exito,14827,2254.27,05,subwp,123,1,E2.1,E2.1-R0,False,subwp,123,05,9,3043136540,exito,,474.464,0,0,"[0.0, 4.924271263526991]"
2580,goal_258,10,exito,14832,2260.55,05,subwp,123,1,E2.1,E2.1-R0,False,subwp,123,05,10,683043826,exito,,474.624,0,0,"[0.0, -24.13933974693669]"
2581,goal_259,1,exito,15104,2295.61,05,subwp,123,1,E2.1,E2.1-R0,False,subwp,123,05,1,2967821075,exito,,483.328,0,0,"[0.0, 21.486999290528217]"
2582,goal_259,2,exito,15104,2294.56,05,subwp,123,1,E2.1,E2.1-R0,False,subwp,123,05,2,703335081,exito,,483.328,0,0,"[0.0, 19.193741227553]"
2583,goal_259,3,exito,15104,2292.74,05,subwp,123,1,E2.1,E2.1-R0,False,subwp,123,05,3,1592474175,exito,,483.328,0,0,"[0.0, -26.084996580622203]"
2584,goal_259,4,exito,15104,2288.65,05,subwp,123,1,E2.1,E2.1-R0,False,subwp,123,05,4,3230642076,exito,,483.328,0,0,"[0.0, 8.752187822776493]"
2585,goal_259,5,exito,15104,2279.55,05,subwp,123,1,E2.1,E2.1-R0,False,subwp,123,05,5,3079184138,exito,,483.328,0,0,"[0.0, 17.39849943141181]"
2586,goal_259,6,exito,15104,2261.31,05,subwp,123,1,E2.1,E2.1-R0,False,subwp,123,05,6,780258992,exito,,483.328,0,0,"[0.0, -2.78218239432513]"
2587,goal_259,7,col_approach,2823,225.48,05,subwp,123,1,E2.1,E2.1-R0,False,subwp,123,05,7,1502019110,col_approach,approach,90.336,0,0,"[0.0, 1.2790339220404556]"
2588,goal_259,8,exito,15099,2295.56,05,subwp,123,1,E2.1,E2.1-R0,False,subwp,123,05,8,3376014263,exito,,483.168,0,0,"[0.0, -11.509309377939772]"
2589,goal_259,9,exito,15104,2295.58,05,subwp,123,1,E2.1,E2.1-R0,False,subwp,123,05,9,3191788321,exito,,483.328,0,0,"[0.0, 10.716209697984176]"
2590,goal_259,10,exito,15104,2295.56,05,subwp,123,1,E2.1,E2.1-R0,False,subwp,123,05,10,1893039012,exito,,483.328,0,0,"[0.0, 20.373510611206317]"
2591,goal_260,1,exito,15094,2295.59,05,subwp,123,1,E2.1,E2.1-R0,False,subwp,123,05,1,2972135716,exito,,483.008,0,0,"[0.0, -24.11159212290229]"
2592,goal_260,2,exito,15094,2294.73,05,subwp,123,1,E2.1,E2.1-R0,False,subwp,123,05,2,674128030,exito,,483.008,0,0,"[0.0, 25.1567548301231]"
2593,goal_260,3,exito,15094,2293.21,05,subwp,123,1,E2.1,E2.1-R0,False,subwp,123,05,3,1596542984,exito,,483.008,0,0,"[0.0, 5.796554302150194]"
2594,goal_260,4,exito,15094,2290.04,05,subwp,123,1,E2.1,E2.1-R0,False,subwp,123,05,4,3243099563,exito,,483.008,0,0,"[0.0, 4.277405795074884]"
2595,goal_260,5,exito,15094,2283.87,05,subwp,123,1,E2.1,E2.1-R0,False,subwp,123,05,5,3058365757,exito,,483.008,0,0,"[0.0, -6.320040065001247]"
2596,goal_260,6,exito,15093,2272.99,05,subwp,123,1,E2.1,E2.1-R0,False,subwp,123,05,6,792962183,exito,,482.976,0,0,"[0.0, -5.326623346430512]"
2597,goal_260,7,exito,15094,2259.83,05,subwp,123,1,E2.1,E2.1-R0,False,subwp,123,05,7,1480889361,exito,,483.008,0,0,"[0.0, -15.780642664712355]"
2598,goal_260,8,col_return,10095,1354.63,05,subwp,123,1,E2.1,E2.1-R0,False,subwp,123,05,8,3371927936,col_return,return,323.04,0,0,"[0.0, 16.93212601360673]"
2599,goal_260,9,exito,15089,2295.6,05,subwp,123,1,E2.1,E2.1-R0,False,subwp,123,05,9,3221010710,exito,,482.848,0,0,"[0.0, -25.828804134330884]"
2600,goal_260,10,exito,15094,2295.67,05,subwp,123,1,E2.1,E2.1-R0,False,subwp,123,05,10,3362331841,exito,,483.008,0,0,"[0.0, -13.208117560808372]"
2601,goal_261,1,exito,15311,2323.1,05,subwp,123,1,E2.1,E2.1-R0,False,subwp,123,05,1,2890114373,exito,,489.952,0,0,"[0.0, -29.8697724138359]"
2602,goal_261,2,exito,15311,2322.89,05,subwp,123,1,E2.1,E2.1-R0,False,subwp,123,05,2,894104831,exito,,489.952,0,0,"[0.0, 10.124897665680173]"
2603,goal_261,3,exito,15311,2315.12,05,subwp,123,1,E2.1,E2.1-R0,False,subwp,123,05,3,1112392809,exito,,489.952,0,0,"[0.0, -26.17135831933741]"
2604,goal_261,4,col_approach,2819,223.43,05,subwp,123,1,E2.1,E2.1-R0,False,subwp,123,05,4,3693695434,col_approach,approach,90.208,0,0,"[0.0, -22.368003221611172]"
2605,goal_261,5,exito,15308,2323.12,05,subwp,123,1,E2.1,E2.1-R0,False,subwp,123,05,5,2871943516,exito,,489.856,0,0,"[0.0, 3.3514898659549908]"
2606,goal_261,6,exito,15311,2319.67,05,subwp,123,1,E2.1,E2.1-R0,False,subwp,123,05,6,841429222,exito,,489.952,0,0,"[0.0, -7.375713818165137]"
2607,goal_261,7,exito,15311,2291.7,05,subwp,123,1,E2.1,E2.1-R0,False,subwp,123,05,7,1159725168,exito,,489.952,0,0,"[0.0, 19.881825957865857]"
2608,goal_261,8,col_return,10220,1368.83,05,subwp,123,1,E2.1,E2.1-R0,False,subwp,123,05,8,3583974881,col_return,return,327.04,0,0,"[0.0, 17.959198511455188]"
2609,goal_261,9,exito,15308,2323.46,05,subwp,123,1,E2.1,E2.1-R0,False,subwp,123,05,9,2727882103,exito,,489.856,0,0,"[0.0, -2.331415603245035]"
2610,goal_261,10,exito,15311,2323.15,05,subwp,123,1,E2.1,E2.1-R0,False,subwp,123,05,10,4072745371,exito,,489.952,0,0,"[0.0, -9.496515456635354]"
2611,goal_262,1,exito,15300,2321.15,05,subwp,123,1,E2.1,E2.1-R0,False,subwp,123,05,1,2910965618,exito,,489.6,0,0,"[0.0, 6.909248072837251]"
2612,goal_262,2,exito,15300,2286.89,05,subwp,123,1,E2.1,E2.1-R0,False,subwp,123,05,2,881368776,exito,,489.6,0,0,"[0.0, 15.02516535591581]"
2613,goal_262,3,exito,15300,2300.01,05,subwp,123,1,E2.1,E2.1-R0,False,subwp,123,05,3,1133489758,exito,,489.6,0,0,"[0.0, 18.490395089027263]"
2614,goal_262,4,exito,15300,2322.68,05,subwp,123,1,E2.1,E2.1-R0,False,subwp,123,05,4,3723181053,exito,,489.6,0,0,"[0.0, -28.054859128057505]"
2615,goal_262,5,exito,15300,2324.84,05,subwp,123,1,E2.1,E2.1-R0,False,subwp,123,05,5,2867596139,exito,,489.6,0,0,"[0.0, -20.439674687388013]"
2616,goal_262,6,exito,15300,2312.49,05,subwp,123,1,E2.1,E2.1-R0,False,subwp,123,05,6,870669009,exito,,489.6,0,0,"[0.0, -11.4670014334862]"
2617,goal_262,7,exito,15300,2308.37,05,subwp,123,1,E2.1,E2.1-R0,False,subwp,123,05,7,1155689031,exito,,489.6,0,0,"[0.0, -2.745066909415279]"
2618,goal_262,8,exito,15300,2324.83,05,subwp,123,1,E2.1,E2.1-R0,False,subwp,123,05,8,3562895318,exito,,489.6,0,0,"[0.0, 28.234764286703474]"
2619,goal_262,9,exito,15300,2324.82,05,subwp,123,1,E2.1,E2.1-R0,False,subwp,123,05,9,2740602688,exito,,489.6,0,0,"[0.0, -19.221374763235794]"
2620,goal_262,10,exito,15300,2324.83,05,subwp,123,1,E2.1,E2.1-R0,False,subwp,123,05,10,1249726206,exito,,489.6,0,0,"[0.0, -5.895114988567958]"
2621,goal_263,1,exito,15558,2356.92,05,subwp,123,1,E2.1,E2.1-R0,False,subwp,123,05,1,2949083435,exito,,497.856,0,0,"[0.0, -18.97581343616437]"
2622,goal_263,2,exito,15558,2329.61,05,subwp,123,1,E2.1,E2.1-R0,False,subwp,123,05,2,919478417,exito,,497.856,0,0,"[0.0, 6.305584963893609]"
2623,goal_263,3,col_return,10370,1378.78,05,subwp,123,1,E2.1,E2.1-R0,False,subwp,123,05,3,1103695879,col_return,return,331.84,0,0,"[0.0, 6.87620766793934]"
2624,goal_263,4,exito,15552,2356.72,05,subwp,123,1,E2.1,E2.1-R0,False,subwp,123,05,4,3752691108,exito,,497.664,0,0,"[0.0, 1.67264530062607]"
2625,goal_263,5,exito,15558,2351.16,05,subwp,123,1,E2.1,E2.1-R0,False,subwp,123,05,5,2829759794,exito,,497.856,0,0,"[0.0, -22.62783286308952]"
2626,goal_263,6,exito,15559,2332.51,05,subwp,123,1,E2.1,E2.1-R0,False,subwp,123,05,6,832824456,exito,,497.888,0,0,"[0.0, -28.000557846546258]"
2627,goal_263,7,exito,15558,2356.92,05,subwp,123,1,E2.1,E2.1-R0,False,subwp,123,05,7,1185207326,exito,,497.856,0,0,"[0.0, 12.769614351765819]"
2628,goal_263,8,col_approach,2795,203.78,05,subwp,123,1,E2.1,E2.1-R0,False,subwp,123,05,8,3592145295,col_approach,approach,89.44,0,0,"[0.0, -7.6766671846884975]"
2629,goal_263,9,col_return,10156,1359.3,05,subwp,123,1,E2.1,E2.1-R0,False,subwp,123,05,9,2703030553,col_return,return,324.992,0,0,"[0.0, -24.26568135084709]"
2630,goal_263,10,exito,15553,2356.76,05,subwp,123,1,E2.1,E2.1-R0,False,subwp,123,05,10,1489559824,exito,,497.696,0,0,"[0.0, 17.636199222718197]"
2631,goal_264,1,exito,15559,2332.05,05,subwp,123,1,E2.1,E2.1-R0,False,subwp,123,05,1,2919570204,exito,,497.888,0,0,"[0.0, -16.968702577931584]"
2632,goal_264,2,exito,15559,2351.53,05,subwp,123,1,E2.1,E2.1-R0,False,subwp,123,05,2,923552422,exito,,497.888,0,0,"[0.0, 13.801606563079016]"
2633,goal_264,3,exito,15558,2356.65,05,subwp,123,1,E2.1,E2.1-R0,False,subwp,123,05,3,1074494000,exito,,497.856,0,0,"[0.0, -2.8098361884512446]"
2634,goal_264,4,exito,15559,2355.93,05,subwp,123,1,E2.1,E2.1-R0,False,subwp,123,05,4,3731877779,exito,,497.888,0,0,"[0.0, 1.6935019897811965]"
2635,goal_264,5,exito,15559,2356.8,05,subwp,123,1,E2.1,E2.1-R0,False,subwp,123,05,5,2842222341,exito,,497.888,0,0,"[0.0, -4.180106503036276]"
2636,goal_264,6,exito,15559,2356.78,05,subwp,123,1,E2.1,E2.1-R0,False,subwp,123,05,6,811699903,exito,,497.888,0,0,"[0.0, 8.475921032207633]"
2637,goal_264,7,exito,15559,2325.36,05,subwp,123,1,E2.1,E2.1-R0,False,subwp,123,05,7,1197915689,exito,,497.888,0,0,"[0.0, -23.208175881093197]"
2638,goal_264,8,col_return,10352,1380.69,05,subwp,123,1,E2.1,E2.1-R0,False,subwp,123,05,8,3621364664,col_return,return,331.264,0,0,"[0.0, 24.11205974641459]"
2639,goal_264,9,exito,15554,2356.67,05,subwp,123,1,E2.1,E2.1-R0,False,subwp,123,05,9,2698941230,exito,,497.728,0,0,"[0.0, -4.61531838140226]"
2640,goal_264,10,exito,15559,2350.45,05,subwp,123,1,E2.1,E2.1-R0,False,subwp,123,05,10,3765732981,exito,,497.888,0,0,"[0.0, 2.0975769142964573]"
2641,goal_265,1,exito,15785,2363.25,05,subwp,123,1,E2.1,E2.1-R0,False,subwp,123,05,1,2873757081,exito,,505.12,0,0,"[0.0, -2.3926712912380865]"
2642,goal_265,2,exito,15785,2383.13,05,subwp,123,1,E2.1,E2.1-R0,False,subwp,123,05,2,843275299,exito,,505.12,0,0,"[0.0, 18.81006700313736]"
2643,goal_265,3,exito,15785,2384.27,05,subwp,123,1,E2.1,E2.1-R0,False,subwp,123,05,3,1162112181,exito,,505.12,0,0,"[0.0, 18.66108368565519]"
2644,goal_265,4,exito,15785,2382.61,05,subwp,123,1,E2.1,E2.1-R0,False,subwp,123,05,4,3676371222,exito,,505.12,0,0,"[0.0, 7.779241000248273]"
2645,goal_265,5,col_return,10665,1413.77,05,subwp,123,1,E2.1,E2.1-R0,False,subwp,123,05,5,2888288640,col_return,return,341.28,0,0,"[0.0, -2.0782074487429147]"
2646,goal_265,6,exito,15781,2384.22,05,subwp,123,1,E2.1,E2.1-R0,False,subwp,123,05,6,892246074,exito,,504.992,0,0,"[0.0, 16.953867120262604]"
2647,goal_265,7,exito,15785,2363.09,05,subwp,123,1,E2.1,E2.1-R0,False,subwp,123,05,7,1110026412,exito,,505.12,0,0,"[0.0, 23.198849249841746]"
2648,goal_265,8,exito,15785,2383.62,05,subwp,123,1,E2.1,E2.1-R0,False,subwp,123,05,8,3533092157,exito,,505.12,0,0,"[0.0, 14.749123664116935]"
2649,goal_265,9,exito,15785,2360.71,05,subwp,123,1,E2.1,E2.1-R0,False,subwp,123,05,9,2777777579,exito,,505.12,0,0,"[0.0, 19.988618690458196]"
2650,goal_265,10,exito,15785,2384.32,05,subwp,123,1,E2.1,E2.1-R0,False,subwp,123,05,10,2107883212,exito,,505.12,0,0,"[0.0, -23.39036665042567]"
2651,goal_266,1,exito,15770,2359.9,05,subwp,123,1,E2.1,E2.1-R0,False,subwp,123,05,1,2861066158,exito,,504.64,0,0,"[0.0, -27.290039055287117]"
2652,goal_266,2,col_return,10474,1395.88,05,subwp,123,1,E2.1,E2.1-R0,False,subwp,123,05,2,864106004,col_return,return,335.168,0,0,"[0.0, 19.223169404310696]"
2653,goal_266,3,exito,15765,2387.36,05,subwp,123,1,E2.1,E2.1-R0,False,subwp,123,05,3,1149634178,exito,,504.48,0,0,"[0.0, -24.4842130777492]"
2654,goal_266,4,col_approach,2828,228.4,05,subwp,123,1,E2.1,E2.1-R0,False,subwp,123,05,4,3672281889,col_approach,approach,90.496,0,0,"[0.0, -29.922572597568507]"
2655,goal_266,5,exito,15765,2378.06,05,subwp,123,1,E2.1,E2.1-R0,False,subwp,123,05,5,2917508023,exito,,504.48,0,0,"[0.0, 11.179563174538478]"
2656,goal_266,6,col_return,10546,1412.36,05,subwp,123,1,E2.1,E2.1-R0,False,subwp,123,05,6,887943693,col_return,return,337.472,0,0,"[0.0, -27.729750874618713]"
2657,goal_266,7,exito,15765,2387.37,05,subwp,123,1,E2.1,E2.1-R0,False,subwp,123,05,7,1139524251,exito,,504.48,0,0,"[0.0, 6.772656305487144]"
2658,goal_266,8,exito,15770,2354.28,05,subwp,123,1,E2.1,E2.1-R0,False,subwp,123,05,8,3545554698,exito,,504.64,0,0,"[0.0, -6.746379308362043]"
2659,goal_266,9,exito,15770,2387.19,05,subwp,123,1,E2.1,E2.1-R0,False,subwp,123,05,9,2756964252,exito,,504.64,0,0,"[0.0, 18.482486916125907]"
2660,goal_266,10,exito,15770,2375.38,05,subwp,123,1,E2.1,E2.1-R0,False,subwp,123,05,10,3307198889,exito,,504.64,0,0,"[0.0, -25.77901095500425]"
2661,goal_267,1,exito,16033,2417.88,05,subwp,123,1,E2.1,E2.1-R0,False,subwp,123,05,1,2832128503,exito,,513.056,0,0,"[0.0, -3.692353564380846]"
2662,goal_267,2,col_return,10848,1450.0,05,subwp,123,1,E2.1,E2.1-R0,False,subwp,123,05,2,835160141,col_return,return,347.136,0,0,"[0.0, -4.660906166437792]"
2663,goal_267,3,exito,16028,2417.93,05,subwp,123,1,E2.1,E2.1-R0,False,subwp,123,05,3,1187035355,exito,,512.896,0,0,"[0.0, 7.190870819063799]"
2664,goal_267,4,col_approach,2774,220.06,05,subwp,123,1,E2.1,E2.1-R0,False,subwp,123,05,4,3634638200,col_approach,approach,88.768,0,0,"[0.0, -0.12057081272960346]"
2665,goal_267,5,col_return,11017,1474.27,05,subwp,123,1,E2.1,E2.1-R0,False,subwp,123,05,5,2946702830,col_return,return,352.544,0,0,"[0.0, -28.019237641925535]"
2666,goal_267,6,exito,16028,2417.96,05,subwp,123,1,E2.1,E2.1-R0,False,subwp,123,05,6,917130324,exito,,512.896,0,0,"[0.0, -21.083718811195503]"
2667,goal_267,7,col_approach,2880,226.18,05,subwp,123,1,E2.1,E2.1-R0,False,subwp,123,05,7,1101888706,col_approach,approach,92.16,0,0,"[0.0, 18.680111182926346]"
2668,goal_267,8,col_return,11044,1478.53,05,subwp,123,1,E2.1,E2.1-R0,False,subwp,123,05,8,3507642707,col_return,return,353.408,0,0,"[0.0, -20.672729693739633]"
2669,goal_267,9,exito,16028,2418.02,05,subwp,123,1,E2.1,E2.1-R0,False,subwp,123,05,9,2786415045,exito,,512.896,0,0,"[0.0, 20.91327687185172]"
2670,goal_267,10,exito,16033,2384.5,05,subwp,123,1,E2.1,E2.1-R0,False,subwp,123,05,10,3618272839,exito,,513.056,0,0,"[0.0, -9.86651410309943]"
2671,goal_268,1,exito,16029,2420.41,05,subwp,123,1,E2.1,E2.1-R0,False,subwp,123,05,1,2836181952,exito,,512.928,0,0,"[0.0, -20.178919868127206]"
2672,goal_268,2,exito,16028,2420.23,05,subwp,123,1,E2.1,E2.1-R0,False,subwp,123,05,2,805692026,exito,,512.896,0,0,"[0.0, 18.433940984955612]"
2673,goal_268,3,col_return,10969,1467.74,05,subwp,123,1,E2.1,E2.1-R0,False,subwp,123,05,3,1191367404,col_return,return,351.008,0,0,"[0.0, -5.805945627293756]"
2674,goal_268,4,exito,16023,2420.2,05,subwp,123,1,E2.1,E2.1-R0,False,subwp,123,05,4,3647358799,exito,,512.736,0,0,"[0.0, 25.02055389716459]"
2675,goal_268,5,col_approach,2853,221.16,05,subwp,123,1,E2.1,E2.1-R0,False,subwp,123,05,5,2925623257,col_approach,approach,91.296,0,0,"[0.0, -18.17665036377619]"
2676,goal_268,6,col_return,11043,1477.86,05,subwp,123,1,E2.1,E2.1-R0,False,subwp,123,05,6,929572451,col_return,return,353.376,0,0,"[0.0, -22.21581469529336]"
2677,goal_268,7,exito,16024,2420.21,05,subwp,123,1,E2.1,E2.1-R0,False,subwp,123,05,7,1081022197,exito,,512.768,0,0,"[0.0, 16.777104804901256]"
2678,goal_268,8,exito,16029,2384.57,05,subwp,123,1,E2.1,E2.1-R0,False,subwp,123,05,8,3503295332,exito,,512.928,0,0,"[0.0, 18.30012285875035]"
2679,goal_268,9,exito,16029,2420.38,05,subwp,123,1,E2.1,E2.1-R0,False,subwp,123,05,9,2815900658,exito,,512.928,0,0,"[0.0, 20.04815275812688]"
2680,goal_268,10,exito,16029,2420.39,05,subwp,123,1,E2.1,E2.1-R0,False,subwp,123,05,10,1863717154,exito,,512.928,0,0,"[0.0, 0.8320333255579948]"
2681,goal_269,1,col_return,11105,1478.76,05,subwp,123,1,E2.1,E2.1-R0,False,subwp,123,05,1,2723214589,col_return,return,355.36,0,0,"[0.0, -0.7453513498171049]"
2682,goal_269,2,exito,16283,2450.55,05,subwp,123,1,E2.1,E2.1-R0,False,subwp,123,05,2,995730759,exito,,521.056,0,0,"[0.0, 22.472400892328604]"
2683,goal_269,3,exito,16288,2444.05,05,subwp,123,1,E2.1,E2.1-R0,False,subwp,123,05,3,1281267153,exito,,521.216,0,0,"[0.0, 3.993315877181418]"
2684,goal_269,4,exito,16288,2450.43,05,subwp,123,1,E2.1,E2.1-R0,False,subwp,123,05,4,3527016562,exito,,521.216,0,0,"[0.0, -14.635379126775113]"
2685,goal_269,5,col_return,11112,1480.42,05,subwp,123,1,E2.1,E2.1-R0,False,subwp,123,05,5,2772250852,col_return,return,355.584,0,0,"[0.0, -20.57307443095427]"
2686,goal_269,6,exito,16283,2450.31,05,subwp,123,1,E2.1,E2.1-R0,False,subwp,123,05,6,1010065758,exito,,521.056,0,0,"[0.0, -19.440220769491393]"
2687,goal_269,7,exito,16288,2442.58,05,subwp,123,1,E2.1,E2.1-R0,False,subwp,123,05,7,1261654472,exito,,521.216,0,0,"[0.0, 26.195917128988548]"
2688,goal_269,8,exito,16288,2450.43,05,subwp,123,1,E2.1,E2.1-R0,False,subwp,123,05,8,3683404889,exito,,521.216,0,0,"[0.0, 17.654057562734785]"
2689,goal_269,9,col_return,11115,1484.68,05,subwp,123,1,E2.1,E2.1-R0,False,subwp,123,05,9,2894822607,col_return,return,355.68,0,0,"[0.0, -23.03958052020285]"
2690,goal_269,10,exito,16283,2450.31,05,subwp,123,1,E2.1,E2.1-R0,False,subwp,123,05,10,930414964,exito,,521.056,0,0,"[0.0, 6.624784338779975]"
2691,goal_270,1,exito,16280,2444.04,05,subwp,123,1,E2.1,E2.1-R0,False,subwp,123,05,1,2744295114,exito,,520.96,0,0,"[0.0, 18.400280778799164]"
2692,goal_270,2,exito,16280,2453.76,05,subwp,123,1,E2.1,E2.1-R0,False,subwp,123,05,2,983289712,exito,,520.96,0,0,"[0.0, -20.15466125566934]"
2693,goal_270,3,col_return,11151,1483.18,05,subwp,123,1,E2.1,E2.1-R0,False,subwp,123,05,3,1302134758,col_return,return,356.832,0,0,"[0.0, -0.6060832050885656]"
2694,goal_270,4,exito,16275,2453.66,05,subwp,123,1,E2.1,E2.1-R0,False,subwp,123,05,4,3556272709,exito,,520.8,0,0,"[0.0, -25.732272250888897]"
2695,goal_270,5,exito,16280,2443.23,05,subwp,123,1,E2.1,E2.1-R0,False,subwp,123,05,5,2768198355,exito,,520.96,0,0,"[0.0, -21.22528598864278]"
2696,goal_270,6,exito,16280,2453.58,05,subwp,123,1,E2.1,E2.1-R0,False,subwp,123,05,6,1039534953,exito,,520.96,0,0,"[0.0, 15.15763107319924]"
2697,goal_270,7,col_return,11145,1490.85,05,subwp,123,1,E2.1,E2.1-R0,False,subwp,123,05,7,1257323519,col_return,return,356.64,0,0,"[0.0, 2.072752878282036]"
2698,goal_270,8,exito,16275,2453.67,05,subwp,123,1,E2.1,E2.1-R0,False,subwp,123,05,8,3662554734,exito,,520.8,0,0,"[0.0, -22.788649455877618]"
2699,goal_270,9,exito,16280,2441.66,05,subwp,123,1,E2.1,E2.1-R0,False,subwp,123,05,9,2907248376,exito,,520.96,0,0,"[0.0, 12.400028264997076]"
2700,goal_270,10,exito,16280,2453.62,05,subwp,123,1,E2.1,E2.1-R0,False,subwp,123,05,10,2412340753,exito,,520.96,0,0,"[0.0, 23.266101465187628]"
2701,goal_271,1,col_return,11265,1500.69,05,subwp,123,1,E2.1,E2.1-R0,False,subwp,123,05,1,352305696,col_return,return,360.48,0,0,"[0.0, 11.523776835057491]"
2702,goal_271,2,exito,16494,2481.04,05,subwp,123,1,E2.1,E2.1-R0,False,subwp,123,05,2,2381747098,exito,,527.808,0,0,"[0.0, -8.080504979570616]"
2703,goal_271,3,exito,16499,2480.55,05,subwp,123,1,E2.1,E2.1-R0,False,subwp,123,05,3,4210139916,exito,,527.968,0,0,"[0.0, -12.810699412493602]"
2704,goal_271,4,exito,16499,2467.05,05,subwp,123,1,E2.1,E2.1-R0,False,subwp,123,05,4,1687500463,exito,,527.968,0,0,"[0.0, -17.621922468997194]"
2705,goal_271,5,col_return,10873,1452.36,05,subwp,123,1,E2.1,E2.1-R0,False,subwp,123,05,5,328336953,col_return,return,347.936,0,0,"[0.0, -6.3129625753068925]"
2706,goal_271,6,exito,16494,2479.73,05,subwp,123,1,E2.1,E2.1-R0,False,subwp,123,05,6,2325436291,exito,,527.808,0,0,"[0.0, 5.654788508618596]"
2707,goal_271,7,exito,16499,2481.09,05,subwp,123,1,E2.1,E2.1-R0,False,subwp,123,05,7,4254885653,exito,,527.968,0,0,"[0.0, -25.31498128284531]"
2708,goal_271,8,col_return,11441,1530.64,05,subwp,123,1,E2.1,E2.1-R0,False,subwp,123,05,8,1831041668,col_return,return,366.112,0,0,"[0.0, -17.82328149706641]"
2709,goal_271,9,exito,16494,2480.98,05,subwp,123,1,E2.1,E2.1-R0,False,subwp,123,05,9,438585874,exito,,527.808,0,0,"[0.0, -29.972806482305373]"
2710,goal_271,10,exito,16499,2477.01,05,subwp,123,1,E2.1,E2.1-R0,False,subwp,123,05,10,3483435051,exito,,527.968,0,0,"[0.0, 11.97079841371748]"
2711,goal_272,1,exito,16502,2478.89,05,subwp,123,1,E2.1,E2.1-R0,False,subwp,123,05,1,356362263,exito,,528.064,0,0,"[0.0, -23.46371229018353]"
2712,goal_272,2,col_return,10976,1464.8,05,subwp,123,1,E2.1,E2.1-R0,False,subwp,123,05,2,2352282029,col_return,return,351.232,0,0,"[0.0, -29.952119910285248]"
2713,goal_272,3,exito,16497,2481.42,05,subwp,123,1,E2.1,E2.1-R0,False,subwp,123,05,3,4214475067,exito,,527.904,0,0,"[0.0, -18.12358280017507]"
2714,goal_272,4,exito,16502,2481.93,05,subwp,123,1,E2.1,E2.1-R0,False,subwp,123,05,4,1700224152,exito,,528.064,0,0,"[0.0, 22.718395642095516]"
2715,goal_272,5,col_return,11499,1530.74,05,subwp,123,1,E2.1,E2.1-R0,False,subwp,123,05,5,307260430,col_return,return,367.968,0,0,"[0.0, 23.354481929424786]"
2716,goal_272,6,exito,16497,2481.83,05,subwp,123,1,E2.1,E2.1-R0,False,subwp,123,05,6,2337881524,exito,,527.904,0,0,"[0.0, -26.863001482335253]"
2717,goal_272,7,exito,16500,2476.87,05,subwp,123,1,E2.1,E2.1-R0,False,subwp,123,05,7,4234022178,exito,,528.0,0,0,"[0.0, 29.818881910898817]"
2718,goal_272,8,exito,16502,2479.43,05,subwp,123,1,E2.1,E2.1-R0,False,subwp,123,05,8,1826689203,exito,,528.064,0,0,"[0.0, -8.94785061570797]"
2719,goal_272,9,col_return,10997,1459.95,05,subwp,123,1,E2.1,E2.1-R0,False,subwp,123,05,9,468066341,col_return,return,351.904,0,0,"[0.0, 15.507380256418116]"
2720,goal_272,10,exito,16497,2481.4,05,subwp,123,1,E2.1,E2.1-R0,False,subwp,123,05,10,1998415694,exito,,527.904,0,0,"[0.0, -17.488353378068705]"
2721,goal_273,1,exito,16762,2512.12,05,subwp,123,1,E2.1,E2.1-R0,False,subwp,123,05,1,393942606,exito,,536.384,0,0,"[0.0, 24.24258959548091]"
2722,goal_273,2,col_return,11479,1535.01,05,subwp,123,1,E2.1,E2.1-R0,False,subwp,123,05,2,2389854196,col_return,return,367.328,0,0,"[0.0, -18.87147659046121]"
2723,goal_273,3,exito,16758,2512.13,05,subwp,123,1,E2.1,E2.1-R0,False,subwp,123,05,3,4185225058,exito,,536.256,0,0,"[0.0, -4.366729878860143]"
2724,goal_273,4,exito,16762,2512.14,05,subwp,123,1,E2.1,E2.1-R0,False,subwp,123,05,4,1729225409,exito,,536.384,0,0,"[0.0, 7.8445577578219305]"
2725,goal_273,5,col_return,11496,1523.42,05,subwp,123,1,E2.1,E2.1-R0,False,subwp,123,05,5,269931095,col_return,return,367.872,0,0,"[0.0, -22.512654936211483]"
2726,goal_273,6,exito,16758,2512.13,05,subwp,123,1,E2.1,E2.1-R0,False,subwp,123,05,6,2300543981,exito,,536.256,0,0,"[0.0, 0.296160348133232]"
2727,goal_273,7,exito,16762,2512.12,05,subwp,123,1,E2.1,E2.1-R0,False,subwp,123,05,7,4263031675,exito,,536.384,0,0,"[0.0, -10.9024961309861]"
2728,goal_273,8,col_return,11489,1525.79,05,subwp,123,1,E2.1,E2.1-R0,False,subwp,123,05,8,1856483050,col_return,return,367.648,0,0,"[0.0, -23.6919620162118]"
2729,goal_273,9,exito,16755,2511.98,05,subwp,123,1,E2.1,E2.1-R0,False,subwp,123,05,9,429956732,exito,,536.16,0,0,"[0.0, 24.970412353493998]"
2730,goal_273,10,exito,16762,2512.11,05,subwp,123,1,E2.1,E2.1-R0,False,subwp,123,05,10,1705560224,exito,,536.384,0,0,"[0.0, 2.612620229789573]"
2731,goal_274,1,col_return,11477,1532.48,05,subwp,123,1,E2.1,E2.1-R0,False,subwp,123,05,1,381254777,col_return,return,367.264,0,0,"[0.0, -9.910391107474387]"
2732,goal_274,2,exito,16743,2517.01,05,subwp,123,1,E2.1,E2.1-R0,False,subwp,123,05,2,2410687939,exito,,535.776,0,0,"[0.0, 24.56638555172081]"
2733,goal_274,3,exito,16748,2517.02,05,subwp,123,1,E2.1,E2.1-R0,False,subwp,123,05,3,4172750165,exito,,535.936,0,0,"[0.0, -14.868961577734332]"
2734,goal_274,4,col_return,11492,1529.49,05,subwp,123,1,E2.1,E2.1-R0,False,subwp,123,05,4,1725139190,col_return,return,367.744,0,0,"[0.0, 4.535393368911698]"
2735,goal_274,5,exito,16743,2516.94,05,subwp,123,1,E2.1,E2.1-R0,False,subwp,123,05,5,299153504,exito,,535.776,0,0,"[0.0, 9.104722727164305]"
2736,goal_274,6,exito,16748,2517.03,05,subwp,123,1,E2.1,E2.1-R0,False,subwp,123,05,6,2296244698,exito,,535.936,0,0,"[0.0, 16.791684934473455]"
2737,goal_274,7,col_return,11499,1530.39,05,subwp,123,1,E2.1,E2.1-R0,False,subwp,123,05,7,4292532556,col_return,return,367.968,0,0,"[0.0, 29.36945901935919]"
2738,goal_274,8,exito,16743,2517.01,05,subwp,123,1,E2.1,E2.1-R0,False,subwp,123,05,8,1868940509,exito,,535.776,0,0,"[0.0, -3.8258373091905473]"
2739,goal_274,9,exito,16748,2517.03,05,subwp,123,1,E2.1,E2.1-R0,False,subwp,123,05,9,409138251,exito,,535.936,0,0,"[0.0, 9.154954462175972]"
2740,goal_274,10,col_return,11499,1533.54,05,subwp,123,1,E2.1,E2.1-R0,False,subwp,123,05,10,3709120453,col_return,return,367.968,0,0,"[0.0, 24.49716604444985]"
2741,goal_275,1,exito,16969,2542.82,05,subwp,123,1,E2.1,E2.1-R0,False,subwp,123,05,1,334916348,exito,,543.008,0,0,"[0.0, -22.13422824632428]"
2742,goal_275,2,exito,16974,2526.19,05,subwp,123,1,E2.1,E2.1-R0,False,subwp,123,05,2,2331982662,exito,,543.168,0,0,"[0.0, -4.775599421290144]"
2743,goal_275,3,col_return,11381,1516.29,05,subwp,123,1,E2.1,E2.1-R0,False,subwp,123,05,3,4260891600,col_return,return,364.192,0,0,"[0.0, -5.237238259653636]"
2744,goal_275,4,exito,16968,2541.72,05,subwp,123,1,E2.1,E2.1-R0,False,subwp,123,05,4,1671208563,exito,,542.976,0,0,"[0.0, 24.801500602507886]"
2745,goal_275,5,exito,16974,2532.8,05,subwp,123,1,E2.1,E2.1-R0,False,subwp,123,05,5,345747173,exito,,543.168,0,0,"[0.0, 7.557458866873359]"
2746,goal_275,6,col_return,11217,1495.83,05,subwp,123,1,E2.1,E2.1-R0,False,subwp,123,05,6,2375221087,col_return,return,358.944,0,0,"[0.0, -14.779476782231333]"
2747,goal_275,7,exito,16969,2537.81,05,subwp,123,1,E2.1,E2.1-R0,False,subwp,123,05,7,4204122057,exito,,543.008,0,0,"[0.0, 29.5454979725892]"
2748,goal_275,8,exito,16974,2532.35,05,subwp,123,1,E2.1,E2.1-R0,False,subwp,123,05,8,1781191256,exito,,543.168,0,0,"[0.0, 4.787072360429747]"
2749,goal_275,9,col_return,11130,1486.63,05,subwp,123,1,E2.1,E2.1-R0,False,subwp,123,05,9,489546446,col_return,return,356.16,0,0,"[0.0, 24.207952652770935]"
2750,goal_275,10,exito,16969,2533.67,05,subwp,123,1,E2.1,E2.1-R0,False,subwp,123,05,10,1086560124,exito,,543.008,0,0,"[0.0, 7.595775492802909]"
2751,goal_276,1,exito,16971,2527.02,05,subwp,123,1,E2.1,E2.1-R0,False,subwp,123,05,1,305397963,exito,,543.072,0,0,"[0.0, -21.69076744328821]"
2752,goal_276,2,exito,16977,2390.7,05,subwp,123,1,E2.1,E2.1-R0,False,subwp,123,05,2,2336051569,exito,,543.264,0,0,"[0.0, -1.9478894256602408]"
2753,goal_276,3,exito,16971,2545.09,05,subwp,123,1,E2.1,E2.1-R0,False,subwp,123,05,3,4231684583,exito,,543.072,0,0,"[0.0, 27.222071024627294]"
2754,goal_276,4,col_approach,2776,219.18,05,subwp,123,1,E2.1,E2.1-R0,False,subwp,123,05,4,1650390084,col_approach,approach,88.832,0,0,"[0.0, 5.015819725038522]"
2755,goal_276,5,col_return,11483,1536.06,05,subwp,123,1,E2.1,E2.1-R0,False,subwp,123,05,5,358204626,col_return,return,367.456,0,0,"[0.0, -23.86580264183242]"
2756,goal_276,6,exito,16966,2544.85,05,subwp,123,1,E2.1,E2.1-R0,False,subwp,123,05,6,2354091368,exito,,542.912,0,0,"[0.0, 9.00400856985149]"
2757,goal_276,7,exito,16991,2478.67,05,subwp,123,1,E2.1,E2.1-R0,False,subwp,123,05,7,4216825342,exito,,543.712,0,0,"[0.0, 25.371356250468583]"
2758,goal_276,8,col_return,11260,1503.0,05,subwp,123,1,E2.1,E2.1-R0,False,subwp,123,05,8,1810413679,col_return,return,360.32,0,0,"[0.0, 7.579707312883834]"
2759,goal_276,9,exito,16966,2541.7,05,subwp,123,1,E2.1,E2.1-R0,False,subwp,123,05,9,485460217,exito,,542.912,0,0,"[0.0, -25.89695720483347]"
2760,goal_276,10,exito,16971,2538.25,05,subwp,123,1,E2.1,E2.1-R0,False,subwp,123,05,10,4169134105,exito,,543.072,0,0,"[0.0, -12.265231082353553]"
2761,goal_277,1,col_return,11007,1486.76,05,subwp,123,1,E2.1,E2.1-R0,False,subwp,123,05,1,275955346,col_return,return,352.224,0,0,"[0.0, 18.735311323529803]"
2762,goal_277,2,exito,16673,2518.11,05,subwp,123,1,E2.1,E2.1-R0,False,subwp,123,05,2,2306600744,exito,,533.536,0,0,"[0.0, 16.003014652791297]"
2763,goal_277,3,exito,16680,2518.45,05,subwp,123,1,E2.1,E2.1-R0,False,subwp,123,05,3,4269596606,exito,,533.76,0,0,"[0.0, -11.328204197021243]"
2764,goal_277,4,col_return,11340,1523.81,05,subwp,123,1,E2.1,E2.1-R0,False,subwp,123,05,4,1612204573,col_return,return,362.88,0,0,"[0.0, -10.167020966737718]"
2765,goal_277,5,exito,16673,2518.1,05,subwp,123,1,E2.1,E2.1-R0,False,subwp,123,05,5,387938955,exito,,533.536,0,0,"[0.0, 22.745136750442782]"
2766,goal_277,6,exito,16680,2518.41,05,subwp,123,1,E2.1,E2.1-R0,False,subwp,123,05,6,2383817521,exito,,533.76,0,0,"[0.0, -15.06958208918524]"
2767,goal_277,7,col_return,11495,1548.2,05,subwp,123,1,E2.1,E2.1-R0,False,subwp,123,05,7,4178647975,col_return,return,367.84,0,0,"[0.0, -16.869361598032036]"
2768,goal_277,8,exito,16673,2518.12,05,subwp,123,1,E2.1,E2.1-R0,False,subwp,123,05,8,1773012534,exito,,533.536,0,0,"[0.0, 4.116900997935047]"
2769,goal_277,9,exito,16680,2518.42,05,subwp,123,1,E2.1,E2.1-R0,False,subwp,123,05,9,514406048,exito,,533.76,0,0,"[0.0, -15.36757520809179]"
2770,goal_277,10,col_return,11561,1559.11,05,subwp,123,1,E2.1,E2.1-R0,False,subwp,123,05,10,3939131383,col_return,return,369.952,0,0,"[0.0, 4.0539177207042965]"
2771,goal_278,1,exito,16690,2527.71,05,subwp,123,1,E2.1,E2.1-R0,False,subwp,123,05,1,296801445,exito,,534.08,0,0,"[0.0, 27.04150412107689]"
2772,goal_278,2,exito,16695,2527.57,05,subwp,123,1,E2.1,E2.1-R0,False,subwp,123,05,2,2293859615,exito,,534.24,0,0,"[0.0, -26.557152114917574]"
2773,goal_278,3,col_return,11596,1572.74,05,subwp,123,1,E2.1,E2.1-R0,False,subwp,123,05,3,4290688393,col_return,return,371.072,0,0,"[0.0, -7.817995754724021]"
2774,goal_278,4,exito,16690,2527.63,05,subwp,123,1,E2.1,E2.1-R0,False,subwp,123,05,4,1641685034,exito,,534.08,0,0,"[0.0, -8.66067863999314]"
2775,goal_278,5,exito,16696,2527.59,05,subwp,123,1,E2.1,E2.1-R0,False,subwp,123,05,5,383586492,exito,,534.272,0,0,"[0.0, 21.87067723632499]"
2776,goal_278,6,col_return,11604,1572.95,05,subwp,123,1,E2.1,E2.1-R0,False,subwp,123,05,6,2413052166,col_return,return,371.328,0,0,"[0.0, -16.406854281472075]"
2777,goal_278,7,exito,16690,2527.64,05,subwp,123,1,E2.1,E2.1-R0,False,subwp,123,05,7,4174606736,exito,,534.08,0,0,"[0.0, -17.29194739245075]"
2778,goal_278,8,exito,16695,2527.65,05,subwp,123,1,E2.1,E2.1-R0,False,subwp,123,05,8,1751936001,exito,,534.24,0,0,"[0.0, -18.38801266795287]"
2779,goal_278,9,col_return,11606,1574.47,05,subwp,123,1,E2.1,E2.1-R0,False,subwp,123,05,9,527129751,col_return,return,371.392,0,0,"[0.0, -8.744792604074576]"
2780,goal_278,10,exito,16690,2527.73,05,subwp,123,1,E2.1,E2.1-R0,False,subwp,123,05,10,1383479442,exito,,534.08,0,0,"[0.0, 26.394066331644108]"
2781,goal_279,1,exito,16591,2502.38,05,subwp,123,1,E2.1,E2.1-R0,False,subwp,123,05,1,451711896,exito,,530.912,0,0,"[0.0, 12.474360368609531]"
2782,goal_279,2,col_return,11604,1562.36,05,subwp,123,1,E2.1,E2.1-R0,False,subwp,123,05,2,2212872738,col_return,return,371.328,0,0,"[0.0, 13.52668681528121]"
2783,goal_279,3,exito,16586,2502.33,05,subwp,123,1,E2.1,E2.1-R0,False,subwp,123,05,3,4108513972,exito,,530.752,0,0,"[0.0, -14.114580009749513]"
2784,goal_279,4,exito,16591,2502.33,05,subwp,123,1,E2.1,E2.1-R0,False,subwp,123,05,4,1787193111,exito,,530.912,0,0,"[0.0, -1.9056990427488563]"
2785,goal_279,5,exito,16591,2487.7,05,subwp,123,1,E2.1,E2.1-R0,False,subwp,123,05,5,495015809,exito,,530.912,0,0,"[0.0, 26.863466056300638]"
2786,goal_279,6,col_return,10923,1465.45,05,subwp,123,1,E2.1,E2.1-R0,False,subwp,123,05,6,2223507003,col_return,return,349.536,0,0,"[0.0, 28.576433699097727]"
2787,goal_279,7,exito,16586,2502.34,05,subwp,123,1,E2.1,E2.1-R0,False,subwp,123,05,7,4086249133,exito,,530.752,0,0,"[0.0, 24.826896490625998]"
2788,goal_279,8,exito,16591,2502.39,05,subwp,123,1,E2.1,E2.1-R0,False,subwp,123,05,8,1664101180,exito,,530.912,0,0,"[0.0, -17.13671760744281]"
2789,goal_279,9,col_return,11373,1528.85,05,subwp,123,1,E2.1,E2.1-R0,False,subwp,123,05,9,339155882,col_return,return,363.936,0,0,"[0.0, -2.253390149687302]"
2790,goal_279,10,exito,16586,2502.3,05,subwp,123,1,E2.1,E2.1-R0,False,subwp,123,05,10,169158852,exito,,530.752,0,0,"[0.0, 28.025675992847603]"
2791,goal_280,1,exito,16602,2513.73,05,subwp,123,1,E2.1,E2.1-R0,False,subwp,123,05,1,456063407,exito,,531.264,0,0,"[0.0, 10.365812609087083]"
2792,goal_280,2,col_return,11593,1571.05,05,subwp,123,1,E2.1,E2.1-R0,False,subwp,123,05,2,2183637013,col_return,return,370.976,0,0,"[0.0, -15.80065106192691]"
2793,goal_280,3,exito,16596,2513.45,05,subwp,123,1,E2.1,E2.1-R0,False,subwp,123,05,3,4112554115,exito,,531.072,0,0,"[0.0, 3.9957722148092834]"
2794,goal_280,4,exito,16602,2513.75,05,subwp,123,1,E2.1,E2.1-R0,False,subwp,123,05,4,1799621920,exito,,531.264,0,0,"[0.0, 27.04068856798036]"
2795,goal_280,5,exito,16602,2491.15,05,subwp,123,1,E2.1,E2.1-R0,False,subwp,123,05,5,474168758,exito,,531.264,0,0,"[0.0, -28.31514727352199]"
2796,goal_280,6,col_return,10897,1469.22,05,subwp,123,1,E2.1,E2.1-R0,False,subwp,123,05,6,2236247052,col_return,return,348.704,0,0,"[0.0, -11.298827082997944]"
2797,goal_280,7,exito,16597,2513.61,05,subwp,123,1,E2.1,E2.1-R0,False,subwp,123,05,7,4065156250,exito,,531.104,0,0,"[0.0, -10.514018572594017]"
2798,goal_280,8,exito,16602,2513.75,05,subwp,123,1,E2.1,E2.1-R0,False,subwp,123,05,8,1660043531,exito,,531.264,0,0,"[0.0, 4.437925048253075]"
2799,goal_280,9,col_return,11353,1529.16,05,subwp,123,1,E2.1,E2.1-R0,False,subwp,123,05,9,368406941,col_return,return,363.296,0,0,"[0.0, -22.45785105353354]"
2800,goal_280,10,exito,16597,2513.66,05,subwp,123,1,E2.1,E2.1-R0,False,subwp,123,05,10,2997440417,exito,,531.104,0,0,"[0.0, -4.795623923604067]"
2801,goal_281,1,exito,16349,2466.32,05,subwp,123,1,E2.1,E2.1-R0,False,subwp,123,05,1,1285345910,exito,,523.168,0,0,"[0.0, 10.282119583731511]"
2802,goal_281,2,exito,16349,2462.95,05,subwp,123,1,E2.1,E2.1-R0,False,subwp,123,05,2,3583345612,exito,,523.168,0,0,"[0.0, 2.6040220579485207]"
2803,goal_281,3,col_return,10889,1463.94,05,subwp,123,1,E2.1,E2.1-R0,False,subwp,123,05,3,2727523162,col_return,return,348.448,0,0,"[0.0, -19.019029706416678]"
2804,goal_281,4,exito,16343,2466.09,05,subwp,123,1,E2.1,E2.1-R0,False,subwp,123,05,4,1022764793,exito,,522.976,0,0,"[0.0, -24.265206891684937]"
2805,goal_281,5,exito,16349,2466.27,05,subwp,123,1,E2.1,E2.1-R0,False,subwp,123,05,5,1274091119,exito,,523.168,0,0,"[0.0, -3.6396077227177415]"
2806,goal_281,6,exito,16349,2464.4,05,subwp,123,1,E2.1,E2.1-R0,False,subwp,123,05,6,3539486677,exito,,523.168,0,0,"[0.0, 25.777537524055877]"
2807,goal_281,7,col_return,10935,1458.5,05,subwp,123,1,E2.1,E2.1-R0,False,subwp,123,05,7,2784982851,col_return,return,349.92,0,0,"[0.0, -25.892887130542473]"
2808,goal_281,8,exito,16344,2466.27,05,subwp,123,1,E2.1,E2.1-R0,False,subwp,123,05,8,893414098,exito,,523.008,0,0,"[0.0, -19.410558257829177]"
2809,goal_281,9,exito,16349,2466.27,05,subwp,123,1,E2.1,E2.1-R0,False,subwp,123,05,9,1111972420,exito,,523.168,0,0,"[0.0, 26.286029936779]"
2810,goal_281,10,exito,16349,2464.72,05,subwp,123,1,E2.1,E2.1-R0,False,subwp,123,05,10,1307678714,exito,,523.168,0,0,"[0.0, -27.070503547168286]"
2811,goal_282,1,col_return,10941,1476.55,05,subwp,123,1,E2.1,E2.1-R0,False,subwp,123,05,1,1298053185,col_return,return,350.112,0,0,"[0.0, 10.071623245572148]"
2812,goal_282,2,exito,16337,2479.99,05,subwp,123,1,E2.1,E2.1-R0,False,subwp,123,05,2,3562531323,exito,,522.784,0,0,"[0.0, 7.690395516086088]"
2813,goal_282,3,exito,16342,2480.04,05,subwp,123,1,E2.1,E2.1-R0,False,subwp,123,05,3,2739984749,exito,,522.944,0,0,"[0.0, 18.0854261430655]"
2814,goal_282,4,exito,16341,2478.8,05,subwp,123,1,E2.1,E2.1-R0,False,subwp,123,05,4,1026837710,exito,,522.912,0,0,"[0.0, -10.259331979294045]"
2815,goal_282,5,col_return,10951,1483.61,05,subwp,123,1,E2.1,E2.1-R0,False,subwp,123,05,5,1244888152,col_return,return,350.432,0,0,"[0.0, -22.755103271898353]"
2816,goal_282,6,exito,16337,2479.92,05,subwp,123,1,E2.1,E2.1-R0,False,subwp,123,05,6,3543805410,exito,,522.784,0,0,"[0.0, -24.953341568014235]"
2817,goal_282,7,exito,16341,2479.89,05,subwp,123,1,E2.1,E2.1-R0,False,subwp,123,05,7,2755468660,exito,,522.912,0,0,"[0.0, 22.02949311745879]"
2818,goal_282,8,exito,16341,2479.04,05,subwp,123,1,E2.1,E2.1-R0,False,subwp,123,05,8,880935141,exito,,522.912,0,0,"[0.0, -8.691918840590043]"
2819,goal_282,9,col_return,10956,1487.15,05,subwp,123,1,E2.1,E2.1-R0,False,subwp,123,05,9,1132802163,col_return,return,350.592,0,0,"[0.0, -8.412278525360781]"
2820,goal_282,10,exito,16337,2480.08,05,subwp,123,1,E2.1,E2.1-R0,False,subwp,123,05,10,4115525791,exito,,522.784,0,0,"[0.0, 6.730188669839183]"
2821,goal_283,1,exito,16093,2431.75,05,subwp,123,1,E2.1,E2.1-R0,False,subwp,123,05,1,1326974488,exito,,514.976,0,0,"[0.0, -22.601054409640476]"
2822,goal_283,2,exito,16093,2431.68,05,subwp,123,1,E2.1,E2.1-R0,False,subwp,123,05,2,3591460770,exito,,514.976,0,0,"[0.0, 19.944637370929243]"
2823,goal_283,3,col_return,11089,1493.22,05,subwp,123,1,E2.1,E2.1-R0,False,subwp,123,05,3,2702599988,col_return,return,354.848,0,0,"[0.0, 28.20008005916136]"
2824,goal_283,4,exito,16088,2431.66,05,subwp,123,1,E2.1,E2.1-R0,False,subwp,123,05,4,1064497815,exito,,514.816,0,0,"[0.0, -8.614963548700064]"
2825,goal_283,5,exito,16093,2431.67,05,subwp,123,1,E2.1,E2.1-R0,False,subwp,123,05,5,1215676929,exito,,514.976,0,0,"[0.0, -8.453688711558298]"
2826,goal_283,6,exito,16093,2431.8,05,subwp,123,1,E2.1,E2.1-R0,False,subwp,123,05,6,3514602427,exito,,514.976,0,0,"[0.0, 8.291058629822343]"
2827,goal_283,7,exito,16093,2431.4,05,subwp,123,1,E2.1,E2.1-R0,False,subwp,123,05,7,2793120557,exito,,514.976,0,0,"[0.0, -15.338100883683962]"
2828,goal_283,8,col_return,10862,1458.26,05,subwp,123,1,E2.1,E2.1-R0,False,subwp,123,05,8,918863548,col_return,return,347.584,0,0,"[0.0, -3.363450103268366]"
2829,goal_283,9,exito,16086,2431.58,05,subwp,123,1,E2.1,E2.1-R0,False,subwp,123,05,9,1103334954,exito,,514.752,0,0,"[0.0, -7.466750907170687]"
2830,goal_283,10,exito,16093,2431.74,05,subwp,123,1,E2.1,E2.1-R0,False,subwp,123,05,10,3891814257,exito,,514.976,0,0,"[0.0, -5.943383439171299]"
2831,goal_284,1,exito,16104,2444.0,05,subwp,123,1,E2.1,E2.1-R0,False,subwp,123,05,1,1322937391,exito,,515.328,0,0,"[0.0, 27.58665281774166]"
2832,goal_284,2,exito,16107,2438.82,05,subwp,123,1,E2.1,E2.1-R0,False,subwp,123,05,2,3620945301,exito,,515.424,0,0,"[0.0, -8.56988435229966]"
2833,goal_284,3,col_return,10738,1455.18,05,subwp,123,1,E2.1,E2.1-R0,False,subwp,123,05,3,2698251523,col_return,return,343.616,0,0,"[0.0, 15.09418817127312]"
2834,goal_284,4,exito,16099,2443.87,05,subwp,123,1,E2.1,E2.1-R0,False,subwp,123,05,4,1051760800,exito,,515.168,0,0,"[0.0, 5.981856640082124]"
2835,goal_284,5,exito,16107,2444.23,05,subwp,123,1,E2.1,E2.1-R0,False,subwp,123,05,5,1236772918,exito,,515.424,0,0,"[0.0, 19.102352815322497]"
2836,goal_284,6,exito,16107,2444.19,05,subwp,123,1,E2.1,E2.1-R0,False,subwp,123,05,6,3502176652,exito,,515.424,0,0,"[0.0, 0.9298648551468225]"
2837,goal_284,7,exito,16107,2425.7,05,subwp,123,1,E2.1,E2.1-R0,False,subwp,123,05,7,2813970714,exito,,515.424,0,0,"[0.0, -26.40495225610975]"
2838,goal_284,8,col_return,10665,1437.9,05,subwp,123,1,E2.1,E2.1-R0,False,subwp,123,05,8,923194507,col_return,return,341.28,0,0,"[0.0, -0.8285012853000451]"
2839,goal_284,9,exito,16102,2444.12,05,subwp,123,1,E2.1,E2.1-R0,False,subwp,123,05,9,1073865757,exito,,515.264,0,0,"[0.0, -5.706352047619134]"
2840,goal_284,10,exito,16107,2444.2,05,subwp,123,1,E2.1,E2.1-R0,False,subwp,123,05,10,1598306324,exito,,515.424,0,0,"[0.0, -20.725566263157027]"
2841,goal_285,1,exito,15865,2400.26,05,subwp,123,1,E2.1,E2.1-R0,False,subwp,123,05,1,1268087466,exito,,507.68,0,0,"[0.0, -20.602977747040715]"
2842,goal_285,2,exito,15867,2400.07,05,subwp,123,1,E2.1,E2.1-R0,False,subwp,123,05,2,3533450000,exito,,507.744,0,0,"[0.0, 22.903700405733666]"
2843,goal_285,3,col_return,10742,1438.25,05,subwp,123,1,E2.1,E2.1-R0,False,subwp,123,05,3,2778405766,col_return,return,343.744,0,0,"[0.0, 1.4733868389165505]"
2844,goal_285,4,exito,15861,2400.56,05,subwp,123,1,E2.1,E2.1-R0,False,subwp,123,05,4,1006603813,exito,,507.552,0,0,"[0.0, -6.512347399717315]"
2845,goal_285,5,exito,15867,2400.62,05,subwp,123,1,E2.1,E2.1-R0,False,subwp,123,05,5,1291370163,exito,,507.744,0,0,"[0.0, 23.644391989257166]"
2846,goal_285,6,exito,15867,2400.6,05,subwp,123,1,E2.1,E2.1-R0,False,subwp,123,05,6,3589402377,exito,,507.744,0,0,"[0.0, 21.768681366935667]"
2847,goal_285,7,exito,15867,2400.62,05,subwp,123,1,E2.1,E2.1-R0,False,subwp,123,05,7,2734088095,exito,,507.744,0,0,"[0.0, -16.186958986753815]"
2848,goal_285,8,exito,15867,2399.19,05,subwp,123,1,E2.1,E2.1-R0,False,subwp,123,05,8,843694606,exito,,507.744,0,0,"[0.0, -18.5003258235689]"
2849,goal_285,9,col_return,10694,1434.28,05,subwp,123,1,E2.1,E2.1-R0,False,subwp,123,05,9,1162801816,col_return,return,342.208,0,0,"[0.0, 9.647965670120511]"
2850,goal_285,10,exito,15862,2400.55,05,subwp,123,1,E2.1,E2.1-R0,False,subwp,123,05,10,3264413869,exito,,507.584,0,0,"[0.0, 7.116024174572506]"
2851,goal_286,1,exito,15872,2413.72,05,subwp,123,1,E2.1,E2.1-R0,False,subwp,123,05,1,1247219869,exito,,507.904,0,0,"[0.0, 21.322869027867736]"
2852,goal_286,2,exito,15870,2413.54,05,subwp,123,1,E2.1,E2.1-R0,False,subwp,123,05,2,3546169639,exito,,507.84,0,0,"[0.0, 17.87860526144098]"
2853,goal_286,3,exito,15870,2413.51,05,subwp,123,1,E2.1,E2.1-R0,False,subwp,123,05,3,2757325233,exito,,507.84,0,0,"[0.0, 26.552545798538144]"
2854,goal_286,4,exito,15870,2411.35,05,subwp,123,1,E2.1,E2.1-R0,False,subwp,123,05,4,977134610,exito,,507.84,0,0,"[0.0, -20.639480983234346]"
2855,goal_286,5,col_return,10687,1444.14,05,subwp,123,1,E2.1,E2.1-R0,False,subwp,123,05,5,1295701124,col_return,return,341.984,0,0,"[0.0, 14.548603960549794]"
2856,goal_286,6,exito,15867,2413.69,05,subwp,123,1,E2.1,E2.1-R0,False,subwp,123,05,6,3560146238,exito,,507.744,0,0,"[0.0, -9.090641733084277]"
2857,goal_286,7,exito,15870,2413.49,05,subwp,123,1,E2.1,E2.1-R0,False,subwp,123,05,7,2738140584,exito,,507.84,0,0,"[0.0, 8.685576171355748]"
2858,goal_286,8,exito,15870,2413.51,05,subwp,123,1,E2.1,E2.1-R0,False,subwp,123,05,8,864790585,exito,,507.84,0,0,"[0.0, -23.113704207004076]"
2859,goal_286,9,exito,15870,2413.52,05,subwp,123,1,E2.1,E2.1-R0,False,subwp,123,05,9,1150064815,exito,,507.84,0,0,"[0.0, -3.198413224769563]"
2860,goal_286,10,exito,15872,2410.61,05,subwp,123,1,E2.1,E2.1-R0,False,subwp,123,05,10,2049927112,exito,,507.904,0,0,"[0.0, 22.171624260062806]"
2861,goal_287,1,col_return,10541,1411.63,05,subwp,123,1,E2.1,E2.1-R0,False,subwp,123,05,1,1209118404,col_return,return,337.312,0,0,"[0.0, -2.3462728962146207]"
2862,goal_287,2,exito,15627,2365.6,05,subwp,123,1,E2.1,E2.1-R0,False,subwp,123,05,2,3508076414,exito,,500.064,0,0,"[0.0, 17.77415784799246]"
2863,goal_287,3,exito,15632,2365.69,05,subwp,123,1,E2.1,E2.1-R0,False,subwp,123,05,3,2787102696,exito,,500.224,0,0,"[0.0, -18.09096368651658]"
2864,goal_287,4,exito,15632,2365.71,05,subwp,123,1,E2.1,E2.1-R0,False,subwp,123,05,4,947608139,exito,,500.224,0,0,"[0.0, -21.579597697196476]"
2865,goal_287,5,exito,15632,2365.7,05,subwp,123,1,E2.1,E2.1-R0,False,subwp,123,05,5,1333553885,exito,,500.224,0,0,"[0.0, -2.5659266510854684]"
2866,goal_287,6,exito,15632,2365.69,05,subwp,123,1,E2.1,E2.1-R0,False,subwp,123,05,6,3598007143,exito,,500.224,0,0,"[0.0, 1.9986629841504922]"
2867,goal_287,7,exito,15632,2365.7,05,subwp,123,1,E2.1,E2.1-R0,False,subwp,123,05,7,2708605937,exito,,500.224,0,0,"[0.0, -9.657756071918788]"
2868,goal_287,8,exito,15632,2363.33,05,subwp,123,1,E2.1,E2.1-R0,False,subwp,123,05,8,835524192,exito,,500.224,0,0,"[0.0, -28.289423245258863]"
2869,goal_287,9,col_return,10560,1409.01,05,subwp,123,1,E2.1,E2.1-R0,False,subwp,123,05,9,1187653366,col_return,return,337.92,0,0,"[0.0, 27.763737306022044]"
2870,goal_287,10,exito,15627,2365.64,05,subwp,123,1,E2.1,E2.1-R0,False,subwp,123,05,10,1754974246,exito,,500.064,0,0,"[0.0, -7.362810168902487]"
2871,goal_288,1,exito,15633,2377.75,05,subwp,123,1,E2.1,E2.1-R0,False,subwp,123,05,1,1238615283,exito,,500.256,0,0,"[0.0, 28.465393854830012]"
2872,goal_288,2,exito,15630,2378.07,05,subwp,123,1,E2.1,E2.1-R0,False,subwp,123,05,2,3503985993,exito,,500.16,0,0,"[0.0, 6.2813578287988125]"
2873,goal_288,3,exito,15633,2377.9,05,subwp,123,1,E2.1,E2.1-R0,False,subwp,123,05,3,2816320991,exito,,500.256,0,0,"[0.0, -8.227604334827367]"
2874,goal_288,4,exito,15630,2378.02,05,subwp,123,1,E2.1,E2.1-R0,False,subwp,123,05,4,968437884,exito,,500.16,0,0,"[0.0, -26.609973221588824]"
2875,goal_288,5,exito,15633,2377.88,05,subwp,123,1,E2.1,E2.1-R0,False,subwp,123,05,5,1321074922,exito,,500.256,0,0,"[0.0, -19.645999101716974]"
2876,goal_288,6,exito,15630,2375.98,05,subwp,123,1,E2.1,E2.1-R0,False,subwp,123,05,6,3619115344,exito,,500.16,0,0,"[0.0, 23.554960341021104]"
2877,goal_288,7,col_return,10577,1416.81,05,subwp,123,1,E2.1,E2.1-R0,False,subwp,123,05,7,2695913926,col_return,return,338.464,0,0,"[0.0, 4.953719639674972]"
2878,goal_288,8,exito,15624,2378.01,05,subwp,123,1,E2.1,E2.1-R0,False,subwp,123,05,8,806321239,exito,,499.968,0,0,"[0.0, 29.233963182189537]"
2879,goal_288,9,exito,15631,2377.72,05,subwp,123,1,E2.1,E2.1-R0,False,subwp,123,05,9,1191726273,exito,,500.192,0,0,"[0.0, 5.680077950180291]"
2880,goal_288,10,exito,15627,2378.49,05,subwp,123,1,E2.1,E2.1-R0,False,subwp,123,05,10,3492196163,exito,,500.064,0,0,"[0.0, -8.415413861839697]"
2881,goal_289,1,exito,15406,2334.76,05,subwp,123,1,E2.1,E2.1-R0,False,subwp,123,05,1,1116701646,exito,,492.992,0,0,"[0.0, 5.591476617879188]"
2882,goal_289,2,exito,15406,2334.71,05,subwp,123,1,E2.1,E2.1-R0,False,subwp,123,05,2,3683046004,exito,,492.992,0,0,"[0.0, 0.6150477739844673]"
2883,goal_289,3,exito,15406,2334.73,05,subwp,123,1,E2.1,E2.1-R0,False,subwp,123,05,3,2894193378,exito,,492.992,0,0,"[0.0, -0.16511231947231142]"
2884,goal_289,4,exito,15406,2334.72,05,subwp,123,1,E2.1,E2.1-R0,False,subwp,123,05,4,853899073,exito,,492.992,0,0,"[0.0, -18.289639050757035]"
2885,goal_289,5,exito,15406,2334.7,05,subwp,123,1,E2.1,E2.1-R0,False,subwp,123,05,5,1172457431,exito,,492.992,0,0,"[0.0, 5.149040578312649]"
2886,goal_289,6,exito,15406,2333.97,05,subwp,123,1,E2.1,E2.1-R0,False,subwp,123,05,6,3706394221,exito,,492.992,0,0,"[0.0, 4.282641392928457]"
2887,goal_289,7,exito,15406,2311.27,05,subwp,123,1,E2.1,E2.1-R0,False,subwp,123,05,7,2884380411,exito,,492.992,0,0,"[0.0, -4.519471165710682]"
2888,goal_289,8,col_return,10296,1377.1,05,subwp,123,1,E2.1,E2.1-R0,False,subwp,123,05,8,995310442,col_return,return,329.472,0,0,"[0.0, -16.36272889439224]"
2889,goal_289,9,exito,15401,2334.6,05,subwp,123,1,E2.1,E2.1-R0,False,subwp,123,05,9,1280576508,exito,,492.832,0,0,"[0.0, -22.27146689979581]"
2890,goal_289,10,exito,15406,2334.72,05,subwp,123,1,E2.1,E2.1-R0,False,subwp,123,05,10,2286272277,exito,,492.992,0,0,"[0.0, 27.939010536846215]"
2891,goal_290,1,exito,15404,2348.4,05,subwp,123,1,E2.1,E2.1-R0,False,subwp,123,05,1,1129179641,exito,,492.928,0,0,"[0.0, 4.646079529424307]"
2892,goal_290,2,exito,15404,2348.43,05,subwp,123,1,E2.1,E2.1-R0,False,subwp,123,05,2,3661936707,exito,,492.928,0,0,"[0.0, 17.196277229457543]"
2893,goal_290,3,exito,15404,2348.41,05,subwp,123,1,E2.1,E2.1-R0,False,subwp,123,05,3,2906884309,exito,,492.928,0,0,"[0.0, -13.096963643902818]"
2894,goal_290,4,exito,15404,2348.44,05,subwp,123,1,E2.1,E2.1-R0,False,subwp,123,05,4,858201462,exito,,492.928,0,0,"[0.0, -25.802690266509767]"
2895,goal_290,5,exito,15404,2348.46,05,subwp,123,1,E2.1,E2.1-R0,False,subwp,123,05,5,1142959584,exito,,492.928,0,0,"[0.0, -18.399581463468067]"
2896,goal_290,6,exito,15404,2348.41,05,subwp,123,1,E2.1,E2.1-R0,False,subwp,123,05,6,3710483546,exito,,492.928,0,0,"[0.0, -28.031216755420363]"
2897,goal_290,7,exito,15404,2348.42,05,subwp,123,1,E2.1,E2.1-R0,False,subwp,123,05,7,2855161036,exito,,492.928,0,0,"[0.0, 19.912265492655663]"
2898,goal_290,8,exito,15404,2348.47,05,subwp,123,1,E2.1,E2.1-R0,False,subwp,123,05,8,982602077,exito,,492.928,0,0,"[0.0, -20.720871293588548]"
2899,goal_290,9,exito,15404,2344.83,05,subwp,123,1,E2.1,E2.1-R0,False,subwp,123,05,9,1301701067,exito,,492.928,0,0,"[0.0, 6.46730280921024]"
2900,goal_290,10,col_return,10413,1411.11,05,subwp,123,1,E2.1,E2.1-R0,False,subwp,123,05,10,821680240,col_return,return,333.216,0,0,"[0.0, 2.9820628097762647]"
2901,goal_291,1,exito,15147,2300.25,05,subwp,123,1,E2.1,E2.1-R0,False,subwp,123,05,1,4095784211,exito,,484.704,0,0,"[0.0, -7.295370522536329]"
2902,goal_291,2,exito,15154,2300.33,05,subwp,123,1,E2.1,E2.1-R0,False,subwp,123,05,2,1831462057,exito,,484.928,0,0,"[0.0, -13.172002275695395]"
2903,goal_291,3,exito,15154,2300.32,05,subwp,123,1,E2.1,E2.1-R0,False,subwp,123,05,3,439276607,exito,,484.928,0,0,"[0.0, -10.225603599770686]"
2904,goal_291,4,exito,15154,2300.32,05,subwp,123,1,E2.1,E2.1-R0,False,subwp,123,05,4,2219458972,exito,,484.928,0,0,"[0.0, -20.157774562099544]"
2905,goal_291,5,exito,15154,2300.32,05,subwp,123,1,E2.1,E2.1-R0,False,subwp,123,05,5,4081938698,exito,,484.928,0,0,"[0.0, -23.47699548669351]"
2906,goal_291,6,exito,15154,2300.39,05,subwp,123,1,E2.1,E2.1-R0,False,subwp,123,05,6,1782849712,exito,,484.928,0,0,"[0.0, 14.372209336992736]"
2907,goal_291,7,exito,15154,2300.33,05,subwp,123,1,E2.1,E2.1-R0,False,subwp,123,05,7,490934310,exito,,484.928,0,0,"[0.0, 26.065318764072533]"
2908,goal_291,8,exito,15154,2300.32,05,subwp,123,1,E2.1,E2.1-R0,False,subwp,123,05,8,2382106039,exito,,484.928,0,0,"[0.0, -10.904558728502336]"
2909,goal_291,9,exito,15154,2300.39,05,subwp,123,1,E2.1,E2.1-R0,False,subwp,123,05,9,4210769185,exito,,484.928,0,0,"[0.0, -22.27853877415521]"
2910,goal_291,10,exito,15154,2300.33,05,subwp,123,1,E2.1,E2.1-R0,False,subwp,123,05,10,1888599626,exito,,484.928,0,0,"[0.0, 10.199835599486672]"
2911,goal_292,1,exito,15160,2312.15,05,subwp,123,1,E2.1,E2.1-R0,False,subwp,123,05,1,4125286180,exito,,485.12,0,0,"[0.0, 11.612832707673189]"
2912,goal_292,2,exito,15160,2312.13,05,subwp,123,1,E2.1,E2.1-R0,False,subwp,123,05,2,1827376798,exito,,485.12,0,0,"[0.0, -8.3219697949428]"
2913,goal_292,3,exito,15160,2312.1,05,subwp,123,1,E2.1,E2.1-R0,False,subwp,123,05,3,468499976,exito,,485.12,0,0,"[0.0, -20.277484365798507]"
2914,goal_292,4,exito,15160,2312.09,05,subwp,123,1,E2.1,E2.1-R0,False,subwp,123,05,4,2240293803,exito,,485.12,0,0,"[0.0, 15.1199507754615]"
2915,goal_292,5,exito,15160,2312.12,05,subwp,123,1,E2.1,E2.1-R0,False,subwp,123,05,5,4069464893,exito,,485.12,0,0,"[0.0, -11.809756427306603]"
2916,goal_292,6,exito,15160,2312.09,05,subwp,123,1,E2.1,E2.1-R0,False,subwp,123,05,6,1803963015,exito,,485.12,0,0,"[0.0, -27.09370942443318]"
2917,goal_292,7,exito,15160,2312.11,05,subwp,123,1,E2.1,E2.1-R0,False,subwp,123,05,7,478247441,exito,,485.12,0,0,"[0.0, 9.663525887466855]"
2918,goal_292,8,exito,15160,2312.17,05,subwp,123,1,E2.1,E2.1-R0,False,subwp,123,05,8,2352899968,exito,,485.12,0,0,"[0.0, 2.7220748453595034]"
2919,goal_292,9,exito,15160,2312.14,05,subwp,123,1,E2.1,E2.1-R0,False,subwp,123,05,9,4214839062,exito,,485.12,0,0,"[0.0, -24.718757200637775]"
2920,goal_292,10,exito,15160,2312.12,05,subwp,123,1,E2.1,E2.1-R0,False,subwp,123,05,10,3358447919,exito,,485.12,0,0,"[0.0, 12.677971449887002]"
2921,goal_293,1,exito,14901,2264.98,05,subwp,123,1,E2.1,E2.1-R0,False,subwp,123,05,1,4154745213,exito,,476.832,0,0,"[0.0, -6.291494715946648]"
2922,goal_293,2,exito,14900,2264.9,05,subwp,123,1,E2.1,E2.1-R0,False,subwp,123,05,2,1856843975,exito,,476.8,0,0,"[0.0, 16.649208897229407]"
2923,goal_293,3,exito,14901,2265.12,05,subwp,123,1,E2.1,E2.1-R0,False,subwp,123,05,3,430571601,exito,,476.832,0,0,"[0.0, 20.679874583602214]"
2924,goal_293,4,exito,14901,2265.07,05,subwp,123,1,E2.1,E2.1-R0,False,subwp,123,05,4,2278462962,exito,,476.832,0,0,"[0.0, 25.52740345020498]"
2925,goal_293,5,exito,14900,2264.89,05,subwp,123,1,E2.1,E2.1-R0,False,subwp,123,05,5,4039746916,exito,,476.8,0,0,"[0.0, -7.899906469755226]"
2926,goal_293,6,exito,14901,2265.11,05,subwp,123,1,E2.1,E2.1-R0,False,subwp,123,05,6,1774253278,exito,,476.832,0,0,"[0.0, 10.614929828644524]"
2927,goal_293,7,exito,14900,2264.9,05,subwp,123,1,E2.1,E2.1-R0,False,subwp,123,05,7,516408392,exito,,476.8,0,0,"[0.0, -1.4620782197041193]"
2928,goal_293,8,exito,14901,2265.12,05,subwp,123,1,E2.1,E2.1-R0,False,subwp,123,05,8,2390284761,exito,,476.832,0,0,"[0.0, -24.313774052009837]"
2929,goal_293,9,exito,14901,2265.09,05,subwp,123,1,E2.1,E2.1-R0,False,subwp,123,05,9,4185909583,exito,,476.832,0,0,"[0.0, 0.9770125364836368]"
2930,goal_293,10,exito,14900,2264.88,05,subwp,123,1,E2.1,E2.1-R0,False,subwp,123,05,10,3667424961,exito,,476.8,0,0,"[0.0, -19.002032413498743]"
2931,goal_294,1,exito,14934,2277.63,05,subwp,123,1,E2.1,E2.1-R0,False,subwp,123,05,1,4133882698,exito,,477.888,0,0,"[0.0, 12.339475841811288]"
2932,goal_294,2,exito,14931,2277.24,05,subwp,123,1,E2.1,E2.1-R0,False,subwp,123,05,2,1869568752,exito,,477.792,0,0,"[0.0, 13.084214919868113]"
2933,goal_294,3,exito,14933,2277.5,05,subwp,123,1,E2.1,E2.1-R0,False,subwp,123,05,3,409496166,exito,,477.856,0,0,"[0.0, -24.559615503042686]"
2934,goal_294,4,exito,14933,2277.5,05,subwp,123,1,E2.1,E2.1-R0,False,subwp,123,05,4,2248998853,exito,,477.856,0,0,"[0.0, 29.465485975190475]"
2935,goal_294,5,exito,14934,2277.62,05,subwp,123,1,E2.1,E2.1-R0,False,subwp,123,05,5,4044083027,exito,,477.888,0,0,"[0.0, 4.975835434248412]"
2936,goal_294,6,exito,14931,2277.25,05,subwp,123,1,E2.1,E2.1-R0,False,subwp,123,05,6,1745002217,exito,,477.792,0,0,"[0.0, 21.173999512301204]"
2937,goal_294,7,exito,14933,2277.48,05,subwp,123,1,E2.1,E2.1-R0,False,subwp,123,05,7,520466047,exito,,477.856,0,0,"[0.0, -14.944052021043891]"
2938,goal_294,8,exito,14933,2277.5,05,subwp,123,1,E2.1,E2.1-R0,False,subwp,123,05,8,2411377646,exito,,477.856,0,0,"[0.0, -4.908009109119165]"
2939,goal_294,9,exito,14934,2277.62,05,subwp,123,1,E2.1,E2.1-R0,False,subwp,123,05,9,4173169528,exito,,477.888,0,0,"[0.0, 26.843208143459847]"
2940,goal_294,10,exito,14931,2277.23,05,subwp,123,1,E2.1,E2.1-R0,False,subwp,123,05,10,1646530980,exito,,477.792,0,0,"[0.0, 24.748356290690797]"
2941,goal_295,1,exito,14699,2236.72,05,subwp,123,1,E2.1,E2.1-R0,False,subwp,123,05,1,4079558095,exito,,470.368,0,0,"[0.0, -16.217187310963258]"
2942,goal_295,2,exito,14699,2236.72,05,subwp,123,1,E2.1,E2.1-R0,False,subwp,123,05,2,1780501621,exito,,470.368,0,0,"[0.0, -17.997220845460294]"
2943,goal_295,3,exito,14697,2236.53,05,subwp,123,1,E2.1,E2.1-R0,False,subwp,123,05,3,489127139,exito,,470.304,0,0,"[0.0, 5.829100169911417]"
2944,goal_295,4,exito,14697,2236.52,05,subwp,123,1,E2.1,E2.1-R0,False,subwp,123,05,4,2202265920,exito,,470.304,0,0,"[0.0, 27.683268289655487]"
2945,goal_295,5,exito,14697,2236.52,05,subwp,123,1,E2.1,E2.1-R0,False,subwp,123,05,5,4098152918,exito,,470.304,0,0,"[0.0, 2.167098940927572]"
2946,goal_295,6,exito,14697,2236.53,05,subwp,123,1,E2.1,E2.1-R0,False,subwp,123,05,6,1833797740,exito,,470.304,0,0,"[0.0, -18.321711101760584]"
2947,goal_295,7,exito,14697,2229.01,05,subwp,123,1,E2.1,E2.1-R0,False,subwp,123,05,7,441104634,exito,,470.304,0,0,"[0.0, 8.202435665739687]"
2948,goal_295,8,col_return,8901,1185.52,05,subwp,123,1,E2.1,E2.1-R0,False,subwp,123,05,8,2331354475,col_return,return,284.832,0,0,"[0.0, 11.839342033344668]"
2949,goal_295,9,exito,14692,2236.43,05,subwp,123,1,E2.1,E2.1-R0,False,subwp,123,05,9,4260533757,exito,,470.144,0,0,"[0.0, -27.507700312012883]"
2950,goal_295,10,exito,14697,2236.53,05,subwp,123,1,E2.1,E2.1-R0,False,subwp,123,05,10,4294125853,exito,,470.304,0,0,"[0.0, 16.901813976197296]"
2951,goal_296,1,exito,14733,2254.03,05,subwp,123,1,E2.1,E2.1-R0,False,subwp,123,05,1,4075517944,exito,,471.456,0,0,"[0.0, 10.266904680445872]"
2952,goal_296,2,exito,14733,2254.03,05,subwp,123,1,E2.1,E2.1-R0,False,subwp,123,05,2,1809983042,exito,,471.456,0,0,"[0.0, -25.707115913500942]"
2953,goal_296,3,exito,14733,2245.54,05,subwp,123,1,E2.1,E2.1-R0,False,subwp,123,05,3,484775636,exito,,471.456,0,0,"[0.0, 20.946478137445656]"
2954,goal_296,4,col_return,8931,1194.71,05,subwp,123,1,E2.1,E2.1-R0,False,subwp,123,05,4,2189525879,col_return,return,285.792,0,0,"[0.0, 5.514772608396738]"
2955,goal_296,5,exito,14727,2253.92,05,subwp,123,1,E2.1,E2.1-R0,False,subwp,123,05,5,4119245793,exito,,471.264,0,0,"[0.0, -8.472063960207997]"
2956,goal_296,6,exito,14733,2254.02,05,subwp,123,1,E2.1,E2.1-R0,False,subwp,123,05,6,1821368923,exito,,471.456,0,0,"[0.0, 20.54184335421615]"
2957,goal_296,7,exito,14733,2253.99,05,subwp,123,1,E2.1,E2.1-R0,False,subwp,123,05,7,461951693,exito,,471.456,0,0,"[0.0, 10.707355344915419]"
2958,goal_296,8,exito,14733,2254.04,05,subwp,123,1,E2.1,E2.1-R0,False,subwp,123,05,8,2335690588,exito,,471.456,0,0,"[0.0, 18.471731360624894]"
2959,goal_296,9,exito,14733,2253.99,05,subwp,123,1,E2.1,E2.1-R0,False,subwp,123,05,9,4231069642,exito,,471.456,0,0,"[0.0, 3.047043549761288]"
2960,goal_296,10,col_return,8876,1195.2,05,subwp,123,1,E2.1,E2.1-R0,False,subwp,123,05,10,1196379768,col_return,return,284.032,0,0,"[0.0, -11.779890471853848]"
2961,goal_297,1,exito,14475,2207.99,05,subwp,123,1,E2.1,E2.1-R0,False,subwp,123,05,1,4037921185,exito,,463.2,0,0,"[0.0, -7.629903425380478]"
2962,goal_297,2,exito,14480,2208.11,05,subwp,123,1,E2.1,E2.1-R0,False,subwp,123,05,2,1772394523,exito,,463.36,0,0,"[0.0, -18.75030279544439]"
2963,goal_297,3,exito,14481,2141.89,05,subwp,123,1,E2.1,E2.1-R0,False,subwp,123,05,3,514041997,exito,,463.392,0,0,"[0.0, 16.484062811614493]"
2964,goal_297,4,col_return,8844,1175.89,05,subwp,123,1,E2.1,E2.1-R0,False,subwp,123,05,4,2160540974,col_return,return,283.008,0,0,"[0.0, -27.785052925250554]"
2965,goal_297,5,exito,14475,2208.01,05,subwp,123,1,E2.1,E2.1-R0,False,subwp,123,05,5,4156558776,exito,,463.2,0,0,"[0.0, 28.023214684450956]"
2966,goal_297,6,exito,14480,2208.11,05,subwp,123,1,E2.1,E2.1-R0,False,subwp,123,05,6,1858690050,exito,,463.36,0,0,"[0.0, 21.166153037550878]"
2967,goal_297,7,col_return,8698,1152.76,05,subwp,123,1,E2.1,E2.1-R0,False,subwp,123,05,7,432958612,col_return,return,278.336,0,0,"[0.0, 17.010070376390907]"
2968,goal_297,8,exito,14475,2207.98,05,subwp,123,1,E2.1,E2.1-R0,False,subwp,123,05,8,2305913093,exito,,463.2,0,0,"[0.0, 4.667544284139817]"
2969,goal_297,9,exito,14480,2208.11,05,subwp,123,1,E2.1,E2.1-R0,False,subwp,123,05,9,4269162899,exito,,463.36,0,0,"[0.0, 12.33422130826211]"
2970,goal_297,10,exito,14504,2001.69,05,subwp,123,1,E2.1,E2.1-R0,False,subwp,123,05,10,1442505110,exito,,464.128,0,0,"[0.0, 11.297698991607776]"
2971,goal_298,1,col_return,8869,1190.17,05,subwp,123,1,E2.1,E2.1-R0,False,subwp,123,05,1,4050625430,col_return,return,283.808,0,0,"[0.0, -8.552416030468859]"
2972,goal_298,2,exito,14499,2219.84,05,subwp,123,1,E2.1,E2.1-R0,False,subwp,123,05,2,1751577132,exito,,463.968,0,0,"[0.0, -7.574451909229383]"
2973,goal_298,3,exito,14504,2219.98,05,subwp,123,1,E2.1,E2.1-R0,False,subwp,123,05,3,526500538,exito,,464.128,0,0,"[0.0, 21.990493521207902]"
2974,goal_298,4,col_return,8688,1162.59,05,subwp,123,1,E2.1,E2.1-R0,False,subwp,123,05,4,2164610841,col_return,return,278.016,0,0,"[0.0, -25.70382199097272]"
2975,goal_298,5,exito,14499,2219.93,05,subwp,123,1,E2.1,E2.1-R0,False,subwp,123,05,5,4127352719,exito,,463.968,0,0,"[0.0, -21.519562032734814]"
2976,goal_298,6,exito,14504,2219.99,05,subwp,123,1,E2.1,E2.1-R0,False,subwp,123,05,6,1863005749,exito,,464.128,0,0,"[0.0, 16.82791979464102]"
2977,goal_298,7,exito,14504,2191.92,05,subwp,123,1,E2.1,E2.1-R0,False,subwp,123,05,7,403441315,exito,,464.128,0,0,"[0.0, -29.846293246347916]"
2978,goal_298,8,col_return,8832,1187.82,05,subwp,123,1,E2.1,E2.1-R0,False,subwp,123,05,8,2293439282,col_return,return,282.624,0,0,"[0.0, -14.386752928757062]"
2979,goal_298,9,exito,14499,2219.79,05,subwp,123,1,E2.1,E2.1-R0,False,subwp,123,05,9,4289997732,exito,,463.968,0,0,"[0.0, 17.704115545557823]"
2980,goal_298,10,exito,14504,2219.98,05,subwp,123,1,E2.1,E2.1-R0,False,subwp,123,05,10,3980822259,exito,,464.128,0,0,"[0.0, -19.7526302727412]"
2981,goal_299,1,col_return,8559,1140.01,05,subwp,123,1,E2.1,E2.1-R0,False,subwp,123,05,1,4197704875,col_return,return,273.888,0,0,"[0.0, 20.360141415399234]"
2982,goal_299,2,exito,14291,2184.09,05,subwp,123,1,E2.1,E2.1-R0,False,subwp,123,05,2,1664791825,exito,,457.312,0,0,"[0.0, -20.624054833322937]"
2983,goal_299,3,exito,14296,2146.57,05,subwp,123,1,E2.1,E2.1-R0,False,subwp,123,05,3,339576199,exito,,457.472,0,0,"[0.0, -13.831126307267247]"
2984,goal_299,4,col_return,8741,1162.59,05,subwp,123,1,E2.1,E2.1-R0,False,subwp,123,05,4,2321092644,col_return,return,279.712,0,0,"[0.0, -14.298234694744803]"
2985,goal_299,5,exito,14289,2184.1,05,subwp,123,1,E2.1,E2.1-R0,False,subwp,123,05,5,4250804402,exito,,457.248,0,0,"[0.0, 10.91694921587272]"
2986,goal_299,6,col_return,8476,1125.47,05,subwp,123,1,E2.1,E2.1-R0,False,subwp,123,05,6,1683452168,col_return,return,271.232,0,0,"[0.0, -28.60777148352214]"
2987,goal_299,7,exito,14291,2184.14,05,subwp,123,1,E2.1,E2.1-R0,False,subwp,123,05,7,324026782,exito,,457.312,0,0,"[0.0, -5.61661403285507]"
2988,goal_299,8,exito,14296,2184.34,05,subwp,123,1,E2.1,E2.1-R0,False,subwp,123,05,8,2213501967,exito,,457.472,0,0,"[0.0, 2.6298875488118623]"
2989,goal_299,9,col_return,8697,1153.45,05,subwp,123,1,E2.1,E2.1-R0,False,subwp,123,05,9,4108872857,col_return,return,278.304,0,0,"[0.0, 0.17344185265965484]"
2990,goal_299,10,exito,14288,2183.93,05,subwp,123,1,E2.1,E2.1-R0,False,subwp,123,05,10,3039139493,exito,,457.216,0,0,"[0.0, -21.624029823578944]"
2991,goal_300,1,col_return,8445,1134.56,05,subwp,123,1,E2.1,E2.1-R0,False,subwp,123,05,1,4226911900,col_return,return,270.24,0,0,"[0.0, 18.91479172952275]"
2992,goal_300,2,exito,14299,2192.41,05,subwp,123,1,E2.1,E2.1-R0,False,subwp,123,05,2,1660477222,exito,,457.568,0,0,"[0.0, 25.020666987529683]"
2993,goal_300,3,exito,14302,2192.2,05,subwp,123,1,E2.1,E2.1-R0,False,subwp,123,05,3,369094576,exito,,457.664,0,0,"[0.0, -29.88512359203623]"
2994,goal_300,4,col_return,8676,1162.16,05,subwp,123,1,E2.1,E2.1-R0,False,subwp,123,05,4,2342222355,col_return,return,277.632,0,0,"[0.0, 7.538572402087991]"
2995,goal_300,5,exito,14299,2192.34,05,subwp,123,1,E2.1,E2.1-R0,False,subwp,123,05,5,4238101125,exito,,457.568,0,0,"[0.0, -13.020272273348471]"
2996,goal_300,6,exito,14327,1989.66,05,subwp,123,1,E2.1,E2.1-R0,False,subwp,123,05,6,1704270655,exito,,458.464,0,0,"[0.0, -8.617180382197688]"
2997,goal_300,7,col_return,8787,1171.02,05,subwp,123,1,E2.1,E2.1-R0,False,subwp,123,05,7,311569321,col_return,return,281.184,0,0,"[0.0, -16.74892511647949]"
2998,goal_300,8,exito,14298,2192.21,05,subwp,123,1,E2.1,E2.1-R0,False,subwp,123,05,8,2184001080,exito,,457.536,0,0,"[0.0, 23.64889344735581]"
2999,goal_300,9,col_return,8486,1129.43,05,subwp,123,1,E2.1,E2.1-R0,False,subwp,123,05,9,4113172142,col_return,return,271.552,0,0,"[0.0, -0.5563244944579426]"
3000,goal_300,10,exito,14298,2192.27,05,subwp,123,1,E2.1,E2.1-R0,False,subwp,123,05,10,228192704,exito,,457.536,0,0,"[0.0, 10.293429958062765]"
3001,goal_301,1,exito,14436,2216.71,05,subwp,123,1,E2.1,E2.1-R0,False,subwp,123,05,1,3024671529,exito,,461.952,0,0,"[0.0, 0.5530196943036603]"
3002,goal_301,2,col_return,8685,1172.29,05,subwp,123,1,E2.1,E2.1-R0,False,subwp,123,05,2,759267987,col_return,return,277.92,0,0,"[0.0, 23.14421315902605]"
3003,goal_301,3,exito,14430,2211.79,05,subwp,123,1,E2.1,E2.1-R0,False,subwp,123,05,3,1514582533,exito,,461.76,0,0,"[0.0, 18.512747309667873]"
3004,goal_301,4,exito,14435,2216.69,05,subwp,123,1,E2.1,E2.1-R0,False,subwp,123,05,4,3290572710,exito,,461.92,0,0,"[0.0, 9.375130253997234]"
3005,goal_301,5,col_return,8653,1168.6,05,subwp,123,1,E2.1,E2.1-R0,False,subwp,123,05,5,3005552432,col_return,return,276.896,0,0,"[0.0, -28.123975488553988]"
3006,goal_301,6,exito,14431,2211.12,05,subwp,123,1,E2.1,E2.1-R0,False,subwp,123,05,6,707544714,exito,,461.792,0,0,"[0.0, 2.654488629185181]"
3007,goal_301,7,exito,14436,2216.63,05,subwp,123,1,E2.1,E2.1-R0,False,subwp,123,05,7,1563129372,exito,,461.952,0,0,"[0.0, -6.741098921192115]"
3008,goal_301,8,col_return,8641,1166.5,05,subwp,123,1,E2.1,E2.1-R0,False,subwp,123,05,8,3449056141,col_return,return,276.512,0,0,"[0.0, 15.017439010041532]"
3009,goal_301,9,exito,14430,2210.52,05,subwp,123,1,E2.1,E2.1-R0,False,subwp,123,05,9,3130219291,exito,,461.76,0,0,"[0.0, 25.246047503503068]"
3010,goal_301,10,exito,14435,2216.7,05,subwp,123,1,E2.1,E2.1-R0,False,subwp,123,05,10,3067940766,exito,,461.92,0,0,"[0.0, -20.203676213191674]"
3011,goal_302,1,col_return,8637,1163.6,05,subwp,123,1,E2.1,E2.1-R0,False,subwp,123,05,1,3045767454,col_return,return,276.384,0,0,"[0.0, 10.999228611308505]"
3012,goal_302,2,exito,14428,2183.31,05,subwp,123,1,E2.1,E2.1-R0,False,subwp,123,05,2,746842276,exito,,461.696,0,0,"[0.0, -24.40705594624712]"
3013,goal_302,3,exito,14432,2211.76,05,subwp,123,1,E2.1,E2.1-R0,False,subwp,123,05,3,1535432754,exito,,461.824,0,0,"[0.0, -13.996063077677604]"
3014,goal_302,4,col_return,8641,1162.21,05,subwp,123,1,E2.1,E2.1-R0,False,subwp,123,05,4,3319811473,col_return,return,276.512,0,0,"[0.0, -16.509417982025465]"
3015,goal_302,5,exito,14426,2180.76,05,subwp,123,1,E2.1,E2.1-R0,False,subwp,123,05,5,3001515271,exito,,461.632,0,0,"[0.0, 13.289999072138961]"
3016,goal_302,6,exito,14432,2211.74,05,subwp,123,1,E2.1,E2.1-R0,False,subwp,123,05,6,737029309,exito,,461.824,0,0,"[0.0, -26.34886434518633]"
3017,goal_302,7,col_return,8642,1160.74,05,subwp,123,1,E2.1,E2.1-R0,False,subwp,123,05,7,1558780971,col_return,return,276.544,0,0,"[0.0, -20.993288821050633]"
3018,goal_302,8,exito,14426,2179.4,05,subwp,123,1,E2.1,E2.1-R0,False,subwp,123,05,8,3428188602,exito,,461.632,0,0,"[0.0, -15.698442313703227]"
3019,goal_302,9,exito,14432,2211.71,05,subwp,123,1,E2.1,E2.1-R0,False,subwp,123,05,9,3142660396,exito,,461.824,0,0,"[0.0, -10.726787920011226]"
3020,goal_302,10,col_return,8643,1158.26,05,subwp,123,1,E2.1,E2.1-R0,False,subwp,123,05,10,241264891,col_return,return,276.576,0,0,"[0.0, -12.978774272055533]"
3021,goal_303,1,exito,14592,2227.47,05,subwp,123,1,E2.1,E2.1-R0,False,subwp,123,05,1,3083601735,exito,,466.944,0,0,"[0.0, -11.022661210838134]"
3022,goal_303,2,exito,14597,2234.4,05,subwp,123,1,E2.1,E2.1-R0,False,subwp,123,05,2,784684797,exito,,467.104,0,0,"[0.0, -17.88410936257819]"
3023,goal_303,3,exito,14596,2233.97,05,subwp,123,1,E2.1,E2.1-R0,False,subwp,123,05,3,1505912427,exito,,467.072,0,0,"[0.0, 0.9666480636434094]"
3024,goal_303,4,col_return,8753,1177.74,05,subwp,123,1,E2.1,E2.1-R0,False,subwp,123,05,4,3349607368,col_return,return,280.096,0,0,"[0.0, 3.4746670387080325]"
3025,goal_303,5,exito,14591,2225.03,05,subwp,123,1,E2.1,E2.1-R0,False,subwp,123,05,5,2963391326,exito,,466.912,0,0,"[0.0, 20.485619589654252]"
3026,goal_303,6,exito,14596,2233.98,05,subwp,123,1,E2.1,E2.1-R0,False,subwp,123,05,6,698913508,exito,,467.072,0,0,"[0.0, 24.367996983356846]"
3027,goal_303,7,exito,14597,2234.42,05,subwp,123,1,E2.1,E2.1-R0,False,subwp,123,05,7,1588568690,exito,,467.104,0,0,"[0.0, 12.344667242548725]"
3028,goal_303,8,exito,14626,2022.87,05,subwp,123,1,E2.1,E2.1-R0,False,subwp,123,05,8,3457204195,exito,,468.032,0,0,"[0.0, -14.588948927376055]"
3029,goal_303,9,col_return,8914,1200.73,05,subwp,123,1,E2.1,E2.1-R0,False,subwp,123,05,9,3105329013,col_return,return,285.248,0,0,"[0.0, -18.136344624091237]"
3030,goal_303,10,exito,14591,2231.71,05,subwp,123,1,E2.1,E2.1-R0,False,subwp,123,05,10,483706645,exito,,466.912,0,0,"[0.0, -14.392144634513746]"
3031,goal_304,1,exito,14584,2231.83,05,subwp,123,1,E2.1,E2.1-R0,False,subwp,123,05,1,3054398832,exito,,466.688,0,0,"[0.0, -17.29843380755226]"
3032,goal_304,2,exito,14584,2231.78,05,subwp,123,1,E2.1,E2.1-R0,False,subwp,123,05,2,789003466,exito,,466.688,0,0,"[0.0, 23.57981101500865]"
3033,goal_304,3,col_return,8819,1187.28,05,subwp,123,1,E2.1,E2.1-R0,False,subwp,123,05,3,1476398172,col_return,return,282.208,0,0,"[0.0, -21.99227610754621]"
3034,goal_304,4,exito,14579,2226.56,05,subwp,123,1,E2.1,E2.1-R0,False,subwp,123,05,4,3328481791,exito,,466.528,0,0,"[0.0, 21.519577983120254]"
3035,goal_304,5,exito,14584,2231.45,05,subwp,123,1,E2.1,E2.1-R0,False,subwp,123,05,5,2976098665,exito,,466.688,0,0,"[0.0, 26.64334886491183]"
3036,goal_304,6,exito,14584,2231.81,05,subwp,123,1,E2.1,E2.1-R0,False,subwp,123,05,6,678099155,exito,,466.688,0,0,"[0.0, -11.64633497805433]"
3037,goal_304,7,col_return,8793,1178.03,05,subwp,123,1,E2.1,E2.1-R0,False,subwp,123,05,7,1601030213,col_return,return,281.376,0,0,"[0.0, 20.764565813584465]"
3038,goal_304,8,exito,14578,2224.69,05,subwp,123,1,E2.1,E2.1-R0,False,subwp,123,05,8,3486701012,exito,,466.496,0,0,"[0.0, 20.187580178913468]"
3039,goal_304,9,exito,14584,2231.28,05,subwp,123,1,E2.1,E2.1-R0,False,subwp,123,05,9,3101025602,exito,,466.688,0,0,"[0.0, -6.605578427813585]"
3040,goal_304,10,exito,14583,2231.65,05,subwp,123,1,E2.1,E2.1-R0,False,subwp,123,05,10,2758320240,exito,,466.656,0,0,"[0.0, -11.005454384433387]"
3041,goal_305,1,exito,14861,2256.26,05,subwp,123,1,E2.1,E2.1-R0,False,subwp,123,05,1,3007413237,exito,,475.552,0,0,"[0.0, -9.266980066437744]"
3042,goal_305,2,exito,14861,2146.67,05,subwp,123,1,E2.1,E2.1-R0,False,subwp,123,05,2,709372495,exito,,475.552,0,0,"[0.0, -5.341883365115601]"
3043,goal_305,3,col_return,9046,1204.19,05,subwp,123,1,E2.1,E2.1-R0,False,subwp,123,05,3,1565465305,col_return,return,289.472,0,0,"[0.0, 1.5663423579247104]"
3044,goal_305,4,exito,14856,2253.0,05,subwp,123,1,E2.1,E2.1-R0,False,subwp,123,05,4,3274411898,exito,,475.392,0,0,"[0.0, -13.02502854435603]"
3045,goal_305,5,exito,14861,2258.34,05,subwp,123,1,E2.1,E2.1-R0,False,subwp,123,05,5,3022831596,exito,,475.552,0,0,"[0.0, -23.882071507150588]"
3046,goal_305,6,exito,14861,2260.21,05,subwp,123,1,E2.1,E2.1-R0,False,subwp,123,05,6,757460566,exito,,475.552,0,0,"[0.0, 15.385476138820483]"
3047,goal_305,7,exito,14861,2260.66,05,subwp,123,1,E2.1,E2.1-R0,False,subwp,123,05,7,1512234688,exito,,475.552,0,0,"[0.0, 2.001906044531807]"
3048,goal_305,8,exito,14861,2260.68,05,subwp,123,1,E2.1,E2.1-R0,False,subwp,123,05,8,3399336785,exito,,475.552,0,0,"[0.0, 24.232479145791952]"
3049,goal_305,9,exito,14861,2260.65,05,subwp,123,1,E2.1,E2.1-R0,False,subwp,123,05,9,3181048775,exito,,475.552,0,0,"[0.0, 28.19359909975888]"
3050,goal_305,10,exito,14861,2260.65,05,subwp,123,1,E2.1,E2.1-R0,False,subwp,123,05,10,968857801,exito,,475.552,0,0,"[0.0, -14.024382987149295]"
3051,goal_306,1,exito,14850,2264.89,05,subwp,123,1,E2.1,E2.1-R0,False,subwp,123,05,1,2994934210,exito,,475.2,0,0,"[0.0, -13.310591343914801]"
3052,goal_306,2,exito,14850,2264.91,05,subwp,123,1,E2.1,E2.1-R0,False,subwp,123,05,2,730480760,exito,,475.2,0,0,"[0.0, -18.259016833284893]"
3053,goal_306,3,exito,14850,2259.34,05,subwp,123,1,E2.1,E2.1-R0,False,subwp,123,05,3,1552773358,exito,,475.2,0,0,"[0.0, -27.199171498792268]"
3054,goal_306,4,exito,14861,2100.45,05,subwp,123,1,E2.1,E2.1-R0,False,subwp,123,05,4,3270108493,exito,,475.552,0,0,"[0.0, -5.138114601002801]"
3055,goal_306,5,col_return,9042,1211.06,05,subwp,123,1,E2.1,E2.1-R0,False,subwp,123,05,5,3052328411,col_return,return,289.344,0,0,"[0.0, -7.3308198915967]"
3056,goal_306,6,exito,14845,2257.98,05,subwp,123,1,E2.1,E2.1-R0,False,subwp,123,05,6,753370209,exito,,475.04,0,0,"[0.0, 21.222525735767128]"
3057,goal_306,7,exito,14850,2263.03,05,subwp,123,1,E2.1,E2.1-R0,False,subwp,123,05,7,1541453047,exito,,475.2,0,0,"[0.0, 9.007309078896771]"
3058,goal_306,8,exito,14850,2264.7,05,subwp,123,1,E2.1,E2.1-R0,False,subwp,123,05,8,3412044134,exito,,475.2,0,0,"[0.0, 15.50179793367153]"
3059,goal_306,9,exito,14850,2264.89,05,subwp,123,1,E2.1,E2.1-R0,False,subwp,123,05,9,3159923184,exito,,475.2,0,0,"[0.0, -21.340543371993615]"
3060,goal_306,10,exito,14850,2264.91,05,subwp,123,1,E2.1,E2.1-R0,False,subwp,123,05,10,2164522924,exito,,475.2,0,0,"[0.0, -26.501431617009978]"
3061,goal_307,1,exito,15073,2287.73,05,subwp,123,1,E2.1,E2.1-R0,False,subwp,123,05,1,2965745563,exito,,482.336,0,0,"[0.0, 18.631411098845646]"
3062,goal_307,2,exito,15073,2287.75,05,subwp,123,1,E2.1,E2.1-R0,False,subwp,123,05,2,701300257,exito,,482.336,0,0,"[0.0, 25.05936720710999]"
3063,goal_307,3,exito,15073,2287.71,05,subwp,123,1,E2.1,E2.1-R0,False,subwp,123,05,3,1590415031,exito,,482.336,0,0,"[0.0, -11.80983395937361]"
3064,goal_307,4,exito,15073,2287.7,05,subwp,123,1,E2.1,E2.1-R0,False,subwp,123,05,4,3232717588,exito,,482.336,0,0,"[0.0, 6.547668671554511]"
3065,goal_307,5,exito,15073,2287.74,05,subwp,123,1,E2.1,E2.1-R0,False,subwp,123,05,5,3081268098,exito,,482.336,0,0,"[0.0, 5.684061960727229]"
3066,goal_307,6,exito,15073,2287.75,05,subwp,123,1,E2.1,E2.1-R0,False,subwp,123,05,6,782318136,exito,,482.336,0,0,"[0.0, 7.271720407754856]"
3067,goal_307,7,exito,15073,2287.53,05,subwp,123,1,E2.1,E2.1-R0,False,subwp,123,05,7,1504053934,exito,,482.336,0,0,"[0.0, 7.021010428384202]"
3068,goal_307,8,exito,15073,2286.93,05,subwp,123,1,E2.1,E2.1-R0,False,subwp,123,05,8,3373864767,exito,,482.336,0,0,"[0.0, 20.901057678357013]"
3069,goal_307,9,exito,15073,2285.95,05,subwp,123,1,E2.1,E2.1-R0,False,subwp,123,05,9,3189647273,exito,,482.336,0,0,"[0.0, 26.787715193291884]"
3070,goal_307,10,exito,15073,2284.23,05,subwp,123,1,E2.1,E2.1-R0,False,subwp,123,05,10,2478198850,exito,,482.336,0,0,"[0.0, -14.546022380918714]"
3071,goal_308,1,exito,15123,2293.66,05,subwp,123,1,E2.1,E2.1-R0,False,subwp,123,05,1,2970076588,exito,,483.936,0,0,"[0.0, -18.019996306758856]"
3072,goal_308,2,exito,15123,2282.56,05,subwp,123,1,E2.1,E2.1-R0,False,subwp,123,05,2,672044054,exito,,483.936,0,0,"[0.0, 13.693535385705912]"
3073,goal_308,3,col_approach,2879,230.69,05,subwp,123,1,E2.1,E2.1-R0,False,subwp,123,05,3,1594467456,col_approach,approach,92.128,0,0,"[0.0, -20.78963507833068]"
3074,goal_308,4,exito,15118,2300.09,05,subwp,123,1,E2.1,E2.1-R0,False,subwp,123,05,4,3245158691,exito,,483.776,0,0,"[0.0, -6.465427082799899]"
3075,goal_308,5,exito,15123,2300.16,05,subwp,123,1,E2.1,E2.1-R0,False,subwp,123,05,5,3060400565,exito,,483.936,0,0,"[0.0, 9.962720496097546]"
3076,goal_308,6,exito,15123,2300.2,05,subwp,123,1,E2.1,E2.1-R0,False,subwp,123,05,6,795037711,exito,,483.936,0,0,"[0.0, -20.173526987834805]"
3077,goal_308,7,exito,15123,2299.51,05,subwp,123,1,E2.1,E2.1-R0,False,subwp,123,05,7,1482973337,exito,,483.936,0,0,"[0.0, 0.25816861688090276]"
3078,goal_308,8,exito,15123,2297.67,05,subwp,123,1,E2.1,E2.1-R0,False,subwp,123,05,8,3369827592,exito,,483.936,0,0,"[0.0, 17.491953279737]"
3079,goal_308,9,exito,15123,2292.97,05,subwp,123,1,E2.1,E2.1-R0,False,subwp,123,05,9,3218886046,exito,,483.936,0,0,"[0.0, 24.86450683015348]"
3080,goal_308,10,exito,15123,2281.93,05,subwp,123,1,E2.1,E2.1-R0,False,subwp,123,05,10,722089767,exito,,483.936,0,0,"[0.0, -27.131155394013806]"
3081,goal_309,1,col_return,10255,1369.55,05,subwp,123,1,E2.1,E2.1-R0,False,subwp,123,05,1,3126559377,col_return,return,328.16,0,0,"[0.0, -15.145266280649848]"
3082,goal_309,2,exito,15270,2317.38,05,subwp,123,1,E2.1,E2.1-R0,False,subwp,123,05,2,592630571,exito,,488.64,0,0,"[0.0, 19.61893554411688]"
3083,goal_309,3,exito,15277,2317.63,05,subwp,123,1,E2.1,E2.1-R0,False,subwp,123,05,3,1414915005,exito,,488.864,0,0,"[0.0, 17.305373080029018]"
3084,goal_309,4,exito,15276,2316.5,05,subwp,123,1,E2.1,E2.1-R0,False,subwp,123,05,4,3392239134,exito,,488.832,0,0,"[0.0, -10.283480066227611]"
3085,goal_309,5,exito,15276,2305.77,05,subwp,123,1,E2.1,E2.1-R0,False,subwp,123,05,5,3174450824,exito,,488.832,0,0,"[0.0, -25.10581004008171]"
3086,goal_309,6,col_approach,2814,219.73,05,subwp,123,1,E2.1,E2.1-R0,False,subwp,123,05,6,608114482,col_approach,approach,90.048,0,0,"[0.0, -7.151071361132582]"
3087,goal_309,7,exito,15269,2317.25,05,subwp,123,1,E2.1,E2.1-R0,False,subwp,123,05,7,1396189092,exito,,488.608,0,0,"[0.0, 6.729838444118892]"
3088,goal_309,8,exito,15276,2315.64,05,subwp,123,1,E2.1,E2.1-R0,False,subwp,123,05,8,3280419381,exito,,488.832,0,0,"[0.0, -26.556409301916254]"
3089,goal_309,9,exito,15276,2299.54,05,subwp,123,1,E2.1,E2.1-R0,False,subwp,123,05,9,3028290211,exito,,488.832,0,0,"[0.0, -24.35663650523281]"
3090,goal_309,10,col_return,10261,1367.68,05,subwp,123,1,E2.1,E2.1-R0,False,subwp,123,05,10,1936271217,col_return,return,328.352,0,0,"[0.0, 8.444787618506018]"
3091,goal_310,1,exito,15316,2327.51,05,subwp,123,1,E2.1,E2.1-R0,False,subwp,123,05,1,3147425958,exito,,490.112,0,0,"[0.0, -8.035408493997469]"
3092,goal_310,2,exito,15321,2327.55,05,subwp,123,1,E2.1,E2.1-R0,False,subwp,123,05,2,579909916,exito,,490.272,0,0,"[0.0, -16.022609422191017]"
3093,goal_310,3,exito,15321,2325.01,05,subwp,123,1,E2.1,E2.1-R0,False,subwp,123,05,3,1435994506,exito,,490.272,0,0,"[0.0, -2.6590297179089206]"
3094,goal_310,4,exito,15321,2294.36,05,subwp,123,1,E2.1,E2.1-R0,False,subwp,123,05,4,3421707305,exito,,490.272,0,0,"[0.0, -4.474126269052414]"
3095,goal_310,5,exito,15322,2301.98,05,subwp,123,1,E2.1,E2.1-R0,False,subwp,123,05,5,3170118847,exito,,490.304,0,0,"[0.0, 23.665784623958103]"
3096,goal_310,6,exito,15321,2325.71,05,subwp,123,1,E2.1,E2.1-R0,False,subwp,123,05,6,637369605,exito,,490.272,0,0,"[0.0, -16.104800815286623]"
3097,goal_310,7,exito,15321,2327.55,05,subwp,123,1,E2.1,E2.1-R0,False,subwp,123,05,7,1392135571,exito,,490.272,0,0,"[0.0, -27.631702065343873]"
3098,goal_310,8,exito,15321,2284.99,05,subwp,123,1,E2.1,E2.1-R0,False,subwp,123,05,8,3259322370,exito,,490.272,0,0,"[0.0, 13.844948341801029]"
3099,goal_310,9,exito,15321,2325.13,05,subwp,123,1,E2.1,E2.1-R0,False,subwp,123,05,9,3041026196,exito,,490.272,0,0,"[0.0, 5.888449514066741]"
3100,goal_310,10,exito,15321,2327.53,05,subwp,123,1,E2.1,E2.1-R0,False,subwp,123,05,10,3419750420,exito,,490.272,0,0,"[0.0, 29.228863193058743]"
3101,goal_311,1,exito,15530,2349.95,05,subwp,123,1,E2.1,E2.1-R0,False,subwp,123,05,1,217363532,exito,,496.96,0,0,"[0.0, -26.392379951550772]"
3102,goal_311,2,exito,15530,2349.95,05,subwp,123,1,E2.1,E2.1-R0,False,subwp,123,05,2,2516444662,exito,,496.96,0,0,"[0.0, 0.8830359532468091]"
3103,goal_311,3,exito,15530,2322.73,05,subwp,123,1,E2.1,E2.1-R0,False,subwp,123,05,3,3808089440,exito,,496.96,0,0,"[0.0, -19.137265361901015]"
3104,goal_311,4,col_return,10337,1383.89,05,subwp,123,1,E2.1,E2.1-R0,False,subwp,123,05,4,2090746051,col_return,return,330.784,0,0,"[0.0, -28.762248677624928]"
3105,goal_311,5,exito,15525,2349.85,05,subwp,123,1,E2.1,E2.1-R0,False,subwp,123,05,5,194605141,exito,,496.8,0,0,"[0.0, -24.316827134428696]"
3106,goal_311,6,exito,15530,2346.53,05,subwp,123,1,E2.1,E2.1-R0,False,subwp,123,05,6,2458919407,exito,,496.96,0,0,"[0.0, 1.8243235127177537]"
3107,goal_311,7,exito,15531,2307.3,05,subwp,123,1,E2.1,E2.1-R0,False,subwp,123,05,7,3851882873,exito,,496.992,0,0,"[0.0, -7.64780450336824]"
3108,goal_311,8,exito,15530,2349.72,05,subwp,123,1,E2.1,E2.1-R0,False,subwp,123,05,8,1965559016,exito,,496.96,0,0,"[0.0, -29.8955098462416]"
3109,goal_311,9,exito,15530,2291.89,05,subwp,123,1,E2.1,E2.1-R0,False,subwp,123,05,9,36650110,exito,,496.96,0,0,"[0.0, -26.827663966646305]"
3110,goal_311,10,exito,15530,2349.98,05,subwp,123,1,E2.1,E2.1-R0,False,subwp,123,05,10,2344429102,exito,,496.96,0,0,"[0.0, 25.208694065072482]"
3111,goal_312,1,exito,15558,2356.76,05,subwp,123,1,E2.1,E2.1-R0,False,subwp,123,05,1,221699707,exito,,497.856,0,0,"[0.0, 29.631206457642502]"
3112,goal_312,2,exito,15558,2355.07,05,subwp,123,1,E2.1,E2.1-R0,False,subwp,123,05,2,2487193537,exito,,497.856,0,0,"[0.0, -24.139281929038386]"
3113,goal_312,3,col_return,10539,1411.48,05,subwp,123,1,E2.1,E2.1-R0,False,subwp,123,05,3,3812147031,col_return,return,337.248,0,0,"[0.0, -21.50005216019444]"
3114,goal_312,4,exito,15552,2356.54,05,subwp,123,1,E2.1,E2.1-R0,False,subwp,123,05,4,2103192308,exito,,497.664,0,0,"[0.0, -25.992825344490786]"
3115,goal_312,5,exito,15557,2355.65,05,subwp,123,1,E2.1,E2.1-R0,False,subwp,123,05,5,173742690,exito,,497.824,0,0,"[0.0, -27.09185509924011]"
3116,goal_312,6,col_approach,2814,221.79,05,subwp,123,1,E2.1,E2.1-R0,False,subwp,123,05,6,2471644120,col_approach,approach,90.048,0,0,"[0.0, -20.461852192714254]"
3117,goal_312,7,exito,15553,2354.59,05,subwp,123,1,E2.1,E2.1-R0,False,subwp,123,05,7,3830807374,exito,,497.696,0,0,"[0.0, -3.2774327074200804]"
3118,goal_312,8,col_return,10541,1401.59,05,subwp,123,1,E2.1,E2.1-R0,False,subwp,123,05,8,1961518815,col_return,return,337.312,0,0,"[0.0, 19.29245003981845]"
3119,goal_312,9,exito,15551,2356.47,05,subwp,123,1,E2.1,E2.1-R0,False,subwp,123,05,9,65885769,exito,,497.632,0,0,"[0.0, 12.484575036912464]"
3120,goal_312,10,exito,15558,2355.56,05,subwp,123,1,E2.1,E2.1-R0,False,subwp,123,05,10,855720267,exito,,497.856,0,0,"[0.0, -21.15133259401975]"
3121,goal_313,1,col_approach,2811,216.18,05,subwp,123,1,E2.1,E2.1-R0,False,subwp,123,05,1,259022882,col_approach,approach,89.952,0,0,"[0.0, 17.92348642901799]"
3122,goal_313,2,exito,15737,2369.07,05,subwp,123,1,E2.1,E2.1-R0,False,subwp,123,05,2,2524524952,exito,,503.584,0,0,"[0.0, -24.033292671288923]"
3123,goal_313,3,col_return,10524,1403.76,05,subwp,123,1,E2.1,E2.1-R0,False,subwp,123,05,3,3783131406,col_return,return,336.768,0,0,"[0.0, -6.777086695693271]"
3124,goal_313,4,exito,15737,2380.22,05,subwp,123,1,E2.1,E2.1-R0,False,subwp,123,05,4,2132448429,exito,,503.584,0,0,"[0.0, -20.78421632552978]"
3125,goal_313,5,exito,15742,2352.74,05,subwp,123,1,E2.1,E2.1-R0,False,subwp,123,05,5,136160315,exito,,503.744,0,0,"[0.0, 12.11606812397013]"
3126,goal_313,6,exito,15742,2379.45,05,subwp,123,1,E2.1,E2.1-R0,False,subwp,123,05,6,2434069889,exito,,503.744,0,0,"[0.0, 14.78415242836207]"
3127,goal_313,7,exito,15765,2317.07,05,subwp,123,1,E2.1,E2.1-R0,False,subwp,123,05,7,3860055319,exito,,504.48,0,0,"[0.0, 22.69600737268558]"
3128,goal_313,8,exito,15742,2380.24,05,subwp,123,1,E2.1,E2.1-R0,False,subwp,123,05,8,1991039110,exito,,503.744,0,0,"[0.0, -11.941890997339293]"
3129,goal_313,9,exito,15742,2369.17,05,subwp,123,1,E2.1,E2.1-R0,False,subwp,123,05,9,28043280,exito,,503.744,0,0,"[0.0, -20.643449415016534]"
3130,goal_313,10,col_return,10509,1407.85,05,subwp,123,1,E2.1,E2.1-R0,False,subwp,123,05,10,565505701,col_return,return,336.288,0,0,"[0.0, 25.25845468498739]"
3131,goal_314,1,exito,15763,2386.73,05,subwp,123,1,E2.1,E2.1-R0,False,subwp,123,05,1,246549013,exito,,504.416,0,0,"[0.0, 9.499284140793181]"
3132,goal_314,2,exito,15768,2356.98,05,subwp,123,1,E2.1,E2.1-R0,False,subwp,123,05,2,2545638319,exito,,504.576,0,0,"[0.0, -5.24940685857358]"
3133,goal_314,3,exito,15768,2386.4,05,subwp,123,1,E2.1,E2.1-R0,False,subwp,123,05,3,3770444601,exito,,504.576,0,0,"[0.0, -3.6727681300386372]"
3134,goal_314,4,exito,15768,2368.96,05,subwp,123,1,E2.1,E2.1-R0,False,subwp,123,05,4,2128150170,exito,,504.576,0,0,"[0.0, -8.994198203096584]"
3135,goal_314,5,exito,15768,2386.85,05,subwp,123,1,E2.1,E2.1-R0,False,subwp,123,05,5,165662220,exito,,504.576,0,0,"[0.0, 24.461223045978752]"
3136,goal_314,6,exito,15768,2362.18,05,subwp,123,1,E2.1,E2.1-R0,False,subwp,123,05,6,2429984694,exito,,504.576,0,0,"[0.0, -4.036163805169024]"
3137,goal_314,7,col_return,10485,1395.69,05,subwp,123,1,E2.1,E2.1-R0,False,subwp,123,05,7,3889278752,col_return,return,335.52,0,0,"[0.0, 16.228825007926826]"
3138,goal_314,8,exito,15763,2386.8,05,subwp,123,1,E2.1,E2.1-R0,False,subwp,123,05,8,2003743409,exito,,504.416,0,0,"[0.0, -3.225366850082503]"
3139,goal_314,9,col_approach,2833,229.94,05,subwp,123,1,E2.1,E2.1-R0,False,subwp,123,05,9,6914599,col_approach,approach,90.656,0,0,"[0.0, -14.638445531037537]"
3140,goal_314,10,exito,15763,2378.15,05,subwp,123,1,E2.1,E2.1-R0,False,subwp,123,05,10,2567473600,exito,,504.416,0,0,"[0.0, -15.552196854869106]"
3141,goal_315,1,col_return,10665,1420.12,05,subwp,123,1,E2.1,E2.1-R0,False,subwp,123,05,1,201137296,col_return,return,341.28,0,0,"[0.0, -21.674877750607774]"
3142,goal_315,2,exito,15998,2411.11,05,subwp,123,1,E2.1,E2.1-R0,False,subwp,123,05,2,2465484074,exito,,511.936,0,0,"[0.0, 23.84727443309249]"
3143,goal_315,3,exito,16007,2388.05,05,subwp,123,1,E2.1,E2.1-R0,False,subwp,123,05,3,3857939900,exito,,512.224,0,0,"[0.0, -26.466559809376772]"
3144,goal_315,4,col_approach,2826,196.26,05,subwp,123,1,E2.1,E2.1-R0,False,subwp,123,05,4,2073552927,col_approach,approach,90.432,0,0,"[0.0, 16.327982504804194]"
3145,goal_315,5,col_return,10402,1388.67,05,subwp,123,1,E2.1,E2.1-R0,False,subwp,123,05,5,210819209,col_return,return,332.864,0,0,"[0.0, 29.507258183006208]"
3146,goal_315,6,exito,15996,2410.07,05,subwp,123,1,E2.1,E2.1-R0,False,subwp,123,05,6,2509867315,exito,,511.872,0,0,"[0.0, 23.296657477580517]"
3147,goal_315,7,exito,16003,2408.3,05,subwp,123,1,E2.1,E2.1-R0,False,subwp,123,05,7,3802053029,exito,,512.096,0,0,"[0.0, 3.2825334133892836]"
3148,goal_315,8,exito,16003,2406.05,05,subwp,123,1,E2.1,E2.1-R0,False,subwp,123,05,8,1914807348,exito,,512.096,0,0,"[0.0, 1.7453329913260474]"
3149,goal_315,9,exito,16003,2406.96,05,subwp,123,1,E2.1,E2.1-R0,False,subwp,123,05,9,86414498,exito,,512.096,0,0,"[0.0, -12.08699379520722]"
3150,goal_315,10,col_return,10724,1419.36,05,subwp,123,1,E2.1,E2.1-R0,False,subwp,123,05,10,81768825,col_return,return,343.168,0,0,"[0.0, 11.771171473381855]"
3151,goal_316,1,exito,16023,2420.42,05,subwp,123,1,E2.1,E2.1-R0,False,subwp,123,05,1,171931303,exito,,512.736,0,0,"[0.0, -5.465490261850174]"
3152,goal_316,2,exito,16029,2398.72,05,subwp,123,1,E2.1,E2.1-R0,False,subwp,123,05,2,2469799709,exito,,512.928,0,0,"[0.0, -26.47551671173035]"
3153,goal_316,3,col_approach,2814,189.55,05,subwp,123,1,E2.1,E2.1-R0,False,subwp,123,05,3,3828422539,col_approach,approach,90.048,0,0,"[0.0, -22.113412945374538]"
3154,goal_316,4,col_return,10420,1392.68,05,subwp,123,1,E2.1,E2.1-R0,False,subwp,123,05,4,2052424232,col_return,return,333.44,0,0,"[0.0, -25.569244856169227]"
3155,goal_316,5,exito,16023,2419.31,05,subwp,123,1,E2.1,E2.1-R0,False,subwp,123,05,5,223523518,exito,,512.736,0,0,"[0.0, -11.594794668762855]"
3156,goal_316,6,exito,16029,2418.67,05,subwp,123,1,E2.1,E2.1-R0,False,subwp,123,05,6,2489049860,exito,,512.928,0,0,"[0.0, 5.71934820800476]"
3157,goal_316,7,exito,16029,2420.63,05,subwp,123,1,E2.1,E2.1-R0,False,subwp,123,05,7,3814511506,exito,,512.928,0,0,"[0.0, -9.892816181418267]"
3158,goal_316,8,exito,16029,2408.92,05,subwp,123,1,E2.1,E2.1-R0,False,subwp,123,05,8,1944309251,exito,,512.928,0,0,"[0.0, 7.394711611516211]"
3159,goal_316,9,col_return,10657,1427.03,05,subwp,123,1,E2.1,E2.1-R0,False,subwp,123,05,9,82116245,col_return,return,341.024,0,0,"[0.0, 10.504390673469464]"
3160,goal_316,10,exito,16023,2420.5,05,subwp,123,1,E2.1,E2.1-R0,False,subwp,123,05,10,3160659484,exito,,512.736,0,0,"[0.0, 3.290964077189178]"
3161,goal_317,1,exito,16252,2432.34,05,subwp,123,1,E2.1,E2.1-R0,False,subwp,123,05,1,142199038,exito,,520.064,0,0,"[0.0, -3.7172540555626576]"
3162,goal_317,2,exito,16252,2446.05,05,subwp,123,1,E2.1,E2.1-R0,False,subwp,123,05,2,2440075588,exito,,520.064,0,0,"[0.0, -11.662047649688109]"
3163,goal_317,3,col_return,11175,1490.54,05,subwp,123,1,E2.1,E2.1-R0,False,subwp,123,05,3,3866601938,col_return,return,357.6,0,0,"[0.0, 17.445819933883627]"
3164,goal_317,4,exito,16247,2446.09,05,subwp,123,1,E2.1,E2.1-R0,False,subwp,123,05,4,2014526577,exito,,519.904,0,0,"[0.0, -21.326887322304387]"
3165,goal_317,5,exito,16253,2422.86,05,subwp,123,1,E2.1,E2.1-R0,False,subwp,123,05,5,252972263,exito,,520.096,0,0,"[0.0, 10.895305821027934]"
3166,goal_317,6,exito,16252,2441.24,05,subwp,123,1,E2.1,E2.1-R0,False,subwp,123,05,6,2518506845,exito,,520.064,0,0,"[0.0, 13.27346774573333]"
3167,goal_317,7,col_return,11211,1496.51,05,subwp,123,1,E2.1,E2.1-R0,False,subwp,123,05,7,3776605643,col_return,return,358.752,0,0,"[0.0, 10.440906354175148]"
3168,goal_317,8,exito,16247,2446.07,05,subwp,123,1,E2.1,E2.1-R0,False,subwp,123,05,8,1906667610,exito,,519.904,0,0,"[0.0, -14.752828121548323]"
3169,goal_317,9,exito,16254,2415.83,05,subwp,123,1,E2.1,E2.1-R0,False,subwp,123,05,9,111296716,exito,,520.128,0,0,"[0.0, -10.894302131182172]"
3170,goal_317,10,exito,16253,2436.29,05,subwp,123,1,E2.1,E2.1-R0,False,subwp,123,05,10,2933291506,exito,,520.096,0,0,"[0.0, 4.433679686931741]"
3171,goal_318,1,col_return,11252,1495.42,05,subwp,123,1,E2.1,E2.1-R0,False,subwp,123,05,1,163291849,col_return,return,360.064,0,0,"[0.0, 10.039191360581654]"
3172,goal_318,2,exito,16274,2453.05,05,subwp,123,1,E2.1,E2.1-R0,False,subwp,123,05,2,2427646835,exito,,520.768,0,0,"[0.0, 29.442561560311425]"
3173,goal_318,3,exito,16280,2430.39,05,subwp,123,1,E2.1,E2.1-R0,False,subwp,123,05,3,3887449061,exito,,520.96,0,0,"[0.0, -28.416861011034943]"
3174,goal_318,4,exito,16280,2450.89,05,subwp,123,1,E2.1,E2.1-R0,False,subwp,123,05,4,2043762246,exito,,520.96,0,0,"[0.0, -2.4245509783922436]"
3175,goal_318,5,col_return,11186,1502.08,05,subwp,123,1,E2.1,E2.1-R0,False,subwp,123,05,5,248932048,col_return,return,357.952,0,0,"[0.0, -4.256183990618938]"
3176,goal_318,6,exito,16274,2453.0,05,subwp,123,1,E2.1,E2.1-R0,False,subwp,123,05,6,2547988330,exito,,520.768,0,0,"[0.0, 28.164306520914725]"
3177,goal_318,7,exito,16280,2433.92,05,subwp,123,1,E2.1,E2.1-R0,False,subwp,123,05,7,3772254204,exito,,520.96,0,0,"[0.0, 16.853210881809584]"
3178,goal_318,8,exito,16279,2452.46,05,subwp,123,1,E2.1,E2.1-R0,False,subwp,123,05,8,1885805165,exito,,520.928,0,0,"[0.0, 14.9288423234484]"
3179,goal_318,9,col_return,11183,1498.28,05,subwp,123,1,E2.1,E2.1-R0,False,subwp,123,05,9,123742971,col_return,return,357.856,0,0,"[0.0, -27.89528500715116]"
3180,goal_318,10,exito,16274,2452.97,05,subwp,123,1,E2.1,E2.1-R0,False,subwp,123,05,10,376053399,exito,,520.768,0,0,"[0.0, -14.365076148910788]"
3181,goal_319,1,exito,16474,2459.03,05,subwp,123,1,E2.1,E2.1-R0,False,subwp,123,05,1,48752116,exito,,527.168,0,0,"[0.0, 9.785136167844362]"
3182,goal_319,2,exito,16474,2475.13,05,subwp,123,1,E2.1,E2.1-R0,False,subwp,123,05,2,2616112206,exito,,527.168,0,0,"[0.0, 18.628350885151047]"
3183,goal_319,3,col_return,11075,1477.46,05,subwp,123,1,E2.1,E2.1-R0,False,subwp,123,05,3,3974726872,col_return,return,354.4,0,0,"[0.0, -19.78725906661262]"
3184,goal_319,4,exito,16469,2475.06,05,subwp,123,1,E2.1,E2.1-R0,False,subwp,123,05,4,1921847675,exito,,527.008,0,0,"[0.0, 28.155373763742688]"
3185,goal_319,5,exito,16474,2475.16,05,subwp,123,1,E2.1,E2.1-R0,False,subwp,123,05,5,92938733,exito,,527.168,0,0,"[0.0, -23.818873466197267]"
3186,goal_319,6,exito,16474,2451.1,05,subwp,123,1,E2.1,E2.1-R0,False,subwp,123,05,6,2625859671,exito,,527.168,0,0,"[0.0, 28.17524589088859]"
3187,goal_319,7,col_return,10817,1445.92,05,subwp,123,1,E2.1,E2.1-R0,False,subwp,123,05,7,3951313089,col_return,return,346.144,0,0,"[0.0, 17.38488935606957]"
3188,goal_319,8,exito,16468,2473.2,05,subwp,123,1,E2.1,E2.1-R0,False,subwp,123,05,8,2067488080,exito,,526.976,0,0,"[0.0, -25.06647273837111]"
3189,goal_319,9,exito,16474,2475.13,05,subwp,123,1,E2.1,E2.1-R0,False,subwp,123,05,9,205286854,exito,,527.168,0,0,"[0.0, -16.032300994174424]"
3190,goal_319,10,col_return,11439,1529.73,05,subwp,123,1,E2.1,E2.1-R0,False,subwp,123,05,10,1309216449,col_return,return,366.048,0,0,"[0.0, -13.618712257967784]"
3191,goal_320,1,exito,16495,2481.83,05,subwp,123,1,E2.1,E2.1-R0,False,subwp,123,05,1,52793283,exito,,527.84,0,0,"[0.0, -8.27134607042458]"
3192,goal_320,2,exito,16501,2476.85,05,subwp,123,1,E2.1,E2.1-R0,False,subwp,123,05,2,2586631801,exito,,528.032,0,0,"[0.0, 5.300635133234522]"
3193,goal_320,3,exito,16501,2479.57,05,subwp,123,1,E2.1,E2.1-R0,False,subwp,123,05,3,3979079407,exito,,528.032,0,0,"[0.0, -4.68215270411922]"
3194,goal_320,4,col_return,10989,1467.68,05,subwp,123,1,E2.1,E2.1-R0,False,subwp,123,05,4,1934588748,col_return,return,351.648,0,0,"[0.0, -17.53744069581981]"
3195,goal_320,5,exito,16495,2481.44,05,subwp,123,1,E2.1,E2.1-R0,False,subwp,123,05,5,71846874,exito,,527.84,0,0,"[0.0, 9.412269756766793]"
3196,goal_320,6,exito,16501,2482.0,05,subwp,123,1,E2.1,E2.1-R0,False,subwp,123,05,6,2638289504,exito,,528.032,0,0,"[0.0, 24.62007865737895]"
3197,goal_320,7,col_return,11508,1534.34,05,subwp,123,1,E2.1,E2.1-R0,False,subwp,123,05,7,3930467062,col_return,return,368.256,0,0,"[0.0, -12.976590343847423]"
3198,goal_320,8,exito,16495,2481.77,05,subwp,123,1,E2.1,E2.1-R0,False,subwp,123,05,8,2063152999,exito,,527.84,0,0,"[0.0, -17.945768754181486]"
3199,goal_320,9,exito,16501,2476.79,05,subwp,123,1,E2.1,E2.1-R0,False,subwp,123,05,9,234751985,exito,,528.032,0,0,"[0.0, 4.3523452319642235]"
3200,goal_320,10,exito,16501,2479.65,05,subwp,123,1,E2.1,E2.1-R0,False,subwp,123,05,10,4139084196,exito,,528.032,0,0,"[0.0, -1.2180209291892075]"
3201,goal_321,1,col_return,11096,1478.39,05,subwp,123,1,E2.1,E2.1-R0,False,subwp,123,05,1,507583394,col_return,return,355.072,0,0,"[0.0, 5.7341375695818675]"
3202,goal_321,2,exito,16716,2506.74,05,subwp,123,1,E2.1,E2.1-R0,False,subwp,123,05,2,2269661720,exito,,534.912,0,0,"[0.0, -28.07516453155442]"
3203,goal_321,3,col_approach,2820,206.31,05,subwp,123,1,E2.1,E2.1-R0,False,subwp,123,05,3,4031740558,col_approach,approach,90.24,0,0,"[0.0, -22.46170936658335]"
3204,goal_321,4,exito,16717,2499.6,05,subwp,123,1,E2.1,E2.1-R0,False,subwp,123,05,4,1848373037,exito,,534.944,0,0,"[0.0, -11.76565793170909]"
3205,goal_321,5,exito,16721,2508.19,05,subwp,123,1,E2.1,E2.1-R0,False,subwp,123,05,5,422371259,exito,,535.072,0,0,"[0.0, -4.663618473081142]"
3206,goal_321,6,col_approach,2842,218.76,05,subwp,123,1,E2.1,E2.1-R0,False,subwp,123,05,6,2149944833,col_approach,approach,90.944,0,0,"[0.0, 27.972087056207528]"
3207,goal_321,7,col_return,11402,1512.58,05,subwp,123,1,E2.1,E2.1-R0,False,subwp,123,05,7,4146249367,col_return,return,364.864,0,0,"[0.0, 6.85094147438665]"
3208,goal_321,8,exito,16716,2508.08,05,subwp,123,1,E2.1,E2.1-R0,False,subwp,123,05,8,1738384134,exito,,534.912,0,0,"[0.0, 18.586261493509745]"
3209,goal_321,9,exito,16721,2508.23,05,subwp,123,1,E2.1,E2.1-R0,False,subwp,123,05,9,278565776,exito,,535.072,0,0,"[0.0, -27.499052373743137]"
3210,goal_321,10,col_return,11476,1525.31,05,subwp,123,1,E2.1,E2.1-R0,False,subwp,123,05,10,3424476414,col_return,return,367.232,0,0,"[0.0, -17.85418973903221]"
3211,goal_322,1,exito,16743,2516.53,05,subwp,123,1,E2.1,E2.1-R0,False,subwp,123,05,1,528707989,exito,,535.776,0,0,"[0.0, -29.420423824684086]"
3212,goal_322,2,exito,16749,2516.68,05,subwp,123,1,E2.1,E2.1-R0,False,subwp,123,05,2,2257199151,exito,,535.968,0,0,"[0.0, 21.01351397078794]"
3213,goal_322,3,col_return,11500,1536.74,05,subwp,123,1,E2.1,E2.1-R0,False,subwp,123,05,3,4052553913,col_return,return,368.0,0,0,"[0.0, 2.5642800922385933]"
3214,goal_322,4,exito,16743,2516.45,05,subwp,123,1,E2.1,E2.1-R0,False,subwp,123,05,4,1877574938,exito,,535.776,0,0,"[0.0, 14.719346433049857]"
3215,goal_322,5,exito,16749,2516.67,05,subwp,123,1,E2.1,E2.1-R0,False,subwp,123,05,5,418297228,exito,,535.968,0,0,"[0.0, -9.703822643878508]"
3216,goal_322,6,col_return,11500,1538.32,05,subwp,123,1,E2.1,E2.1-R0,False,subwp,123,05,6,2179458102,col_return,return,368.0,0,0,"[0.0, 28.174133111380552]"
3217,goal_322,7,exito,16743,2516.55,05,subwp,123,1,E2.1,E2.1-R0,False,subwp,123,05,7,4141929632,exito,,535.776,0,0,"[0.0, 24.530073479902764]"
3218,goal_322,8,exito,16750,2516.83,05,subwp,123,1,E2.1,E2.1-R0,False,subwp,123,05,8,1717553457,exito,,536.0,0,0,"[0.0, -14.754409945219358]"
3219,goal_322,9,col_return,11499,1539.55,05,subwp,123,1,E2.1,E2.1-R0,False,subwp,123,05,9,291043751,col_return,return,367.968,0,0,"[0.0, -0.06167777250132955]"
3220,goal_322,10,exito,16744,2516.69,05,subwp,123,1,E2.1,E2.1-R0,False,subwp,123,05,10,1956723611,exito,,535.808,0,0,"[0.0, 29.336942751953597]"
3221,goal_323,1,exito,16945,2536.54,05,subwp,123,1,E2.1,E2.1-R0,False,subwp,123,05,1,499503052,exito,,542.24,0,0,"[0.0, -25.58031338499044]"
3222,goal_323,2,col_return,11507,1529.28,05,subwp,123,1,E2.1,E2.1-R0,False,subwp,123,05,2,2228002422,col_return,return,368.224,0,0,"[0.0, -1.302260075231494]"
3223,goal_323,3,exito,16940,2536.52,05,subwp,123,1,E2.1,E2.1-R0,False,subwp,123,05,3,4090212064,exito,,542.08,0,0,"[0.0, 19.93233434870216]"
3224,goal_323,4,col_approach,2781,203.04,05,subwp,123,1,E2.1,E2.1-R0,False,subwp,123,05,4,1840200515,col_approach,approach,88.992,0,0,"[0.0, 3.858331619550095]"
3225,goal_323,5,exito,16940,2536.49,05,subwp,123,1,E2.1,E2.1-R0,False,subwp,123,05,5,447220693,exito,,542.08,0,0,"[0.0, -8.36415494174376]"
3226,goal_323,6,exito,16943,2536.33,05,subwp,123,1,E2.1,E2.1-R0,False,subwp,123,05,6,2208389743,exito,,542.176,0,0,"[0.0, -23.10298821074457]"
3227,goal_323,7,exito,16945,2532.57,05,subwp,123,1,E2.1,E2.1-R0,False,subwp,123,05,7,4104547065,exito,,542.24,0,0,"[0.0, 16.66627448207887]"
3228,goal_323,8,col_return,11725,1563.24,05,subwp,123,1,E2.1,E2.1-R0,False,subwp,123,05,8,1679390568,col_return,return,375.2,0,0,"[0.0, 3.704366762733009]"
3229,goal_323,9,exito,16939,2536.3,05,subwp,123,1,E2.1,E2.1-R0,False,subwp,123,05,9,320751614,exito,,542.048,0,0,"[0.0, -0.10390338331916604]"
3230,goal_323,10,exito,16945,2533.3,05,subwp,123,1,E2.1,E2.1-R0,False,subwp,123,05,10,1712624757,exito,,542.24,0,0,"[0.0, 21.677703378001826]"
3231,goal_324,1,col_return,11433,1523.71,05,subwp,123,1,E2.1,E2.1-R0,False,subwp,123,05,1,470263291,col_return,return,365.856,0,0,"[0.0, -26.464172302356932]"
3232,goal_324,2,exito,16965,2544.48,05,subwp,123,1,E2.1,E2.1-R0,False,subwp,123,05,2,2232349761,exito,,542.88,0,0,"[0.0, 6.43077525136738]"
3233,goal_324,3,exito,16972,2519.82,05,subwp,123,1,E2.1,E2.1-R0,False,subwp,123,05,3,4060726487,exito,,543.104,0,0,"[0.0, -15.866168894827709]"
3234,goal_324,4,col_return,11237,1501.27,05,subwp,123,1,E2.1,E2.1-R0,False,subwp,123,05,4,1819103604,col_return,return,359.584,0,0,"[0.0, 11.583524346463971]"
3235,goal_324,5,exito,16965,2541.55,05,subwp,123,1,E2.1,E2.1-R0,False,subwp,123,05,5,459956706,exito,,542.88,0,0,"[0.0, 8.325709124434702]"
3236,goal_324,6,exito,16971,2537.78,05,subwp,123,1,E2.1,E2.1-R0,False,subwp,123,05,6,2187538520,exito,,543.072,0,0,"[0.0, 18.215189162288294]"
3237,goal_324,7,col_return,11150,1489.13,05,subwp,123,1,E2.1,E2.1-R0,False,subwp,123,05,7,4116971726,col_return,return,356.8,0,0,"[0.0, -11.92808183716982]"
3238,goal_324,8,exito,16965,2537.55,05,subwp,123,1,E2.1,E2.1-R0,False,subwp,123,05,8,1708858719,exito,,542.88,0,0,"[0.0, -14.599250321359332]"
3239,goal_324,9,exito,16971,2530.58,05,subwp,123,1,E2.1,E2.1-R0,False,subwp,123,05,9,316419529,exito,,543.072,0,0,"[0.0, -8.861059518913407]"
3240,goal_324,10,col_return,11112,1484.65,05,subwp,123,1,E2.1,E2.1-R0,False,subwp,123,05,10,3735614224,col_return,return,355.584,0,0,"[0.0, 5.294199828006185]"
3241,goal_325,1,exito,16674,2519.79,05,subwp,123,1,E2.1,E2.1-R0,False,subwp,123,05,1,424194942,exito,,533.568,0,0,"[0.0, -1.0156970967646473]"
3242,goal_325,2,exito,16677,2519.7,05,subwp,123,1,E2.1,E2.1-R0,False,subwp,123,05,2,2151801540,exito,,533.664,0,0,"[0.0, -23.962744487378252]"
3243,goal_325,3,col_return,11246,1506.92,05,subwp,123,1,E2.1,E2.1-R0,False,subwp,123,05,3,4148613714,col_return,return,359.872,0,0,"[0.0, 25.24550816581212]"
3244,goal_325,4,exito,16674,2519.8,05,subwp,123,1,E2.1,E2.1-R0,False,subwp,123,05,4,1763854321,exito,,533.568,0,0,"[0.0, -6.636912954066235]"
3245,goal_325,5,exito,16680,2519.99,05,subwp,123,1,E2.1,E2.1-R0,False,subwp,123,05,5,505771879,exito,,533.76,0,0,"[0.0, -13.126385384407193]"
3246,goal_325,6,col_return,11432,1541.59,05,subwp,123,1,E2.1,E2.1-R0,False,subwp,123,05,6,2267817693,col_return,return,365.824,0,0,"[0.0, -8.709820110150723]"
3247,goal_325,7,exito,16675,2519.88,05,subwp,123,1,E2.1,E2.1-R0,False,subwp,123,05,7,4029355595,exito,,533.6,0,0,"[0.0, -20.579160567513725]"
3248,goal_325,8,exito,16680,2520.01,05,subwp,123,1,E2.1,E2.1-R0,False,subwp,123,05,8,1620315098,exito,,533.76,0,0,"[0.0, 14.119328483453554]"
3249,goal_325,9,col_return,11538,1556.47,05,subwp,123,1,E2.1,E2.1-R0,False,subwp,123,05,9,395524940,col_return,return,369.216,0,0,"[0.0, 25.959894402680103]"
3250,goal_325,10,exito,16674,2519.75,05,subwp,123,1,E2.1,E2.1-R0,False,subwp,123,05,10,1132448681,exito,,533.568,0,0,"[0.0, -8.373427601073967]"
3251,goal_326,1,exito,16683,2527.98,05,subwp,123,1,E2.1,E2.1-R0,False,subwp,123,05,1,411752777,exito,,533.856,0,0,"[0.0, 7.73743617865251]"
3252,goal_326,2,col_return,11602,1565.67,05,subwp,123,1,E2.1,E2.1-R0,False,subwp,123,05,2,2172881139,col_return,return,371.264,0,0,"[0.0, 6.379645208972953]"
3253,goal_326,3,exito,16678,2527.94,05,subwp,123,1,E2.1,E2.1-R0,False,subwp,123,05,3,4135893093,exito,,533.696,0,0,"[0.0, -8.421947010340652]"
3254,goal_326,4,exito,16683,2528.01,05,subwp,123,1,E2.1,E2.1-R0,False,subwp,123,05,4,1759522246,exito,,533.856,0,0,"[0.0, -26.934869570923784]"
3255,goal_326,5,col_return,11620,1566.6,05,subwp,123,1,E2.1,E2.1-R0,False,subwp,123,05,5,535240016,col_return,return,371.84,0,0,"[0.0, -19.28707545783012]"
3256,goal_326,6,exito,16678,2527.94,05,subwp,123,1,E2.1,E2.1-R0,False,subwp,123,05,6,2263764202,exito,,533.696,0,0,"[0.0, -26.96061012266043]"
3257,goal_326,7,exito,16683,2528.06,05,subwp,123,1,E2.1,E2.1-R0,False,subwp,123,05,7,4058610812,exito,,533.856,0,0,"[0.0, 3.1049916323544746]"
3258,goal_326,8,col_return,11629,1567.55,05,subwp,123,1,E2.1,E2.1-R0,False,subwp,123,05,8,1633051117,col_return,return,372.128,0,0,"[0.0, 12.785161800184255]"
3259,goal_326,9,exito,16678,2527.96,05,subwp,123,1,E2.1,E2.1-R0,False,subwp,123,05,9,374428027,exito,,533.696,0,0,"[0.0, 4.324322707624733]"
3260,goal_326,10,exito,16683,2528.04,05,subwp,123,1,E2.1,E2.1-R0,False,subwp,123,05,10,4223904972,exito,,533.856,0,0,"[0.0, -8.077841441328497]"
3261,goal_327,1,col_return,11567,1559.38,05,subwp,123,1,E2.1,E2.1-R0,False,subwp,123,05,1,449603344,col_return,return,370.144,0,0,"[0.0, -13.44926594231626]"
3262,goal_327,2,exito,16584,2503.03,05,subwp,123,1,E2.1,E2.1-R0,False,subwp,123,05,2,2210739882,exito,,530.688,0,0,"[0.0, -27.825504941992804]"
3263,goal_327,3,exito,16590,2502.95,05,subwp,123,1,E2.1,E2.1-R0,False,subwp,123,05,3,4106356284,exito,,530.88,0,0,"[0.0, -22.79520797763987]"
3264,goal_327,4,exito,16590,2484.3,05,subwp,123,1,E2.1,E2.1-R0,False,subwp,123,05,4,1789301663,exito,,530.88,0,0,"[0.0, -13.919255677815013]"
3265,goal_327,5,col_return,10897,1466.55,05,subwp,123,1,E2.1,E2.1-R0,False,subwp,123,05,5,497132297,col_return,return,348.704,0,0,"[0.0, -18.01028861186206]"
3266,goal_327,6,exito,16586,2503.09,05,subwp,123,1,E2.1,E2.1-R0,False,subwp,123,05,6,2225664691,exito,,530.752,0,0,"[0.0, 28.897398610027885]"
3267,goal_327,7,exito,16590,2502.97,05,subwp,123,1,E2.1,E2.1-R0,False,subwp,123,05,7,4088381989,exito,,530.88,0,0,"[0.0, -7.847482051696149]"
3268,goal_327,8,col_return,11378,1523.67,05,subwp,123,1,E2.1,E2.1-R0,False,subwp,123,05,8,1662050228,col_return,return,364.096,0,0,"[0.0, 3.7563155286192518]"
3269,goal_327,9,exito,16584,2503.0,05,subwp,123,1,E2.1,E2.1-R0,False,subwp,123,05,9,337112866,exito,,530.688,0,0,"[0.0, -2.374884859361781]"
3270,goal_327,10,exito,16590,2502.95,05,subwp,123,1,E2.1,E2.1-R0,False,subwp,123,05,10,3916825378,exito,,530.88,0,0,"[0.0, 22.71684203967764]"
3271,goal_328,1,col_return,11594,1557.71,05,subwp,123,1,E2.1,E2.1-R0,False,subwp,123,05,1,453905703,col_return,return,371.008,0,0,"[0.0, 0.06978593244758802]"
3272,goal_328,2,exito,16551,2510.72,05,subwp,123,1,E2.1,E2.1-R0,False,subwp,123,05,2,2181520541,exito,,529.632,0,0,"[0.0, 15.791168696553166]"
3273,goal_328,3,exito,16556,2510.83,05,subwp,123,1,E2.1,E2.1-R0,False,subwp,123,05,3,4110445579,exito,,529.792,0,0,"[0.0, 19.86997307783997]"
3274,goal_328,4,exito,16556,2502.4,05,subwp,123,1,E2.1,E2.1-R0,False,subwp,123,05,4,1801779624,exito,,529.792,0,0,"[0.0, -2.281298997248189]"
3275,goal_328,5,col_return,10937,1482.34,05,subwp,123,1,E2.1,E2.1-R0,False,subwp,123,05,5,476301630,col_return,return,349.984,0,0,"[0.0, -26.16658778740472]"
3276,goal_328,6,exito,16549,2510.4,05,subwp,123,1,E2.1,E2.1-R0,False,subwp,123,05,6,2238355588,exito,,529.568,0,0,"[0.0, -24.367791100038477]"
3277,goal_328,7,exito,16554,2510.51,05,subwp,123,1,E2.1,E2.1-R0,False,subwp,123,05,7,4067272722,exito,,529.728,0,0,"[0.0, -15.619524013060396]"
3278,goal_328,8,col_return,11435,1540.39,05,subwp,123,1,E2.1,E2.1-R0,False,subwp,123,05,8,1657976195,col_return,return,365.92,0,0,"[0.0, 20.43017330423258]"
3279,goal_328,9,exito,16551,2510.72,05,subwp,123,1,E2.1,E2.1-R0,False,subwp,123,05,9,366314773,exito,,529.632,0,0,"[0.0, -26.5912327128636]"
3280,goal_328,10,exito,16556,2510.83,05,subwp,123,1,E2.1,E2.1-R0,False,subwp,123,05,10,1372218439,exito,,529.792,0,0,"[0.0, 15.988815527704158]"
3281,goal_329,1,exito,16348,2462.35,05,subwp,123,1,E2.1,E2.1-R0,False,subwp,123,05,1,273828378,exito,,523.136,0,0,"[0.0, -23.220309179382024]"
3282,goal_329,2,col_return,10869,1459.76,05,subwp,123,1,E2.1,E2.1-R0,False,subwp,123,05,2,2304449440,col_return,return,347.808,0,0,"[0.0, 9.760210349461826]"
3283,goal_329,3,exito,16343,2467.38,05,subwp,123,1,E2.1,E2.1-R0,False,subwp,123,05,3,4267453238,exito,,522.976,0,0,"[0.0, -28.437559492246272]"
3284,goal_329,4,exito,16348,2467.45,05,subwp,123,1,E2.1,E2.1-R0,False,subwp,123,05,4,1614331541,exito,,523.136,0,0,"[0.0, 11.701288528243834]"
3285,goal_329,5,exito,16348,2465.1,05,subwp,123,1,E2.1,E2.1-R0,False,subwp,123,05,5,390041091,exito,,523.136,0,0,"[0.0, -8.852047984030513]"
3286,goal_329,6,col_return,10913,1462.63,05,subwp,123,1,E2.1,E2.1-R0,False,subwp,123,05,6,2385960889,col_return,return,349.216,0,0,"[0.0, -28.93534535495595]"
3287,goal_329,7,exito,16343,2467.38,05,subwp,123,1,E2.1,E2.1-R0,False,subwp,123,05,7,4180799279,exito,,522.976,0,0,"[0.0, -26.842618676303623]"
3288,goal_329,8,exito,16348,2467.43,05,subwp,123,1,E2.1,E2.1-R0,False,subwp,123,05,8,1770975934,exito,,523.136,0,0,"[0.0, 16.408448391534392]"
3289,goal_329,9,exito,16348,2465.85,05,subwp,123,1,E2.1,E2.1-R0,False,subwp,123,05,9,512344616,exito,,523.136,0,0,"[0.0, 15.641173617886803]"
3290,goal_329,10,col_return,10945,1460.31,05,subwp,123,1,E2.1,E2.1-R0,False,subwp,123,05,10,162100241,col_return,return,350.24,0,0,"[0.0, 13.292967359911502]"
3291,goal_330,1,exito,16306,2475.16,05,subwp,123,1,E2.1,E2.1-R0,False,subwp,123,05,1,294658093,exito,,521.792,0,0,"[0.0, 26.60630782695598]"
3292,goal_330,2,exito,16311,2475.24,05,subwp,123,1,E2.1,E2.1-R0,False,subwp,123,05,2,2291757463,exito,,521.952,0,0,"[0.0, 8.111800376647585]"
3293,goal_330,3,exito,16311,2475.08,05,subwp,123,1,E2.1,E2.1-R0,False,subwp,123,05,3,4288561409,exito,,521.952,0,0,"[0.0, 18.857762931977142]"
3294,goal_330,4,col_return,10979,1484.64,05,subwp,123,1,E2.1,E2.1-R0,False,subwp,123,05,4,1643828386,col_return,return,351.328,0,0,"[0.0, -24.429587449375166]"
3295,goal_330,5,exito,16306,2475.23,05,subwp,123,1,E2.1,E2.1-R0,False,subwp,123,05,5,385737780,exito,,521.792,0,0,"[0.0, 25.26791284902417]"
3296,goal_330,6,exito,16311,2475.28,05,subwp,123,1,E2.1,E2.1-R0,False,subwp,123,05,6,2415179150,exito,,521.952,0,0,"[0.0, -1.954928600057786]"
3297,goal_330,7,exito,16311,2475.26,05,subwp,123,1,E2.1,E2.1-R0,False,subwp,123,05,7,4176708888,exito,,521.952,0,0,"[0.0, 26.336324829068868]"
3298,goal_330,8,col_return,11021,1493.77,05,subwp,123,1,E2.1,E2.1-R0,False,subwp,123,05,8,1749850249,col_return,return,352.672,0,0,"[0.0, -4.679776019326809]"
3299,goal_330,9,exito,16306,2475.07,05,subwp,123,1,E2.1,E2.1-R0,False,subwp,123,05,9,525051935,exito,,521.792,0,0,"[0.0, -6.554110495751287]"
3300,goal_330,10,exito,16311,2474.72,05,subwp,123,1,E2.1,E2.1-R0,False,subwp,123,05,10,2970948468,exito,,521.952,0,0,"[0.0, 28.779906897506148]"
3301,goal_331,1,exito,16093,2432.43,05,subwp,123,1,E2.1,E2.1-R0,False,subwp,123,05,1,2801630407,exito,,514.976,0,0,"[0.0, 28.201319375619136]"
3302,goal_331,2,col_return,11059,1473.79,05,subwp,123,1,E2.1,E2.1-R0,False,subwp,123,05,2,1072967037,col_return,return,353.888,0,0,"[0.0, 27.43047439986977]"
3303,goal_331,3,exito,16089,2432.63,05,subwp,123,1,E2.1,E2.1-R0,False,subwp,123,05,3,1223892459,exito,,514.848,0,0,"[0.0, -14.351850658027143]"
3304,goal_331,4,exito,16093,2432.44,05,subwp,123,1,E2.1,E2.1-R0,False,subwp,123,05,4,3600255048,exito,,514.976,0,0,"[0.0, -8.759908902022072]"
3305,goal_331,5,exito,16093,2432.43,05,subwp,123,1,E2.1,E2.1-R0,False,subwp,123,05,5,2710616286,exito,,514.976,0,0,"[0.0, -9.099561227558091]"
3306,goal_331,6,exito,16093,2431.47,05,subwp,123,1,E2.1,E2.1-R0,False,subwp,123,05,6,949610852,exito,,514.976,0,0,"[0.0, -29.406548179125792]"
3307,goal_331,7,col_return,10826,1452.43,05,subwp,123,1,E2.1,E2.1-R0,False,subwp,123,05,7,1335810546,col_return,return,346.432,0,0,"[0.0, 19.41556810115184]"
3308,goal_331,8,exito,16088,2432.33,05,subwp,123,1,E2.1,E2.1-R0,False,subwp,123,05,8,3743532131,exito,,514.816,0,0,"[0.0, 7.8365788839607635]"
3309,goal_331,9,exito,16093,2432.49,05,subwp,123,1,E2.1,E2.1-R0,False,subwp,123,05,9,2821125365,exito,,514.976,0,0,"[0.0, 29.397398741809184]"
3310,goal_331,10,exito,16093,2432.48,05,subwp,123,1,E2.1,E2.1-R0,False,subwp,123,05,10,4051531086,exito,,514.976,0,0,"[0.0, -8.027023764646925]"
3311,goal_332,1,exito,16062,2436.33,05,subwp,123,1,E2.1,E2.1-R0,False,subwp,123,05,1,2805929712,exito,,513.984,0,0,"[0.0, 5.356215727154723]"
3312,goal_332,2,col_return,10744,1445.31,05,subwp,123,1,E2.1,E2.1-R0,False,subwp,123,05,2,1043744586,col_return,return,343.808,0,0,"[0.0, -8.708946633912438]"
3313,goal_332,3,exito,16057,2440.95,05,subwp,123,1,E2.1,E2.1-R0,False,subwp,123,05,3,1227978716,exito,,513.824,0,0,"[0.0, 24.64060644399731]"
3314,goal_332,4,exito,16062,2441.02,05,subwp,123,1,E2.1,E2.1-R0,False,subwp,123,05,4,3612729983,exito,,513.984,0,0,"[0.0, -7.15368894666385]"
3315,goal_332,5,exito,16063,2440.88,05,subwp,123,1,E2.1,E2.1-R0,False,subwp,123,05,5,2689782505,exito,,514.016,0,0,"[0.0, 20.615204041008823]"
3316,goal_332,6,exito,16063,2436.42,05,subwp,123,1,E2.1,E2.1-R0,False,subwp,123,05,6,962298707,exito,,514.016,0,0,"[0.0, 2.229472929131271]"
3317,goal_332,7,col_return,10748,1442.23,05,subwp,123,1,E2.1,E2.1-R0,False,subwp,123,05,7,1314698181,col_return,return,343.936,0,0,"[0.0, -4.487990396872405]"
3318,goal_332,8,exito,16054,2440.86,05,subwp,123,1,E2.1,E2.1-R0,False,subwp,123,05,8,3739463252,exito,,513.728,0,0,"[0.0, 10.885488742470715]"
3319,goal_332,9,exito,16059,2441.49,05,subwp,123,1,E2.1,E2.1-R0,False,subwp,123,05,9,2850332354,exito,,513.888,0,0,"[0.0, 12.175938633946933]"
3320,goal_332,10,exito,16056,2441.23,05,subwp,123,1,E2.1,E2.1-R0,False,subwp,123,05,10,1237389867,exito,,513.792,0,0,"[0.0, 9.517453458767752]"
3321,goal_333,1,exito,15868,2400.81,05,subwp,123,1,E2.1,E2.1-R0,False,subwp,123,05,1,2776213673,exito,,507.776,0,0,"[0.0, 23.253717992868044]"
3322,goal_333,2,col_return,10754,1434.0,05,subwp,123,1,E2.1,E2.1-R0,False,subwp,123,05,2,1014036755,col_return,return,344.128,0,0,"[0.0, -20.36799032280807]"
3323,goal_333,3,exito,15863,2401.2,05,subwp,123,1,E2.1,E2.1-R0,False,subwp,123,05,3,1266141573,exito,,507.616,0,0,"[0.0, 15.201974700119173]"
3324,goal_333,4,exito,15868,2401.29,05,subwp,123,1,E2.1,E2.1-R0,False,subwp,123,05,4,3574815782,exito,,507.776,0,0,"[0.0, 7.940209918812078]"
3325,goal_333,5,exito,15866,2401.1,05,subwp,123,1,E2.1,E2.1-R0,False,subwp,123,05,5,2719247536,exito,,507.712,0,0,"[0.0, -17.92326442548941]"
3326,goal_333,6,exito,15868,2401.29,05,subwp,123,1,E2.1,E2.1-R0,False,subwp,123,05,6,991771914,exito,,507.776,0,0,"[0.0, 28.068723784291972]"
3327,goal_333,7,exito,15868,2399.73,05,subwp,123,1,E2.1,E2.1-R0,False,subwp,123,05,7,1276775836,exito,,507.776,0,0,"[0.0, 5.307123727027618]"
3328,goal_333,8,col_return,10700,1429.8,05,subwp,123,1,E2.1,E2.1-R0,False,subwp,123,05,8,3701805069,col_return,return,342.4,0,0,"[0.0, 18.61803375778323]"
3329,goal_333,9,exito,15861,2401.0,05,subwp,123,1,E2.1,E2.1-R0,False,subwp,123,05,9,2879529115,exito,,507.552,0,0,"[0.0, -11.833379972436997]"
3330,goal_333,10,exito,15866,2401.13,05,subwp,123,1,E2.1,E2.1-R0,False,subwp,123,05,10,1534377413,exito,,507.712,0,0,"[0.0, 12.180837507584714]"
3331,goal_334,1,exito,15866,2412.64,05,subwp,123,1,E2.1,E2.1-R0,False,subwp,123,05,1,2763768478,exito,,507.712,0,0,"[0.0, 4.621464340382069]"
3332,goal_334,2,exito,15868,2412.63,05,subwp,123,1,E2.1,E2.1-R0,False,subwp,123,05,2,1035113252,exito,,507.776,0,0,"[0.0, -21.754688293934496]"
3333,goal_334,3,exito,15869,2410.32,05,subwp,123,1,E2.1,E2.1-R0,False,subwp,123,05,3,1253417906,exito,,507.808,0,0,"[0.0, 11.73199334257026]"
3334,goal_334,4,col_return,10684,1439.88,05,subwp,123,1,E2.1,E2.1-R0,False,subwp,123,05,4,3570480657,col_return,return,341.888,0,0,"[0.0, -14.952812695133076]"
3335,goal_334,5,exito,15862,2412.03,05,subwp,123,1,E2.1,E2.1-R0,False,subwp,123,05,5,2748712583,exito,,507.584,0,0,"[0.0, 22.139428399792813]"
3336,goal_334,6,exito,15869,2412.46,05,subwp,123,1,E2.1,E2.1-R0,False,subwp,123,05,6,987715389,exito,,507.808,0,0,"[0.0, -16.725432471862533]"
3337,goal_334,7,exito,15868,2412.73,05,subwp,123,1,E2.1,E2.1-R0,False,subwp,123,05,7,1306027947,exito,,507.776,0,0,"[0.0, -7.989297679556417]"
3338,goal_334,8,exito,15866,2412.67,05,subwp,123,1,E2.1,E2.1-R0,False,subwp,123,05,8,3714546234,exito,,507.712,0,0,"[0.0, -24.927220000992797]"
3339,goal_334,9,exito,15868,2410.06,05,subwp,123,1,E2.1,E2.1-R0,False,subwp,123,05,9,2858437292,exito,,507.776,0,0,"[0.0, 27.41896725909838]"
3340,goal_334,10,col_return,10678,1438.34,05,subwp,123,1,E2.1,E2.1-R0,False,subwp,123,05,10,3821591200,col_return,return,341.696,0,0,"[0.0, 28.24606497355687]"
3341,goal_335,1,exito,15627,2366.62,05,subwp,123,1,E2.1,E2.1-R0,False,subwp,123,05,1,2717176859,exito,,500.064,0,0,"[0.0, 2.3941384741768146]"
3342,goal_335,2,exito,15632,2366.68,05,subwp,123,1,E2.1,E2.1-R0,False,subwp,123,05,2,956138913,exito,,500.224,0,0,"[0.0, -6.945311795509852]"
3343,goal_335,3,exito,15632,2366.67,05,subwp,123,1,E2.1,E2.1-R0,False,subwp,123,05,3,1341830455,exito,,500.224,0,0,"[0.0, -23.169704987534562]"
3344,goal_335,4,exito,15632,2366.67,05,subwp,123,1,E2.1,E2.1-R0,False,subwp,123,05,4,3516801172,exito,,500.224,0,0,"[0.0, -2.7204268548795896]"
3345,goal_335,5,exito,15632,2366.68,05,subwp,123,1,E2.1,E2.1-R0,False,subwp,123,05,5,2795048962,exito,,500.224,0,0,"[0.0, -16.691452082146064]"
3346,goal_335,6,exito,15632,2366.65,05,subwp,123,1,E2.1,E2.1-R0,False,subwp,123,05,6,1066418616,exito,,500.224,0,0,"[0.0, 12.492033271437288]"
3347,goal_335,7,exito,15632,2360.08,05,subwp,123,1,E2.1,E2.1-R0,False,subwp,123,05,7,1217884462,exito,,500.224,0,0,"[0.0, -22.25303793252707]"
3348,goal_335,8,col_return,10498,1404.11,05,subwp,123,1,E2.1,E2.1-R0,False,subwp,123,05,8,3626527935,col_return,return,335.936,0,0,"[0.0, -17.258051940721522]"
3349,goal_335,9,exito,15626,2366.43,05,subwp,123,1,E2.1,E2.1-R0,False,subwp,123,05,9,2939116585,exito,,500.032,0,0,"[0.0, -18.641060361580234]"
3350,goal_335,10,exito,15631,2366.59,05,subwp,123,1,E2.1,E2.1-R0,False,subwp,123,05,10,2116018713,exito,,500.192,0,0,"[0.0, -26.80210526724857]"
3351,goal_336,1,exito,15636,2382.31,05,subwp,123,1,E2.1,E2.1-R0,False,subwp,123,05,1,2687942188,exito,,500.352,0,0,"[0.0, -27.85184759313285]"
3352,goal_336,2,exito,15636,2382.18,05,subwp,123,1,E2.1,E2.1-R0,False,subwp,123,05,2,960491414,exito,,500.352,0,0,"[0.0, -8.23250932472915]"
3353,goal_336,3,exito,15636,2382.19,05,subwp,123,1,E2.1,E2.1-R0,False,subwp,123,05,3,1312349952,exito,,500.352,0,0,"[0.0, 14.72327271819551]"
3354,goal_336,4,exito,15636,2382.2,05,subwp,123,1,E2.1,E2.1-R0,False,subwp,123,05,4,3495709347,exito,,500.352,0,0,"[0.0, -18.31388860184341]"
3355,goal_336,5,exito,15636,2378.07,05,subwp,123,1,E2.1,E2.1-R0,False,subwp,123,05,5,2807790133,exito,,500.352,0,0,"[0.0, 2.93285692394063]"
3356,goal_336,6,col_return,10539,1419.26,05,subwp,123,1,E2.1,E2.1-R0,False,subwp,123,05,6,1045572495,col_return,return,337.248,0,0,"[0.0, 4.0812486938503305]"
3357,goal_336,7,exito,15630,2382.04,05,subwp,123,1,E2.1,E2.1-R0,False,subwp,123,05,7,1230314265,exito,,500.16,0,0,"[0.0, -11.546493542635973]"
3358,goal_336,8,exito,15636,2382.3,05,subwp,123,1,E2.1,E2.1-R0,False,subwp,123,05,8,3655992968,exito,,500.352,0,0,"[0.0, 0.28043949691956005]"
3359,goal_336,9,exito,15636,2382.19,05,subwp,123,1,E2.1,E2.1-R0,False,subwp,123,05,9,2934781470,exito,,500.352,0,0,"[0.0, 13.135105119962468]"
3360,goal_336,10,exito,15636,2382.2,05,subwp,123,1,E2.1,E2.1-R0,False,subwp,123,05,10,3332605308,exito,,500.352,0,0,"[0.0, -17.35940578074276]"
3361,goal_337,1,exito,15419,2336.77,05,subwp,123,1,E2.1,E2.1-R0,False,subwp,123,05,1,2725249141,exito,,493.408,0,0,"[0.0, 26.166087807995144]"
3362,goal_337,2,exito,15418,2336.62,05,subwp,123,1,E2.1,E2.1-R0,False,subwp,123,05,2,997806543,exito,,493.376,0,0,"[0.0, 21.844052592458155]"
3363,goal_337,3,exito,15418,2336.55,05,subwp,123,1,E2.1,E2.1-R0,False,subwp,123,05,3,1283350873,exito,,493.376,0,0,"[0.0, -29.604115596329205]"
3364,goal_337,4,exito,15418,2336.42,05,subwp,123,1,E2.1,E2.1-R0,False,subwp,123,05,4,3524982010,exito,,493.376,0,0,"[0.0, 7.644876038870702]"
3365,goal_337,5,exito,15418,2320.17,05,subwp,123,1,E2.1,E2.1-R0,False,subwp,123,05,5,2770191468,exito,,493.376,0,0,"[0.0, 0.25314442741609877]"
3366,goal_337,6,col_return,10330,1382.22,05,subwp,123,1,E2.1,E2.1-R0,False,subwp,123,05,6,1007982038,col_return,return,330.56,0,0,"[0.0, 9.213072770949857]"
3367,goal_337,7,exito,15413,2336.48,05,subwp,123,1,E2.1,E2.1-R0,False,subwp,123,05,7,1259578688,exito,,493.216,0,0,"[0.0, -15.00833221443177]"
3368,goal_337,8,exito,15418,2336.54,05,subwp,123,1,E2.1,E2.1-R0,False,subwp,123,05,8,3685529809,exito,,493.376,0,0,"[0.0, -26.368530452433305]"
3369,goal_337,9,exito,15418,2336.59,05,subwp,123,1,E2.1,E2.1-R0,False,subwp,123,05,9,2896922695,exito,,493.376,0,0,"[0.0, -29.539609046348424]"
3370,goal_337,10,exito,15418,2336.6,05,subwp,123,1,E2.1,E2.1-R0,False,subwp,123,05,10,3558222482,exito,,493.376,0,0,"[0.0, 2.695730768901947]"
3371,goal_338,1,exito,15445,2352.85,05,subwp,123,1,E2.1,E2.1-R0,False,subwp,123,05,1,2746378818,exito,,494.24,0,0,"[0.0, 2.3919169123597617]"
3372,goal_338,2,exito,15445,2352.9,05,subwp,123,1,E2.1,E2.1-R0,False,subwp,123,05,2,985349112,exito,,494.24,0,0,"[0.0, 27.514082349013936]"
3373,goal_338,3,exito,15445,2352.89,05,subwp,123,1,E2.1,E2.1-R0,False,subwp,123,05,3,1304169326,exito,,494.24,0,0,"[0.0, 5.525416681076147]"
3374,goal_338,4,exito,15445,2352.9,05,subwp,123,1,E2.1,E2.1-R0,False,subwp,123,05,4,3554189005,exito,,494.24,0,0,"[0.0, 22.79235317724517]"
3375,goal_338,5,exito,15445,2352.9,05,subwp,123,1,E2.1,E2.1-R0,False,subwp,123,05,5,2766122587,exito,,494.24,0,0,"[0.0, -12.579806417199004]"
3376,goal_338,6,exito,15445,2351.83,05,subwp,123,1,E2.1,E2.1-R0,False,subwp,123,05,6,1037500385,exito,,494.24,0,0,"[0.0, -10.164682704576737]"
3377,goal_338,7,exito,15446,2319.61,05,subwp,123,1,E2.1,E2.1-R0,False,subwp,123,05,7,1255264119,exito,,494.272,0,0,"[0.0, 25.164339423826792]"
3378,goal_338,8,col_return,10278,1385.32,05,subwp,123,1,E2.1,E2.1-R0,False,subwp,123,05,8,3664696038,col_return,return,328.896,0,0,"[0.0, 29.84314811812307]"
3379,goal_338,9,exito,15439,2352.61,05,subwp,123,1,E2.1,E2.1-R0,False,subwp,123,05,9,2909397616,exito,,494.048,0,0,"[0.0, 8.220461967356382]"
3380,goal_338,10,exito,15445,2352.9,05,subwp,123,1,E2.1,E2.1-R0,False,subwp,123,05,10,1823100407,exito,,494.24,0,0,"[0.0, 6.1951869321869]"
3381,goal_339,1,exito,15184,2304.73,05,subwp,123,1,E2.1,E2.1-R0,False,subwp,123,05,1,2834181503,exito,,485.888,0,0,"[0.0, -4.160390950149456]"
3382,goal_339,2,exito,15184,2304.72,05,subwp,123,1,E2.1,E2.1-R0,False,subwp,123,05,2,837254341,exito,,485.888,0,0,"[0.0, 4.282253961965665]"
3383,goal_339,3,exito,15184,2304.68,05,subwp,123,1,E2.1,E2.1-R0,False,subwp,123,05,3,1189104723,exito,,485.888,0,0,"[0.0, -6.928601643829932]"
3384,goal_339,4,exito,15184,2304.67,05,subwp,123,1,E2.1,E2.1-R0,False,subwp,123,05,4,3632585200,exito,,485.888,0,0,"[0.0, 22.63200648739799]"
3385,goal_339,5,exito,15184,2304.72,05,subwp,123,1,E2.1,E2.1-R0,False,subwp,123,05,5,2944657766,exito,,485.888,0,0,"[0.0, -25.738126892510575]"
3386,goal_339,6,exito,15184,2304.66,05,subwp,123,1,E2.1,E2.1-R0,False,subwp,123,05,6,915060956,exito,,485.888,0,0,"[0.0, 3.9375677699363854]"
3387,goal_339,7,exito,15184,2304.71,05,subwp,123,1,E2.1,E2.1-R0,False,subwp,123,05,7,1099794506,exito,,485.888,0,0,"[0.0, 10.407671099513001]"
3388,goal_339,8,exito,15184,2304.68,05,subwp,123,1,E2.1,E2.1-R0,False,subwp,123,05,8,3509753307,exito,,485.888,0,0,"[0.0, 23.391979598921576]"
3389,goal_339,9,exito,15184,2304.72,05,subwp,123,1,E2.1,E2.1-R0,False,subwp,123,05,9,2788533581,exito,,485.888,0,0,"[0.0, -0.5736755271617855]"
3390,goal_339,10,exito,15184,2304.72,05,subwp,123,1,E2.1,E2.1-R0,False,subwp,123,05,10,885611937,exito,,485.888,0,0,"[0.0, -1.1201717526938704]"
3391,goal_340,1,exito,15205,2320.3,05,subwp,123,1,E2.1,E2.1-R0,False,subwp,123,05,1,2838251336,exito,,486.56,0,0,"[0.0, -24.945314470222133]"
3392,goal_340,2,exito,15205,2320.34,05,subwp,123,1,E2.1,E2.1-R0,False,subwp,123,05,2,807737074,exito,,486.56,0,0,"[0.0, -26.714867292741907]"
3393,goal_340,3,exito,15205,2320.36,05,subwp,123,1,E2.1,E2.1-R0,False,subwp,123,05,3,1193420388,exito,,486.56,0,0,"[0.0, -3.8989468972866637]"
3394,goal_340,4,exito,15205,2320.37,05,subwp,123,1,E2.1,E2.1-R0,False,subwp,123,05,4,3645289415,exito,,486.56,0,0,"[0.0, 8.949491809226643]"
3395,goal_340,5,exito,15205,2320.34,05,subwp,123,1,E2.1,E2.1-R0,False,subwp,123,05,5,2923529041,exito,,486.56,0,0,"[0.0, 20.62152563720145]"
3396,goal_340,6,exito,15205,2320.35,05,subwp,123,1,E2.1,E2.1-R0,False,subwp,123,05,6,927519467,exito,,486.56,0,0,"[0.0, -13.498913235105922]"
3397,goal_340,7,exito,15205,2320.16,05,subwp,123,1,E2.1,E2.1-R0,False,subwp,123,05,7,1078977149,exito,,486.56,0,0,"[0.0, -0.8590483564751161]"
3398,goal_340,8,exito,15205,2317.27,05,subwp,123,1,E2.1,E2.1-R0,False,subwp,123,05,8,3505455084,exito,,486.56,0,0,"[0.0, -27.063350509117427]"
3399,goal_340,9,exito,15205,2304.56,05,subwp,123,1,E2.1,E2.1-R0,False,subwp,123,05,9,2818035578,exito,,486.56,0,0,"[0.0, -2.4256789735423023]"
3400,goal_340,10,col_return,10253,1364.55,05,subwp,123,1,E2.1,E2.1-R0,False,subwp,123,05,10,2356492996,col_return,return,328.096,0,0,"[0.0, 21.01855975019793]"
3401,goal_341,1,exito,14947,2271.8,05,subwp,123,1,E2.1,E2.1-R0,False,subwp,123,05,1,992625790,exito,,478.304,0,0,"[0.0, -29.817609228878258]"
3402,goal_341,2,exito,14952,2271.92,05,subwp,123,1,E2.1,E2.1-R0,False,subwp,123,05,2,2720208324,exito,,478.464,0,0,"[0.0, 20.57974977576771]"
3403,goal_341,3,exito,14952,2271.92,05,subwp,123,1,E2.1,E2.1-R0,False,subwp,123,05,3,3575915858,exito,,478.464,0,0,"[0.0, -6.483683424297693]"
3404,goal_341,4,exito,14952,2271.92,05,subwp,123,1,E2.1,E2.1-R0,False,subwp,123,05,4,1262530801,exito,,478.464,0,0,"[0.0, -1.316345821107252]"
3405,goal_341,5,exito,14952,2271.88,05,subwp,123,1,E2.1,E2.1-R0,False,subwp,123,05,5,1011318887,exito,,478.464,0,0,"[0.0, 6.448855948056089]"
3406,goal_341,6,exito,14952,2271.92,05,subwp,123,1,E2.1,E2.1-R0,False,subwp,123,05,6,2773406173,exito,,478.464,0,0,"[0.0, 6.251093322190413]"
3407,goal_341,7,exito,14952,2271.89,05,subwp,123,1,E2.1,E2.1-R0,False,subwp,123,05,7,3528057163,exito,,478.464,0,0,"[0.0, -25.185093478183383]"
3408,goal_341,8,exito,14952,2271.91,05,subwp,123,1,E2.1,E2.1-R0,False,subwp,123,05,8,1123482842,exito,,478.464,0,0,"[0.0, 8.167437206287227]"
3409,goal_341,9,exito,14952,2271.92,05,subwp,123,1,E2.1,E2.1-R0,False,subwp,123,05,9,905038924,exito,,478.464,0,0,"[0.0, 19.00336428281102]"
3410,goal_341,10,exito,14952,2271.92,05,subwp,123,1,E2.1,E2.1-R0,False,subwp,123,05,10,1130211678,exito,,478.464,0,0,"[0.0, 21.70513861073363]"
3411,goal_342,1,exito,14961,2287.18,05,subwp,123,1,E2.1,E2.1-R0,False,subwp,123,05,1,988294729,exito,,478.752,0,0,"[0.0, -23.55485290761134]"
3412,goal_342,2,exito,14961,2287.12,05,subwp,123,1,E2.1,E2.1-R0,False,subwp,123,05,2,2749464563,exito,,478.752,0,0,"[0.0, 6.990934569474478]"
3413,goal_342,3,exito,14961,2287.15,05,subwp,123,1,E2.1,E2.1-R0,False,subwp,123,05,3,3571863397,exito,,478.752,0,0,"[0.0, -3.320058885859809]"
3414,goal_342,4,exito,14961,2280.32,05,subwp,123,1,E2.1,E2.1-R0,False,subwp,123,05,4,1250089670,exito,,478.752,0,0,"[0.0, -15.074905496620817]"
3415,goal_342,5,exito,14961,2270.38,05,subwp,123,1,E2.1,E2.1-R0,False,subwp,123,05,5,1032186448,exito,,478.752,0,0,"[0.0, 12.070717660297365]"
3416,goal_342,6,exito,14961,2246.91,05,subwp,123,1,E2.1,E2.1-R0,False,subwp,123,05,6,2760686570,exito,,478.752,0,0,"[0.0, 22.099000850976175]"
3417,goal_342,7,exito,14962,2191.0,05,subwp,123,1,E2.1,E2.1-R0,False,subwp,123,05,7,3549137788,exito,,478.784,0,0,"[0.0, -23.864444963655345]"
3418,goal_342,8,exito,14982,2100.83,05,subwp,123,1,E2.1,E2.1-R0,False,subwp,123,05,8,1127519981,exito,,479.424,0,0,"[0.0, 15.733934099614437]"
3419,goal_342,9,col_return,9111,1225.42,05,subwp,123,1,E2.1,E2.1-R0,False,subwp,123,05,9,875800187,col_return,return,291.552,0,0,"[0.0, -11.475750524447266]"
3420,goal_342,10,exito,14953,2286.76,05,subwp,123,1,E2.1,E2.1-R0,False,subwp,123,05,10,4225879611,exito,,478.496,0,0,"[0.0, 23.41391879012655]"
3421,goal_343,1,exito,14766,2246.7,05,subwp,123,1,E2.1,E2.1-R0,False,subwp,123,05,1,950964240,exito,,472.512,0,0,"[0.0, -26.06323904813889]"
3422,goal_343,2,exito,14766,2246.78,05,subwp,123,1,E2.1,E2.1-R0,False,subwp,123,05,2,2712125866,exito,,472.512,0,0,"[0.0, -1.8363893589717817]"
3423,goal_343,3,exito,14766,2246.77,05,subwp,123,1,E2.1,E2.1-R0,False,subwp,123,05,3,3600871740,exito,,472.512,0,0,"[0.0, -13.198039335635501]"
3424,goal_343,4,exito,14766,2246.8,05,subwp,123,1,E2.1,E2.1-R0,False,subwp,123,05,4,1220830367,exito,,472.512,0,0,"[0.0, -8.009674651114825]"
3425,goal_343,5,exito,14766,2246.82,05,subwp,123,1,E2.1,E2.1-R0,False,subwp,123,05,5,1069765641,exito,,472.512,0,0,"[0.0, -26.262445428151644]"
3426,goal_343,6,exito,14766,2246.8,05,subwp,123,1,E2.1,E2.1-R0,False,subwp,123,05,6,2798257587,exito,,472.512,0,0,"[0.0, 29.898184961106242]"
3427,goal_343,7,col_return,8916,1189.7,05,subwp,123,1,E2.1,E2.1-R0,False,subwp,123,05,7,3519886629,col_return,return,285.312,0,0,"[0.0, 24.33305326634823]"
3428,goal_343,8,exito,14759,2246.55,05,subwp,123,1,E2.1,E2.1-R0,False,subwp,123,05,8,1098000564,exito,,472.288,0,0,"[0.0, -18.467888577775]"
3429,goal_343,9,exito,14766,2246.82,05,subwp,123,1,E2.1,E2.1-R0,False,subwp,123,05,9,913643554,exito,,472.512,0,0,"[0.0, -16.58602678477997]"
3430,goal_343,10,exito,14766,2246.82,05,subwp,123,1,E2.1,E2.1-R0,False,subwp,123,05,10,3914621397,exito,,472.512,0,0,"[0.0, -5.098538182943788]"
3431,goal_344,1,exito,14734,2256.65,05,subwp,123,1,E2.1,E2.1-R0,False,subwp,123,05,1,963443239,exito,,471.488,0,0,"[0.0, 24.716369212905796]"
3432,goal_344,2,exito,14734,2256.59,05,subwp,123,1,E2.1,E2.1-R0,False,subwp,123,05,2,2691017629,exito,,471.488,0,0,"[0.0, -29.81015644097309]"
3433,goal_344,3,exito,14734,2236.37,05,subwp,123,1,E2.1,E2.1-R0,False,subwp,123,05,3,3613563659,exito,,471.488,0,0,"[0.0, 18.52957942679319]"
3434,goal_344,4,col_return,8948,1204.2,05,subwp,123,1,E2.1,E2.1-R0,False,subwp,123,05,4,1225133736,col_return,return,286.336,0,0,"[0.0, 9.414978462543937]"
3435,goal_344,5,exito,14729,2256.55,05,subwp,123,1,E2.1,E2.1-R0,False,subwp,123,05,5,1040268862,exito,,471.328,0,0,"[0.0, -12.084460758059215]"
3436,goal_344,6,exito,14734,2256.63,05,subwp,123,1,E2.1,E2.1-R0,False,subwp,123,05,6,2802347908,exito,,471.488,0,0,"[0.0, -6.187351756417792]"
3437,goal_344,7,exito,14734,2256.65,05,subwp,123,1,E2.1,E2.1-R0,False,subwp,123,05,7,3490668306,exito,,471.488,0,0,"[0.0, 17.481589251980722]"
3438,goal_344,8,exito,14734,2256.66,05,subwp,123,1,E2.1,E2.1-R0,False,subwp,123,05,8,1085293187,exito,,471.488,0,0,"[0.0, -12.268300608253897]"
3439,goal_344,9,exito,14734,2256.68,05,subwp,123,1,E2.1,E2.1-R0,False,subwp,123,05,9,934769173,exito,,471.488,0,0,"[0.0, -8.397285324881189]"
3440,goal_344,10,col_return,8887,1198.03,05,subwp,123,1,E2.1,E2.1-R0,False,subwp,123,05,10,1374160560,col_return,return,284.384,0,0,"[0.0, -6.077304601753671]"
3441,goal_345,1,exito,14549,2219.15,05,subwp,123,1,E2.1,E2.1-R0,False,subwp,123,05,1,1008987298,exito,,465.568,0,0,"[0.0, -19.07588437858194]"
3442,goal_345,2,exito,14554,2219.23,05,subwp,123,1,E2.1,E2.1-R0,False,subwp,123,05,2,2771041560,exito,,465.728,0,0,"[0.0, -19.595647438378023]"
3443,goal_345,3,exito,14554,2219.24,05,subwp,123,1,E2.1,E2.1-R0,False,subwp,123,05,3,3526200718,exito,,465.728,0,0,"[0.0, 7.586643902897299]"
3444,goal_345,4,col_return,8768,1169.76,05,subwp,123,1,E2.1,E2.1-R0,False,subwp,123,05,4,1279858733,col_return,return,280.576,0,0,"[0.0, -3.8836786192081596]"
3445,goal_345,5,exito,14549,2219.14,05,subwp,123,1,E2.1,E2.1-R0,False,subwp,123,05,5,994977979,exito,,465.568,0,0,"[0.0, -8.784688068171345]"
3446,goal_345,6,exito,14554,2219.22,05,subwp,123,1,E2.1,E2.1-R0,False,subwp,123,05,6,2722593025,exito,,465.728,0,0,"[0.0, 4.202130884022064]"
3447,goal_345,7,exito,14554,2219.24,05,subwp,123,1,E2.1,E2.1-R0,False,subwp,123,05,7,3577760151,exito,,465.728,0,0,"[0.0, -15.334931419273579]"
3448,goal_345,8,col_return,8804,1176.25,05,subwp,123,1,E2.1,E2.1-R0,False,subwp,123,05,8,1174361094,col_return,return,281.728,0,0,"[0.0, 13.059153017260563]"
3449,goal_345,9,exito,14551,2219.47,05,subwp,123,1,E2.1,E2.1-R0,False,subwp,123,05,9,855139472,exito,,465.632,0,0,"[0.0, 29.13855131934645]"
3450,goal_345,10,exito,14554,2219.22,05,subwp,123,1,E2.1,E2.1-R0,False,subwp,123,05,10,3426696713,exito,,465.728,0,0,"[0.0, -6.048640277803963]"
3451,goal_346,1,exito,14453,2170.41,05,subwp,123,1,E2.1,E2.1-R0,False,subwp,123,05,1,1038190229,exito,,462.496,0,0,"[0.0, -29.413877051754515]"
3452,goal_346,2,col_return,8830,1183.15,05,subwp,123,1,E2.1,E2.1-R0,False,subwp,123,05,2,2766722863,col_return,return,282.56,0,0,"[0.0, -10.595502320958541]"
3453,goal_346,3,exito,14446,2218.38,05,subwp,123,1,E2.1,E2.1-R0,False,subwp,123,05,3,3555715001,exito,,462.272,0,0,"[0.0, -10.768730315268787]"
3454,goal_346,4,exito,14453,2218.63,05,subwp,123,1,E2.1,E2.1-R0,False,subwp,123,05,4,1300984346,exito,,462.496,0,0,"[0.0, 12.731480417208612]"
3455,goal_346,5,col_return,8712,1171.81,05,subwp,123,1,E2.1,E2.1-R0,False,subwp,123,05,5,982270604,col_return,return,278.784,0,0,"[0.0, -6.717340167388164]"
3456,goal_346,6,exito,14446,2218.26,05,subwp,123,1,E2.1,E2.1-R0,False,subwp,123,05,6,2743407414,exito,,462.272,0,0,"[0.0, 9.792014958101545]"
3457,goal_346,7,exito,14453,2218.62,05,subwp,123,1,E2.1,E2.1-R0,False,subwp,123,05,7,3565298592,exito,,462.496,0,0,"[0.0, -3.0655210854931836]"
3458,goal_346,8,col_return,8644,1165.87,05,subwp,123,1,E2.1,E2.1-R0,False,subwp,123,05,8,1144864305,col_return,return,276.608,0,0,"[0.0, -19.82182445551493]"
3459,goal_346,9,exito,14446,2218.28,05,subwp,123,1,E2.1,E2.1-R0,False,subwp,123,05,9,859442855,exito,,462.272,0,0,"[0.0, -1.5381368336083212]"
3460,goal_346,10,exito,14453,2218.63,05,subwp,123,1,E2.1,E2.1-R0,False,subwp,123,05,10,1954765164,exito,,462.496,0,0,"[0.0, -0.07291724036318836]"
3461,goal_347,1,col_return,8588,1143.88,05,subwp,123,1,E2.1,E2.1-R0,False,subwp,123,05,1,1067923660,col_return,return,274.816,0,0,"[0.0, -8.075796425712296]"
3462,goal_347,2,exito,14364,2195.64,05,subwp,123,1,E2.1,E2.1-R0,False,subwp,123,05,2,2796448118,exito,,459.648,0,0,"[0.0, 14.910159766627164]"
3463,goal_347,3,exito,14368,2195.51,05,subwp,123,1,E2.1,E2.1-R0,False,subwp,123,05,3,3517536736,exito,,459.776,0,0,"[0.0, 9.12799900439429]"
3464,goal_347,4,col_return,8672,1157.3,05,subwp,123,1,E2.1,E2.1-R0,False,subwp,123,05,4,1338887235,col_return,return,277.504,0,0,"[0.0, -18.38367970403577]"
3465,goal_347,5,exito,14362,2195.56,05,subwp,123,1,E2.1,E2.1-R0,False,subwp,123,05,5,952827093,exito,,459.584,0,0,"[0.0, -0.8443783614574851]"
3466,goal_347,6,exito,14367,2195.44,05,subwp,123,1,E2.1,E2.1-R0,False,subwp,123,05,6,2713955695,exito,,459.744,0,0,"[0.0, 25.185725677098763]"
3467,goal_347,7,col_return,8722,1161.58,05,subwp,123,1,E2.1,E2.1-R0,False,subwp,123,05,7,3603209721,col_return,return,279.104,0,0,"[0.0, -8.206713617599489]"
3468,goal_347,8,exito,14363,2195.38,05,subwp,123,1,E2.1,E2.1-R0,False,subwp,123,05,8,1182498920,exito,,459.616,0,0,"[0.0, 14.600314143589392]"
3469,goal_347,9,exito,14367,2186.76,05,subwp,123,1,E2.1,E2.1-R0,False,subwp,123,05,9,830255358,exito,,459.744,0,0,"[0.0, -2.2940126071332445]"
3470,goal_347,10,col_return,8739,1166.68,05,subwp,123,1,E2.1,E2.1-R0,False,subwp,123,05,10,1714878082,col_return,return,279.648,0,0,"[0.0, -20.210000929931258]"
3471,goal_348,1,exito,14243,2184.66,05,subwp,123,1,E2.1,E2.1-R0,False,subwp,123,05,1,1046827771,exito,,455.776,0,0,"[0.0, -21.39458288842092]"
3472,goal_348,2,col_return,8444,1129.65,05,subwp,123,1,E2.1,E2.1-R0,False,subwp,123,05,2,2808873793,col_return,return,270.208,0,0,"[0.0, -2.4325694024080957]"
3473,goal_348,3,exito,14244,2184.86,05,subwp,123,1,E2.1,E2.1-R0,False,subwp,123,05,3,3496686551,exito,,455.808,0,0,"[0.0, 17.165385900627573]"
3474,goal_348,4,exito,14247,2131.57,05,subwp,123,1,E2.1,E2.1-R0,False,subwp,123,05,4,1309648500,exito,,455.904,0,0,"[0.0, -16.48700989233046]"
3475,goal_348,5,col_return,8727,1167.8,05,subwp,123,1,E2.1,E2.1-R0,False,subwp,123,05,5,956864226,col_return,return,279.264,0,0,"[0.0, -29.57349661632182]"
3476,goal_348,6,exito,14244,2184.8,05,subwp,123,1,E2.1,E2.1-R0,False,subwp,123,05,6,2684471128,exito,,455.808,0,0,"[0.0, 27.194730730514433]"
3477,goal_348,7,col_return,8488,1138.22,05,subwp,123,1,E2.1,E2.1-R0,False,subwp,123,05,7,3607558094,col_return,return,271.616,0,0,"[0.0, 0.8242280585972428]"
3478,goal_348,8,exito,14244,2184.8,05,subwp,123,1,E2.1,E2.1-R0,False,subwp,123,05,8,1203366495,exito,,455.808,0,0,"[0.0, -2.5787466806914128]"
3479,goal_348,9,exito,14253,2046.64,05,subwp,123,1,E2.1,E2.1-R0,False,subwp,123,05,9,817814217,exito,,456.096,0,0,"[0.0, 2.9785919546559914]"
3480,goal_348,10,col_return,8742,1172.62,05,subwp,123,1,E2.1,E2.1-R0,False,subwp,123,05,10,3733623271,col_return,return,279.744,0,0,"[0.0, -15.501877820505976]"
3481,goal_349,1,col_approach,3131,252.0,05,subwp,123,1,E2.1,E2.1-R0,False,subwp,123,05,1,892933574,col_approach,approach,100.192,0,0,"[0.0, -19.682879258924274]"
3482,goal_349,2,exito,14393,2212.51,05,subwp,123,1,E2.1,E2.1-R0,False,subwp,123,05,2,2888844412,exito,,460.576,0,0,"[0.0, 21.464926943356325]"
3483,goal_349,3,exito,14398,2212.52,05,subwp,123,1,E2.1,E2.1-R0,False,subwp,123,05,3,3677844714,exito,,460.736,0,0,"[0.0, -16.015281598590995]"
3484,goal_349,4,col_approach,2954,203.11,05,subwp,123,1,E2.1,E2.1-R0,False,subwp,123,05,4,1163125065,col_approach,approach,94.528,0,0,"[0.0, 12.153540542512438]"
3485,goal_349,5,exito,14393,2194.86,05,subwp,123,1,E2.1,E2.1-R0,False,subwp,123,05,5,844419551,exito,,460.576,0,0,"[0.0, -1.8053686073453545]"
3486,goal_349,6,exito,14398,2212.52,05,subwp,123,1,E2.1,E2.1-R0,False,subwp,123,05,6,2875031653,exito,,460.736,0,0,"[0.0, -23.652438293458765]"
3487,goal_349,7,exito,14398,2212.51,05,subwp,123,1,E2.1,E2.1-R0,False,subwp,123,05,7,3696931059,exito,,460.736,0,0,"[0.0, 3.6988316359585904]"
3488,goal_349,8,exito,14398,2212.51,05,subwp,123,1,E2.1,E2.1-R0,False,subwp,123,05,8,1290120546,exito,,460.736,0,0,"[0.0, 17.54710165516693]"
3489,goal_349,9,exito,14398,2212.51,05,subwp,123,1,E2.1,E2.1-R0,False,subwp,123,05,9,1004707316,exito,,460.736,0,0,"[0.0, 19.69408082978513]"
3490,goal_349,10,col_approach,3020,216.5,05,subwp,123,1,E2.1,E2.1-R0,False,subwp,123,05,10,2263450033,col_approach,approach,96.64,0,0,"[0.0, 28.302856496080608]"
3491,goal_350,1,exito,14323,2189.9,05,subwp,123,1,E2.1,E2.1-R0,False,subwp,123,05,1,888897521,exito,,458.336,0,0,"[0.0, -14.881058342750837]"
3492,goal_350,2,exito,14327,2201.59,05,subwp,123,1,E2.1,E2.1-R0,False,subwp,123,05,2,2918329931,exito,,458.464,0,0,"[0.0, -20.322633128263384]"
3493,goal_350,3,exito,14327,2201.59,05,subwp,123,1,E2.1,E2.1-R0,False,subwp,123,05,3,3673497309,exito,,458.464,0,0,"[0.0, 12.475063533000446]"
3494,goal_350,4,exito,14327,2201.6,05,subwp,123,1,E2.1,E2.1-R0,False,subwp,123,05,4,1150389118,exito,,458.464,0,0,"[0.0, 0.4466590455186692]"
3495,goal_350,5,exito,14327,2197.98,05,subwp,123,1,E2.1,E2.1-R0,False,subwp,123,05,5,865516520,exito,,458.464,0,0,"[0.0, 28.003949778543774]"
3496,goal_350,6,exito,14327,2201.6,05,subwp,123,1,E2.1,E2.1-R0,False,subwp,123,05,6,2862606930,exito,,458.464,0,0,"[0.0, 29.361300619017843]"
3497,goal_350,7,exito,14327,2201.23,05,subwp,123,1,E2.1,E2.1-R0,False,subwp,123,05,7,3717782212,exito,,458.464,0,0,"[0.0, 5.806027922229315]"
3498,goal_350,8,exito,14328,2187.3,05,subwp,123,1,E2.1,E2.1-R0,False,subwp,123,05,8,1294452565,exito,,458.496,0,0,"[0.0, 7.954002311022084]"
3499,goal_350,9,exito,14328,2144.14,05,subwp,123,1,E2.1,E2.1-R0,False,subwp,123,05,9,975239107,exito,,458.496,0,0,"[0.0, 3.731983975213844]"
3500,goal_350,10,col_return,8743,1175.8,05,subwp,123,1,E2.1,E2.1-R0,False,subwp,123,05,10,1045817044,col_return,return,279.776,0,0,"[0.0, -23.06902613731096]"
3501,goal_351,1,exito,14593,2226.65,05,subwp,123,1,E2.1,E2.1-R0,False,subwp,123,05,1,2207654683,exito,,466.976,0,0,"[0.0, -20.15893511477298]"
3502,goal_351,2,exito,14600,2236.16,05,subwp,123,1,E2.1,E2.1-R0,False,subwp,123,05,2,446657185,exito,,467.2,0,0,"[0.0, 25.380853882047624]"
3503,goal_351,3,exito,14600,2230.36,05,subwp,123,1,E2.1,E2.1-R0,False,subwp,123,05,3,1838694967,exito,,467.2,0,0,"[0.0, -8.901099735011261]"
3504,goal_351,4,col_return,8858,1194.16,05,subwp,123,1,E2.1,E2.1-R0,False,subwp,123,05,4,4093433748,col_return,return,283.456,0,0,"[0.0, 26.67271820377327]"
3505,goal_351,5,exito,14593,2218.17,05,subwp,123,1,E2.1,E2.1-R0,False,subwp,123,05,5,2231101186,exito,,466.976,0,0,"[0.0, 19.848130750659585]"
3506,goal_351,6,exito,14600,2234.44,05,subwp,123,1,E2.1,E2.1-R0,False,subwp,123,05,6,502445752,exito,,467.2,0,0,"[0.0, -23.571470742343376]"
3507,goal_351,7,exito,14600,2237.58,05,subwp,123,1,E2.1,E2.1-R0,False,subwp,123,05,7,1794475566,exito,,467.2,0,0,"[0.0, 23.760276055608113]"
3508,goal_351,8,col_return,8780,1179.85,05,subwp,123,1,E2.1,E2.1-R0,False,subwp,123,05,8,4199193535,col_return,return,280.96,0,0,"[0.0, -20.790730958685536]"
3509,goal_351,9,exito,14595,2210.56,05,subwp,123,1,E2.1,E2.1-R0,False,subwp,123,05,9,2370677545,exito,,467.04,0,0,"[0.0, 26.505193596448603]"
3510,goal_351,10,exito,14600,2232.97,05,subwp,123,1,E2.1,E2.1-R0,False,subwp,123,05,10,2117959918,exito,,467.2,0,0,"[0.0, -13.96513111188968]"
3511,goal_352,1,exito,14520,2217.1,05,subwp,123,1,E2.1,E2.1-R0,False,subwp,123,05,1,2186561836,exito,,464.64,0,0,"[0.0, 24.298118305310325]"
3512,goal_352,2,col_return,8742,1172.27,05,subwp,123,1,E2.1,E2.1-R0,False,subwp,123,05,2,459085974,col_return,return,279.744,0,0,"[0.0, -25.404344008812004]"
3513,goal_352,3,col_approach,2975,244.65,05,subwp,123,1,E2.1,E2.1-R0,False,subwp,123,05,3,1817847808,col_approach,approach,95.2,0,0,"[0.0, -6.505814227276366]"
3514,goal_352,4,exito,14515,2223.42,05,subwp,123,1,E2.1,E2.1-R0,False,subwp,123,05,4,4064198051,exito,,464.48,0,0,"[0.0, -2.36041782364788]"
3515,goal_352,5,exito,14519,2223.43,05,subwp,123,1,E2.1,E2.1-R0,False,subwp,123,05,5,2235141429,exito,,464.608,0,0,"[0.0, 18.23474181772579]"
3516,goal_352,6,exito,14519,2223.43,05,subwp,123,1,E2.1,E2.1-R0,False,subwp,123,05,6,472964239,exito,,464.608,0,0,"[0.0, 22.56907801646662]"
3517,goal_352,7,exito,14519,2179.08,05,subwp,123,1,E2.1,E2.1-R0,False,subwp,123,05,7,1798827033,exito,,464.608,0,0,"[0.0, 28.992251557427526]"
3518,goal_352,8,exito,14520,2223.55,05,subwp,123,1,E2.1,E2.1-R0,False,subwp,123,05,8,4220055944,exito,,464.64,0,0,"[0.0, -29.12478915037403]"
3519,goal_352,9,exito,14520,2218.78,05,subwp,123,1,E2.1,E2.1-R0,False,subwp,123,05,9,2358231326,exito,,464.64,0,0,"[0.0, 17.88467424761588]"
3520,goal_352,10,exito,14525,2186.53,05,subwp,123,1,E2.1,E2.1-R0,False,subwp,123,05,10,3330402187,exito,,464.8,0,0,"[0.0, 12.556162988236663]"
3521,goal_353,1,exito,14858,2262.04,05,subwp,123,1,E2.1,E2.1-R0,False,subwp,123,05,1,2148726645,exito,,475.456,0,0,"[0.0, 27.256960109448933]"
3522,goal_353,2,exito,14858,2262.08,05,subwp,123,1,E2.1,E2.1-R0,False,subwp,123,05,2,421242575,exito,,475.456,0,0,"[0.0, -7.295922538193846]"
3523,goal_353,3,exito,14858,2262.03,05,subwp,123,1,E2.1,E2.1-R0,False,subwp,123,05,3,1847367257,exito,,475.456,0,0,"[0.0, -2.550496174672614]"
3524,goal_353,4,exito,14858,2262.01,05,subwp,123,1,E2.1,E2.1-R0,False,subwp,123,05,4,4034397178,exito,,475.456,0,0,"[0.0, -5.828441968483795]"
3525,goal_353,5,exito,14858,2262.05,05,subwp,123,1,E2.1,E2.1-R0,False,subwp,123,05,5,2273260396,exito,,475.456,0,0,"[0.0, 27.971804636065073]"
3526,goal_353,6,exito,14858,2262.02,05,subwp,123,1,E2.1,E2.1-R0,False,subwp,123,05,6,511075030,exito,,475.456,0,0,"[0.0, 7.553522788473678]"
3527,goal_353,7,exito,14858,2262.07,05,subwp,123,1,E2.1,E2.1-R0,False,subwp,123,05,7,1769034304,exito,,475.456,0,0,"[0.0, -22.33433759012835]"
3528,goal_353,8,exito,14858,2165.89,05,subwp,123,1,E2.1,E2.1-R0,False,subwp,123,05,8,4191047633,exito,,475.456,0,0,"[0.0, 2.3020552621255352]"
3529,goal_353,9,col_return,9043,1204.64,05,subwp,123,1,E2.1,E2.1-R0,False,subwp,123,05,9,2395569991,col_return,return,289.376,0,0,"[0.0, -25.449785953922746]"
3530,goal_353,10,exito,14853,2254.16,05,subwp,123,1,E2.1,E2.1-R0,False,subwp,123,05,10,3560196197,exito,,475.296,0,0,"[0.0, -24.353169921782033]"
3531,goal_354,1,exito,14808,2247.04,05,subwp,123,1,E2.1,E2.1-R0,False,subwp,123,05,1,2177932610,exito,,473.856,0,0,"[0.0, -24.69716583159606]"
3532,goal_354,2,exito,14808,2253.32,05,subwp,123,1,E2.1,E2.1-R0,False,subwp,123,05,2,416926968,exito,,473.856,0,0,"[0.0, -2.7432125935505947]"
3533,goal_354,3,exito,14807,2256.16,05,subwp,123,1,E2.1,E2.1-R0,False,subwp,123,05,3,1876884590,exito,,473.824,0,0,"[0.0, -11.530158898069105]"
3534,goal_354,4,exito,14807,2257.47,05,subwp,123,1,E2.1,E2.1-R0,False,subwp,123,05,4,4055525837,exito,,473.824,0,0,"[0.0, -13.917355795168527]"
3535,goal_354,5,exito,14808,2258.22,05,subwp,123,1,E2.1,E2.1-R0,False,subwp,123,05,5,2260556123,exito,,473.856,0,0,"[0.0, 29.60510573066626]"
3536,goal_354,6,exito,14808,2258.2,05,subwp,123,1,E2.1,E2.1-R0,False,subwp,123,05,6,531892449,exito,,473.856,0,0,"[0.0, 9.731902102886938]"
3537,goal_354,7,exito,14807,2232.85,05,subwp,123,1,E2.1,E2.1-R0,False,subwp,123,05,7,1756575863,exito,,473.824,0,0,"[0.0, -9.283674570207236]"
3538,goal_354,8,col_return,8988,1200.3,05,subwp,123,1,E2.1,E2.1-R0,False,subwp,123,05,8,4161545702,col_return,return,287.616,0,0,"[0.0, -12.209767004019785]"
3539,goal_354,9,exito,14802,2238.46,05,subwp,123,1,E2.1,E2.1-R0,False,subwp,123,05,9,2399868272,exito,,473.664,0,0,"[0.0, -4.485436745506366]"
3540,goal_354,10,exito,14807,2248.72,05,subwp,123,1,E2.1,E2.1-R0,False,subwp,123,05,10,1820864256,exito,,473.824,0,0,"[0.0, -19.957127242498103]"
3541,goal_355,1,exito,15104,2294.22,05,subwp,123,1,E2.1,E2.1-R0,False,subwp,123,05,1,2225048519,exito,,483.328,0,0,"[0.0, 13.87243473540099]"
3542,goal_355,2,exito,15104,2293.7,05,subwp,123,1,E2.1,E2.1-R0,False,subwp,123,05,2,496425597,exito,,483.328,0,0,"[0.0, 9.763574666670987]"
3543,goal_355,3,exito,15104,2292.44,05,subwp,123,1,E2.1,E2.1-R0,False,subwp,123,05,3,1787947755,exito,,483.328,0,0,"[0.0, -0.9714909335598376]"
3544,goal_355,4,exito,15104,2289.67,05,subwp,123,1,E2.1,E2.1-R0,False,subwp,123,05,4,4109729608,exito,,483.328,0,0,"[0.0, -14.086590282518578]"
3545,goal_355,5,exito,15104,2283.52,05,subwp,123,1,E2.1,E2.1-R0,False,subwp,123,05,5,2213695454,exito,,483.328,0,0,"[0.0, -16.461190491104304]"
3546,goal_355,6,exito,15104,2269.99,05,subwp,123,1,E2.1,E2.1-R0,False,subwp,123,05,6,452664932,exito,,483.328,0,0,"[0.0, -8.748633906531882]"
3547,goal_355,7,col_approach,2864,227.97,05,subwp,123,1,E2.1,E2.1-R0,False,subwp,123,05,7,1845243634,col_approach,approach,91.648,0,0,"[0.0, 4.106145839306392]"
3548,goal_355,8,exito,15099,2294.09,05,subwp,123,1,E2.1,E2.1-R0,False,subwp,123,05,8,4249039715,exito,,483.168,0,0,"[0.0, -4.029695086483214]"
3549,goal_355,9,exito,15104,2294.2,05,subwp,123,1,E2.1,E2.1-R0,False,subwp,123,05,9,2319713269,exito,,483.328,0,0,"[0.0, 0.34001377067155225]"
3550,goal_355,10,exito,15104,2294.22,05,subwp,123,1,E2.1,E2.1-R0,False,subwp,123,05,10,4049541049,exito,,483.328,0,0,"[0.0, -3.1314149307274053]"
3551,goal_356,1,exito,15122,2300.42,05,subwp,123,1,E2.1,E2.1-R0,False,subwp,123,05,1,2237522416,exito,,483.904,0,0,"[0.0, -17.762951702028367]"
3552,goal_356,2,exito,15122,2299.16,05,subwp,123,1,E2.1,E2.1-R0,False,subwp,123,05,2,475312202,exito,,483.904,0,0,"[0.0, 22.69706326652886]"
3553,goal_356,3,exito,15122,2295.97,05,subwp,123,1,E2.1,E2.1-R0,False,subwp,123,05,3,1800634588,exito,,483.904,0,0,"[0.0, -7.538726257342081]"
3554,goal_356,4,exito,15122,2288.29,05,subwp,123,1,E2.1,E2.1-R0,False,subwp,123,05,4,4114027903,exito,,483.904,0,0,"[0.0, -26.33346547617649]"
3555,goal_356,5,exito,15122,2273.34,05,subwp,123,1,E2.1,E2.1-R0,False,subwp,123,05,5,2184193513,exito,,483.904,0,0,"[0.0, 12.22803604969215]"
3556,goal_356,6,col_return,10134,1359.59,05,subwp,123,1,E2.1,E2.1-R0,False,subwp,123,05,6,456750163,col_return,return,324.288,0,0,"[0.0, 4.998003409895768]"
3557,goal_356,7,exito,15117,2300.64,05,subwp,123,1,E2.1,E2.1-R0,False,subwp,123,05,7,1816020165,exito,,483.744,0,0,"[0.0, -14.169168490961681]"
3558,goal_356,8,exito,15122,2300.74,05,subwp,123,1,E2.1,E2.1-R0,False,subwp,123,05,8,4236335444,exito,,483.904,0,0,"[0.0, 2.4293120710454708]"
3559,goal_356,9,exito,15122,2300.73,05,subwp,123,1,E2.1,E2.1-R0,False,subwp,123,05,9,2340841922,exito,,483.904,0,0,"[0.0, -8.258774283064154]"
3560,goal_356,10,exito,15122,2300.71,05,subwp,123,1,E2.1,E2.1-R0,False,subwp,123,05,10,1239642332,exito,,483.904,0,0,"[0.0, 24.747795617182994]"
3561,goal_357,1,exito,15324,2324.66,05,subwp,123,1,E2.1,E2.1-R0,False,subwp,123,05,1,2266718121,exito,,490.368,0,0,"[0.0, 20.33057257893613]"
3562,goal_357,2,exito,15325,2317.75,05,subwp,123,1,E2.1,E2.1-R0,False,subwp,123,05,2,504499731,exito,,490.4,0,0,"[0.0, -5.105649527550309]"
3563,goal_357,3,col_approach,2820,223.15,05,subwp,123,1,E2.1,E2.1-R0,False,subwp,123,05,3,1762999941,col_approach,approach,90.24,0,0,"[0.0, 23.443889629280367]"
3564,goal_357,4,exito,15320,2324.7,05,subwp,123,1,E2.1,E2.1-R0,False,subwp,123,05,4,4151421734,exito,,490.24,0,0,"[0.0, 2.80070572352515]"
3565,goal_357,5,exito,15325,2320.49,05,subwp,123,1,E2.1,E2.1-R0,False,subwp,123,05,5,2155256752,exito,,490.4,0,0,"[0.0, -25.058679336549133]"
3566,goal_357,6,exito,15325,2287.8,05,subwp,123,1,E2.1,E2.1-R0,False,subwp,123,05,6,427805194,exito,,490.4,0,0,"[0.0, 8.41395819492238]"
3567,goal_357,7,col_return,10207,1365.79,05,subwp,123,1,E2.1,E2.1-R0,False,subwp,123,05,7,1853422236,col_return,return,326.624,0,0,"[0.0, -26.04077673015031]"
3568,goal_357,8,exito,15319,2324.54,05,subwp,123,1,E2.1,E2.1-R0,False,subwp,123,05,8,4274513677,exito,,490.208,0,0,"[0.0, 15.294860147262977]"
3569,goal_357,9,exito,15325,2324.74,05,subwp,123,1,E2.1,E2.1-R0,False,subwp,123,05,9,2311116699,exito,,490.4,0,0,"[0.0, 21.495474402200514]"
3570,goal_357,10,exito,15325,2319.09,05,subwp,123,1,E2.1,E2.1-R0,False,subwp,123,05,10,1532419890,exito,,490.4,0,0,"[0.0, 11.729704261195549]"
3571,goal_358,1,col_approach,2825,228.22,05,subwp,123,1,E2.1,E2.1-R0,False,subwp,123,05,1,2262381982,col_approach,approach,90.4,0,0,"[0.0, -24.54853064256401]"
3572,goal_358,2,exito,15405,2339.45,05,subwp,123,1,E2.1,E2.1-R0,False,subwp,123,05,2,533750820,exito,,492.96,0,0,"[0.0, 3.1442584955903197]"
3573,goal_358,3,exito,15410,2325.83,05,subwp,123,1,E2.1,E2.1-R0,False,subwp,123,05,3,1758942386,exito,,493.12,0,0,"[0.0, 23.236436964487474]"
3574,goal_358,4,col_return,10338,1384.54,05,subwp,123,1,E2.1,E2.1-R0,False,subwp,123,05,4,4138975505,col_return,return,330.816,0,0,"[0.0, -10.979849903225494]"
3575,goal_358,5,exito,15405,2339.48,05,subwp,123,1,E2.1,E2.1-R0,False,subwp,123,05,5,2176119175,exito,,492.96,0,0,"[0.0, 0.565689923968713]"
3576,goal_358,6,exito,15410,2339.44,05,subwp,123,1,E2.1,E2.1-R0,False,subwp,123,05,6,415080509,exito,,493.12,0,0,"[0.0, -0.8874030792307019]"
3577,goal_358,7,exito,15410,2324.1,05,subwp,123,1,E2.1,E2.1-R0,False,subwp,123,05,7,1874497707,exito,,493.12,0,0,"[0.0, 16.676127732165874]"
3578,goal_358,8,exito,15421,2308.08,05,subwp,123,1,E2.1,E2.1-R0,False,subwp,123,05,8,4278553914,exito,,493.472,0,0,"[0.0, 24.467949123255632]"
3579,goal_358,9,exito,15410,2338.87,05,subwp,123,1,E2.1,E2.1-R0,False,subwp,123,05,9,2281881004,exito,,493.12,0,0,"[0.0, -19.115127630317993]"
3580,goal_358,10,exito,15410,2337.91,05,subwp,123,1,E2.1,E2.1-R0,False,subwp,123,05,10,3823810647,exito,,493.12,0,0,"[0.0, -23.339403042740145]"
3581,goal_359,1,exito,15560,2344.56,05,subwp,123,1,E2.1,E2.1-R0,False,subwp,123,05,1,2374333091,exito,,497.92,0,0,"[0.0, 16.946440094080657]"
3582,goal_359,2,exito,15560,2354.96,05,subwp,123,1,E2.1,E2.1-R0,False,subwp,123,05,2,344728345,exito,,497.92,0,0,"[0.0, 2.6114749790246106]"
3583,goal_359,3,exito,15560,2354.97,05,subwp,123,1,E2.1,E2.1-R0,False,subwp,123,05,3,1670058895,exito,,497.92,0,0,"[0.0, 1.3187463979766068]"
3584,goal_359,4,exito,15560,2334.85,05,subwp,123,1,E2.1,E2.1-R0,False,subwp,123,05,4,4260333100,exito,,497.92,0,0,"[0.0, -20.309913813652468]"
3585,goal_359,5,col_return,10389,1384.28,05,subwp,123,1,E2.1,E2.1-R0,False,subwp,123,05,5,2330506938,col_return,return,332.448,0,0,"[0.0, 23.45894044344859]"
3586,goal_359,6,exito,15555,2354.88,05,subwp,123,1,E2.1,E2.1-R0,False,subwp,123,05,6,333571840,exito,,497.76,0,0,"[0.0, -28.427906566259054]"
3587,goal_359,7,exito,15560,2350.55,05,subwp,123,1,E2.1,E2.1-R0,False,subwp,123,05,7,1692850070,exito,,497.92,0,0,"[0.0, 28.910901121326038]"
3588,goal_359,8,exito,15564,2323.96,05,subwp,123,1,E2.1,E2.1-R0,False,subwp,123,05,8,4099525127,exito,,498.048,0,0,"[0.0, 5.15289438965114]"
3589,goal_359,9,exito,15560,2354.96,05,subwp,123,1,E2.1,E2.1-R0,False,subwp,123,05,9,2204039825,exito,,497.92,0,0,"[0.0, 27.990033172206417]"
3590,goal_359,10,exito,15605,2257.83,05,subwp,123,1,E2.1,E2.1-R0,False,subwp,123,05,10,3146360833,exito,,499.36,0,0,"[0.0, 14.628371122114107]"
3591,goal_360,1,exito,15660,2370.34,05,subwp,123,1,E2.1,E2.1-R0,False,subwp,123,05,1,2353469588,exito,,501.12,0,0,"[0.0, 23.662633285742878]"
3592,goal_360,2,exito,15660,2370.08,05,subwp,123,1,E2.1,E2.1-R0,False,subwp,123,05,2,357452078,exito,,501.12,0,0,"[0.0, -4.121444918158801]"
3593,goal_360,3,col_return,10653,1427.57,05,subwp,123,1,E2.1,E2.1-R0,False,subwp,123,05,3,1648982456,col_return,return,340.896,0,0,"[0.0, -27.929775162839693]"
3594,goal_360,4,exito,15655,2370.31,05,subwp,123,1,E2.1,E2.1-R0,False,subwp,123,05,4,4230867995,exito,,500.96,0,0,"[0.0, 12.290768052168497]"
3595,goal_360,5,exito,15660,2368.07,05,subwp,123,1,E2.1,E2.1-R0,False,subwp,123,05,5,2334841997,exito,,501.12,0,0,"[0.0, -3.0820726393902698]"
3596,goal_360,6,exito,15663,2344.43,05,subwp,123,1,E2.1,E2.1-R0,False,subwp,123,05,6,304319799,exito,,501.216,0,0,"[0.0, 20.91406781091826]"
3597,goal_360,7,exito,15660,2370.33,05,subwp,123,1,E2.1,E2.1-R0,False,subwp,123,05,7,1696906657,exito,,501.12,0,0,"[0.0, 10.158956180804982]"
3598,goal_360,8,exito,15660,2370.02,05,subwp,123,1,E2.1,E2.1-R0,False,subwp,123,05,8,4120617008,exito,,501.12,0,0,"[0.0, -13.603283062897216]"
3599,goal_360,9,exito,15660,2370.32,05,subwp,123,1,E2.1,E2.1-R0,False,subwp,123,05,9,2191298726,exito,,501.12,0,0,"[0.0, 15.92052643979814]"
3600,goal_360,10,exito,15660,2364.21,05,subwp,123,1,E2.1,E2.1-R0,False,subwp,123,05,10,53858148,exito,,501.12,0,0,"[0.0, 29.91231010578075]"
3601,goal_361,1,col_return,10568,1412.73,05,subwp,123,1,E2.1,E2.1-R0,False,subwp,123,05,1,2435026165,col_return,return,338.176,0,0,"[0.0, -2.6365674201885847]"
3602,goal_361,2,exito,15748,2382.4,05,subwp,123,1,E2.1,E2.1-R0,False,subwp,123,05,2,137026895,exito,,503.936,0,0,"[0.0, 15.567682597464342]"
3603,goal_361,3,exito,15753,2358.59,05,subwp,123,1,E2.1,E2.1-R0,False,subwp,123,05,3,2133716441,exito,,504.096,0,0,"[0.0, -23.3353874280052]"
3604,goal_361,4,exito,15754,2381.52,05,subwp,123,1,E2.1,E2.1-R0,False,subwp,123,05,4,3779688570,exito,,504.128,0,0,"[0.0, -8.182390063723865]"
3605,goal_361,5,exito,15767,2323.96,05,subwp,123,1,E2.1,E2.1-R0,False,subwp,123,05,5,2521712876,exito,,504.544,0,0,"[0.0, 16.19893339520837]"
3606,goal_361,6,exito,15755,2382.53,05,subwp,123,1,E2.1,E2.1-R0,False,subwp,123,05,6,256317782,exito,,504.16,0,0,"[0.0, 27.970148361231924]"
3607,goal_361,7,exito,15755,2368.64,05,subwp,123,1,E2.1,E2.1-R0,False,subwp,123,05,7,2017470912,exito,,504.16,0,0,"[0.0, -14.5891384229508]"
3608,goal_361,8,col_return,10512,1402.94,05,subwp,123,1,E2.1,E2.1-R0,False,subwp,123,05,8,3909039185,col_return,return,336.384,0,0,"[0.0, -11.467624798968126]"
3609,goal_361,9,exito,15749,2382.28,05,subwp,123,1,E2.1,E2.1-R0,False,subwp,123,05,9,2683831495,exito,,503.968,0,0,"[0.0, -24.759858925515218]"
3610,goal_361,10,exito,15755,2348.46,05,subwp,123,1,E2.1,E2.1-R0,False,subwp,123,05,10,966654526,exito,,504.16,0,0,"[0.0, 29.575466617848814]"
3611,goal_362,1,exito,15867,2398.17,05,subwp,123,1,E2.1,E2.1-R0,False,subwp,123,05,1,2430723778,exito,,507.744,0,0,"[0.0, 28.41321094313939]"
3612,goal_362,2,exito,15867,2397.02,05,subwp,123,1,E2.1,E2.1-R0,False,subwp,123,05,2,166246264,exito,,507.744,0,0,"[0.0, 1.41725978954939]"
3613,goal_362,3,exito,15867,2398.23,05,subwp,123,1,E2.1,E2.1-R0,False,subwp,123,05,3,2129627118,exito,,507.744,0,0,"[0.0, -2.1802520675709225]"
3614,goal_362,4,col_return,10759,1438.45,05,subwp,123,1,E2.1,E2.1-R0,False,subwp,123,05,4,3767210573,col_return,return,344.288,0,0,"[0.0, 23.271285995265426]"
3615,goal_362,5,exito,15862,2398.57,05,subwp,123,1,E2.1,E2.1-R0,False,subwp,123,05,5,2542543579,exito,,507.584,0,0,"[0.0, -26.278333907554043]"
3616,goal_362,6,exito,15867,2368.12,05,subwp,123,1,E2.1,E2.1-R0,False,subwp,123,05,6,243626849,exito,,507.744,0,0,"[0.0, 24.718720703820118]"
3617,goal_362,7,exito,15867,2398.62,05,subwp,123,1,E2.1,E2.1-R0,False,subwp,123,05,7,2038580215,exito,,507.744,0,0,"[0.0, -12.437746405879173]"
3618,goal_362,8,exito,15867,2398.63,05,subwp,123,1,E2.1,E2.1-R0,False,subwp,123,05,8,3913113190,exito,,507.744,0,0,"[0.0, -14.262099651044064]"
3619,goal_362,9,exito,15867,2397.27,05,subwp,123,1,E2.1,E2.1-R0,False,subwp,123,05,9,2654629616,exito,,507.744,0,0,"[0.0, -3.777005235946247]"
3620,goal_362,10,col_return,10719,1420.55,05,subwp,123,1,E2.1,E2.1-R0,False,subwp,123,05,10,2166463835,col_return,return,343.008,0,0,"[0.0, 12.27579045634053]"
3621,goal_363,1,exito,15995,2412.01,05,subwp,123,1,E2.1,E2.1-R0,False,subwp,123,05,1,2460440731,exito,,511.84,0,0,"[0.0, 9.04040423064913]"
3622,goal_363,2,col_approach,2797,222.86,05,subwp,123,1,E2.1,E2.1-R0,False,subwp,123,05,2,195954977,col_approach,approach,89.504,0,0,"[0.0, -3.6065831579484664]"
3623,goal_363,3,col_return,11022,1464.81,05,subwp,123,1,E2.1,E2.1-R0,False,subwp,123,05,3,2091465143,col_return,return,352.704,0,0,"[0.0, 0.7710476813844491]"
3624,goal_363,4,exito,15996,2411.97,05,subwp,123,1,E2.1,E2.1-R0,False,subwp,123,05,4,3805129748,exito,,511.872,0,0,"[0.0, -29.326538632756378]"
3625,goal_363,5,exito,16001,2380.43,05,subwp,123,1,E2.1,E2.1-R0,False,subwp,123,05,5,2513083522,exito,,512.032,0,0,"[0.0, -27.99743359480358]"
3626,goal_363,6,exito,16001,2412.13,05,subwp,123,1,E2.1,E2.1-R0,False,subwp,123,05,6,214158648,exito,,512.032,0,0,"[0.0, 24.317485655586527]"
3627,goal_363,7,exito,16001,2412.15,05,subwp,123,1,E2.1,E2.1-R0,False,subwp,123,05,7,2076507566,exito,,512.032,0,0,"[0.0, 13.445039810020106]"
3628,goal_363,8,col_return,11014,1464.3,05,subwp,123,1,E2.1,E2.1-R0,False,subwp,123,05,8,3950764095,col_return,return,352.448,0,0,"[0.0, -21.526807209183143]"
3629,goal_363,9,exito,15995,2411.98,05,subwp,123,1,E2.1,E2.1-R0,False,subwp,123,05,9,2625425577,exito,,511.84,0,0,"[0.0, 25.560608744191576]"
3630,goal_363,10,exito,16001,2376.71,05,subwp,123,1,E2.1,E2.1-R0,False,subwp,123,05,10,2475963061,exito,,512.032,0,0,"[0.0, -10.333457907327684]"
3631,goal_364,1,exito,16095,2427.37,05,subwp,123,1,E2.1,E2.1-R0,False,subwp,123,05,1,2472882860,exito,,515.04,0,0,"[0.0, -15.820943568743036]"
3632,goal_364,2,exito,16095,2427.32,05,subwp,123,1,E2.1,E2.1-R0,False,subwp,123,05,2,174875414,exito,,515.04,0,0,"[0.0, 29.445987800779207]"
3633,goal_364,3,col_return,10961,1455.4,05,subwp,123,1,E2.1,E2.1-R0,False,subwp,123,05,3,2104185728,col_return,return,350.752,0,0,"[0.0, -15.948135615423114]"
3634,goal_364,4,exito,16090,2427.27,05,subwp,123,1,E2.1,E2.1-R0,False,subwp,123,05,4,3809461795,exito,,514.88,0,0,"[0.0, -6.0234444469133885]"
3635,goal_364,5,col_approach,2772,215.06,05,subwp,123,1,E2.1,E2.1-R0,False,subwp,123,05,5,2483615413,col_approach,approach,88.704,0,0,"[0.0, 2.4771125108081438]"
3636,goal_364,6,col_return,11044,1468.69,05,subwp,123,1,E2.1,E2.1-R0,False,subwp,123,05,6,218212111,col_return,return,353.408,0,0,"[0.0, -15.47957584123539]"
3637,goal_364,7,exito,16090,2427.22,05,subwp,123,1,E2.1,E2.1-R0,False,subwp,123,05,7,2047252377,exito,,514.88,0,0,"[0.0, -15.277987868583631]"
3638,goal_364,8,col_approach,2800,224.84,05,subwp,123,1,E2.1,E2.1-R0,False,subwp,123,05,8,3938028040,col_approach,approach,89.6,0,0,"[0.0, 20.369065390182296]"
3639,goal_364,9,col_return,11065,1480.81,05,subwp,123,1,E2.1,E2.1-R0,False,subwp,123,05,9,2646522526,col_return,return,354.08,0,0,"[0.0, 5.572945614300695]"
3640,goal_364,10,exito,16090,2427.17,05,subwp,123,1,E2.1,E2.1-R0,False,subwp,123,05,10,724063696,exito,,514.88,0,0,"[0.0, 1.97732424793589]"
3641,goal_365,1,col_approach,2832,212.88,05,subwp,123,1,E2.1,E2.1-R0,False,subwp,123,05,1,2519344169,col_approach,approach,90.624,0,0,"[0.0, -27.233467339672565]"
3642,goal_365,2,col_return,11149,1488.08,05,subwp,123,1,E2.1,E2.1-R0,False,subwp,123,05,2,253982099,col_return,return,356.768,0,0,"[0.0, -22.449554485320252]"
3643,goal_365,3,exito,16245,2446.61,05,subwp,123,1,E2.1,E2.1-R0,False,subwp,123,05,3,2015642885,exito,,519.84,0,0,"[0.0, -7.628205689270089]"
3644,goal_365,4,exito,16252,2426.7,05,subwp,123,1,E2.1,E2.1-R0,False,subwp,123,05,4,3863007398,exito,,520.064,0,0,"[0.0, -2.23879551077921]"
3645,goal_365,5,exito,16251,2444.04,05,subwp,123,1,E2.1,E2.1-R0,False,subwp,123,05,5,2437406768,exito,,520.032,0,0,"[0.0, -29.895909391655177]"
3646,goal_365,6,col_return,11210,1487.83,05,subwp,123,1,E2.1,E2.1-R0,False,subwp,123,05,6,139374986,col_return,return,358.72,0,0,"[0.0, 0.8180939805352638]"
3647,goal_365,7,exito,16245,2446.53,05,subwp,123,1,E2.1,E2.1-R0,False,subwp,123,05,7,2135523612,exito,,519.84,0,0,"[0.0, 0.3691411206320594]"
3648,goal_365,8,exito,16260,2417.53,05,subwp,123,1,E2.1,E2.1-R0,False,subwp,123,05,8,4025916557,exito,,520.32,0,0,"[0.0, 4.927388743591134]"
3649,goal_365,9,exito,16253,2441.08,05,subwp,123,1,E2.1,E2.1-R0,False,subwp,123,05,9,2565975067,exito,,520.096,0,0,"[0.0, 16.88932049316416]"
3650,goal_365,10,col_return,11221,1494.59,05,subwp,123,1,E2.1,E2.1-R0,False,subwp,123,05,10,3070193001,col_return,return,359.072,0,0,"[0.0, -15.273932427761332]"
3651,goal_366,1,exito,16317,2458.49,05,subwp,123,1,E2.1,E2.1-R0,False,subwp,123,05,1,2548583966,exito,,522.144,0,0,"[0.0, 1.8767344271315567]"
3652,goal_366,2,exito,16324,2441.09,05,subwp,123,1,E2.1,E2.1-R0,False,subwp,123,05,2,249634724,exito,,522.368,0,0,"[0.0, 4.409036228200907]"
3653,goal_366,3,exito,16324,2458.33,05,subwp,123,1,E2.1,E2.1-R0,False,subwp,123,05,3,2045128498,exito,,522.368,0,0,"[0.0, 18.36623774092889]"
3654,goal_366,4,col_return,11154,1489.13,05,subwp,123,1,E2.1,E2.1-R0,False,subwp,123,05,4,3884104337,col_return,return,356.928,0,0,"[0.0, 17.5935906591212]"
3655,goal_366,5,exito,16317,2458.43,05,subwp,123,1,E2.1,E2.1-R0,False,subwp,123,05,5,2424670727,exito,,522.144,0,0,"[0.0, 27.431741331584615]"
3656,goal_366,6,exito,16324,2451.9,05,subwp,123,1,E2.1,E2.1-R0,False,subwp,123,05,6,160226237,exito,,522.368,0,0,"[0.0, 0.5986732751166457]"
3657,goal_366,7,exito,16324,2458.34,05,subwp,123,1,E2.1,E2.1-R0,False,subwp,123,05,7,2123098923,exito,,522.368,0,0,"[0.0, -8.747129157887281]"
3658,goal_366,8,col_return,11100,1477.08,05,subwp,123,1,E2.1,E2.1-R0,False,subwp,123,05,8,3996448442,col_return,return,355.2,0,0,"[0.0, 20.10525077663385]"
3659,goal_366,9,exito,16319,2458.23,05,subwp,123,1,E2.1,E2.1-R0,False,subwp,123,05,9,2570307116,exito,,522.208,0,0,"[0.0, 7.651651658838801]"
3660,goal_366,10,exito,16324,2454.7,05,subwp,123,1,E2.1,E2.1-R0,False,subwp,123,05,10,239274508,exito,,522.368,0,0,"[0.0, 4.504971661844834]"
3661,goal_367,1,exito,16472,2475.83,05,subwp,123,1,E2.1,E2.1-R0,False,subwp,123,05,1,2511269959,exito,,527.104,0,0,"[0.0, 25.63321181787599]"
3662,goal_367,2,col_return,11071,1466.64,05,subwp,123,1,E2.1,E2.1-R0,False,subwp,123,05,2,212312573,col_return,return,354.272,0,0,"[0.0, -6.477061521450613]"
3663,goal_367,3,exito,16466,2475.91,05,subwp,123,1,E2.1,E2.1-R0,False,subwp,123,05,3,2074120555,exito,,526.912,0,0,"[0.0, -25.45781994570453]"
3664,goal_367,4,exito,16472,2476.14,05,subwp,123,1,E2.1,E2.1-R0,False,subwp,123,05,4,3854828744,exito,,527.104,0,0,"[0.0, 14.277337380174217]"
3665,goal_367,5,exito,16472,2448.92,05,subwp,123,1,E2.1,E2.1-R0,False,subwp,123,05,5,2462266462,exito,,527.104,0,0,"[0.0, -9.118559204500068]"
3666,goal_367,6,col_return,10810,1443.65,05,subwp,123,1,E2.1,E2.1-R0,False,subwp,123,05,6,197813732,col_return,return,345.92,0,0,"[0.0, 4.933766956908765]"
3667,goal_367,7,exito,16466,2473.91,05,subwp,123,1,E2.1,E2.1-R0,False,subwp,123,05,7,2093831538,exito,,526.912,0,0,"[0.0, 10.496235294608367]"
3668,goal_367,8,exito,16472,2475.21,05,subwp,123,1,E2.1,E2.1-R0,False,subwp,123,05,8,3966912739,exito,,527.104,0,0,"[0.0, 27.76302291255036]"
3669,goal_367,9,col_return,11452,1520.7,05,subwp,123,1,E2.1,E2.1-R0,False,subwp,123,05,9,2608167029,col_return,return,366.464,0,0,"[0.0, 4.160538805920875]"
3670,goal_367,10,exito,16466,2476.01,05,subwp,123,1,E2.1,E2.1-R0,False,subwp,123,05,10,485926370,exito,,526.912,0,0,"[0.0, 8.855372878598654]"
3671,goal_368,1,exito,16520,2479.76,05,subwp,123,1,E2.1,E2.1-R0,False,subwp,123,05,1,2490145392,exito,,528.64,0,0,"[0.0, -25.19272976347702]"
3672,goal_368,2,exito,16520,2481.75,05,subwp,123,1,E2.1,E2.1-R0,False,subwp,123,05,2,224775114,exito,,528.64,0,0,"[0.0, -16.22903178348632]"
3673,goal_368,3,col_return,10994,1458.21,05,subwp,123,1,E2.1,E2.1-R0,False,subwp,123,05,3,2053307228,col_return,return,351.808,0,0,"[0.0, -10.030364694637203]"
3674,goal_368,4,exito,16515,2484.33,05,subwp,123,1,E2.1,E2.1-R0,False,subwp,123,05,4,3825626879,exito,,528.48,0,0,"[0.0, 2.4561431901824937]"
3675,goal_368,5,exito,16520,2485.03,05,subwp,123,1,E2.1,E2.1-R0,False,subwp,123,05,5,2466340457,exito,,528.64,0,0,"[0.0, -28.496181984862567]"
3676,goal_368,6,col_return,11457,1535.33,05,subwp,123,1,E2.1,E2.1-R0,False,subwp,123,05,6,168300499,col_return,return,366.624,0,0,"[0.0, -28.2325888209501]"
3677,goal_368,7,exito,16516,2485.12,05,subwp,123,1,E2.1,E2.1-R0,False,subwp,123,05,7,2098151237,exito,,528.512,0,0,"[0.0, -6.24034820545263]"
3678,goal_368,8,exito,16520,2481.46,05,subwp,123,1,E2.1,E2.1-R0,False,subwp,123,05,8,3987743444,exito,,528.64,0,0,"[0.0, -3.426119993263035]"
3679,goal_368,9,exito,16520,2480.03,05,subwp,123,1,E2.1,E2.1-R0,False,subwp,123,05,9,2595689026,exito,,528.64,0,0,"[0.0, 11.06559082001182]"
3680,goal_368,10,col_return,10959,1462.38,05,subwp,123,1,E2.1,E2.1-R0,False,subwp,123,05,10,2756362887,col_return,return,350.688,0,0,"[0.0, -10.9078696436635]"
3681,goal_369,1,exito,16715,2508.13,05,subwp,123,1,E2.1,E2.1-R0,False,subwp,123,05,1,2670779725,exito,,534.88,0,0,"[0.0, -27.472743963196386]"
3682,goal_369,2,exito,16721,2469.25,05,subwp,123,1,E2.1,E2.1-R0,False,subwp,123,05,2,104434935,exito,,535.072,0,0,"[0.0, 1.4396709368800154]"
3683,goal_369,3,col_return,11369,1509.65,05,subwp,123,1,E2.1,E2.1-R0,False,subwp,123,05,3,1899936865,col_return,return,363.808,0,0,"[0.0, -0.4854995165673692]"
3684,goal_369,4,exito,16715,2508.86,05,subwp,123,1,E2.1,E2.1-R0,False,subwp,123,05,4,4015663554,exito,,534.88,0,0,"[0.0, 8.570418303658794]"
3685,goal_369,5,exito,16720,2508.96,05,subwp,123,1,E2.1,E2.1-R0,False,subwp,123,05,5,2556238164,exito,,535.04,0,0,"[0.0, -4.592901228353606]"
3686,goal_369,6,col_return,11455,1527.36,05,subwp,123,1,E2.1,E2.1-R0,False,subwp,123,05,6,22300910,col_return,return,366.56,0,0,"[0.0, -17.113659755209326]"
3687,goal_369,7,exito,16715,2508.85,05,subwp,123,1,E2.1,E2.1-R0,False,subwp,123,05,7,1985181816,exito,,534.88,0,0,"[0.0, 7.354344679711129]"
3688,goal_369,8,exito,16721,2509.09,05,subwp,123,1,E2.1,E2.1-R0,False,subwp,123,05,8,3874252265,exito,,535.072,0,0,"[0.0, 8.362661706254947]"
3689,goal_369,9,col_return,11523,1527.96,05,subwp,123,1,E2.1,E2.1-R0,False,subwp,123,05,9,2448119167,col_return,return,368.736,0,0,"[0.0, 1.7676047263225558]"
3690,goal_369,10,exito,16715,2508.86,05,subwp,123,1,E2.1,E2.1-R0,False,subwp,123,05,10,4230599377,exito,,534.88,0,0,"[0.0, 16.36104908701994]"
3691,goal_370,1,exito,16768,2518.7,05,subwp,123,1,E2.1,E2.1-R0,False,subwp,123,05,1,2666706810,exito,,536.576,0,0,"[0.0, 0.1320321290723414]"
3692,goal_370,2,col_return,11528,1540.79,05,subwp,123,1,E2.1,E2.1-R0,False,subwp,123,05,2,133949120,col_return,return,368.896,0,0,"[0.0, -24.925707798403973]"
3693,goal_370,3,exito,16763,2518.72,05,subwp,123,1,E2.1,E2.1-R0,False,subwp,123,05,3,1895618134,exito,,536.416,0,0,"[0.0, -5.690087368776493]"
3694,goal_370,4,exito,16768,2518.7,05,subwp,123,1,E2.1,E2.1-R0,False,subwp,123,05,4,4002956277,exito,,536.576,0,0,"[0.0, -9.888186686200328]"
3695,goal_370,5,col_return,11492,1540.96,05,subwp,123,1,E2.1,E2.1-R0,False,subwp,123,05,5,2577363811,col_return,return,367.744,0,0,"[0.0, -17.94837031012832]"
3696,goal_370,6,exito,16762,2518.64,05,subwp,123,1,E2.1,E2.1-R0,False,subwp,123,05,6,9839321,exito,,536.384,0,0,"[0.0, -25.065042754132012]"
3697,goal_370,7,exito,16767,2518.58,05,subwp,123,1,E2.1,E2.1-R0,False,subwp,123,05,7,2005996111,exito,,536.544,0,0,"[0.0, 6.303402368799851]"
3698,goal_370,8,col_return,11495,1531.83,05,subwp,123,1,E2.1,E2.1-R0,False,subwp,123,05,8,3878555614,col_return,return,367.84,0,0,"[0.0, 10.754147272408376]"
3699,goal_370,9,exito,16763,2518.61,05,subwp,123,1,E2.1,E2.1-R0,False,subwp,123,05,9,2418622280,exito,,536.416,0,0,"[0.0, -15.178150798198729]"
3700,goal_370,10,exito,16767,2518.58,05,subwp,123,1,E2.1,E2.1-R0,False,subwp,123,05,10,1150662068,exito,,536.544,0,0,"[0.0, 7.528073174060195]"
3701,goal_371,1,col_return,11571,1534.18,05,subwp,123,1,E2.1,E2.1-R0,False,subwp,123,05,1,698346384,col_return,return,370.272,0,0,"[0.0, -17.539051552468255]"
3702,goal_371,2,exito,16939,2537.54,05,subwp,123,1,E2.1,E2.1-R0,False,subwp,123,05,2,2962668074,exito,,542.048,0,0,"[0.0, 22.867528245184747]"
3703,goal_371,3,col_approach,2819,203.24,05,subwp,123,1,E2.1,E2.1-R0,False,subwp,123,05,3,3348204220,col_approach,approach,90.208,0,0,"[0.0, -24.702680341394053]"
3704,goal_371,4,exito,16940,2537.56,05,subwp,123,1,E2.1,E2.1-R0,False,subwp,123,05,4,1509236511,exito,,542.08,0,0,"[0.0, 17.20210879564094]"
3705,goal_371,5,exito,16945,2537.65,05,subwp,123,1,E2.1,E2.1-R0,False,subwp,123,05,5,787623817,exito,,542.24,0,0,"[0.0, -18.230434478545597]"
3706,goal_371,6,exito,16945,2533.6,05,subwp,123,1,E2.1,E2.1-R0,False,subwp,123,05,6,3086712371,exito,,542.24,0,0,"[0.0, -17.610930629699595]"
3707,goal_371,7,col_return,11727,1563.89,05,subwp,123,1,E2.1,E2.1-R0,False,subwp,123,05,7,3237760677,col_return,return,375.264,0,0,"[0.0, 7.722604722291491]"
3708,goal_371,8,exito,16939,2537.5,05,subwp,123,1,E2.1,E2.1-R0,False,subwp,123,05,8,1346589492,exito,,542.048,0,0,"[0.0, 5.860678497592331]"
3709,goal_371,9,exito,16945,2534.45,05,subwp,123,1,E2.1,E2.1-R0,False,subwp,123,05,9,658793378,exito,,542.24,0,0,"[0.0, 26.391011247408397]"
3710,goal_371,10,col_return,11423,1518.51,05,subwp,123,1,E2.1,E2.1-R0,False,subwp,123,05,10,83743630,col_return,return,365.536,0,0,"[0.0, 20.712291963158652]"
3711,goal_372,1,exito,16978,2545.72,05,subwp,123,1,E2.1,E2.1-R0,False,subwp,123,05,1,677216679,exito,,543.296,0,0,"[0.0, 7.226909169570779]"
3712,goal_372,2,exito,16984,2523.2,05,subwp,123,1,E2.1,E2.1-R0,False,subwp,123,05,2,2975125533,exito,,543.488,0,0,"[0.0, 25.816256264867935]"
3713,goal_372,3,col_return,11235,1504.45,05,subwp,123,1,E2.1,E2.1-R0,False,subwp,123,05,3,3327385739,col_return,return,359.52,0,0,"[0.0, -7.4923325002157215]"
3714,goal_372,4,exito,16978,2542.22,05,subwp,123,1,E2.1,E2.1-R0,False,subwp,123,05,4,1480029480,exito,,543.296,0,0,"[0.0, -23.831291500147668]"
3715,goal_372,5,exito,16983,2536.21,05,subwp,123,1,E2.1,E2.1-R0,False,subwp,123,05,5,791692734,exito,,543.456,0,0,"[0.0, 16.524791658519757]"
3716,goal_372,6,col_return,11135,1490.52,05,subwp,123,1,E2.1,E2.1-R0,False,subwp,123,05,6,3057193988,col_return,return,356.32,0,0,"[0.0, 5.731865318671218]"
3717,goal_372,7,exito,16978,2537.18,05,subwp,123,1,E2.1,E2.1-R0,False,subwp,123,05,7,3242075282,exito,,543.296,0,0,"[0.0, -7.32325259653221]"
3718,goal_372,8,exito,16983,2525.87,05,subwp,123,1,E2.1,E2.1-R0,False,subwp,123,05,8,1367423235,exito,,543.456,0,0,"[0.0, -29.148495004139786]"
3719,goal_372,9,exito,16983,2468.83,05,subwp,123,1,E2.1,E2.1-R0,False,subwp,123,05,9,646318485,exito,,543.456,0,0,"[0.0, 4.263004116061515]"
3720,goal_372,10,exito,16983,2546.25,05,subwp,123,1,E2.1,E2.1-R0,False,subwp,123,05,10,3158422763,exito,,543.456,0,0,"[0.0, 27.171582957676677]"
3721,goal_373,1,exito,16667,2520.71,05,subwp,123,1,E2.1,E2.1-R0,False,subwp,123,05,1,706428926,exito,,533.344,0,0,"[0.0, -24.88307383563577]"
3722,goal_373,2,exito,16667,2515.96,05,subwp,123,1,E2.1,E2.1-R0,False,subwp,123,05,2,3004329540,exito,,533.344,0,0,"[0.0, -18.21490309004959]"
3723,goal_373,3,col_return,11031,1488.53,05,subwp,123,1,E2.1,E2.1-R0,False,subwp,123,05,3,3289734866,col_return,return,352.992,0,0,"[0.0, -14.72007421973439]"
3724,goal_373,4,exito,16662,2520.48,05,subwp,123,1,E2.1,E2.1-R0,False,subwp,123,05,4,1517407089,exito,,533.184,0,0,"[0.0, -26.49448259047209]"
3725,goal_373,5,exito,16667,2520.57,05,subwp,123,1,E2.1,E2.1-R0,False,subwp,123,05,5,762772455,exito,,533.344,0,0,"[0.0, 12.572740423280068]"
3726,goal_373,6,col_return,11354,1533.69,05,subwp,123,1,E2.1,E2.1-R0,False,subwp,123,05,6,3028265565,col_return,return,363.328,0,0,"[0.0, -8.403185611341044]"
3727,goal_373,7,exito,16661,2520.59,05,subwp,123,1,E2.1,E2.1-R0,False,subwp,123,05,7,3279461067,exito,,533.152,0,0,"[0.0, -12.179021115488794]"
3728,goal_373,8,exito,16667,2520.67,05,subwp,123,1,E2.1,E2.1-R0,False,subwp,123,05,8,1405585242,exito,,533.344,0,0,"[0.0, 28.105519070772992]"
3729,goal_373,9,col_return,11525,1547.02,05,subwp,123,1,E2.1,E2.1-R0,False,subwp,123,05,9,616609740,col_return,return,368.8,0,0,"[0.0, 8.79638166229486]"
3730,goal_373,10,exito,16662,2520.48,05,subwp,123,1,E2.1,E2.1-R0,False,subwp,123,05,10,2935233285,exito,,533.184,0,0,"[0.0, 19.834474715021752]"
3731,goal_374,1,exito,16397,2487.86,05,subwp,123,1,E2.1,E2.1-R0,False,subwp,123,05,1,735663561,exito,,524.704,0,0,"[0.0, 17.061473179224794]"
3732,goal_374,2,exito,16398,2481.79,05,subwp,123,1,E2.1,E2.1-R0,False,subwp,123,05,2,2999977075,exito,,524.736,0,0,"[0.0, -15.177225721697972]"
3733,goal_374,3,col_return,10878,1473.72,05,subwp,123,1,E2.1,E2.1-R0,False,subwp,123,05,3,3319215333,col_return,return,348.096,0,0,"[0.0, -23.86154277392482]"
3734,goal_374,4,exito,16392,2487.88,05,subwp,123,1,E2.1,E2.1-R0,False,subwp,123,05,4,1538498886,exito,,524.544,0,0,"[0.0, -29.62605618757889]"
3735,goal_374,5,exito,16397,2487.84,05,subwp,123,1,E2.1,E2.1-R0,False,subwp,123,05,5,750031312,exito,,524.704,0,0,"[0.0, 24.797347689276428]"
3736,goal_374,6,exito,16398,2477.46,05,subwp,123,1,E2.1,E2.1-R0,False,subwp,123,05,6,3049111658,exito,,524.736,0,0,"[0.0, -25.139225946119343]"
3737,goal_374,7,col_return,10848,1466.51,05,subwp,123,1,E2.1,E2.1-R0,False,subwp,123,05,7,3267031292,col_return,return,347.136,0,0,"[0.0, -27.28927172939892]"
3738,goal_374,8,exito,16392,2487.76,05,subwp,123,1,E2.1,E2.1-R0,False,subwp,123,05,8,1376120173,exito,,524.544,0,0,"[0.0, 25.37562425811772]"
3739,goal_374,9,exito,16398,2487.9,05,subwp,123,1,E2.1,E2.1-R0,False,subwp,123,05,9,620944891,exito,,524.736,0,0,"[0.0, 20.388176139762223]"
3740,goal_374,10,exito,16397,2473.85,05,subwp,123,1,E2.1,E2.1-R0,False,subwp,123,05,10,373849184,exito,,524.704,0,0,"[0.0, 17.246046749959596]"
3741,goal_375,1,col_return,10897,1472.43,05,subwp,123,1,E2.1,E2.1-R0,False,subwp,123,05,1,781599564,col_return,return,348.704,0,0,"[0.0, 0.24200960384140213]"
3742,goal_375,2,exito,16544,2501.08,05,subwp,123,1,E2.1,E2.1-R0,False,subwp,123,05,2,3080655606,exito,,529.408,0,0,"[0.0, 12.899166982774247]"
3743,goal_375,3,exito,16551,2501.26,05,subwp,123,1,E2.1,E2.1-R0,False,subwp,123,05,3,3231195744,exito,,529.632,0,0,"[0.0, -7.539197298453944]"
3744,goal_375,4,col_return,11409,1537.25,05,subwp,123,1,E2.1,E2.1-R0,False,subwp,123,05,4,1593620419,col_return,return,365.088,0,0,"[0.0, -4.148983941376891]"
3745,goal_375,5,exito,16544,2501.58,05,subwp,123,1,E2.1,E2.1-R0,False,subwp,123,05,5,704350037,exito,,529.408,0,0,"[0.0, 1.6458677475284311]"
3746,goal_375,6,exito,16551,2501.23,05,subwp,123,1,E2.1,E2.1-R0,False,subwp,123,05,6,2968704751,exito,,529.632,0,0,"[0.0, -20.533873402994352]"
3747,goal_375,7,exito,16551,2480.86,05,subwp,123,1,E2.1,E2.1-R0,False,subwp,123,05,7,3354781305,exito,,529.632,0,0,"[0.0, -21.641704142301666]"
3748,goal_375,8,col_return,10877,1465.54,05,subwp,123,1,E2.1,E2.1-R0,False,subwp,123,05,8,1464531944,col_return,return,348.064,0,0,"[0.0, -20.43774686258107]"
3749,goal_375,9,exito,16544,2501.08,05,subwp,123,1,E2.1,E2.1-R0,False,subwp,123,05,9,541969278,exito,,529.408,0,0,"[0.0, -29.997266741287344]"
3750,goal_375,10,exito,16551,2501.29,05,subwp,123,1,E2.1,E2.1-R0,False,subwp,123,05,10,2342470873,exito,,529.632,0,0,"[0.0, 8.402212260021107]"
3751,goal_376,1,col_return,11277,1520.34,05,subwp,123,1,E2.1,E2.1-R0,False,subwp,123,05,1,794044795,col_return,return,360.864,0,0,"[0.0, -15.86982736206409]"
3752,goal_376,2,exito,16295,2473.48,05,subwp,123,1,E2.1,E2.1-R0,False,subwp,123,05,2,3059579073,exito,,521.44,0,0,"[0.0, -3.8032500666100133]"
3753,goal_376,3,exito,16303,2474.04,05,subwp,123,1,E2.1,E2.1-R0,False,subwp,123,05,3,3243919447,exito,,521.696,0,0,"[0.0, -19.86933776765946]"
3754,goal_376,4,exito,16303,2474.04,05,subwp,123,1,E2.1,E2.1-R0,False,subwp,123,05,4,1597955572,exito,,521.696,0,0,"[0.0, 14.453728811602229]"
3755,goal_376,5,col_return,11185,1509.18,05,subwp,123,1,E2.1,E2.1-R0,False,subwp,123,05,5,674884962,col_return,return,357.92,0,0,"[0.0, -24.5083652222439]"
3756,goal_376,6,exito,16295,2473.57,05,subwp,123,1,E2.1,E2.1-R0,False,subwp,123,05,6,2972761304,exito,,521.44,0,0,"[0.0, -21.118083750744113]"
3757,goal_376,7,exito,16300,2473.6,05,subwp,123,1,E2.1,E2.1-R0,False,subwp,123,05,7,3325529166,exito,,521.6,0,0,"[0.0, 13.01742363441031]"
3758,goal_376,8,exito,16303,2474.03,05,subwp,123,1,E2.1,E2.1-R0,False,subwp,123,05,8,1451790815,exito,,521.696,0,0,"[0.0, 21.876703455207508]"
3759,goal_376,9,col_return,11145,1497.68,05,subwp,123,1,E2.1,E2.1-R0,False,subwp,123,05,9,563061065,col_return,return,356.64,0,0,"[0.0, -28.31643037522517]"
3760,goal_376,10,exito,16295,2473.57,05,subwp,123,1,E2.1,E2.1-R0,False,subwp,123,05,10,857940924,exito,,521.44,0,0,"[0.0, -2.1270737221823444]"
3761,goal_377,1,exito,16318,2465.2,05,subwp,123,1,E2.1,E2.1-R0,False,subwp,123,05,1,756193058,exito,,522.176,0,0,"[0.0, 8.733205672443972]"
3762,goal_377,2,exito,16318,2465.23,05,subwp,123,1,E2.1,E2.1-R0,False,subwp,123,05,2,3021719192,exito,,522.176,0,0,"[0.0, -12.139362034058255]"
3763,goal_377,3,col_return,11113,1483.73,05,subwp,123,1,E2.1,E2.1-R0,False,subwp,123,05,3,3273455118,col_return,return,355.616,0,0,"[0.0, -29.390884474427892]"
3764,goal_377,4,exito,16315,2465.08,05,subwp,123,1,E2.1,E2.1-R0,False,subwp,123,05,4,1568170925,exito,,522.08,0,0,"[0.0, 23.823402040698348]"
3765,goal_377,5,exito,16318,2465.21,05,subwp,123,1,E2.1,E2.1-R0,False,subwp,123,05,5,712987451,exito,,522.176,0,0,"[0.0, -18.261849034828597]"
3766,goal_377,6,exito,16318,2465.24,05,subwp,123,1,E2.1,E2.1-R0,False,subwp,123,05,6,3010855553,exito,,522.176,0,0,"[0.0, -5.665286487490713]"
3767,goal_377,7,col_return,11063,1486.65,05,subwp,123,1,E2.1,E2.1-R0,False,subwp,123,05,7,3295752727,col_return,return,354.016,0,0,"[0.0, 12.117222472498154]"
3768,goal_377,8,exito,16312,2465.13,05,subwp,123,1,E2.1,E2.1-R0,False,subwp,123,05,8,1422798726,exito,,521.984,0,0,"[0.0, 6.237001177497858]"
3769,goal_377,9,exito,16318,2465.19,05,subwp,123,1,E2.1,E2.1-R0,False,subwp,123,05,9,600383248,exito,,522.176,0,0,"[0.0, 18.86859241660226]"
3770,goal_377,10,exito,16318,2465.23,05,subwp,123,1,E2.1,E2.1-R0,False,subwp,123,05,10,563514450,exito,,522.176,0,0,"[0.0, -14.009644540175847]"
3771,goal_378,1,col_return,10945,1467.48,05,subwp,123,1,E2.1,E2.1-R0,False,subwp,123,05,1,751893781,col_return,return,350.24,0,0,"[0.0, -21.386456494513272]"
3772,goal_378,2,exito,16057,2436.54,05,subwp,123,1,E2.1,E2.1-R0,False,subwp,123,05,2,3050941615,exito,,513.824,0,0,"[0.0, 12.37903898657138]"
3773,goal_378,3,exito,16062,2436.62,05,subwp,123,1,E2.1,E2.1-R0,False,subwp,123,05,3,3269368889,exito,,513.984,0,0,"[0.0, 16.52026919759163]"
3774,goal_378,4,exito,16062,2436.6,05,subwp,123,1,E2.1,E2.1-R0,False,subwp,123,05,4,1555696026,exito,,513.984,0,0,"[0.0, -19.681082810853898]"
3775,goal_378,5,exito,16062,2436.01,05,subwp,123,1,E2.1,E2.1-R0,False,subwp,123,05,5,733821196,exito,,513.984,0,0,"[0.0, -17.76601213507476]"
3776,goal_378,6,col_return,10829,1462.94,05,subwp,123,1,E2.1,E2.1-R0,False,subwp,123,05,6,2998167734,col_return,return,346.528,0,0,"[0.0, -9.262410856951647]"
3777,goal_378,7,exito,16057,2436.55,05,subwp,123,1,E2.1,E2.1-R0,False,subwp,123,05,7,3316865056,exito,,513.824,0,0,"[0.0, -16.284662733982344]"
3778,goal_378,8,exito,16062,2436.59,05,subwp,123,1,E2.1,E2.1-R0,False,subwp,123,05,8,1426867633,exito,,513.984,0,0,"[0.0, -29.532340698834098]"
3779,goal_378,9,exito,16062,2436.6,05,subwp,123,1,E2.1,E2.1-R0,False,subwp,123,05,9,571176231,exito,,513.984,0,0,"[0.0, -28.36990128582023]"
3780,goal_378,10,exito,16062,2435.13,05,subwp,123,1,E2.1,E2.1-R0,False,subwp,123,05,10,2569726775,exito,,513.984,0,0,"[0.0, 5.264012922349057]"
3781,goal_379,1,col_return,10820,1442.32,05,subwp,123,1,E2.1,E2.1-R0,False,subwp,123,05,1,663534120,col_return,return,346.24,0,0,"[0.0, -9.986971282662811]"
3782,goal_379,2,exito,16081,2431.72,05,subwp,123,1,E2.1,E2.1-R0,False,subwp,123,05,2,3196447634,exito,,514.592,0,0,"[0.0, -27.93083571249034]"
3783,goal_379,3,exito,16086,2431.86,05,subwp,123,1,E2.1,E2.1-R0,False,subwp,123,05,3,3380796164,exito,,514.752,0,0,"[0.0, 15.958250273496223]"
3784,goal_379,4,exito,16086,2431.83,05,subwp,123,1,E2.1,E2.1-R0,False,subwp,123,05,4,1474711207,exito,,514.752,0,0,"[0.0, -7.72802945270924]"
3785,goal_379,5,exito,16086,2425.61,05,subwp,123,1,E2.1,E2.1-R0,False,subwp,123,05,5,551648817,exito,,514.752,0,0,"[0.0, -18.258370713773687]"
3786,goal_379,6,col_return,10726,1436.26,05,subwp,123,1,E2.1,E2.1-R0,False,subwp,123,05,6,3119001483,col_return,return,343.232,0,0,"[0.0, 18.85594780228889]"
3787,goal_379,7,exito,16081,2431.75,05,subwp,123,1,E2.1,E2.1-R0,False,subwp,123,05,7,3471777565,exito,,514.592,0,0,"[0.0, 28.923109960982124]"
3788,goal_379,8,exito,16086,2431.82,05,subwp,123,1,E2.1,E2.1-R0,False,subwp,123,05,8,1582301836,exito,,514.752,0,0,"[0.0, -25.118519652620932]"
3789,goal_379,9,exito,16086,2431.87,05,subwp,123,1,E2.1,E2.1-R0,False,subwp,123,05,9,693580314,exito,,514.752,0,0,"[0.0, 28.910992778307538]"
3790,goal_379,10,exito,16086,2421.05,05,subwp,123,1,E2.1,E2.1-R0,False,subwp,123,05,10,3242851169,exito,,514.752,0,0,"[0.0, -21.30402667537013]"
3791,goal_380,1,col_return,10558,1419.75,05,subwp,123,1,E2.1,E2.1-R0,False,subwp,123,05,1,642699295,col_return,return,337.856,0,0,"[0.0, -2.06125141158064]"
3792,goal_380,2,exito,15802,2403.93,05,subwp,123,1,E2.1,E2.1-R0,False,subwp,123,05,2,3209134501,exito,,505.664,0,0,"[0.0, 14.303924162010595]"
3793,goal_380,3,exito,15807,2403.93,05,subwp,123,1,E2.1,E2.1-R0,False,subwp,123,05,3,3359682867,exito,,505.824,0,0,"[0.0, -15.107536747402639]"
3794,goal_380,4,exito,15808,2404.16,05,subwp,123,1,E2.1,E2.1-R0,False,subwp,123,05,4,1445209232,exito,,505.856,0,0,"[0.0, -25.97415035455351]"
3795,goal_380,5,exito,15807,2403.95,05,subwp,123,1,E2.1,E2.1-R0,False,subwp,123,05,5,555947014,exito,,505.824,0,0,"[0.0, 27.084934401124258]"
3796,goal_380,6,exito,15808,2404.18,05,subwp,123,1,E2.1,E2.1-R0,False,subwp,123,05,6,3089778108,exito,,505.856,0,0,"[0.0, 2.444630782842969]"
3797,goal_380,7,col_return,10746,1454.43,05,subwp,123,1,E2.1,E2.1-R0,False,subwp,123,05,7,3475862826,col_return,return,343.872,0,0,"[0.0, -26.711288037284767]"
3798,goal_380,8,exito,15802,2403.96,05,subwp,123,1,E2.1,E2.1-R0,False,subwp,123,05,8,1603430587,exito,,505.664,0,0,"[0.0, -3.260071427419753]"
3799,goal_380,9,exito,15807,2403.94,05,subwp,123,1,E2.1,E2.1-R0,False,subwp,123,05,9,680876077,exito,,505.824,0,0,"[0.0, -2.564829043362218]"
3800,goal_380,10,exito,15808,2404.03,05,subwp,123,1,E2.1,E2.1-R0,False,subwp,123,05,10,2046139396,exito,,505.856,0,0,"[0.0, 9.169009078094266]"
3801,goal_381,1,exito,15885,2402.89,05,subwp,123,1,E2.1,E2.1-R0,False,subwp,123,05,1,1912404934,exito,,508.32,0,0,"[0.0, -8.887429415886249]"
3802,goal_381,2,exito,15885,2402.9,05,subwp,123,1,E2.1,E2.1-R0,False,subwp,123,05,2,3908414076,exito,,508.32,0,0,"[0.0, 1.480493941535197]"
3803,goal_381,3,col_return,10836,1443.83,05,subwp,123,1,E2.1,E2.1-R0,False,subwp,123,05,3,2683476714,col_return,return,346.752,0,0,"[0.0, -4.640388040816701]"
3804,goal_381,4,exito,15880,2402.77,05,subwp,123,1,E2.1,E2.1-R0,False,subwp,123,05,4,26611529,exito,,508.16,0,0,"[0.0, 15.186283850346813]"
3805,goal_381,5,exito,15885,2402.86,05,subwp,123,1,E2.1,E2.1-R0,False,subwp,123,05,5,1989230559,exito,,508.32,0,0,"[0.0, 13.162219426757433]"
3806,goal_381,6,exito,15885,2402.89,05,subwp,123,1,E2.1,E2.1-R0,False,subwp,123,05,6,4019744357,exito,,508.32,0,0,"[0.0, -25.580933217405953]"
3807,goal_381,7,exito,15885,2402.85,05,subwp,123,1,E2.1,E2.1-R0,False,subwp,123,05,7,2560581363,exito,,508.32,0,0,"[0.0, -8.058256548188032]"
3808,goal_381,8,exito,15885,2400.88,05,subwp,123,1,E2.1,E2.1-R0,False,subwp,123,05,8,136332130,exito,,508.32,0,0,"[0.0, 29.01710282765537]"
3809,goal_381,9,col_return,10693,1434.71,05,subwp,123,1,E2.1,E2.1-R0,False,subwp,123,05,9,2133292020,col_return,return,342.176,0,0,"[0.0, 16.820324456067866]"
3810,goal_381,10,exito,15880,2402.83,05,subwp,123,1,E2.1,E2.1-R0,False,subwp,123,05,10,2259502175,exito,,508.16,0,0,"[0.0, -14.104091162038157]"
3811,goal_382,1,exito,15586,2375.11,05,subwp,123,1,E2.1,E2.1-R0,False,subwp,123,05,1,1883148785,exito,,498.752,0,0,"[0.0, -3.062093796762273]"
3812,goal_382,2,exito,15586,2375.12,05,subwp,123,1,E2.1,E2.1-R0,False,subwp,123,05,2,3912745035,exito,,498.752,0,0,"[0.0, 23.544850777956448]"
3813,goal_382,3,exito,15586,2375.13,05,subwp,123,1,E2.1,E2.1-R0,False,subwp,123,05,3,2654007517,exito,,498.752,0,0,"[0.0, -20.089463580973334]"
3814,goal_382,4,exito,15586,2375.11,05,subwp,123,1,E2.1,E2.1-R0,False,subwp,123,05,4,5531006,exito,,498.752,0,0,"[0.0, 25.83622428894579]"
3815,goal_382,5,exito,15586,2375.14,05,subwp,123,1,E2.1,E2.1-R0,False,subwp,123,05,5,2001950184,exito,,498.752,0,0,"[0.0, -6.00466220107402]"
3816,goal_382,6,exito,15586,2370.42,05,subwp,123,1,E2.1,E2.1-R0,False,subwp,123,05,6,3998876754,exito,,498.752,0,0,"[0.0, -15.750281406996603]"
3817,goal_382,7,col_return,10495,1421.31,05,subwp,123,1,E2.1,E2.1-R0,False,subwp,123,05,7,2573022404,col_return,return,335.84,0,0,"[0.0, 20.984817971909994]"
3818,goal_382,8,exito,15582,2374.97,05,subwp,123,1,E2.1,E2.1-R0,False,subwp,123,05,8,165816661,exito,,498.624,0,0,"[0.0, -19.179033659463563]"
3819,goal_382,9,exito,15587,2375.11,05,subwp,123,1,E2.1,E2.1-R0,False,subwp,123,05,9,2128943555,exito,,498.784,0,0,"[0.0, 12.137317459915177]"
3820,goal_382,10,exito,15586,2375.15,05,subwp,123,1,E2.1,E2.1-R0,False,subwp,123,05,10,1041310522,exito,,498.752,0,0,"[0.0, -29.09824635502134]"
3821,goal_383,1,exito,15662,2369.29,05,subwp,123,1,E2.1,E2.1-R0,False,subwp,123,05,1,1920479144,exito,,501.184,0,0,"[0.0, 29.529329846368505]"
3822,goal_383,2,exito,15659,2369.03,05,subwp,123,1,E2.1,E2.1-R0,False,subwp,123,05,2,3950083602,exito,,501.088,0,0,"[0.0, -25.973202126464837]"
3823,goal_383,3,exito,15659,2368.98,05,subwp,123,1,E2.1,E2.1-R0,False,subwp,123,05,3,2624999044,exito,,501.088,0,0,"[0.0, 18.004093218308487]"
3824,goal_383,4,exito,15659,2367.09,05,subwp,123,1,E2.1,E2.1-R0,False,subwp,123,05,4,34790183,exito,,501.088,0,0,"[0.0, 10.21303038134243]"
3825,goal_383,5,col_return,10591,1410.31,05,subwp,123,1,E2.1,E2.1-R0,False,subwp,123,05,5,1964370865,col_return,return,338.912,0,0,"[0.0, 26.424336287087044]"
3826,goal_383,6,exito,15654,2368.95,05,subwp,123,1,E2.1,E2.1-R0,False,subwp,123,05,6,3961305611,exito,,500.928,0,0,"[0.0, -3.294202879839845]"
3827,goal_383,7,exito,15659,2368.97,05,subwp,123,1,E2.1,E2.1-R0,False,subwp,123,05,7,2602273437,exito,,501.088,0,0,"[0.0, -29.403424896925323]"
3828,goal_383,8,exito,15659,2368.95,05,subwp,123,1,E2.1,E2.1-R0,False,subwp,123,05,8,195335948,exito,,501.088,0,0,"[0.0, -19.854886739663915]"
3829,goal_383,9,exito,15659,2368.96,05,subwp,123,1,E2.1,E2.1-R0,False,subwp,123,05,9,2091100058,exito,,501.088,0,0,"[0.0, -24.61599713398455]"
3830,goal_383,10,exito,15659,2368.94,05,subwp,123,1,E2.1,E2.1-R0,False,subwp,123,05,10,748981460,exito,,501.088,0,0,"[0.0, 21.12911635991377]"
3831,goal_384,1,exito,15341,2337.95,05,subwp,123,1,E2.1,E2.1-R0,False,subwp,123,05,1,1941587359,exito,,490.912,0,0,"[0.0, -3.8098575880542507]"
3832,goal_384,2,exito,15344,2338.4,05,subwp,123,1,E2.1,E2.1-R0,False,subwp,123,05,2,3937604645,exito,,491.008,0,0,"[0.0, -5.066845126907225]"
3833,goal_384,3,exito,15344,2337.55,05,subwp,123,1,E2.1,E2.1-R0,False,subwp,123,05,3,2645828787,exito,,491.008,0,0,"[0.0, -12.188945946880017]"
3834,goal_384,4,exito,15344,2322.15,05,subwp,123,1,E2.1,E2.1-R0,False,subwp,123,05,4,64008464,exito,,491.008,0,0,"[0.0, -0.2440863958206574]"
3835,goal_384,5,col_return,10293,1386.38,05,subwp,123,1,E2.1,E2.1-R0,False,subwp,123,05,5,1960280454,col_return,return,329.376,0,0,"[0.0, -18.289392735936268]"
3836,goal_384,6,exito,15336,2337.97,05,subwp,123,1,E2.1,E2.1-R0,False,subwp,123,05,6,3990802492,exito,,490.752,0,0,"[0.0, 13.646359683544844]"
3837,goal_384,7,exito,15341,2337.98,05,subwp,123,1,E2.1,E2.1-R0,False,subwp,123,05,7,2597970090,exito,,490.912,0,0,"[0.0, 15.31328571031366]"
3838,goal_384,8,exito,15344,2338.43,05,subwp,123,1,E2.1,E2.1-R0,False,subwp,123,05,8,174521659,exito,,491.008,0,0,"[0.0, -7.207323052838259]"
3839,goal_384,9,exito,15341,2337.97,05,subwp,123,1,E2.1,E2.1-R0,False,subwp,123,05,9,2103561645,exito,,490.912,0,0,"[0.0, -25.71116553220375]"
3840,goal_384,10,exito,15344,2338.36,05,subwp,123,1,E2.1,E2.1-R0,False,subwp,123,05,10,2484661169,exito,,491.008,0,0,"[0.0, -14.491730841507202]"
3841,goal_385,1,exito,15454,2342.55,05,subwp,123,1,E2.1,E2.1-R0,False,subwp,123,05,1,1995789082,exito,,494.528,0,0,"[0.0, -15.829829154719526]"
3842,goal_385,2,exito,15454,2342.55,05,subwp,123,1,E2.1,E2.1-R0,False,subwp,123,05,2,4026270368,exito,,494.528,0,0,"[0.0, -26.947465024550358]"
3843,goal_385,3,exito,15454,2342.67,05,subwp,123,1,E2.1,E2.1-R0,False,subwp,123,05,3,2566599222,exito,,494.528,0,0,"[0.0, 12.306029255430754]"
3844,goal_385,4,exito,15454,2342.62,05,subwp,123,1,E2.1,E2.1-R0,False,subwp,123,05,4,111126421,exito,,494.528,0,0,"[0.0, 18.760724367713635]"
3845,goal_385,5,exito,15454,2342.67,05,subwp,123,1,E2.1,E2.1-R0,False,subwp,123,05,5,1905825539,exito,,494.528,0,0,"[0.0, 11.13722432902317]"
3846,goal_385,6,exito,15454,2340.83,05,subwp,123,1,E2.1,E2.1-R0,False,subwp,123,05,6,3901867705,exito,,494.528,0,0,"[0.0, 11.24321523969211]"
3847,goal_385,7,col_return,10491,1397.74,05,subwp,123,1,E2.1,E2.1-R0,False,subwp,123,05,7,2677470767,col_return,return,335.712,0,0,"[0.0, -16.787430552500016]"
3848,goal_385,8,exito,15449,2342.48,05,subwp,123,1,E2.1,E2.1-R0,False,subwp,123,05,8,254405566,exito,,494.368,0,0,"[0.0, 13.567442959020028]"
3849,goal_385,9,exito,15454,2342.59,05,subwp,123,1,E2.1,E2.1-R0,False,subwp,123,05,9,2016336680,exito,,494.528,0,0,"[0.0, -5.082686294806898]"
3850,goal_385,10,exito,15454,2342.63,05,subwp,123,1,E2.1,E2.1-R0,False,subwp,123,05,10,164614920,exito,,494.528,0,0,"[0.0, 25.27547562502869]"
3851,goal_386,1,exito,15169,2320.76,05,subwp,123,1,E2.1,E2.1-R0,False,subwp,123,05,1,2000107821,exito,,485.408,0,0,"[0.0, 3.079806027945895]"
3852,goal_386,2,exito,15168,2320.64,05,subwp,123,1,E2.1,E2.1-R0,False,subwp,123,05,2,3997067415,exito,,485.376,0,0,"[0.0, -9.177424984414042]"
3853,goal_386,3,exito,15168,2320.65,05,subwp,123,1,E2.1,E2.1-R0,False,subwp,123,05,3,2570672129,exito,,485.376,0,0,"[0.0, 15.661715081242534]"
3854,goal_386,4,exito,15168,2320.66,05,subwp,123,1,E2.1,E2.1-R0,False,subwp,123,05,4,123588002,exito,,485.376,0,0,"[0.0, -6.373878610314354]"
3855,goal_386,5,exito,15168,2320.67,05,subwp,123,1,E2.1,E2.1-R0,False,subwp,123,05,5,1885011252,exito,,485.376,0,0,"[0.0, -25.666867435102706]"
3856,goal_386,6,exito,15168,2320.66,05,subwp,123,1,E2.1,E2.1-R0,False,subwp,123,05,6,3914574990,exito,,485.376,0,0,"[0.0, 0.20721053872673645]"
3857,goal_386,7,exito,15168,2320.66,05,subwp,123,1,E2.1,E2.1-R0,False,subwp,123,05,7,2656345112,exito,,485.376,0,0,"[0.0, 17.004453334334976]"
3858,goal_386,8,exito,15168,2320.65,05,subwp,123,1,E2.1,E2.1-R0,False,subwp,123,05,8,250315145,exito,,485.376,0,0,"[0.0, -22.61245668397231]"
3859,goal_386,9,exito,15168,2320.65,05,subwp,123,1,E2.1,E2.1-R0,False,subwp,123,05,9,2045554975,exito,,485.376,0,0,"[0.0, 26.14713625737783]"
3860,goal_386,10,exito,15168,2320.65,05,subwp,123,1,E2.1,E2.1-R0,False,subwp,123,05,10,2977150061,exito,,485.376,0,0,"[0.0, 17.525438569880066]"
3861,goal_387,1,exito,15212,2309.69,05,subwp,123,1,E2.1,E2.1-R0,False,subwp,123,05,1,1970374516,exito,,486.784,0,0,"[0.0, 27.653669986236295]"
3862,goal_387,2,exito,15212,2309.66,05,subwp,123,1,E2.1,E2.1-R0,False,subwp,123,05,2,3967342286,exito,,486.784,0,0,"[0.0, -10.951837138437718]"
3863,goal_387,3,exito,15212,2309.67,05,subwp,123,1,E2.1,E2.1-R0,False,subwp,123,05,3,2608850520,exito,,486.784,0,0,"[0.0, -21.950333816123617]"
3864,goal_387,4,exito,15212,2309.61,05,subwp,123,1,E2.1,E2.1-R0,False,subwp,123,05,4,85685243,exito,,486.784,0,0,"[0.0, -11.047619998028]"
3865,goal_387,5,exito,15212,2309.67,05,subwp,123,1,E2.1,E2.1-R0,False,subwp,123,05,5,1914454893,exito,,486.784,0,0,"[0.0, -20.594293546904016]"
3866,goal_387,6,exito,15212,2309.61,05,subwp,123,1,E2.1,E2.1-R0,False,subwp,123,05,6,3944026839,exito,,486.784,0,0,"[0.0, 18.188313461042057]"
3867,goal_387,7,exito,15212,2307.08,05,subwp,123,1,E2.1,E2.1-R0,False,subwp,123,05,7,2618434113,exito,,486.784,0,0,"[0.0, -1.214723497433623]"
3868,goal_387,8,exito,15212,2295.4,05,subwp,123,1,E2.1,E2.1-R0,False,subwp,123,05,8,212680656,exito,,486.784,0,0,"[0.0, -29.186849923353215]"
3869,goal_387,9,col_return,10244,1365.23,05,subwp,123,1,E2.1,E2.1-R0,False,subwp,123,05,9,2074742598,col_return,return,327.808,0,0,"[0.0, 6.633851205157029]"
3870,goal_387,10,exito,15207,2309.57,05,subwp,123,1,E2.1,E2.1-R0,False,subwp,123,05,10,2747669379,exito,,486.624,0,0,"[0.0, -1.8798926700112029]"
3871,goal_388,1,exito,14970,2291.44,05,subwp,123,1,E2.1,E2.1-R0,False,subwp,123,05,1,1957948739,exito,,479.04,0,0,"[0.0, 8.541295634324493]"
3872,goal_388,2,exito,14970,2291.47,05,subwp,123,1,E2.1,E2.1-R0,False,subwp,123,05,2,3988438265,exito,,479.04,0,0,"[0.0, -26.056372825273254]"
3873,goal_388,3,exito,14970,2291.47,05,subwp,123,1,E2.1,E2.1-R0,False,subwp,123,05,3,2596113519,exito,,479.04,0,0,"[0.0, 12.442111186180185]"
3874,goal_388,4,exito,14970,2291.47,05,subwp,123,1,E2.1,E2.1-R0,False,subwp,123,05,4,81336780,exito,,479.04,0,0,"[0.0, 29.139761214985906]"
3875,goal_388,5,exito,14970,2291.47,05,subwp,123,1,E2.1,E2.1-R0,False,subwp,123,05,5,1943939418,exito,,479.04,0,0,"[0.0, -11.45649110389572]"
3876,goal_388,6,exito,14970,2291.46,05,subwp,123,1,E2.1,E2.1-R0,False,subwp,123,05,6,3939989728,exito,,479.04,0,0,"[0.0, -5.261657033899095]"
3877,goal_388,7,exito,14970,2291.46,05,subwp,123,1,E2.1,E2.1-R0,False,subwp,123,05,7,2647672950,exito,,479.04,0,0,"[0.0, -15.354041180879733]"
3878,goal_388,8,exito,14970,2291.47,05,subwp,123,1,E2.1,E2.1-R0,False,subwp,123,05,8,225400295,exito,,479.04,0,0,"[0.0, 11.463886200393212]"
3879,goal_388,9,exito,14970,2291.46,05,subwp,123,1,E2.1,E2.1-R0,False,subwp,123,05,9,2053662065,exito,,479.04,0,0,"[0.0, -20.223532202538657]"
3880,goal_388,10,exito,14970,2291.46,05,subwp,123,1,E2.1,E2.1-R0,False,subwp,123,05,10,461012198,exito,,479.04,0,0,"[0.0, 19.850299927936305]"
3881,goal_389,1,exito,14944,2273.6,05,subwp,123,1,E2.1,E2.1-R0,False,subwp,123,05,1,2146413182,exito,,478.208,0,0,"[0.0, -10.435813546314552]"
3882,goal_389,2,exito,14944,2273.57,05,subwp,123,1,E2.1,E2.1-R0,False,subwp,123,05,2,3873897412,exito,,478.208,0,0,"[0.0, -12.320849265651113]"
3883,goal_389,3,exito,14944,2273.6,05,subwp,123,1,E2.1,E2.1-R0,False,subwp,123,05,3,2447493970,exito,,478.208,0,0,"[0.0, 29.595359895835465]"
3884,goal_389,4,exito,14944,2273.62,05,subwp,123,1,E2.1,E2.1-R0,False,subwp,123,05,4,260398833,exito,,478.208,0,0,"[0.0, 19.80199600982434]"
3885,goal_389,5,exito,14944,2273.59,05,subwp,123,1,E2.1,E2.1-R0,False,subwp,123,05,5,2021813863,exito,,478.208,0,0,"[0.0, -4.397005761067179]"
3886,goal_389,6,exito,14944,2273.56,05,subwp,123,1,E2.1,E2.1-R0,False,subwp,123,05,6,3783999453,exito,,478.208,0,0,"[0.0, 20.36081005200186]"
3887,goal_389,7,exito,14944,2273.6,05,subwp,123,1,E2.1,E2.1-R0,False,subwp,123,05,7,2525761355,exito,,478.208,0,0,"[0.0, 18.535419139159476]"
3888,goal_389,8,exito,14944,2273.53,05,subwp,123,1,E2.1,E2.1-R0,False,subwp,123,05,8,104010458,exito,,478.208,0,0,"[0.0, -8.542554083636364]"
3889,goal_389,9,exito,14944,2273.56,05,subwp,123,1,E2.1,E2.1-R0,False,subwp,123,05,9,1899242060,exito,,478.208,0,0,"[0.0, -5.409991677341301]"
3890,goal_389,10,exito,14944,2260.44,05,subwp,123,1,E2.1,E2.1-R0,False,subwp,123,05,10,1125739696,exito,,478.208,0,0,"[0.0, 16.097798348528084]"
3891,goal_390,1,col_return,8954,1202.63,05,subwp,123,1,E2.1,E2.1-R0,False,subwp,123,05,1,2116927561,col_return,return,286.528,0,0,"[0.0, -24.895408623646908]"
3892,goal_390,2,exito,14769,2259.0,05,subwp,123,1,E2.1,E2.1-R0,False,subwp,123,05,2,3877933555,exito,,472.608,0,0,"[0.0, -13.65203504966801]"
3893,goal_390,3,exito,14773,2258.77,05,subwp,123,1,E2.1,E2.1-R0,False,subwp,123,05,3,2418254181,exito,,472.736,0,0,"[0.0, 8.889364175242543]"
3894,goal_390,4,exito,14773,2258.79,05,subwp,123,1,E2.1,E2.1-R0,False,subwp,123,05,4,239547590,exito,,472.736,0,0,"[0.0, 13.298243835561417]"
3895,goal_390,5,exito,14773,2258.79,05,subwp,123,1,E2.1,E2.1-R0,False,subwp,123,05,5,2034238544,exito,,472.736,0,0,"[0.0, -9.76892921752784]"
3896,goal_390,6,exito,14774,2259.1,05,subwp,123,1,E2.1,E2.1-R0,False,subwp,123,05,6,3762902506,exito,,472.768,0,0,"[0.0, 26.20263535974335]"
3897,goal_390,7,exito,14773,2258.76,05,subwp,123,1,E2.1,E2.1-R0,False,subwp,123,05,7,2538497404,exito,,472.736,0,0,"[0.0, 24.058330193584464]"
3898,goal_390,8,exito,14801,2055.45,05,subwp,123,1,E2.1,E2.1-R0,False,subwp,123,05,8,133265645,exito,,473.632,0,0,"[0.0, 23.128488772486328]"
3899,goal_390,9,col_return,9010,1210.84,05,subwp,123,1,E2.1,E2.1-R0,False,subwp,123,05,9,1895188603,col_return,return,288.32,0,0,"[0.0, 3.5310315031244466]"
3900,goal_390,10,exito,14768,2258.65,05,subwp,123,1,E2.1,E2.1-R0,False,subwp,123,05,10,4221897685,exito,,472.576,0,0,"[0.0, -27.10095830337825]"
3901,goal_391,1,exito,14729,2239.93,05,subwp,123,1,E2.1,E2.1-R0,False,subwp,123,05,1,3376454819,exito,,471.328,0,0,"[0.0, -22.89466429548022]"
3902,goal_391,2,exito,14730,2240.04,05,subwp,123,1,E2.1,E2.1-R0,False,subwp,123,05,2,1347013913,exito,,471.36,0,0,"[0.0, 6.802184546424979]"
3903,goal_391,3,exito,14731,2240.14,05,subwp,123,1,E2.1,E2.1-R0,False,subwp,123,05,3,659488143,exito,,471.392,0,0,"[0.0, -19.955101448050655]"
3904,goal_391,4,exito,14729,2239.95,05,subwp,123,1,E2.1,E2.1-R0,False,subwp,123,05,4,3106564140,exito,,471.328,0,0,"[0.0, 20.09062110175106]"
3905,goal_391,5,col_return,8882,1182.59,05,subwp,123,1,E2.1,E2.1-R0,False,subwp,123,05,5,3459078330,col_return,return,284.224,0,0,"[0.0, 21.28596859527043]"
3906,goal_391,6,exito,14724,2239.83,05,subwp,123,1,E2.1,E2.1-R0,False,subwp,123,05,6,1461979392,exito,,471.168,0,0,"[0.0, -13.715769817070385]"
3907,goal_391,7,exito,14731,2240.16,05,subwp,123,1,E2.1,E2.1-R0,False,subwp,123,05,7,539179414,exito,,471.392,0,0,"[0.0, -2.5931452926038956]"
3908,goal_391,8,exito,14729,2239.92,05,subwp,123,1,E2.1,E2.1-R0,False,subwp,123,05,8,2963022855,exito,,471.328,0,0,"[0.0, 15.288142430019727]"
3909,goal_391,9,exito,14731,2240.16,05,subwp,123,1,E2.1,E2.1-R0,False,subwp,123,05,9,3348829329,exito,,471.392,0,0,"[0.0, 1.9310742962643013]"
3910,goal_391,10,exito,14729,2239.93,05,subwp,123,1,E2.1,E2.1-R0,False,subwp,123,05,10,3150802415,exito,,471.328,0,0,"[0.0, -14.63365390431469]"
3911,goal_392,1,col_return,8794,1188.13,05,subwp,123,1,E2.1,E2.1-R0,False,subwp,123,05,1,3364026004,col_return,return,281.408,0,0,"[0.0, 26.42053052845149]"
3912,goal_392,2,exito,14578,2239.44,05,subwp,123,1,E2.1,E2.1-R0,False,subwp,123,05,2,1368106798,exito,,466.496,0,0,"[0.0, 29.05547346676821]"
3913,goal_392,3,exito,14583,2239.75,05,subwp,123,1,E2.1,E2.1-R0,False,subwp,123,05,3,646748088,exito,,466.656,0,0,"[0.0, -16.191371071082276]"
3914,goal_392,4,exito,14583,2239.68,05,subwp,123,1,E2.1,E2.1-R0,False,subwp,123,05,4,3102212635,exito,,466.656,0,0,"[0.0, 1.40755552233228]"
3915,goal_392,5,col_return,8773,1184.12,05,subwp,123,1,E2.1,E2.1-R0,False,subwp,123,05,5,3488559757,col_return,return,280.736,0,0,"[0.0, 1.1922237739601438]"
3916,goal_392,6,exito,14578,2239.45,05,subwp,123,1,E2.1,E2.1-R0,False,subwp,123,05,6,1457939255,exito,,466.496,0,0,"[0.0, -22.33234437020244]"
3917,goal_392,7,exito,14583,2239.74,05,subwp,123,1,E2.1,E2.1-R0,False,subwp,123,05,7,568415137,exito,,466.656,0,0,"[0.0, -10.747584348736767]"
3918,goal_392,8,exito,14583,2239.67,05,subwp,123,1,E2.1,E2.1-R0,False,subwp,123,05,8,2975747632,exito,,466.656,0,0,"[0.0, -18.675658487863906]"
3919,goal_392,9,col_return,8765,1181.39,05,subwp,123,1,E2.1,E2.1-R0,False,subwp,123,05,9,3327753894,col_return,return,280.48,0,0,"[0.0, 5.583967243906387]"
3920,goal_392,10,exito,14578,2239.66,05,subwp,123,1,E2.1,E2.1-R0,False,subwp,123,05,10,57739914,exito,,466.496,0,0,"[0.0, -2.18397450926912]"
3921,goal_393,1,exito,14483,2211.61,05,subwp,123,1,E2.1,E2.1-R0,False,subwp,123,05,1,3401861325,exito,,463.456,0,0,"[0.0, -0.9157775985746031]"
3922,goal_393,2,exito,14483,2200.83,05,subwp,123,1,E2.1,E2.1-R0,False,subwp,123,05,2,1405950327,exito,,463.456,0,0,"[0.0, -29.561693057887634]"
3923,goal_393,3,col_return,8809,1175.64,05,subwp,123,1,E2.1,E2.1-R0,False,subwp,123,05,3,617228769,col_return,return,281.888,0,0,"[0.0, 4.335080528494988]"
3924,goal_393,4,exito,14478,2211.49,05,subwp,123,1,E2.1,E2.1-R0,False,subwp,123,05,4,3132013634,exito,,463.296,0,0,"[0.0, -23.855113530025463]"
3925,goal_393,5,exito,14483,2211.62,05,subwp,123,1,E2.1,E2.1-R0,False,subwp,123,05,5,3450440916,exito,,463.456,0,0,"[0.0, -20.203423811497764]"
3926,goal_393,6,col_return,8670,1155.27,05,subwp,123,1,E2.1,E2.1-R0,False,subwp,123,05,6,1419828590,col_return,return,277.44,0,0,"[0.0, 11.031371586819178]"
3927,goal_393,7,exito,14478,2211.54,05,subwp,123,1,E2.1,E2.1-R0,False,subwp,123,05,7,598207992,exito,,463.296,0,0,"[0.0, 24.847088812241005]"
3928,goal_393,8,exito,14483,2211.69,05,subwp,123,1,E2.1,E2.1-R0,False,subwp,123,05,8,3004756073,exito,,463.456,0,0,"[0.0, 15.765272914005916]"
3929,goal_393,9,exito,14485,2079.96,05,subwp,123,1,E2.1,E2.1-R0,False,subwp,123,05,9,3290415359,exito,,463.52,0,0,"[0.0, 26.21384502385524]"
3930,goal_393,10,col_return,8859,1181.87,05,subwp,123,1,E2.1,E2.1-R0,False,subwp,123,05,10,298100068,col_return,return,283.488,0,0,"[0.0, -12.480141742971124]"
3931,goal_394,1,exito,14388,2209.54,05,subwp,123,1,E2.1,E2.1-R0,False,subwp,123,05,1,3406177018,exito,,460.416,0,0,"[0.0, -8.420941461503775]"
3932,goal_394,2,exito,14393,2205.17,05,subwp,123,1,E2.1,E2.1-R0,False,subwp,123,05,2,1376744256,exito,,460.576,0,0,"[0.0, -3.8533841148246095]"
3933,goal_394,3,col_return,8737,1180.66,05,subwp,123,1,E2.1,E2.1-R0,False,subwp,123,05,3,621298646,col_return,return,279.584,0,0,"[0.0, -1.3686450514885262]"
3934,goal_394,4,exito,14388,2209.51,05,subwp,123,1,E2.1,E2.1-R0,False,subwp,123,05,4,3144472181,exito,,460.416,0,0,"[0.0, 21.63832343290252]"
3935,goal_394,5,exito,14394,2209.55,05,subwp,123,1,E2.1,E2.1-R0,False,subwp,123,05,5,3429623523,exito,,460.608,0,0,"[0.0, -23.38521513694499]"
3936,goal_394,6,col_return,8726,1178.62,05,subwp,123,1,E2.1,E2.1-R0,False,subwp,123,05,6,1432532825,col_return,return,279.232,0,0,"[0.0, 22.598042807629877]"
3937,goal_394,7,exito,14388,2209.51,05,subwp,123,1,E2.1,E2.1-R0,False,subwp,123,05,7,577079247,exito,,460.416,0,0,"[0.0, -18.45426377295938]"
3938,goal_394,8,exito,14394,2209.56,05,subwp,123,1,E2.1,E2.1-R0,False,subwp,123,05,8,3000670814,exito,,460.608,0,0,"[0.0, 24.248220916013764]"
3939,goal_394,9,col_return,8722,1177.34,05,subwp,123,1,E2.1,E2.1-R0,False,subwp,123,05,9,3319638728,col_return,return,279.104,0,0,"[0.0, -18.958641605196767]"
3940,goal_394,10,exito,14388,2209.52,05,subwp,123,1,E2.1,E2.1-R0,False,subwp,123,05,10,2843263489,exito,,460.416,0,0,"[0.0, -3.3859007689492304]"
3941,goal_395,1,exito,14232,2101.49,05,subwp,123,1,E2.1,E2.1-R0,False,subwp,123,05,1,3460904063,exito,,455.424,0,0,"[0.0, -12.64424159684539]"
3942,goal_395,2,col_return,8732,1168.33,05,subwp,123,1,E2.1,E2.1-R0,False,subwp,123,05,2,1463838149,col_return,return,279.424,0,0,"[0.0, 11.019362251637366]"
3943,goal_395,3,exito,14226,2183.46,05,subwp,123,1,E2.1,E2.1-R0,False,subwp,123,05,3,541545811,exito,,455.232,0,0,"[0.0, -1.0044564256338573]"
3944,goal_395,4,col_return,8495,1136.36,05,subwp,123,1,E2.1,E2.1-R0,False,subwp,123,05,4,3190014192,col_return,return,271.84,0,0,"[0.0, 22.139539336879597]"
3945,goal_395,5,exito,14224,2183.63,05,subwp,123,1,E2.1,E2.1-R0,False,subwp,123,05,5,3374641254,exito,,455.168,0,0,"[0.0, -8.386194411294499]"
3946,goal_395,6,col_return,8387,1122.32,05,subwp,123,1,E2.1,E2.1-R0,False,subwp,123,05,6,1345167836,col_return,return,268.384,0,0,"[0.0, -6.794024977221042]"
3947,goal_395,7,exito,14226,2183.52,05,subwp,123,1,E2.1,E2.1-R0,False,subwp,123,05,7,657101130,exito,,455.232,0,0,"[0.0, 8.471231318564863]"
3948,goal_395,8,exito,14230,2141.15,05,subwp,123,1,E2.1,E2.1-R0,False,subwp,123,05,8,3080031451,exito,,455.36,0,0,"[0.0, 19.48209902772723]"
3949,goal_395,9,col_return,8714,1167.44,05,subwp,123,1,E2.1,E2.1-R0,False,subwp,123,05,9,3230841933,col_return,return,278.848,0,0,"[0.0, 4.272938511529453]"
3950,goal_395,10,exito,14224,2183.63,05,subwp,123,1,E2.1,E2.1-R0,False,subwp,123,05,10,883948216,exito,,455.168,0,0,"[0.0, -12.32444267062242]"
3951,goal_396,1,col_return,8488,1138.3,05,subwp,123,1,E2.1,E2.1-R0,False,subwp,123,05,1,3482017352,col_return,return,271.616,0,0,"[0.0, -22.773789716713818]"
3952,goal_396,2,exito,14218,2185.44,05,subwp,123,1,E2.1,E2.1-R0,False,subwp,123,05,2,1451364338,exito,,454.976,0,0,"[0.0, 26.155834135509043]"
3953,goal_396,3,col_return,8385,1125.68,05,subwp,123,1,E2.1,E2.1-R0,False,subwp,123,05,3,562380644,col_return,return,268.32,0,0,"[0.0, -18.726977550117656]"
3954,goal_396,4,exito,14217,2185.35,05,subwp,123,1,E2.1,E2.1-R0,False,subwp,123,05,4,3219237575,exito,,454.944,0,0,"[0.0, -27.731128432864434]"
3955,goal_396,5,exito,14225,2116.48,05,subwp,123,1,E2.1,E2.1-R0,False,subwp,123,05,5,3370555985,exito,,455.2,0,0,"[0.0, 8.96878113364007]"
3956,goal_396,6,col_return,8727,1170.24,05,subwp,123,1,E2.1,E2.1-R0,False,subwp,123,05,6,1374669803,col_return,return,279.264,0,0,"[0.0, 27.782284187180153]"
3957,goal_396,7,exito,14217,2185.37,05,subwp,123,1,E2.1,E2.1-R0,False,subwp,123,05,7,652802941,exito,,454.944,0,0,"[0.0, -20.518561503133935]"
3958,goal_396,8,col_return,8488,1141.64,05,subwp,123,1,E2.1,E2.1-R0,False,subwp,123,05,8,3059214060,col_return,return,271.616,0,0,"[0.0, 19.25642291065977]"
3959,goal_396,9,exito,14220,2185.75,05,subwp,123,1,E2.1,E2.1-R0,False,subwp,123,05,9,3243300474,exito,,455.04,0,0,"[0.0, 17.42975575521399]"
3960,goal_396,10,col_return,8384,1131.31,05,subwp,123,1,E2.1,E2.1-R0,False,subwp,123,05,10,2350095837,col_return,return,268.288,0,0,"[0.0, -15.863308446289675]"
3961,goal_397,1,exito,14281,2195.9,05,subwp,123,1,E2.1,E2.1-R0,False,subwp,123,05,1,3452821521,exito,,456.992,0,0,"[0.0, -25.77269684611843]"
3962,goal_397,2,exito,14287,2162.85,05,subwp,123,1,E2.1,E2.1-R0,False,subwp,123,05,2,1422176683,exito,,457.184,0,0,"[0.0, 3.6752642753700626]"
3963,goal_397,3,col_return,8707,1150.22,05,subwp,123,1,E2.1,E2.1-R0,False,subwp,123,05,3,600015165,col_return,return,278.624,0,0,"[0.0, -19.146418229553145]"
3964,goal_397,4,exito,14282,2193.64,05,subwp,123,1,E2.1,E2.1-R0,False,subwp,123,05,4,3181843614,exito,,457.024,0,0,"[0.0, -0.9228969344187221]"
3965,goal_397,5,col_approach,3380,304.4,05,subwp,123,1,E2.1,E2.1-R0,False,subwp,123,05,5,3399492616,col_approach,approach,108.16,0,0,"[0.0, -28.60120643144239]"
3966,goal_397,6,exito,14282,2196.97,05,subwp,123,1,E2.1,E2.1-R0,False,subwp,123,05,6,1403614642,exito,,457.024,0,0,"[0.0, -2.4633540814036925]"
3967,goal_397,7,col_approach,3360,254.38,05,subwp,123,1,E2.1,E2.1-R0,False,subwp,123,05,7,615400740,col_approach,approach,107.52,0,0,"[0.0, 7.283709878369404]"
3968,goal_397,8,col_return,9186,1241.91,05,subwp,123,1,E2.1,E2.1-R0,False,subwp,123,05,8,3021035701,col_return,return,293.952,0,0,"[0.0, -14.269047604176189]"
3969,goal_397,9,exito,14281,2158.64,05,subwp,123,1,E2.1,E2.1-R0,False,subwp,123,05,9,3273025571,exito,,456.992,0,0,"[0.0, -23.88679636348441]"
3970,goal_397,10,col_return,8704,1157.33,05,subwp,123,1,E2.1,E2.1-R0,False,subwp,123,05,10,2661691955,col_return,return,278.528,0,0,"[0.0, 13.249166337245065]"
3971,goal_398,1,exito,14237,2190.12,05,subwp,123,1,E2.1,E2.1-R0,False,subwp,123,05,1,3423570470,exito,,455.584,0,0,"[0.0, 0.14248903332680474]"
3972,goal_398,2,col_return,8459,1130.86,05,subwp,123,1,E2.1,E2.1-R0,False,subwp,123,05,2,1426512796,col_return,return,270.688,0,0,"[0.0, -26.879641096019483]"
3973,goal_398,3,exito,14237,2190.07,05,subwp,123,1,E2.1,E2.1-R0,False,subwp,123,05,3,570551050,exito,,455.584,0,0,"[0.0, 0.04869767716291662]"
3974,goal_398,4,exito,14242,2075.34,05,subwp,123,1,E2.1,E2.1-R0,False,subwp,123,05,4,3160768169,exito,,455.744,0,0,"[0.0, -1.4692744028386628]"
3975,goal_398,5,col_approach,3698,345.37,05,subwp,123,1,E2.1,E2.1-R0,False,subwp,123,05,5,3412217407,col_approach,approach,118.336,0,0,"[0.0, 26.72820160815629]"
3976,goal_398,6,exito,14237,2190.05,05,subwp,123,1,E2.1,E2.1-R0,False,subwp,123,05,6,1382752133,exito,,455.584,0,0,"[0.0, 26.06629780408386]"
3977,goal_398,7,exito,14241,2189.8,05,subwp,123,1,E2.1,E2.1-R0,False,subwp,123,05,7,627846931,exito,,455.712,0,0,"[0.0, -16.571189643737327]"
3978,goal_398,8,exito,14241,2189.88,05,subwp,123,1,E2.1,E2.1-R0,False,subwp,123,05,8,3050517122,exito,,455.712,0,0,"[0.0, -12.453988591319288]"
3979,goal_398,9,exito,14241,2189.84,05,subwp,123,1,E2.1,E2.1-R0,False,subwp,123,05,9,3268674068,exito,,455.712,0,0,"[0.0, 11.842078362460802]"
3980,goal_398,10,col_return,8399,1130.89,05,subwp,123,1,E2.1,E2.1-R0,False,subwp,123,05,10,639259990,col_return,return,268.768,0,0,"[0.0, 21.88627730650348]"
3981,goal_399,1,exito,14465,2210.11,05,subwp,123,1,E2.1,E2.1-R0,False,subwp,123,05,1,3344157979,exito,,462.88,0,0,"[0.0, -17.970442586767476]"
3982,goal_399,2,col_approach,3187,281.53,05,subwp,123,1,E2.1,E2.1-R0,False,subwp,123,05,2,1582996641,col_approach,approach,101.984,0,0,"[0.0, 16.564095391947234]"
3983,goal_399,3,exito,14464,2220.42,05,subwp,123,1,E2.1,E2.1-R0,False,subwp,123,05,3,694004791,exito,,462.848,0,0,"[0.0, -27.20180538211724]"
3984,goal_399,4,exito,14469,2220.4,05,subwp,123,1,E2.1,E2.1-R0,False,subwp,123,05,4,3073980820,exito,,463.008,0,0,"[0.0, 28.291926165378598]"
3985,goal_399,5,col_approach,3233,223.45,05,subwp,123,1,E2.1,E2.1-R0,False,subwp,123,05,5,3225291010,col_approach,approach,103.456,0,0,"[0.0, 9.348116159424535]"
3986,goal_399,6,col_return,9418,1264.27,05,subwp,123,1,E2.1,E2.1-R0,False,subwp,123,05,6,1496799416,col_return,return,301.376,0,0,"[0.0, 6.741385675147349]"
3987,goal_399,7,exito,14463,2187.58,05,subwp,123,1,E2.1,E2.1-R0,False,subwp,123,05,7,774924334,exito,,462.816,0,0,"[0.0, -20.12709885920318]"
3988,goal_399,8,col_return,8719,1170.76,05,subwp,123,1,E2.1,E2.1-R0,False,subwp,123,05,8,3197072831,col_return,return,279.008,0,0,"[0.0, -9.131391622196306]"
3989,goal_399,9,exito,14464,2206.41,05,subwp,123,1,E2.1,E2.1-R0,False,subwp,123,05,9,3381151017,exito,,462.848,0,0,"[0.0, -13.654565116911893]"
3990,goal_399,10,col_approach,3232,281.7,05,subwp,123,1,E2.1,E2.1-R0,False,subwp,123,05,10,2121876736,col_approach,approach,103.424,0,0,"[0.0, -7.0114929235046874]"
3991,goal_400,1,exito,14355,2202.61,05,subwp,123,1,E2.1,E2.1-R0,False,subwp,123,05,1,3331434284,exito,,459.36,0,0,"[0.0, -13.534688975214827]"
3992,goal_400,2,exito,14360,2202.74,05,subwp,123,1,E2.1,E2.1-R0,False,subwp,123,05,2,1603860118,exito,,459.52,0,0,"[0.0, 5.529636523809818]"
3993,goal_400,3,exito,14360,2202.72,05,subwp,123,1,E2.1,E2.1-R0,False,subwp,123,05,3,681559552,exito,,459.52,0,0,"[0.0, 13.091467290439153]"
3994,goal_400,4,exito,14360,2202.71,05,subwp,123,1,E2.1,E2.1-R0,False,subwp,123,05,4,3069924259,exito,,459.52,0,0,"[0.0, 26.59831332715678]"
3995,goal_400,5,exito,14359,2202.55,05,subwp,123,1,E2.1,E2.1-R0,False,subwp,123,05,5,3254543157,exito,,459.488,0,0,"[0.0, -23.94775603200024]"
3996,goal_400,6,exito,14360,2194.25,05,subwp,123,1,E2.1,E2.1-R0,False,subwp,123,05,6,1492464271,exito,,459.52,0,0,"[0.0, 13.13569029027007]"
3997,goal_400,7,col_approach,3515,325.2,05,subwp,123,1,E2.1,E2.1-R0,False,subwp,123,05,7,804389401,col_approach,approach,112.48,0,0,"[0.0, -17.830872685601904]"
3998,goal_400,8,exito,14355,2202.59,05,subwp,123,1,E2.1,E2.1-R0,False,subwp,123,05,8,3209502600,exito,,459.36,0,0,"[0.0, 10.840094837724106]"
3999,goal_400,9,col_approach,3433,263.79,05,subwp,123,1,E2.1,E2.1-R0,False,subwp,123,05,9,3360304926,col_approach,approach,109.856,0,0,"[0.0, 19.34307586440083]"
4000,goal_400,10,col_return,9215,1241.47,05,subwp,123,1,E2.1,E2.1-R0,False,subwp,123,05,10,3334808165,col_return,return,294.88,0,0,"[0.0, 7.698816483067114]"
4001,goal_401,1,exito,14771,2246.67,05,subwp,123,1,E2.1,E2.1-R0,False,subwp,123,05,1,107482937,exito,,472.672,0,0,"[0.0, -28.434657205390693]"
4002,goal_401,2,exito,14776,2250.47,05,subwp,123,1,E2.1,E2.1-R0,False,subwp,123,05,2,2673958531,exito,,472.832,0,0,"[0.0, 10.291241370214701]"
4003,goal_401,3,exito,14776,2251.9,05,subwp,123,1,E2.1,E2.1-R0,False,subwp,123,05,3,3899026965,exito,,472.832,0,0,"[0.0, 7.405643492567842]"
4004,goal_401,4,exito,14792,2071.24,05,subwp,123,1,E2.1,E2.1-R0,False,subwp,123,05,4,1979906998,exito,,473.344,0,0,"[0.0, 26.38799215544782]"
4005,goal_401,5,col_return,9011,1204.35,05,subwp,123,1,E2.1,E2.1-R0,False,subwp,123,05,5,17156896,col_return,return,288.352,0,0,"[0.0, 20.157440984875826]"
4006,goal_401,6,col_approach,2979,248.17,05,subwp,123,1,E2.1,E2.1-R0,False,subwp,123,05,6,2550962842,col_approach,approach,95.328,0,0,"[0.0, -10.476944021410148]"
4007,goal_401,7,exito,14771,2252.22,05,subwp,123,1,E2.1,E2.1-R0,False,subwp,123,05,7,4010519052,exito,,472.672,0,0,"[0.0, -6.222427320899866]"
4008,goal_401,8,exito,14776,2252.31,05,subwp,123,1,E2.1,E2.1-R0,False,subwp,123,05,8,2142549917,exito,,472.832,0,0,"[0.0, 11.491376265142076]"
4009,goal_401,9,exito,14776,2252.31,05,subwp,123,1,E2.1,E2.1-R0,False,subwp,123,05,9,145983243,exito,,472.832,0,0,"[0.0, -1.4746100395211958]"
4010,goal_401,10,exito,14776,2252.3,05,subwp,123,1,E2.1,E2.1-R0,False,subwp,123,05,10,2883075878,exito,,472.832,0,0,"[0.0, 23.91974171287203]"
4011,goal_402,1,exito,14578,2231.89,05,subwp,123,1,E2.1,E2.1-R0,False,subwp,123,05,1,128607502,exito,,466.496,0,0,"[0.0, -28.11707903799425]"
4012,goal_402,2,col_approach,3262,225.87,05,subwp,123,1,E2.1,E2.1-R0,False,subwp,123,05,2,2661495988,col_approach,approach,104.384,0,0,"[0.0, 2.312289155056384]"
4013,goal_402,3,col_return,9445,1270.34,05,subwp,123,1,E2.1,E2.1-R0,False,subwp,123,05,3,3919840290,col_return,return,302.24,0,0,"[0.0, 24.442425139585882]"
4014,goal_402,4,col_approach,3264,290.33,05,subwp,123,1,E2.1,E2.1-R0,False,subwp,123,05,4,2009108865,col_approach,approach,104.448,0,0,"[0.0, -10.837128249194896]"
4015,goal_402,5,exito,14573,2231.77,05,subwp,123,1,E2.1,E2.1-R0,False,subwp,123,05,5,13082903,exito,,466.336,0,0,"[0.0, 3.793166621739481]"
4016,goal_402,6,exito,14578,2231.9,05,subwp,123,1,E2.1,E2.1-R0,False,subwp,123,05,6,2580476077,exito,,466.496,0,0,"[0.0, -6.299494869249019]"
4017,goal_402,7,exito,14582,2138.31,05,subwp,123,1,E2.1,E2.1-R0,False,subwp,123,05,7,4006199355,exito,,466.624,0,0,"[0.0, -27.03313905965411]"
4018,goal_402,8,exito,14578,2231.91,05,subwp,123,1,E2.1,E2.1-R0,False,subwp,123,05,8,2121719210,exito,,466.496,0,0,"[0.0, -27.575025403019595]"
4019,goal_402,9,exito,14578,2231.9,05,subwp,123,1,E2.1,E2.1-R0,False,subwp,123,05,9,158461244,exito,,466.496,0,0,"[0.0, -19.441564139900336]"
4020,goal_402,10,exito,14578,2231.3,05,subwp,123,1,E2.1,E2.1-R0,False,subwp,123,05,10,325343299,exito,,466.496,0,0,"[0.0, -24.787523648480743]"
4021,goal_403,1,exito,15072,2275.27,05,subwp,123,1,E2.1,E2.1-R0,False,subwp,123,05,1,99408727,exito,,482.304,0,0,"[0.0, 19.153276019035125]"
4022,goal_403,2,exito,15072,2267.06,05,subwp,123,1,E2.1,E2.1-R0,False,subwp,123,05,2,2632289005,exito,,482.304,0,0,"[0.0, -18.224104603750806]"
4023,goal_403,3,exito,15072,2253.67,05,subwp,123,1,E2.1,E2.1-R0,False,subwp,123,05,3,3957504635,exito,,482.304,0,0,"[0.0, 22.245649712347955]"
4024,goal_403,4,col_approach,2827,228.31,05,subwp,123,1,E2.1,E2.1-R0,False,subwp,123,05,4,1971728344,col_approach,approach,90.464,0,0,"[0.0, 9.889285888144494]"
4025,goal_403,5,exito,15065,2291.23,05,subwp,123,1,E2.1,E2.1-R0,False,subwp,123,05,5,42016590,exito,,482.08,0,0,"[0.0, -26.07486756870868]"
4026,goal_403,6,exito,15072,2291.41,05,subwp,123,1,E2.1,E2.1-R0,False,subwp,123,05,6,2609401588,exito,,482.304,0,0,"[0.0, -3.511484454090017]"
4027,goal_403,7,exito,15072,2291.4,05,subwp,123,1,E2.1,E2.1-R0,False,subwp,123,05,7,3968826978,exito,,482.304,0,0,"[0.0, -12.370225331136034]"
4028,goal_403,8,exito,15072,2291.38,05,subwp,123,1,E2.1,E2.1-R0,False,subwp,123,05,8,2083546099,exito,,482.304,0,0,"[0.0, -3.839546320460534]"
4029,goal_403,9,exito,15072,2291.38,05,subwp,123,1,E2.1,E2.1-R0,False,subwp,123,05,9,188175205,exito,,482.304,0,0,"[0.0, 12.951466876954056]"
4030,goal_403,10,exito,15072,2291.16,05,subwp,123,1,E2.1,E2.1-R0,False,subwp,123,05,10,30537645,exito,,482.304,0,0,"[0.0, 22.54818522090497]"
4031,goal_404,1,exito,14830,2264.54,05,subwp,123,1,E2.1,E2.1-R0,False,subwp,123,05,1,70168928,exito,,474.56,0,0,"[0.0, 14.011417241379382]"
4032,goal_404,2,exito,14830,2264.55,05,subwp,123,1,E2.1,E2.1-R0,False,subwp,123,05,2,2636636378,exito,,474.56,0,0,"[0.0, 29.04226021200436]"
4033,goal_404,3,exito,14830,2264.54,05,subwp,123,1,E2.1,E2.1-R0,False,subwp,123,05,3,3928019020,exito,,474.56,0,0,"[0.0, 11.984178187299769]"
4034,goal_404,4,exito,14830,2264.54,05,subwp,123,1,E2.1,E2.1-R0,False,subwp,123,05,4,1950631407,exito,,474.56,0,0,"[0.0, -9.756107950069575]"
4035,goal_404,5,exito,14830,2264.54,05,subwp,123,1,E2.1,E2.1-R0,False,subwp,123,05,5,54752633,exito,,474.56,0,0,"[0.0, 2.082978994714999]"
4036,goal_404,6,exito,14830,2264.55,05,subwp,123,1,E2.1,E2.1-R0,False,subwp,123,05,6,2588550339,exito,,474.56,0,0,"[0.0, -4.15964439980314]"
4037,goal_404,7,exito,14830,2264.55,05,subwp,123,1,E2.1,E2.1-R0,False,subwp,123,05,7,3981251669,exito,,474.56,0,0,"[0.0, 19.504054022929033]"
4038,goal_404,8,exito,14830,2264.54,05,subwp,123,1,E2.1,E2.1-R0,False,subwp,123,05,8,2113014212,exito,,474.56,0,0,"[0.0, -24.25552020946804]"
4039,goal_404,9,exito,14830,2264.55,05,subwp,123,1,E2.1,E2.1-R0,False,subwp,123,05,9,183843154,exito,,474.56,0,0,"[0.0, 12.859857066415154]"
4040,goal_404,10,exito,14830,2264.55,05,subwp,123,1,E2.1,E2.1-R0,False,subwp,123,05,10,3110965448,exito,,474.56,0,0,"[0.0, 25.915948338130487]"
4041,goal_405,1,exito,15319,2323.99,05,subwp,123,1,E2.1,E2.1-R0,False,subwp,123,05,1,23177189,exito,,490.208,0,0,"[0.0, -14.080197609186575]"
4042,goal_405,2,exito,15319,2324.0,05,subwp,123,1,E2.1,E2.1-R0,False,subwp,123,05,2,2557015647,exito,,490.208,0,0,"[0.0, -27.451676220907636]"
4043,goal_405,3,exito,15319,2324.0,05,subwp,123,1,E2.1,E2.1-R0,False,subwp,123,05,3,4017080009,exito,,490.208,0,0,"[0.0, -22.297470399683736]"
4044,goal_405,4,exito,15319,2324.0,05,subwp,123,1,E2.1,E2.1-R0,False,subwp,123,05,4,1896567658,exito,,490.208,0,0,"[0.0, -9.1002307448211]"
4045,goal_405,5,exito,15319,2324.01,05,subwp,123,1,E2.1,E2.1-R0,False,subwp,123,05,5,101475324,exito,,490.208,0,0,"[0.0, 16.32828425435702]"
4046,goal_405,6,exito,15319,2320.04,05,subwp,123,1,E2.1,E2.1-R0,False,subwp,123,05,6,2667917894,exito,,490.208,0,0,"[0.0, 4.137395898871564]"
4047,goal_405,7,exito,15319,2289.45,05,subwp,123,1,E2.1,E2.1-R0,False,subwp,123,05,7,3892445904,exito,,490.208,0,0,"[0.0, 28.687790178424304]"
4048,goal_405,8,col_return,10213,1365.96,05,subwp,123,1,E2.1,E2.1-R0,False,subwp,123,05,8,2025660225,col_return,return,326.816,0,0,"[0.0, 11.374227167661262]"
4049,goal_405,9,exito,15314,2323.97,05,subwp,123,1,E2.1,E2.1-R0,False,subwp,123,05,9,263860183,exito,,490.048,0,0,"[0.0, 18.656043112719544]"
4050,goal_405,10,exito,15319,2324.02,05,subwp,123,1,E2.1,E2.1-R0,False,subwp,123,05,10,616212593,exito,,490.208,0,0,"[0.0, -0.9245776608962553]"
4051,goal_406,1,exito,15048,2273.15,05,subwp,123,1,E2.1,E2.1-R0,False,subwp,123,05,1,10735058,exito,,481.536,0,0,"[0.0, -20.395004558579867]"
4052,goal_406,2,exito,15047,2268.75,05,subwp,123,1,E2.1,E2.1-R0,False,subwp,123,05,2,2578095208,exito,,481.504,0,0,"[0.0, 22.679554264412868]"
4053,goal_406,3,exito,15048,2265.03,05,subwp,123,1,E2.1,E2.1-R0,False,subwp,123,05,3,4004359422,exito,,481.536,0,0,"[0.0, -2.07440794625243]"
4054,goal_406,4,exito,15048,2260.54,05,subwp,123,1,E2.1,E2.1-R0,False,subwp,123,05,4,1892235613,exito,,481.536,0,0,"[0.0, 12.739010807461689]"
4055,goal_406,5,exito,15048,2254.71,05,subwp,123,1,E2.1,E2.1-R0,False,subwp,123,05,5,130943435,exito,,481.536,0,0,"[0.0, 29.4829775815947]"
4056,goal_406,6,col_approach,2908,226.07,05,subwp,123,1,E2.1,E2.1-R0,False,subwp,123,05,6,2663864433,col_approach,approach,93.056,0,0,"[0.0, 26.974277690875027]"
4057,goal_406,7,exito,15042,2291.17,05,subwp,123,1,E2.1,E2.1-R0,False,subwp,123,05,7,3921701095,exito,,481.344,0,0,"[0.0, 13.967600881939607]"
4058,goal_406,8,exito,15048,2291.44,05,subwp,123,1,E2.1,E2.1-R0,False,subwp,123,05,8,2038396278,exito,,481.536,0,0,"[0.0, -11.180935195785613]"
4059,goal_406,9,exito,15048,2291.4,05,subwp,123,1,E2.1,E2.1-R0,False,subwp,123,05,9,242763232,exito,,481.536,0,0,"[0.0, -16.270981415729096]"
4060,goal_406,10,exito,15048,2291.37,05,subwp,123,1,E2.1,E2.1-R0,False,subwp,123,05,10,2617691924,exito,,481.536,0,0,"[0.0, -5.712911524349124]"
4061,goal_407,1,exito,15633,2351.14,05,subwp,123,1,E2.1,E2.1-R0,False,subwp,123,05,1,48591755,exito,,500.256,0,0,"[0.0, -24.054908901661957]"
4062,goal_407,2,col_return,10451,1398.32,05,subwp,123,1,E2.1,E2.1-R0,False,subwp,123,05,2,2615943729,col_return,return,334.432,0,0,"[0.0, 21.450803398029645]"
4063,goal_407,3,exito,15627,2363.63,05,subwp,123,1,E2.1,E2.1-R0,False,subwp,123,05,3,3974828711,exito,,500.064,0,0,"[0.0, 4.008605535512264]"
4064,goal_407,4,exito,15632,2355.99,05,subwp,123,1,E2.1,E2.1-R0,False,subwp,123,05,4,1922008836,exito,,500.224,0,0,"[0.0, 18.22950518333509]"
4065,goal_407,5,exito,15632,2353.8,05,subwp,123,1,E2.1,E2.1-R0,False,subwp,123,05,5,92845970,exito,,500.224,0,0,"[0.0, -26.754093527454867]"
4066,goal_407,6,exito,15632,2363.67,05,subwp,123,1,E2.1,E2.1-R0,False,subwp,123,05,6,2625758760,exito,,500.224,0,0,"[0.0, -9.388860125507343]"
4067,goal_407,7,exito,15633,2363.79,05,subwp,123,1,E2.1,E2.1-R0,False,subwp,123,05,7,3951482558,exito,,500.256,0,0,"[0.0, 7.49942306056985]"
4068,goal_407,8,exito,15632,2363.65,05,subwp,123,1,E2.1,E2.1-R0,False,subwp,123,05,8,2067385135,exito,,500.224,0,0,"[0.0, 24.875517902525942]"
4069,goal_407,9,exito,15632,2358.78,05,subwp,123,1,E2.1,E2.1-R0,False,subwp,123,05,9,205454265,exito,,500.224,0,0,"[0.0, -9.341957308641614]"
4070,goal_407,10,col_return,10527,1397.93,05,subwp,123,1,E2.1,E2.1-R0,False,subwp,123,05,10,2394120442,col_return,return,336.864,0,0,"[0.0, -22.799819731422502]"
4071,goal_408,1,exito,15298,2329.79,05,subwp,123,1,E2.1,E2.1-R0,False,subwp,123,05,1,52894140,exito,,489.536,0,0,"[0.0, -27.10509635916582]"
4072,goal_408,2,exito,15304,2329.84,05,subwp,123,1,E2.1,E2.1-R0,False,subwp,123,05,2,2586724358,exito,,489.728,0,0,"[0.0, -8.695728123549609]"
4073,goal_408,3,exito,15304,2325.49,05,subwp,123,1,E2.1,E2.1-R0,False,subwp,123,05,3,3978918032,exito,,489.728,0,0,"[0.0, 28.915330630832873]"
4074,goal_408,4,col_approach,2876,228.95,05,subwp,123,1,E2.1,E2.1-R0,False,subwp,123,05,4,1934486835,col_approach,approach,92.032,0,0,"[0.0, 24.050850674488785]"
4075,goal_408,5,exito,15298,2329.71,05,subwp,123,1,E2.1,E2.1-R0,False,subwp,123,05,5,72015269,exito,,489.536,0,0,"[0.0, -4.644407281545071]"
4076,goal_408,6,exito,15304,2327.45,05,subwp,123,1,E2.1,E2.1-R0,False,subwp,123,05,6,2638449695,exito,,489.728,0,0,"[0.0, -16.421371764292616]"
4077,goal_408,7,exito,15304,2305.03,05,subwp,123,1,E2.1,E2.1-R0,False,subwp,123,05,7,3930373257,exito,,489.728,0,0,"[0.0, 22.550740570803654]"
4078,goal_408,8,col_return,10251,1370.41,05,subwp,123,1,E2.1,E2.1-R0,False,subwp,123,05,8,2063311128,col_return,return,328.032,0,0,"[0.0, 25.993990242037782]"
4079,goal_408,9,exito,15298,2329.73,05,subwp,123,1,E2.1,E2.1-R0,False,subwp,123,05,9,234656142,exito,,489.536,0,0,"[0.0, -12.271186967059409]"
4080,goal_408,10,exito,15303,2329.83,05,subwp,123,1,E2.1,E2.1-R0,False,subwp,123,05,10,906954655,exito,,489.696,0,0,"[0.0, 29.018005833984425]"
4081,goal_409,1,exito,15859,2390.2,05,subwp,123,1,E2.1,E2.1-R0,False,subwp,123,05,1,142302849,exito,,507.488,0,0,"[0.0, -3.685737162724323]"
4082,goal_409,2,exito,15859,2388.79,05,subwp,123,1,E2.1,E2.1-R0,False,subwp,123,05,2,2440171323,exito,,507.488,0,0,"[0.0, 17.98453258381598]"
4083,goal_409,3,col_approach,2776,200.46,05,subwp,123,1,E2.1,E2.1-R0,False,subwp,123,05,3,3866443693,col_approach,approach,88.832,0,0,"[0.0, -17.894007468554083]"
4084,goal_409,4,col_return,10351,1369.48,05,subwp,123,1,E2.1,E2.1-R0,False,subwp,123,05,4,2014423566,col_return,return,331.232,0,0,"[0.0, -25.0834630015627]"
4085,goal_409,5,exito,15854,2392.37,05,subwp,123,1,E2.1,E2.1-R0,False,subwp,123,05,5,253139608,exito,,507.328,0,0,"[0.0, -3.5207402728422843]"
4086,goal_409,6,exito,15859,2377.93,05,subwp,123,1,E2.1,E2.1-R0,False,subwp,123,05,6,2518666018,exito,,507.488,0,0,"[0.0, 1.4577931563539281]"
4087,goal_409,7,exito,15859,2372.86,05,subwp,123,1,E2.1,E2.1-R0,False,subwp,123,05,7,3776510900,exito,,507.488,0,0,"[0.0, 23.082752250637764]"
4088,goal_409,8,exito,15859,2392.9,05,subwp,123,1,E2.1,E2.1-R0,False,subwp,123,05,8,1906828837,exito,,507.488,0,0,"[0.0, -22.644959836322755]"
4089,goal_409,9,exito,15859,2368.28,05,subwp,123,1,E2.1,E2.1-R0,False,subwp,123,05,9,111204019,exito,,507.488,0,0,"[0.0, 15.253013616367886]"
4090,goal_409,10,col_return,10517,1400.3,05,subwp,123,1,E2.1,E2.1-R0,False,subwp,123,05,10,1852577737,col_return,return,336.544,0,0,"[0.0, 7.943864822617684]"
4091,goal_410,1,exito,15506,2354.45,05,subwp,123,1,E2.1,E2.1-R0,False,subwp,123,05,1,163132598,exito,,496.192,0,0,"[0.0, 6.511647157905241]"
4092,goal_410,2,exito,15512,2343.45,05,subwp,123,1,E2.1,E2.1-R0,False,subwp,123,05,2,2427479308,exito,,496.384,0,0,"[0.0, -20.69735140722402]"
4093,goal_410,3,exito,15511,2336.76,05,subwp,123,1,E2.1,E2.1-R0,False,subwp,123,05,3,3887551898,exito,,496.352,0,0,"[0.0, -2.974779102650753]"
4094,goal_410,4,exito,15511,2354.51,05,subwp,123,1,E2.1,E2.1-R0,False,subwp,123,05,4,2043920441,exito,,496.352,0,0,"[0.0, -22.245325135487455]"
4095,goal_410,5,col_approach,2774,204.17,05,subwp,123,1,E2.1,E2.1-R0,False,subwp,123,05,5,248836271,col_approach,approach,88.768,0,0,"[0.0, -14.280776473862167]"
4096,goal_410,6,col_return,10171,1363.95,05,subwp,123,1,E2.1,E2.1-R0,False,subwp,123,05,6,2547884309,col_return,return,325.472,0,0,"[0.0, -29.83162050633535]"
4097,goal_410,7,exito,15506,2354.37,05,subwp,123,1,E2.1,E2.1-R0,False,subwp,123,05,7,3772420483,exito,,496.192,0,0,"[0.0, 25.70480403437078]"
4098,goal_410,8,exito,15511,2344.1,05,subwp,123,1,E2.1,E2.1-R0,False,subwp,123,05,8,1885703186,exito,,496.352,0,0,"[0.0, -13.857079325991569]"
4099,goal_410,9,exito,15511,2335.52,05,subwp,123,1,E2.1,E2.1-R0,False,subwp,123,05,9,123911300,exito,,496.352,0,0,"[0.0, -18.137367136336206]"
4100,goal_410,10,exito,15511,2354.5,05,subwp,123,1,E2.1,E2.1-R0,False,subwp,123,05,10,3603984556,exito,,496.352,0,0,"[0.0, -26.306063692247005]"
4101,goal_411,1,col_approach,2779,204.77,05,subwp,123,1,E2.1,E2.1-R0,False,subwp,123,05,1,3201591388,col_approach,approach,88.928,0,0,"[0.0, 22.468529377213596]"
4102,goal_411,2,col_return,10454,1393.8,05,subwp,123,1,E2.1,E2.1-R0,False,subwp,123,05,2,668809702,col_return,return,334.528,0,0,"[0.0, 6.78687564476377]"
4103,goal_411,3,exito,16082,2421.47,05,subwp,123,1,E2.1,E2.1-R0,False,subwp,123,05,3,1356466544,exito,,514.624,0,0,"[0.0, -26.107273735014957]"
4104,goal_411,4,exito,16087,2421.9,05,subwp,123,1,E2.1,E2.1-R0,False,subwp,123,05,4,3468598483,exito,,514.784,0,0,"[0.0, 1.8717141051781105]"
4105,goal_411,5,exito,16087,2422.84,05,subwp,123,1,E2.1,E2.1-R0,False,subwp,123,05,5,3115953221,exito,,514.784,0,0,"[0.0, 22.094187405902314]"
4106,goal_411,6,col_return,11108,1480.89,05,subwp,123,1,E2.1,E2.1-R0,False,subwp,123,05,6,548470271,col_return,return,355.456,0,0,"[0.0, 20.18402780468962]"
4107,goal_411,7,exito,16083,2422.77,05,subwp,123,1,E2.1,E2.1-R0,False,subwp,123,05,7,1471663465,exito,,514.656,0,0,"[0.0, 7.614411436221474]"
4108,goal_411,8,col_approach,2850,228.62,05,subwp,123,1,E2.1,E2.1-R0,False,subwp,123,05,8,3339243768,col_approach,approach,91.2,0,0,"[0.0, 1.8229269642587909]"
4109,goal_411,9,col_return,11086,1481.12,05,subwp,123,1,E2.1,E2.1-R0,False,subwp,123,05,9,2953830510,col_return,return,354.752,0,0,"[0.0, 17.913881090621082]"
4110,goal_411,10,exito,16082,2422.79,05,subwp,123,1,E2.1,E2.1-R0,False,subwp,123,05,10,2528646806,exito,,514.624,0,0,"[0.0, -7.957162292574742]"
4111,goal_412,1,col_approach,2828,228.92,05,subwp,123,1,E2.1,E2.1-R0,False,subwp,123,05,1,3205890667,col_approach,approach,90.496,0,0,"[0.0, -29.379616182307572]"
4112,goal_412,2,exito,15730,2376.14,05,subwp,123,1,E2.1,E2.1-R0,False,subwp,123,05,2,639587281,exito,,503.36,0,0,"[0.0, -25.051739201498883]"
4113,goal_412,3,col_return,10557,1410.92,05,subwp,123,1,E2.1,E2.1-R0,False,subwp,123,05,3,1360552775,col_return,return,337.824,0,0,"[0.0, 14.630169965981278]"
4114,goal_412,4,exito,15730,2382.98,05,subwp,123,1,E2.1,E2.1-R0,False,subwp,123,05,4,3481073380,exito,,503.36,0,0,"[0.0, 5.863209175395112]"
4115,goal_412,5,exito,15736,2361.72,05,subwp,123,1,E2.1,E2.1-R0,False,subwp,123,05,5,3095119474,exito,,503.552,0,0,"[0.0, -6.590446405809784]"
4116,goal_412,6,exito,15736,2381.96,05,subwp,123,1,E2.1,E2.1-R0,False,subwp,123,05,6,561158088,exito,,503.552,0,0,"[0.0, -6.923868077122515]"
4117,goal_412,7,col_approach,2798,192.36,05,subwp,123,1,E2.1,E2.1-R0,False,subwp,123,05,7,1450551134,col_approach,approach,89.536,0,0,"[0.0, -18.141105084806757]"
4118,goal_412,8,col_return,10272,1368.28,05,subwp,123,1,E2.1,E2.1-R0,False,subwp,123,05,8,3335174863,col_return,return,328.704,0,0,"[0.0, -23.557034073491913]"
4119,goal_412,9,exito,15730,2382.98,05,subwp,123,1,E2.1,E2.1-R0,False,subwp,123,05,9,2983037529,exito,,503.36,0,0,"[0.0, -11.644507143797426]"
4120,goal_412,10,col_approach,2787,217.86,05,subwp,123,1,E2.1,E2.1-R0,False,subwp,123,05,10,772043251,col_approach,approach,89.184,0,0,"[0.0, 19.956955902703893]"
4121,goal_413,1,col_return,11171,1480.67,05,subwp,123,1,E2.1,E2.1-R0,False,subwp,123,05,1,3176184882,col_return,return,357.472,0,0,"[0.0, 18.97616394992073]"
4122,goal_413,2,exito,16316,2453.94,05,subwp,123,1,E2.1,E2.1-R0,False,subwp,123,05,2,609873288,exito,,522.112,0,0,"[0.0, 11.195279682391872]"
4123,goal_413,3,exito,16321,2447.46,05,subwp,123,1,E2.1,E2.1-R0,False,subwp,123,05,3,1398725918,exito,,522.272,0,0,"[0.0, 23.431921963587165]"
4124,goal_413,4,exito,16321,2454.05,05,subwp,123,1,E2.1,E2.1-R0,False,subwp,123,05,4,3443148989,exito,,522.272,0,0,"[0.0, -22.175791438534105]"
4125,goal_413,5,col_return,11107,1472.05,05,subwp,123,1,E2.1,E2.1-R0,False,subwp,123,05,5,3124590635,col_return,return,355.424,0,0,"[0.0, -15.493148122247632]"
4126,goal_413,6,exito,16316,2454.02,05,subwp,123,1,E2.1,E2.1-R0,False,subwp,123,05,6,590621073,exito,,522.112,0,0,"[0.0, -27.563543612835335]"
4127,goal_413,7,exito,16321,2450.46,05,subwp,123,1,E2.1,E2.1-R0,False,subwp,123,05,7,1412634887,exito,,522.272,0,0,"[0.0, 0.40044964996142074]"
4128,goal_413,8,exito,16321,2454.04,05,subwp,123,1,E2.1,E2.1-R0,False,subwp,123,05,8,3297510550,exito,,522.272,0,0,"[0.0, 16.057404660698648]"
4129,goal_413,9,col_return,11062,1469.55,05,subwp,123,1,E2.1,E2.1-R0,False,subwp,123,05,9,3012244480,col_return,return,353.984,0,0,"[0.0, 28.816601655784183]"
4130,goal_413,10,exito,16316,2454.03,05,subwp,123,1,E2.1,E2.1-R0,False,subwp,123,05,10,1018289693,exito,,522.112,0,0,"[0.0, -6.905380130651908]"
4131,goal_414,1,exito,15968,2409.17,05,subwp,123,1,E2.1,E2.1-R0,False,subwp,123,05,1,3163739653,exito,,510.976,0,0,"[0.0, 17.038365726398872]"
4132,goal_414,2,exito,15968,2402.45,05,subwp,123,1,E2.1,E2.1-R0,False,subwp,123,05,2,630949823,exito,,510.976,0,0,"[0.0, -12.686901321807397]"
4133,goal_414,3,exito,15967,2410.49,05,subwp,123,1,E2.1,E2.1-R0,False,subwp,123,05,3,1386002217,exito,,510.944,0,0,"[0.0, 9.186713960568527]"
4134,goal_414,4,col_return,10740,1436.7,05,subwp,123,1,E2.1,E2.1-R0,False,subwp,123,05,4,3438813834,col_return,return,343.68,0,0,"[0.0, -23.182162637941445]"
4135,goal_414,5,exito,15962,2412.18,05,subwp,123,1,E2.1,E2.1-R0,False,subwp,123,05,5,3154055708,exito,,510.784,0,0,"[0.0, 15.067797354491246]"
4136,goal_414,6,col_approach,2789,220.64,05,subwp,123,1,E2.1,E2.1-R0,False,subwp,123,05,6,586564518,col_approach,approach,89.248,0,0,"[0.0, -16.207278420525927]"
4137,goal_414,7,col_return,10983,1473.08,05,subwp,123,1,E2.1,E2.1-R0,False,subwp,123,05,7,1441887024,col_return,return,351.456,0,0,"[0.0, -17.659381815256157]"
4138,goal_414,8,exito,15963,2412.16,05,subwp,123,1,E2.1,E2.1-R0,False,subwp,123,05,8,3310251681,exito,,510.816,0,0,"[0.0, 4.27851124182776]"
4139,goal_414,9,exito,15968,2391.37,05,subwp,123,1,E2.1,E2.1-R0,False,subwp,123,05,9,2991152695,exito,,510.976,0,0,"[0.0, -16.953067767320647]"
4140,goal_414,10,exito,15967,2412.24,05,subwp,123,1,E2.1,E2.1-R0,False,subwp,123,05,10,2215491960,exito,,510.944,0,0,"[0.0, -12.128509725929689]"
4141,goal_415,1,exito,16523,2478.45,05,subwp,123,1,E2.1,E2.1-R0,False,subwp,123,05,1,3118317696,exito,,528.736,0,0,"[0.0, 1.0581822454897694]"
4142,goal_415,2,col_return,11079,1462.86,05,subwp,123,1,E2.1,E2.1-R0,False,subwp,123,05,2,550801722,col_return,return,354.528,0,0,"[0.0, -24.982993819058162]"
4143,goal_415,3,exito,16518,2479.01,05,subwp,123,1,E2.1,E2.1-R0,False,subwp,123,05,3,1473487276,exito,,528.576,0,0,"[0.0, 2.2377907889186277]"
4144,goal_415,4,exito,16523,2479.04,05,subwp,123,1,E2.1,E2.1-R0,False,subwp,123,05,4,3384226831,exito,,528.736,0,0,"[0.0, 17.32699415980189]"
4145,goal_415,5,col_return,11518,1527.77,05,subwp,123,1,E2.1,E2.1-R0,False,subwp,123,05,5,3199206553,col_return,return,368.576,0,0,"[0.0, 13.00990357391974]"
4146,goal_415,6,exito,16518,2479.0,05,subwp,123,1,E2.1,E2.1-R0,False,subwp,123,05,6,666457379,exito,,528.576,0,0,"[0.0, 0.3820688448337717]"
4147,goal_415,7,exito,16523,2475.1,05,subwp,123,1,E2.1,E2.1-R0,False,subwp,123,05,7,1354655157,exito,,528.736,0,0,"[0.0, -15.482940619889957]"
4148,goal_415,8,exito,16523,2474.24,05,subwp,123,1,E2.1,E2.1-R0,False,subwp,123,05,8,3221321764,exito,,528.736,0,0,"[0.0, 14.668303633066087]"
4149,goal_415,9,col_return,10961,1459.66,05,subwp,123,1,E2.1,E2.1-R0,False,subwp,123,05,9,3070642354,col_return,return,350.752,0,0,"[0.0, -15.881602311499838]"
4150,goal_415,10,exito,16518,2478.25,05,subwp,123,1,E2.1,E2.1-R0,False,subwp,123,05,10,433750465,exito,,528.576,0,0,"[0.0, 18.963951505566563]"
4151,goal_416,1,exito,16186,2443.76,05,subwp,123,1,E2.1,E2.1-R0,False,subwp,123,05,1,3089083063,exito,,517.952,0,0,"[0.0, -28.09999974680639]"
4152,goal_416,2,exito,16185,2442.49,05,subwp,123,1,E2.1,E2.1-R0,False,subwp,123,05,2,555154189,exito,,517.92,0,0,"[0.0, 16.140008379276807]"
4153,goal_416,3,col_return,10859,1457.82,05,subwp,123,1,E2.1,E2.1-R0,False,subwp,123,05,3,1444006811,col_return,return,347.488,0,0,"[0.0, -22.112325941315568]"
4154,goal_416,4,exito,16180,2443.63,05,subwp,123,1,E2.1,E2.1-R0,False,subwp,123,05,4,3363135032,exito,,517.76,0,0,"[0.0, 21.877867800854844]"
4155,goal_416,5,exito,16186,2437.63,05,subwp,123,1,E2.1,E2.1-R0,False,subwp,123,05,5,3211947694,exito,,517.952,0,0,"[0.0, -27.934929775195062]"
4156,goal_416,6,exito,16186,2443.76,05,subwp,123,1,E2.1,E2.1-R0,False,subwp,123,05,6,645611284,exito,,517.952,0,0,"[0.0, -10.031075343171542]"
4157,goal_416,7,col_return,11160,1497.22,05,subwp,123,1,E2.1,E2.1-R0,False,subwp,123,05,7,1367084930,col_return,return,357.12,0,0,"[0.0, -14.416838712801141]"
4158,goal_416,8,exito,16180,2443.62,05,subwp,123,1,E2.1,E2.1-R0,False,subwp,123,05,8,3250786835,exito,,517.76,0,0,"[0.0, 7.226455543484578]"
4159,goal_416,9,col_approach,2781,220.27,05,subwp,123,1,E2.1,E2.1-R0,False,subwp,123,05,9,3066307205,col_approach,approach,88.992,0,0,"[0.0, -12.301797004433988]"
4160,goal_416,10,col_return,11086,1492.53,05,subwp,123,1,E2.1,E2.1-R0,False,subwp,123,05,10,2707875492,col_return,return,354.752,0,0,"[0.0, 2.3199943439641313]"
4161,goal_417,1,exito,16750,2509.7,05,subwp,123,1,E2.1,E2.1-R0,False,subwp,123,05,1,3126400238,exito,,536.0,0,0,"[0.0, -9.602985322492106]"
4162,goal_417,2,exito,16755,2509.81,05,subwp,123,1,E2.1,E2.1-R0,False,subwp,123,05,2,592463188,exito,,536.16,0,0,"[0.0, -0.14343723533891906]"
4163,goal_417,3,col_return,11581,1542.15,05,subwp,123,1,E2.1,E2.1-R0,False,subwp,123,05,3,1415017922,col_return,return,370.592,0,0,"[0.0, 4.410410430428118]"
4164,goal_417,4,exito,16750,2509.71,05,subwp,123,1,E2.1,E2.1-R0,False,subwp,123,05,4,3392397409,exito,,536.0,0,0,"[0.0, -20.80629476897777]"
4165,goal_417,5,exito,16755,2509.78,05,subwp,123,1,E2.1,E2.1-R0,False,subwp,123,05,5,3174355191,exito,,536.16,0,0,"[0.0, -2.4095535457135275]"
4166,goal_417,6,col_return,11549,1533.83,05,subwp,123,1,E2.1,E2.1-R0,False,subwp,123,05,6,608010573,col_return,return,369.568,0,0,"[0.0, 25.072521249056315]"
4167,goal_417,7,exito,16750,2509.66,05,subwp,123,1,E2.1,E2.1-R0,False,subwp,123,05,7,1396355547,exito,,536.0,0,0,"[0.0, 3.1143695293474183]"
4168,goal_417,8,exito,16755,2509.78,05,subwp,123,1,E2.1,E2.1-R0,False,subwp,123,05,8,3280317514,exito,,536.16,0,0,"[0.0, 1.4859133600476704]"
4169,goal_417,9,col_return,11515,1529.36,05,subwp,123,1,E2.1,E2.1-R0,False,subwp,123,05,9,3028458716,col_return,return,368.48,0,0,"[0.0, -21.726289269149326]"
4170,goal_417,10,exito,16750,2509.7,05,subwp,123,1,E2.1,E2.1-R0,False,subwp,123,05,10,3016968522,exito,,536.0,0,0,"[0.0, 25.11170363522158]"
4171,goal_418,1,exito,16434,2478.36,05,subwp,123,1,E2.1,E2.1-R0,False,subwp,123,05,1,3147529945,exito,,525.888,0,0,"[0.0, -0.5184816415902072]"
4172,goal_418,2,exito,16433,2447.6,05,subwp,123,1,E2.1,E2.1-R0,False,subwp,123,05,2,580005731,exito,,525.856,0,0,"[0.0, -15.944321769362723]"
4173,goal_418,3,col_return,10778,1447.35,05,subwp,123,1,E2.1,E2.1-R0,False,subwp,123,05,3,1435836405,col_return,return,344.896,0,0,"[0.0, 11.53928835256903]"
4174,goal_418,4,exito,16428,2476.24,05,subwp,123,1,E2.1,E2.1-R0,False,subwp,123,05,4,3421604438,exito,,525.696,0,0,"[0.0, -28.497813220432207]"
4175,goal_418,5,exito,16433,2478.22,05,subwp,123,1,E2.1,E2.1-R0,False,subwp,123,05,5,3170286272,exito,,525.856,0,0,"[0.0, 7.6031746304700265]"
4176,goal_418,6,col_return,11471,1534.06,05,subwp,123,1,E2.1,E2.1-R0,False,subwp,123,05,6,637528954,col_return,return,367.072,0,0,"[0.0, 20.990791632526037]"
4177,goal_418,7,exito,16428,2478.12,05,subwp,123,1,E2.1,E2.1-R0,False,subwp,123,05,7,1392040940,exito,,525.696,0,0,"[0.0, -19.58479159500922]"
4178,goal_418,8,exito,16433,2466.05,05,subwp,123,1,E2.1,E2.1-R0,False,subwp,123,05,8,3259483773,exito,,525.856,0,0,"[0.0, 13.056160739473238]"
4179,goal_418,9,exito,16433,2478.24,05,subwp,123,1,E2.1,E2.1-R0,False,subwp,123,05,9,3040933611,exito,,525.856,0,0,"[0.0, -21.957968198213695]"
4180,goal_418,10,col_return,11079,1481.99,05,subwp,123,1,E2.1,E2.1-R0,False,subwp,123,05,10,191835695,col_return,return,354.528,0,0,"[0.0, 20.79929378674304]"
4181,goal_419,1,exito,16957,2538.43,05,subwp,123,1,E2.1,E2.1-R0,False,subwp,123,05,1,2965846500,exito,,542.624,0,0,"[0.0, 22.42144676833603]"
4182,goal_419,2,col_approach,2857,208.43,05,subwp,123,1,E2.1,E2.1-R0,False,subwp,123,05,2,701392990,col_approach,approach,91.424,0,0,"[0.0, -15.146856823346997]"
4183,goal_419,3,exito,16957,2538.42,05,subwp,123,1,E2.1,E2.1-R0,False,subwp,123,05,3,1590253768,exito,,542.624,0,0,"[0.0, 15.337441309856741]"
4184,goal_419,4,exito,16962,2538.53,05,subwp,123,1,E2.1,E2.1-R0,False,subwp,123,05,4,3232615787,exito,,542.784,0,0,"[0.0, -3.884765156445269]"
4185,goal_419,5,exito,16961,2535.74,05,subwp,123,1,E2.1,E2.1-R0,False,subwp,123,05,5,3081436669,exito,,542.752,0,0,"[0.0, 9.82066007477788]"
4186,goal_419,6,col_return,11698,1558.53,05,subwp,123,1,E2.1,E2.1-R0,False,subwp,123,05,6,782478407,col_return,return,374.336,0,0,"[0.0, -27.118218946304697]"
4187,goal_419,7,exito,16957,2538.52,05,subwp,123,1,E2.1,E2.1-R0,False,subwp,123,05,7,1503960273,exito,,542.624,0,0,"[0.0, -22.07398500139772]"
4188,goal_419,8,exito,16962,2527.52,05,subwp,123,1,E2.1,E2.1-R0,False,subwp,123,05,8,3374022976,exito,,542.784,0,0,"[0.0, -25.664401210144998]"
4189,goal_419,9,col_return,11389,1517.86,05,subwp,123,1,E2.1,E2.1-R0,False,subwp,123,05,9,3189551574,col_return,return,364.448,0,0,"[0.0, -3.789460607182644]"
4190,goal_419,10,exito,16957,2537.61,05,subwp,123,1,E2.1,E2.1-R0,False,subwp,123,05,10,1393311353,exito,,542.624,0,0,"[0.0, -11.581166718585575]"
4191,goal_420,1,exito,16651,2490.69,05,subwp,123,1,E2.1,E2.1-R0,False,subwp,123,05,1,2969916371,exito,,532.832,0,0,"[0.0, -6.168039143245578]"
4192,goal_420,2,col_return,11241,1503.14,05,subwp,123,1,E2.1,E2.1-R0,False,subwp,123,05,2,671875689,col_return,return,359.712,0,0,"[0.0, -5.753600763436564]"
4193,goal_420,3,exito,16646,2505.98,05,subwp,123,1,E2.1,E2.1-R0,False,subwp,123,05,3,1594569471,exito,,532.672,0,0,"[0.0, -0.6227887970251755]"
4194,goal_420,4,exito,16651,2506.04,05,subwp,123,1,E2.1,E2.1-R0,False,subwp,123,05,4,3245320028,exito,,532.832,0,0,"[0.0, 12.240825348700648]"
4195,goal_420,5,col_return,11470,1538.11,05,subwp,123,1,E2.1,E2.1-R0,False,subwp,123,05,5,3060307914,col_return,return,367.04,0,0,"[0.0, -20.32971328586292]"
4196,goal_420,6,exito,16646,2505.97,05,subwp,123,1,E2.1,E2.1-R0,False,subwp,123,05,6,794936944,exito,,532.672,0,0,"[0.0, 11.081146977502774]"
4197,goal_420,7,exito,16651,2506.03,05,subwp,123,1,E2.1,E2.1-R0,False,subwp,123,05,7,1483142886,exito,,532.832,0,0,"[0.0, -16.973305643309146]"
4198,goal_420,8,col_return,11583,1551.1,05,subwp,123,1,E2.1,E2.1-R0,False,subwp,123,05,8,3369724791,col_return,return,370.656,0,0,"[0.0, -23.512713513743655]"
4199,goal_420,9,exito,16646,2505.87,05,subwp,123,1,E2.1,E2.1-R0,False,subwp,123,05,9,3219053537,exito,,532.672,0,0,"[0.0, 20.692679064815053]"
4200,goal_420,10,exito,16651,2505.33,05,subwp,123,1,E2.1,E2.1-R0,False,subwp,123,05,10,3954202908,exito,,532.832,0,0,"[0.0, -15.677246860900187]"
4201,goal_421,1,exito,16372,2465.36,05,subwp,123,1,E2.1,E2.1-R0,False,subwp,123,05,1,2892089266,exito,,523.904,0,0,"[0.0, -14.637742267382945]"
4202,goal_421,2,col_return,10821,1453.86,05,subwp,123,1,E2.1,E2.1-R0,False,subwp,123,05,2,896046600,col_return,return,346.272,0,0,"[0.0, 22.78369255980316]"
4203,goal_421,3,exito,16367,2480.1,05,subwp,123,1,E2.1,E2.1-R0,False,subwp,123,05,3,1114613406,exito,,523.744,0,0,"[0.0, 4.285248335548966]"
4204,goal_421,4,exito,16375,2480.66,05,subwp,123,1,E2.1,E2.1-R0,False,subwp,123,05,4,3691721533,exito,,524.0,0,0,"[0.0, -12.230506584616322]"
4205,goal_421,5,exito,16372,2470.81,05,subwp,123,1,E2.1,E2.1-R0,False,subwp,123,05,5,2869691307,exito,,523.904,0,0,"[0.0, -18.145005995244986]"
4206,goal_421,6,col_return,10844,1462.46,05,subwp,123,1,E2.1,E2.1-R0,False,subwp,123,05,6,839209489,col_return,return,347.008,0,0,"[0.0, -29.98558851849156]"
4207,goal_421,7,exito,16367,2480.07,05,subwp,123,1,E2.1,E2.1-R0,False,subwp,123,05,7,1157784199,exito,,523.744,0,0,"[0.0, -15.955119324781151]"
4208,goal_421,8,exito,16375,2480.66,05,subwp,123,1,E2.1,E2.1-R0,False,subwp,123,05,8,3585965846,exito,,524.0,0,0,"[0.0, -13.019009652179195]"
4209,goal_421,9,exito,16372,2473.22,05,subwp,123,1,E2.1,E2.1-R0,False,subwp,123,05,9,2730119040,exito,,523.904,0,0,"[0.0, -22.34894247129569]"
4210,goal_421,10,col_return,10860,1466.44,05,subwp,123,1,E2.1,E2.1-R0,False,subwp,123,05,10,3508038726,col_return,return,347.52,0,0,"[0.0, -14.754105729017056]"
4211,goal_422,1,exito,16275,2478.65,05,subwp,123,1,E2.1,E2.1-R0,False,subwp,123,05,1,2913185157,exito,,520.8,0,0,"[0.0, -13.870198337971711]"
4212,goal_422,2,exito,16280,2478.63,05,subwp,123,1,E2.1,E2.1-R0,False,subwp,123,05,2,883620927,exito,,520.96,0,0,"[0.0, 3.584920110217169]"
4213,goal_422,3,exito,16281,2478.52,05,subwp,123,1,E2.1,E2.1-R0,False,subwp,123,05,3,1135463593,exito,,520.992,0,0,"[0.0, 25.636880013539646]"
4214,goal_422,4,col_return,10967,1491.67,05,subwp,123,1,E2.1,E2.1-R0,False,subwp,123,05,4,3720960266,col_return,return,350.944,0,0,"[0.0, 4.335062530020584]"
4215,goal_422,5,exito,16275,2478.63,05,subwp,123,1,E2.1,E2.1-R0,False,subwp,123,05,5,2865654172,exito,,520.8,0,0,"[0.0, 20.873674244956632]"
4216,goal_422,6,exito,16280,2478.64,05,subwp,123,1,E2.1,E2.1-R0,False,subwp,123,05,6,868694054,exito,,520.96,0,0,"[0.0, -6.016506848103644]"
4217,goal_422,7,exito,16281,2478.71,05,subwp,123,1,E2.1,E2.1-R0,False,subwp,123,05,7,1153435824,exito,,520.992,0,0,"[0.0, -29.05739186775915]"
4218,goal_422,8,col_return,11075,1497.94,05,subwp,123,1,E2.1,E2.1-R0,False,subwp,123,05,8,3565098273,col_return,return,354.4,0,0,"[0.0, 24.328229767008477]"
4219,goal_422,9,exito,16275,2478.64,05,subwp,123,1,E2.1,E2.1-R0,False,subwp,123,05,9,2742560183,exito,,520.8,0,0,"[0.0, -0.21680655532792192]"
4220,goal_422,10,exito,16280,2478.63,05,subwp,123,1,E2.1,E2.1-R0,False,subwp,123,05,10,1772358435,exito,,520.96,0,0,"[0.0, -29.69703237866938]"
4221,goal_423,1,exito,16292,2464.09,05,subwp,123,1,E2.1,E2.1-R0,False,subwp,123,05,1,2951025628,exito,,521.344,0,0,"[0.0, 16.41127512046735]"
4222,goal_423,2,col_return,11116,1488.67,05,subwp,123,1,E2.1,E2.1-R0,False,subwp,123,05,2,921453158,col_return,return,355.712,0,0,"[0.0, -10.685198080921774]"
4223,goal_423,3,exito,16286,2463.97,05,subwp,123,1,E2.1,E2.1-R0,False,subwp,123,05,3,1105949424,exito,,521.152,0,0,"[0.0, -7.599558664698138]"
4224,goal_423,4,exito,16292,2464.08,05,subwp,123,1,E2.1,E2.1-R0,False,subwp,123,05,4,3750750035,exito,,521.344,0,0,"[0.0, -1.953908620475684]"
4225,goal_423,5,exito,16292,2464.09,05,subwp,123,1,E2.1,E2.1-R0,False,subwp,123,05,5,2827540421,exito,,521.344,0,0,"[0.0, 26.12005703637375]"
4226,goal_423,6,col_return,11112,1497.98,05,subwp,123,1,E2.1,E2.1-R0,False,subwp,123,05,6,830572159,col_return,return,355.584,0,0,"[0.0, 19.532614852994584]"
4227,goal_423,7,exito,16286,2463.97,05,subwp,123,1,E2.1,E2.1-R0,False,subwp,123,05,7,1183233769,exito,,521.152,0,0,"[0.0, 5.849406494717901]"
4228,goal_423,8,exito,16292,2464.09,05,subwp,123,1,E2.1,E2.1-R0,False,subwp,123,05,8,3594103672,exito,,521.344,0,0,"[0.0, 29.25779872715689]"
4229,goal_423,9,exito,16292,2464.12,05,subwp,123,1,E2.1,E2.1-R0,False,subwp,123,05,9,2705234926,exito,,521.344,0,0,"[0.0, 7.8249008342784165]"
4230,goal_423,10,col_return,11125,1489.95,05,subwp,123,1,E2.1,E2.1-R0,False,subwp,123,05,10,2064753869,col_return,return,356.0,0,0,"[0.0, 27.624315432102254]"
4231,goal_424,1,exito,16158,2461.11,05,subwp,123,1,E2.1,E2.1-R0,False,subwp,123,05,1,2921822699,exito,,517.056,0,0,"[0.0, 26.22274406824752]"
4232,goal_424,2,exito,16163,2461.2,05,subwp,123,1,E2.1,E2.1-R0,False,subwp,123,05,2,925771857,exito,,517.216,0,0,"[0.0, 1.1640607487380517]"
4233,goal_424,3,exito,16163,2461.14,05,subwp,123,1,E2.1,E2.1-R0,False,subwp,123,05,3,1076435143,exito,,517.216,0,0,"[0.0, -23.49426717997576]"
4234,goal_424,4,exito,16163,2435.62,05,subwp,123,1,E2.1,E2.1-R0,False,subwp,123,05,4,3729624420,exito,,517.216,0,0,"[0.0, -26.07371760309358]"
4235,goal_424,5,col_return,10663,1450.14,05,subwp,123,1,E2.1,E2.1-R0,False,subwp,123,05,5,2840247794,col_return,return,341.216,0,0,"[0.0, 10.328998669964866]"
4236,goal_424,6,exito,16159,2461.17,05,subwp,123,1,E2.1,E2.1-R0,False,subwp,123,05,6,809757768,exito,,517.088,0,0,"[0.0, 1.0067111829494402]"
4237,goal_424,7,exito,16163,2461.24,05,subwp,123,1,E2.1,E2.1-R0,False,subwp,123,05,7,1195695326,exito,,517.216,0,0,"[0.0, -10.426916329897637]"
4238,goal_424,8,exito,16163,2461.2,05,subwp,123,1,E2.1,E2.1-R0,False,subwp,123,05,8,3623600463,exito,,517.216,0,0,"[0.0, 26.84388111950802]"
4239,goal_424,9,col_return,11094,1504.75,05,subwp,123,1,E2.1,E2.1-R0,False,subwp,123,05,9,2700931545,col_return,return,355.008,0,0,"[0.0, -7.399814641672931]"
4240,goal_424,10,exito,16158,2461.2,05,subwp,123,1,E2.1,E2.1-R0,False,subwp,123,05,10,3282944936,exito,,517.056,0,0,"[0.0, -18.712640565282253]"
4241,goal_425,1,exito,16057,2425.96,05,subwp,123,1,E2.1,E2.1-R0,False,subwp,123,05,1,2875748206,exito,,513.824,0,0,"[0.0, 1.1966592198172354]"
4242,goal_425,2,exito,16057,2426.02,05,subwp,123,1,E2.1,E2.1-R0,False,subwp,123,05,2,845233876,exito,,513.824,0,0,"[0.0, -28.56594794827882]"
4243,goal_425,3,exito,16057,2425.3,05,subwp,123,1,E2.1,E2.1-R0,False,subwp,123,05,3,1164316226,exito,,513.824,0,0,"[0.0, 6.295575621289419]"
4244,goal_425,4,col_return,10825,1447.34,05,subwp,123,1,E2.1,E2.1-R0,False,subwp,123,05,4,3674381281,col_return,return,346.4,0,0,"[0.0, -14.05951200409875]"
4245,goal_425,5,exito,16051,2425.84,05,subwp,123,1,E2.1,E2.1-R0,False,subwp,123,05,5,2886052727,exito,,513.632,0,0,"[0.0, 9.606665621663442]"
4246,goal_425,6,exito,16057,2426.0,05,subwp,123,1,E2.1,E2.1-R0,False,subwp,123,05,6,890043085,exito,,513.824,0,0,"[0.0, 5.3228887148411586]"
4247,goal_425,7,exito,16057,2426.02,05,subwp,123,1,E2.1,E2.1-R0,False,subwp,123,05,7,1108068955,exito,,513.824,0,0,"[0.0, 23.505414320385334]"
4248,goal_425,8,exito,16057,2424.57,05,subwp,123,1,E2.1,E2.1-R0,False,subwp,123,05,8,3535067082,exito,,513.824,0,0,"[0.0, -5.4716714871648815]"
4249,goal_425,9,col_return,10796,1444.17,05,subwp,123,1,E2.1,E2.1-R0,False,subwp,123,05,9,2780030812,col_return,return,345.472,0,0,"[0.0, -19.50343993738144]"
4250,goal_425,10,exito,16051,2425.96,05,subwp,123,1,E2.1,E2.1-R0,False,subwp,123,05,10,1585117969,exito,,513.632,0,0,"[0.0, -27.308194860500066]"
4251,goal_426,1,exito,15903,2425.63,05,subwp,123,1,E2.1,E2.1-R0,False,subwp,123,05,1,2863269209,exito,,508.896,0,0,"[0.0, -27.570235515408758]"
4252,goal_426,2,exito,15904,2425.67,05,subwp,123,1,E2.1,E2.1-R0,False,subwp,123,05,2,866342115,exito,,508.928,0,0,"[0.0, 28.33017269235741]"
4253,goal_426,3,exito,15904,2425.72,05,subwp,123,1,E2.1,E2.1-R0,False,subwp,123,05,3,1151624309,exito,,508.928,0,0,"[0.0, 11.79819428306596]"
4254,goal_426,4,col_return,10956,1479.8,05,subwp,123,1,E2.1,E2.1-R0,False,subwp,123,05,4,3670077910,col_return,return,350.592,0,0,"[0.0, 21.225748147243305]"
4255,goal_426,5,exito,15899,2425.61,05,subwp,123,1,E2.1,E2.1-R0,False,subwp,123,05,5,2915549504,exito,,508.768,0,0,"[0.0, -10.193166299357515]"
4256,goal_426,6,exito,15904,2425.7,05,subwp,123,1,E2.1,E2.1-R0,False,subwp,123,05,6,885952762,exito,,508.928,0,0,"[0.0, -17.09024242722912]"
4257,goal_426,7,exito,15904,2425.68,05,subwp,123,1,E2.1,E2.1-R0,False,subwp,123,05,7,1137287276,exito,,508.928,0,0,"[0.0, -4.379300739964675]"
4258,goal_426,8,exito,15904,2425.64,05,subwp,123,1,E2.1,E2.1-R0,False,subwp,123,05,8,3547774461,exito,,508.928,0,0,"[0.0, 5.0475799997513775]"
4259,goal_426,9,exito,15904,2423.6,05,subwp,123,1,E2.1,E2.1-R0,False,subwp,123,05,9,2758905195,exito,,508.928,0,0,"[0.0, -25.296718626247127]"
4260,goal_426,10,col_return,10712,1449.05,05,subwp,123,1,E2.1,E2.1-R0,False,subwp,123,05,10,3871775860,col_return,return,342.784,0,0,"[0.0, -22.582557949501492]"
4261,goal_427,1,exito,15790,2390.67,05,subwp,123,1,E2.1,E2.1-R0,False,subwp,123,05,1,2834086656,exito,,505.28,0,0,"[0.0, -0.733727065737555]"
4262,goal_427,2,exito,15797,2390.94,05,subwp,123,1,E2.1,E2.1-R0,False,subwp,123,05,2,837151418,exito,,505.504,0,0,"[0.0, -19.017398960985567]"
4263,goal_427,3,exito,15797,2390.95,05,subwp,123,1,E2.1,E2.1-R0,False,subwp,123,05,3,1189272108,exito,,505.504,0,0,"[0.0, 2.2901742562936556]"
4264,goal_427,4,exito,15797,2390.96,05,subwp,123,1,E2.1,E2.1-R0,False,subwp,123,05,4,3632680847,exito,,505.504,0,0,"[0.0, 13.432173988889723]"
4265,goal_427,5,exito,15797,2390.97,05,subwp,123,1,E2.1,E2.1-R0,False,subwp,123,05,5,2944499481,exito,,505.504,0,0,"[0.0, 6.116920007025534]"
4266,goal_427,6,col_return,10799,1449.96,05,subwp,123,1,E2.1,E2.1-R0,False,subwp,123,05,6,914894499,col_return,return,345.568,0,0,"[0.0, 28.8748070943874]"
4267,goal_427,7,exito,15790,2390.66,05,subwp,123,1,E2.1,E2.1-R0,False,subwp,123,05,7,1099898421,exito,,505.28,0,0,"[0.0, -17.80284280925747]"
4268,goal_427,8,exito,15797,2390.94,05,subwp,123,1,E2.1,E2.1-R0,False,subwp,123,05,8,3509584804,exito,,505.504,0,0,"[0.0, -16.519397515529526]"
4269,goal_427,9,exito,15797,2390.95,05,subwp,123,1,E2.1,E2.1-R0,False,subwp,123,05,9,2788635442,exito,,505.504,0,0,"[0.0, -12.055724714985054]"
4270,goal_427,10,exito,15797,2390.96,05,subwp,123,1,E2.1,E2.1-R0,False,subwp,123,05,10,4101190554,exito,,505.504,0,0,"[0.0, 13.751193758589451]"
4271,goal_428,1,exito,15620,2388.49,05,subwp,123,1,E2.1,E2.1-R0,False,subwp,123,05,1,2838417719,exito,,499.84,0,0,"[0.0, -2.057335467872081]"
4272,goal_428,2,exito,15620,2387.56,05,subwp,123,1,E2.1,E2.1-R0,False,subwp,123,05,2,807895181,exito,,499.84,0,0,"[0.0, 10.288206959818588]"
4273,goal_428,3,col_return,10607,1438.4,05,subwp,123,1,E2.1,E2.1-R0,False,subwp,123,05,3,1193324571,col_return,return,339.424,0,0,"[0.0, 24.47315938316459]"
4274,goal_428,4,exito,15613,2388.15,05,subwp,123,1,E2.1,E2.1-R0,False,subwp,123,05,4,3645121976,exito,,499.616,0,0,"[0.0, 24.463661183899422]"
4275,goal_428,5,exito,15620,2388.51,05,subwp,123,1,E2.1,E2.1-R0,False,subwp,123,05,5,2923631918,exito,,499.84,0,0,"[0.0, -20.319824108095105]"
4276,goal_428,6,exito,15620,2388.5,05,subwp,123,1,E2.1,E2.1-R0,False,subwp,123,05,6,927614100,exito,,499.84,0,0,"[0.0, -21.977353897020993]"
4277,goal_428,7,exito,15620,2388.44,05,subwp,123,1,E2.1,E2.1-R0,False,subwp,123,05,7,1078817794,exito,,499.84,0,0,"[0.0, -11.148287348776618]"
4278,goal_428,8,exito,15620,2388.5,05,subwp,123,1,E2.1,E2.1-R0,False,subwp,123,05,8,3505547667,exito,,499.84,0,0,"[0.0, 8.397561643150082]"
4279,goal_428,9,exito,15620,2388.51,05,subwp,123,1,E2.1,E2.1-R0,False,subwp,123,05,9,2817874181,exito,,499.84,0,0,"[0.0, 5.486063939176136]"
4280,goal_428,10,exito,15620,2388.01,05,subwp,123,1,E2.1,E2.1-R0,False,subwp,123,05,10,1288656127,exito,,499.84,0,0,"[0.0, 26.796457456562344]"
4281,goal_429,1,col_return,10606,1417.31,05,subwp,123,1,E2.1,E2.1-R0,False,subwp,123,05,1,2725418506,col_return,return,339.392,0,0,"[0.0, 25.85374357626788]"
4282,goal_429,2,exito,15570,2360.63,05,subwp,123,1,E2.1,E2.1-R0,False,subwp,123,05,2,997967792,exito,,498.24,0,0,"[0.0, -5.244511730351036]"
4283,goal_429,3,exito,15574,2360.56,05,subwp,123,1,E2.1,E2.1-R0,False,subwp,123,05,3,1283258150,exito,,498.368,0,0,"[0.0, 21.847242871869042]"
4284,goal_429,4,exito,15574,2360.56,05,subwp,123,1,E2.1,E2.1-R0,False,subwp,123,05,4,3524813445,exito,,498.368,0,0,"[0.0, 18.810591120288212]"
4285,goal_429,5,exito,15575,2360.72,05,subwp,123,1,E2.1,E2.1-R0,False,subwp,123,05,5,2770293267,exito,,498.4,0,0,"[0.0, -4.856770492561817]"
4286,goal_429,6,exito,15574,2360.53,05,subwp,123,1,E2.1,E2.1-R0,False,subwp,123,05,6,1008075689,exito,,498.368,0,0,"[0.0, -29.9129003154164]"
4287,goal_429,7,exito,15575,2360.72,05,subwp,123,1,E2.1,E2.1-R0,False,subwp,123,05,7,1259418431,exito,,498.4,0,0,"[0.0, -14.580009914010093]"
4288,goal_429,8,exito,15574,2360.55,05,subwp,123,1,E2.1,E2.1-R0,False,subwp,123,05,8,3685625518,exito,,498.368,0,0,"[0.0, 8.993887806889827]"
4289,goal_429,9,exito,15575,2356.65,05,subwp,123,1,E2.1,E2.1-R0,False,subwp,123,05,9,2896764472,exito,,498.4,0,0,"[0.0, -14.95299731085683]"
4290,goal_429,10,col_return,10493,1405.46,05,subwp,123,1,E2.1,E2.1-R0,False,subwp,123,05,10,346834089,col_return,return,335.776,0,0,"[0.0, 16.65248510857078]"
4291,goal_430,1,exito,15381,2352.38,05,subwp,123,1,E2.1,E2.1-R0,False,subwp,123,05,1,2746285117,exito,,492.192,0,0,"[0.0, 22.85733737972813]"
4292,goal_430,2,exito,15388,2352.62,05,subwp,123,1,E2.1,E2.1-R0,False,subwp,123,05,2,985247111,exito,,492.416,0,0,"[0.0, -3.7084981117672577]"
4293,goal_430,3,exito,15388,2352.6,05,subwp,123,1,E2.1,E2.1-R0,False,subwp,123,05,3,1304337681,exito,,492.416,0,0,"[0.0, -16.626930054795213]"
4294,goal_430,4,exito,15388,2352.61,05,subwp,123,1,E2.1,E2.1-R0,False,subwp,123,05,4,3554281650,exito,,492.416,0,0,"[0.0, -6.596913684225365]"
4295,goal_430,5,exito,15388,2352.58,05,subwp,123,1,E2.1,E2.1-R0,False,subwp,123,05,5,2765961252,exito,,492.416,0,0,"[0.0, 21.591146601641313]"
4296,goal_430,6,exito,15386,2352.43,05,subwp,123,1,E2.1,E2.1-R0,False,subwp,123,05,6,1037330846,exito,,492.352,0,0,"[0.0, 22.837639353681027]"
4297,goal_430,7,exito,15388,2352.57,05,subwp,123,1,E2.1,E2.1-R0,False,subwp,123,05,7,1255364872,exito,,492.416,0,0,"[0.0, -28.52792968370403]"
4298,goal_430,8,exito,15388,2352.63,05,subwp,123,1,E2.1,E2.1-R0,False,subwp,123,05,8,3664528537,exito,,492.416,0,0,"[0.0, 7.344359354465095]"
4299,goal_430,9,exito,15386,2352.42,05,subwp,123,1,E2.1,E2.1-R0,False,subwp,123,05,9,2909500431,exito,,492.352,0,0,"[0.0, -15.420295290618597]"
4300,goal_430,10,exito,15388,2352.62,05,subwp,123,1,E2.1,E2.1-R0,False,subwp,123,05,10,2886738892,exito,,492.416,0,0,"[0.0, -27.991118066492856]"
4301,goal_431,1,exito,15321,2326.31,05,subwp,123,1,E2.1,E2.1-R0,False,subwp,123,05,1,350068951,exito,,490.272,0,0,"[0.0, -0.4489033284949162]"
4302,goal_431,2,exito,15321,2321.61,05,subwp,123,1,E2.1,E2.1-R0,False,subwp,123,05,2,2379542893,exito,,490.272,0,0,"[0.0, -22.771403628682233]"
4303,goal_431,3,col_return,10379,1382.16,05,subwp,123,1,E2.1,E2.1-R0,False,subwp,123,05,3,4208181755,col_return,return,332.128,0,0,"[0.0, 14.035670678138079]"
4304,goal_431,4,exito,15316,2326.2,05,subwp,123,1,E2.1,E2.1-R0,False,subwp,123,05,4,1689736280,exito,,490.112,0,0,"[0.0, -0.7365807060142804]"
4305,goal_431,5,exito,15322,2326.39,05,subwp,123,1,E2.1,E2.1-R0,False,subwp,123,05,5,330327246,exito,,490.304,0,0,"[0.0, -3.781710646172498]"
4306,goal_431,6,exito,15321,2326.33,05,subwp,123,1,E2.1,E2.1-R0,False,subwp,123,05,6,2327393652,exito,,490.272,0,0,"[0.0, 24.756061626636637]"
4307,goal_431,7,exito,15321,2326.27,05,subwp,123,1,E2.1,E2.1-R0,False,subwp,123,05,7,4257088994,exito,,490.272,0,0,"[0.0, 0.619067120823551]"
4308,goal_431,8,exito,15321,2326.28,05,subwp,123,1,E2.1,E2.1-R0,False,subwp,123,05,8,1828788339,exito,,490.272,0,0,"[0.0, 25.40468359484955]"
4309,goal_431,9,exito,15321,2326.3,05,subwp,123,1,E2.1,E2.1-R0,False,subwp,123,05,9,436611301,exito,,490.272,0,0,"[0.0, 13.656608104897845]"
4310,goal_431,10,exito,15322,2326.39,05,subwp,123,1,E2.1,E2.1-R0,False,subwp,123,05,10,3967305206,exito,,490.304,0,0,"[0.0, -6.838136822031857]"
4311,goal_432,1,exito,15132,2321.57,05,subwp,123,1,E2.1,E2.1-R0,False,subwp,123,05,1,354405088,exito,,484.224,0,0,"[0.0, -4.062136465023833]"
4312,goal_432,2,exito,15131,2321.5,05,subwp,123,1,E2.1,E2.1-R0,False,subwp,123,05,2,2350291802,exito,,484.192,0,0,"[0.0, 13.5787128901529]"
4313,goal_432,3,exito,15133,2321.83,05,subwp,123,1,E2.1,E2.1-R0,False,subwp,123,05,3,4212239308,exito,,484.256,0,0,"[0.0, -16.019456955610558]"
4314,goal_432,4,exito,15131,2321.55,05,subwp,123,1,E2.1,E2.1-R0,False,subwp,123,05,4,1702182511,exito,,484.192,0,0,"[0.0, 20.127052853397988]"
4315,goal_432,5,exito,15132,2321.56,05,subwp,123,1,E2.1,E2.1-R0,False,subwp,123,05,5,309464825,exito,,484.224,0,0,"[0.0, -25.372008313970117]"
4316,goal_432,6,exito,15131,2321.44,05,subwp,123,1,E2.1,E2.1-R0,False,subwp,123,05,6,2340118339,exito,,484.192,0,0,"[0.0, 27.387828766143894]"
4317,goal_432,7,exito,15131,2321.51,05,subwp,123,1,E2.1,E2.1-R0,False,subwp,123,05,7,4236013525,exito,,484.192,0,0,"[0.0, 7.6998725618727075]"
4318,goal_432,8,exito,15131,2321.52,05,subwp,123,1,E2.1,E2.1-R0,False,subwp,123,05,8,1824748100,exito,,484.192,0,0,"[0.0, -0.2851743812949259]"
4319,goal_432,9,exito,15131,2321.51,05,subwp,123,1,E2.1,E2.1-R0,False,subwp,123,05,9,465846994,exito,,484.192,0,0,"[0.0, 20.484563957612245]"
4320,goal_432,10,exito,15131,2321.52,05,subwp,123,1,E2.1,E2.1-R0,False,subwp,123,05,10,1422140051,exito,,484.192,0,0,"[0.0, -18.922658625289422]"
4321,goal_433,1,exito,15346,2335.18,05,subwp,123,1,E2.1,E2.1-R0,False,subwp,123,05,1,391738553,exito,,491.072,0,0,"[0.0, -1.7012021717244807]"
4322,goal_433,2,exito,15346,2335.19,05,subwp,123,1,E2.1,E2.1-R0,False,subwp,123,05,2,2387617027,exito,,491.072,0,0,"[0.0, -20.21101263336596]"
4323,goal_433,3,exito,15348,2330.96,05,subwp,123,1,E2.1,E2.1-R0,False,subwp,123,05,3,4183233941,exito,,491.136,0,0,"[0.0, -15.510902414763825]"
4324,goal_433,4,col_return,10388,1389.85,05,subwp,123,1,E2.1,E2.1-R0,False,subwp,123,05,4,1731428406,col_return,return,332.416,0,0,"[0.0, 9.786709540201029]"
4325,goal_433,5,exito,15343,2335.44,05,subwp,123,1,E2.1,E2.1-R0,False,subwp,123,05,5,271888544,exito,,490.976,0,0,"[0.0, 26.22351099360162]"
4326,goal_433,6,exito,15348,2335.56,05,subwp,123,1,E2.1,E2.1-R0,False,subwp,123,05,6,2302533914,exito,,491.136,0,0,"[0.0, 15.13886488287557]"
4327,goal_433,7,exito,15346,2332.53,05,subwp,123,1,E2.1,E2.1-R0,False,subwp,123,05,7,4265267596,exito,,491.072,0,0,"[0.0, 9.654935518080265]"
4328,goal_433,8,exito,15348,2295.72,05,subwp,123,1,E2.1,E2.1-R0,False,subwp,123,05,8,1854262301,exito,,491.136,0,0,"[0.0, -23.790045396147345]"
4329,goal_433,9,exito,15348,2319.45,05,subwp,123,1,E2.1,E2.1-R0,False,subwp,123,05,9,428014731,exito,,491.136,0,0,"[0.0, 16.811653741143626]"
4330,goal_433,10,exito,15348,2334.88,05,subwp,123,1,E2.1,E2.1-R0,False,subwp,123,05,10,1181846909,exito,,491.136,0,0,"[0.0, 16.85673969849589]"
4331,goal_434,1,exito,15278,2335.83,05,subwp,123,1,E2.1,E2.1-R0,False,subwp,123,05,1,379264654,exito,,488.896,0,0,"[0.0, -7.720261124495609]"
4332,goal_434,2,col_approach,2826,192.52,05,subwp,123,1,E2.1,E2.1-R0,False,subwp,123,05,2,2408730420,col_approach,approach,90.432,0,0,"[0.0, -16.603467866124692]"
4333,goal_434,3,col_return,10048,1361.21,05,subwp,123,1,E2.1,E2.1-R0,False,subwp,123,05,3,4170547106,col_return,return,321.536,0,0,"[0.0, -0.8683375607494703]"
4334,goal_434,4,exito,15273,2335.23,05,subwp,123,1,E2.1,E2.1-R0,False,subwp,123,05,4,1727130113,exito,,488.736,0,0,"[0.0, 23.737135870936026]"
4335,goal_434,5,exito,15278,2332.79,05,subwp,123,1,E2.1,E2.1-R0,False,subwp,123,05,5,301390487,exito,,488.896,0,0,"[0.0, 23.955237683514017]"
4336,goal_434,6,exito,15278,2325.5,05,subwp,123,1,E2.1,E2.1-R0,False,subwp,123,05,6,2298448685,exito,,488.896,0,0,"[0.0, -15.8053538093857]"
4337,goal_434,7,col_approach,2865,226.13,05,subwp,123,1,E2.1,E2.1-R0,False,subwp,123,05,7,4294491067,col_approach,approach,91.68,0,0,"[0.0, 24.55142715305424]"
4338,goal_434,8,exito,15273,2335.69,05,subwp,123,1,E2.1,E2.1-R0,False,subwp,123,05,8,1866966570,exito,,488.736,0,0,"[0.0, -21.83379133787668]"
4339,goal_434,9,exito,15278,2334.27,05,subwp,123,1,E2.1,E2.1-R0,False,subwp,123,05,9,406886076,exito,,488.896,0,0,"[0.0, 28.316287972726503]"
4340,goal_434,10,exito,15278,2319.83,05,subwp,123,1,E2.1,E2.1-R0,False,subwp,123,05,10,4274907672,exito,,488.896,0,0,"[0.0, 7.412841760720223]"
4341,goal_435,1,col_return,10460,1390.15,05,subwp,123,1,E2.1,E2.1-R0,False,subwp,123,05,1,332662795,col_return,return,334.72,0,0,"[0.0, -0.5026578624804356]"
4342,goal_435,2,exito,15657,2368.69,05,subwp,123,1,E2.1,E2.1-R0,False,subwp,123,05,2,2329762225,exito,,501.024,0,0,"[0.0, 2.815925505045851]"
4343,goal_435,3,exito,15662,2355.01,05,subwp,123,1,E2.1,E2.1-R0,False,subwp,123,05,3,4258949415,exito,,501.184,0,0,"[0.0, 8.648001420856273]"
4344,goal_435,4,exito,15662,2364.47,05,subwp,123,1,E2.1,E2.1-R0,False,subwp,123,05,4,1673460868,exito,,501.184,0,0,"[0.0, 21.966731376157583]"
4345,goal_435,5,exito,15662,2360.35,05,subwp,123,1,E2.1,E2.1-R0,False,subwp,123,05,5,347720722,exito,,501.184,0,0,"[0.0, 5.8841332168639315]"
4346,goal_435,6,exito,15662,2368.72,05,subwp,123,1,E2.1,E2.1-R0,False,subwp,123,05,6,2377162152,exito,,501.184,0,0,"[0.0, -15.559794273030093]"
4347,goal_435,7,exito,15662,2368.69,05,subwp,123,1,E2.1,E2.1-R0,False,subwp,123,05,7,4206341438,exito,,501.184,0,0,"[0.0, -2.1190521996891842]"
4348,goal_435,8,exito,15662,2340.13,05,subwp,123,1,E2.1,E2.1-R0,False,subwp,123,05,8,1778954415,exito,,501.184,0,0,"[0.0, 29.49302108065413]"
4349,goal_435,9,col_return,10411,1385.66,05,subwp,123,1,E2.1,E2.1-R0,False,subwp,123,05,9,487555129,col_return,return,333.152,0,0,"[0.0, 17.602983109133262]"
4350,goal_435,10,exito,15657,2368.6,05,subwp,123,1,E2.1,E2.1-R0,False,subwp,123,05,10,1662702241,exito,,501.024,0,0,"[0.0, -25.11825890279552]"
4351,goal_436,1,exito,15550,2350.6,05,subwp,123,1,E2.1,E2.1-R0,False,subwp,123,05,1,303456828,exito,,497.6,0,0,"[0.0, -1.3221787815596775]"
4352,goal_436,2,exito,15550,2363.31,05,subwp,123,1,E2.1,E2.1-R0,False,subwp,123,05,2,2334077830,exito,,497.6,0,0,"[0.0, 26.76193898732625]"
4353,goal_436,3,exito,15550,2370.54,05,subwp,123,1,E2.1,E2.1-R0,False,subwp,123,05,3,4229432080,exito,,497.6,0,0,"[0.0, -17.041475536516845]"
4354,goal_436,4,exito,15550,2365.31,05,subwp,123,1,E2.1,E2.1-R0,False,subwp,123,05,4,1652332211,exito,,497.6,0,0,"[0.0, 20.192196322757326]"
4355,goal_436,5,exito,15550,2370.56,05,subwp,123,1,E2.1,E2.1-R0,False,subwp,123,05,5,360424997,exito,,497.6,0,0,"[0.0, -21.74824018907372]"
4356,goal_436,6,exito,15550,2370.55,05,subwp,123,1,E2.1,E2.1-R0,False,subwp,123,05,6,2356344735,exito,,497.6,0,0,"[0.0, 16.56899922931595]"
4357,goal_436,7,exito,15550,2351.64,05,subwp,123,1,E2.1,E2.1-R0,False,subwp,123,05,7,4218799881,exito,,497.6,0,0,"[0.0, -7.812869255087422]"
4358,goal_436,8,col_return,10383,1402.79,05,subwp,123,1,E2.1,E2.1-R0,False,subwp,123,05,8,1808456344,col_return,return,332.256,0,0,"[0.0, 1.4760230020387644]"
4359,goal_436,9,exito,15545,2370.52,05,subwp,123,1,E2.1,E2.1-R0,False,subwp,123,05,9,483256846,exito,,497.44,0,0,"[0.0, -9.94174798077327]"
4360,goal_436,10,exito,15550,2367.0,05,subwp,123,1,E2.1,E2.1-R0,False,subwp,123,05,10,3685135812,exito,,497.6,0,0,"[0.0, 21.424950070487213]"
4361,goal_437,1,exito,15940,2367.58,05,subwp,123,1,E2.1,E2.1-R0,False,subwp,123,05,1,273734757,exito,,510.08,0,0,"[0.0, 12.719377294213503]"
4362,goal_437,2,exito,15930,2399.61,05,subwp,123,1,E2.1,E2.1-R0,False,subwp,123,05,2,2304347615,exito,,509.76,0,0,"[0.0, 20.2427237528982]"
4363,goal_437,3,exito,15930,2408.17,05,subwp,123,1,E2.1,E2.1-R0,False,subwp,123,05,3,4267621705,exito,,509.76,0,0,"[0.0, -14.079582222521656]"
4364,goal_437,4,col_return,10936,1466.35,05,subwp,123,1,E2.1,E2.1-R0,False,subwp,123,05,4,1614424298,col_return,return,349.952,0,0,"[0.0, -17.270773725597003]"
4365,goal_437,5,exito,15926,2408.15,05,subwp,123,1,E2.1,E2.1-R0,False,subwp,123,05,5,389879932,exito,,509.632,0,0,"[0.0, 6.218311048829721]"
4366,goal_437,6,exito,15930,2387.46,05,subwp,123,1,E2.1,E2.1-R0,False,subwp,123,05,6,2385791430,exito,,509.76,0,0,"[0.0, 21.01323319165501]"
4367,goal_437,7,exito,15930,2408.17,05,subwp,123,1,E2.1,E2.1-R0,False,subwp,123,05,7,4180900176,exito,,509.76,0,0,"[0.0, 23.906801461438793]"
4368,goal_437,8,exito,15930,2408.17,05,subwp,123,1,E2.1,E2.1-R0,False,subwp,123,05,8,1770808513,exito,,509.76,0,0,"[0.0, 15.661091563055505]"
4369,goal_437,9,exito,15930,2400.84,05,subwp,123,1,E2.1,E2.1-R0,False,subwp,123,05,9,512447575,exito,,509.76,0,0,"[0.0, 22.08032867646537]"
4370,goal_437,10,col_return,10650,1420.79,05,subwp,123,1,E2.1,E2.1-R0,False,subwp,123,05,10,3373472298,col_return,return,340.8,0,0,"[0.0, 20.60429433442042]"
4371,goal_438,1,exito,15824,2406.47,05,subwp,123,1,E2.1,E2.1-R0,False,subwp,123,05,1,294827602,exito,,506.368,0,0,"[0.0, -4.736686366136018]"
4372,goal_438,2,col_approach,2814,222.04,05,subwp,123,1,E2.1,E2.1-R0,False,subwp,123,05,2,2291918824,col_approach,approach,90.048,0,0,"[0.0, 2.558322490569913]"
4373,goal_438,3,exito,15824,2389.02,05,subwp,123,1,E2.1,E2.1-R0,False,subwp,123,05,3,4288468862,exito,,506.368,0,0,"[0.0, -19.469437356467157]"
4374,goal_438,4,col_return,10532,1422.09,05,subwp,123,1,E2.1,E2.1-R0,False,subwp,123,05,4,1643659997,col_return,return,337.024,0,0,"[0.0, -28.074292491332606]"
4375,goal_438,5,exito,15824,2406.47,05,subwp,123,1,E2.1,E2.1-R0,False,subwp,123,05,5,385839691,exito,,506.368,0,0,"[0.0, 1.7505038715262033]"
4376,goal_438,6,col_approach,2819,220.64,05,subwp,123,1,E2.1,E2.1-R0,False,subwp,123,05,6,2415272945,col_approach,approach,90.208,0,0,"[0.0, 3.2721627259203245]"
4377,goal_438,7,exito,15824,2388.68,05,subwp,123,1,E2.1,E2.1-R0,False,subwp,123,05,7,4176548711,exito,,506.368,0,0,"[0.0, 0.2853802371317027]"
4378,goal_438,8,col_return,10529,1422.34,05,subwp,123,1,E2.1,E2.1-R0,False,subwp,123,05,8,1749946102,col_return,return,336.928,0,0,"[0.0, 5.5642353183686915]"
4379,goal_438,9,exito,15824,2406.39,05,subwp,123,1,E2.1,E2.1-R0,False,subwp,123,05,9,524893792,exito,,506.368,0,0,"[0.0, 10.71651501289401]"
4380,goal_438,10,col_approach,2816,222.46,05,subwp,123,1,E2.1,E2.1-R0,False,subwp,123,05,10,1907326287,col_approach,approach,90.112,0,0,"[0.0, 2.70125182529779]"
4381,goal_439,1,col_return,11092,1488.92,05,subwp,123,1,E2.1,E2.1-R0,False,subwp,123,05,1,449769839,col_return,return,354.944,0,0,"[0.0, -3.1913318165902593]"
4382,goal_439,2,exito,16144,2436.96,05,subwp,123,1,E2.1,E2.1-R0,False,subwp,123,05,2,2210898133,exito,,516.608,0,0,"[0.0, 19.668300831980485]"
4383,goal_439,3,col_approach,2792,222.82,05,subwp,123,1,E2.1,E2.1-R0,False,subwp,123,05,3,4106260547,col_approach,approach,89.344,0,0,"[0.0, 19.715982427179316]"
4384,goal_439,4,col_return,11081,1484.98,05,subwp,123,1,E2.1,E2.1-R0,False,subwp,123,05,4,1789134304,col_return,return,354.592,0,0,"[0.0, 14.660378344610692]"
4385,goal_439,5,exito,16144,2436.93,05,subwp,123,1,E2.1,E2.1-R0,False,subwp,123,05,5,497235318,exito,,516.608,0,0,"[0.0, 26.84497896137847]"
4386,goal_439,6,col_approach,2789,219.24,05,subwp,123,1,E2.1,E2.1-R0,False,subwp,123,05,6,2225759436,col_approach,approach,89.248,0,0,"[0.0, 3.426769965964056]"
4387,goal_439,7,col_return,11080,1479.73,05,subwp,123,1,E2.1,E2.1-R0,False,subwp,123,05,7,4088222810,col_return,return,354.56,0,0,"[0.0, -19.17052574212672]"
4388,goal_439,8,exito,16144,2436.95,05,subwp,123,1,E2.1,E2.1-R0,False,subwp,123,05,8,1662142923,exito,,516.608,0,0,"[0.0, 13.364130651221522]"
4389,goal_439,9,col_approach,2786,216.64,05,subwp,123,1,E2.1,E2.1-R0,False,subwp,123,05,9,336951645,col_approach,approach,89.152,0,0,"[0.0, -28.05678645664557]"
4390,goal_439,10,col_return,11074,1480.42,05,subwp,123,1,E2.1,E2.1-R0,False,subwp,123,05,10,701263129,col_return,return,354.368,0,0,"[0.0, -27.2017511325362]"
4391,goal_440,1,exito,16078,2437.78,05,subwp,123,1,E2.1,E2.1-R0,False,subwp,123,05,1,453811032,exito,,514.496,0,0,"[0.0, 13.485697227655319]"
4392,goal_440,2,col_approach,2803,219.35,05,subwp,123,1,E2.1,E2.1-R0,False,subwp,123,05,2,2181417698,col_approach,approach,89.696,0,0,"[0.0, 0.27524902051073497]"
4393,goal_440,3,col_return,11059,1492.43,05,subwp,123,1,E2.1,E2.1-R0,False,subwp,123,05,3,4110613108,col_return,return,353.888,0,0,"[0.0, 17.65031450847707]"
4394,goal_440,4,exito,16078,2437.96,05,subwp,123,1,E2.1,E2.1-R0,False,subwp,123,05,4,1801875415,exito,,514.496,0,0,"[0.0, -26.037146076018097]"
4395,goal_440,5,col_approach,2840,215.67,05,subwp,123,1,E2.1,E2.1-R0,False,subwp,123,05,5,476143425,col_approach,approach,90.88,0,0,"[0.0, 12.606769240828106]"
4396,goal_440,6,col_return,11079,1490.1,05,subwp,123,1,E2.1,E2.1-R0,False,subwp,123,05,6,2238189307,col_return,return,354.528,0,0,"[0.0, 1.4535506783246666]"
4397,goal_440,7,exito,16078,2438.03,05,subwp,123,1,E2.1,E2.1-R0,False,subwp,123,05,7,4067376749,exito,,514.496,0,0,"[0.0, 27.822742672520697]"
4398,goal_440,8,col_approach,2826,225.64,05,subwp,123,1,E2.1,E2.1-R0,False,subwp,123,05,8,1657807868,col_approach,approach,90.432,0,0,"[0.0, -24.054624422009233]"
4399,goal_440,9,col_return,11066,1497.74,05,subwp,123,1,E2.1,E2.1-R0,False,subwp,123,05,9,366416746,col_return,return,354.112,0,0,"[0.0, -21.84738698667305]"
4400,goal_440,10,exito,16078,2437.96,05,subwp,123,1,E2.1,E2.1-R0,False,subwp,123,05,10,2440039036,exito,,514.496,0,0,"[0.0, 26.983400270485177]"
4401,goal_441,1,col_approach,2838,228.77,05,subwp,123,1,E2.1,E2.1-R0,False,subwp,123,05,1,2299172974,col_approach,approach,90.816,0,0,"[0.0, 2.917283412657854]"
4402,goal_441,2,col_return,11256,1491.0,05,subwp,123,1,E2.1,E2.1-R0,False,subwp,123,05,2,268683732,col_return,return,360.192,0,0,"[0.0, 0.6553621164520185]"
4403,goal_441,3,exito,16398,2467.24,05,subwp,123,1,E2.1,E2.1-R0,False,subwp,123,05,3,1728379202,exito,,524.736,0,0,"[0.0, 27.34344719619293]"
4404,goal_441,4,exito,16403,2464.03,05,subwp,123,1,E2.1,E2.1-R0,False,subwp,123,05,4,4183846113,exito,,524.896,0,0,"[0.0, 4.560674261033664]"
4405,goal_441,5,exito,16405,2466.86,05,subwp,123,1,E2.1,E2.1-R0,False,subwp,123,05,5,2389138551,exito,,524.96,0,0,"[0.0, 11.091848589753543]"
4406,goal_441,6,col_return,11012,1470.91,05,subwp,123,1,E2.1,E2.1-R0,False,subwp,123,05,6,393088461,col_return,return,352.384,0,0,"[0.0, -8.300732284811946]"
4407,goal_441,7,exito,16398,2467.16,05,subwp,123,1,E2.1,E2.1-R0,False,subwp,123,05,7,1617509723,exito,,524.736,0,0,"[0.0, 27.82206926597536]"
4408,goal_441,8,exito,16403,2467.3,05,subwp,123,1,E2.1,E2.1-R0,False,subwp,123,05,8,4040564938,exito,,524.896,0,0,"[0.0, -3.6340640102984345]"
4409,goal_441,9,exito,16403,2462.51,05,subwp,123,1,E2.1,E2.1-R0,False,subwp,123,05,9,2278625372,exito,,524.896,0,0,"[0.0, -0.025781597552829716]"
4410,goal_441,10,col_return,10913,1446.54,05,subwp,123,1,E2.1,E2.1-R0,False,subwp,123,05,10,1582864870,col_return,return,349.216,0,0,"[0.0, -13.26733654148194]"
4411,goal_442,1,exito,16358,2473.94,05,subwp,123,1,E2.1,E2.1-R0,False,subwp,123,05,1,2294870617,exito,,523.456,0,0,"[0.0, 27.2850476046677]"
4412,goal_442,2,exito,16363,2474.5,05,subwp,123,1,E2.1,E2.1-R0,False,subwp,123,05,2,297903075,exito,,523.616,0,0,"[0.0, 17.283878489488355]"
4413,goal_442,3,exito,16363,2469.67,05,subwp,123,1,E2.1,E2.1-R0,False,subwp,123,05,3,1724289909,exito,,523.616,0,0,"[0.0, 8.929129537135282]"
4414,goal_442,4,col_return,10887,1463.44,05,subwp,123,1,E2.1,E2.1-R0,False,subwp,123,05,4,4171368150,col_return,return,348.384,0,0,"[0.0, -17.261174142546626]"
4415,goal_442,5,exito,16358,2474.22,05,subwp,123,1,E2.1,E2.1-R0,False,subwp,123,05,5,2409969216,exito,,523.456,0,0,"[0.0, 6.364500232528099]"
4416,goal_442,6,exito,16363,2474.51,05,subwp,123,1,E2.1,E2.1-R0,False,subwp,123,05,6,380397562,exito,,523.616,0,0,"[0.0, -12.944550455109194]"
4417,goal_442,7,exito,16363,2470.62,05,subwp,123,1,E2.1,E2.1-R0,False,subwp,123,05,7,1638618988,exito,,523.616,0,0,"[0.0, 10.0228056994821]"
4418,goal_442,8,col_return,10892,1468.53,05,subwp,123,1,E2.1,E2.1-R0,False,subwp,123,05,8,4044638973,col_return,return,348.544,0,0,"[0.0, -0.24425647715363485]"
4419,goal_442,9,exito,16358,2474.24,05,subwp,123,1,E2.1,E2.1-R0,False,subwp,123,05,9,2249423467,exito,,523.456,0,0,"[0.0, -17.811476947412142]"
4420,goal_442,10,exito,16363,2474.5,05,subwp,123,1,E2.1,E2.1-R0,False,subwp,123,05,10,3873767043,exito,,523.616,0,0,"[0.0, -26.892996638660676]"
4421,goal_443,1,exito,16623,2473.86,05,subwp,123,1,E2.1,E2.1-R0,False,subwp,123,05,1,2324581376,exito,,531.936,0,0,"[0.0, -21.904063875009246]"
4422,goal_443,2,col_return,10894,1454.59,05,subwp,123,1,E2.1,E2.1-R0,False,subwp,123,05,2,327622074,col_return,return,348.608,0,0,"[0.0, 25.952480538070674]"
4423,goal_443,3,exito,16618,2493.82,05,subwp,123,1,E2.1,E2.1-R0,False,subwp,123,05,3,1686121772,exito,,531.776,0,0,"[0.0, -23.752152222139248]"
4424,goal_443,4,col_approach,2842,202.55,05,subwp,123,1,E2.1,E2.1-R0,False,subwp,123,05,4,4209293455,col_approach,approach,90.944,0,0,"[0.0, 8.63611797914209]"
4425,goal_443,5,exito,16619,2444.52,05,subwp,123,1,E2.1,E2.1-R0,False,subwp,123,05,5,2380498969,exito,,531.808,0,0,"[0.0, -18.59704769804527]"
4426,goal_443,6,exito,16623,2497.33,05,subwp,123,1,E2.1,E2.1-R0,False,subwp,123,05,6,350935459,exito,,531.936,0,0,"[0.0, 28.456089171761146]"
4427,goal_443,7,exito,16623,2478.4,05,subwp,123,1,E2.1,E2.1-R0,False,subwp,123,05,7,1676536117,exito,,531.936,0,0,"[0.0, 0.33387494096712045]"
4428,goal_443,8,exito,16623,2486.13,05,subwp,123,1,E2.1,E2.1-R0,False,subwp,123,05,8,4082300068,exito,,531.936,0,0,"[0.0, 11.116623804742057]"
4429,goal_443,9,col_return,11224,1501.26,05,subwp,123,1,E2.1,E2.1-R0,False,subwp,123,05,9,2220213298,col_return,return,359.168,0,0,"[0.0, -11.976380651154104]"
4430,goal_443,10,exito,16619,2497.4,05,subwp,123,1,E2.1,E2.1-R0,False,subwp,123,05,10,4098969965,exito,,531.808,0,0,"[0.0, -23.701692444667167]"
4431,goal_444,1,exito,16577,2502.37,05,subwp,123,1,E2.1,E2.1-R0,False,subwp,123,05,1,2337023543,exito,,530.464,0,0,"[0.0, 1.2835495336769687]"
4432,goal_444,2,col_return,11509,1536.27,05,subwp,123,1,E2.1,E2.1-R0,False,subwp,123,05,2,306542477,col_return,return,368.288,0,0,"[0.0, -21.193299540216103]"
4433,goal_444,3,exito,16572,2502.32,05,subwp,123,1,E2.1,E2.1-R0,False,subwp,123,05,3,1698842395,exito,,530.304,0,0,"[0.0, -27.391522309145536]"
4434,goal_444,4,exito,16577,2501.02,05,subwp,123,1,E2.1,E2.1-R0,False,subwp,123,05,4,4213625528,exito,,530.464,0,0,"[0.0, 9.688196395870705]"
4435,goal_444,5,exito,16577,2477.22,05,subwp,123,1,E2.1,E2.1-R0,False,subwp,123,05,5,2351030830,exito,,530.464,0,0,"[0.0, -23.575720606377665]"
4436,goal_444,6,col_return,10873,1460.96,05,subwp,123,1,E2.1,E2.1-R0,False,subwp,123,05,6,354988948,col_return,return,347.936,0,0,"[0.0, 26.187471411263292]"
4437,goal_444,7,exito,16571,2499.01,05,subwp,123,1,E2.1,E2.1-R0,False,subwp,123,05,7,1647280898,exito,,530.272,0,0,"[0.0, 5.936268176771195]"
4438,goal_444,8,exito,16577,2468.03,05,subwp,123,1,E2.1,E2.1-R0,False,subwp,123,05,8,4069564051,exito,,530.464,0,0,"[0.0, 2.534678247532971]"
4439,goal_444,9,col_return,11358,1530.84,05,subwp,123,1,E2.1,E2.1-R0,False,subwp,123,05,9,2241310213,col_return,return,363.456,0,0,"[0.0, 28.989817969649284]"
4440,goal_444,10,exito,16571,2502.11,05,subwp,123,1,E2.1,E2.1-R0,False,subwp,123,05,10,1290614280,exito,,530.272,0,0,"[0.0, -29.058400023973736]"
4441,goal_445,1,exito,16235,2467.17,05,subwp,123,1,E2.1,E2.1-R0,False,subwp,123,05,1,2382573746,exito,,519.52,0,0,"[0.0, 21.077544995015515]"
4442,goal_445,2,exito,16235,2467.09,05,subwp,123,1,E2.1,E2.1-R0,False,subwp,123,05,2,386556168,exito,,519.52,0,0,"[0.0, -20.40282166723349]"
4443,goal_445,3,col_return,10990,1489.26,05,subwp,123,1,E2.1,E2.1-R0,False,subwp,123,05,3,1611485598,col_return,return,351.68,0,0,"[0.0, -14.299388647610012]"
4444,goal_445,4,exito,16230,2466.99,05,subwp,123,1,E2.1,E2.1-R0,False,subwp,123,05,4,4268344381,exito,,519.36,0,0,"[0.0, 12.81261753176671]"
4445,goal_445,5,exito,16235,2467.14,05,subwp,123,1,E2.1,E2.1-R0,False,subwp,123,05,5,2305750187,exito,,519.52,0,0,"[0.0, 8.941548550746015]"
4446,goal_445,6,exito,16235,2467.09,05,subwp,123,1,E2.1,E2.1-R0,False,subwp,123,05,6,275227921,exito,,519.52,0,0,"[0.0, 15.88293785232018]"
4447,goal_445,7,col_return,11144,1513.22,05,subwp,123,1,E2.1,E2.1-R0,False,subwp,123,05,7,1734382983,col_return,return,356.608,0,0,"[0.0, 3.71998492566453]"
4448,goal_445,8,exito,16230,2466.97,05,subwp,123,1,E2.1,E2.1-R0,False,subwp,123,05,8,4158621718,exito,,519.36,0,0,"[0.0, -19.685147565515518]"
4449,goal_445,9,exito,16235,2467.15,05,subwp,123,1,E2.1,E2.1-R0,False,subwp,123,05,9,2161686656,exito,,519.52,0,0,"[0.0, -7.001446404519451]"
4450,goal_445,10,exito,16235,2467.11,05,subwp,123,1,E2.1,E2.1-R0,False,subwp,123,05,10,3510242993,exito,,519.52,0,0,"[0.0, -22.623942525231822]"
4451,goal_446,1,col_return,11285,1526.28,05,subwp,123,1,E2.1,E2.1-R0,False,subwp,123,05,1,2411813509,col_return,return,361.12,0,0,"[0.0, 9.039030759237022]"
4452,goal_446,2,exito,16357,2483.66,05,subwp,123,1,E2.1,E2.1-R0,False,subwp,123,05,2,382208831,exito,,523.424,0,0,"[0.0, 10.517083024525888]"
4453,goal_446,3,exito,16364,2483.99,05,subwp,123,1,E2.1,E2.1-R0,False,subwp,123,05,3,1640971177,exito,,523.648,0,0,"[0.0, -25.40191848014889]"
4454,goal_446,4,exito,16364,2483.97,05,subwp,123,1,E2.1,E2.1-R0,False,subwp,123,05,4,4289441290,exito,,523.648,0,0,"[0.0, 5.93717970249471]"
4455,goal_446,5,col_return,11109,1494.89,05,subwp,123,1,E2.1,E2.1-R0,False,subwp,123,05,5,2293014172,col_return,return,355.488,0,0,"[0.0, -2.503709780587382]"
4456,goal_446,6,exito,16358,2483.95,05,subwp,123,1,E2.1,E2.1-R0,False,subwp,123,05,6,296079142,exito,,523.456,0,0,"[0.0, 26.269330569424746]"
4457,goal_446,7,exito,16364,2484.02,05,subwp,123,1,E2.1,E2.1-R0,False,subwp,123,05,7,1721958320,exito,,523.648,0,0,"[0.0, -14.603272666537979]"
4458,goal_446,8,exito,16364,2483.56,05,subwp,123,1,E2.1,E2.1-R0,False,subwp,123,05,8,4129153569,exito,,523.648,0,0,"[0.0, 11.97152373223576]"
4459,goal_446,9,col_return,10998,1492.19,05,subwp,123,1,E2.1,E2.1-R0,False,subwp,123,05,9,2166018743,col_return,return,351.936,0,0,"[0.0, 2.358140653055383]"
4460,goal_446,10,exito,16357,2483.71,05,subwp,123,1,E2.1,E2.1-R0,False,subwp,123,05,10,1770416596,exito,,523.424,0,0,"[0.0, -1.9197435076074898]"
4461,goal_447,1,exito,16122,2448.81,05,subwp,123,1,E2.1,E2.1-R0,False,subwp,123,05,1,2374493404,exito,,515.904,0,0,"[0.0, -14.191317794032898]"
4462,goal_447,2,exito,16122,2448.8,05,subwp,123,1,E2.1,E2.1-R0,False,subwp,123,05,2,344896870,exito,,515.904,0,0,"[0.0, -29.409013247153727]"
4463,goal_447,3,col_return,11087,1490.07,05,subwp,123,1,E2.1,E2.1-R0,False,subwp,123,05,3,1669957104,col_return,return,354.784,0,0,"[0.0, -28.773743287955487]"
4464,goal_447,4,exito,16116,2448.82,05,subwp,123,1,E2.1,E2.1-R0,False,subwp,123,05,4,4260171859,exito,,515.712,0,0,"[0.0, -22.344849123656125]"
4465,goal_447,5,exito,16122,2448.78,05,subwp,123,1,E2.1,E2.1-R0,False,subwp,123,05,5,2330599621,exito,,515.904,0,0,"[0.0, 8.731803791029114]"
4466,goal_447,6,exito,16122,2448.76,05,subwp,123,1,E2.1,E2.1-R0,False,subwp,123,05,6,333672831,exito,,515.904,0,0,"[0.0, -27.986334611712387]"
4467,goal_447,7,exito,16122,2445.8,05,subwp,123,1,E2.1,E2.1-R0,False,subwp,123,05,7,1692680681,exito,,515.904,0,0,"[0.0, -10.615487468746352]"
4468,goal_447,8,col_return,10787,1458.44,05,subwp,123,1,E2.1,E2.1-R0,False,subwp,123,05,8,4099628152,col_return,return,345.184,0,0,"[0.0, -26.98452652022474]"
4469,goal_447,9,exito,16116,2448.82,05,subwp,123,1,E2.1,E2.1-R0,False,subwp,123,05,9,2203872494,exito,,515.712,0,0,"[0.0, -12.670324323288508]"
4470,goal_447,10,exito,16122,2448.78,05,subwp,123,1,E2.1,E2.1-R0,False,subwp,123,05,10,2066990650,exito,,515.904,0,0,"[0.0, -20.681119032461147]"
4471,goal_448,1,exito,16268,2469.26,05,subwp,123,1,E2.1,E2.1-R0,False,subwp,123,05,1,2353368811,exito,,520.576,0,0,"[0.0, -2.8629380312669728]"
4472,goal_448,2,col_return,11216,1515.92,05,subwp,123,1,E2.1,E2.1-R0,False,subwp,123,05,2,357359441,col_return,return,358.912,0,0,"[0.0, 27.465129702800613]"
4473,goal_448,3,exito,16262,2469.16,05,subwp,123,1,E2.1,E2.1-R0,False,subwp,123,05,3,1649143751,exito,,520.384,0,0,"[0.0, -11.01302986204319]"
4474,goal_448,4,exito,16269,2469.39,05,subwp,123,1,E2.1,E2.1-R0,False,subwp,123,05,4,4230969956,exito,,520.608,0,0,"[0.0, 14.356163031567277]"
4475,goal_448,5,exito,16269,2469.39,05,subwp,123,1,E2.1,E2.1-R0,False,subwp,123,05,5,2334673650,exito,,520.608,0,0,"[0.0, 4.53452936996134]"
4476,goal_448,6,col_return,11195,1517.39,05,subwp,123,1,E2.1,E2.1-R0,False,subwp,123,05,6,304159560,col_return,return,358.24,0,0,"[0.0, 14.024256723458812]"
4477,goal_448,7,exito,16263,2469.15,05,subwp,123,1,E2.1,E2.1-R0,False,subwp,123,05,7,1697000414,exito,,520.416,0,0,"[0.0, 4.401031051810904]"
4478,goal_448,8,exito,16268,2469.27,05,subwp,123,1,E2.1,E2.1-R0,False,subwp,123,05,8,4120458831,exito,,520.576,0,0,"[0.0, -15.44981541389555]"
4479,goal_448,9,exito,16268,2469.31,05,subwp,123,1,E2.1,E2.1-R0,False,subwp,123,05,9,2191394521,exito,,520.576,0,0,"[0.0, -26.992333593161394]"
4480,goal_448,10,col_return,11208,1514.09,05,subwp,123,1,E2.1,E2.1-R0,False,subwp,123,05,10,3280970079,col_return,return,358.656,0,0,"[0.0, 22.688767067590017]"
4481,goal_449,1,exito,15875,2410.68,05,subwp,123,1,E2.1,E2.1-R0,False,subwp,123,05,1,2266614230,exito,,508.0,0,0,"[0.0, 17.939998387524057]"
4482,goal_449,2,exito,15879,2410.6,05,subwp,123,1,E2.1,E2.1-R0,False,subwp,123,05,2,504404076,exito,,508.128,0,0,"[0.0, 0.7760146884303065]"
4483,goal_449,3,exito,15880,2410.88,05,subwp,123,1,E2.1,E2.1-R0,False,subwp,123,05,3,1763158266,exito,,508.16,0,0,"[0.0, -27.9084899252005]"
4484,goal_449,4,exito,15880,2410.83,05,subwp,123,1,E2.1,E2.1-R0,False,subwp,123,05,4,4151524697,exito,,508.16,0,0,"[0.0, -23.34558623579308]"
4485,goal_449,5,exito,15880,2409.37,05,subwp,123,1,E2.1,E2.1-R0,False,subwp,123,05,5,2155089359,exito,,508.16,0,0,"[0.0, 28.338672565730764]"
4486,goal_449,6,col_return,10707,1441.12,05,subwp,123,1,E2.1,E2.1-R0,False,subwp,123,05,6,427646069,col_return,return,342.624,0,0,"[0.0, -19.19377946911916]"
4487,goal_449,7,exito,15875,2410.69,05,subwp,123,1,E2.1,E2.1-R0,False,subwp,123,05,7,1853517027,exito,,508.0,0,0,"[0.0, -15.559464972236066]"
4488,goal_449,8,exito,15880,2410.83,05,subwp,123,1,E2.1,E2.1-R0,False,subwp,123,05,8,4274352498,exito,,508.16,0,0,"[0.0, 10.769863670077662]"
4489,goal_449,9,exito,15880,2410.82,05,subwp,123,1,E2.1,E2.1-R0,False,subwp,123,05,9,2311209444,exito,,508.16,0,0,"[0.0, 21.065504478656848]"
4490,goal_449,10,exito,15880,2410.8,05,subwp,123,1,E2.1,E2.1-R0,False,subwp,123,05,10,2615980297,exito,,508.16,0,0,"[0.0, 3.954401800103946]"
4491,goal_450,1,exito,15990,2422.85,05,subwp,123,1,E2.1,E2.1-R0,False,subwp,123,05,1,2262541281,exito,,511.68,0,0,"[0.0, -6.858305198016863]"
4492,goal_450,2,col_return,10664,1434.33,05,subwp,123,1,E2.1,E2.1-R0,False,subwp,123,05,2,533918299,col_return,return,341.248,0,0,"[0.0, -14.013119251860536]"
4493,goal_450,3,exito,15983,2432.19,05,subwp,123,1,E2.1,E2.1-R0,False,subwp,123,05,3,1758839501,exito,,511.456,0,0,"[0.0, 14.023287698135888]"
4494,goal_450,4,exito,15990,2432.39,05,subwp,123,1,E2.1,E2.1-R0,False,subwp,123,05,4,4138817390,exito,,511.68,0,0,"[0.0, 13.249158584245029]"
4495,goal_450,5,exito,15990,2432.25,05,subwp,123,1,E2.1,E2.1-R0,False,subwp,123,05,5,2176215032,exito,,511.68,0,0,"[0.0, 5.595573673272909]"
4496,goal_450,6,exito,15990,2432.2,05,subwp,123,1,E2.1,E2.1-R0,False,subwp,123,05,6,415184450,exito,,511.68,0,0,"[0.0, -2.2138857515722377]"
4497,goal_450,7,col_return,10848,1463.73,05,subwp,123,1,E2.1,E2.1-R0,False,subwp,123,05,7,1874331348,col_return,return,347.136,0,0,"[0.0, -14.543538735501933]"
4498,goal_450,8,exito,15984,2432.14,05,subwp,123,1,E2.1,E2.1-R0,False,subwp,123,05,8,4278655813,exito,,511.488,0,0,"[0.0, -22.88626150625082]"
4499,goal_450,9,exito,15990,2432.21,05,subwp,123,1,E2.1,E2.1-R0,False,subwp,123,05,9,2281712595,exito,,511.68,0,0,"[0.0, -0.3165280466505571]"
4500,goal_450,10,exito,15990,2432.25,05,subwp,123,1,E2.1,E2.1-R0,False,subwp,123,05,10,592500332,exito,,511.68,0,0,"[0.0, 19.289377692247918]"
4501,goal_451,1,exito,15616,2373.8,05,subwp,123,1,E2.1,E2.1-R0,False,subwp,123,05,1,834076427,exito,,499.712,0,0,"[0.0, -15.146852784804995]"
4502,goal_451,2,exito,15616,2373.45,05,subwp,123,1,E2.1,E2.1-R0,False,subwp,123,05,2,2831134385,exito,,499.712,0,0,"[0.0, -10.457339574771296]"
4503,goal_451,3,col_return,10638,1424.28,05,subwp,123,1,E2.1,E2.1-R0,False,subwp,123,05,3,3753418279,col_return,return,340.416,0,0,"[0.0, -10.358680298427696]"
4504,goal_451,4,exito,15613,2373.7,05,subwp,123,1,E2.1,E2.1-R0,False,subwp,123,05,4,1104939908,exito,,499.616,0,0,"[0.0, 0.8897355716370159]"
4505,goal_451,5,exito,15616,2373.81,05,subwp,123,1,E2.1,E2.1-R0,False,subwp,123,05,5,920337170,exito,,499.712,0,0,"[0.0, 10.997616530314623]"
4506,goal_451,6,exito,15616,2373.8,05,subwp,123,1,E2.1,E2.1-R0,False,subwp,123,05,6,2949802664,exito,,499.712,0,0,"[0.0, -0.982453421158811]"
4507,goal_451,7,exito,15616,2373.81,05,subwp,123,1,E2.1,E2.1-R0,False,subwp,123,05,7,3637860926,exito,,499.712,0,0,"[0.0, -12.316441646975333]"
4508,goal_451,8,exito,15616,2373.85,05,subwp,123,1,E2.1,E2.1-R0,False,subwp,123,05,8,1214924719,exito,,499.712,0,0,"[0.0, -15.643371346445496]"
4509,goal_451,9,exito,15616,2373.79,05,subwp,123,1,E2.1,E2.1-R0,False,subwp,123,05,9,1064138553,exito,,499.712,0,0,"[0.0, 6.031416794133289]"
4510,goal_451,10,exito,15616,2373.79,05,subwp,123,1,E2.1,E2.1-R0,False,subwp,123,05,10,1664659542,exito,,499.712,0,0,"[0.0, -17.30217820446334]"
4511,goal_452,1,col_return,10720,1448.03,05,subwp,123,1,E2.1,E2.1-R0,False,subwp,123,05,1,812946748,col_return,return,343.04,0,0,"[0.0, 19.86723820837798]"
4512,goal_452,2,exito,15728,2397.59,05,subwp,123,1,E2.1,E2.1-R0,False,subwp,123,05,2,2843591814,exito,,503.296,0,0,"[0.0, -23.505058830197562]"
4513,goal_452,3,exito,15735,2397.92,05,subwp,123,1,E2.1,E2.1-R0,False,subwp,123,05,3,3732599824,exito,,503.52,0,0,"[0.0, 19.265332631380684]"
4514,goal_452,4,exito,15735,2397.92,05,subwp,123,1,E2.1,E2.1-R0,False,subwp,123,05,4,1075732915,exito,,503.52,0,0,"[0.0, -11.21143366473143]"
4515,goal_452,5,exito,15735,2397.94,05,subwp,123,1,E2.1,E2.1-R0,False,subwp,123,05,5,924406053,exito,,503.52,0,0,"[0.0, -2.4221262778947605]"
4516,goal_452,6,exito,15735,2397.94,05,subwp,123,1,E2.1,E2.1-R0,False,subwp,123,05,6,2920284319,exito,,503.52,0,0,"[0.0, 7.407439737809936]"
4517,goal_452,7,exito,15735,2396.78,05,subwp,123,1,E2.1,E2.1-R0,False,subwp,123,05,7,3642175497,exito,,503.52,0,0,"[0.0, 25.71200982974663]"
4518,goal_452,8,col_return,10648,1443.86,05,subwp,123,1,E2.1,E2.1-R0,False,subwp,123,05,8,1235758488,col_return,return,340.736,0,0,"[0.0, -9.246413682645041]"
4519,goal_452,9,exito,15728,2397.46,05,subwp,123,1,E2.1,E2.1-R0,False,subwp,123,05,9,1051663630,exito,,503.296,0,0,"[0.0, -27.763895639893178]"
4520,goal_452,10,exito,15735,2397.92,05,subwp,123,1,E2.1,E2.1-R0,False,subwp,123,05,10,3682916147,exito,,503.52,0,0,"[0.0, 22.640778728761145]"
4521,goal_453,1,exito,15393,2346.36,05,subwp,123,1,E2.1,E2.1-R0,False,subwp,123,05,1,842148709,exito,,492.576,0,0,"[0.0, 8.637743569391073]"
4522,goal_453,2,exito,15393,2346.35,05,subwp,123,1,E2.1,E2.1-R0,False,subwp,123,05,2,2872802015,exito,,492.576,0,0,"[0.0, -12.300954880816722]"
4523,goal_453,3,exito,15393,2346.32,05,subwp,123,1,E2.1,E2.1-R0,False,subwp,123,05,3,3694938697,exito,,492.576,0,0,"[0.0, -25.785270872107734]"
4524,goal_453,4,exito,15393,2346.35,05,subwp,123,1,E2.1,E2.1-R0,False,subwp,123,05,4,1113120746,exito,,492.576,0,0,"[0.0, -24.816700573835927]"
4525,goal_453,5,exito,15393,2346.37,05,subwp,123,1,E2.1,E2.1-R0,False,subwp,123,05,5,895479676,exito,,492.576,0,0,"[0.0, 25.08188732534235]"
4526,goal_453,6,exito,15393,2346.35,05,subwp,123,1,E2.1,E2.1-R0,False,subwp,123,05,6,2891366086,exito,,492.576,0,0,"[0.0, 22.2806045416876]"
4527,goal_453,7,exito,15393,2346.37,05,subwp,123,1,E2.1,E2.1-R0,False,subwp,123,05,7,3679555152,exito,,492.576,0,0,"[0.0, -3.122882424728324]"
4528,goal_453,8,exito,15393,2334.89,05,subwp,123,1,E2.1,E2.1-R0,False,subwp,123,05,8,1273926593,exito,,492.576,0,0,"[0.0, -9.94140642186454]"
4529,goal_453,9,col_return,10358,1384.22,05,subwp,123,1,E2.1,E2.1-R0,False,subwp,123,05,9,1021944663,col_return,return,331.456,0,0,"[0.0, 18.301615574613113]"
4530,goal_453,10,exito,15389,2346.38,05,subwp,123,1,E2.1,E2.1-R0,False,subwp,123,05,10,3375462621,exito,,492.448,0,0,"[0.0, 20.232497607917573]"
4531,goal_454,1,exito,15514,2366.3,05,subwp,123,1,E2.1,E2.1-R0,False,subwp,123,05,1,871383378,exito,,496.448,0,0,"[0.0, 15.250327138284002]"
4532,goal_454,2,exito,15514,2366.19,05,subwp,123,1,E2.1,E2.1-R0,False,subwp,123,05,2,2868449512,exito,,496.448,0,0,"[0.0, 24.524653038879176]"
4533,goal_454,3,exito,15514,2366.25,05,subwp,123,1,E2.1,E2.1-R0,False,subwp,123,05,3,3724419198,exito,,496.448,0,0,"[0.0, 21.526448769262338]"
4534,goal_454,4,exito,15514,2366.24,05,subwp,123,1,E2.1,E2.1-R0,False,subwp,123,05,4,1134212573,exito,,496.448,0,0,"[0.0, 22.75792883406155]"
4535,goal_454,5,exito,15514,2366.27,05,subwp,123,1,E2.1,E2.1-R0,False,subwp,123,05,5,882738507,exito,,496.448,0,0,"[0.0, 1.444465029421218]"
4536,goal_454,6,exito,15514,2366.19,05,subwp,123,1,E2.1,E2.1-R0,False,subwp,123,05,6,2912212209,exito,,496.448,0,0,"[0.0, -22.780865407609788]"
4537,goal_454,7,exito,15514,2366.25,05,subwp,123,1,E2.1,E2.1-R0,False,subwp,123,05,7,3667125351,exito,,496.448,0,0,"[0.0, 29.51394804108732]"
4538,goal_454,8,exito,15514,2362.22,05,subwp,123,1,E2.1,E2.1-R0,False,subwp,123,05,8,1244461558,exito,,496.448,0,0,"[0.0, -11.828626411392246]"
4539,goal_454,9,col_return,10469,1414.36,05,subwp,123,1,E2.1,E2.1-R0,False,subwp,123,05,9,1026279776,col_return,return,335.008,0,0,"[0.0, -29.221683136931084]"
4540,goal_454,10,exito,15507,2365.93,05,subwp,123,1,E2.1,E2.1-R0,False,subwp,123,05,10,1905074104,exito,,496.224,0,0,"[0.0, 2.761687748587216]"
4541,goal_455,1,exito,15165,2314.56,05,subwp,123,1,E2.1,E2.1-R0,False,subwp,123,05,1,918509527,exito,,485.28,0,0,"[0.0, -0.6551231168530935]"
4542,goal_455,2,exito,15165,2314.61,05,subwp,123,1,E2.1,E2.1-R0,False,subwp,123,05,2,2947941997,exito,,485.28,0,0,"[0.0, -18.89371240068481]"
4543,goal_455,3,exito,15165,2314.61,05,subwp,123,1,E2.1,E2.1-R0,False,subwp,123,05,3,3635492603,exito,,485.28,0,0,"[0.0, 4.9857273135848885]"
4544,goal_455,4,exito,15165,2314.53,05,subwp,123,1,E2.1,E2.1-R0,False,subwp,123,05,4,1188406104,exito,,485.28,0,0,"[0.0, -19.314071913061564]"
4545,goal_455,5,exito,15165,2314.6,05,subwp,123,1,E2.1,E2.1-R0,False,subwp,123,05,5,835883982,exito,,485.28,0,0,"[0.0, 24.76406625628772]"
4546,goal_455,6,exito,15165,2314.61,05,subwp,123,1,E2.1,E2.1-R0,False,subwp,123,05,6,2832974452,exito,,485.28,0,0,"[0.0, -25.826763938173833]"
4547,goal_455,7,exito,15165,2314.53,05,subwp,123,1,E2.1,E2.1-R0,False,subwp,123,05,7,3755799266,exito,,485.28,0,0,"[0.0, -20.66570103839575]"
4548,goal_455,8,exito,15165,2314.63,05,subwp,123,1,E2.1,E2.1-R0,False,subwp,123,05,8,1331949427,exito,,485.28,0,0,"[0.0, 16.596998242329256]"
4549,goal_455,9,exito,15165,2314.61,05,subwp,123,1,E2.1,E2.1-R0,False,subwp,123,05,9,946135013,exito,,485.28,0,0,"[0.0, 4.703318856020622]"
4550,goal_455,10,exito,15164,2314.48,05,subwp,123,1,E2.1,E2.1-R0,False,subwp,123,05,10,3965331201,exito,,485.248,0,0,"[0.0, 25.304505072001227]"
4551,goal_456,1,exito,15259,2333.51,05,subwp,123,1,E2.1,E2.1-R0,False,subwp,123,05,1,930954720,exito,,488.288,0,0,"[0.0, 6.119646817614814]"
4552,goal_456,2,exito,15259,2333.51,05,subwp,123,1,E2.1,E2.1-R0,False,subwp,123,05,2,2926865498,exito,,488.288,0,0,"[0.0, 15.499985895626336]"
4553,goal_456,3,exito,15259,2333.52,05,subwp,123,1,E2.1,E2.1-R0,False,subwp,123,05,3,3648216268,exito,,488.288,0,0,"[0.0, 11.549826712111175]"
4554,goal_456,4,exito,15258,2333.46,05,subwp,123,1,E2.1,E2.1-R0,False,subwp,123,05,4,1192741231,exito,,488.256,0,0,"[0.0, 0.9083581837705967]"
4555,goal_456,5,exito,15259,2333.54,05,subwp,123,1,E2.1,E2.1-R0,False,subwp,123,05,5,806418937,exito,,488.288,0,0,"[0.0, 28.96610246570477]"
4556,goal_456,6,exito,15259,2333.48,05,subwp,123,1,E2.1,E2.1-R0,False,subwp,123,05,6,2837030979,exito,,488.288,0,0,"[0.0, -6.635130394069404]"
4557,goal_456,7,exito,15259,2333.55,05,subwp,123,1,E2.1,E2.1-R0,False,subwp,123,05,7,3726547157,exito,,488.288,0,0,"[0.0, -29.91479924326883]"
4558,goal_456,8,exito,15258,2333.44,05,subwp,123,1,E2.1,E2.1-R0,False,subwp,123,05,8,1319208260,exito,,488.256,0,0,"[0.0, 23.5500757908409]"
4559,goal_456,9,exito,15259,2330.35,05,subwp,123,1,E2.1,E2.1-R0,False,subwp,123,05,9,967226834,exito,,488.288,0,0,"[0.0, -0.2875264034026892]"
4560,goal_456,10,exito,15258,2310.31,05,subwp,123,1,E2.1,E2.1-R0,False,subwp,123,05,10,1424375908,exito,,488.256,0,0,"[0.0, 23.859549420841667]"
4561,goal_457,1,col_return,10211,1380.19,05,subwp,123,1,E2.1,E2.1-R0,False,subwp,123,05,1,893092793,col_return,return,326.752,0,0,"[0.0, 19.041999635183203]"
4562,goal_457,2,exito,15232,2324.95,05,subwp,123,1,E2.1,E2.1-R0,False,subwp,123,05,2,2889011715,exito,,487.424,0,0,"[0.0, 6.081161586131591]"
4563,goal_457,3,exito,15236,2321.35,05,subwp,123,1,E2.1,E2.1-R0,False,subwp,123,05,3,3677741717,exito,,487.552,0,0,"[0.0, -21.049371727254538]"
4564,goal_457,4,exito,15236,2311.42,05,subwp,123,1,E2.1,E2.1-R0,False,subwp,123,05,4,1162966838,exito,,487.552,0,0,"[0.0, 14.80733285560692]"
4565,goal_457,5,col_approach,3016,249.06,05,subwp,123,1,E2.1,E2.1-R0,False,subwp,123,05,5,844515232,col_approach,approach,96.512,0,0,"[0.0, -0.8643536923791562]"
4566,goal_457,6,exito,15233,2326.61,05,subwp,123,1,E2.1,E2.1-R0,False,subwp,123,05,6,2875135514,exito,,487.456,0,0,"[0.0, 19.186842116218724]"
4567,goal_457,7,exito,15236,2326.66,05,subwp,123,1,E2.1,E2.1-R0,False,subwp,123,05,7,3696764556,exito,,487.552,0,0,"[0.0, 15.40130087501739]"
4568,goal_457,8,exito,15236,2325.32,05,subwp,123,1,E2.1,E2.1-R0,False,subwp,123,05,8,1290222365,exito,,487.552,0,0,"[0.0, 14.429364199887091]"
4569,goal_457,9,exito,15236,2316.57,05,subwp,123,1,E2.1,E2.1-R0,False,subwp,123,05,9,1004538763,exito,,487.552,0,0,"[0.0, -18.776725249549393]"
4570,goal_457,10,col_return,10288,1381.06,05,subwp,123,1,E2.1,E2.1-R0,False,subwp,123,05,10,1179905930,col_return,return,329.216,0,0,"[0.0, -14.880918646604053]"
4571,goal_458,1,exito,15215,2309.71,05,subwp,123,1,E2.1,E2.1-R0,False,subwp,123,05,1,888793486,exito,,486.88,0,0,"[0.0, 8.240539944208855]"
4572,goal_458,2,col_approach,3239,285.11,05,subwp,123,1,E2.1,E2.1-R0,False,subwp,123,05,2,2918234164,col_approach,approach,103.648,0,0,"[0.0, 3.93977064586311]"
4573,goal_458,3,exito,15216,2328.85,05,subwp,123,1,E2.1,E2.1-R0,False,subwp,123,05,3,3673655458,exito,,486.912,0,0,"[0.0, -15.111659213281696]"
4574,goal_458,4,exito,15220,2329.01,05,subwp,123,1,E2.1,E2.1-R0,False,subwp,123,05,4,1150491905,exito,,487.04,0,0,"[0.0, 27.562047799473028]"
4575,goal_458,5,exito,15220,2329.0,05,subwp,123,1,E2.1,E2.1-R0,False,subwp,123,05,5,865349015,exito,,487.04,0,0,"[0.0, -16.025431493002582]"
4576,goal_458,6,exito,15220,2329.02,05,subwp,123,1,E2.1,E2.1-R0,False,subwp,123,05,6,2862447661,exito,,487.04,0,0,"[0.0, -25.3023013596086]"
4577,goal_458,7,exito,15220,2326.17,05,subwp,123,1,E2.1,E2.1-R0,False,subwp,123,05,7,3717876923,exito,,487.04,0,0,"[0.0, -17.430015156465295]"
4578,goal_458,8,exito,15220,2312.49,05,subwp,123,1,E2.1,E2.1-R0,False,subwp,123,05,8,1294291242,exito,,487.04,0,0,"[0.0, 18.692880604004742]"
4579,goal_458,9,col_return,10235,1384.58,05,subwp,123,1,E2.1,E2.1-R0,False,subwp,123,05,9,975331772,col_return,return,327.52,0,0,"[0.0, 27.450081194556738]"
4580,goal_458,10,exito,15215,2308.74,05,subwp,123,1,E2.1,E2.1-R0,False,subwp,123,05,10,4277111023,exito,,486.88,0,0,"[0.0, -0.4557434095565238]"
4581,goal_459,1,exito,15520,2359.96,05,subwp,123,1,E2.1,E2.1-R0,False,subwp,123,05,1,1067822771,exito,,496.64,0,0,"[0.0, -6.382582501943677]"
4582,goal_459,2,exito,15520,2354.34,05,subwp,123,1,E2.1,E2.1-R0,False,subwp,123,05,2,2796355337,exito,,496.64,0,0,"[0.0, -13.438169641972475]"
4583,goal_459,3,col_approach,2775,211.78,05,subwp,123,1,E2.1,E2.1-R0,False,subwp,123,05,3,3517697951,col_approach,approach,88.8,0,0,"[0.0, -21.655893486929788]"
4584,goal_459,4,exito,15515,2356.86,05,subwp,123,1,E2.1,E2.1-R0,False,subwp,123,05,4,1338989116,exito,,496.48,0,0,"[0.0, 18.63936425252973]"
4585,goal_459,5,col_return,10499,1405.91,05,subwp,123,1,E2.1,E2.1-R0,False,subwp,123,05,5,952658602,col_return,return,335.968,0,0,"[0.0, -9.31394125386451]"
4586,goal_459,6,exito,15516,2360.0,05,subwp,123,1,E2.1,E2.1-R0,False,subwp,123,05,6,2713795344,exito,,496.512,0,0,"[0.0, -27.981346836760927]"
4587,goal_459,7,exito,15520,2358.0,05,subwp,123,1,E2.1,E2.1-R0,False,subwp,123,05,7,3603303302,exito,,496.64,0,0,"[0.0, -1.1113298603107835]"
4588,goal_459,8,col_approach,2834,227.48,05,subwp,123,1,E2.1,E2.1-R0,False,subwp,123,05,8,1182340631,col_approach,approach,90.688,0,0,"[0.0, -12.75940323005931]"
4589,goal_459,9,exito,15516,2358.93,05,subwp,123,1,E2.1,E2.1-R0,False,subwp,123,05,9,830350977,exito,,496.512,0,0,"[0.0, 6.054529082536355]"
4590,goal_459,10,col_return,10567,1406.03,05,subwp,123,1,E2.1,E2.1-R0,False,subwp,123,05,10,2794231993,col_return,return,338.144,0,0,"[0.0, -3.14895686478029]"
4591,goal_460,1,exito,15509,2361.33,05,subwp,123,1,E2.1,E2.1-R0,False,subwp,123,05,1,1046987908,exito,,496.288,0,0,"[0.0, -9.263682073992246]"
4592,goal_460,2,exito,15514,2340.74,05,subwp,123,1,E2.1,E2.1-R0,False,subwp,123,05,2,2809042238,exito,,496.448,0,0,"[0.0, -19.641886425569695]"
4593,goal_460,3,exito,15515,2324.31,05,subwp,123,1,E2.1,E2.1-R0,False,subwp,123,05,3,3496584616,exito,,496.48,0,0,"[0.0, -17.010780332285947]"
4594,goal_460,4,exito,15514,2360.3,05,subwp,123,1,E2.1,E2.1-R0,False,subwp,123,05,4,1309487115,exito,,496.448,0,0,"[0.0, 27.836311888755688]"
4595,goal_460,5,exito,15513,2363.58,05,subwp,123,1,E2.1,E2.1-R0,False,subwp,123,05,5,956956829,exito,,496.416,0,0,"[0.0, 22.19366441146851]"
4596,goal_460,6,exito,15514,2349.7,05,subwp,123,1,E2.1,E2.1-R0,False,subwp,123,05,6,2684571943,exito,,496.448,0,0,"[0.0, -3.0276945769190133]"
4597,goal_460,7,exito,15513,2363.58,05,subwp,123,1,E2.1,E2.1-R0,False,subwp,123,05,7,3607388593,exito,,496.416,0,0,"[0.0, 3.9379654917337814]"
4598,goal_460,8,exito,15513,2363.56,05,subwp,123,1,E2.1,E2.1-R0,False,subwp,123,05,8,1203469344,exito,,496.416,0,0,"[0.0, 17.1581991971781]"
4599,goal_460,9,exito,15513,2357.38,05,subwp,123,1,E2.1,E2.1-R0,False,subwp,123,05,9,817646774,exito,,496.416,0,0,"[0.0, 15.857071109004437]"
4600,goal_460,10,col_return,10443,1406.3,05,subwp,123,1,E2.1,E2.1-R0,False,subwp,123,05,10,506527708,col_return,return,334.176,0,0,"[0.0, -26.332989267786672]"
4601,goal_461,1,exito,15795,2397.73,05,subwp,123,1,E2.1,E2.1-R0,False,subwp,123,05,1,587419877,exito,,505.44,0,0,"[0.0, -23.492101085188736]"
4602,goal_461,2,exito,15800,2384.52,05,subwp,123,1,E2.1,E2.1-R0,False,subwp,123,05,2,3121217887,exito,,505.6,0,0,"[0.0, 9.257275351413636]"
4603,goal_461,3,exito,15800,2396.52,05,subwp,123,1,E2.1,E2.1-R0,False,subwp,123,05,3,3440193993,exito,,505.6,0,0,"[0.0, -3.1396064413985525]"
4604,goal_461,4,exito,15809,2354.05,05,subwp,123,1,E2.1,E2.1-R0,False,subwp,123,05,4,1399432298,exito,,505.888,0,0,"[0.0, -26.935805354993473]"
4605,goal_461,5,exito,15800,2397.77,05,subwp,123,1,E2.1,E2.1-R0,False,subwp,123,05,5,611226876,exito,,505.6,0,0,"[0.0, 21.919372767816046]"
4606,goal_461,6,exito,15800,2364.63,05,subwp,123,1,E2.1,E2.1-R0,False,subwp,123,05,6,3177694534,exito,,505.6,0,0,"[0.0, -20.325903071279438]"
4607,goal_461,7,col_return,10460,1403.13,05,subwp,123,1,E2.1,E2.1-R0,False,subwp,123,05,7,3395352016,col_return,return,334.72,0,0,"[0.0, -3.599937297198965]"
4608,goal_461,8,exito,15795,2397.63,05,subwp,123,1,E2.1,E2.1-R0,False,subwp,123,05,8,1524623425,exito,,505.44,0,0,"[0.0, 28.47091872739622]"
4609,goal_461,9,col_approach,2809,220.63,05,subwp,123,1,E2.1,E2.1-R0,False,subwp,123,05,9,769186007,col_approach,approach,89.888,0,0,"[0.0, 26.5655939188411]"
4610,goal_461,10,exito,15795,2382.46,05,subwp,123,1,E2.1,E2.1-R0,False,subwp,123,05,10,613993094,exito,,505.44,0,0,"[0.0, -5.766226218453188]"
4611,goal_462,1,col_return,10544,1410.49,05,subwp,123,1,E2.1,E2.1-R0,False,subwp,123,05,1,583088850,col_return,return,337.408,0,0,"[0.0, -20.7828977906742]"
4612,goal_462,2,exito,15809,2399.76,05,subwp,123,1,E2.1,E2.1-R0,False,subwp,123,05,2,3150474088,exito,,505.888,0,0,"[0.0, 2.6948460778269023]"
4613,goal_462,3,col_approach,2831,222.12,05,subwp,123,1,E2.1,E2.1-R0,False,subwp,123,05,3,3436141566,col_approach,approach,90.592,0,0,"[0.0, 15.39346411022538]"
4614,goal_462,4,exito,15809,2385.52,05,subwp,123,1,E2.1,E2.1-R0,False,subwp,123,05,4,1386991197,exito,,505.888,0,0,"[0.0, 4.032824661031837]"
4615,goal_462,5,col_return,10545,1411.84,05,subwp,123,1,E2.1,E2.1-R0,False,subwp,123,05,5,632094411,col_return,return,337.44,0,0,"[0.0, -20.918394549475707]"
4616,goal_462,6,exito,15809,2399.79,05,subwp,123,1,E2.1,E2.1-R0,False,subwp,123,05,6,3164974961,exito,,505.888,0,0,"[0.0, 26.319689414019038]"
4617,goal_462,7,col_approach,2828,224.17,05,subwp,123,1,E2.1,E2.1-R0,False,subwp,123,05,7,3416432615,col_approach,approach,90.496,0,0,"[0.0, 2.1435657130717978]"
4618,goal_462,8,exito,15809,2386.03,05,subwp,123,1,E2.1,E2.1-R0,False,subwp,123,05,8,1528660598,exito,,505.888,0,0,"[0.0, -11.597338688010426]"
4619,goal_462,9,col_return,10544,1413.9,05,subwp,123,1,E2.1,E2.1-R0,False,subwp,123,05,9,739947232,col_return,return,337.408,0,0,"[0.0, 10.092189971758632]"
4620,goal_462,10,exito,15809,2399.78,05,subwp,123,1,E2.1,E2.1-R0,False,subwp,123,05,10,2619649507,exito,,505.888,0,0,"[0.0, -27.479290549265663]"
4621,goal_463,1,col_approach,2828,226.08,05,subwp,123,1,E2.1,E2.1-R0,False,subwp,123,05,1,545752203,col_approach,approach,90.496,0,0,"[0.0, -28.44749687631093]"
4622,goal_463,2,col_return,11064,1484.51,05,subwp,123,1,E2.1,E2.1-R0,False,subwp,123,05,2,3113145649,col_return,return,354.048,0,0,"[0.0, -6.858485699764898]"
4623,goal_463,3,exito,16039,2429.97,05,subwp,123,1,E2.1,E2.1-R0,False,subwp,123,05,3,3465143719,exito,,513.248,0,0,"[0.0, 0.888901587725599]"
4624,goal_463,4,col_approach,2899,224.34,05,subwp,123,1,E2.1,E2.1-R0,False,subwp,123,05,4,1357737988,col_approach,approach,92.768,0,0,"[0.0, -18.771174681458834]"
4625,goal_463,5,col_return,11063,1482.14,05,subwp,123,1,E2.1,E2.1-R0,False,subwp,123,05,5,669663378,col_return,return,354.016,0,0,"[0.0, -8.322397924010225]"
4626,goal_463,6,exito,16039,2429.95,05,subwp,123,1,E2.1,E2.1-R0,False,subwp,123,05,6,3202552104,exito,,513.248,0,0,"[0.0, 9.491933951305747]"
4627,goal_463,7,col_approach,2903,221.26,05,subwp,123,1,E2.1,E2.1-R0,False,subwp,123,05,7,3387171262,col_approach,approach,92.896,0,0,"[0.0, 21.732084822175434]"
4628,goal_463,8,col_return,11043,1492.28,05,subwp,123,1,E2.1,E2.1-R0,False,subwp,123,05,8,1499151407,col_return,return,353.376,0,0,"[0.0, -14.469634478577522]"
4629,goal_463,9,exito,16038,2429.99,05,subwp,123,1,E2.1,E2.1-R0,False,subwp,123,05,9,777784505,exito,,513.216,0,0,"[0.0, -29.42772338882333]"
4630,goal_463,10,col_approach,2886,232.19,05,subwp,123,1,E2.1,E2.1-R0,False,subwp,123,05,10,2391867917,col_approach,approach,92.352,0,0,"[0.0, 7.190437194765032]"
4631,goal_464,1,col_return,11082,1491.15,05,subwp,123,1,E2.1,E2.1-R0,False,subwp,123,05,1,558231228,col_return,return,354.624,0,0,"[0.0, -8.101053369581674]"
4632,goal_464,2,exito,16067,2435.78,05,subwp,123,1,E2.1,E2.1-R0,False,subwp,123,05,2,3092037382,exito,,514.144,0,0,"[0.0, 17.10267312624489]"
4633,goal_464,3,col_approach,2852,229.09,05,subwp,123,1,E2.1,E2.1-R0,False,subwp,123,05,3,3477835664,col_approach,approach,91.264,0,0,"[0.0, 23.011408310166235]"
4634,goal_464,4,col_return,11085,1489.86,05,subwp,123,1,E2.1,E2.1-R0,False,subwp,123,05,4,1362041395,col_return,return,354.72,0,0,"[0.0, 4.323527961017155]"
4635,goal_464,5,exito,16067,2435.79,05,subwp,123,1,E2.1,E2.1-R0,False,subwp,123,05,5,640166565,exito,,514.144,0,0,"[0.0, -7.566841543357525]"
4636,goal_464,6,col_approach,2839,230.29,05,subwp,123,1,E2.1,E2.1-R0,False,subwp,123,05,6,3206642463,col_approach,approach,90.848,0,0,"[0.0, 8.926095754032579]"
4637,goal_464,7,col_return,11091,1485.35,05,subwp,123,1,E2.1,E2.1-R0,False,subwp,123,05,7,3357952905,col_return,return,354.912,0,0,"[0.0, -3.9265800152766084]"
4638,goal_464,8,exito,16069,2435.74,05,subwp,123,1,E2.1,E2.1-R0,False,subwp,123,05,8,1486444056,exito,,514.208,0,0,"[0.0, -16.74222408869047]"
4639,goal_464,9,col_approach,2861,224.25,05,subwp,123,1,E2.1,E2.1-R0,False,subwp,123,05,9,798910094,col_approach,approach,91.552,0,0,"[0.0, -19.639498956755208]"
4640,goal_464,10,col_return,11062,1495.99,05,subwp,123,1,E2.1,E2.1-R0,False,subwp,123,05,10,908944744,col_return,return,353.984,0,0,"[0.0, -28.74846996112169]"
4641,goal_465,1,exito,16301,2463.95,05,subwp,123,1,E2.1,E2.1-R0,False,subwp,123,05,1,604698681,exito,,521.632,0,0,"[0.0, -28.379560592041738]"
4642,goal_465,2,exito,16308,2434.93,05,subwp,123,1,E2.1,E2.1-R0,False,subwp,123,05,2,3171133827,exito,,521.856,0,0,"[0.0, 28.123108479556738]"
4643,goal_465,3,exito,16306,2461.37,05,subwp,123,1,E2.1,E2.1-R0,False,subwp,123,05,3,3389298965,exito,,521.792,0,0,"[0.0, 9.831685932843442]"
4644,goal_465,4,col_return,11205,1504.38,05,subwp,123,1,E2.1,E2.1-R0,False,subwp,123,05,4,1415580854,col_return,return,358.56,0,0,"[0.0, -0.8533937377629863]"
4645,goal_465,5,exito,16301,2463.98,05,subwp,123,1,E2.1,E2.1-R0,False,subwp,123,05,5,593968160,exito,,521.632,0,0,"[0.0, 0.24810155214338048]"
4646,goal_465,6,exito,16308,2452.7,05,subwp,123,1,E2.1,E2.1-R0,False,subwp,123,05,6,3127799194,exito,,521.856,0,0,"[0.0, 14.217414323778332]"
4647,goal_465,7,exito,16306,2464.08,05,subwp,123,1,E2.1,E2.1-R0,False,subwp,123,05,7,3446234380,exito,,521.792,0,0,"[0.0, -1.0781934953917838]"
4648,goal_465,8,col_return,11142,1493.32,05,subwp,123,1,E2.1,E2.1-R0,False,subwp,123,05,8,1574322333,col_return,return,356.544,0,0,"[0.0, -14.434672471223628]"
4649,goal_465,9,exito,16301,2463.92,05,subwp,123,1,E2.1,E2.1-R0,False,subwp,123,05,9,718368779,exito,,521.632,0,0,"[0.0, 29.575828057373272]"
4650,goal_465,10,exito,16306,2457.09,05,subwp,123,1,E2.1,E2.1-R0,False,subwp,123,05,10,2885311953,exito,,521.792,0,0,"[0.0, -24.974566403632238]"
4651,goal_466,1,exito,16372,2475.99,05,subwp,123,1,E2.1,E2.1-R0,False,subwp,123,05,1,633901582,exito,,523.904,0,0,"[0.0, 5.591759499011573]"
4652,goal_466,2,col_return,11107,1492.72,05,subwp,123,1,E2.1,E2.1-R0,False,subwp,123,05,2,3166815156,col_return,return,355.424,0,0,"[0.0, -17.689697935160154]"
4653,goal_466,3,exito,16367,2475.8,05,subwp,123,1,E2.1,E2.1-R0,False,subwp,123,05,3,3418813218,exito,,523.744,0,0,"[0.0, -9.219460108108597]"
4654,goal_466,4,exito,16372,2474.2,05,subwp,123,1,E2.1,E2.1-R0,False,subwp,123,05,4,1436706433,exito,,523.904,0,0,"[0.0, 21.08702345577765]"
4655,goal_466,5,exito,16372,2475.48,05,subwp,123,1,E2.1,E2.1-R0,False,subwp,123,05,5,581260823,exito,,523.904,0,0,"[0.0, 15.374594341225547]"
4656,goal_466,6,col_return,11007,1476.1,05,subwp,123,1,E2.1,E2.1-R0,False,subwp,123,05,6,3148613549,col_return,return,352.224,0,0,"[0.0, -3.782666820350813]"
4657,goal_466,7,exito,16367,2475.81,05,subwp,123,1,E2.1,E2.1-R0,False,subwp,123,05,7,3433772859,exito,,523.744,0,0,"[0.0, -2.618539133465776]"
4658,goal_466,8,exito,16372,2475.6,05,subwp,123,1,E2.1,E2.1-R0,False,subwp,123,05,8,1544825514,exito,,523.904,0,0,"[0.0, -7.535969497999617]"
4659,goal_466,9,exito,16372,2473.94,05,subwp,123,1,E2.1,E2.1-R0,False,subwp,123,05,9,722672188,exito,,523.904,0,0,"[0.0, -22.12875108460282]"
4660,goal_466,10,col_return,10946,1464.28,05,subwp,123,1,E2.1,E2.1-R0,False,subwp,123,05,10,323369652,col_return,return,350.272,0,0,"[0.0, -25.718895700904373]"
4661,goal_467,1,exito,16537,2493.51,05,subwp,123,1,E2.1,E2.1-R0,False,subwp,123,05,1,663628887,exito,,529.184,0,0,"[0.0, 17.063971282567454]"
4662,goal_467,2,exito,16542,2493.62,05,subwp,123,1,E2.1,E2.1-R0,False,subwp,123,05,2,3196550637,exito,,529.344,0,0,"[0.0, 19.151003758781727]"
4663,goal_467,3,col_return,11507,1545.0,05,subwp,123,1,E2.1,E2.1-R0,False,subwp,123,05,3,3380628859,col_return,return,368.224,0,0,"[0.0, 24.845701882752888]"
4664,goal_467,4,exito,16537,2493.53,05,subwp,123,1,E2.1,E2.1-R0,False,subwp,123,05,4,1474615512,exito,,529.184,0,0,"[0.0, -5.841599012675331]"
4665,goal_467,5,exito,16542,2490.67,05,subwp,123,1,E2.1,E2.1-R0,False,subwp,123,05,5,551807054,exito,,529.344,0,0,"[0.0, -8.69385859713715]"
4666,goal_467,6,exito,16542,2485.59,05,subwp,123,1,E2.1,E2.1-R0,False,subwp,123,05,6,3119167988,exito,,529.344,0,0,"[0.0, -0.6358237274100054]"
4667,goal_467,7,col_return,10948,1459.92,05,subwp,123,1,E2.1,E2.1-R0,False,subwp,123,05,7,3471673698,col_return,return,350.336,0,0,"[0.0, 6.246034752549856]"
4668,goal_467,8,exito,16537,2492.16,05,subwp,123,1,E2.1,E2.1-R0,False,subwp,123,05,8,1582470387,exito,,529.184,0,0,"[0.0, -2.843405435194344]"
4669,goal_467,9,exito,16542,2491.05,05,subwp,123,1,E2.1,E2.1-R0,False,subwp,123,05,9,693478501,exito,,529.344,0,0,"[0.0, -2.9971861598174043]"
4670,goal_467,10,col_return,11417,1536.05,05,subwp,123,1,E2.1,E2.1-R0,False,subwp,123,05,10,32740698,col_return,return,365.344,0,0,"[0.0, -18.119629278320716]"
4671,goal_468,1,exito,16619,2507.92,05,subwp,123,1,E2.1,E2.1-R0,False,subwp,123,05,1,642532960,exito,,531.808,0,0,"[0.0, -21.540560443690456]"
4672,goal_468,2,exito,16624,2507.43,05,subwp,123,1,E2.1,E2.1-R0,False,subwp,123,05,2,3208976346,exito,,531.968,0,0,"[0.0, -2.267814290015513]"
4673,goal_468,3,col_return,11630,1568.87,05,subwp,123,1,E2.1,E2.1-R0,False,subwp,123,05,3,3359778636,col_return,return,372.16,0,0,"[0.0, 5.863328516210475]"
4674,goal_468,4,exito,16619,2508.0,05,subwp,123,1,E2.1,E2.1-R0,False,subwp,123,05,4,1445376751,exito,,531.808,0,0,"[0.0, 17.94318220320435]"
4675,goal_468,5,exito,16624,2505.71,05,subwp,123,1,E2.1,E2.1-R0,False,subwp,123,05,5,555844217,exito,,531.968,0,0,"[0.0, -17.831708923357873]"
4676,goal_468,6,exito,16624,2478.85,05,subwp,123,1,E2.1,E2.1-R0,False,subwp,123,05,6,3089683395,exito,,531.968,0,0,"[0.0, -5.347071787583754]"
4677,goal_468,7,col_return,10882,1463.43,05,subwp,123,1,E2.1,E2.1-R0,False,subwp,123,05,7,3476022101,col_return,return,348.224,0,0,"[0.0, 21.069841643211028]"
4678,goal_468,8,exito,16619,2503.58,05,subwp,123,1,E2.1,E2.1-R0,False,subwp,123,05,8,1603337924,exito,,531.808,0,0,"[0.0, -12.903396532853364]"
4679,goal_468,9,col_approach,2806,195.22,05,subwp,123,1,E2.1,E2.1-R0,False,subwp,123,05,9,681037394,col_approach,approach,89.792,0,0,"[0.0, 18.137440839024485]"
4680,goal_468,10,exito,16619,2448.12,05,subwp,123,1,E2.1,E2.1-R0,False,subwp,123,05,10,3109024319,exito,,531.808,0,0,"[0.0, 11.61242592825159]"
4681,goal_469,1,exito,16332,2480.37,05,subwp,123,1,E2.1,E2.1-R0,False,subwp,123,05,1,756023645,exito,,522.624,0,0,"[0.0, 10.500112388737346]"
4682,goal_469,2,exito,16330,2480.23,05,subwp,123,1,E2.1,E2.1-R0,False,subwp,123,05,2,3021557991,exito,,522.56,0,0,"[0.0, -21.735352706369675]"
4683,goal_469,3,exito,16332,2480.35,05,subwp,123,1,E2.1,E2.1-R0,False,subwp,123,05,3,3273547889,exito,,522.624,0,0,"[0.0, 1.5375587894226173]"
4684,goal_469,4,exito,16330,2474.77,05,subwp,123,1,E2.1,E2.1-R0,False,subwp,123,05,4,1568339410,exito,,522.56,0,0,"[0.0, 21.57119991652721]"
4685,goal_469,5,col_return,10862,1471.88,05,subwp,123,1,E2.1,E2.1-R0,False,subwp,123,05,5,712885572,col_return,return,347.584,0,0,"[0.0, 16.04171330027449]"
4686,goal_469,6,exito,16327,2480.24,05,subwp,123,1,E2.1,E2.1-R0,False,subwp,123,05,6,3010761982,exito,,522.464,0,0,"[0.0, -29.37553639968989]"
4687,goal_469,7,exito,16330,2480.23,05,subwp,123,1,E2.1,E2.1-R0,False,subwp,123,05,7,3295913064,exito,,522.56,0,0,"[0.0, 28.054120674988383]"
4688,goal_469,8,exito,16332,2478.91,05,subwp,123,1,E2.1,E2.1-R0,False,subwp,123,05,8,1422703097,exito,,522.624,0,0,"[0.0, -2.077442097163855]"
4689,goal_469,9,col_return,10942,1474.62,05,subwp,123,1,E2.1,E2.1-R0,False,subwp,123,05,9,600541551,col_return,return,350.144,0,0,"[0.0, -22.509527205566783]"
4690,goal_469,10,exito,16326,2480.2,05,subwp,123,1,E2.1,E2.1-R0,False,subwp,123,05,10,3777815145,exito,,522.432,0,0,"[0.0, 4.0343246115535525]"
4691,goal_470,1,exito,16683,2526.1,05,subwp,123,1,E2.1,E2.1-R0,False,subwp,123,05,1,751987562,exito,,533.856,0,0,"[0.0, 27.871480439986463]"
4692,goal_470,2,col_return,11643,1566.24,05,subwp,123,1,E2.1,E2.1-R0,False,subwp,123,05,2,3051043536,col_return,return,372.576,0,0,"[0.0, 7.512537726044284]"
4693,goal_470,3,exito,16678,2526.01,05,subwp,123,1,E2.1,E2.1-R0,False,subwp,123,05,3,3269200454,exito,,533.696,0,0,"[0.0, 8.424128583233227]"
4694,goal_470,4,exito,16683,2526.11,05,subwp,123,1,E2.1,E2.1-R0,False,subwp,123,05,4,1555603429,exito,,533.856,0,0,"[0.0, 5.3417419770615755]"
4695,goal_470,5,col_return,11638,1567.67,05,subwp,123,1,E2.1,E2.1-R0,False,subwp,123,05,5,733982579,col_return,return,372.416,0,0,"[0.0, 3.666373118256594]"
4696,goal_470,6,exito,16678,2525.97,05,subwp,123,1,E2.1,E2.1-R0,False,subwp,123,05,6,2998337225,exito,,533.696,0,0,"[0.0, 15.248215448776053]"
4697,goal_470,7,exito,16683,2526.09,05,subwp,123,1,E2.1,E2.1-R0,False,subwp,123,05,7,3316764255,exito,,533.856,0,0,"[0.0, 26.51345509450857]"
4698,goal_470,8,col_return,11632,1570.37,05,subwp,123,1,E2.1,E2.1-R0,False,subwp,123,05,8,1427035086,col_return,return,372.224,0,0,"[0.0, 18.12075692852774]"
4699,goal_470,9,exito,16680,2526.44,05,subwp,123,1,E2.1,E2.1-R0,False,subwp,123,05,9,571073368,exito,,533.76,0,0,"[0.0, -5.340180982141471]"
4700,goal_470,10,exito,16683,2526.09,05,subwp,123,1,E2.1,E2.1-R0,False,subwp,123,05,10,1502643468,exito,,533.856,0,0,"[0.0, -25.22653368997854]"
4701,goal_471,1,exito,16237,2454.73,05,subwp,123,1,E2.1,E2.1-R0,False,subwp,123,05,1,2613000064,exito,,519.584,0,0,"[0.0, -14.478174506145065]"
4702,goal_471,2,col_return,10788,1453.74,05,subwp,123,1,E2.1,E2.1-R0,False,subwp,123,05,2,45508154,col_return,return,345.216,0,0,"[0.0, -28.070376466949533]"
4703,goal_471,3,exito,16232,2462.92,05,subwp,123,1,E2.1,E2.1-R0,False,subwp,123,05,3,1974556332,exito,,519.424,0,0,"[0.0, 28.527425592186543]"
4704,goal_471,4,exito,16237,2463.09,05,subwp,123,1,E2.1,E2.1-R0,False,subwp,123,05,4,3956654863,exito,,519.584,0,0,"[0.0, -3.387080112980596]"
4705,goal_471,5,exito,16237,2463.1,05,subwp,123,1,E2.1,E2.1-R0,False,subwp,123,05,5,2631070617,exito,,519.584,0,0,"[0.0, -6.697281655414599]"
4706,goal_471,6,col_return,11036,1492.81,05,subwp,123,1,E2.1,E2.1-R0,False,subwp,123,05,6,98279971,col_return,return,353.152,0,0,"[0.0, 17.08027113775129]"
4707,goal_471,7,exito,16232,2462.97,05,subwp,123,1,E2.1,E2.1-R0,False,subwp,123,05,7,1927058101,exito,,519.424,0,0,"[0.0, -29.08504747389782]"
4708,goal_471,8,exito,16237,2463.09,05,subwp,123,1,E2.1,E2.1-R0,False,subwp,123,05,8,3798175524,exito,,519.584,0,0,"[0.0, -13.380642813016294]"
4709,goal_471,9,exito,16237,2463.11,05,subwp,123,1,E2.1,E2.1-R0,False,subwp,123,05,9,2506407858,exito,,519.584,0,0,"[0.0, 5.617060671960649]"
4710,goal_471,10,col_return,11156,1509.06,05,subwp,123,1,E2.1,E2.1-R0,False,subwp,123,05,10,435741494,col_return,return,356.992,0,0,"[0.0, 1.4648972533649585]"
4711,goal_472,1,exito,16586,2517.57,05,subwp,123,1,E2.1,E2.1-R0,False,subwp,123,05,1,2591907255,exito,,530.752,0,0,"[0.0, 7.506123993568499]"
4712,goal_472,2,exito,16591,2517.68,05,subwp,123,1,E2.1,E2.1-R0,False,subwp,123,05,2,57936909,exito,,530.912,0,0,"[0.0, 0.814899623532912]"
4713,goal_472,3,exito,16592,2490.32,05,subwp,123,1,E2.1,E2.1-R0,False,subwp,123,05,3,1953709211,exito,,530.944,0,0,"[0.0, 20.332196926368212]"
4714,goal_472,4,col_return,10873,1473.18,05,subwp,123,1,E2.1,E2.1-R0,False,subwp,123,05,4,3927419192,col_return,return,347.936,0,0,"[0.0, -22.997937217117705]"
4715,goal_472,5,exito,16586,2517.57,05,subwp,123,1,E2.1,E2.1-R0,False,subwp,123,05,5,2635110830,exito,,530.752,0,0,"[0.0, 22.02708187086539]"
4716,goal_472,6,exito,16592,2517.86,05,subwp,123,1,E2.1,E2.1-R0,False,subwp,123,05,6,68798484,exito,,530.944,0,0,"[0.0, -9.405300449308855]"
4717,goal_472,7,col_return,11338,1541.6,05,subwp,123,1,E2.1,E2.1-R0,False,subwp,123,05,7,1931409538,col_return,return,362.816,0,0,"[0.0, -25.60742543438948]"
4718,goal_472,8,exito,16586,2517.56,05,subwp,123,1,E2.1,E2.1-R0,False,subwp,123,05,8,3819037971,exito,,530.752,0,0,"[0.0, -8.569615208530255]"
4719,goal_472,9,exito,16591,2517.69,05,subwp,123,1,E2.1,E2.1-R0,False,subwp,123,05,9,2493961605,exito,,530.912,0,0,"[0.0, -6.397574067012595]"
4720,goal_472,10,col_return,11583,1576.64,05,subwp,123,1,E2.1,E2.1-R0,False,subwp,123,05,10,2705622099,col_return,return,370.656,0,0,"[0.0, -21.531323048790853]"
4721,goal_473,1,exito,15985,2423.66,05,subwp,123,1,E2.1,E2.1-R0,False,subwp,123,05,1,2554061806,exito,,511.52,0,0,"[0.0, 0.6646285961557474]"
4722,goal_473,2,exito,15992,2424.05,05,subwp,123,1,E2.1,E2.1-R0,False,subwp,123,05,2,20099668,exito,,511.744,0,0,"[0.0, 4.406327820820364]"
4723,goal_473,3,exito,15990,2423.77,05,subwp,123,1,E2.1,E2.1-R0,False,subwp,123,05,3,1983218370,exito,,511.68,0,0,"[0.0, -10.530684469103642]"
4724,goal_473,4,exito,15990,2423.79,05,subwp,123,1,E2.1,E2.1-R0,False,subwp,123,05,4,3897628513,exito,,511.68,0,0,"[0.0, -0.7384649384861763]"
4725,goal_473,5,col_return,11024,1479.76,05,subwp,123,1,E2.1,E2.1-R0,False,subwp,123,05,5,2673223671,col_return,return,352.768,0,0,"[0.0, -16.061239740452866]"
4726,goal_473,6,exito,15987,2423.96,05,subwp,123,1,E2.1,E2.1-R0,False,subwp,123,05,6,106919501,exito,,511.584,0,0,"[0.0, 29.292691427251498]"
4727,goal_473,7,exito,15990,2423.75,05,subwp,123,1,E2.1,E2.1-R0,False,subwp,123,05,7,1901610715,exito,,511.68,0,0,"[0.0, -22.248920534116166]"
4728,goal_473,8,exito,15992,2424.06,05,subwp,123,1,E2.1,E2.1-R0,False,subwp,123,05,8,3790035786,exito,,511.744,0,0,"[0.0, -19.908782274905647]"
4729,goal_473,9,exito,15990,2423.76,05,subwp,123,1,E2.1,E2.1-R0,False,subwp,123,05,9,2531290076,exito,,511.68,0,0,"[0.0, 26.491455038407455]"
4730,goal_473,10,col_return,11048,1472.85,05,subwp,123,1,E2.1,E2.1-R0,False,subwp,123,05,10,3018927037,col_return,return,353.536,0,0,"[0.0, -3.2786317765420403]"
4731,goal_474,1,exito,16344,2482.85,05,subwp,123,1,E2.1,E2.1-R0,False,subwp,123,05,1,2583267801,exito,,523.008,0,0,"[0.0, -15.695562183879346]"
4732,goal_474,2,exito,16348,2482.74,05,subwp,123,1,E2.1,E2.1-R0,False,subwp,123,05,2,15784035,exito,,523.136,0,0,"[0.0, 27.365937002385927]"
4733,goal_474,3,exito,16348,2482.77,05,subwp,123,1,E2.1,E2.1-R0,False,subwp,123,05,3,2012735733,exito,,523.136,0,0,"[0.0, -12.658605527587063]"
4734,goal_474,4,col_return,11154,1514.35,05,subwp,123,1,E2.1,E2.1-R0,False,subwp,123,05,4,3918757206,col_return,return,356.928,0,0,"[0.0, 15.10851128310588]"
4735,goal_474,5,exito,16344,2482.78,05,subwp,123,1,E2.1,E2.1-R0,False,subwp,123,05,5,2660519360,exito,,523.008,0,0,"[0.0, 13.274685236086137]"
4736,goal_474,6,exito,16348,2482.83,05,subwp,123,1,E2.1,E2.1-R0,False,subwp,123,05,6,127736954,exito,,523.136,0,0,"[0.0, -11.359769043415664]"
4737,goal_474,7,exito,16349,2482.91,05,subwp,123,1,E2.1,E2.1-R0,False,subwp,123,05,7,1889152236,exito,,523.168,0,0,"[0.0, -3.8248806708465932]"
4738,goal_474,8,col_return,11065,1493.02,05,subwp,123,1,E2.1,E2.1-R0,False,subwp,123,05,8,3760533885,col_return,return,354.08,0,0,"[0.0, -4.261117528829972]"
4739,goal_474,9,exito,16344,2482.88,05,subwp,123,1,E2.1,E2.1-R0,False,subwp,123,05,9,2535588331,exito,,523.008,0,0,"[0.0, 29.86369094111347]"
4740,goal_474,10,exito,16349,2482.91,05,subwp,123,1,E2.1,E2.1-R0,False,subwp,123,05,10,189615320,exito,,523.168,0,0,"[0.0, 26.476944691981604]"
4741,goal_475,1,exito,15737,2393.71,05,subwp,123,1,E2.1,E2.1-R0,False,subwp,123,05,1,2629214044,exito,,503.584,0,0,"[0.0, 17.56940708959583]"
4742,goal_475,2,exito,15737,2392.12,05,subwp,123,1,E2.1,E2.1-R0,False,subwp,123,05,2,96456422,exito,,503.584,0,0,"[0.0, 27.067626944428095]"
4743,goal_475,3,col_return,10643,1429.92,05,subwp,123,1,E2.1,E2.1-R0,False,subwp,123,05,3,1924726384,col_return,return,340.576,0,0,"[0.0, 12.07273981075841]"
4744,goal_475,4,exito,15731,2393.46,05,subwp,123,1,E2.1,E2.1-R0,False,subwp,123,05,4,3973868499,exito,,503.392,0,0,"[0.0, -29.228085011290798]"
4745,goal_475,5,exito,15737,2393.72,05,subwp,123,1,E2.1,E2.1-R0,False,subwp,123,05,5,2614844229,exito,,503.584,0,0,"[0.0, 25.014562364259636]"
4746,goal_475,6,exito,15737,2393.71,05,subwp,123,1,E2.1,E2.1-R0,False,subwp,123,05,6,47319807,exito,,503.584,0,0,"[0.0, 29.392368076350298]"
4747,goal_475,7,exito,15737,2393.71,05,subwp,123,1,E2.1,E2.1-R0,False,subwp,123,05,7,1976908393,exito,,503.584,0,0,"[0.0, 22.822556234289927]"
4748,goal_475,8,exito,15737,2393.69,05,subwp,123,1,E2.1,E2.1-R0,False,subwp,123,05,8,3848939512,exito,,503.584,0,0,"[0.0, -6.4035239507445985]"
4749,goal_475,9,exito,15737,2390.76,05,subwp,123,1,E2.1,E2.1-R0,False,subwp,123,05,9,2456622958,exito,,503.584,0,0,"[0.0, 9.191001465328931]"
4750,goal_475,10,col_return,10599,1428.6,05,subwp,123,1,E2.1,E2.1-R0,False,subwp,123,05,10,2526704737,col_return,return,339.168,0,0,"[0.0, 6.886347332307463]"
4751,goal_476,1,exito,16090,2449.13,05,subwp,123,1,E2.1,E2.1-R0,False,subwp,123,05,1,2641687915,exito,,514.88,0,0,"[0.0, 15.758445000212216]"
4752,goal_476,2,exito,16095,2449.21,05,subwp,123,1,E2.1,E2.1-R0,False,subwp,123,05,2,75343057,exito,,515.04,0,0,"[0.0, 2.5010172789271135]"
4753,goal_476,3,exito,16095,2449.21,05,subwp,123,1,E2.1,E2.1-R0,False,subwp,123,05,3,1937413191,exito,,515.04,0,0,"[0.0, 1.8205378334876987]"
4754,goal_476,4,exito,16095,2446.82,05,subwp,123,1,E2.1,E2.1-R0,False,subwp,123,05,4,3978166756,exito,,515.04,0,0,"[0.0, -9.168709157933286]"
4755,goal_476,5,col_return,10795,1460.46,05,subwp,123,1,E2.1,E2.1-R0,False,subwp,123,05,5,2585342322,col_return,return,345.44,0,0,"[0.0, 23.89258846460344]"
4756,goal_476,6,exito,16088,2448.89,05,subwp,123,1,E2.1,E2.1-R0,False,subwp,123,05,6,51405000,exito,,514.816,0,0,"[0.0, -7.931513201600875]"
4757,goal_476,7,exito,16095,2449.2,05,subwp,123,1,E2.1,E2.1-R0,False,subwp,123,05,7,1947684958,exito,,515.04,0,0,"[0.0, 8.82639788860054]"
4758,goal_476,8,exito,16095,2449.21,05,subwp,123,1,E2.1,E2.1-R0,False,subwp,123,05,8,3836235215,exito,,515.04,0,0,"[0.0, 11.299771638367664]"
4759,goal_476,9,exito,16095,2439.15,05,subwp,123,1,E2.1,E2.1-R0,False,subwp,123,05,9,2477751641,exito,,515.04,0,0,"[0.0, -26.178013054836168]"
4760,goal_476,10,col_return,10691,1453.99,05,subwp,123,1,E2.1,E2.1-R0,False,subwp,123,05,10,774247172,col_return,return,342.112,0,0,"[0.0, 13.394487035075805]"
4761,goal_477,1,exito,15537,2367.67,05,subwp,123,1,E2.1,E2.1-R0,False,subwp,123,05,1,2670873394,exito,,497.184,0,0,"[0.0, 11.028268694454324]"
4762,goal_477,2,exito,15542,2367.84,05,subwp,123,1,E2.1,E2.1-R0,False,subwp,123,05,2,104536712,exito,,497.344,0,0,"[0.0, 27.34945597172451]"
4763,goal_477,3,exito,15542,2367.81,05,subwp,123,1,E2.1,E2.1-R0,False,subwp,123,05,3,1899768350,exito,,497.344,0,0,"[0.0, -16.973269862281676]"
4764,goal_477,4,exito,15542,2367.84,05,subwp,123,1,E2.1,E2.1-R0,False,subwp,123,05,4,4015570877,exito,,497.344,0,0,"[0.0, -4.436718983962584]"
4765,goal_477,5,exito,15542,2367.81,05,subwp,123,1,E2.1,E2.1-R0,False,subwp,123,05,5,2556399403,exito,,497.344,0,0,"[0.0, 26.893886628302567]"
4766,goal_477,6,exito,15542,2367.86,05,subwp,123,1,E2.1,E2.1-R0,False,subwp,123,05,6,22470289,exito,,497.344,0,0,"[0.0, 25.65761687061992]"
4767,goal_477,7,exito,15542,2367.85,05,subwp,123,1,E2.1,E2.1-R0,False,subwp,123,05,7,1985080839,exito,,497.344,0,0,"[0.0, 13.21561606370975]"
4768,goal_477,8,exito,15542,2355.14,05,subwp,123,1,E2.1,E2.1-R0,False,subwp,123,05,8,3874419606,exito,,497.344,0,0,"[0.0, -10.764936695932326]"
4769,goal_477,9,col_return,10403,1406.91,05,subwp,123,1,E2.1,E2.1-R0,False,subwp,123,05,9,2448016128,col_return,return,332.896,0,0,"[0.0, 14.999523444104641]"
4770,goal_477,10,exito,15537,2367.67,05,subwp,123,1,E2.1,E2.1-R0,False,subwp,123,05,10,1016315114,exito,,497.184,0,0,"[0.0, 25.49153644986317]"
4771,goal_478,1,exito,15866,2418.01,05,subwp,123,1,E2.1,E2.1-R0,False,subwp,123,05,1,2666537221,exito,,507.712,0,0,"[0.0, -1.324951060862798]"
4772,goal_478,2,exito,15866,2418.07,05,subwp,123,1,E2.1,E2.1-R0,False,subwp,123,05,2,133787839,exito,,507.712,0,0,"[0.0, -24.706822757247537]"
4773,goal_478,3,exito,15866,2418.0,05,subwp,123,1,E2.1,E2.1-R0,False,subwp,123,05,3,1895710761,exito,,507.712,0,0,"[0.0, -0.06514321701823755]"
4774,goal_478,4,exito,15866,2418.02,05,subwp,123,1,E2.1,E2.1-R0,False,subwp,123,05,4,4003124618,exito,,507.712,0,0,"[0.0, -10.233777248317132]"
4775,goal_478,5,col_return,10862,1476.99,05,subwp,123,1,E2.1,E2.1-R0,False,subwp,123,05,5,2577261852,col_return,return,347.584,0,0,"[0.0, 17.34698783667684]"
4776,goal_478,6,exito,15860,2418.05,05,subwp,123,1,E2.1,E2.1-R0,False,subwp,123,05,6,9745574,exito,,507.52,0,0,"[0.0, -16.865402480297146]"
4777,goal_478,7,exito,15866,2417.92,05,subwp,123,1,E2.1,E2.1-R0,False,subwp,123,05,7,2006156336,exito,,507.712,0,0,"[0.0, -2.34200553738803]"
4778,goal_478,8,exito,15866,2418.0,05,subwp,123,1,E2.1,E2.1-R0,False,subwp,123,05,8,3878459809,exito,,507.712,0,0,"[0.0, 25.998913355718333]"
4779,goal_478,9,exito,15866,2418.0,05,subwp,123,1,E2.1,E2.1-R0,False,subwp,123,05,9,2418780471,exito,,507.712,0,0,"[0.0, -21.91754183617131]"
4780,goal_478,10,exito,15866,2418.01,05,subwp,123,1,E2.1,E2.1-R0,False,subwp,123,05,10,2217728911,exito,,507.712,0,0,"[0.0, -21.963524864658556]"
4781,goal_479,1,exito,15306,2330.71,05,subwp,123,1,E2.1,E2.1-R0,False,subwp,123,05,1,2511103544,exito,,489.792,0,0,"[0.0, 27.190549305200882]"
4782,goal_479,2,col_return,10368,1382.02,05,subwp,123,1,E2.1,E2.1-R0,False,subwp,123,05,2,212154242,col_return,return,331.776,0,0,"[0.0, -10.182216488702696]"
4783,goal_479,3,exito,15301,2336.97,05,subwp,123,1,E2.1,E2.1-R0,False,subwp,123,05,3,2074216212,exito,,489.632,0,0,"[0.0, -11.28982378142593]"
4784,goal_479,4,exito,15306,2337.06,05,subwp,123,1,E2.1,E2.1-R0,False,subwp,123,05,4,3854996151,exito,,489.792,0,0,"[0.0, 24.015548739338243]"
4785,goal_479,5,exito,15306,2337.06,05,subwp,123,1,E2.1,E2.1-R0,False,subwp,123,05,5,2462163489,exito,,489.792,0,0,"[0.0, 20.03459315250306]"
4786,goal_479,6,exito,15306,2337.11,05,subwp,123,1,E2.1,E2.1-R0,False,subwp,123,05,6,197718939,exito,,489.792,0,0,"[0.0, -7.2821635059853085]"
4787,goal_479,7,exito,15306,2337.05,05,subwp,123,1,E2.1,E2.1-R0,False,subwp,123,05,7,2093990669,exito,,489.792,0,0,"[0.0, 14.295349013998585]"
4788,goal_479,8,exito,15306,2337.07,05,subwp,123,1,E2.1,E2.1-R0,False,subwp,123,05,8,3966819996,exito,,489.792,0,0,"[0.0, -2.3610768910052293]"
4789,goal_479,9,exito,15306,2337.05,05,subwp,123,1,E2.1,E2.1-R0,False,subwp,123,05,9,2608328202,exito,,489.792,0,0,"[0.0, 0.643471198933514]"
4790,goal_479,10,exito,15306,2337.07,05,subwp,123,1,E2.1,E2.1-R0,False,subwp,123,05,10,3696020441,exito,,489.792,0,0,"[0.0, -4.3076410264295895]"
4791,goal_480,1,exito,15591,2376.8,05,subwp,123,1,E2.1,E2.1-R0,False,subwp,123,05,1,2490240015,exito,,498.912,0,0,"[0.0, 3.2615617413691145]"
4792,goal_480,2,exito,15591,2376.75,05,subwp,123,1,E2.1,E2.1-R0,False,subwp,123,05,2,224878005,exito,,498.912,0,0,"[0.0, -10.600315021725358]"
4793,goal_480,3,exito,15591,2376.75,05,subwp,123,1,E2.1,E2.1-R0,False,subwp,123,05,3,2053139747,exito,,498.912,0,0,"[0.0, -20.01649566867707]"
4794,goal_480,4,exito,15591,2352.35,05,subwp,123,1,E2.1,E2.1-R0,False,subwp,123,05,4,3825531008,exito,,498.912,0,0,"[0.0, -21.872207613060798]"
4795,goal_480,5,col_return,10375,1407.58,05,subwp,123,1,E2.1,E2.1-R0,False,subwp,123,05,5,2466498582,col_return,return,332.0,0,0,"[0.0, 3.4620226727831227]"
4796,goal_480,6,exito,15584,2376.43,05,subwp,123,1,E2.1,E2.1-R0,False,subwp,123,05,6,168466860,exito,,498.688,0,0,"[0.0, -21.3786665791389]"
4797,goal_480,7,exito,15591,2376.75,05,subwp,123,1,E2.1,E2.1-R0,False,subwp,123,05,7,2098047290,exito,,498.912,0,0,"[0.0, -21.74572417442598]"
4798,goal_480,8,exito,15591,2376.76,05,subwp,123,1,E2.1,E2.1-R0,False,subwp,123,05,8,3987911851,exito,,498.912,0,0,"[0.0, 12.285710673852046]"
4799,goal_480,9,exito,15591,2376.74,05,subwp,123,1,E2.1,E2.1-R0,False,subwp,123,05,9,2595587133,exito,,498.912,0,0,"[0.0, 28.258986446727874]"
4800,goal_480,10,exito,15591,2376.75,05,subwp,123,1,E2.1,E2.1-R0,False,subwp,123,05,10,1693494460,exito,,498.912,0,0,"[0.0, 6.908583758099445]"
4801,goal_481,1,exito,15278,2338.73,05,subwp,123,1,E2.1,E2.1-R0,False,subwp,123,05,1,3285985238,exito,,488.896,0,0,"[0.0, -24.573981177451557]"
4802,goal_481,2,exito,15278,2338.72,05,subwp,123,1,E2.1,E2.1-R0,False,subwp,123,05,2,1523938924,exito,,488.896,0,0,"[0.0, 5.76957872469537]"
4803,goal_481,3,exito,15277,2338.7,05,subwp,123,1,E2.1,E2.1-R0,False,subwp,123,05,3,768755450,exito,,488.864,0,0,"[0.0, -0.43921015371322314]"
4804,goal_481,4,exito,15278,2338.72,05,subwp,123,1,E2.1,E2.1-R0,False,subwp,123,05,4,3015103321,exito,,488.896,0,0,"[0.0, -23.234854020243024]"
4805,goal_481,5,exito,15278,2335.75,05,subwp,123,1,E2.1,E2.1-R0,False,subwp,123,05,5,3299992527,exito,,488.896,0,0,"[0.0, 28.855778922487907]"
4806,goal_481,6,exito,15277,2314.31,05,subwp,123,1,E2.1,E2.1-R0,False,subwp,123,05,6,1572385397,exito,,488.864,0,0,"[0.0, -23.253049535121463]"
4807,goal_481,7,col_return,10219,1389.61,05,subwp,123,1,E2.1,E2.1-R0,False,subwp,123,05,7,717193955,col_return,return,327.008,0,0,"[0.0, -11.990882886123401]"
4808,goal_481,8,col_approach,3299,294.42,05,subwp,123,1,E2.1,E2.1-R0,False,subwp,123,05,8,3120602994,col_approach,approach,105.568,0,0,"[0.0, 26.71853059218669]"
4809,goal_481,9,exito,15272,2338.64,05,subwp,123,1,E2.1,E2.1-R0,False,subwp,123,05,9,3439833060,exito,,488.704,0,0,"[0.0, 9.049401781583066]"
4810,goal_481,10,exito,15278,2338.73,05,subwp,123,1,E2.1,E2.1-R0,False,subwp,123,05,10,2611508455,exito,,488.896,0,0,"[0.0, 0.1559162177270168]"
4811,goal_482,1,exito,15444,2355.53,05,subwp,123,1,E2.1,E2.1-R0,False,subwp,123,05,1,3256765921,exito,,494.208,0,0,"[0.0, 15.35404478855873]"
4812,goal_482,2,exito,15444,2336.29,05,subwp,123,1,E2.1,E2.1-R0,False,subwp,123,05,2,1528241243,exito,,494.208,0,0,"[0.0, 8.091217088175211]"
4813,goal_482,3,col_return,10339,1393.75,05,subwp,123,1,E2.1,E2.1-R0,False,subwp,123,05,3,739257549,col_return,return,330.848,0,0,"[0.0, 5.31313034823498]"
4814,goal_482,4,exito,15439,2349.94,05,subwp,123,1,E2.1,E2.1-R0,False,subwp,123,05,4,2993994094,exito,,494.048,0,0,"[0.0, 15.883895740835827]"
4815,goal_482,5,exito,15444,2355.31,05,subwp,123,1,E2.1,E2.1-R0,False,subwp,123,05,5,3312683512,exito,,494.208,0,0,"[0.0, -28.465901224581003]"
4816,goal_482,6,exito,15444,2355.75,05,subwp,123,1,E2.1,E2.1-R0,False,subwp,123,05,6,1551554626,exito,,494.208,0,0,"[0.0, -29.443478615069125]"
4817,goal_482,7,exito,15444,2355.68,05,subwp,123,1,E2.1,E2.1-R0,False,subwp,123,05,7,729671892,exito,,494.208,0,0,"[0.0, -26.478757365842803]"
4818,goal_482,8,exito,15444,2355.69,05,subwp,123,1,E2.1,E2.1-R0,False,subwp,123,05,8,3150116165,exito,,494.208,0,0,"[0.0, -10.932166637186745]"
4819,goal_482,9,exito,15444,2333.88,05,subwp,123,1,E2.1,E2.1-R0,False,subwp,123,05,9,3435513299,exito,,494.208,0,0,"[0.0, -9.33996821907392]"
4820,goal_482,10,exito,15444,2355.61,05,subwp,123,1,E2.1,E2.1-R0,False,subwp,123,05,10,588518274,exito,,494.208,0,0,"[0.0, -26.472046484702684]"
4821,goal_483,1,exito,15502,2367.35,05,subwp,123,1,E2.1,E2.1-R0,False,subwp,123,05,1,3227055032,exito,,496.064,0,0,"[0.0, -28.57243980845017]"
4822,goal_483,2,exito,15502,2367.34,05,subwp,123,1,E2.1,E2.1-R0,False,subwp,123,05,2,1498522114,exito,,496.064,0,0,"[0.0, -15.425081366061455]"
4823,goal_483,3,exito,15501,2352.75,05,subwp,123,1,E2.1,E2.1-R0,False,subwp,123,05,3,777425556,exito,,496.032,0,0,"[0.0, 4.855714045929562]"
4824,goal_483,4,col_return,10385,1404.91,05,subwp,123,1,E2.1,E2.1-R0,False,subwp,123,05,4,2956068663,col_return,return,332.32,0,0,"[0.0, 20.1069348770432]"
4825,goal_483,5,exito,15496,2349.34,05,subwp,123,1,E2.1,E2.1-R0,False,subwp,123,05,5,3342153633,exito,,495.872,0,0,"[0.0, -5.162948965092065]"
4826,goal_483,6,col_approach,3040,254.86,05,subwp,123,1,E2.1,E2.1-R0,False,subwp,123,05,6,1581016603,col_approach,approach,97.28,0,0,"[0.0, -3.431840517466722]"
4827,goal_483,7,exito,15497,2367.24,05,subwp,123,1,E2.1,E2.1-R0,False,subwp,123,05,7,691754637,exito,,495.904,0,0,"[0.0, -11.151530198472596]"
4828,goal_483,8,exito,15502,2359.1,05,subwp,123,1,E2.1,E2.1-R0,False,subwp,123,05,8,3112454940,exito,,496.064,0,0,"[0.0, 24.473075376992185]"
4829,goal_483,9,col_return,10417,1414.64,05,subwp,123,1,E2.1,E2.1-R0,False,subwp,123,05,9,3464723338,col_return,return,333.344,0,0,"[0.0, 24.320995664267798]"
4830,goal_483,10,exito,15496,2352.43,05,subwp,123,1,E2.1,E2.1-R0,False,subwp,123,05,10,832683116,exito,,495.872,0,0,"[0.0, 14.274238759892723]"
4831,goal_484,1,exito,15750,2386.86,05,subwp,123,1,E2.1,E2.1-R0,False,subwp,123,05,1,3248134543,exito,,504.0,0,0,"[0.0, -21.287313235681513]"
4832,goal_484,2,exito,15750,2394.48,05,subwp,123,1,E2.1,E2.1-R0,False,subwp,123,05,2,1486080053,exito,,504.0,0,0,"[0.0, 9.732202469182674]"
4833,goal_484,3,exito,15750,2394.47,05,subwp,123,1,E2.1,E2.1-R0,False,subwp,123,05,3,798292131,exito,,504.0,0,0,"[0.0, -7.15301824869438]"
4834,goal_484,4,exito,15750,2394.44,05,subwp,123,1,E2.1,E2.1-R0,False,subwp,123,05,4,2985323776,exito,,504.0,0,0,"[0.0, 5.396521926267743]"
4835,goal_484,5,exito,15750,2394.29,05,subwp,123,1,E2.1,E2.1-R0,False,subwp,123,05,5,3338100118,exito,,504.0,0,0,"[0.0, -23.737472001224162]"
4836,goal_484,6,col_return,10707,1444.7,05,subwp,123,1,E2.1,E2.1-R0,False,subwp,123,05,6,1610484780,col_return,return,342.624,0,0,"[0.0, -26.543972426729493]"
4837,goal_484,7,col_approach,3303,292.57,05,subwp,123,1,E2.1,E2.1-R0,False,subwp,123,05,7,687422650,col_approach,approach,105.696,0,0,"[0.0, 13.24980980268293]"
4838,goal_484,8,exito,15745,2394.27,05,subwp,123,1,E2.1,E2.1-R0,False,subwp,123,05,8,3091603755,exito,,503.84,0,0,"[0.0, -9.756455051121936]"
4839,goal_484,9,exito,15750,2366.9,05,subwp,123,1,E2.1,E2.1-R0,False,subwp,123,05,9,3477148093,exito,,504.0,0,0,"[0.0, 28.996851866479865]"
4840,goal_484,10,col_return,10463,1403.08,05,subwp,123,1,E2.1,E2.1-R0,False,subwp,123,05,10,2300435209,col_return,return,334.816,0,0,"[0.0, -24.400407017228424]"
4841,goal_485,1,exito,15793,2395.37,05,subwp,123,1,E2.1,E2.1-R0,False,subwp,123,05,1,3302330122,exito,,505.376,0,0,"[0.0, -9.360724176130963]"
4842,goal_485,2,col_approach,2817,227.32,05,subwp,123,1,E2.1,E2.1-R0,False,subwp,123,05,2,1574756016,col_approach,approach,90.144,0,0,"[0.0, -25.27482293895574]"
4843,goal_485,3,exito,15795,2387.86,05,subwp,123,1,E2.1,E2.1-R0,False,subwp,123,05,3,719056422,exito,,505.44,0,0,"[0.0, 15.707793285627895]"
4844,goal_485,4,col_return,10536,1420.16,05,subwp,123,1,E2.1,E2.1-R0,False,subwp,123,05,4,3032447877,col_return,return,337.152,0,0,"[0.0, -15.940123613860923]"
4845,goal_485,5,exito,15795,2396.45,05,subwp,123,1,E2.1,E2.1-R0,False,subwp,123,05,5,3283634963,exito,,505.44,0,0,"[0.0, -4.450147643853146]"
4846,goal_485,6,col_approach,2847,231.17,05,subwp,123,1,E2.1,E2.1-R0,False,subwp,123,05,6,1521556137,col_approach,approach,91.104,0,0,"[0.0, -12.788182044064166]"
4847,goal_485,7,exito,15795,2389.8,05,subwp,123,1,E2.1,E2.1-R0,False,subwp,123,05,7,766913087,exito,,505.44,0,0,"[0.0, -20.479918184910957]"
4848,goal_485,8,col_return,10549,1421.51,05,subwp,123,1,E2.1,E2.1-R0,False,subwp,123,05,8,3171497902,col_return,return,337.568,0,0,"[0.0, -0.8737449236535721]"
4849,goal_485,9,exito,15793,2396.48,05,subwp,123,1,E2.1,E2.1-R0,False,subwp,123,05,9,3389916984,exito,,505.376,0,0,"[0.0, -14.74673140078747]"
4850,goal_485,10,col_approach,2851,232.71,05,subwp,123,1,E2.1,E2.1-R0,False,subwp,123,05,10,348840880,col_approach,approach,91.232,0,0,"[0.0, -15.37384141946678]"
4851,goal_486,1,col_return,11107,1491.14,05,subwp,123,1,E2.1,E2.1-R0,False,subwp,123,05,1,3306677565,col_return,return,355.424,0,0,"[0.0, -14.74430093532999]"
4852,goal_486,2,exito,16083,2428.67,05,subwp,123,1,E2.1,E2.1-R0,False,subwp,123,05,2,1545516167,exito,,514.656,0,0,"[0.0, -5.802143456975026]"
4853,goal_486,3,exito,16088,2432.29,05,subwp,123,1,E2.1,E2.1-R0,False,subwp,123,05,3,723092497,exito,,514.816,0,0,"[0.0, 12.591140347997955]"
4854,goal_486,4,exito,16088,2440.19,05,subwp,123,1,E2.1,E2.1-R0,False,subwp,123,05,4,3044872626,exito,,514.816,0,0,"[0.0, -5.918959655215195]"
4855,goal_486,5,exito,16088,2439.95,05,subwp,123,1,E2.1,E2.1-R0,False,subwp,123,05,5,3262783780,exito,,514.816,0,0,"[0.0, 6.22690841915837]"
4856,goal_486,6,col_return,10880,1458.83,05,subwp,123,1,E2.1,E2.1-R0,False,subwp,123,05,6,1534292126,col_return,return,348.16,0,0,"[0.0, -19.246390601146565]"
4857,goal_486,7,exito,16083,2412.25,05,subwp,123,1,E2.1,E2.1-R0,False,subwp,123,05,7,745816072,exito,,514.656,0,0,"[0.0, -18.802311483383054]"
4858,goal_486,8,exito,16088,2437.45,05,subwp,123,1,E2.1,E2.1-R0,False,subwp,123,05,8,3167444377,exito,,514.816,0,0,"[0.0, -10.465754220565742]"
4859,goal_486,9,col_approach,3076,217.05,05,subwp,123,1,E2.1,E2.1-R0,False,subwp,123,05,9,3419172111,col_approach,approach,98.432,0,0,"[0.0, 27.765505119815007]"
4860,goal_486,10,col_return,10297,1388.67,05,subwp,123,1,E2.1,E2.1-R0,False,subwp,123,05,10,2893448405,col_return,return,329.504,0,0,"[0.0, -2.812796924519072]"
4861,goal_487,1,exito,16039,2424.09,05,subwp,123,1,E2.1,E2.1-R0,False,subwp,123,05,1,3343997796,exito,,513.248,0,0,"[0.0, 21.673416243046454]"
4862,goal_487,2,exito,16044,2430.75,05,subwp,123,1,E2.1,E2.1-R0,False,subwp,123,05,2,1582828254,exito,,513.408,0,0,"[0.0, 22.809442269825535]"
4863,goal_487,3,exito,16044,2430.68,05,subwp,123,1,E2.1,E2.1-R0,False,subwp,123,05,3,694106696,exito,,513.408,0,0,"[0.0, -12.693592815951343]"
4864,goal_487,4,col_return,11073,1487.01,05,subwp,123,1,E2.1,E2.1-R0,False,subwp,123,05,4,3074142187,col_return,return,354.336,0,0,"[0.0, 23.758200097405126]"
4865,goal_487,5,exito,16039,2430.68,05,subwp,123,1,E2.1,E2.1-R0,False,subwp,123,05,5,3225198461,exito,,513.248,0,0,"[0.0, -7.595573157969941]"
4866,goal_487,6,exito,16044,2391.08,05,subwp,123,1,E2.1,E2.1-R0,False,subwp,123,05,6,1496698567,exito,,513.408,0,0,"[0.0, -22.210398977723518]"
4867,goal_487,7,exito,16044,2430.76,05,subwp,123,1,E2.1,E2.1-R0,False,subwp,123,05,7,775093841,exito,,513.408,0,0,"[0.0, 4.011669137026805]"
4868,goal_487,8,exito,16044,2430.68,05,subwp,123,1,E2.1,E2.1-R0,False,subwp,123,05,8,3196969920,exito,,513.408,0,0,"[0.0, -10.765822207840978]"
4869,goal_487,9,col_return,10949,1472.82,05,subwp,123,1,E2.1,E2.1-R0,False,subwp,123,05,9,3381318486,col_return,return,350.368,0,0,"[0.0, -26.561223039745286]"
4870,goal_487,10,exito,16039,2430.65,05,subwp,123,1,E2.1,E2.1-R0,False,subwp,123,05,10,3200461627,exito,,513.248,0,0,"[0.0, -13.588631808265895]"
4871,goal_488,1,exito,16368,2436.55,05,subwp,123,1,E2.1,E2.1-R0,False,subwp,123,05,1,3331535187,exito,,523.776,0,0,"[0.0, -29.277498828453943]"
4872,goal_488,2,exito,16358,2436.76,05,subwp,123,1,E2.1,E2.1-R0,False,subwp,123,05,2,1603952873,exito,,523.456,0,0,"[0.0, 28.176182493529037]"
4873,goal_488,3,col_return,11233,1517.55,05,subwp,123,1,E2.1,E2.1-R0,False,subwp,123,05,3,681398399,col_return,return,359.456,0,0,"[0.0, -5.162779678912431]"
4874,goal_488,4,exito,16352,2472.63,05,subwp,123,1,E2.1,E2.1-R0,False,subwp,123,05,4,3069822428,exito,,523.264,0,0,"[0.0, 15.507296114675198]"
4875,goal_488,5,exito,16358,2467.94,05,subwp,123,1,E2.1,E2.1-R0,False,subwp,123,05,5,3254711626,exito,,523.456,0,0,"[0.0, -5.085487126738945]"
4876,goal_488,6,exito,16358,2475.39,05,subwp,123,1,E2.1,E2.1-R0,False,subwp,123,05,6,1492624624,exito,,523.456,0,0,"[0.0, 23.59367995094664]"
4877,goal_488,7,col_return,11084,1497.73,05,subwp,123,1,E2.1,E2.1-R0,False,subwp,123,05,7,804295782,col_return,return,354.688,0,0,"[0.0, -28.074758856554606]"
4878,goal_488,8,exito,16352,2469.87,05,subwp,123,1,E2.1,E2.1-R0,False,subwp,123,05,8,3209660919,exito,,523.264,0,0,"[0.0, -12.428302144336886]"
4879,goal_488,9,exito,16358,2473.35,05,subwp,123,1,E2.1,E2.1-R0,False,subwp,123,05,9,3360209249,exito,,523.456,0,0,"[0.0, 25.337217500957685]"
4880,goal_488,10,exito,16357,2475.16,05,subwp,123,1,E2.1,E2.1-R0,False,subwp,123,05,10,109005918,exito,,523.424,0,0,"[0.0, -17.973594245388757]"
4881,goal_489,1,col_return,10989,1478.83,05,subwp,123,1,E2.1,E2.1-R0,False,subwp,123,05,1,3452925550,col_return,return,351.648,0,0,"[0.0, -18.056218943884293]"
4882,goal_489,2,exito,16317,2467.62,05,subwp,123,1,E2.1,E2.1-R0,False,subwp,123,05,2,1422272468,exito,,522.144,0,0,"[0.0, -13.312321839602454]"
4883,goal_489,3,exito,16323,2466.15,05,subwp,123,1,E2.1,E2.1-R0,False,subwp,123,05,3,599856962,exito,,522.336,0,0,"[0.0, 12.116921968788825]"
4884,goal_489,4,exito,16323,2467.79,05,subwp,123,1,E2.1,E2.1-R0,False,subwp,123,05,4,3181740769,exito,,522.336,0,0,"[0.0, 27.776363217580197]"
4885,goal_489,5,col_return,11026,1474.84,05,subwp,123,1,E2.1,E2.1-R0,False,subwp,123,05,5,3399660151,col_return,return,352.832,0,0,"[0.0, -11.928181192897078]"
4886,goal_489,6,exito,16317,2467.61,05,subwp,123,1,E2.1,E2.1-R0,False,subwp,123,05,6,1403773901,exito,,522.144,0,0,"[0.0, 10.091383941513337]"
4887,goal_489,7,exito,16323,2466.06,05,subwp,123,1,E2.1,E2.1-R0,False,subwp,123,05,7,615306075,exito,,522.336,0,0,"[0.0, -23.826185222859845]"
4888,goal_489,8,exito,16323,2467.81,05,subwp,123,1,E2.1,E2.1-R0,False,subwp,123,05,8,3021197002,exito,,522.336,0,0,"[0.0, 7.62997605014025]"
4889,goal_489,9,col_return,11018,1482.66,05,subwp,123,1,E2.1,E2.1-R0,False,subwp,123,05,9,3272932956,col_return,return,352.576,0,0,"[0.0, -24.41719214859972]"
4890,goal_489,10,exito,16317,2467.63,05,subwp,123,1,E2.1,E2.1-R0,False,subwp,123,05,10,1578916872,exito,,522.144,0,0,"[0.0, 24.982576712410342]"
4891,goal_490,1,exito,16649,2514.16,05,subwp,123,1,E2.1,E2.1-R0,False,subwp,123,05,1,3423411289,exito,,532.768,0,0,"[0.0, -10.222549678275483]"
4892,goal_490,2,exito,16649,2478.04,05,subwp,123,1,E2.1,E2.1-R0,False,subwp,123,05,2,1426345443,exito,,532.768,0,0,"[0.0, -19.808425540242073]"
4893,goal_490,3,col_return,10858,1464.67,05,subwp,123,1,E2.1,E2.1-R0,False,subwp,123,05,3,570654069,col_return,return,347.456,0,0,"[0.0, 2.0591319350526693]"
4894,goal_490,4,exito,16644,2509.65,05,subwp,123,1,E2.1,E2.1-R0,False,subwp,123,05,4,3160926422,exito,,532.608,0,0,"[0.0, -25.47548129346692]"
4895,goal_490,5,col_approach,2821,185.23,05,subwp,123,1,E2.1,E2.1-R0,False,subwp,123,05,5,3412121664,col_approach,approach,90.272,0,0,"[0.0, -7.794680576621939]"
4896,goal_490,6,exito,16645,2511.48,05,subwp,123,1,E2.1,E2.1-R0,False,subwp,123,05,6,1382648314,exito,,532.64,0,0,"[0.0, -24.909264944542247]"
4897,goal_490,7,exito,16649,2516.34,05,subwp,123,1,E2.1,E2.1-R0,False,subwp,123,05,7,628013420,exito,,532.768,0,0,"[0.0, 5.135464877406464]"
4898,goal_490,8,col_approach,2899,217.51,05,subwp,123,1,E2.1,E2.1-R0,False,subwp,123,05,8,3050415357,col_approach,approach,92.768,0,0,"[0.0, 7.752340462301244]"
4899,goal_490,9,col_return,11349,1533.31,05,subwp,123,1,E2.1,E2.1-R0,False,subwp,123,05,9,3268842603,col_return,return,363.168,0,0,"[0.0, 26.796590476961434]"
4900,goal_490,10,exito,16644,2516.07,05,subwp,123,1,E2.1,E2.1-R0,False,subwp,123,05,10,3869260653,exito,,532.608,0,0,"[0.0, 13.34714974303301]"
4901,goal_491,1,exito,16590,2503.69,05,subwp,123,1,E2.1,E2.1-R0,False,subwp,123,05,1,2069905587,exito,,530.88,0,0,"[0.0, 29.07401643197231]"
4902,goal_491,2,col_return,11531,1550.37,05,subwp,123,1,E2.1,E2.1-R0,False,subwp,123,05,2,3798536457,col_return,return,368.992,0,0,"[0.0, 15.335690288577002]"
4903,goal_491,3,exito,16585,2503.6,05,subwp,123,1,E2.1,E2.1-R0,False,subwp,123,05,3,2507022751,exito,,530.72,0,0,"[0.0, -23.212719959428142]"
4904,goal_491,4,exito,16590,2502.15,05,subwp,123,1,E2.1,E2.1-R0,False,subwp,123,05,4,185250876,exito,,530.88,0,0,"[0.0, 17.970266652287844]"
4905,goal_491,5,exito,16590,2478.16,05,subwp,123,1,E2.1,E2.1-R0,False,subwp,123,05,5,2081260714,exito,,530.88,0,0,"[0.0, 11.522602369615152]"
4906,goal_491,6,col_return,10874,1461.66,05,subwp,123,1,E2.1,E2.1-R0,False,subwp,123,05,6,3842299152,col_return,return,347.968,0,0,"[0.0, -20.667789519046543]"
4907,goal_491,7,exito,16585,2500.36,05,subwp,123,1,E2.1,E2.1-R0,False,subwp,123,05,7,2449728902,exito,,530.72,0,0,"[0.0, 2.8861009131771964]"
4908,goal_491,8,exito,16590,2455.09,05,subwp,123,1,E2.1,E2.1-R0,False,subwp,123,05,8,45938711,exito,,530.88,0,0,"[0.0, 5.801081103019028]"
4909,goal_491,9,col_return,11355,1526.85,05,subwp,123,1,E2.1,E2.1-R0,False,subwp,123,05,9,1975240833,col_return,return,363.36,0,0,"[0.0, 0.1734267321176164]"
4910,goal_491,10,exito,16585,2503.57,05,subwp,123,1,E2.1,E2.1-R0,False,subwp,123,05,10,2798148951,exito,,530.72,0,0,"[0.0, 22.461019590706663]"
4911,goal_492,1,exito,16907,2549.22,05,subwp,123,1,E2.1,E2.1-R0,False,subwp,123,05,1,2057448068,exito,,541.024,0,0,"[0.0, 3.080146289000514]"
4912,goal_492,2,col_return,11589,1560.23,05,subwp,123,1,E2.1,E2.1-R0,False,subwp,123,05,2,3819666238,col_return,return,370.848,0,0,"[0.0, 24.447558657802617]"
4913,goal_492,3,exito,16901,2549.22,05,subwp,123,1,E2.1,E2.1-R0,False,subwp,123,05,3,2494319528,exito,,540.832,0,0,"[0.0, -1.2336804816369629]"
4914,goal_492,4,exito,16906,2535.75,05,subwp,123,1,E2.1,E2.1-R0,False,subwp,123,05,4,180936203,exito,,540.992,0,0,"[0.0, -24.68641021541338]"
4915,goal_492,5,col_return,11394,1529.81,05,subwp,123,1,E2.1,E2.1-R0,False,subwp,123,05,5,2110779037,col_return,return,364.608,0,0,"[0.0, 9.47517129148881]"
4916,goal_492,6,exito,16901,2548.68,05,subwp,123,1,E2.1,E2.1-R0,False,subwp,123,05,6,3838230311,exito,,540.832,0,0,"[0.0, 28.85297400382594]"
4917,goal_492,7,col_approach,2834,182.55,05,subwp,123,1,E2.1,E2.1-R0,False,subwp,123,05,7,2478935985,col_approach,approach,90.688,0,0,"[0.0, 18.765080663626115]"
4918,goal_492,8,exito,16902,2549.19,05,subwp,123,1,E2.1,E2.1-R0,False,subwp,123,05,8,58626592,exito,,540.864,0,0,"[0.0, -1.6409918070594531]"
4919,goal_492,9,exito,16906,2549.13,05,subwp,123,1,E2.1,E2.1-R0,False,subwp,123,05,9,1954128566,exito,,540.992,0,0,"[0.0, 16.339317784542807]"
4920,goal_492,10,exito,16906,2545.93,05,subwp,123,1,E2.1,E2.1-R0,False,subwp,123,05,10,510933554,exito,,540.992,0,0,"[0.0, -20.13257193758786]"
