episodio,goal_id,rep,resultado,pasos,reward,warehouse_id,metodo,seed,peaton,policy_stage,evaluation_variant,dynamic_replanning,architecture,model_seed,warehouse,repetition,episode_seed,result,collision_phase,simulated_time,replan_attempts,replan_successes,pedestrian_initial_position
1,goal_001,1,exito,14382,2298.88,05,subwp,524,1,E2.1,E2.1-R0,False,subwp,524,05,1,1270342366,exito,,460.224,0,0,"[0.0, 28.063258669998895]"
2,goal_001,2,exito,14380,2298.37,05,subwp,524,1,E2.1,E2.1-R0,False,subwp,524,05,2,3535713124,exito,,460.16,0,0,"[0.0, -27.301287482733436]"
3,goal_001,3,exito,14380,2298.45,05,subwp,524,1,E2.1,E2.1-R0,False,subwp,524,05,3,2780398578,exito,,460.16,0,0,"[0.0, -7.3646181757931295]"
4,goal_001,4,exito,14380,2298.29,05,subwp,524,1,E2.1,E2.1-R0,False,subwp,524,05,4,1004344913,exito,,460.16,0,0,"[0.0, 17.414648657066213]"
5,goal_001,5,exito,14380,2298.31,05,subwp,524,1,E2.1,E2.1-R0,False,subwp,524,05,5,1289365191,exito,,460.16,0,0,"[0.0, 8.118412999491778]"
6,goal_001,6,exito,14380,2298.45,05,subwp,524,1,E2.1,E2.1-R0,False,subwp,524,05,6,3587405693,exito,,460.16,0,0,"[0.0, -11.886160471556979]"
7,goal_001,7,exito,14380,2298.29,05,subwp,524,1,E2.1,E2.1-R0,False,subwp,524,05,7,2731821035,exito,,460.16,0,0,"[0.0, -3.9429874588470493]"
8,goal_001,8,exito,14380,2298.41,05,subwp,524,1,E2.1,E2.1-R0,False,subwp,524,05,8,845896314,exito,,460.16,0,0,"[0.0, -26.716067223291503]"
9,goal_001,9,col_return,8619,1200.07,05,subwp,524,1,E2.1,E2.1-R0,False,subwp,524,05,9,1164733164,col_return,return,275.808,0,0,"[0.0, -11.83507560738417]"
10,goal_001,10,exito,14370,2299.32,05,subwp,524,1,E2.1,E2.1-R0,False,subwp,524,05,10,2516293392,exito,,459.84,0,0,"[0.0, -18.900973795708495]"
11,goal_002,1,exito,14267,2286.0,05,subwp,524,1,E2.1,E2.1-R0,False,subwp,524,05,1,1249216745,exito,,456.544,0,0,"[0.0, 26.546786319933652]"
12,goal_002,2,col_return,8684,1212.42,05,subwp,524,1,E2.1,E2.1-R0,False,subwp,524,05,2,3548174675,col_return,return,277.888,0,0,"[0.0, -5.989751038759616]"
13,goal_002,3,exito,14256,2286.54,05,subwp,524,1,E2.1,E2.1-R0,False,subwp,524,05,3,2759584197,exito,,456.192,0,0,"[0.0, -15.835235624679322]"
14,goal_002,4,col_return,8465,1178.03,05,subwp,524,1,E2.1,E2.1-R0,False,subwp,524,05,4,975141990,col_return,return,270.88,0,0,"[0.0, 24.093894839338]"
15,goal_002,5,exito,14256,2286.56,05,subwp,524,1,E2.1,E2.1-R0,False,subwp,524,05,5,1293438192,exito,,456.192,0,0,"[0.0, 25.49066050989292]"
16,goal_002,6,exito,14265,2269.52,05,subwp,524,1,E2.1,E2.1-R0,False,subwp,524,05,6,3557891402,exito,,456.48,0,0,"[0.0, -9.950372504719088]"
17,goal_002,7,col_return,8717,1219.79,05,subwp,524,1,E2.1,E2.1-R0,False,subwp,524,05,7,2736139740,col_return,return,278.944,0,0,"[0.0, 27.298714608444776]"
18,goal_002,8,exito,14258,2286.71,05,subwp,524,1,E2.1,E2.1-R0,False,subwp,524,05,8,866725965,exito,,456.256,0,0,"[0.0, -5.518318894814394]"
19,goal_002,9,col_return,8473,1183.63,05,subwp,524,1,E2.1,E2.1-R0,False,subwp,524,05,9,1152254171,col_return,return,271.136,0,0,"[0.0, 29.940589159305116]"
20,goal_002,10,exito,14258,2286.8,05,subwp,524,1,E2.1,E2.1-R0,False,subwp,524,05,10,759689333,exito,,456.256,0,0,"[0.0, 3.662955539744379]"
21,goal_003,1,col_return,8331,1163.01,05,subwp,524,1,E2.1,E2.1-R0,False,subwp,524,05,1,1211315888,col_return,return,266.592,0,0,"[0.0, -11.542758099274565]"
22,goal_003,2,exito,14138,2284.14,05,subwp,524,1,E2.1,E2.1-R0,False,subwp,524,05,2,3510265610,exito,,452.416,0,0,"[0.0, -15.711158694278048]"
23,goal_003,3,col_return,8312,1177.85,05,subwp,524,1,E2.1,E2.1-R0,False,subwp,524,05,3,2789037980,col_return,return,265.984,0,0,"[0.0, -17.1894423770442]"
24,goal_003,4,exito,14138,2284.14,05,subwp,524,1,E2.1,E2.1-R0,False,subwp,524,05,4,945406527,exito,,452.416,0,0,"[0.0, 22.029921133480784]"
25,goal_003,5,col_return,8342,1176.67,05,subwp,524,1,E2.1,E2.1-R0,False,subwp,524,05,5,1331622569,col_return,return,266.944,0,0,"[0.0, 12.259998280371995]"
26,goal_003,6,exito,14138,2284.14,05,subwp,524,1,E2.1,E2.1-R0,False,subwp,524,05,6,3596067603,exito,,452.416,0,0,"[0.0, 28.261192297695892]"
27,goal_003,7,col_return,8352,1178.12,05,subwp,524,1,E2.1,E2.1-R0,False,subwp,524,05,7,2706412421,col_return,return,267.264,0,0,"[0.0, -14.39448323315623]"
28,goal_003,8,exito,14138,2284.14,05,subwp,524,1,E2.1,E2.1-R0,False,subwp,524,05,8,837783060,exito,,452.416,0,0,"[0.0, -27.85234926605834]"
29,goal_003,9,col_return,8356,1178.9,05,subwp,524,1,E2.1,E2.1-R0,False,subwp,524,05,9,1189658242,col_return,return,267.392,0,0,"[0.0, 27.141879648879204]"
30,goal_003,10,exito,14138,2284.15,05,subwp,524,1,E2.1,E2.1-R0,False,subwp,524,05,10,1072848795,exito,,452.416,0,0,"[0.0, -6.21486144110563]"
31,goal_004,1,col_return,8336,1179.62,05,subwp,524,1,E2.1,E2.1-R0,False,subwp,524,05,1,1240554631,col_return,return,266.752,0,0,"[0.0, 6.25215525914216]"
32,goal_004,2,exito,14093,2279.84,05,subwp,524,1,E2.1,E2.1-R0,False,subwp,524,05,2,3505917245,exito,,450.976,0,0,"[0.0, 17.59274076880665]"
33,goal_004,3,col_return,8369,1187.2,05,subwp,524,1,E2.1,E2.1-R0,False,subwp,524,05,3,2818522539,col_return,return,267.808,0,0,"[0.0, 7.077739893966188]"
34,goal_004,4,exito,14093,2279.85,05,subwp,524,1,E2.1,E2.1-R0,False,subwp,524,05,4,966502408,exito,,450.976,0,0,"[0.0, -14.579665711863894]"
35,goal_004,5,col_return,8390,1184.88,05,subwp,524,1,E2.1,E2.1-R0,False,subwp,524,05,5,1318885534,col_return,return,268.48,0,0,"[0.0, 18.577135135784914]"
36,goal_004,6,exito,14093,2279.85,05,subwp,524,1,E2.1,E2.1-R0,False,subwp,524,05,6,3616917796,exito,,450.976,0,0,"[0.0, -7.143809708362545]"
37,goal_004,7,col_return,8398,1186.61,05,subwp,524,1,E2.1,E2.1-R0,False,subwp,524,05,7,2693986738,col_return,return,268.736,0,0,"[0.0, -12.774991421491608]"
38,goal_004,8,exito,14093,2279.84,05,subwp,524,1,E2.1,E2.1-R0,False,subwp,524,05,8,808313891,exito,,450.976,0,0,"[0.0, 6.815588455274804]"
39,goal_004,9,col_return,8401,1187.05,05,subwp,524,1,E2.1,E2.1-R0,False,subwp,524,05,9,1193989301,col_return,return,268.832,0,0,"[0.0, 13.396584608896296]"
40,goal_004,10,exito,14093,2279.85,05,subwp,524,1,E2.1,E2.1-R0,False,subwp,524,05,10,2270050558,exito,,450.976,0,0,"[0.0, 18.85335091499757]"
41,goal_005,1,col_return,8393,1191.47,05,subwp,524,1,E2.1,E2.1-R0,False,subwp,524,05,1,1287539202,col_return,return,268.576,0,0,"[0.0, -28.97082888666121]"
42,goal_005,2,exito,14076,2281.65,05,subwp,524,1,E2.1,E2.1-R0,False,subwp,524,05,2,3585547192,exito,,450.432,0,0,"[0.0, 26.420337385423714]"
43,goal_005,3,col_return,8405,1195.12,05,subwp,524,1,E2.1,E2.1-R0,False,subwp,524,05,3,2729454382,col_return,return,268.96,0,0,"[0.0, 27.059092211498147]"
44,goal_005,4,exito,14076,2281.65,05,subwp,524,1,E2.1,E2.1-R0,False,subwp,524,05,4,1020575373,exito,,450.432,0,0,"[0.0, 19.570466597545284]"
45,goal_005,5,col_return,8410,1197.65,05,subwp,524,1,E2.1,E2.1-R0,False,subwp,524,05,5,1272155675,col_return,return,269.12,0,0,"[0.0, -15.26606726035866]"
46,goal_005,6,exito,14076,2281.64,05,subwp,524,1,E2.1,E2.1-R0,False,subwp,524,05,6,3537559457,exito,,450.432,0,0,"[0.0, -19.06453116409383]"
47,goal_005,7,col_return,8413,1199.35,05,subwp,524,1,E2.1,E2.1-R0,False,subwp,524,05,7,2782785335,col_return,return,269.216,0,0,"[0.0, 15.392089671166682]"
48,goal_005,8,exito,14076,2281.64,05,subwp,524,1,E2.1,E2.1-R0,False,subwp,524,05,8,895677094,exito,,450.432,0,0,"[0.0, -18.011495541568515]"
49,goal_005,9,col_return,8419,1199.99,05,subwp,524,1,E2.1,E2.1-R0,False,subwp,524,05,9,1113965104,col_return,return,269.408,0,0,"[0.0, 27.38630429282532]"
50,goal_005,10,exito,14076,2281.68,05,subwp,524,1,E2.1,E2.1-R0,False,subwp,524,05,10,446234695,exito,,450.432,0,0,"[0.0, 11.313367473348205]"
51,goal_006,1,col_return,8411,1197.57,05,subwp,524,1,E2.1,E2.1-R0,False,subwp,524,05,1,1299980341,col_return,return,269.152,0,0,"[0.0, -7.204700026854923]"
52,goal_006,2,exito,14058,2276.75,05,subwp,524,1,E2.1,E2.1-R0,False,subwp,524,05,2,3564466575,exito,,449.856,0,0,"[0.0, -13.776529446193383]"
53,goal_006,3,col_return,8430,1199.74,05,subwp,524,1,E2.1,E2.1-R0,False,subwp,524,05,3,2742173977,col_return,return,269.76,0,0,"[0.0, 8.958975841224625]"
54,goal_006,4,exito,14058,2276.72,05,subwp,524,1,E2.1,E2.1-R0,False,subwp,524,05,4,1024906426,exito,,449.856,0,0,"[0.0, -11.060758945505235]"
55,goal_006,5,col_return,8434,1196.35,05,subwp,524,1,E2.1,E2.1-R0,False,subwp,524,05,5,1242686508,col_return,return,269.888,0,0,"[0.0, 9.836920738829768]"
56,goal_006,6,exito,14058,2276.71,05,subwp,524,1,E2.1,E2.1-R0,False,subwp,524,05,6,3541611926,exito,,449.856,0,0,"[0.0, 19.087016646611605]"
57,goal_006,7,col_return,8437,1196.62,05,subwp,524,1,E2.1,E2.1-R0,False,subwp,524,05,7,2753529088,col_return,return,269.984,0,0,"[0.0, 13.503216003496254]"
58,goal_006,8,exito,14056,2277.84,05,subwp,524,1,E2.1,E2.1-R0,False,subwp,524,05,8,882940049,exito,,449.792,0,0,"[0.0, 22.314482386923828]"
59,goal_006,9,col_return,8437,1197.61,05,subwp,524,1,E2.1,E2.1-R0,False,subwp,524,05,9,1135060999,col_return,return,269.984,0,0,"[0.0, 22.8286866319408]"
60,goal_006,10,exito,14056,2277.54,05,subwp,524,1,E2.1,E2.1-R0,False,subwp,524,05,10,2720360226,exito,,449.792,0,0,"[0.0, -26.350967105157125]"
61,goal_007,1,col_return,8439,1197.75,05,subwp,524,1,E2.1,E2.1-R0,False,subwp,524,05,1,1329241708,col_return,return,270.048,0,0,"[0.0, -21.22236047360907]"
62,goal_007,2,exito,14054,2276.97,05,subwp,524,1,E2.1,E2.1-R0,False,subwp,524,05,2,3593719766,exito,,449.728,0,0,"[0.0, 15.079119905646303]"
63,goal_007,3,col_return,8439,1199.03,05,subwp,524,1,E2.1,E2.1-R0,False,subwp,524,05,3,2704604992,col_return,return,270.048,0,0,"[0.0, -11.092696078036708]"
64,goal_007,4,exito,14054,2277.07,05,subwp,524,1,E2.1,E2.1-R0,False,subwp,524,05,4,1062234851,exito,,449.728,0,0,"[0.0, 8.1227180742064]"
65,goal_007,5,col_return,8443,1199.26,05,subwp,524,1,E2.1,E2.1-R0,False,subwp,524,05,5,1213684341,col_return,return,270.176,0,0,"[0.0, 13.873554197406577]"
66,goal_007,6,exito,14054,2277.07,05,subwp,524,1,E2.1,E2.1-R0,False,subwp,524,05,6,3512601551,exito,,449.728,0,0,"[0.0, -12.892002615451428]"
67,goal_007,7,col_return,8439,1199.74,05,subwp,524,1,E2.1,E2.1-R0,False,subwp,524,05,7,2790865753,col_return,return,270.048,0,0,"[0.0, 6.847925887848742]"
68,goal_007,8,exito,14054,2277.07,05,subwp,524,1,E2.1,E2.1-R0,False,subwp,524,05,8,921052872,exito,,449.728,0,0,"[0.0, -22.435744790699353]"
69,goal_007,9,col_return,8449,1198.84,05,subwp,524,1,E2.1,E2.1-R0,False,subwp,524,05,9,1105270366,col_return,return,270.368,0,0,"[0.0, -21.000806440910008]"
70,goal_007,10,exito,14054,2277.07,05,subwp,524,1,E2.1,E2.1-R0,False,subwp,524,05,10,2962278604,exito,,449.728,0,0,"[0.0, 13.16241403084936]"
71,goal_008,1,col_return,8462,1198.67,05,subwp,524,1,E2.1,E2.1-R0,False,subwp,524,05,1,1324938331,col_return,return,270.784,0,0,"[0.0, 25.30295019186616]"
72,goal_008,2,exito,14073,2281.88,05,subwp,524,1,E2.1,E2.1-R0,False,subwp,524,05,2,3622938081,exito,,450.336,0,0,"[0.0, 2.0089881127185394]"
73,goal_008,3,col_return,8436,1203.3,05,subwp,524,1,E2.1,E2.1-R0,False,subwp,524,05,3,2700514679,col_return,return,269.952,0,0,"[0.0, 27.224938185801918]"
74,goal_008,4,exito,14073,2281.93,05,subwp,524,1,E2.1,E2.1-R0,False,subwp,524,05,4,1049755860,exito,,450.336,0,0,"[0.0, 14.844278432619685]"
75,goal_008,5,col_return,8427,1202.82,05,subwp,524,1,E2.1,E2.1-R0,False,subwp,524,05,5,1234513986,col_return,return,269.664,0,0,"[0.0, -20.144564603298846]"
76,goal_008,6,exito,14073,2281.89,05,subwp,524,1,E2.1,E2.1-R0,False,subwp,524,05,6,3499909624,exito,,450.336,0,0,"[0.0, -4.620407809637783]"
77,goal_008,7,col_return,8432,1201.33,05,subwp,524,1,E2.1,E2.1-R0,False,subwp,524,05,7,2811973998,col_return,return,269.824,0,0,"[0.0, -26.189088561122237]"
78,goal_008,8,exito,14073,2281.89,05,subwp,524,1,E2.1,E2.1-R0,False,subwp,524,05,8,925125887,exito,,450.336,0,0,"[0.0, -0.30274115651717226]"
79,goal_008,9,col_return,8431,1199.85,05,subwp,524,1,E2.1,E2.1-R0,False,subwp,524,05,9,1076067433,col_return,return,269.792,0,0,"[0.0, 22.062835759900096]"
80,goal_008,10,exito,14073,2281.93,05,subwp,524,1,E2.1,E2.1-R0,False,subwp,524,05,10,137146281,exito,,450.336,0,0,"[0.0, -8.67210241130538]"
81,goal_009,1,col_return,8446,1197.78,05,subwp,524,1,E2.1,E2.1-R0,False,subwp,524,05,1,1168421734,col_return,return,270.272,0,0,"[0.0, -4.611601402949672]"
82,goal_009,2,exito,14120,2283.34,05,subwp,524,1,E2.1,E2.1-R0,False,subwp,524,05,2,3702383324,exito,,451.84,0,0,"[0.0, -9.903245795958329]"
83,goal_009,3,col_return,8417,1189.7,05,subwp,524,1,E2.1,E2.1-R0,False,subwp,524,05,3,2880098890,col_return,return,269.344,0,0,"[0.0, -15.66786508376122]"
84,goal_009,4,exito,14120,2283.35,05,subwp,524,1,E2.1,E2.1-R0,False,subwp,524,05,4,902711273,exito,,451.84,0,0,"[0.0, 12.001279339821863]"
85,goal_009,5,col_return,8389,1192.33,05,subwp,524,1,E2.1,E2.1-R0,False,subwp,524,05,5,1120499583,col_return,return,268.448,0,0,"[0.0, 18.97518702792205]"
86,goal_009,6,exito,14120,2283.34,05,subwp,524,1,E2.1,E2.1-R0,False,subwp,524,05,6,3686803141,exito,,451.84,0,0,"[0.0, 0.11385594630147766]"
87,goal_009,7,col_return,8392,1189.33,05,subwp,524,1,E2.1,E2.1-R0,False,subwp,524,05,7,2898728531,col_return,return,268.544,0,0,"[0.0, 23.496849609973303]"
88,goal_009,8,exito,14120,2283.63,05,subwp,524,1,E2.1,E2.1-R0,False,subwp,524,05,8,1014500290,exito,,451.84,0,0,"[0.0, -15.247695974696228]"
89,goal_009,9,col_return,8387,1187.22,05,subwp,524,1,E2.1,E2.1-R0,False,subwp,524,05,9,1266629460,col_return,return,268.384,0,0,"[0.0, -20.481253754443568]"
90,goal_009,10,exito,14120,2283.35,05,subwp,524,1,E2.1,E2.1-R0,False,subwp,524,05,10,1347403775,exito,,451.84,0,0,"[0.0, 7.70986812690442]"
91,goal_010,1,col_return,8423,1189.18,05,subwp,524,1,E2.1,E2.1-R0,False,subwp,524,05,1,1147590993,col_return,return,269.536,0,0,"[0.0, 23.530053410101388]"
92,goal_010,2,exito,14200,2294.08,05,subwp,524,1,E2.1,E2.1-R0,False,subwp,524,05,2,3715074283,exito,,454.4,0,0,"[0.0, -0.49002944564627393]"
93,goal_010,3,exito,14226,2061.14,05,subwp,524,1,E2.1,E2.1-R0,False,subwp,524,05,3,2858989693,exito,,455.232,0,0,"[0.0, 13.868207310478855]"
94,goal_010,4,col_return,8752,1233.97,05,subwp,524,1,E2.1,E2.1-R0,False,subwp,524,05,4,873213406,col_return,return,280.064,0,0,"[0.0, -4.8650020652537584]"
95,goal_010,5,exito,14200,2294.05,05,subwp,524,1,E2.1,E2.1-R0,False,subwp,524,05,5,1124801864,exito,,454.4,0,0,"[0.0, 19.8928394992233]"
96,goal_010,6,col_return,8519,1204.1,05,subwp,524,1,E2.1,E2.1-R0,False,subwp,524,05,6,3657583858,col_return,return,272.608,0,0,"[0.0, -13.743226899064195]"
97,goal_010,7,exito,14200,2294.08,05,subwp,524,1,E2.1,E2.1-R0,False,subwp,524,05,7,2902817892,exito,,454.4,0,0,"[0.0, -3.399589269166554]"
98,goal_010,8,col_return,8408,1187.06,05,subwp,524,1,E2.1,E2.1-R0,False,subwp,524,05,8,1035624949,col_return,return,269.056,0,0,"[0.0, -8.258475629316822]"
99,goal_010,9,exito,14200,2294.09,05,subwp,524,1,E2.1,E2.1-R0,False,subwp,524,05,9,1253921123,exito,,454.4,0,0,"[0.0, 8.713001758249113]"
100,goal_010,10,exito,14216,2098.35,05,subwp,524,1,E2.1,E2.1-R0,False,subwp,524,05,10,3908294810,exito,,454.912,0,0,"[0.0, 24.263434147021325]"
101,goal_011,1,col_return,8772,1244.78,05,subwp,524,1,E2.1,E2.1-R0,False,subwp,524,05,1,1712817423,col_return,return,280.704,0,0,"[0.0, 0.1721211128595157]"
102,goal_011,2,exito,14265,2304.42,05,subwp,524,1,E2.1,E2.1-R0,False,subwp,524,05,2,4280210613,exito,,456.48,0,0,"[0.0, -10.472999218410738]"
103,goal_011,3,col_return,8502,1205.69,05,subwp,524,1,E2.1,E2.1-R0,False,subwp,524,05,3,2283398179,col_return,return,272.064,0,0,"[0.0, -29.02840182009752]"
104,goal_011,4,exito,14265,2304.46,05,subwp,524,1,E2.1,E2.1-R0,False,subwp,524,05,4,377319808,exito,,456.48,0,0,"[0.0, -4.590481898042711]"
105,goal_011,5,exito,14276,2278.85,05,subwp,524,1,E2.1,E2.1-R0,False,subwp,524,05,5,1635402006,exito,,456.832,0,0,"[0.0, -29.276863979847032]"
106,goal_011,6,col_return,8735,1238.61,05,subwp,524,1,E2.1,E2.1-R0,False,subwp,524,05,6,4168290476,col_return,return,279.52,0,0,"[0.0, -23.627013194171592]"
107,goal_011,7,exito,14265,2304.39,05,subwp,524,1,E2.1,E2.1-R0,False,subwp,524,05,7,2406752314,exito,,456.48,0,0,"[0.0, 16.615509835947528]"
108,goal_011,8,col_return,8484,1199.35,05,subwp,524,1,E2.1,E2.1-R0,False,subwp,524,05,8,533413291,col_return,return,271.488,0,0,"[0.0, 2.15229956535286]"
109,goal_011,9,exito,14265,2304.46,05,subwp,524,1,E2.1,E2.1-R0,False,subwp,524,05,9,1758203197,exito,,456.48,0,0,"[0.0, -9.438065477041848]"
110,goal_011,10,exito,14276,2292.07,05,subwp,524,1,E2.1,E2.1-R0,False,subwp,524,05,10,1677907253,exito,,456.832,0,0,"[0.0, 23.270894282808428]"
111,goal_012,1,col_return,8757,1235.96,05,subwp,524,1,E2.1,E2.1-R0,False,subwp,524,05,1,1742073656,col_return,return,280.224,0,0,"[0.0, 23.16502548467271]"
112,goal_012,2,exito,14333,2314.27,05,subwp,524,1,E2.1,E2.1-R0,False,subwp,524,05,2,4275879554,exito,,458.656,0,0,"[0.0, 23.45003080878598]"
113,goal_012,3,exito,14343,2257.49,05,subwp,524,1,E2.1,E2.1-R0,False,subwp,524,05,3,2312867348,exito,,458.976,0,0,"[0.0, 17.42336680865028]"
114,goal_012,4,col_return,8784,1246.48,05,subwp,524,1,E2.1,E2.1-R0,False,subwp,524,05,4,398400439,col_return,return,281.088,0,0,"[0.0, -3.079463316023894]"
115,goal_012,5,exito,14333,2314.18,05,subwp,524,1,E2.1,E2.1-R0,False,subwp,524,05,5,1622682401,exito,,458.656,0,0,"[0.0, -17.623530989410966]"
116,goal_012,6,exito,14343,2179.89,05,subwp,524,1,E2.1,E2.1-R0,False,subwp,524,05,6,4189158043,exito,,458.976,0,0,"[0.0, -13.895585497668904]"
117,goal_012,7,col_return,8797,1251.38,05,subwp,524,1,E2.1,E2.1-R0,False,subwp,524,05,7,2394311181,col_return,return,281.504,0,0,"[0.0, -11.728516683887516]"
118,goal_012,8,exito,14333,2314.17,05,subwp,524,1,E2.1,E2.1-R0,False,subwp,524,05,8,503928732,exito,,458.656,0,0,"[0.0, -23.119510427927683]"
119,goal_012,9,exito,14352,2101.53,05,subwp,524,1,E2.1,E2.1-R0,False,subwp,524,05,9,1762551562,exito,,459.264,0,0,"[0.0, -9.7426241912259]"
120,goal_012,10,col_return,8808,1247.7,05,subwp,524,1,E2.1,E2.1-R0,False,subwp,524,05,10,3703485008,col_return,return,281.856,0,0,"[0.0, -4.270344684912795]"
121,goal_013,1,exito,14414,2327.06,05,subwp,524,1,E2.1,E2.1-R0,False,subwp,524,05,1,1704153441,exito,,461.248,0,0,"[0.0, -6.616622734560149]"
122,goal_013,2,exito,14424,2321.52,05,subwp,524,1,E2.1,E2.1-R0,False,subwp,524,05,2,4237951195,exito,,461.568,0,0,"[0.0, -13.834896638944867]"
123,goal_013,3,col_return,8775,1246.62,05,subwp,524,1,E2.1,E2.1-R0,False,subwp,524,05,3,2342334541,col_return,return,280.8,0,0,"[0.0, -28.268027689417004]"
124,goal_013,4,exito,14414,2327.06,05,subwp,524,1,E2.1,E2.1-R0,False,subwp,524,05,4,368682478,exito,,461.248,0,0,"[0.0, -12.399879953158127]"
125,goal_013,5,exito,14424,2327.59,05,subwp,524,1,E2.1,E2.1-R0,False,subwp,524,05,5,1660851576,exito,,461.568,0,0,"[0.0, -24.759977561879577]"
126,goal_013,6,col_return,8719,1234.6,05,subwp,524,1,E2.1,E2.1-R0,False,subwp,524,05,6,4227318978,col_return,return,279.008,0,0,"[0.0, 18.052331748069278]"
127,goal_013,7,exito,14414,2327.06,05,subwp,524,1,E2.1,E2.1-R0,False,subwp,524,05,7,2364601428,exito,,461.248,0,0,"[0.0, -23.670074272448616]"
128,goal_013,8,exito,14424,2327.6,05,subwp,524,1,E2.1,E2.1-R0,False,subwp,524,05,8,474999237,exito,,461.568,0,0,"[0.0, 22.809221040223324]"
129,goal_013,9,col_return,8682,1235.15,05,subwp,524,1,E2.1,E2.1-R0,False,subwp,524,05,9,1799936339,col_return,return,277.824,0,0,"[0.0, -10.863187198365905]"
130,goal_013,10,exito,14414,2327.05,05,subwp,524,1,E2.1,E2.1-R0,False,subwp,524,05,10,3456835006,exito,,461.248,0,0,"[0.0, 14.432419369820126]"
131,goal_014,1,exito,14507,2352.72,05,subwp,524,1,E2.1,E2.1-R0,False,subwp,524,05,1,1683045206,exito,,464.224,0,0,"[0.0, -5.575345113511288]"
132,goal_014,2,col_return,8678,1244.23,05,subwp,524,1,E2.1,E2.1-R0,False,subwp,524,05,2,4250430188,col_return,return,277.696,0,0,"[0.0, -21.040278081285827]"
133,goal_014,3,exito,14497,2352.18,05,subwp,524,1,E2.1,E2.1-R0,False,subwp,524,05,3,2321504890,exito,,463.904,0,0,"[0.0, 7.610760687840859]"
134,goal_014,4,exito,14507,2352.71,05,subwp,524,1,E2.1,E2.1-R0,False,subwp,524,05,4,339464153,exito,,464.224,0,0,"[0.0, 25.876470938928588]"
135,goal_014,5,exito,14507,2341.88,05,subwp,524,1,E2.1,E2.1-R0,False,subwp,524,05,5,1664941903,exito,,464.224,0,0,"[0.0, -17.60252186919372]"
136,goal_014,6,col_return,8831,1265.57,05,subwp,524,1,E2.1,E2.1-R0,False,subwp,524,05,6,4197822197,col_return,return,282.592,0,0,"[0.0, -18.275008577778767]"
137,goal_014,7,exito,14497,2352.18,05,subwp,524,1,E2.1,E2.1-R0,False,subwp,524,05,7,2368904803,exito,,463.904,0,0,"[0.0, -1.3922385409665128]"
138,goal_014,8,exito,14507,2352.71,05,subwp,524,1,E2.1,E2.1-R0,False,subwp,524,05,8,495813618,exito,,464.224,0,0,"[0.0, 5.91996244612228]"
139,goal_014,9,col_return,8653,1243.47,05,subwp,524,1,E2.1,E2.1-R0,False,subwp,524,05,9,1787474788,col_return,return,276.896,0,0,"[0.0, 18.273766040424533]"
140,goal_014,10,exito,14497,2352.18,05,subwp,524,1,E2.1,E2.1-R0,False,subwp,524,05,10,1991736027,exito,,463.904,0,0,"[0.0, -0.3749039225903772]"
141,goal_015,1,exito,14600,2369.15,05,subwp,524,1,E2.1,E2.1-R0,False,subwp,524,05,1,1629367763,exito,,467.2,0,0,"[0.0, -13.744371114130338]"
142,goal_015,2,exito,14600,2369.15,05,subwp,524,1,E2.1,E2.1-R0,False,subwp,524,05,2,4162288745,exito,,467.2,0,0,"[0.0, 1.4130131654388167]"
143,goal_015,3,col_return,8779,1259.26,05,subwp,524,1,E2.1,E2.1-R0,False,subwp,524,05,3,2400210175,col_return,return,280.928,0,0,"[0.0, -4.486535806531656]"
144,goal_015,4,exito,14590,2368.62,05,subwp,524,1,E2.1,E2.1-R0,False,subwp,524,05,4,292870492,exito,,466.88,0,0,"[0.0, -5.3299014544109236]"
145,goal_015,5,exito,14600,2369.16,05,subwp,524,1,E2.1,E2.1-R0,False,subwp,524,05,5,1718872522,exito,,467.2,0,0,"[0.0, 21.875782825641426]"
146,goal_015,6,exito,14600,2369.15,05,subwp,524,1,E2.1,E2.1-R0,False,subwp,524,05,6,4286232688,exito,,467.2,0,0,"[0.0, 28.539111628239738]"
147,goal_015,7,exito,14610,2152.18,05,subwp,524,1,E2.1,E2.1-R0,False,subwp,524,05,7,2289928422,exito,,467.52,0,0,"[0.0, 6.188690294617252]"
148,goal_015,8,col_return,8940,1284.89,05,subwp,524,1,E2.1,E2.1-R0,False,subwp,524,05,8,415405431,col_return,return,286.08,0,0,"[0.0, 4.812003559056093]"
149,goal_015,9,exito,14590,2368.63,05,subwp,524,1,E2.1,E2.1-R0,False,subwp,524,05,9,1875224033,exito,,466.88,0,0,"[0.0, -18.75529493552437]"
150,goal_015,10,exito,14600,2369.16,05,subwp,524,1,E2.1,E2.1-R0,False,subwp,524,05,10,3948954210,exito,,467.2,0,0,"[0.0, 11.174406869967319]"
151,goal_016,1,exito,14694,2385.33,05,subwp,524,1,E2.1,E2.1-R0,False,subwp,524,05,1,1625049060,exito,,470.208,0,0,"[0.0, 24.358388376765255]"
152,goal_016,2,exito,14694,2273.05,05,subwp,524,1,E2.1,E2.1-R0,False,subwp,524,05,2,4191491678,exito,,470.208,0,0,"[0.0, 28.260267551495616]"
153,goal_016,3,col_return,8969,1291.35,05,subwp,524,1,E2.1,E2.1-R0,False,subwp,524,05,3,2396137160,col_return,return,287.008,0,0,"[0.0, 13.322748694767268]"
154,goal_016,4,exito,14684,2384.82,05,subwp,524,1,E2.1,E2.1-R0,False,subwp,524,05,4,280408939,exito,,469.888,0,0,"[0.0, 3.5084947643332165]"
155,goal_016,5,exito,14694,2385.35,05,subwp,524,1,E2.1,E2.1-R0,False,subwp,524,05,5,1739686909,exito,,470.208,0,0,"[0.0, 20.21337851854099]"
156,goal_016,6,exito,14694,2385.37,05,subwp,524,1,E2.1,E2.1-R0,False,subwp,524,05,6,4273525319,exito,,470.208,0,0,"[0.0, -8.344064866126924]"
157,goal_016,7,exito,14694,2385.37,05,subwp,524,1,E2.1,E2.1-R0,False,subwp,524,05,7,2311054033,exito,,470.208,0,0,"[0.0, 28.184418363473533]"
158,goal_016,8,col_return,8863,1272.6,05,subwp,524,1,E2.1,E2.1-R0,False,subwp,524,05,8,419495744,col_return,return,283.616,0,0,"[0.0, -26.888401888261754]"
159,goal_016,9,exito,14684,2384.82,05,subwp,524,1,E2.1,E2.1-R0,False,subwp,524,05,9,1846005718,exito,,469.888,0,0,"[0.0, 7.460639981826018]"
160,goal_016,10,exito,14694,2385.37,05,subwp,524,1,E2.1,E2.1-R0,False,subwp,524,05,10,1406936327,exito,,470.208,0,0,"[0.0, -24.67950100651261]"
161,goal_017,1,exito,14788,2399.66,05,subwp,524,1,E2.1,E2.1-R0,False,subwp,524,05,1,1654323645,exito,,473.216,0,0,"[0.0, 7.68824812307332]"
162,goal_017,2,exito,14788,2399.66,05,subwp,524,1,E2.1,E2.1-R0,False,subwp,524,05,2,4220758023,exito,,473.216,0,0,"[0.0, 11.957994964673773]"
163,goal_017,3,exito,14788,2399.66,05,subwp,524,1,E2.1,E2.1-R0,False,subwp,524,05,3,2358548625,exito,,473.216,0,0,"[0.0, 12.654630670109967]"
164,goal_017,4,exito,14788,2397.92,05,subwp,524,1,E2.1,E2.1-R0,False,subwp,524,05,4,317721906,exito,,473.216,0,0,"[0.0, 15.148642505210939]"
165,goal_017,5,col_return,8944,1292.02,05,subwp,524,1,E2.1,E2.1-R0,False,subwp,524,05,5,1710701988,col_return,return,286.208,0,0,"[0.0, -13.496120835327856]"
166,goal_017,6,exito,14778,2399.09,05,subwp,524,1,E2.1,E2.1-R0,False,subwp,524,05,6,4244532254,exito,,472.896,0,0,"[0.0, 26.442057449849784]"
167,goal_017,7,exito,14788,2399.65,05,subwp,524,1,E2.1,E2.1-R0,False,subwp,524,05,7,2348375176,exito,,473.216,0,0,"[0.0, -5.721354363214395]"
168,goal_017,8,exito,14788,2399.66,05,subwp,524,1,E2.1,E2.1-R0,False,subwp,524,05,8,457589017,exito,,473.216,0,0,"[0.0, -11.260834776111635]"
169,goal_017,9,exito,14788,2399.66,05,subwp,524,1,E2.1,E2.1-R0,False,subwp,524,05,9,1816228239,exito,,473.216,0,0,"[0.0, 5.532733463558546]"
170,goal_017,10,exito,14788,2399.63,05,subwp,524,1,E2.1,E2.1-R0,False,subwp,524,05,10,1097435881,exito,,473.216,0,0,"[0.0, 10.382474395805088]"
171,goal_018,1,exito,14876,2404.88,05,subwp,524,1,E2.1,E2.1-R0,False,subwp,524,05,1,1666749322,exito,,476.032,0,0,"[0.0, 29.12393566366244]"
172,goal_018,2,exito,14876,2404.92,05,subwp,524,1,E2.1,E2.1-R0,False,subwp,524,05,2,4199662128,exito,,476.032,0,0,"[0.0, -29.333592957771717]"
173,goal_018,3,exito,14876,2405.25,05,subwp,524,1,E2.1,E2.1-R0,False,subwp,524,05,3,2371285670,exito,,476.032,0,0,"[0.0, -22.87048459053819]"
174,goal_018,4,exito,14876,2346.28,05,subwp,524,1,E2.1,E2.1-R0,False,subwp,524,05,4,322070277,exito,,476.032,0,0,"[0.0, 4.029381109232288]"
175,goal_018,5,col_return,9049,1298.91,05,subwp,524,1,E2.1,E2.1-R0,False,subwp,524,05,5,1681217427,col_return,return,289.568,0,0,"[0.0, 12.869667671747905]"
176,goal_018,6,exito,14866,2404.69,05,subwp,524,1,E2.1,E2.1-R0,False,subwp,524,05,6,4248569385,exito,,475.712,0,0,"[0.0, 12.915908059741616]"
177,goal_018,7,exito,14876,2405.18,05,subwp,524,1,E2.1,E2.1-R0,False,subwp,524,05,7,2319136447,exito,,476.032,0,0,"[0.0, 0.49719774562332786]"
178,goal_018,8,exito,14876,2404.84,05,subwp,524,1,E2.1,E2.1-R0,False,subwp,524,05,8,444869422,exito,,476.032,0,0,"[0.0, 5.709533515576302]"
179,goal_018,9,exito,14876,2404.95,05,subwp,524,1,E2.1,E2.1-R0,False,subwp,524,05,9,1837308856,exito,,476.032,0,0,"[0.0, -11.005377533838093]"
180,goal_018,10,exito,14876,2405.27,05,subwp,524,1,E2.1,E2.1-R0,False,subwp,524,05,10,4191546764,exito,,476.032,0,0,"[0.0, 29.051693870602946]"
181,goal_019,1,col_exit,3763,436.08,05,subwp,524,1,E2.1,E2.1-R0,False,subwp,524,05,1,1745147063,col_exit,exit,120.416,0,0,"[0.0, -17.881769996087947]"
182,goal_019,2,col_exit,5624,714.2,05,subwp,524,1,E2.1,E2.1-R0,False,subwp,524,05,2,4044195085,col_exit,exit,179.968,0,0,"[0.0, 6.189491710503711]"
183,goal_019,3,col_exit,6555,854.92,05,subwp,524,1,E2.1,E2.1-R0,False,subwp,524,05,3,2248848795,col_exit,exit,209.76,0,0,"[0.0, 23.922048427521656]"
184,goal_019,4,col_exit,3284,366.68,05,subwp,524,1,E2.1,E2.1-R0,False,subwp,524,05,4,409870392,col_exit,exit,105.088,0,0,"[0.0, 2.818722848089028]"
185,goal_019,5,col_exit,5391,679.65,05,subwp,524,1,E2.1,E2.1-R0,False,subwp,524,05,5,1869156526,col_exit,exit,172.512,0,0,"[0.0, -10.181116232269513]"
186,goal_019,6,col_exit,6442,835.82,05,subwp,524,1,E2.1,E2.1-R0,False,subwp,524,05,6,4133503252,col_exit,exit,206.144,0,0,"[0.0, -2.0883649048125097]"
187,goal_019,7,col_exit,3225,356.81,05,subwp,524,1,E2.1,E2.1-R0,False,subwp,524,05,7,2171040130,col_exit,exit,103.2,0,0,"[0.0, 15.64222647474552]"
188,goal_019,8,col_exit,5356,674.8,05,subwp,524,1,E2.1,E2.1-R0,False,subwp,524,05,8,299396115,col_exit,exit,171.392,0,0,"[0.0, -24.535042644305534]"
189,goal_019,9,col_exit,6429,835.52,05,subwp,524,1,E2.1,E2.1-R0,False,subwp,524,05,9,1725914245,col_exit,exit,205.728,0,0,"[0.0, 6.152439536743111]"
190,goal_019,10,col_exit,3219,355.36,05,subwp,524,1,E2.1,E2.1-R0,False,subwp,524,05,10,2713124314,col_exit,exit,103.008,0,0,"[0.0, -17.062397594031026]"
191,goal_020,1,exito,15103,2433.73,05,subwp,524,1,E2.1,E2.1-R0,False,subwp,524,05,1,1774632576,exito,,483.296,0,0,"[0.0, -27.089381642606373]"
192,goal_020,2,exito,15113,2426.09,05,subwp,524,1,E2.1,E2.1-R0,False,subwp,524,05,2,4040159034,exito,,483.616,0,0,"[0.0, -18.34407960184574]"
193,goal_020,3,exito,15113,2410.31,05,subwp,524,1,E2.1,E2.1-R0,False,subwp,524,05,3,2278088620,exito,,483.616,0,0,"[0.0, 10.385954242439595]"
194,goal_020,4,col_return,10137,1458.81,05,subwp,524,1,E2.1,E2.1-R0,False,subwp,524,05,4,430721551,col_return,return,324.384,0,0,"[0.0, 24.699975287765767]"
195,goal_020,5,exito,15103,2440.63,05,subwp,524,1,E2.1,E2.1-R0,False,subwp,524,05,5,1856731801,exito,,483.296,0,0,"[0.0, 2.626617400175768]"
196,goal_020,6,exito,15113,2441.95,05,subwp,524,1,E2.1,E2.1-R0,False,subwp,524,05,6,4154600227,exito,,483.616,0,0,"[0.0, -7.986232375498137]"
197,goal_020,7,exito,15113,2441.95,05,subwp,524,1,E2.1,E2.1-R0,False,subwp,524,05,7,2158304181,exito,,483.616,0,0,"[0.0, 8.713582117101614]"
198,goal_020,8,exito,15113,2441.94,05,subwp,524,1,E2.1,E2.1-R0,False,subwp,524,05,8,270140964,exito,,483.616,0,0,"[0.0, 26.039715729592984]"
199,goal_020,9,exito,15113,2441.94,05,subwp,524,1,E2.1,E2.1-R0,False,subwp,524,05,9,1729967794,exito,,483.616,0,0,"[0.0, 2.640620370696276]"
200,goal_020,10,exito,15113,2441.94,05,subwp,524,1,E2.1,E2.1-R0,False,subwp,524,05,10,420125375,exito,,483.616,0,0,"[0.0, 17.844888251146887]"
201,goal_021,1,exito,15289,2476.9,05,subwp,524,1,E2.1,E2.1-R0,False,subwp,524,05,1,1956784865,exito,,489.248,0,0,"[0.0, 26.38607005366181]"
202,goal_021,2,exito,15289,2476.9,05,subwp,524,1,E2.1,E2.1-R0,False,subwp,524,05,2,3987438427,exito,,489.248,0,0,"[0.0, -23.432439680653236]"
203,goal_021,3,exito,15289,2476.9,05,subwp,524,1,E2.1,E2.1-R0,False,subwp,524,05,3,2594982861,exito,,489.248,0,0,"[0.0, -12.761369955566721]"
204,goal_021,4,exito,15289,2476.9,05,subwp,524,1,E2.1,E2.1-R0,False,subwp,524,05,4,80273006,exito,,489.248,0,0,"[0.0, 28.622379095545273]"
205,goal_021,5,exito,15289,2476.89,05,subwp,524,1,E2.1,E2.1-R0,False,subwp,524,05,5,1943006968,exito,,489.248,0,0,"[0.0, -11.076848125793328]"
206,goal_021,6,exito,15289,2476.9,05,subwp,524,1,E2.1,E2.1-R0,False,subwp,524,05,6,3938893634,exito,,489.248,0,0,"[0.0, 8.581246818983992]"
207,goal_021,7,exito,15289,2476.89,05,subwp,524,1,E2.1,E2.1-R0,False,subwp,524,05,7,2646708180,exito,,489.248,0,0,"[0.0, -13.843457332420009]"
208,goal_021,8,exito,15289,2476.89,05,subwp,524,1,E2.1,E2.1-R0,False,subwp,524,05,8,226398789,exito,,489.248,0,0,"[0.0, -22.488499363453077]"
209,goal_021,9,exito,15289,2476.9,05,subwp,524,1,E2.1,E2.1-R0,False,subwp,524,05,9,2054791891,exito,,489.248,0,0,"[0.0, 29.45982523049302]"
210,goal_021,10,exito,15289,2476.9,05,subwp,524,1,E2.1,E2.1-R0,False,subwp,524,05,10,597864421,exito,,489.248,0,0,"[0.0, -29.53800475561582]"
211,goal_022,1,exito,15397,2492.9,05,subwp,524,1,E2.1,E2.1-R0,False,subwp,524,05,1,1969242326,exito,,492.704,0,0,"[0.0, 21.62596751206702]"
212,goal_022,2,exito,15397,2492.32,05,subwp,524,1,E2.1,E2.1-R0,False,subwp,524,05,2,3966308716,exito,,492.704,0,0,"[0.0, 13.56456445903569]"
213,goal_022,3,exito,15398,2474.84,05,subwp,524,1,E2.1,E2.1-R0,False,subwp,524,05,3,2607686138,exito,,492.736,0,0,"[0.0, 8.68343854992725]"
214,goal_022,4,col_return,10334,1492.96,05,subwp,524,1,E2.1,E2.1-R0,False,subwp,524,05,4,84587609,col_return,return,330.688,0,0,"[0.0, -12.334221334215822]"
215,goal_022,5,exito,15388,2491.7,05,subwp,524,1,E2.1,E2.1-R0,False,subwp,524,05,5,1913488591,exito,,492.416,0,0,"[0.0, -24.679315511230733]"
216,goal_022,6,exito,15398,2493.09,05,subwp,524,1,E2.1,E2.1-R0,False,subwp,524,05,6,3942962549,exito,,492.736,0,0,"[0.0, 26.022526255647623]"
217,goal_022,7,exito,15397,2492.89,05,subwp,524,1,E2.1,E2.1-R0,False,subwp,524,05,7,2617501155,exito,,492.704,0,0,"[0.0, -3.0319061368525846]"
218,goal_022,8,exito,15397,2492.9,05,subwp,524,1,E2.1,E2.1-R0,False,subwp,524,05,8,213710962,exito,,492.704,0,0,"[0.0, -10.284437985356995]"
219,goal_022,9,exito,15397,2492.91,05,subwp,524,1,E2.1,E2.1-R0,False,subwp,524,05,9,2075904228,exito,,492.704,0,0,"[0.0, 28.217520801060655]"
220,goal_022,10,exito,15398,2493.1,05,subwp,524,1,E2.1,E2.1-R0,False,subwp,524,05,10,2602485888,exito,,492.736,0,0,"[0.0, 21.982567351037513]"
221,goal_023,1,exito,15543,2513.49,05,subwp,524,1,E2.1,E2.1-R0,False,subwp,524,05,1,1999044239,exito,,497.376,0,0,"[0.0, 12.920337729701295]"
222,goal_023,2,exito,15543,2513.47,05,subwp,524,1,E2.1,E2.1-R0,False,subwp,524,05,2,3996102453,exito,,497.376,0,0,"[0.0, -15.352446250594758]"
223,goal_023,3,exito,15543,2513.48,05,subwp,524,1,E2.1,E2.1-R0,False,subwp,524,05,3,2569576355,exito,,497.376,0,0,"[0.0, -16.70174120051714]"
224,goal_023,4,exito,15543,2504.95,05,subwp,524,1,E2.1,E2.1-R0,False,subwp,524,05,4,122423808,exito,,497.376,0,0,"[0.0, -15.580183239274437]"
225,goal_023,5,col_return,10459,1515.34,05,subwp,524,1,E2.1,E2.1-R0,False,subwp,524,05,5,1883978390,col_return,return,334.688,0,0,"[0.0, 7.436816336796522]"
226,goal_023,6,exito,15533,2512.24,05,subwp,524,1,E2.1,E2.1-R0,False,subwp,524,05,6,3913444140,exito,,497.056,0,0,"[0.0, -18.70512015942222]"
227,goal_023,7,exito,15543,2513.48,05,subwp,524,1,E2.1,E2.1-R0,False,subwp,524,05,7,2655345594,exito,,497.376,0,0,"[0.0, 5.102652956673575]"
228,goal_023,8,exito,15543,2513.48,05,subwp,524,1,E2.1,E2.1-R0,False,subwp,524,05,8,251282987,exito,,497.376,0,0,"[0.0, -3.4548173528676873]"
229,goal_023,9,exito,15543,2513.48,05,subwp,524,1,E2.1,E2.1-R0,False,subwp,524,05,9,2046654141,exito,,497.376,0,0,"[0.0, 17.49016247586993]"
230,goal_023,10,exito,15543,2513.48,05,subwp,524,1,E2.1,E2.1-R0,False,subwp,524,05,10,2309711726,exito,,497.376,0,0,"[0.0, -14.766220039805816]"
231,goal_024,1,exito,15682,2531.6,05,subwp,524,1,E2.1,E2.1-R0,False,subwp,524,05,1,1994691768,exito,,501.824,0,0,"[0.0, -16.88989729348326]"
232,goal_024,2,exito,15682,2531.6,05,subwp,524,1,E2.1,E2.1-R0,False,subwp,524,05,2,4025337090,exito,,501.824,0,0,"[0.0, 6.662786898741739]"
233,goal_024,3,exito,15682,2497.21,05,subwp,524,1,E2.1,E2.1-R0,False,subwp,524,05,3,2565535124,exito,,501.824,0,0,"[0.0, 0.7937330286967215]"
234,goal_024,4,col_return,10421,1502.19,05,subwp,524,1,E2.1,E2.1-R0,False,subwp,524,05,4,109994039,col_return,return,333.472,0,0,"[0.0, 8.452493754149302]"
235,goal_024,5,exito,15673,2530.4,05,subwp,524,1,E2.1,E2.1-R0,False,subwp,524,05,5,1904824481,exito,,501.536,0,0,"[0.0, 20.87997493789378]"
236,goal_024,6,exito,15682,2531.59,05,subwp,524,1,E2.1,E2.1-R0,False,subwp,524,05,6,3900703003,exito,,501.824,0,0,"[0.0, -22.649024035946844]"
237,goal_024,7,exito,15682,2531.6,05,subwp,524,1,E2.1,E2.1-R0,False,subwp,524,05,7,2676437389,exito,,501.824,0,0,"[0.0, -22.80923741066349]"
238,goal_024,8,exito,15682,2531.59,05,subwp,524,1,E2.1,E2.1-R0,False,subwp,524,05,8,255339548,exito,,501.824,0,0,"[0.0, -16.89227534748374]"
239,goal_024,9,exito,15682,2531.6,05,subwp,524,1,E2.1,E2.1-R0,False,subwp,524,05,9,2017401994,exito,,501.824,0,0,"[0.0, -24.469445029699763]"
240,goal_024,10,exito,15682,2530.83,05,subwp,524,1,E2.1,E2.1-R0,False,subwp,524,05,10,823590923,exito,,501.824,0,0,"[0.0, -21.391914290249712]"
241,goal_025,1,col_return,10742,1548.25,05,subwp,524,1,E2.1,E2.1-R0,False,subwp,524,05,1,1940619837,col_return,return,343.744,0,0,"[0.0, -1.9764627052660377]"
242,goal_025,2,exito,15828,2547.81,05,subwp,524,1,E2.1,E2.1-R0,False,subwp,524,05,2,3936539527,exito,,506.496,0,0,"[0.0, -5.792196728186097]"
243,goal_025,3,exito,15835,2548.77,05,subwp,524,1,E2.1,E2.1-R0,False,subwp,524,05,3,2644894481,exito,,506.72,0,0,"[0.0, -26.27511388191666]"
244,goal_025,4,exito,15837,2549.05,05,subwp,524,1,E2.1,E2.1-R0,False,subwp,524,05,4,63010482,exito,,506.784,0,0,"[0.0, -15.030957595432973]"
245,goal_025,5,exito,15835,2548.77,05,subwp,524,1,E2.1,E2.1-R0,False,subwp,524,05,5,1959151140,exito,,506.72,0,0,"[0.0, 1.525273240841638]"
246,goal_025,6,exito,15837,2549.04,05,subwp,524,1,E2.1,E2.1-R0,False,subwp,524,05,6,3989772190,exito,,506.784,0,0,"[0.0, -16.358880318635617]"
247,goal_025,7,col_return,10773,1553.72,05,subwp,524,1,E2.1,E2.1-R0,False,subwp,524,05,7,2596808456,col_return,return,344.736,0,0,"[0.0, -8.849660588484712]"
248,goal_025,8,exito,15828,2547.87,05,subwp,524,1,E2.1,E2.1-R0,False,subwp,524,05,8,175585945,exito,,506.496,0,0,"[0.0, 4.532901885637033]"
249,goal_025,9,exito,15837,2549.04,05,subwp,524,1,E2.1,E2.1-R0,False,subwp,524,05,9,2104494607,exito,,506.784,0,0,"[0.0, 27.3543815805295]"
250,goal_025,10,exito,15835,2548.77,05,subwp,524,1,E2.1,E2.1-R0,False,subwp,524,05,10,2898278578,exito,,506.72,0,0,"[0.0, -13.451724765946123]"
251,goal_026,1,exito,16001,2569.72,05,subwp,524,1,E2.1,E2.1-R0,False,subwp,524,05,1,1919543306,exito,,512.032,0,0,"[0.0, -10.195355934762073]"
252,goal_026,2,exito,16001,2564.73,05,subwp,524,1,E2.1,E2.1-R0,False,subwp,524,05,2,3948984752,exito,,512.032,0,0,"[0.0, -28.823331196933868]"
253,goal_026,3,col_return,10724,1541.87,05,subwp,524,1,E2.1,E2.1-R0,False,subwp,524,05,3,2624031014,col_return,return,343.168,0,0,"[0.0, -8.544596959792056]"
254,goal_026,4,exito,15992,2568.45,05,subwp,524,1,E2.1,E2.1-R0,False,subwp,524,05,4,33758341,exito,,511.744,0,0,"[0.0, 1.9831693687564744]"
255,goal_026,5,exito,16001,2569.7,05,subwp,524,1,E2.1,E2.1-R0,False,subwp,524,05,5,1963207699,exito,,512.032,0,0,"[0.0, 15.1381917269097]"
256,goal_026,6,exito,16001,2569.71,05,subwp,524,1,E2.1,E2.1-R0,False,subwp,524,05,6,3960307113,exito,,512.032,0,0,"[0.0, 11.566817077041073]"
257,goal_026,7,exito,16001,2569.59,05,subwp,524,1,E2.1,E2.1-R0,False,subwp,524,05,7,2601143615,exito,,512.032,0,0,"[0.0, 9.797834408253232]"
258,goal_026,8,col_return,10860,1560.46,05,subwp,524,1,E2.1,E2.1-R0,False,subwp,524,05,8,196432046,col_return,return,347.52,0,0,"[0.0, -3.048444179891019]"
259,goal_026,9,exito,15992,2568.45,05,subwp,524,1,E2.1,E2.1-R0,False,subwp,524,05,9,2092064824,exito,,511.744,0,0,"[0.0, 18.739664520729132]"
260,goal_026,10,exito,16001,2569.7,05,subwp,524,1,E2.1,E2.1-R0,False,subwp,524,05,10,343695319,exito,,512.032,0,0,"[0.0, 25.45049559408301]"
261,goal_027,1,exito,16160,2593.66,05,subwp,524,1,E2.1,E2.1-R0,False,subwp,524,05,1,1882150483,exito,,517.12,0,0,"[0.0, 17.255019094216106]"
262,goal_027,2,exito,16158,2591.25,05,subwp,524,1,E2.1,E2.1-R0,False,subwp,524,05,2,3911583721,exito,,517.056,0,0,"[0.0, 20.583299595612704]"
263,goal_027,3,col_return,10853,1560.18,05,subwp,524,1,E2.1,E2.1-R0,False,subwp,524,05,3,2652977023,col_return,return,347.296,0,0,"[0.0, -23.187082859510745]"
264,goal_027,4,exito,16148,2592.16,05,subwp,524,1,E2.1,E2.1-R0,False,subwp,524,05,4,4563676,exito,,516.736,0,0,"[0.0, -21.433714937786803]"
265,goal_027,5,exito,16158,2593.36,05,subwp,524,1,E2.1,E2.1-R0,False,subwp,524,05,5,2000851530,exito,,517.056,0,0,"[0.0, 5.163120167593873]"
266,goal_027,6,exito,16158,2593.37,05,subwp,524,1,E2.1,E2.1-R0,False,subwp,524,05,6,3997942768,exito,,517.056,0,0,"[0.0, 4.283763800809615]"
267,goal_027,7,col_return,11195,1606.68,05,subwp,524,1,E2.1,E2.1-R0,False,subwp,524,05,7,2571957094,col_return,return,358.24,0,0,"[0.0, -18.354787541618663]"
268,goal_027,8,exito,16148,2592.13,05,subwp,524,1,E2.1,E2.1-R0,False,subwp,524,05,8,166981367,exito,,516.736,0,0,"[0.0, 21.1707587719675]"
269,goal_027,9,exito,16158,2593.37,05,subwp,524,1,E2.1,E2.1-R0,False,subwp,524,05,9,2129976929,exito,,517.056,0,0,"[0.0, 11.255514899847945]"
270,goal_027,10,exito,16158,2593.34,05,subwp,524,1,E2.1,E2.1-R0,False,subwp,524,05,10,113897529,exito,,517.056,0,0,"[0.0, 22.242401758580712]"
271,goal_028,1,exito,16343,2595.78,05,subwp,524,1,E2.1,E2.1-R0,False,subwp,524,05,1,1911372900,exito,,522.976,0,0,"[0.0, 29.125460729647596]"
272,goal_028,2,col_return,10783,1548.08,05,subwp,524,1,E2.1,E2.1-R0,False,subwp,524,05,2,3907284446,col_return,return,345.056,0,0,"[0.0, -26.08946587538726]"
273,goal_028,3,exito,16334,2620.04,05,subwp,524,1,E2.1,E2.1-R0,False,subwp,524,05,3,2682477896,exito,,522.688,0,0,"[0.0, -10.704601562722441]"
274,goal_028,4,exito,16343,2621.21,05,subwp,524,1,E2.1,E2.1-R0,False,subwp,524,05,4,25676011,exito,,522.976,0,0,"[0.0, 22.268928771749607]"
275,goal_028,5,exito,16343,2614.61,05,subwp,524,1,E2.1,E2.1-R0,False,subwp,524,05,5,1988163709,exito,,522.976,0,0,"[0.0, 22.85907654981207]"
276,goal_028,6,col_return,10875,1566.16,05,subwp,524,1,E2.1,E2.1-R0,False,subwp,524,05,6,4018776519,col_return,return,348.0,0,0,"[0.0, 9.92952039008712]"
277,goal_028,7,exito,16334,2620.05,05,subwp,524,1,E2.1,E2.1-R0,False,subwp,524,05,7,2559482193,exito,,522.688,0,0,"[0.0, 3.8045851805464137]"
278,goal_028,8,exito,16343,2621.21,05,subwp,524,1,E2.1,E2.1-R0,False,subwp,524,05,8,137462976,exito,,522.976,0,0,"[0.0, 21.700873787101383]"
279,goal_028,9,exito,16343,2618.33,05,subwp,524,1,E2.1,E2.1-R0,False,subwp,524,05,9,2134291542,exito,,522.976,0,0,"[0.0, -18.14932625322054]"
280,goal_028,10,col_return,10926,1571.45,05,subwp,524,1,E2.1,E2.1-R0,False,subwp,524,05,10,3195377500,col_return,return,349.632,0,0,"[0.0, 9.134146016857185]"
281,goal_029,1,exito,16489,2643.7,05,subwp,524,1,E2.1,E2.1-R0,False,subwp,524,05,1,2058451801,exito,,527.648,0,0,"[0.0, 8.009857080239717]"
282,goal_029,2,exito,16498,2644.89,05,subwp,524,1,E2.1,E2.1-R0,False,subwp,524,05,2,3820497635,exito,,527.936,0,0,"[0.0, -6.485327034308406]"
283,goal_029,3,col_return,11579,1650.09,05,subwp,524,1,E2.1,E2.1-R0,False,subwp,524,05,3,2495552117,col_return,return,370.528,0,0,"[0.0, 19.86681808128619]"
284,goal_029,4,exito,16489,2643.7,05,subwp,524,1,E2.1,E2.1-R0,False,subwp,524,05,4,182161366,exito,,527.648,0,0,"[0.0, 19.440331810114795]"
285,goal_029,5,exito,16498,2644.9,05,subwp,524,1,E2.1,E2.1-R0,False,subwp,524,05,5,2111618880,exito,,527.936,0,0,"[0.0, 28.988341017150457]"
286,goal_029,6,exito,16499,2642.59,05,subwp,524,1,E2.1,E2.1-R0,False,subwp,524,05,6,3839225594,exito,,527.968,0,0,"[0.0, 12.714180798716164]"
287,goal_029,7,col_return,11004,1587.37,05,subwp,524,1,E2.1,E2.1-R0,False,subwp,524,05,7,2480070252,col_return,return,352.128,0,0,"[0.0, -21.37842187766925]"
288,goal_029,8,exito,16489,2643.7,05,subwp,524,1,E2.1,E2.1-R0,False,subwp,524,05,8,57525245,exito,,527.648,0,0,"[0.0, 13.253811892483803]"
289,goal_029,9,exito,16498,2644.9,05,subwp,524,1,E2.1,E2.1-R0,False,subwp,524,05,9,1953166187,exito,,527.936,0,0,"[0.0, -18.834185649366862]"
290,goal_029,10,col_return,11507,1663.73,05,subwp,524,1,E2.1,E2.1-R0,False,subwp,524,05,10,3860236042,col_return,return,368.224,0,0,"[0.0, 26.83059367169831]"
291,goal_030,1,exito,16687,2669.22,05,subwp,524,1,E2.1,E2.1-R0,False,subwp,524,05,1,2071138670,exito,,533.984,0,0,"[0.0, 21.94794047652021]"
292,goal_030,2,exito,16695,2670.24,05,subwp,524,1,E2.1,E2.1-R0,False,subwp,524,05,2,3799662804,exito,,534.24,0,0,"[0.0, -27.478141545200657]"
293,goal_030,3,col_return,11659,1680.39,05,subwp,524,1,E2.1,E2.1-R0,False,subwp,524,05,3,2508025922,col_return,return,373.088,0,0,"[0.0, 14.008124835606274]"
294,goal_030,4,exito,16687,2669.22,05,subwp,524,1,E2.1,E2.1-R0,False,subwp,524,05,4,186246625,exito,,533.984,0,0,"[0.0, 29.133350357725107]"
295,goal_030,5,exito,16695,2670.22,05,subwp,524,1,E2.1,E2.1-R0,False,subwp,524,05,5,2082395511,exito,,534.24,0,0,"[0.0, -18.019750318877644]"
296,goal_030,6,col_return,11645,1673.84,05,subwp,524,1,E2.1,E2.1-R0,False,subwp,524,05,6,3843523789,col_return,return,372.64,0,0,"[0.0, 5.352725936209768]"
297,goal_030,7,exito,16687,2669.22,05,subwp,524,1,E2.1,E2.1-R0,False,subwp,524,05,7,2450568283,exito,,533.984,0,0,"[0.0, 15.298033981319705]"
298,goal_030,8,exito,16695,2670.24,05,subwp,524,1,E2.1,E2.1-R0,False,subwp,524,05,8,45066698,exito,,534.24,0,0,"[0.0, 0.5916444425304079]"
299,goal_030,9,col_return,11622,1673.11,05,subwp,524,1,E2.1,E2.1-R0,False,subwp,524,05,9,1973983580,col_return,return,371.904,0,0,"[0.0, 22.46632595569348]"
300,goal_030,10,exito,16687,2669.22,05,subwp,524,1,E2.1,E2.1-R0,False,subwp,524,05,10,1588256879,exito,,533.984,0,0,"[0.0, 23.17297705001168]"
301,goal_031,1,exito,16927,2699.99,05,subwp,524,1,E2.1,E2.1-R0,False,subwp,524,05,1,3424537988,exito,,541.664,0,0,"[0.0, 9.067643783978035]"
302,goal_031,2,col_return,11627,1668.22,05,subwp,524,1,E2.1,E2.1-R0,False,subwp,524,05,2,1427577918,col_return,return,372.064,0,0,"[0.0, 20.706279816464438]"
303,goal_031,3,exito,16917,2698.71,05,subwp,524,1,E2.1,E2.1-R0,False,subwp,524,05,3,571485352,exito,,541.344,0,0,"[0.0, -8.239406223764405]"
304,goal_031,4,exito,16927,2699.98,05,subwp,524,1,E2.1,E2.1-R0,False,subwp,524,05,4,3161766155,exito,,541.664,0,0,"[0.0, -2.4498644977086825]"
305,goal_031,5,col_return,11381,1637.09,05,subwp,524,1,E2.1,E2.1-R0,False,subwp,524,05,5,3413346717,col_return,return,364.192,0,0,"[0.0, 18.194917717498388]"
306,goal_031,6,exito,16918,2698.91,05,subwp,524,1,E2.1,E2.1-R0,False,subwp,524,05,6,1383782439,exito,,541.376,0,0,"[0.0, 25.908712286172122]"
307,goal_031,7,exito,16927,2699.0,05,subwp,524,1,E2.1,E2.1-R0,False,subwp,524,05,7,629008561,exito,,541.664,0,0,"[0.0, -20.156057162257873]"
308,goal_031,8,col_return,11275,1617.35,05,subwp,524,1,E2.1,E2.1-R0,False,subwp,524,05,8,3049452832,col_return,return,360.8,0,0,"[0.0, 13.320291403424257]"
309,goal_031,9,exito,16918,2698.9,05,subwp,524,1,E2.1,E2.1-R0,False,subwp,524,05,9,3267741110,exito,,541.376,0,0,"[0.0, -4.6754455143145375]"
310,goal_031,10,exito,16927,2696.85,05,subwp,524,1,E2.1,E2.1-R0,False,subwp,524,05,10,516064853,exito,,541.664,0,0,"[0.0, -10.057261116296702]"
311,goal_032,1,col_return,11324,1622.14,05,subwp,524,1,E2.1,E2.1-R0,False,subwp,524,05,1,3453757363,col_return,return,362.368,0,0,"[0.0, -2.1008127881753724]"
312,goal_032,2,exito,17139,2732.71,05,subwp,524,1,E2.1,E2.1-R0,False,subwp,524,05,2,1423275529,exito,,548.448,0,0,"[0.0, 7.9494219906346935]"
313,goal_032,3,col_return,12084,1738.55,05,subwp,524,1,E2.1,E2.1-R0,False,subwp,524,05,3,600983199,col_return,return,386.688,0,0,"[0.0, 19.402195138144616]"
314,goal_032,4,exito,17139,2732.71,05,subwp,524,1,E2.1,E2.1-R0,False,subwp,524,05,4,3182875452,exito,,548.448,0,0,"[0.0, 6.530394172632921]"
315,goal_032,5,exito,17149,2733.48,05,subwp,524,1,E2.1,E2.1-R0,False,subwp,524,05,5,3400655786,exito,,548.768,0,0,"[0.0, -16.984883784201024]"
316,goal_032,6,col_return,11401,1638.78,05,subwp,524,1,E2.1,E2.1-R0,False,subwp,524,05,6,1404613136,col_return,return,364.832,0,0,"[0.0, -16.471383206868328]"
317,goal_032,7,exito,17139,2732.71,05,subwp,524,1,E2.1,E2.1-R0,False,subwp,524,05,7,616530566,exito,,548.448,0,0,"[0.0, -11.523506043572363]"
318,goal_032,8,col_return,12126,1746.63,05,subwp,524,1,E2.1,E2.1-R0,False,subwp,524,05,8,3019939607,col_return,return,388.032,0,0,"[0.0, -12.591689756342422]"
319,goal_032,9,exito,17139,2732.71,05,subwp,524,1,E2.1,E2.1-R0,False,subwp,524,05,9,3272060801,exito,,548.448,0,0,"[0.0, 26.11253943206006]"
320,goal_032,10,exito,17149,2733.8,05,subwp,524,1,E2.1,E2.1-R0,False,subwp,524,05,10,2793333040,exito,,548.768,0,0,"[0.0, 25.62751951932802]"
321,goal_033,1,exito,17418,2515.18,05,subwp,524,1,E2.1,E2.1-R0,False,subwp,524,05,1,3483015658,exito,,557.376,0,0,"[0.0, 27.172222332586454]"
322,goal_033,2,exito,17398,2768.16,05,subwp,524,1,E2.1,E2.1-R0,False,subwp,524,05,2,1452525648,exito,,556.736,0,0,"[0.0, 2.8598099337055816]"
323,goal_033,3,exito,17398,2768.18,05,subwp,524,1,E2.1,E2.1-R0,False,subwp,524,05,3,563411142,exito,,556.736,0,0,"[0.0, -3.02938345491103]"
324,goal_033,4,col_return,11691,1674.69,05,subwp,524,1,E2.1,E2.1-R0,False,subwp,524,05,4,3220204901,col_return,return,374.112,0,0,"[0.0, 21.156870758769784]"
325,goal_033,5,exito,17389,2767.0,05,subwp,524,1,E2.1,E2.1-R0,False,subwp,524,05,5,3371654643,exito,,556.448,0,0,"[0.0, 25.604848013723966]"
326,goal_033,6,col_return,12154,1738.59,05,subwp,524,1,E2.1,E2.1-R0,False,subwp,524,05,6,1375603785,col_return,return,388.928,0,0,"[0.0, 2.3036808427275157]"
327,goal_033,7,exito,17389,2766.99,05,subwp,524,1,E2.1,E2.1-R0,False,subwp,524,05,7,653868255,exito,,556.448,0,0,"[0.0, -8.19802535586543]"
328,goal_033,8,col_return,12376,1778.48,05,subwp,524,1,E2.1,E2.1-R0,False,subwp,524,05,8,3058049358,col_return,return,396.032,0,0,"[0.0, -27.84414199165578]"
329,goal_033,9,exito,17389,2766.99,05,subwp,524,1,E2.1,E2.1-R0,False,subwp,524,05,9,3242267096,exito,,556.448,0,0,"[0.0, 15.155402876141098]"
330,goal_033,10,exito,17398,2738.93,05,subwp,524,1,E2.1,E2.1-R0,False,subwp,524,05,10,3033222878,exito,,556.736,0,0,"[0.0, -5.431161939784211]"
331,goal_034,1,exito,17619,2801.93,05,subwp,524,1,E2.1,E2.1-R0,False,subwp,524,05,1,3461936093,exito,,563.808,0,0,"[0.0, 17.946154550149828]"
332,goal_034,2,exito,17620,2802.08,05,subwp,524,1,E2.1,E2.1-R0,False,subwp,524,05,2,1464967783,exito,,563.84,0,0,"[0.0, 20.67252108073644]"
333,goal_034,3,col_return,12530,1804.87,05,subwp,524,1,E2.1,E2.1-R0,False,subwp,524,05,3,542544625,col_return,return,400.96,0,0,"[0.0, -0.06015628882947821]"
334,goal_034,4,exito,17610,2800.55,05,subwp,524,1,E2.1,E2.1-R0,False,subwp,524,05,4,3190949714,exito,,563.52,0,0,"[0.0, 28.998166588266]"
335,goal_034,5,col_return,12463,1789.94,05,subwp,524,1,E2.1,E2.1-R0,False,subwp,524,05,5,3375708100,col_return,return,398.816,0,0,"[0.0, -29.67516423670533]"
336,goal_034,6,exito,17610,2800.55,05,subwp,524,1,E2.1,E2.1-R0,False,subwp,524,05,6,1346135678,exito,,563.52,0,0,"[0.0, -3.7151220121049966]"
337,goal_034,7,col_return,12423,1787.73,05,subwp,524,1,E2.1,E2.1-R0,False,subwp,524,05,7,658200296,col_return,return,397.536,0,0,"[0.0, -20.550662732203104]"
338,goal_034,8,exito,17610,2800.56,05,subwp,524,1,E2.1,E2.1-R0,False,subwp,524,05,8,3078900601,exito,,563.52,0,0,"[0.0, 20.482203449183277]"
339,goal_034,9,col_return,12409,1783.34,05,subwp,524,1,E2.1,E2.1-R0,False,subwp,524,05,9,3229842415,col_return,return,397.088,0,0,"[0.0, 29.411657184445453]"
340,goal_034,10,exito,17610,2800.55,05,subwp,524,1,E2.1,E2.1-R0,False,subwp,524,05,10,209136059,exito,,563.52,0,0,"[0.0, 8.208854041074616]"
341,goal_035,1,col_return,12526,1797.56,05,subwp,524,1,E2.1,E2.1-R0,False,subwp,524,05,1,3407340888,col_return,return,400.832,0,0,"[0.0, 22.082325276294885]"
342,goal_035,2,exito,17860,2837.38,05,subwp,524,1,E2.1,E2.1-R0,False,subwp,524,05,2,1377744098,exito,,571.52,0,0,"[0.0, 13.47187039575857]"
343,goal_035,3,col_return,12335,1769.02,05,subwp,524,1,E2.1,E2.1-R0,False,subwp,524,05,3,622429300,col_return,return,394.72,0,0,"[0.0, -24.924150841988272]"
344,goal_035,4,exito,17860,2837.39,05,subwp,524,1,E2.1,E2.1-R0,False,subwp,524,05,4,3145535959,exito,,571.52,0,0,"[0.0, -21.63089897032515]"
345,goal_035,5,col_return,12230,1759.27,05,subwp,524,1,E2.1,E2.1-R0,False,subwp,524,05,5,3430555969,col_return,return,391.36,0,0,"[0.0, -15.633007711054745]"
346,goal_035,6,exito,17860,2837.41,05,subwp,524,1,E2.1,E2.1-R0,False,subwp,524,05,6,1433628923,exito,,571.52,0,0,"[0.0, 25.93700832393431]"
347,goal_035,7,col_return,12178,1751.61,05,subwp,524,1,E2.1,E2.1-R0,False,subwp,524,05,7,578044013,col_return,return,389.696,0,0,"[0.0, 16.80246458564062]"
348,goal_035,8,exito,17861,2837.57,05,subwp,524,1,E2.1,E2.1-R0,False,subwp,524,05,8,2999672316,exito,,571.552,0,0,"[0.0, 18.645304437790454]"
349,goal_035,9,col_return,12161,1746.87,05,subwp,524,1,E2.1,E2.1-R0,False,subwp,524,05,9,3318508906,col_return,return,389.152,0,0,"[0.0, 17.041919844737155]"
350,goal_035,10,exito,17861,2837.57,05,subwp,524,1,E2.1,E2.1-R0,False,subwp,524,05,10,2443186434,exito,,571.552,0,0,"[0.0, -23.649600264271264]"
351,goal_036,1,col_return,12272,1763.75,05,subwp,524,1,E2.1,E2.1-R0,False,subwp,524,05,1,3402993519,col_return,return,392.704,0,0,"[0.0, 15.951773560952482]"
352,goal_036,2,exito,18105,2872.81,05,subwp,524,1,E2.1,E2.1-R0,False,subwp,524,05,2,1406983893,exito,,579.36,0,0,"[0.0, 23.51430111565376]"
353,goal_036,3,exito,18112,2873.55,05,subwp,524,1,E2.1,E2.1-R0,False,subwp,524,05,3,618393155,exito,,579.584,0,0,"[0.0, 7.460705707349202]"
354,goal_036,4,exito,18112,2873.55,05,subwp,524,1,E2.1,E2.1-R0,False,subwp,524,05,4,3133111264,exito,,579.584,0,0,"[0.0, -26.73891801345632]"
355,goal_036,5,col_return,12718,1829.46,05,subwp,524,1,E2.1,E2.1-R0,False,subwp,524,05,5,3451407222,col_return,return,406.976,0,0,"[0.0, -16.671477051425057]"
356,goal_036,6,exito,18104,2872.64,05,subwp,524,1,E2.1,E2.1-R0,False,subwp,524,05,6,1420892876,exito,,579.328,0,0,"[0.0, 7.23321914481605]"
357,goal_036,7,col_return,12306,1766.64,05,subwp,524,1,E2.1,E2.1-R0,False,subwp,524,05,7,599140954,col_return,return,393.792,0,0,"[0.0, 27.357100465035597]"
358,goal_036,8,exito,18104,2872.62,05,subwp,524,1,E2.1,E2.1-R0,False,subwp,524,05,8,3003725771,exito,,579.328,0,0,"[0.0, 23.595628926633065]"
359,goal_036,9,exito,18112,2873.55,05,subwp,524,1,E2.1,E2.1-R0,False,subwp,524,05,9,3289253725,exito,,579.584,0,0,"[0.0, -9.189449801976446]"
360,goal_036,10,exito,18112,2873.56,05,subwp,524,1,E2.1,E2.1-R0,False,subwp,524,05,10,689731175,exito,,579.584,0,0,"[0.0, -4.017979655166579]"
361,goal_037,1,exito,14308,2298.64,05,subwp,524,1,E2.1,E2.1-R0,False,subwp,524,05,1,3365089590,exito,,457.856,0,0,"[0.0, 15.274514217842656]"
362,goal_037,2,exito,14308,2298.64,05,subwp,524,1,E2.1,E2.1-R0,False,subwp,524,05,2,1369071756,exito,,457.856,0,0,"[0.0, 11.335875626142064]"
363,goal_037,3,exito,14308,2298.64,05,subwp,524,1,E2.1,E2.1-R0,False,subwp,524,05,3,647843866,exito,,457.856,0,0,"[0.0, -11.821329381784224]"
364,goal_037,4,exito,14308,2298.59,05,subwp,524,1,E2.1,E2.1-R0,False,subwp,524,05,4,3103376825,exito,,457.856,0,0,"[0.0, 7.381539183798949]"
365,goal_037,5,col_return,8466,1189.52,05,subwp,524,1,E2.1,E2.1-R0,False,subwp,524,05,5,3489592623,col_return,return,270.912,0,0,"[0.0, 27.10479852158885]"
366,goal_037,6,exito,14298,2299.57,05,subwp,524,1,E2.1,E2.1-R0,False,subwp,524,05,6,1459070101,exito,,457.536,0,0,"[0.0, 1.5971096427643383]"
367,goal_037,7,exito,14308,2298.76,05,subwp,524,1,E2.1,E2.1-R0,False,subwp,524,05,7,569414659,exito,,457.856,0,0,"[0.0, -1.2114459752914097]"
368,goal_037,8,col_return,8674,1218.7,05,subwp,524,1,E2.1,E2.1-R0,False,subwp,524,05,8,2974779794,col_return,return,277.568,0,0,"[0.0, -2.1767399954874267]"
369,goal_037,9,exito,14298,2299.6,05,subwp,524,1,E2.1,E2.1-R0,False,subwp,524,05,9,3326654724,exito,,457.536,0,0,"[0.0, 8.215393195003177]"
370,goal_037,10,exito,14308,2132.78,05,subwp,524,1,E2.1,E2.1-R0,False,subwp,524,05,10,1000987017,exito,,457.856,0,0,"[0.0, 8.372330945119034]"
371,goal_038,1,exito,16660,2630.42,05,subwp,524,1,E2.1,E2.1-R0,False,subwp,524,05,1,3377552129,exito,,533.12,0,0,"[0.0, 10.680804939662774]"
372,goal_038,2,exito,16660,2630.58,05,subwp,524,1,E2.1,E2.1-R0,False,subwp,524,05,2,1347947195,exito,,533.12,0,0,"[0.0, -2.6244074630575853]"
373,goal_038,3,exito,16660,2630.44,05,subwp,524,1,E2.1,E2.1-R0,False,subwp,524,05,3,660552237,exito,,533.12,0,0,"[0.0, 3.110876251546373]"
374,goal_038,4,col_return,11218,1578.81,05,subwp,524,1,E2.1,E2.1-R0,False,subwp,524,05,4,3107696526,col_return,return,358.976,0,0,"[0.0, 24.494837527675827]"
375,goal_038,5,exito,16648,2630.51,05,subwp,524,1,E2.1,E2.1-R0,False,subwp,524,05,5,3460079384,exito,,532.736,0,0,"[0.0, -25.683639607133372]"
376,goal_038,6,exito,16660,2630.59,05,subwp,524,1,E2.1,E2.1-R0,False,subwp,524,05,6,1463144098,exito,,533.12,0,0,"[0.0, -4.883961385607078]"
377,goal_038,7,col_return,11455,1615.78,05,subwp,524,1,E2.1,E2.1-R0,False,subwp,524,05,7,540212788,col_return,return,366.56,0,0,"[0.0, -17.175489320007173]"
378,goal_038,8,exito,16648,2630.18,05,subwp,524,1,E2.1,E2.1-R0,False,subwp,524,05,8,2962088869,exito,,532.736,0,0,"[0.0, 1.4858007791695371]"
379,goal_038,9,exito,16660,2630.43,05,subwp,524,1,E2.1,E2.1-R0,False,subwp,524,05,9,3347764019,exito,,533.12,0,0,"[0.0, 19.727077585990845]"
380,goal_038,10,col_return,11571,1634.44,05,subwp,524,1,E2.1,E2.1-R0,False,subwp,524,05,10,2199240428,col_return,return,370.272,0,0,"[0.0, -6.516891284574413]"
381,goal_039,1,exito,14231,2265.9,05,subwp,524,1,E2.1,E2.1-R0,False,subwp,524,05,1,3255639100,exito,,455.392,0,0,"[0.0, 22.18460915292845]"
382,goal_039,2,col_return,8707,1226.86,05,subwp,524,1,E2.1,E2.1-R0,False,subwp,524,05,2,1527008646,col_return,return,278.624,0,0,"[0.0, 29.681772368466717]"
383,goal_039,3,exito,14231,2291.21,05,subwp,524,1,E2.1,E2.1-R0,False,subwp,524,05,3,738426128,exito,,455.392,0,0,"[0.0, 1.3591217212459394]"
384,goal_039,4,col_return,8496,1195.3,05,subwp,524,1,E2.1,E2.1-R0,False,subwp,524,05,4,2993154227,col_return,return,271.872,0,0,"[0.0, -26.22212160685568]"
385,goal_039,5,exito,14231,2291.2,05,subwp,524,1,E2.1,E2.1-R0,False,subwp,524,05,5,3311458341,exito,,455.392,0,0,"[0.0, 1.117102539697823]"
386,goal_039,6,exito,14243,2099.99,05,subwp,524,1,E2.1,E2.1-R0,False,subwp,524,05,6,1550420383,exito,,455.776,0,0,"[0.0, 21.536881536592215]"
387,goal_039,7,col_return,8763,1229.43,05,subwp,524,1,E2.1,E2.1-R0,False,subwp,524,05,7,728676617,col_return,return,280.416,0,0,"[0.0, 21.585370237680262]"
388,goal_039,8,exito,14231,2291.3,05,subwp,524,1,E2.1,E2.1-R0,False,subwp,524,05,8,3151078552,exito,,455.392,0,0,"[0.0, -15.39500857439521]"
389,goal_039,9,col_return,8507,1199.63,05,subwp,524,1,E2.1,E2.1-R0,False,subwp,524,05,9,3436614670,col_return,return,272.224,0,0,"[0.0, 6.432076687379378]"
390,goal_039,10,exito,14229,2292.46,05,subwp,524,1,E2.1,E2.1-R0,False,subwp,524,05,10,3681988282,exito,,455.328,0,0,"[0.0, 29.088656659336767]"
391,goal_040,1,exito,16559,2615.22,05,subwp,524,1,E2.1,E2.1-R0,False,subwp,524,05,1,3285153291,exito,,529.888,0,0,"[0.0, 25.165313178300664]"
392,goal_040,2,exito,16559,2615.16,05,subwp,524,1,E2.1,E2.1-R0,False,subwp,524,05,2,1522935729,exito,,529.888,0,0,"[0.0, 26.894024326118668]"
393,goal_040,3,exito,16559,2606.05,05,subwp,524,1,E2.1,E2.1-R0,False,subwp,524,05,3,767629095,exito,,529.888,0,0,"[0.0, -0.20488173440885715]"
394,goal_040,4,col_return,10953,1540.49,05,subwp,524,1,E2.1,E2.1-R0,False,subwp,524,05,4,3013968516,col_return,return,350.496,0,0,"[0.0, 0.2900515172685525]"
395,goal_040,5,exito,16545,2616.81,05,subwp,524,1,E2.1,E2.1-R0,False,subwp,524,05,5,3298996754,exito,,529.44,0,0,"[0.0, -12.043340150664228]"
396,goal_040,6,exito,16558,2614.99,05,subwp,524,1,E2.1,E2.1-R0,False,subwp,524,05,6,1571546024,exito,,529.856,0,0,"[0.0, -6.504866292253801]"
397,goal_040,7,col_return,11431,1609.04,05,subwp,524,1,E2.1,E2.1-R0,False,subwp,524,05,7,715969342,col_return,return,365.792,0,0,"[0.0, 27.194562354944374]"
398,goal_040,8,exito,16547,2616.07,05,subwp,524,1,E2.1,E2.1-R0,False,subwp,524,05,8,3121860271,exito,,529.504,0,0,"[0.0, 19.106039808084102]"
399,goal_040,9,exito,16559,2615.28,05,subwp,524,1,E2.1,E2.1-R0,False,subwp,524,05,9,3440705081,exito,,529.888,0,0,"[0.0, 29.001618163227995]"
400,goal_040,10,exito,16558,2588.18,05,subwp,524,1,E2.1,E2.1-R0,False,subwp,524,05,10,1674234335,exito,,529.856,0,0,"[0.0, 0.317178288821951]"
401,goal_041,1,exito,14117,2271.45,05,subwp,524,1,E2.1,E2.1-R0,False,subwp,524,05,1,1372157245,exito,,451.744,0,0,"[0.0, -28.60897465440339]"
402,goal_041,2,exito,14119,2271.7,05,subwp,524,1,E2.1,E2.1-R0,False,subwp,524,05,2,3368035463,exito,,451.808,0,0,"[0.0, 27.382958053592567]"
403,goal_041,3,exito,14117,2271.41,05,subwp,524,1,E2.1,E2.1-R0,False,subwp,524,05,3,3217495057,exito,,451.744,0,0,"[0.0, -6.471182082907385]"
404,goal_041,4,exito,14119,2271.69,05,subwp,524,1,E2.1,E2.1-R0,False,subwp,524,05,4,564363698,exito,,451.808,0,0,"[0.0, 12.930376465197725]"
405,goal_041,5,exito,14117,2271.42,05,subwp,524,1,E2.1,E2.1-R0,False,subwp,524,05,5,1453633828,exito,,451.744,0,0,"[0.0, -6.137081304436167]"
406,goal_041,6,exito,14119,2271.7,05,subwp,524,1,E2.1,E2.1-R0,False,subwp,524,05,6,3484278942,exito,,451.808,0,0,"[0.0, 23.758344129824412]"
407,goal_041,7,col_return,8554,1201.96,05,subwp,524,1,E2.1,E2.1-R0,False,subwp,524,05,7,3098202120,col_return,return,273.728,0,0,"[0.0, 19.240855561009113]"
408,goal_041,8,exito,14107,2272.23,05,subwp,524,1,E2.1,E2.1-R0,False,subwp,524,05,8,672517529,exito,,451.424,0,0,"[0.0, -22.37167497976097]"
409,goal_041,9,col_return,8466,1192.59,05,subwp,524,1,E2.1,E2.1-R0,False,subwp,524,05,9,1595079951,col_return,return,270.912,0,0,"[0.0, -7.628096585851669]"
410,goal_041,10,exito,14107,2272.24,05,subwp,524,1,E2.1,E2.1-R0,False,subwp,524,05,10,2900515397,exito,,451.424,0,0,"[0.0, -0.25252803633782017]"
411,goal_042,1,exito,16313,2581.93,05,subwp,524,1,E2.1,E2.1-R0,False,subwp,524,05,1,1342906122,exito,,522.016,0,0,"[0.0, 21.74223638125315]"
412,goal_042,2,exito,16311,2581.99,05,subwp,524,1,E2.1,E2.1-R0,False,subwp,524,05,2,3372371632,exito,,521.952,0,0,"[0.0, 15.739389181312662]"
413,goal_042,3,exito,16311,2582.02,05,subwp,524,1,E2.1,E2.1-R0,False,subwp,524,05,3,3188031014,exito,,521.952,0,0,"[0.0, 1.4085544453075105]"
414,goal_042,4,col_return,11307,1597.99,05,subwp,524,1,E2.1,E2.1-R0,False,subwp,524,05,4,543288197,col_return,return,361.824,0,0,"[0.0, -25.448886462272704]"
415,goal_042,5,exito,16300,2581.68,05,subwp,524,1,E2.1,E2.1-R0,False,subwp,524,05,5,1466358547,exito,,521.6,0,0,"[0.0, -3.753965158583721]"
416,goal_042,6,exito,16313,2582.03,05,subwp,524,1,E2.1,E2.1-R0,False,subwp,524,05,6,3463416489,exito,,522.016,0,0,"[0.0, -17.731749387730037]"
417,goal_042,7,exito,16311,2582.04,05,subwp,524,1,E2.1,E2.1-R0,False,subwp,524,05,7,3110648383,exito,,521.952,0,0,"[0.0, -25.788463051921624]"
418,goal_042,8,col_return,11189,1579.56,05,subwp,524,1,E2.1,E2.1-R0,False,subwp,524,05,8,701999022,col_return,return,358.048,0,0,"[0.0, 26.732976510394952]"
419,goal_042,9,exito,16300,2581.7,05,subwp,524,1,E2.1,E2.1-R0,False,subwp,524,05,9,1590728504,exito,,521.6,0,0,"[0.0, -14.037348646034616]"
420,goal_042,10,exito,16313,2581.93,05,subwp,524,1,E2.1,E2.1-R0,False,subwp,524,05,10,341720352,exito,,522.016,0,0,"[0.0, 22.67524960531144]"
421,goal_043,1,exito,14026,2264.95,05,subwp,524,1,E2.1,E2.1-R0,False,subwp,524,05,1,1380819283,exito,,448.832,0,0,"[0.0, 14.613864917587067]"
422,goal_043,2,exito,14026,2264.93,05,subwp,524,1,E2.1,E2.1-R0,False,subwp,524,05,2,3410292969,exito,,448.832,0,0,"[0.0, -5.912144399834958]"
423,goal_043,3,exito,14026,2264.93,05,subwp,524,1,E2.1,E2.1-R0,False,subwp,524,05,3,3158556799,exito,,448.832,0,0,"[0.0, -12.296824007216898]"
424,goal_043,4,col_return,8353,1181.73,05,subwp,524,1,E2.1,E2.1-R0,False,subwp,524,05,4,573003228,col_return,return,267.296,0,0,"[0.0, 1.3930533171695259]"
425,goal_043,5,exito,14015,2265.1,05,subwp,524,1,E2.1,E2.1-R0,False,subwp,524,05,5,1428186442,exito,,448.48,0,0,"[0.0, 8.487611877929089]"
426,goal_043,6,col_return,8419,1189.39,05,subwp,524,1,E2.1,E2.1-R0,False,subwp,524,05,6,3425252592,col_return,return,269.408,0,0,"[0.0, -5.773732735218397]"
427,goal_043,7,exito,14015,2265.1,05,subwp,524,1,E2.1,E2.1-R0,False,subwp,524,05,7,3140355174,exito,,448.48,0,0,"[0.0, 10.932109679295554]"
428,goal_043,8,col_return,8458,1193.96,05,subwp,524,1,E2.1,E2.1-R0,False,subwp,524,05,8,730929655,col_return,return,270.656,0,0,"[0.0, -0.2128210264934416]"
429,goal_043,9,exito,14015,2265.13,05,subwp,524,1,E2.1,E2.1-R0,False,subwp,524,05,9,1553344865,exito,,448.48,0,0,"[0.0, 2.9335472624487946]"
430,goal_043,10,col_return,8476,1190.67,05,subwp,524,1,E2.1,E2.1-R0,False,subwp,524,05,10,116101838,col_return,return,271.232,0,0,"[0.0, 13.633054840291525]"
431,goal_044,1,exito,16039,2547.13,05,subwp,524,1,E2.1,E2.1-R0,False,subwp,524,05,1,1401932644,exito,,513.248,0,0,"[0.0, -6.799644852007269]"
432,goal_044,2,exito,16051,2547.48,05,subwp,524,1,E2.1,E2.1-R0,False,subwp,524,05,2,3397819102,exito,,513.632,0,0,"[0.0, -16.435975227996707]"
433,goal_044,3,exito,16051,2547.47,05,subwp,524,1,E2.1,E2.1-R0,False,subwp,524,05,3,3179391560,exito,,513.632,0,0,"[0.0, -19.62100466219945]"
434,goal_044,4,exito,16051,2525.82,05,subwp,524,1,E2.1,E2.1-R0,False,subwp,524,05,4,602226667,exito,,513.632,0,0,"[0.0, 7.695515515227465]"
435,goal_044,5,col_return,10648,1499.13,05,subwp,524,1,E2.1,E2.1-R0,False,subwp,524,05,5,1424101245,col_return,return,340.736,0,0,"[0.0, 7.2056593698493066]"
436,goal_044,6,exito,16039,2547.34,05,subwp,524,1,E2.1,E2.1-R0,False,subwp,524,05,6,3454754503,exito,,513.248,0,0,"[0.0, -15.16896726287653]"
437,goal_044,7,exito,16051,2547.48,05,subwp,524,1,E2.1,E2.1-R0,False,subwp,524,05,7,3136056913,exito,,513.632,0,0,"[0.0, 23.701404892495972]"
438,goal_044,8,exito,16051,2547.47,05,subwp,524,1,E2.1,E2.1-R0,False,subwp,524,05,8,710112192,exito,,513.632,0,0,"[0.0, 16.119329926400038]"
439,goal_044,9,exito,16051,2540.26,05,subwp,524,1,E2.1,E2.1-R0,False,subwp,524,05,9,1565803350,exito,,513.632,0,0,"[0.0, 20.003539757441796]"
440,goal_044,10,col_return,10725,1510.34,05,subwp,524,1,E2.1,E2.1-R0,False,subwp,524,05,10,3193435563,col_return,return,343.2,0,0,"[0.0, -22.416878166287056]"
441,goal_045,1,exito,13959,2218.97,05,subwp,524,1,E2.1,E2.1-R0,False,subwp,524,05,1,1455480289,exito,,446.688,0,0,"[0.0, 6.918003910748743]"
442,goal_045,2,col_return,8592,1215.33,05,subwp,524,1,E2.1,E2.1-R0,False,subwp,524,05,2,3486092379,col_return,return,274.944,0,0,"[0.0, 4.924427693534838]"
443,goal_045,3,exito,13959,2246.8,05,subwp,524,1,E2.1,E2.1-R0,False,subwp,524,05,3,3100556493,exito,,446.688,0,0,"[0.0, -11.480341078443256]"
444,goal_045,4,col_return,8556,1212.36,05,subwp,524,1,E2.1,E2.1-R0,False,subwp,524,05,4,648685934,col_return,return,273.792,0,0,"[0.0, 24.71406321128134]"
445,goal_045,5,exito,13959,2250.63,05,subwp,524,1,E2.1,E2.1-R0,False,subwp,524,05,5,1370298872,exito,,446.688,0,0,"[0.0, -3.009242114314885]"
446,goal_045,6,col_return,8561,1203.57,05,subwp,524,1,E2.1,E2.1-R0,False,subwp,524,05,6,3366209602,col_return,return,273.952,0,0,"[0.0, 1.0163634915927666]"
447,goal_045,7,exito,13959,2253.82,05,subwp,524,1,E2.1,E2.1-R0,False,subwp,524,05,7,3215161556,exito,,446.688,0,0,"[0.0, -16.911237527962896]"
448,goal_045,8,col_return,8544,1206.95,05,subwp,524,1,E2.1,E2.1-R0,False,subwp,524,05,8,790390085,col_return,return,273.408,0,0,"[0.0, 21.998897855569403]"
449,goal_045,9,exito,13959,2258.17,05,subwp,524,1,E2.1,E2.1-R0,False,subwp,524,05,9,1478186451,exito,,446.688,0,0,"[0.0, 11.69022133808709]"
450,goal_045,10,col_return,8540,1206.69,05,subwp,524,1,E2.1,E2.1-R0,False,subwp,524,05,10,595643666,col_return,return,273.28,0,0,"[0.0, 20.4001287942961]"
451,goal_046,1,exito,15827,2510.98,05,subwp,524,1,E2.1,E2.1-R0,False,subwp,524,05,1,1459795926,exito,,506.464,0,0,"[0.0, 29.74286737913172]"
452,goal_046,2,exito,15838,2511.24,05,subwp,524,1,E2.1,E2.1-R0,False,subwp,524,05,2,3456886380,exito,,506.816,0,0,"[0.0, 3.8622377815478393]"
453,goal_046,3,exito,15838,2511.25,05,subwp,524,1,E2.1,E2.1-R0,False,subwp,524,05,3,3104626426,exito,,506.816,0,0,"[0.0, 12.065089519901022]"
454,goal_046,4,exito,15839,2511.27,05,subwp,524,1,E2.1,E2.1-R0,False,subwp,524,05,4,661144409,exito,,506.848,0,0,"[0.0, 13.166821220597061]"
455,goal_046,5,exito,15838,2503.45,05,subwp,524,1,E2.1,E2.1-R0,False,subwp,524,05,5,1349481423,exito,,506.816,0,0,"[0.0, -4.435396425994568]"
456,goal_046,6,col_return,10615,1489.35,05,subwp,524,1,E2.1,E2.1-R0,False,subwp,524,05,6,3378913909,col_return,return,339.68,0,0,"[0.0, -26.08235829236516]"
457,goal_046,7,exito,15827,2510.97,05,subwp,524,1,E2.1,E2.1-R0,False,subwp,524,05,7,3194032867,exito,,506.464,0,0,"[0.0, -25.75411626471487]"
458,goal_046,8,exito,15838,2511.24,05,subwp,524,1,E2.1,E2.1-R0,False,subwp,524,05,8,786304882,exito,,506.816,0,0,"[0.0, 17.223375082250875]"
459,goal_046,9,exito,15838,2511.2,05,subwp,524,1,E2.1,E2.1-R0,False,subwp,524,05,9,1507409892,exito,,506.816,0,0,"[0.0, -29.792378385990684]"
460,goal_046,10,exito,15839,2511.28,05,subwp,524,1,E2.1,E2.1-R0,False,subwp,524,05,10,2604444279,exito,,506.848,0,0,"[0.0, -17.782663373735442]"
461,goal_047,1,exito,13919,2255.19,05,subwp,524,1,E2.1,E2.1-R0,False,subwp,524,05,1,1430522255,exito,,445.408,0,0,"[0.0, -27.13607991914285]"
462,goal_047,2,exito,13919,2255.19,05,subwp,524,1,E2.1,E2.1-R0,False,subwp,524,05,2,3427620917,exito,,445.408,0,0,"[0.0, 4.276461357496815]"
463,goal_047,3,exito,13919,2255.19,05,subwp,524,1,E2.1,E2.1-R0,False,subwp,524,05,3,3142215843,exito,,445.408,0,0,"[0.0, -21.57775218634521]"
464,goal_047,4,exito,13919,2167.6,05,subwp,524,1,E2.1,E2.1-R0,False,subwp,524,05,4,623836416,exito,,445.408,0,0,"[0.0, -24.14246714496686]"
465,goal_047,5,col_return,8581,1216.89,05,subwp,524,1,E2.1,E2.1-R0,False,subwp,524,05,5,1378471318,col_return,return,274.592,0,0,"[0.0, 20.299149706565334]"
466,goal_047,6,exito,13908,2147.5,05,subwp,524,1,E2.1,E2.1-R0,False,subwp,524,05,6,3407911980,exito,,445.056,0,0,"[0.0, 9.423426862291734]"
467,goal_047,7,col_return,8586,1217.59,05,subwp,524,1,E2.1,E2.1-R0,False,subwp,524,05,7,3156716730,col_return,return,274.752,0,0,"[0.0, -26.816691860135688]"
468,goal_047,8,exito,13908,2137.08,05,subwp,524,1,E2.1,E2.1-R0,False,subwp,524,05,8,748204331,exito,,445.056,0,0,"[0.0, 13.56922087736008]"
469,goal_047,9,col_return,8587,1218.27,05,subwp,524,1,E2.1,E2.1-R0,False,subwp,524,05,9,1537180093,col_return,return,274.784,0,0,"[0.0, -10.880817520280612]"
470,goal_047,10,exito,13908,2128.88,05,subwp,524,1,E2.1,E2.1-R0,False,subwp,524,05,10,2307458457,exito,,445.056,0,0,"[0.0, -22.97112122193112]"
471,goal_048,1,exito,15575,2481.66,05,subwp,524,1,E2.1,E2.1-R0,False,subwp,524,05,1,1418093496,exito,,498.4,0,0,"[0.0, -15.07838201346157]"
472,goal_048,2,exito,15575,2481.65,05,subwp,524,1,E2.1,E2.1-R0,False,subwp,524,05,2,3448713730,exito,,498.4,0,0,"[0.0, 2.6766297025886843]"
473,goal_048,3,exito,15575,2481.67,05,subwp,524,1,E2.1,E2.1-R0,False,subwp,524,05,3,3129475732,exito,,498.4,0,0,"[0.0, -3.349616131999178]"
474,goal_048,4,exito,15575,2481.66,05,subwp,524,1,E2.1,E2.1-R0,False,subwp,524,05,4,619484983,exito,,498.4,0,0,"[0.0, -22.14407655565047]"
475,goal_048,5,exito,15575,2481.66,05,subwp,524,1,E2.1,E2.1-R0,False,subwp,524,05,5,1407952801,exito,,498.4,0,0,"[0.0, -1.7412753160329064]"
476,goal_048,6,exito,15575,2481.66,05,subwp,524,1,E2.1,E2.1-R0,False,subwp,524,05,6,3403871771,exito,,498.4,0,0,"[0.0, 7.54867571536515]"
477,goal_048,7,exito,15575,2481.66,05,subwp,524,1,E2.1,E2.1-R0,False,subwp,524,05,7,3185952397,exito,,498.4,0,0,"[0.0, 5.4952687551772]"
478,goal_048,8,exito,15575,2481.65,05,subwp,524,1,E2.1,E2.1-R0,False,subwp,524,05,8,760929052,exito,,498.4,0,0,"[0.0, 8.176766912878694]"
479,goal_048,9,exito,15575,2480.1,05,subwp,524,1,E2.1,E2.1-R0,False,subwp,524,05,9,1516104586,exito,,498.4,0,0,"[0.0, 4.039218191989084]"
480,goal_048,10,col_return,10575,1496.32,05,subwp,524,1,E2.1,E2.1-R0,False,subwp,524,05,10,825582332,col_return,return,338.4,0,0,"[0.0, -27.16266523016951]"
481,goal_049,1,col_return,8195,1160.89,05,subwp,524,1,E2.1,E2.1-R0,False,subwp,524,05,1,1608131717,col_return,return,262.24,0,0,"[0.0, -21.087464942234803]"
482,goal_049,2,exito,13892,2251.37,05,subwp,524,1,E2.1,E2.1-R0,False,subwp,524,05,2,3335746879,exito,,444.544,0,0,"[0.0, -28.303434871839034]"
483,goal_049,3,col_return,8401,1192.58,05,subwp,524,1,E2.1,E2.1-R0,False,subwp,524,05,3,2983478697,col_return,return,268.832,0,0,"[0.0, -26.194779466427555]"
484,goal_049,4,exito,13893,2249.71,05,subwp,524,1,E2.1,E2.1-R0,False,subwp,524,05,4,800116746,exito,,444.576,0,0,"[0.0, -13.713441251094737]"
485,goal_049,5,col_return,8512,1205.94,05,subwp,524,1,E2.1,E2.1-R0,False,subwp,524,05,5,1488445596,col_return,return,272.384,0,0,"[0.0, -3.2699878669386906]"
486,goal_049,6,exito,13892,2212.26,05,subwp,524,1,E2.1,E2.1-R0,False,subwp,524,05,6,3250499878,exito,,444.544,0,0,"[0.0, -4.280631589987132]"
487,goal_049,7,col_return,8556,1211.6,05,subwp,524,1,E2.1,E2.1-R0,False,subwp,524,05,7,3065610672,col_return,return,273.792,0,0,"[0.0, -2.179141326356304]"
488,goal_049,8,exito,13892,2128.08,05,subwp,524,1,E2.1,E2.1-R0,False,subwp,524,05,8,637967393,exito,,444.544,0,0,"[0.0, 19.363310926165006]"
489,goal_049,9,col_return,8586,1211.01,05,subwp,524,1,E2.1,E2.1-R0,False,subwp,524,05,9,1359064247,col_return,return,274.752,0,0,"[0.0, 5.892676549529289]"
490,goal_049,10,exito,13895,2064.81,05,subwp,524,1,E2.1,E2.1-R0,False,subwp,524,05,10,1767273130,exito,,444.64,0,0,"[0.0, -25.785060833869707]"
491,goal_050,1,exito,15365,2446.35,05,subwp,524,1,E2.1,E2.1-R0,False,subwp,524,05,1,1578651314,exito,,491.68,0,0,"[0.0, -28.419651040699705]"
492,goal_050,2,exito,15363,2446.46,05,subwp,524,1,E2.1,E2.1-R0,False,subwp,524,05,2,3339788040,exito,,491.616,0,0,"[0.0, -18.79117868123457]"
493,goal_050,3,exito,15363,2446.47,05,subwp,524,1,E2.1,E2.1-R0,False,subwp,524,05,3,2954243998,exito,,491.616,0,0,"[0.0, -1.251303690971306]"
494,goal_050,4,exito,15365,2446.4,05,subwp,524,1,E2.1,E2.1-R0,False,subwp,524,05,4,779270717,exito,,491.68,0,0,"[0.0, -13.337318105263547]"
495,goal_050,5,exito,15363,2446.46,05,subwp,524,1,E2.1,E2.1-R0,False,subwp,524,05,5,1500875435,exito,,491.616,0,0,"[0.0, 20.748815572200915]"
496,goal_050,6,exito,15363,2446.47,05,subwp,524,1,E2.1,E2.1-R0,False,subwp,524,05,6,3229408017,exito,,491.616,0,0,"[0.0, -9.525920228569102]"
497,goal_050,7,exito,15363,2446.47,05,subwp,524,1,E2.1,E2.1-R0,False,subwp,524,05,7,3078351751,exito,,491.616,0,0,"[0.0, 23.902677755142406]"
498,goal_050,8,exito,15365,2446.43,05,subwp,524,1,E2.1,E2.1-R0,False,subwp,524,05,8,667219478,exito,,491.68,0,0,"[0.0, 0.880607730325913]"
499,goal_050,9,exito,15363,2446.47,05,subwp,524,1,E2.1,E2.1-R0,False,subwp,524,05,9,1355007616,exito,,491.616,0,0,"[0.0, -13.470427647668892]"
500,goal_050,10,exito,15363,2446.48,05,subwp,524,1,E2.1,E2.1-R0,False,subwp,524,05,10,3521779151,exito,,491.616,0,0,"[0.0, -23.09705499165791]"
501,goal_051,1,exito,13882,2250.69,05,subwp,524,1,E2.1,E2.1-R0,False,subwp,524,05,1,3916763736,exito,,444.224,0,0,"[0.0, 10.821982901624851]"
502,goal_051,2,exito,13882,2250.77,05,subwp,524,1,E2.1,E2.1-R0,False,subwp,524,05,2,1887192034,exito,,444.224,0,0,"[0.0, 22.231434300849774]"
503,goal_051,3,exito,13882,2250.7,05,subwp,524,1,E2.1,E2.1-R0,False,subwp,524,05,3,125530996,exito,,444.224,0,0,"[0.0, -12.509231543212584]"
504,goal_051,4,col_return,8427,1200.17,05,subwp,524,1,E2.1,E2.1-R0,False,subwp,524,05,4,2569004759,col_return,return,269.664,0,0,"[0.0, -15.119876734851811]"
505,goal_051,5,exito,13872,2230.52,05,subwp,524,1,E2.1,E2.1-R0,False,subwp,524,05,5,3994605121,exito,,443.904,0,0,"[0.0, 19.584380656477872]"
506,goal_051,6,col_return,8536,1205.47,05,subwp,524,1,E2.1,E2.1-R0,False,subwp,524,05,6,1997637627,col_return,return,273.152,0,0,"[0.0, 22.088701397190327]"
507,goal_051,7,exito,13871,2089.92,05,subwp,524,1,E2.1,E2.1-R0,False,subwp,524,05,7,1488749,exito,,443.872,0,0,"[0.0, 29.738512755502594]"
508,goal_051,8,col_return,8576,1218.69,05,subwp,524,1,E2.1,E2.1-R0,False,subwp,524,05,8,2427038460,col_return,return,274.432,0,0,"[0.0, 19.7827071204223]"
509,goal_051,9,col_return,8031,1141.17,05,subwp,524,1,E2.1,E2.1-R0,False,subwp,524,05,9,3886979690,col_return,return,256.992,0,0,"[0.0, 16.196636758294286]"
510,goal_051,10,exito,13872,2250.49,05,subwp,524,1,E2.1,E2.1-R0,False,subwp,524,05,10,2441245685,exito,,443.904,0,0,"[0.0, -15.388907434845782]"
511,goal_052,1,exito,15120,2410.12,05,subwp,524,1,E2.1,E2.1-R0,False,subwp,524,05,1,3904338031,exito,,483.84,0,0,"[0.0, -19.364900890328375]"
512,goal_052,2,exito,15120,2410.1,05,subwp,524,1,E2.1,E2.1-R0,False,subwp,524,05,2,1908287957,exito,,483.84,0,0,"[0.0, 1.858044123285174]"
513,goal_052,3,exito,15120,2410.13,05,subwp,524,1,E2.1,E2.1-R0,False,subwp,524,05,3,112793923,exito,,483.84,0,0,"[0.0, -28.900392135831655]"
514,goal_052,4,exito,15120,2410.08,05,subwp,524,1,E2.1,E2.1-R0,False,subwp,524,05,4,2564656352,exito,,483.84,0,0,"[0.0, 17.385487632278732]"
515,goal_052,5,exito,15120,2410.1,05,subwp,524,1,E2.1,E2.1-R0,False,subwp,524,05,5,4024089718,exito,,483.84,0,0,"[0.0, 26.253243503849045]"
516,goal_052,6,exito,15120,2410.1,05,subwp,524,1,E2.1,E2.1-R0,False,subwp,524,05,6,1993600460,exito,,483.84,0,0,"[0.0, 19.503220976520478]"
517,goal_052,7,exito,15120,2410.03,05,subwp,524,1,E2.1,E2.1-R0,False,subwp,524,05,7,30727514,exito,,483.84,0,0,"[0.0, -2.5931059825632397]"
518,goal_052,8,exito,15120,2410.11,05,subwp,524,1,E2.1,E2.1-R0,False,subwp,524,05,8,2439758027,exito,,483.84,0,0,"[0.0, 5.512339095266359]"
519,goal_052,9,exito,15120,2410.12,05,subwp,524,1,E2.1,E2.1-R0,False,subwp,524,05,9,3865899101,exito,,483.84,0,0,"[0.0, -14.53491437981439]"
520,goal_052,10,exito,15120,2410.09,05,subwp,524,1,E2.1,E2.1-R0,False,subwp,524,05,10,691934352,exito,,483.84,0,0,"[0.0, 5.842084233670661]"
521,goal_053,1,exito,13864,2247.56,05,subwp,524,1,E2.1,E2.1-R0,False,subwp,524,05,1,3941713462,exito,,443.648,0,0,"[0.0, -4.355004608729265]"
522,goal_053,2,col_return,8282,1177.28,05,subwp,524,1,E2.1,E2.1-R0,False,subwp,524,05,2,1945671564,col_return,return,265.024,0,0,"[0.0, 13.225365477046422]"
523,goal_053,3,exito,13853,2246.83,05,subwp,524,1,E2.1,E2.1-R0,False,subwp,524,05,3,83863322,exito,,443.296,0,0,"[0.0, 0.5480010165272153]"
524,goal_053,4,col_return,8468,1203.28,05,subwp,524,1,E2.1,E2.1-R0,False,subwp,524,05,4,2593862329,col_return,return,270.976,0,0,"[0.0, -14.994606181485455]"
525,goal_053,5,exito,13853,2137.05,05,subwp,524,1,E2.1,E2.1-R0,False,subwp,524,05,5,3986424367,exito,,443.296,0,0,"[0.0, -6.887711189248593]"
526,goal_053,6,col_return,8565,1209.89,05,subwp,524,1,E2.1,E2.1-R0,False,subwp,524,05,6,1955943317,col_return,return,274.08,0,0,"[0.0, -12.103430978556496]"
527,goal_053,7,col_return,8021,1138.98,05,subwp,524,1,E2.1,E2.1-R0,False,subwp,524,05,7,59925251,col_return,return,256.672,0,0,"[0.0, 9.643692529871446]"
528,goal_053,8,exito,13853,2246.79,05,subwp,524,1,E2.1,E2.1-R0,False,subwp,524,05,8,2469232274,exito,,443.296,0,0,"[0.0, 0.9813633798407695]"
529,goal_053,9,col_return,8335,1181.73,05,subwp,524,1,E2.1,E2.1-R0,False,subwp,524,05,9,3827977732,col_return,return,266.72,0,0,"[0.0, -25.779861829018095]"
530,goal_053,10,exito,13853,2241.96,05,subwp,524,1,E2.1,E2.1-R0,False,subwp,524,05,10,999013246,exito,,443.296,0,0,"[0.0, -0.5339836561059297]"
531,goal_054,1,exito,14849,2208.43,05,subwp,524,1,E2.1,E2.1-R0,False,subwp,524,05,1,3946032129,exito,,475.168,0,0,"[0.0, -8.843418285715817]"
532,goal_054,2,col_return,9062,1269.16,05,subwp,524,1,E2.1,E2.1-R0,False,subwp,524,05,2,1916468667,col_return,return,289.984,0,0,"[0.0, -3.5129187429334374]"
533,goal_054,3,exito,14841,2374.02,05,subwp,524,1,E2.1,E2.1-R0,False,subwp,524,05,3,87936301,exito,,474.912,0,0,"[0.0, -4.394452090670309]"
534,goal_054,4,exito,14851,2374.03,05,subwp,524,1,E2.1,E2.1-R0,False,subwp,524,05,4,2606323854,exito,,475.232,0,0,"[0.0, 27.155201118057448]"
535,goal_054,5,exito,14849,2374.18,05,subwp,524,1,E2.1,E2.1-R0,False,subwp,524,05,5,3965610008,exito,,475.168,0,0,"[0.0, -17.34251299715457]"
536,goal_054,6,exito,14848,2374.71,05,subwp,524,1,E2.1,E2.1-R0,False,subwp,524,05,6,1968650658,exito,,475.136,0,0,"[0.0, -3.2785226653163724]"
537,goal_054,7,exito,14851,2374.66,05,subwp,524,1,E2.1,E2.1-R0,False,subwp,524,05,7,38799668,exito,,475.232,0,0,"[0.0, -7.236094144807912]"
538,goal_054,8,exito,14848,2374.69,05,subwp,524,1,E2.1,E2.1-R0,False,subwp,524,05,8,2465141925,exito,,475.136,0,0,"[0.0, -0.24763877962219683]"
539,goal_054,9,exito,14848,2374.71,05,subwp,524,1,E2.1,E2.1-R0,False,subwp,524,05,9,3857196083,exito,,475.136,0,0,"[0.0, -7.137442192003607]"
540,goal_054,10,exito,14849,2374.17,05,subwp,524,1,E2.1,E2.1-R0,False,subwp,524,05,10,2201476123,exito,,475.168,0,0,"[0.0, 22.939011937697977]"
541,goal_055,1,col_return,8379,1191.06,05,subwp,524,1,E2.1,E2.1-R0,False,subwp,524,05,1,4001151620,col_return,return,268.128,0,0,"[0.0, -8.10975909625829]"
542,goal_055,2,exito,13828,2207.52,05,subwp,524,1,E2.1,E2.1-R0,False,subwp,524,05,2,2004216638,exito,,442.496,0,0,"[0.0, -7.38708685143118]"
543,goal_055,3,col_return,8516,1212.76,05,subwp,524,1,E2.1,E2.1-R0,False,subwp,524,05,3,7527336,col_return,return,272.512,0,0,"[0.0, 22.356811169114653]"
544,goal_055,4,col_return,8011,1133.91,05,subwp,524,1,E2.1,E2.1-R0,False,subwp,524,05,4,2652261899,col_return,return,256.352,0,0,"[0.0, 14.490412307290812]"
545,goal_055,5,exito,13829,2244.94,05,subwp,524,1,E2.1,E2.1-R0,False,subwp,524,05,5,3910237853,exito,,442.528,0,0,"[0.0, 17.70683120108157]"
546,goal_055,6,col_return,8341,1185.53,05,subwp,524,1,E2.1,E2.1-R0,False,subwp,524,05,6,1880633127,col_return,return,266.912,0,0,"[0.0, -19.84513834279424]"
547,goal_055,7,exito,13829,2226.93,05,subwp,524,1,E2.1,E2.1-R0,False,subwp,524,05,7,119480241,exito,,442.528,0,0,"[0.0, 14.539503529622342]"
548,goal_055,8,col_return,8503,1209.23,05,subwp,524,1,E2.1,E2.1-R0,False,subwp,524,05,8,2543845920,col_return,return,272.096,0,0,"[0.0, -9.002065393412979]"
549,goal_055,9,col_return,8001,1136.98,05,subwp,524,1,E2.1,E2.1-R0,False,subwp,524,05,9,3769053878,col_return,return,256.032,0,0,"[0.0, -26.753467496719146]"
550,goal_055,10,exito,13829,2244.93,05,subwp,524,1,E2.1,E2.1-R0,False,subwp,524,05,10,518055074,exito,,442.528,0,0,"[0.0, -20.809009199786786]"
551,goal_056,1,exito,14643,2314.95,05,subwp,524,1,E2.1,E2.1-R0,False,subwp,524,05,1,4022259891,exito,,468.576,0,0,"[0.0, -14.00400961809946]"
552,goal_056,2,col_return,8920,1247.89,05,subwp,524,1,E2.1,E2.1-R0,False,subwp,524,05,2,1991737609,col_return,return,285.44,0,0,"[0.0, -2.5336487492759807]"
553,goal_056,3,exito,14632,2343.58,05,subwp,524,1,E2.1,E2.1-R0,False,subwp,524,05,3,28357023,exito,,468.224,0,0,"[0.0, 6.123591844077518]"
554,goal_056,4,exito,14643,2344.19,05,subwp,524,1,E2.1,E2.1-R0,False,subwp,524,05,4,2681480252,exito,,468.576,0,0,"[0.0, 5.082038853704294]"
555,goal_056,5,exito,14643,2343.93,05,subwp,524,1,E2.1,E2.1-R0,False,subwp,524,05,5,3906147498,exito,,468.576,0,0,"[0.0, 23.502656564968177]"
556,goal_056,6,exito,14643,2304.53,05,subwp,524,1,E2.1,E2.1-R0,False,subwp,524,05,6,1910129936,exito,,468.576,0,0,"[0.0, -7.663554413942344]"
557,goal_056,7,col_return,8927,1248.76,05,subwp,524,1,E2.1,E2.1-R0,False,subwp,524,05,7,115176838,col_return,return,285.664,0,0,"[0.0, -12.002212721600237]"
558,goal_056,8,exito,14632,2343.56,05,subwp,524,1,E2.1,E2.1-R0,False,subwp,524,05,8,2523031575,exito,,468.224,0,0,"[0.0, -4.244748396365392]"
559,goal_056,9,exito,14643,2344.18,05,subwp,524,1,E2.1,E2.1-R0,False,subwp,524,05,9,3781515393,exito,,468.576,0,0,"[0.0, -20.779967398939938]"
560,goal_056,10,exito,14643,2343.9,05,subwp,524,1,E2.1,E2.1-R0,False,subwp,524,05,10,2791080903,exito,,468.576,0,0,"[0.0, -17.25507233487963]"
561,goal_057,1,col_return,8348,1187.27,05,subwp,524,1,E2.1,E2.1-R0,False,subwp,524,05,1,3992481514,col_return,return,267.136,0,0,"[0.0, -27.04994980493319]"
562,goal_057,2,exito,13828,2223.07,05,subwp,524,1,E2.1,E2.1-R0,False,subwp,524,05,2,1961967440,exito,,442.496,0,0,"[0.0, -18.093357248966356]"
563,goal_057,3,col_return,8506,1209.84,05,subwp,524,1,E2.1,E2.1-R0,False,subwp,524,05,3,66457542,col_return,return,272.192,0,0,"[0.0, -28.330319403906167]"
564,goal_057,4,col_return,8003,1132.34,05,subwp,524,1,E2.1,E2.1-R0,False,subwp,524,05,4,2643630693,col_return,return,256.096,0,0,"[0.0, 17.49544285034481]"
565,goal_057,5,exito,13828,2244.62,05,subwp,524,1,E2.1,E2.1-R0,False,subwp,524,05,5,3935677171,exito,,442.496,0,0,"[0.0, -17.271144125427103]"
566,goal_057,6,col_return,8342,1184.58,05,subwp,524,1,E2.1,E2.1-R0,False,subwp,524,05,6,1939667785,col_return,return,266.944,0,0,"[0.0, 23.66864326035907]"
567,goal_057,7,exito,13828,2228.28,05,subwp,524,1,E2.1,E2.1-R0,False,subwp,524,05,7,77319135,exito,,442.496,0,0,"[0.0, -5.1845462420413675]"
568,goal_057,8,col_return,8505,1208.16,05,subwp,524,1,E2.1,E2.1-R0,False,subwp,524,05,8,2485442126,col_return,return,272.16,0,0,"[0.0, -17.875632081572373]"
569,goal_057,9,col_return,7991,1137.45,05,subwp,524,1,E2.1,E2.1-R0,False,subwp,524,05,9,3810780888,col_return,return,255.712,0,0,"[0.0, -24.43127758243929]"
570,goal_057,10,exito,13827,2244.45,05,subwp,524,1,E2.1,E2.1-R0,False,subwp,524,05,10,3035180073,exito,,442.464,0,0,"[0.0, 14.579138043671607]"
571,goal_058,1,col_return,8616,1204.66,05,subwp,524,1,E2.1,E2.1-R0,False,subwp,524,05,1,3963225309,col_return,return,275.712,0,0,"[0.0, -22.584562865992584]"
572,goal_058,2,exito,14393,2305.02,05,subwp,524,1,E2.1,E2.1-R0,False,subwp,524,05,2,1966298471,exito,,460.576,0,0,"[0.0, -25.57973865592462]"
573,goal_058,3,exito,14404,2306.59,05,subwp,524,1,E2.1,E2.1-R0,False,subwp,524,05,3,36988401,exito,,460.928,0,0,"[0.0, -11.707121428792144]"
574,goal_058,4,col_return,8662,1213.3,05,subwp,524,1,E2.1,E2.1-R0,False,subwp,524,05,4,2622550098,col_return,return,277.184,0,0,"[0.0, -2.923381578773676]"
575,goal_058,5,exito,14393,2305.17,05,subwp,524,1,E2.1,E2.1-R0,False,subwp,524,05,5,3948396740,exito,,460.576,0,0,"[0.0, 29.1603396066827]"
576,goal_058,6,exito,14404,2306.61,05,subwp,524,1,E2.1,E2.1-R0,False,subwp,524,05,6,1918800254,exito,,460.928,0,0,"[0.0, -20.316272137545294]"
577,goal_058,7,col_return,8685,1211.53,05,subwp,524,1,E2.1,E2.1-R0,False,subwp,524,05,7,89760232,col_return,return,277.92,0,0,"[0.0, 2.1036121822506604]"
578,goal_058,8,exito,14393,2305.16,05,subwp,524,1,E2.1,E2.1-R0,False,subwp,524,05,8,2514926713,exito,,460.576,0,0,"[0.0, 1.6577368236451417]"
579,goal_058,9,exito,14403,2304.69,05,subwp,524,1,E2.1,E2.1-R0,False,subwp,524,05,9,3806432495,exito,,460.896,0,0,"[0.0, 9.323689948514392]"
580,goal_058,10,col_return,8693,1212.24,05,subwp,524,1,E2.1,E2.1-R0,False,subwp,524,05,10,206916428,col_return,return,278.176,0,0,"[0.0, 15.260986353959034]"
581,goal_059,1,exito,13820,2244.98,05,subwp,524,1,E2.1,E2.1-R0,False,subwp,524,05,1,3882238944,exito,,442.24,0,0,"[0.0, 20.098152562765637]"
582,goal_059,2,col_return,8402,1192.45,05,subwp,524,1,E2.1,E2.1-R0,False,subwp,524,05,2,2121208410,col_return,return,268.864,0,0,"[0.0, 12.851133729011687]"
583,goal_059,3,exito,13820,2157.43,05,subwp,524,1,E2.1,E2.1-R0,False,subwp,524,05,3,157819596,exito,,442.24,0,0,"[0.0, 0.8209129857902586]"
584,goal_059,4,col_return,8533,1216.9,05,subwp,524,1,E2.1,E2.1-R0,False,subwp,524,05,4,2534193007,col_return,return,273.056,0,0,"[0.0, 19.931250185821337]"
585,goal_059,5,col_return,8015,1137.2,05,subwp,524,1,E2.1,E2.1-R0,False,subwp,524,05,5,3758852089,col_return,return,256.48,0,0,"[0.0, -13.260981673947644]"
586,goal_059,6,exito,13820,2244.92,05,subwp,524,1,E2.1,E2.1-R0,False,subwp,524,05,6,2030229059,exito,,442.24,0,0,"[0.0, 15.713731993925249]"
587,goal_059,7,col_return,8351,1188.93,05,subwp,524,1,E2.1,E2.1-R0,False,subwp,524,05,7,235267797,col_return,return,267.232,0,0,"[0.0, 6.7345466665818865]"
588,goal_059,8,exito,13820,2213.1,05,subwp,524,1,E2.1,E2.1-R0,False,subwp,524,05,8,2663054148,exito,,442.24,0,0,"[0.0, -20.92215332129365]"
589,goal_059,9,col_return,8512,1212.65,05,subwp,524,1,E2.1,E2.1-R0,False,subwp,524,05,9,3921529810,col_return,return,272.384,0,0,"[0.0, 17.861037676204752]"
590,goal_059,10,col_return,8005,1134.46,05,subwp,524,1,E2.1,E2.1-R0,False,subwp,524,05,10,1412848410,col_return,return,256.16,0,0,"[0.0, 17.571920325162054]"
591,goal_060,1,exito,14157,2279.39,05,subwp,524,1,E2.1,E2.1-R0,False,subwp,524,05,1,3869518295,exito,,453.024,0,0,"[0.0, -2.155972720693915]"
592,goal_060,2,col_return,8346,1168.7,05,subwp,524,1,E2.1,E2.1-R0,False,subwp,524,05,2,2142074989,col_return,return,267.072,0,0,"[0.0, -28.94587467664337]"
593,goal_060,3,exito,14157,2279.38,05,subwp,524,1,E2.1,E2.1-R0,False,subwp,524,05,3,145377531,exito,,453.024,0,0,"[0.0, 10.72295015201246]"
594,goal_060,4,col_return,8342,1168.68,05,subwp,524,1,E2.1,E2.1-R0,False,subwp,524,05,4,2530139480,col_return,return,266.944,0,0,"[0.0, 14.761889422244728]"
595,goal_060,5,exito,14157,2279.39,05,subwp,524,1,E2.1,E2.1-R0,False,subwp,524,05,5,3788107214,exito,,453.024,0,0,"[0.0, 5.85103701772139]"
596,goal_060,6,col_return,8340,1174.0,05,subwp,524,1,E2.1,E2.1-R0,False,subwp,524,05,6,2025897076,col_return,return,266.88,0,0,"[0.0, -19.397453878476792]"
597,goal_060,7,exito,14157,2279.62,05,subwp,524,1,E2.1,E2.1-R0,False,subwp,524,05,7,264735970,exito,,453.024,0,0,"[0.0, 29.86243557619153]"
598,goal_060,8,col_return,8339,1173.99,05,subwp,524,1,E2.1,E2.1-R0,False,subwp,524,05,8,2675478899,col_return,return,266.848,0,0,"[0.0, 21.099493694864417]"
599,goal_060,9,exito,14157,2279.62,05,subwp,524,1,E2.1,E2.1-R0,False,subwp,524,05,9,3900678629,exito,,453.024,0,0,"[0.0, 20.450471426054406]"
600,goal_060,10,col_return,8338,1174.57,05,subwp,524,1,E2.1,E2.1-R0,False,subwp,524,05,10,3968482431,col_return,return,266.816,0,0,"[0.0, -14.27321415975882]"
601,goal_061,1,exito,15200,2444.0,05,subwp,524,1,E2.1,E2.1-R0,False,subwp,524,05,1,4223712694,exito,,486.4,0,0,"[0.0, -15.648514320339093]"
602,goal_061,2,exito,15210,2445.37,05,subwp,524,1,E2.1,E2.1-R0,False,subwp,524,05,2,1657400332,exito,,486.72,0,0,"[0.0, -2.1141057195780255]"
603,goal_061,3,exito,15210,2445.38,05,subwp,524,1,E2.1,E2.1-R0,False,subwp,524,05,3,365878426,exito,,486.72,0,0,"[0.0, 25.156408250758986]"
604,goal_061,4,exito,15210,2445.37,05,subwp,524,1,E2.1,E2.1-R0,False,subwp,524,05,4,2343192889,exito,,486.72,0,0,"[0.0, -5.58194492551787]"
605,goal_061,5,exito,15210,2445.35,05,subwp,524,1,E2.1,E2.1-R0,False,subwp,524,05,5,4239227311,exito,,486.72,0,0,"[0.0, 1.252935905320851]"
606,goal_061,6,exito,15210,2445.37,05,subwp,524,1,E2.1,E2.1-R0,False,subwp,524,05,6,1705256981,exito,,486.72,0,0,"[0.0, 9.747735601288127]"
607,goal_061,7,exito,15210,2445.38,05,subwp,524,1,E2.1,E2.1-R0,False,subwp,524,05,7,312678531,exito,,486.72,0,0,"[0.0, 29.619026372817977]"
608,goal_061,8,exito,15210,2445.38,05,subwp,524,1,E2.1,E2.1-R0,False,subwp,524,05,8,2182874386,exito,,486.72,0,0,"[0.0, 21.82479470036084]"
609,goal_061,9,exito,15210,2445.37,05,subwp,524,1,E2.1,E2.1-R0,False,subwp,524,05,9,4112201092,exito,,486.72,0,0,"[0.0, -12.907798720582903]"
610,goal_061,10,exito,15210,2445.35,05,subwp,524,1,E2.1,E2.1-R0,False,subwp,524,05,10,3592554789,exito,,486.72,0,0,"[0.0, -29.792231025204757]"
611,goal_062,1,exito,15033,2430.06,05,subwp,524,1,E2.1,E2.1-R0,False,subwp,524,05,1,4194490241,exito,,481.056,0,0,"[0.0, 20.450524895896447]"
612,goal_062,2,exito,15033,2430.06,05,subwp,524,1,E2.1,E2.1-R0,False,subwp,524,05,2,1661699643,exito,,481.056,0,0,"[0.0, 23.526474777235254]"
613,goal_062,3,exito,15033,2430.06,05,subwp,524,1,E2.1,E2.1-R0,False,subwp,524,05,3,336377517,exito,,481.056,0,0,"[0.0, 13.459242912506932]"
614,goal_062,4,exito,15033,2430.06,05,subwp,524,1,E2.1,E2.1-R0,False,subwp,524,05,4,2322080526,exito,,481.056,0,0,"[0.0, 17.99242647926159]"
615,goal_062,5,exito,15033,2430.07,05,subwp,524,1,E2.1,E2.1-R0,False,subwp,524,05,5,4251915160,exito,,481.056,0,0,"[0.0, 18.389233499982243]"
616,goal_062,6,exito,15033,2430.06,05,subwp,524,1,E2.1,E2.1-R0,False,subwp,524,05,6,1684423202,exito,,481.056,0,0,"[0.0, 5.468649344499661]"
617,goal_062,7,exito,15033,2430.06,05,subwp,524,1,E2.1,E2.1-R0,False,subwp,524,05,7,325153460,exito,,481.056,0,0,"[0.0, 0.2038033146734053]"
618,goal_062,8,exito,15033,2430.06,05,subwp,524,1,E2.1,E2.1-R0,False,subwp,524,05,8,2212392741,exito,,481.056,0,0,"[0.0, 14.525998170427538]"
619,goal_062,9,exito,15033,2430.06,05,subwp,524,1,E2.1,E2.1-R0,False,subwp,524,05,9,4107886515,exito,,481.056,0,0,"[0.0, -28.604142289633508]"
620,goal_062,10,exito,15033,2430.06,05,subwp,524,1,E2.1,E2.1-R0,False,subwp,524,05,10,1855876672,exito,,481.056,0,0,"[0.0, 0.6908420397310255]"
621,goal_063,1,exito,15430,2472.39,05,subwp,524,1,E2.1,E2.1-R0,False,subwp,524,05,1,4165233112,exito,,493.76,0,0,"[0.0, -6.633183656384716]"
622,goal_063,2,exito,15431,2472.59,05,subwp,524,1,E2.1,E2.1-R0,False,subwp,524,05,2,1632450658,exito,,493.792,0,0,"[0.0, 0.5546528460505318]"
623,goal_063,3,exito,15430,2467.59,05,subwp,524,1,E2.1,E2.1-R0,False,subwp,524,05,3,373950708,exito,,493.76,0,0,"[0.0, 24.802916901883197]"
624,goal_063,4,col_return,10444,1483.25,05,subwp,524,1,E2.1,E2.1-R0,False,subwp,524,05,4,2284756311,col_return,return,334.208,0,0,"[0.0, 18.19011973634215]"
625,goal_063,5,exito,15423,2471.53,05,subwp,524,1,E2.1,E2.1-R0,False,subwp,524,05,5,4280921537,exito,,493.536,0,0,"[0.0, 2.873821015501168]"
626,goal_063,6,exito,15430,2472.39,05,subwp,524,1,E2.1,E2.1-R0,False,subwp,524,05,6,1713437819,exito,,493.76,0,0,"[0.0, -17.940573887906453]"
627,goal_063,7,exito,15430,2472.4,05,subwp,524,1,E2.1,E2.1-R0,False,subwp,524,05,7,287821037,exito,,493.76,0,0,"[0.0, 1.078037386771853]"
628,goal_063,8,exito,15430,2472.41,05,subwp,524,1,E2.1,E2.1-R0,False,subwp,524,05,8,2174275964,exito,,493.76,0,0,"[0.0, 22.21185937786052]"
629,goal_063,9,exito,15430,2472.41,05,subwp,524,1,E2.1,E2.1-R0,False,subwp,524,05,9,4137673194,exito,,493.76,0,0,"[0.0, 6.622210803441773]"
630,goal_063,10,exito,15430,2472.41,05,subwp,524,1,E2.1,E2.1-R0,False,subwp,524,05,10,2083242414,exito,,493.76,0,0,"[0.0, -10.666807602848973]"
631,goal_064,1,exito,15181,2447.29,05,subwp,524,1,E2.1,E2.1-R0,False,subwp,524,05,1,4186309615,exito,,485.792,0,0,"[0.0, -11.704841887224811]"
632,goal_064,2,exito,15180,2447.08,05,subwp,524,1,E2.1,E2.1-R0,False,subwp,524,05,2,1620005461,exito,,485.76,0,0,"[0.0, 16.220517131023897]"
633,goal_064,3,exito,15180,2447.1,05,subwp,524,1,E2.1,E2.1-R0,False,subwp,524,05,3,394814147,exito,,485.76,0,0,"[0.0, 5.631223137166836]"
634,goal_064,4,exito,15180,2447.09,05,subwp,524,1,E2.1,E2.1-R0,False,subwp,524,05,4,2314008416,exito,,485.76,0,0,"[0.0, 21.387718358812577]"
635,goal_064,5,exito,15180,2447.08,05,subwp,524,1,E2.1,E2.1-R0,False,subwp,524,05,5,4276865014,exito,,485.76,0,0,"[0.0, -15.685279970511912]"
636,goal_064,6,exito,15181,2447.28,05,subwp,524,1,E2.1,E2.1-R0,False,subwp,524,05,6,1742902860,exito,,485.792,0,0,"[0.0, -11.56908344849354]"
637,goal_064,7,exito,15181,2447.28,05,subwp,524,1,E2.1,E2.1-R0,False,subwp,524,05,7,283485914,exito,,485.792,0,0,"[0.0, -10.299592396334646]"
638,goal_064,8,exito,15180,2447.09,05,subwp,524,1,E2.1,E2.1-R0,False,subwp,524,05,8,2153429835,exito,,485.76,0,0,"[0.0, 9.949548647884054]"
639,goal_064,9,exito,15180,2447.09,05,subwp,524,1,E2.1,E2.1-R0,False,subwp,524,05,9,4150103005,exito,,485.76,0,0,"[0.0, 27.387415330834532]"
640,goal_064,10,exito,15180,2445.97,05,subwp,524,1,E2.1,E2.1-R0,False,subwp,524,05,10,3298272971,exito,,485.76,0,0,"[0.0, 21.68578616249716]"
641,goal_065,1,col_return,10641,1514.72,05,subwp,524,1,E2.1,E2.1-R0,False,subwp,524,05,1,4241036650,col_return,return,340.512,0,0,"[0.0, -14.194831382626617]"
642,goal_065,2,exito,15658,2505.52,05,subwp,524,1,E2.1,E2.1-R0,False,subwp,524,05,2,1707099344,exito,,501.056,0,0,"[0.0, -2.47688465361098]"
643,goal_065,3,exito,15667,2506.66,05,subwp,524,1,E2.1,E2.1-R0,False,subwp,524,05,3,315061318,exito,,501.344,0,0,"[0.0, -19.53396896706157]"
644,goal_065,4,exito,15667,2506.66,05,subwp,524,1,E2.1,E2.1-R0,False,subwp,524,05,4,2359550437,exito,,501.344,0,0,"[0.0, 23.843567143735072]"
645,goal_065,5,exito,15667,2506.66,05,subwp,524,1,E2.1,E2.1-R0,False,subwp,524,05,5,4221882739,exito,,501.344,0,0,"[0.0, 9.728072136417534]"
646,goal_065,6,exito,15667,2506.67,05,subwp,524,1,E2.1,E2.1-R0,False,subwp,524,05,6,1655537865,exito,,501.344,0,0,"[0.0, -19.50710140982092]"
647,goal_065,7,exito,15667,2506.67,05,subwp,524,1,E2.1,E2.1-R0,False,subwp,524,05,7,363507807,exito,,501.344,0,0,"[0.0, 22.06037695103987]"
648,goal_065,8,exito,15667,2492.31,05,subwp,524,1,E2.1,E2.1-R0,False,subwp,524,05,8,2232790478,exito,,501.344,0,0,"[0.0, -18.49294342789009]"
649,goal_065,9,col_return,10479,1495.26,05,subwp,524,1,E2.1,E2.1-R0,False,subwp,524,05,9,4061306200,col_return,return,335.328,0,0,"[0.0, -14.957345413998809]"
650,goal_065,10,exito,15658,2505.49,05,subwp,524,1,E2.1,E2.1-R0,False,subwp,524,05,10,1497407090,exito,,501.056,0,0,"[0.0, -9.047083025747414]"
651,goal_066,1,exito,15412,2471.59,05,subwp,524,1,E2.1,E2.1-R0,False,subwp,524,05,1,4245389149,exito,,493.184,0,0,"[0.0, -19.189866090263852]"
652,goal_066,2,exito,15412,2471.6,05,subwp,524,1,E2.1,E2.1-R0,False,subwp,524,05,2,1677864679,exito,,493.184,0,0,"[0.0, -9.405928177839684]"
653,goal_066,3,exito,15412,2471.59,05,subwp,524,1,E2.1,E2.1-R0,False,subwp,524,05,3,319102577,exito,,493.184,0,0,"[0.0, 25.785044738975635]"
654,goal_066,4,exito,15412,2471.6,05,subwp,524,1,E2.1,E2.1-R0,False,subwp,524,05,4,2371980242,exito,,493.184,0,0,"[0.0, -15.460096028294712]"
655,goal_066,5,exito,15412,2471.6,05,subwp,524,1,E2.1,E2.1-R0,False,subwp,524,05,5,4201036612,exito,,493.184,0,0,"[0.0, -9.02347898817399]"
656,goal_066,6,exito,15412,2471.6,05,subwp,524,1,E2.1,E2.1-R0,False,subwp,524,05,6,1668279038,exito,,493.184,0,0,"[0.0, -19.44354809998327]"
657,goal_066,7,exito,15412,2471.61,05,subwp,524,1,E2.1,E2.1-R0,False,subwp,524,05,7,342415976,exito,,493.184,0,0,"[0.0, 20.332965553603444]"
658,goal_066,8,exito,15412,2471.62,05,subwp,524,1,E2.1,E2.1-R0,False,subwp,524,05,8,2228733945,exito,,493.184,0,0,"[0.0, 18.415291990919872]"
659,goal_066,9,exito,15412,2466.72,05,subwp,524,1,E2.1,E2.1-R0,False,subwp,524,05,9,4090558319,exito,,493.184,0,0,"[0.0, -26.871365644615537]"
660,goal_066,10,col_return,10435,1483.36,05,subwp,524,1,E2.1,E2.1-R0,False,subwp,524,05,10,3791452439,col_return,return,333.92,0,0,"[0.0, 15.105833499141667]"
661,goal_067,1,exito,15917,2543.61,05,subwp,524,1,E2.1,E2.1-R0,False,subwp,524,05,1,4283285764,exito,,509.344,0,0,"[0.0, 12.15583876963209]"
662,goal_067,2,exito,15930,2545.32,05,subwp,524,1,E2.1,E2.1-R0,False,subwp,524,05,2,1715769534,exito,,509.76,0,0,"[0.0, -25.852198842285933]"
663,goal_067,3,exito,15928,2544.97,05,subwp,524,1,E2.1,E2.1-R0,False,subwp,524,05,3,289644584,exito,,509.696,0,0,"[0.0, 5.760640722609214]"
664,goal_067,4,exito,15930,2545.32,05,subwp,524,1,E2.1,E2.1-R0,False,subwp,524,05,4,2401711499,exito,,509.76,0,0,"[0.0, 22.757087895403714]"
665,goal_067,5,exito,15930,2536.56,05,subwp,524,1,E2.1,E2.1-R0,False,subwp,524,05,5,4162848029,exito,,509.76,0,0,"[0.0, -1.2490549515208094]"
666,goal_067,6,col_return,10642,1519.59,05,subwp,524,1,E2.1,E2.1-R0,False,subwp,524,05,6,1630098599,col_return,return,340.544,0,0,"[0.0, 4.992086818837576]"
667,goal_067,7,exito,15917,2543.73,05,subwp,524,1,E2.1,E2.1-R0,False,subwp,524,05,7,372139057,exito,,509.344,0,0,"[0.0, -15.554448143803878]"
668,goal_067,8,exito,15930,2545.33,05,subwp,524,1,E2.1,E2.1-R0,False,subwp,524,05,8,2257680800,exito,,509.76,0,0,"[0.0, -26.324992175799398]"
669,goal_067,9,exito,15930,2545.32,05,subwp,524,1,E2.1,E2.1-R0,False,subwp,524,05,9,4053158198,exito,,509.76,0,0,"[0.0, 11.767870638480474]"
670,goal_067,10,exito,15928,2544.97,05,subwp,524,1,E2.1,E2.1-R0,False,subwp,524,05,10,4081669881,exito,,509.696,0,0,"[0.0, -0.29930209892419013]"
671,goal_068,1,exito,15675,2498.96,05,subwp,524,1,E2.1,E2.1-R0,False,subwp,524,05,1,4270828339,exito,,501.6,0,0,"[0.0, 23.737471593746356]"
672,goal_068,2,col_return,10514,1494.89,05,subwp,524,1,E2.1,E2.1-R0,False,subwp,524,05,2,1736899209,col_return,return,336.448,0,0,"[0.0, 16.985508338652288]"
673,goal_068,3,exito,15665,2508.62,05,subwp,524,1,E2.1,E2.1-R0,False,subwp,524,05,3,276941343,exito,,501.28,0,0,"[0.0, -4.347545451701233]"
674,goal_068,4,exito,15675,2509.75,05,subwp,524,1,E2.1,E2.1-R0,False,subwp,524,05,4,2397396924,exito,,501.6,0,0,"[0.0, -20.65936040593552]"
675,goal_068,5,exito,15675,2509.75,05,subwp,524,1,E2.1,E2.1-R0,False,subwp,524,05,5,4192366378,exito,,501.6,0,0,"[0.0, 6.130789642312422]"
676,goal_068,6,exito,15675,2509.76,05,subwp,524,1,E2.1,E2.1-R0,False,subwp,524,05,6,1626029712,exito,,501.6,0,0,"[0.0, -0.3038589635311628]"
677,goal_068,7,exito,15675,2509.75,05,subwp,524,1,E2.1,E2.1-R0,False,subwp,524,05,7,401346054,exito,,501.6,0,0,"[0.0, 5.471161126771182]"
678,goal_068,8,exito,15675,2509.75,05,subwp,524,1,E2.1,E2.1-R0,False,subwp,524,05,8,2270368663,exito,,501.6,0,0,"[0.0, 17.156196305351777]"
679,goal_068,9,col_return,10761,1517.69,05,subwp,524,1,E2.1,E2.1-R0,False,subwp,524,05,9,4032045825,col_return,return,344.352,0,0,"[0.0, -8.77069718692727]"
680,goal_068,10,exito,15665,2508.63,05,subwp,524,1,E2.1,E2.1-R0,False,subwp,524,05,10,1274360220,exito,,501.28,0,0,"[0.0, -9.6269582150817]"
681,goal_069,1,exito,16145,2575.31,05,subwp,524,1,E2.1,E2.1-R0,False,subwp,524,05,1,4124306446,exito,,516.64,0,0,"[0.0, -23.135662990175984]"
682,goal_069,2,exito,16145,2575.31,05,subwp,524,1,E2.1,E2.1-R0,False,subwp,524,05,2,1826274740,exito,,516.64,0,0,"[0.0, -8.226719860860394]"
683,goal_069,3,exito,16143,2575.1,05,subwp,524,1,E2.1,E2.1-R0,False,subwp,524,05,3,467504418,exito,,516.576,0,0,"[0.0, 18.689234441418666]"
684,goal_069,4,col_return,11023,1573.29,05,subwp,524,1,E2.1,E2.1-R0,False,subwp,524,05,4,2243500161,col_return,return,352.736,0,0,"[0.0, 17.475375013671858]"
685,goal_069,5,exito,16135,2573.95,05,subwp,524,1,E2.1,E2.1-R0,False,subwp,524,05,5,4072548375,exito,,516.32,0,0,"[0.0, 8.051627629470183]"
686,goal_069,6,exito,16143,2575.12,05,subwp,524,1,E2.1,E2.1-R0,False,subwp,524,05,6,1807186349,exito,,516.576,0,0,"[0.0, 10.028853968626928]"
687,goal_069,7,exito,16145,2575.33,05,subwp,524,1,E2.1,E2.1-R0,False,subwp,524,05,7,481315131,exito,,516.64,0,0,"[0.0, 19.151529444806506]"
688,goal_069,8,exito,16143,2562.72,05,subwp,524,1,E2.1,E2.1-R0,False,subwp,524,05,8,2349814954,exito,,516.576,0,0,"[0.0, 7.615319832764826]"
689,goal_069,9,col_return,10732,1527.29,05,subwp,524,1,E2.1,E2.1-R0,False,subwp,524,05,9,4211631164,col_return,return,343.424,0,0,"[0.0, 22.39061113261456]"
690,goal_069,10,exito,16135,2573.94,05,subwp,524,1,E2.1,E2.1-R0,False,subwp,524,05,10,328606154,exito,,516.32,0,0,"[0.0, 27.566477684271334]"
691,goal_070,1,exito,15883,2539.05,05,subwp,524,1,E2.1,E2.1-R0,False,subwp,524,05,1,4094789177,exito,,508.256,0,0,"[0.0, 27.20109505622793]"
692,goal_070,2,exito,15883,2538.98,05,subwp,524,1,E2.1,E2.1-R0,False,subwp,524,05,2,1830344579,exito,,508.256,0,0,"[0.0, -2.657598222331652]"
693,goal_070,3,exito,15883,2539.0,05,subwp,524,1,E2.1,E2.1-R0,False,subwp,524,05,3,438298389,exito,,508.256,0,0,"[0.0, 5.560969883415967]"
694,goal_070,4,col_return,10834,1546.92,05,subwp,524,1,E2.1,E2.1-R0,False,subwp,524,05,4,2222682806,col_return,return,346.688,0,0,"[0.0, 12.855200993339835]"
695,goal_070,5,exito,15871,2537.51,05,subwp,524,1,E2.1,E2.1-R0,False,subwp,524,05,5,4085006880,exito,,507.872,0,0,"[0.0, 7.717813514577538]"
696,goal_070,6,exito,15883,2539.05,05,subwp,524,1,E2.1,E2.1-R0,False,subwp,524,05,6,1786057626,exito,,508.256,0,0,"[0.0, 17.828060736902977]"
697,goal_070,7,exito,15883,2538.99,05,subwp,524,1,E2.1,E2.1-R0,False,subwp,524,05,7,494019340,exito,,508.256,0,0,"[0.0, -10.783450803359907]"
698,goal_070,8,exito,15883,2538.98,05,subwp,524,1,E2.1,E2.1-R0,False,subwp,524,05,8,2379038365,exito,,508.256,0,0,"[0.0, 21.681451752869382]"
699,goal_070,9,exito,15883,2537.16,05,subwp,524,1,E2.1,E2.1-R0,False,subwp,524,05,9,4207545867,exito,,508.256,0,0,"[0.0, -26.85946029502728]"
700,goal_070,10,col_return,10721,1525.56,05,subwp,524,1,E2.1,E2.1-R0,False,subwp,524,05,10,2871674543,col_return,return,343.072,0,0,"[0.0, -12.103443962724263]"
701,goal_071,1,exito,16379,2613.62,05,subwp,524,1,E2.1,E2.1-R0,False,subwp,524,05,1,1132255955,exito,,524.128,0,0,"[0.0, -12.7786439505358]"
702,goal_071,2,exito,16388,2614.84,05,subwp,524,1,E2.1,E2.1-R0,False,subwp,524,05,2,3665136489,exito,,524.416,0,0,"[0.0, -7.6746374267313655]"
703,goal_071,3,exito,16388,2614.39,05,subwp,524,1,E2.1,E2.1-R0,False,subwp,524,05,3,2909977599,exito,,524.416,0,0,"[0.0, -11.655918780834929]"
704,goal_071,4,col_return,11027,1578.79,05,subwp,524,1,E2.1,E2.1-R0,False,subwp,524,05,4,857091676,col_return,return,352.864,0,0,"[0.0, 15.247203963059668]"
705,goal_071,5,exito,16379,2613.62,05,subwp,524,1,E2.1,E2.1-R0,False,subwp,524,05,5,1141972682,exito,,524.128,0,0,"[0.0, -29.371375199149306]"
706,goal_071,6,exito,16388,2614.86,05,subwp,524,1,E2.1,E2.1-R0,False,subwp,524,05,6,3709357936,exito,,524.416,0,0,"[0.0, -16.55748713119545]"
707,goal_071,7,exito,16388,2611.53,05,subwp,524,1,E2.1,E2.1-R0,False,subwp,524,05,7,2854191078,exito,,524.416,0,0,"[0.0, 23.811996569769263]"
708,goal_071,8,col_return,10940,1559.24,05,subwp,524,1,E2.1,E2.1-R0,False,subwp,524,05,8,983589495,col_return,return,350.08,0,0,"[0.0, -1.115884856936773]"
709,goal_071,9,exito,16379,2613.61,05,subwp,524,1,E2.1,E2.1-R0,False,subwp,524,05,9,1302811361,exito,,524.128,0,0,"[0.0, -11.410201446586788]"
710,goal_071,10,exito,16388,2614.84,05,subwp,524,1,E2.1,E2.1-R0,False,subwp,524,05,10,3946979477,exito,,524.416,0,0,"[0.0, -13.711836340880685]"
711,goal_072,1,exito,16131,2574.03,05,subwp,524,1,E2.1,E2.1-R0,False,subwp,524,05,1,1119793380,exito,,516.192,0,0,"[0.0, -13.857974378652656]"
712,goal_072,2,col_return,10889,1551.26,05,subwp,524,1,E2.1,E2.1-R0,False,subwp,524,05,2,3686261086,col_return,return,348.448,0,0,"[0.0, 25.030370134761075]"
713,goal_072,3,exito,16124,2573.61,05,subwp,524,1,E2.1,E2.1-R0,False,subwp,524,05,3,2897269192,exito,,515.968,0,0,"[0.0, -16.66434487001177]"
714,goal_072,4,exito,16131,2574.72,05,subwp,524,1,E2.1,E2.1-R0,False,subwp,524,05,4,852771947,exito,,516.192,0,0,"[0.0, -5.94228718385768]"
715,goal_072,5,exito,16131,2574.73,05,subwp,524,1,E2.1,E2.1-R0,False,subwp,524,05,5,1171485949,exito,,516.192,0,0,"[0.0, -17.126708347949467]"
716,goal_072,6,exito,16132,2553.12,05,subwp,524,1,E2.1,E2.1-R0,False,subwp,524,05,6,3705283911,exito,,516.224,0,0,"[0.0, 2.6078561101084174]"
717,goal_072,7,col_return,10680,1524.95,05,subwp,524,1,E2.1,E2.1-R0,False,subwp,524,05,7,2883392977,col_return,return,341.76,0,0,"[0.0, 6.863838416044841]"
718,goal_072,8,exito,16124,2573.52,05,subwp,524,1,E2.1,E2.1-R0,False,subwp,524,05,8,996280384,exito,,515.968,0,0,"[0.0, 4.740931643159703]"
719,goal_072,9,exito,16132,2574.92,05,subwp,524,1,E2.1,E2.1-R0,False,subwp,524,05,9,1281702102,exito,,516.224,0,0,"[0.0, -10.889338958142854]"
720,goal_072,10,exito,16131,2574.73,05,subwp,524,1,E2.1,E2.1-R0,False,subwp,524,05,10,1409173488,exito,,516.192,0,0,"[0.0, 8.267353557312608]"
721,goal_073,1,col_return,11382,1625.7,05,subwp,524,1,E2.1,E2.1-R0,False,subwp,524,05,1,1089998525,col_return,return,364.224,0,0,"[0.0, -19.054658616820007]"
722,goal_073,2,exito,16597,2643.06,05,subwp,524,1,E2.1,E2.1-R0,False,subwp,524,05,2,3656474375,exito,,531.104,0,0,"[0.0, -26.547235167957343]"
723,goal_073,3,exito,16606,2644.34,05,subwp,524,1,E2.1,E2.1-R0,False,subwp,524,05,3,2935386001,exito,,531.392,0,0,"[0.0, -6.136766787252997]"
724,goal_073,4,col_return,11595,1655.35,05,subwp,524,1,E2.1,E2.1-R0,False,subwp,524,05,4,814938674,col_return,return,371.04,0,0,"[0.0, -29.21638556762171]"
725,goal_073,5,exito,16597,2643.04,05,subwp,524,1,E2.1,E2.1-R0,False,subwp,524,05,5,1200999076,exito,,531.104,0,0,"[0.0, 7.13327828371777]"
726,goal_073,6,exito,16606,2644.34,05,subwp,524,1,E2.1,E2.1-R0,False,subwp,524,05,6,3734805278,exito,,531.392,0,0,"[0.0, -3.0776024730361873]"
727,goal_073,7,exito,16606,2612.45,05,subwp,524,1,E2.1,E2.1-R0,False,subwp,524,05,7,2845551496,exito,,531.392,0,0,"[0.0, -3.101316354213377]"
728,goal_073,8,col_return,10881,1551.12,05,subwp,524,1,E2.1,E2.1-R0,False,subwp,524,05,8,958707225,col_return,return,348.192,0,0,"[0.0, -12.569340906499797]"
729,goal_073,9,exito,16597,2643.12,05,subwp,524,1,E2.1,E2.1-R0,False,subwp,524,05,9,1310951055,exito,,531.104,0,0,"[0.0, 8.628541425178993]"
730,goal_073,10,exito,16606,2644.36,05,subwp,524,1,E2.1,E2.1-R0,False,subwp,524,05,10,1095493662,exito,,531.392,0,0,"[0.0, -3.1142402789972823]"
731,goal_074,1,col_return,11220,1599.89,05,subwp,524,1,E2.1,E2.1-R0,False,subwp,524,05,1,1094345866,col_return,return,359.04,0,0,"[0.0, 2.896994059259741]"
732,goal_074,2,exito,16348,2606.49,05,subwp,524,1,E2.1,E2.1-R0,False,subwp,524,05,2,3627234608,exito,,523.136,0,0,"[0.0, 26.972105680242798]"
733,goal_074,3,exito,16357,2607.74,05,subwp,524,1,E2.1,E2.1-R0,False,subwp,524,05,3,2939422118,exito,,523.424,0,0,"[0.0, 14.077655993200889]"
734,goal_074,4,exito,16357,2607.71,05,subwp,524,1,E2.1,E2.1-R0,False,subwp,524,05,4,827363333,exito,,523.424,0,0,"[0.0, -28.450570015512234]"
735,goal_074,5,col_return,11082,1576.32,05,subwp,524,1,E2.1,E2.1-R0,False,subwp,524,05,5,1180147859,col_return,return,354.624,0,0,"[0.0, 4.272262069544828]"
736,goal_074,6,exito,16348,2606.48,05,subwp,524,1,E2.1,E2.1-R0,False,subwp,524,05,6,3747541289,exito,,523.136,0,0,"[0.0, -10.21803594235741]"
737,goal_074,7,exito,16357,2607.72,05,subwp,524,1,E2.1,E2.1-R0,False,subwp,524,05,7,2824454591,exito,,523.424,0,0,"[0.0, -17.313684373346547]"
738,goal_074,8,exito,16357,2607.03,05,subwp,524,1,E2.1,E2.1-R0,False,subwp,524,05,8,954653742,exito,,523.424,0,0,"[0.0, 17.64560464539911]"
739,goal_074,9,col_return,11008,1562.8,05,subwp,524,1,E2.1,E2.1-R0,False,subwp,524,05,9,1340206264,col_return,return,352.256,0,0,"[0.0, 25.010026058212677]"
740,goal_074,10,exito,16348,2606.5,05,subwp,524,1,E2.1,E2.1-R0,False,subwp,524,05,10,4193750907,exito,,523.136,0,0,"[0.0, -15.775000411688545]"
741,goal_075,1,exito,16865,2682.06,05,subwp,524,1,E2.1,E2.1-R0,False,subwp,524,05,1,1148547599,exito,,539.68,0,0,"[0.0, -16.281807285431775]"
742,goal_075,2,col_return,11650,1657.77,05,subwp,524,1,E2.1,E2.1-R0,False,subwp,524,05,2,3715900341,col_return,return,372.8,0,0,"[0.0, -9.936740987634762]"
743,goal_075,3,exito,16858,2680.71,05,subwp,524,1,E2.1,E2.1-R0,False,subwp,524,05,3,2860192547,exito,,539.456,0,0,"[0.0, 1.0456130556647913]"
744,goal_075,4,exito,16865,2681.92,05,subwp,524,1,E2.1,E2.1-R0,False,subwp,524,05,4,874481280,exito,,539.68,0,0,"[0.0, 19.63925866780753]"
745,goal_075,5,col_return,11454,1635.05,05,subwp,524,1,E2.1,E2.1-R0,False,subwp,524,05,5,1125692950,col_return,return,366.528,0,0,"[0.0, 16.42151699443819]"
746,goal_075,6,exito,16857,2680.61,05,subwp,524,1,E2.1,E2.1-R0,False,subwp,524,05,6,3658606508,exito,,539.424,0,0,"[0.0, 15.183598076162594]"
747,goal_075,7,exito,16865,2682.04,05,subwp,524,1,E2.1,E2.1-R0,False,subwp,524,05,7,2903955258,exito,,539.68,0,0,"[0.0, -25.408772126105273]"
748,goal_075,8,col_return,11368,1621.04,05,subwp,524,1,E2.1,E2.1-R0,False,subwp,524,05,8,1034537643,col_return,return,363.776,0,0,"[0.0, -24.6583416022617]"
749,goal_075,9,exito,16858,2680.7,05,subwp,524,1,E2.1,E2.1-R0,False,subwp,524,05,9,1252981309,exito,,539.456,0,0,"[0.0, -1.7100215430425347]"
750,goal_075,10,exito,16865,2681.95,05,subwp,524,1,E2.1,E2.1-R0,False,subwp,524,05,10,1679865794,exito,,539.68,0,0,"[0.0, -3.955497896943432]"
751,goal_076,1,col_return,11204,1591.5,05,subwp,524,1,E2.1,E2.1-R0,False,subwp,524,05,1,1169627192,col_return,return,358.528,0,0,"[0.0, -29.41074329484811]"
752,goal_076,2,exito,16611,2644.69,05,subwp,524,1,E2.1,E2.1-R0,False,subwp,524,05,2,3703458178,exito,,531.552,0,0,"[0.0, 29.208495772073377]"
753,goal_076,3,exito,16620,2646.04,05,subwp,524,1,E2.1,E2.1-R0,False,subwp,524,05,3,2881059092,exito,,531.84,0,0,"[0.0, -17.0489349850117]"
754,goal_076,4,col_return,11482,1636.55,05,subwp,524,1,E2.1,E2.1-R0,False,subwp,524,05,4,903736503,col_return,return,367.424,0,0,"[0.0, -10.694553599293181]"
755,goal_076,5,exito,16611,2644.68,05,subwp,524,1,E2.1,E2.1-R0,False,subwp,524,05,5,1121639457,exito,,531.552,0,0,"[0.0, -14.42658337860269]"
756,goal_076,6,exito,16620,2646.03,05,subwp,524,1,E2.1,E2.1-R0,False,subwp,524,05,6,3688074651,exito,,531.84,0,0,"[0.0, 24.600107392723288]"
757,goal_076,7,col_return,11615,1662.14,05,subwp,524,1,E2.1,E2.1-R0,False,subwp,524,05,7,2899623181,col_return,return,371.68,0,0,"[0.0, 3.858897875829135]"
758,goal_076,8,exito,16611,2644.68,05,subwp,524,1,E2.1,E2.1-R0,False,subwp,524,05,8,1013686428,exito,,531.552,0,0,"[0.0, -2.5030555173866853]"
759,goal_076,9,exito,16620,2646.03,05,subwp,524,1,E2.1,E2.1-R0,False,subwp,524,05,9,1265405962,exito,,531.84,0,0,"[0.0, 13.869769202266646]"
760,goal_076,10,exito,16620,2611.49,05,subwp,524,1,E2.1,E2.1-R0,False,subwp,524,05,10,3701264551,exito,,531.84,0,0,"[0.0, -13.22196084221524]"
761,goal_077,1,exito,17115,2719.1,05,subwp,524,1,E2.1,E2.1-R0,False,subwp,524,05,1,1207019105,exito,,547.68,0,0,"[0.0, -2.75691450111635]"
762,goal_077,2,exito,17115,2719.08,05,subwp,524,1,E2.1,E2.1-R0,False,subwp,524,05,2,3740858331,exito,,547.68,0,0,"[0.0, 14.5780176421326]"
763,goal_077,3,exito,17115,2719.07,05,subwp,524,1,E2.1,E2.1-R0,False,subwp,524,05,3,2852112205,exito,,547.68,0,0,"[0.0, 4.930375938900047]"
764,goal_077,4,col_return,11704,1673.2,05,subwp,524,1,E2.1,E2.1-R0,False,subwp,524,05,4,932926190,col_return,return,374.528,0,0,"[0.0, -10.269737232218175]"
765,goal_077,5,exito,17107,2717.89,05,subwp,524,1,E2.1,E2.1-R0,False,subwp,524,05,5,1083990648,exito,,547.424,0,0,"[0.0, 11.849290383872562]"
766,goal_077,6,exito,17115,2710.74,05,subwp,524,1,E2.1,E2.1-R0,False,subwp,524,05,6,3650433986,exito,,547.68,0,0,"[0.0, -17.779923028646575]"
767,goal_077,7,exito,17115,2592.21,05,subwp,524,1,E2.1,E2.1-R0,False,subwp,524,05,7,2928804692,exito,,547.68,0,0,"[0.0, 12.29673085017467]"
768,goal_077,8,exito,17115,2719.08,05,subwp,524,1,E2.1,E2.1-R0,False,subwp,524,05,8,1043144389,exito,,547.68,0,0,"[0.0, -13.716289026536971]"
769,goal_077,9,exito,17115,2719.06,05,subwp,524,1,E2.1,E2.1-R0,False,subwp,524,05,9,1227501139,exito,,547.68,0,0,"[0.0, 9.803754481167761]"
770,goal_077,10,col_return,11822,1689.13,05,subwp,524,1,E2.1,E2.1-R0,False,subwp,524,05,10,3458826057,col_return,return,378.304,0,0,"[0.0, 26.426863084457356]"
771,goal_078,1,exito,16856,2679.96,05,subwp,524,1,E2.1,E2.1-R0,False,subwp,524,05,1,1177799766,exito,,539.392,0,0,"[0.0, 3.5152499685747385]"
772,goal_078,2,exito,16866,2681.27,05,subwp,524,1,E2.1,E2.1-R0,False,subwp,524,05,2,3745160684,exito,,539.712,0,0,"[0.0, 27.73931838883582]"
773,goal_078,3,col_return,11425,1626.23,05,subwp,524,1,E2.1,E2.1-R0,False,subwp,524,05,3,2822614394,col_return,return,365.6,0,0,"[0.0, -14.317343617646646]"
774,goal_078,4,exito,16856,2679.96,05,subwp,524,1,E2.1,E2.1-R0,False,subwp,524,05,4,911816921,exito,,539.392,0,0,"[0.0, 10.915081231552655]"
775,goal_078,5,exito,16866,2681.26,05,subwp,524,1,E2.1,E2.1-R0,False,subwp,524,05,5,1096681551,exito,,539.712,0,0,"[0.0, 29.504904455070587]"
776,goal_078,6,col_return,11341,1618.02,05,subwp,524,1,E2.1,E2.1-R0,False,subwp,524,05,6,3629603317,col_return,return,362.912,0,0,"[0.0, -27.07980587580892]"
777,goal_078,7,exito,16856,2679.96,05,subwp,524,1,E2.1,E2.1-R0,False,subwp,524,05,7,2941282659,exito,,539.392,0,0,"[0.0, 2.6119942990810685]"
778,goal_078,8,exito,16866,2681.26,05,subwp,524,1,E2.1,E2.1-R0,False,subwp,524,05,8,1072657650,exito,,539.712,0,0,"[0.0, 13.7696910110512]"
779,goal_078,9,col_return,11311,1615.45,05,subwp,524,1,E2.1,E2.1-R0,False,subwp,524,05,9,1223181412,col_return,return,361.952,0,0,"[0.0, -11.4933053145268]"
780,goal_078,10,exito,16856,2679.97,05,subwp,524,1,E2.1,E2.1-R0,False,subwp,524,05,10,1989482540,exito,,539.392,0,0,"[0.0, 8.96277000399665]"
781,goal_079,1,exito,17326,2732.92,05,subwp,524,1,E2.1,E2.1-R0,False,subwp,524,05,1,1299155819,exito,,554.432,0,0,"[0.0, -6.194968045794276]"
782,goal_079,2,exito,17327,2750.98,05,subwp,524,1,E2.1,E2.1-R0,False,subwp,524,05,2,3563510481,exito,,554.464,0,0,"[0.0, 20.12245144808477]"
783,goal_079,3,exito,17327,2750.94,05,subwp,524,1,E2.1,E2.1-R0,False,subwp,524,05,3,2741103175,exito,,554.464,0,0,"[0.0, 6.604794547985278]"
784,goal_079,4,exito,17327,2750.98,05,subwp,524,1,E2.1,E2.1-R0,False,subwp,524,05,4,1023770596,exito,,554.464,0,0,"[0.0, -27.70102540669231]"
785,goal_079,5,col_return,11556,1649.85,05,subwp,524,1,E2.1,E2.1-R0,False,subwp,524,05,5,1241665394,col_return,return,369.792,0,0,"[0.0, 10.454701568340576]"
786,goal_079,6,exito,17317,2749.54,05,subwp,524,1,E2.1,E2.1-R0,False,subwp,524,05,6,3540721352,exito,,554.144,0,0,"[0.0, 4.139427540428857]"
787,goal_079,7,col_return,12115,1734.19,05,subwp,524,1,E2.1,E2.1-R0,False,subwp,524,05,7,2752261726,col_return,return,387.68,0,0,"[0.0, 7.021503419801885]"
788,goal_079,8,exito,17317,2749.59,05,subwp,524,1,E2.1,E2.1-R0,False,subwp,524,05,8,884159439,exito,,554.144,0,0,"[0.0, -25.293663465435717]"
789,goal_079,9,exito,17327,2715.91,05,subwp,524,1,E2.1,E2.1-R0,False,subwp,524,05,9,1135870809,exito,,554.464,0,0,"[0.0, -5.3088071285844896]"
790,goal_079,10,exito,17327,2750.99,05,subwp,524,1,E2.1,E2.1-R0,False,subwp,524,05,10,787875962,exito,,554.464,0,0,"[0.0, 8.741536882181595]"
791,goal_080,1,exito,17083,2711.73,05,subwp,524,1,E2.1,E2.1-R0,False,subwp,524,05,1,1286463836,exito,,546.656,0,0,"[0.0, 12.837321702377302]"
792,goal_080,2,exito,17083,2711.74,05,subwp,524,1,E2.1,E2.1-R0,False,subwp,524,05,2,3584340198,exito,,546.656,0,0,"[0.0, 26.367063853378085]"
793,goal_080,3,col_return,11620,1655.91,05,subwp,524,1,E2.1,E2.1-R0,False,subwp,524,05,3,2728624240,col_return,return,371.84,0,0,"[0.0, -11.233629023137679]"
794,goal_080,4,exito,17073,2710.56,05,subwp,524,1,E2.1,E2.1-R0,False,subwp,524,05,4,1019680211,exito,,546.336,0,0,"[0.0, 22.853530112274232]"
795,goal_080,5,exito,17083,2703.19,05,subwp,524,1,E2.1,E2.1-R0,False,subwp,524,05,5,1270883653,exito,,546.656,0,0,"[0.0, 29.356227162625913]"
796,goal_080,6,exito,17093,2494.61,05,subwp,524,1,E2.1,E2.1-R0,False,subwp,524,05,6,3536418047,exito,,546.976,0,0,"[0.0, -19.336573925415482]"
797,goal_080,7,exito,17083,2711.74,05,subwp,524,1,E2.1,E2.1-R0,False,subwp,524,05,7,2781758569,exito,,546.656,0,0,"[0.0, 2.3445109330668834]"
798,goal_080,8,exito,17083,2711.72,05,subwp,524,1,E2.1,E2.1-R0,False,subwp,524,05,8,896621048,exito,,546.656,0,0,"[0.0, 17.699199522955958]"
799,goal_080,9,col_return,11845,1689.28,05,subwp,524,1,E2.1,E2.1-R0,False,subwp,524,05,9,1115056494,col_return,return,379.04,0,0,"[0.0, 17.43990899622611]"
800,goal_080,10,exito,17073,2710.56,05,subwp,524,1,E2.1,E2.1-R0,False,subwp,524,05,10,2521460511,exito,,546.336,0,0,"[0.0, -18.540734414334104]"
801,goal_081,1,exito,17575,2747.5,05,subwp,524,1,E2.1,E2.1-R0,False,subwp,524,05,1,455068293,exito,,562.4,0,0,"[0.0, 27.797946273871702]"
802,goal_081,2,exito,17575,2787.32,05,subwp,524,1,E2.1,E2.1-R0,False,subwp,524,05,2,2182519615,exito,,562.4,0,0,"[0.0, 13.78745502567025]"
803,goal_081,3,exito,17575,2787.32,05,subwp,524,1,E2.1,E2.1-R0,False,subwp,524,05,3,4111575977,exito,,562.4,0,0,"[0.0, 28.065374612126387]"
804,goal_081,4,col_return,12522,1788.4,05,subwp,524,1,E2.1,E2.1-R0,False,subwp,524,05,4,1802845706,col_return,return,400.704,0,0,"[0.0, 24.751011705913545]"
805,goal_081,5,exito,17565,2785.97,05,subwp,524,1,E2.1,E2.1-R0,False,subwp,524,05,5,477236892,exito,,562.08,0,0,"[0.0, -27.451788949668384]"
806,goal_081,6,col_return,12473,1786.83,05,subwp,524,1,E2.1,E2.1-R0,False,subwp,524,05,6,2239455014,col_return,return,399.136,0,0,"[0.0, -23.14052862899765]"
807,goal_081,7,exito,17565,2785.89,05,subwp,524,1,E2.1,E2.1-R0,False,subwp,524,05,7,4068241328,exito,,562.08,0,0,"[0.0, -25.754719291071986]"
808,goal_081,8,col_return,12456,1781.6,05,subwp,524,1,E2.1,E2.1-R0,False,subwp,524,05,8,1656975905,col_return,return,398.592,0,0,"[0.0, 14.162366852009749]"
809,goal_081,9,exito,17565,2785.96,05,subwp,524,1,E2.1,E2.1-R0,False,subwp,524,05,9,365183671,exito,,562.08,0,0,"[0.0, 29.521853286710204]"
810,goal_081,10,col_return,12448,1775.19,05,subwp,524,1,E2.1,E2.1-R0,False,subwp,524,05,10,1762834244,col_return,return,398.336,0,0,"[0.0, 20.414365187064497]"
811,goal_082,1,exito,17323,2745.91,05,subwp,524,1,E2.1,E2.1-R0,False,subwp,524,05,1,450732210,exito,,554.336,0,0,"[0.0, 19.33089107219278]"
812,goal_082,2,exito,17333,2720.03,05,subwp,524,1,E2.1,E2.1-R0,False,subwp,524,05,2,2211770632,exito,,554.656,0,0,"[0.0, 7.612140468037849]"
813,goal_082,3,exito,17333,2747.08,05,subwp,524,1,E2.1,E2.1-R0,False,subwp,524,05,3,4107518366,exito,,554.656,0,0,"[0.0, -28.946548747260035]"
814,goal_082,4,exito,17333,2747.06,05,subwp,524,1,E2.1,E2.1-R0,False,subwp,524,05,4,1790399549,exito,,554.656,0,0,"[0.0, 29.386337336619093]"
815,goal_082,5,exito,17333,2746.78,05,subwp,524,1,E2.1,E2.1-R0,False,subwp,524,05,5,498099371,exito,,554.656,0,0,"[0.0, -18.88279967965971]"
816,goal_082,6,col_return,11519,1636.81,05,subwp,524,1,E2.1,E2.1-R0,False,subwp,524,05,6,2226730257,col_return,return,368.608,0,0,"[0.0, 10.950034965801594]"
817,goal_082,7,exito,17324,2746.09,05,subwp,524,1,E2.1,E2.1-R0,False,subwp,524,05,7,4089316743,exito,,554.368,0,0,"[0.0, -17.910911606199587]"
818,goal_082,8,col_return,12101,1719.03,05,subwp,524,1,E2.1,E2.1-R0,False,subwp,524,05,8,1661016086,col_return,return,387.232,0,0,"[0.0, -15.845687813901714]"
819,goal_082,9,exito,17323,2745.91,05,subwp,524,1,E2.1,E2.1-R0,False,subwp,524,05,9,335947904,exito,,554.336,0,0,"[0.0, -22.615314991947347]"
820,goal_082,10,col_return,12393,1762.79,05,subwp,524,1,E2.1,E2.1-R0,False,subwp,524,05,10,3517894689,col_return,return,396.576,0,0,"[0.0, 16.943098026459197]"
821,goal_083,1,exito,17797,2817.76,05,subwp,524,1,E2.1,E2.1-R0,False,subwp,524,05,1,412819179,exito,,569.504,0,0,"[0.0, 23.973015822318366]"
822,goal_083,2,col_return,12514,1792.75,05,subwp,524,1,E2.1,E2.1-R0,False,subwp,524,05,2,2173849425,col_return,return,400.448,0,0,"[0.0, -5.824348220229975]"
823,goal_083,3,exito,17798,2817.93,05,subwp,524,1,E2.1,E2.1-R0,False,subwp,524,05,3,4136992711,exito,,569.536,0,0,"[0.0, 22.27598204417831]"
824,goal_083,4,col_return,12372,1760.25,05,subwp,524,1,E2.1,E2.1-R0,False,subwp,524,05,4,1760684644,col_return,return,395.904,0,0,"[0.0, 19.720262251275816]"
825,goal_083,5,exito,17797,2817.74,05,subwp,524,1,E2.1,E2.1-R0,False,subwp,524,05,5,536271602,exito,,569.504,0,0,"[0.0, -24.412629536837777]"
826,goal_083,6,col_return,12282,1751.65,05,subwp,524,1,E2.1,E2.1-R0,False,subwp,524,05,6,2264894280,col_return,return,393.024,0,0,"[0.0, -27.08740924590354]"
827,goal_083,7,exito,17797,2817.75,05,subwp,524,1,E2.1,E2.1-R0,False,subwp,524,05,7,4059610078,exito,,569.504,0,0,"[0.0, -8.561733623275313]"
828,goal_083,8,col_return,12239,1748.82,05,subwp,524,1,E2.1,E2.1-R0,False,subwp,524,05,8,1632085583,col_return,return,391.648,0,0,"[0.0, -9.672974148538522]"
829,goal_083,9,exito,17797,2817.74,05,subwp,524,1,E2.1,E2.1-R0,False,subwp,524,05,9,373331673,exito,,569.504,0,0,"[0.0, -27.666267102353185]"
830,goal_083,10,col_return,12221,1744.71,05,subwp,524,1,E2.1,E2.1-R0,False,subwp,524,05,10,3273359311,col_return,return,391.072,0,0,"[0.0, -4.291800978362956]"
831,goal_084,1,exito,17544,2777.07,05,subwp,524,1,E2.1,E2.1-R0,False,subwp,524,05,1,425293020,exito,,561.408,0,0,"[0.0, 27.833885996010697]"
832,goal_084,2,col_return,12216,1734.9,05,subwp,524,1,E2.1,E2.1-R0,False,subwp,524,05,2,2152736102,col_return,return,390.912,0,0,"[0.0, 2.3598941245854044]"
833,goal_084,3,exito,17544,2777.07,05,subwp,524,1,E2.1,E2.1-R0,False,subwp,524,05,3,4149679600,exito,,561.408,0,0,"[0.0, -27.224156601497842]"
834,goal_084,4,col_return,12328,1758.16,05,subwp,524,1,E2.1,E2.1-R0,False,subwp,524,05,4,1764982867,col_return,return,394.496,0,0,"[0.0, 17.243471644983874]"
835,goal_084,5,exito,17545,2777.25,05,subwp,524,1,E2.1,E2.1-R0,False,subwp,524,05,5,506769605,exito,,561.44,0,0,"[0.0, 16.616164722950142]"
836,goal_084,6,col_return,12385,1767.02,05,subwp,524,1,E2.1,E2.1-R0,False,subwp,524,05,6,2268979583,col_return,return,396.32,0,0,"[0.0, -20.70454035437798]"
837,goal_084,7,exito,17544,2777.06,05,subwp,524,1,E2.1,E2.1-R0,False,subwp,524,05,7,4030386665,exito,,561.408,0,0,"[0.0, -27.6347755303119]"
838,goal_084,8,col_return,12423,1773.18,05,subwp,524,1,E2.1,E2.1-R0,False,subwp,524,05,8,1619381368,col_return,return,397.536,0,0,"[0.0, 12.045102177859992]"
839,goal_084,9,exito,17544,2777.07,05,subwp,524,1,E2.1,E2.1-R0,False,subwp,524,05,9,394460398,exito,,561.408,0,0,"[0.0, 26.07378997477225]"
840,goal_084,10,col_return,12435,1776.83,05,subwp,524,1,E2.1,E2.1-R0,False,subwp,524,05,10,2074548394,col_return,return,397.92,0,0,"[0.0, -4.812251171175381]"
841,goal_085,1,exito,16624,2622.39,05,subwp,524,1,E2.1,E2.1-R0,False,subwp,524,05,1,471229017,exito,,531.968,0,0,"[0.0, -26.790092710222645]"
842,goal_085,2,exito,16636,2622.01,05,subwp,524,1,E2.1,E2.1-R0,False,subwp,524,05,2,2233414627,exito,,532.352,0,0,"[0.0, 22.10304540678314]"
843,goal_085,3,col_return,11640,1630.7,05,subwp,524,1,E2.1,E2.1-R0,False,subwp,524,05,3,4061660021,col_return,return,372.48,0,0,"[0.0, -25.580649113699298]"
844,goal_085,4,exito,16624,2622.42,05,subwp,524,1,E2.1,E2.1-R0,False,subwp,524,05,4,1820104406,exito,,531.968,0,0,"[0.0, 21.681918942008956]"
845,goal_085,5,exito,16636,2621.99,05,subwp,524,1,E2.1,E2.1-R0,False,subwp,524,05,5,461088320,exito,,532.352,0,0,"[0.0, -8.00388002848425]"
846,goal_085,6,col_return,11711,1629.69,05,subwp,524,1,E2.1,E2.1-R0,False,subwp,524,05,6,2188572666,col_return,return,374.752,0,0,"[0.0, -0.07028106214392427]"
847,goal_085,7,exito,16624,2622.38,05,subwp,524,1,E2.1,E2.1-R0,False,subwp,524,05,7,4118136684,exito,,531.968,0,0,"[0.0, 29.11378254564175]"
848,goal_085,8,exito,16636,2622.0,05,subwp,524,1,E2.1,E2.1-R0,False,subwp,524,05,8,1707793149,exito,,532.352,0,0,"[0.0, -18.824949390641383]"
849,goal_085,9,exito,16636,2582.82,05,subwp,524,1,E2.1,E2.1-R0,False,subwp,524,05,9,315484779,exito,,532.352,0,0,"[0.0, -27.384793259260768]"
850,goal_085,10,col_return,10869,1525.2,05,subwp,524,1,E2.1,E2.1-R0,False,subwp,524,05,10,3866107923,col_return,return,347.808,0,0,"[0.0, 17.972897114879295]"
851,goal_086,1,exito,16621,2622.76,05,subwp,524,1,E2.1,E2.1-R0,False,subwp,524,05,1,500435054,exito,,531.872,0,0,"[0.0, 5.647451642160868]"
852,goal_086,2,exito,16631,2622.97,05,subwp,524,1,E2.1,E2.1-R0,False,subwp,524,05,2,2229098964,exito,,532.192,0,0,"[0.0, 29.233044010233414]"
853,goal_086,3,col_return,11315,1587.58,05,subwp,524,1,E2.1,E2.1-R0,False,subwp,524,05,3,4091177282,col_return,return,362.08,0,0,"[0.0, 25.83488300798728]"
854,goal_086,4,exito,16621,2622.72,05,subwp,524,1,E2.1,E2.1-R0,False,subwp,524,05,4,1841233121,exito,,531.872,0,0,"[0.0, 2.252732562971469]"
855,goal_086,5,exito,16631,2623.0,05,subwp,524,1,E2.1,E2.1-R0,False,subwp,524,05,5,448384119,exito,,532.192,0,0,"[0.0, -1.8787216674057938]"
856,goal_086,6,col_return,11529,1621.31,05,subwp,524,1,E2.1,E2.1-R0,False,subwp,524,05,6,2209390029,col_return,return,368.928,0,0,"[0.0, 8.281465938435502]"
857,goal_086,7,exito,16621,2622.71,05,subwp,524,1,E2.1,E2.1-R0,False,subwp,524,05,7,4105678171,exito,,531.872,0,0,"[0.0, 11.672761017649531]"
858,goal_086,8,exito,16631,2622.96,05,subwp,524,1,E2.1,E2.1-R0,False,subwp,524,05,8,1678291146,exito,,532.192,0,0,"[0.0, 1.7391787741083453]"
859,goal_086,9,col_return,11634,1638.8,05,subwp,524,1,E2.1,E2.1-R0,False,subwp,524,05,9,319783004,col_return,return,372.288,0,0,"[0.0, 25.938900967510225]"
860,goal_086,10,exito,16621,2622.74,05,subwp,524,1,E2.1,E2.1-R0,False,subwp,524,05,10,1590445942,exito,,531.872,0,0,"[0.0, -7.536993883710748]"
861,goal_087,1,exito,16556,2611.5,05,subwp,524,1,E2.1,E2.1-R0,False,subwp,524,05,1,529708599,exito,,529.792,0,0,"[0.0, 12.075891696387131]"
862,goal_087,2,exito,16557,2593.14,05,subwp,524,1,E2.1,E2.1-R0,False,subwp,524,05,2,2258364301,exito,,529.824,0,0,"[0.0, 23.422592355051734]"
863,goal_087,3,col_return,10915,1529.68,05,subwp,524,1,E2.1,E2.1-R0,False,subwp,524,05,3,4053587739,col_return,return,349.28,0,0,"[0.0, 22.611068444183203]"
864,goal_087,4,exito,16547,2611.99,05,subwp,524,1,E2.1,E2.1-R0,False,subwp,524,05,4,1878540984,exito,,529.504,0,0,"[0.0, 7.215573111432576]"
865,goal_087,5,exito,16555,2611.43,05,subwp,524,1,E2.1,E2.1-R0,False,subwp,524,05,5,419394094,exito,,529.76,0,0,"[0.0, 12.798347245531804]"
866,goal_087,6,col_return,11401,1600.08,05,subwp,524,1,E2.1,E2.1-R0,False,subwp,524,05,6,2180391828,col_return,return,364.832,0,0,"[0.0, -19.337428969499857]"
867,goal_087,7,exito,16547,2611.99,05,subwp,524,1,E2.1,E2.1-R0,False,subwp,524,05,7,4142994178,exito,,529.504,0,0,"[0.0, 24.324376118827303]"
868,goal_087,8,exito,16555,2611.42,05,subwp,524,1,E2.1,E2.1-R0,False,subwp,524,05,8,1716391571,exito,,529.76,0,0,"[0.0, -28.524774947926048]"
869,goal_087,9,exito,16557,2581.22,05,subwp,524,1,E2.1,E2.1-R0,False,subwp,524,05,9,290012677,exito,,529.824,0,0,"[0.0, 16.888151074608434]"
870,goal_087,10,col_return,10872,1521.81,05,subwp,524,1,E2.1,E2.1-R0,False,subwp,524,05,10,1283057816,col_return,return,347.904,0,0,"[0.0, 24.880529994033466]"
871,goal_088,1,exito,16502,2604.1,05,subwp,524,1,E2.1,E2.1-R0,False,subwp,524,05,1,508615680,exito,,528.064,0,0,"[0.0, 5.4204908997455625]"
872,goal_088,2,exito,16512,2604.29,05,subwp,524,1,E2.1,E2.1-R0,False,subwp,524,05,2,2270793146,exito,,528.384,0,0,"[0.0, 28.14941025850918]"
873,goal_088,3,col_return,11397,1603.48,05,subwp,524,1,E2.1,E2.1-R0,False,subwp,524,05,3,4032740652,col_return,return,364.704,0,0,"[0.0, -21.489051688800483]"
874,goal_088,4,exito,16502,2604.1,05,subwp,524,1,E2.1,E2.1-R0,False,subwp,524,05,4,1849305231,exito,,528.064,0,0,"[0.0, 3.8991655887026466]"
875,goal_088,5,exito,16511,2604.51,05,subwp,524,1,E2.1,E2.1-R0,False,subwp,524,05,5,423434265,exito,,528.352,0,0,"[0.0, -22.882487977167365]"
876,goal_088,6,exito,16512,2595.6,05,subwp,524,1,E2.1,E2.1-R0,False,subwp,524,05,6,2150910371,exito,,528.384,0,0,"[0.0, -13.818533072289235]"
877,goal_088,7,col_return,10941,1533.02,05,subwp,524,1,E2.1,E2.1-R0,False,subwp,524,05,7,4147345717,col_return,return,350.112,0,0,"[0.0, 1.5039366006582777]"
878,goal_088,8,exito,16501,2603.85,05,subwp,524,1,E2.1,E2.1-R0,False,subwp,524,05,8,1737254052,exito,,528.032,0,0,"[0.0, 17.31847487355814]"
879,goal_088,9,exito,16512,2604.34,05,subwp,524,1,E2.1,E2.1-R0,False,subwp,524,05,9,277566514,exito,,528.384,0,0,"[0.0, 0.40606023737906005]"
880,goal_088,10,col_return,11455,1610.53,05,subwp,524,1,E2.1,E2.1-R0,False,subwp,524,05,10,4106588157,col_return,return,366.56,0,0,"[0.0, 18.362804877608905]"
881,goal_089,1,exito,16290,2572.49,05,subwp,524,1,E2.1,E2.1-R0,False,subwp,524,05,1,353147709,exito,,521.28,0,0,"[0.0, 2.350654371510552]"
882,goal_089,2,exito,16301,2572.96,05,subwp,524,1,E2.1,E2.1-R0,False,subwp,524,05,2,2349189767,exito,,521.632,0,0,"[0.0, -22.877286818625016]"
883,goal_089,3,exito,16302,2572.65,05,subwp,524,1,E2.1,E2.1-R0,False,subwp,524,05,3,4211276305,exito,,521.664,0,0,"[0.0, 15.137017585576679]"
884,goal_089,4,col_return,11187,1563.02,05,subwp,524,1,E2.1,E2.1-R0,False,subwp,524,05,4,1701212082,col_return,return,357.984,0,0,"[0.0, 11.102004904311187]"
885,goal_089,5,exito,16292,2572.5,05,subwp,524,1,E2.1,E2.1-R0,False,subwp,524,05,5,308371236,exito,,521.344,0,0,"[0.0, 1.3485137115744639]"
886,goal_089,6,exito,16301,2572.98,05,subwp,524,1,E2.1,E2.1-R0,False,subwp,524,05,6,2338852510,exito,,521.632,0,0,"[0.0, -14.707594077517532]"
887,goal_089,7,exito,16302,2572.66,05,subwp,524,1,E2.1,E2.1-R0,False,subwp,524,05,7,4235148808,exito,,521.664,0,0,"[0.0, 17.81706501248769]"
888,goal_089,8,col_return,11134,1565.18,05,subwp,524,1,E2.1,E2.1-R0,False,subwp,524,05,8,1825579929,col_return,return,356.288,0,0,"[0.0, 25.797453393015314]"
889,goal_089,9,exito,16290,2572.37,05,subwp,524,1,E2.1,E2.1-R0,False,subwp,524,05,9,467079951,exito,,521.28,0,0,"[0.0, 16.558417767123245]"
890,goal_089,10,exito,16301,2572.98,05,subwp,524,1,E2.1,E2.1-R0,False,subwp,524,05,10,2896601003,exito,,521.632,0,0,"[0.0, 6.557176507962284]"
891,goal_090,1,exito,16258,2567.98,05,subwp,524,1,E2.1,E2.1-R0,False,subwp,524,05,1,349106442,exito,,520.256,0,0,"[0.0, 10.308497930315557]"
892,goal_090,2,col_return,11131,1555.3,05,subwp,524,1,E2.1,E2.1-R0,False,subwp,524,05,2,2378670256,col_return,return,356.192,0,0,"[0.0, -15.368355826265546]"
893,goal_090,3,exito,16250,2568.85,05,subwp,524,1,E2.1,E2.1-R0,False,subwp,524,05,3,4206923814,exito,,520.0,0,0,"[0.0, 16.602330986848884]"
894,goal_090,4,exito,16258,2567.94,05,subwp,524,1,E2.1,E2.1-R0,False,subwp,524,05,4,1688470917,exito,,520.256,0,0,"[0.0, -18.507379568472654]"
895,goal_090,5,exito,16258,2567.99,05,subwp,524,1,E2.1,E2.1-R0,False,subwp,524,05,5,329463059,exito,,520.256,0,0,"[0.0, -27.52841106764172]"
896,goal_090,6,col_return,11179,1564.29,05,subwp,524,1,E2.1,E2.1-R0,False,subwp,524,05,6,2326422697,col_return,return,357.728,0,0,"[0.0, 1.0953950133387247]"
897,goal_090,7,exito,16250,2568.99,05,subwp,524,1,E2.1,E2.1-R0,False,subwp,524,05,7,4255994943,exito,,520.0,0,0,"[0.0, 26.725624164327257]"
898,goal_090,8,exito,16258,2567.91,05,subwp,524,1,E2.1,E2.1-R0,False,subwp,524,05,8,1829915054,exito,,520.256,0,0,"[0.0, 18.2029787557047]"
899,goal_090,9,exito,16258,2567.93,05,subwp,524,1,E2.1,E2.1-R0,False,subwp,524,05,9,437614904,exito,,520.256,0,0,"[0.0, -23.209255858418114]"
900,goal_090,10,col_return,11197,1571.0,05,subwp,524,1,E2.1,E2.1-R0,False,subwp,524,05,10,337311950,col_return,return,358.304,0,0,"[0.0, 15.474689963992287]"
901,goal_091,1,exito,16039,2536.17,05,subwp,524,1,E2.1,E2.1-R0,False,subwp,524,05,1,2745413088,exito,,513.248,0,0,"[0.0, 0.5877462856294358]"
902,goal_091,2,exito,16049,2536.26,05,subwp,524,1,E2.1,E2.1-R0,False,subwp,524,05,2,984284250,exito,,513.568,0,0,"[0.0, 20.632069836036948]"
903,goal_091,3,exito,16049,2536.27,05,subwp,524,1,E2.1,E2.1-R0,False,subwp,524,05,3,1303235788,exito,,513.568,0,0,"[0.0, 17.090077791880034]"
904,goal_091,4,exito,16049,2536.27,05,subwp,524,1,E2.1,E2.1-R0,False,subwp,524,05,4,3553188207,exito,,513.568,0,0,"[0.0, -2.9660637551442104]"
905,goal_091,5,col_return,10893,1527.2,05,subwp,524,1,E2.1,E2.1-R0,False,subwp,524,05,5,2764990969,col_return,return,348.576,0,0,"[0.0, -11.106311260435948]"
906,goal_091,6,exito,16039,2536.18,05,subwp,524,1,E2.1,E2.1-R0,False,subwp,524,05,6,1036466243,exito,,513.248,0,0,"[0.0, -11.783854013668725]"
907,goal_091,7,exito,16049,2536.26,05,subwp,524,1,E2.1,E2.1-R0,False,subwp,524,05,7,1254099157,exito,,513.568,0,0,"[0.0, -14.233275142173623]"
908,goal_091,8,exito,16049,2536.27,05,subwp,524,1,E2.1,E2.1-R0,False,subwp,524,05,8,3665761604,exito,,513.568,0,0,"[0.0, -20.75816352188655]"
909,goal_091,9,exito,16049,2535.7,05,subwp,524,1,E2.1,E2.1-R0,False,subwp,524,05,9,2910332370,exito,,513.568,0,0,"[0.0, -14.011245019876476]"
910,goal_091,10,col_return,10862,1518.63,05,subwp,524,1,E2.1,E2.1-R0,False,subwp,524,05,10,1416797940,col_return,return,347.584,0,0,"[0.0, 10.465504929205814]"
911,goal_092,1,exito,15987,2534.82,05,subwp,524,1,E2.1,E2.1-R0,False,subwp,524,05,1,2724317143,exito,,511.584,0,0,"[0.0, 22.332789133599558]"
912,goal_092,2,exito,16011,2533.63,05,subwp,524,1,E2.1,E2.1-R0,False,subwp,524,05,2,996709997,exito,,512.352,0,0,"[0.0, 11.63078983872662]"
913,goal_092,3,exito,16011,2533.69,05,subwp,524,1,E2.1,E2.1-R0,False,subwp,524,05,3,1282385659,exito,,512.352,0,0,"[0.0, 18.7506743313927]"
914,goal_092,4,exito,16011,2533.65,05,subwp,524,1,E2.1,E2.1-R0,False,subwp,524,05,4,3523949400,exito,,512.352,0,0,"[0.0, 3.411199504982425]"
915,goal_092,5,col_return,10894,1530.45,05,subwp,524,1,E2.1,E2.1-R0,False,subwp,524,05,5,2769028046,col_return,return,348.608,0,0,"[0.0, -7.392931907204736]"
916,goal_092,6,exito,16001,2533.45,05,subwp,524,1,E2.1,E2.1-R0,False,subwp,524,05,6,1006981748,exito,,512.032,0,0,"[0.0, -18.948709925249453]"
917,goal_092,7,exito,16011,2533.66,05,subwp,524,1,E2.1,E2.1-R0,False,subwp,524,05,7,1258447586,exito,,512.352,0,0,"[0.0, 11.449281699017536]"
918,goal_092,8,exito,16011,2533.52,05,subwp,524,1,E2.1,E2.1-R0,False,subwp,524,05,8,3686629235,exito,,512.352,0,0,"[0.0, 23.92655240219072]"
919,goal_092,9,exito,16011,2533.63,05,subwp,524,1,E2.1,E2.1-R0,False,subwp,524,05,9,2897891301,exito,,512.352,0,0,"[0.0, -1.2200405579733453]"
920,goal_092,10,col_return,10927,1536.72,05,subwp,524,1,E2.1,E2.1-R0,False,subwp,524,05,10,3972987281,col_return,return,349.664,0,0,"[0.0, 10.14670232055275]"
921,goal_093,1,exito,15805,2501.85,05,subwp,524,1,E2.1,E2.1-R0,False,subwp,524,05,1,2686941582,exito,,505.76,0,0,"[0.0, 6.528342937364753]"
922,goal_093,2,exito,15815,2502.13,05,subwp,524,1,E2.1,E2.1-R0,False,subwp,524,05,2,959326260,exito,,506.08,0,0,"[0.0, -26.381272985655]"
923,goal_093,3,exito,15815,2502.21,05,subwp,524,1,E2.1,E2.1-R0,False,subwp,524,05,3,1311316130,exito,,506.08,0,0,"[0.0, -29.76740283872652]"
924,goal_093,4,exito,15815,2502.15,05,subwp,524,1,E2.1,E2.1-R0,False,subwp,524,05,4,3494743297,exito,,506.08,0,0,"[0.0, 22.576726511403777]"
925,goal_093,5,exito,15815,2502.19,05,subwp,524,1,E2.1,E2.1-R0,False,subwp,524,05,5,2806693271,exito,,506.08,0,0,"[0.0, 12.325299479190255]"
926,goal_093,6,col_return,10838,1513.81,05,subwp,524,1,E2.1,E2.1-R0,False,subwp,524,05,6,1044638765,col_return,return,346.816,0,0,"[0.0, 1.9884910218354523]"
927,goal_093,7,exito,15805,2502.06,05,subwp,524,1,E2.1,E2.1-R0,False,subwp,524,05,7,1229249723,exito,,505.76,0,0,"[0.0, 29.34474238262217]"
928,goal_093,8,exito,15815,2502.17,05,subwp,524,1,E2.1,E2.1-R0,False,subwp,524,05,8,3657154858,exito,,506.08,0,0,"[0.0, 4.225739600695421]"
929,goal_093,9,exito,15815,2502.18,05,subwp,524,1,E2.1,E2.1-R0,False,subwp,524,05,9,2935812540,exito,,506.08,0,0,"[0.0, -13.416664061936087]"
930,goal_093,10,exito,15815,2502.14,05,subwp,524,1,E2.1,E2.1-R0,False,subwp,524,05,10,4269495935,exito,,506.08,0,0,"[0.0, 16.65824624736106]"
931,goal_094,1,exito,15773,2505.45,05,subwp,524,1,E2.1,E2.1-R0,False,subwp,524,05,1,2716144569,exito,,504.736,0,0,"[0.0, 20.706774496400236]"
932,goal_094,2,exito,15773,2479.04,05,subwp,524,1,E2.1,E2.1-R0,False,subwp,524,05,2,955007491,exito,,504.736,0,0,"[0.0, 19.92401812930491]"
933,goal_094,3,col_return,10487,1478.55,05,subwp,524,1,E2.1,E2.1-R0,False,subwp,524,05,3,1340830357,col_return,return,335.584,0,0,"[0.0, -3.0855379448687503]"
934,goal_094,4,exito,15763,2505.16,05,subwp,524,1,E2.1,E2.1-R0,False,subwp,524,05,4,3515868982,exito,,504.416,0,0,"[0.0, -11.199584831704676]"
935,goal_094,5,exito,15773,2505.31,05,subwp,524,1,E2.1,E2.1-R0,False,subwp,524,05,5,2793985952,exito,,504.736,0,0,"[0.0, -3.4291465054082138]"
936,goal_094,6,exito,15773,2505.49,05,subwp,524,1,E2.1,E2.1-R0,False,subwp,524,05,6,1065453082,exito,,504.736,0,0,"[0.0, 17.0858084563907]"
937,goal_094,7,exito,15773,2505.44,05,subwp,524,1,E2.1,E2.1-R0,False,subwp,524,05,7,1216788108,exito,,504.736,0,0,"[0.0, -29.676846841170658]"
938,goal_094,8,exito,15773,2505.47,05,subwp,524,1,E2.1,E2.1-R0,False,subwp,524,05,8,3627658013,exito,,504.736,0,0,"[0.0, -5.686550194077977]"
939,goal_094,9,col_return,10847,1510.2,05,subwp,524,1,E2.1,E2.1-R0,False,subwp,524,05,9,2940115851,col_return,return,347.104,0,0,"[0.0, 8.73928004202452]"
940,goal_094,10,exito,15772,2503.16,05,subwp,524,1,E2.1,E2.1-R0,False,subwp,524,05,10,1187459354,exito,,504.704,0,0,"[0.0, 25.07218455186247]"
941,goal_095,1,exito,15565,2467.16,05,subwp,524,1,E2.1,E2.1-R0,False,subwp,524,05,1,2762605884,exito,,498.08,0,0,"[0.0, -1.448938941505733]"
942,goal_095,2,exito,15565,2467.18,05,subwp,524,1,E2.1,E2.1-R0,False,subwp,524,05,2,1034114182,exito,,498.08,0,0,"[0.0, -22.875759202397234]"
943,goal_095,3,exito,15565,2467.2,05,subwp,524,1,E2.1,E2.1-R0,False,subwp,524,05,3,1252287504,exito,,498.08,0,0,"[0.0, -3.0281991478288806]"
944,goal_095,4,exito,15565,2467.13,05,subwp,524,1,E2.1,E2.1-R0,False,subwp,524,05,4,3569414579,exito,,498.08,0,0,"[0.0, 9.015633071989104]"
945,goal_095,5,exito,15565,2467.2,05,subwp,524,1,E2.1,E2.1-R0,False,subwp,524,05,5,2747777317,exito,,498.08,0,0,"[0.0, -29.041862096363516]"
946,goal_095,6,exito,15565,2467.15,05,subwp,524,1,E2.1,E2.1-R0,False,subwp,524,05,6,986615967,exito,,498.08,0,0,"[0.0, -23.039773124586663]"
947,goal_095,7,exito,15565,2450.11,05,subwp,524,1,E2.1,E2.1-R0,False,subwp,524,05,7,1305059337,exito,,498.08,0,0,"[0.0, -16.92788773852221]"
948,goal_095,8,col_return,10423,1456.34,05,subwp,524,1,E2.1,E2.1-R0,False,subwp,524,05,8,3715546520,col_return,return,333.536,0,0,"[0.0, -17.504998380300197]"
949,goal_095,9,exito,15556,2466.99,05,subwp,524,1,E2.1,E2.1-R0,False,subwp,524,05,9,2859568398,exito,,497.792,0,0,"[0.0, 4.075635011060279]"
950,goal_095,10,exito,15566,2467.17,05,subwp,524,1,E2.1,E2.1-R0,False,subwp,524,05,10,3675261347,exito,,498.112,0,0,"[0.0, 5.587660465009893]"
951,goal_096,1,exito,15536,2467.66,05,subwp,524,1,E2.1,E2.1-R0,False,subwp,524,05,1,2775084811,exito,,497.152,0,0,"[0.0, -6.452261446236596]"
952,goal_096,2,exito,15536,2467.02,05,subwp,524,1,E2.1,E2.1-R0,False,subwp,524,05,2,1013006001,exito,,497.152,0,0,"[0.0, -9.302304137267098]"
953,goal_096,3,exito,15546,2468.34,05,subwp,524,1,E2.1,E2.1-R0,False,subwp,524,05,3,1264979495,exito,,497.472,0,0,"[0.0, -15.95158220655165]"
954,goal_096,4,exito,15536,2467.8,05,subwp,524,1,E2.1,E2.1-R0,False,subwp,524,05,4,3573717892,exito,,497.152,0,0,"[0.0, 2.484368390469549]"
955,goal_096,5,exito,15546,2467.68,05,subwp,524,1,E2.1,E2.1-R0,False,subwp,524,05,5,2718280466,exito,,497.472,0,0,"[0.0, 9.813741496453677]"
956,goal_096,6,exito,15536,2464.35,05,subwp,524,1,E2.1,E2.1-R0,False,subwp,524,05,6,990706344,exito,,497.152,0,0,"[0.0, -4.225916097970983]"
957,goal_096,7,col_return,10516,1476.21,05,subwp,524,1,E2.1,E2.1-R0,False,subwp,524,05,7,1275841086,col_return,return,336.512,0,0,"[0.0, -13.107452832923128]"
958,goal_096,8,exito,15526,2467.61,05,subwp,524,1,E2.1,E2.1-R0,False,subwp,524,05,8,3702839215,exito,,496.832,0,0,"[0.0, -13.181416659416069]"
959,goal_096,9,exito,15536,2467.03,05,subwp,524,1,E2.1,E2.1-R0,False,subwp,524,05,9,2880694073,exito,,497.152,0,0,"[0.0, 17.609623212377695]"
960,goal_096,10,exito,15536,2467.85,05,subwp,524,1,E2.1,E2.1-R0,False,subwp,524,05,10,1672244934,exito,,497.152,0,0,"[0.0, -0.9167842314294017]"
961,goal_097,1,exito,15344,2433.17,05,subwp,524,1,E2.1,E2.1-R0,False,subwp,524,05,1,2804863314,exito,,491.008,0,0,"[0.0, 26.861798362029432]"
962,goal_097,2,exito,15343,2433.31,05,subwp,524,1,E2.1,E2.1-R0,False,subwp,524,05,2,1042776296,exito,,490.976,0,0,"[0.0, -15.60563526536825]"
963,goal_097,3,exito,15344,2433.16,05,subwp,524,1,E2.1,E2.1-R0,False,subwp,524,05,3,1226879102,exito,,491.008,0,0,"[0.0, -16.840322729159766]"
964,goal_097,4,exito,15343,2433.35,05,subwp,524,1,E2.1,E2.1-R0,False,subwp,524,05,4,3611567581,exito,,490.976,0,0,"[0.0, -4.346794703865163]"
965,goal_097,5,exito,15344,2433.14,05,subwp,524,1,E2.1,E2.1-R0,False,subwp,524,05,5,2688750923,exito,,491.008,0,0,"[0.0, 15.39825870679451]"
966,goal_097,6,exito,15343,2433.36,05,subwp,524,1,E2.1,E2.1-R0,False,subwp,524,05,6,961168625,exito,,490.976,0,0,"[0.0, 13.851518077427825]"
967,goal_097,7,exito,15343,2433.34,05,subwp,524,1,E2.1,E2.1-R0,False,subwp,524,05,7,1313698919,exito,,490.976,0,0,"[0.0, 23.173771779699376]"
968,goal_097,8,exito,15343,2432.37,05,subwp,524,1,E2.1,E2.1-R0,False,subwp,524,05,8,3740428790,exito,,490.976,0,0,"[0.0, -17.591099215993104]"
969,goal_097,9,exito,15343,2415.47,05,subwp,524,1,E2.1,E2.1-R0,False,subwp,524,05,9,2851428704,exito,,490.976,0,0,"[0.0, 8.03836100265361]"
970,goal_097,10,col_return,10308,1439.52,05,subwp,524,1,E2.1,E2.1-R0,False,subwp,524,05,10,1897513256,col_return,return,329.856,0,0,"[0.0, -1.7417503773182363]"
971,goal_098,1,exito,15307,2438.19,05,subwp,524,1,E2.1,E2.1-R0,False,subwp,524,05,1,2800532325,exito,,489.824,0,0,"[0.0, -9.187211009739828]"
972,goal_098,2,exito,15317,2438.5,05,subwp,524,1,E2.1,E2.1-R0,False,subwp,524,05,2,1072032479,exito,,490.144,0,0,"[0.0, 21.43290200760105]"
973,goal_098,3,exito,15317,2438.65,05,subwp,524,1,E2.1,E2.1-R0,False,subwp,524,05,3,1222826569,exito,,490.144,0,0,"[0.0, -17.99172303733772]"
974,goal_098,4,exito,15317,2438.42,05,subwp,524,1,E2.1,E2.1-R0,False,subwp,524,05,4,3599126506,exito,,490.144,0,0,"[0.0, -27.80242774749904]"
975,goal_098,5,exito,15317,2438.36,05,subwp,524,1,E2.1,E2.1-R0,False,subwp,524,05,5,2709618556,exito,,490.144,0,0,"[0.0, 23.511160564454766]"
976,goal_098,6,exito,15317,2438.49,05,subwp,524,1,E2.1,E2.1-R0,False,subwp,524,05,6,948448966,exito,,490.144,0,0,"[0.0, -20.2177312869348]"
977,goal_098,7,exito,15318,2438.38,05,subwp,524,1,E2.1,E2.1-R0,False,subwp,524,05,7,1334779472,exito,,490.176,0,0,"[0.0, 15.754089870900938]"
978,goal_098,8,exito,15317,2438.41,05,subwp,524,1,E2.1,E2.1-R0,False,subwp,524,05,8,3744465857,exito,,490.144,0,0,"[0.0, -19.777039910422655]"
979,goal_098,9,exito,15317,2438.41,05,subwp,524,1,E2.1,E2.1-R0,False,subwp,524,05,9,2822189911,exito,,490.144,0,0,"[0.0, -18.88692427835944]"
980,goal_098,10,exito,15317,2438.48,05,subwp,524,1,E2.1,E2.1-R0,False,subwp,524,05,10,3383076429,exito,,490.144,0,0,"[0.0, 15.01271387694423]"
981,goal_099,1,exito,15095,2400.69,05,subwp,524,1,E2.1,E2.1-R0,False,subwp,524,05,1,2914057304,exito,,483.04,0,0,"[0.0, -15.799940313972618]"
982,goal_099,2,exito,15095,2400.88,05,subwp,524,1,E2.1,E2.1-R0,False,subwp,524,05,2,884583906,exito,,483.04,0,0,"[0.0, -15.81871334521215]"
983,goal_099,3,exito,15095,2400.67,05,subwp,524,1,E2.1,E2.1-R0,False,subwp,524,05,3,1136565620,exito,,483.04,0,0,"[0.0, 13.44903783858176]"
984,goal_099,4,exito,15095,2400.65,05,subwp,524,1,E2.1,E2.1-R0,False,subwp,524,05,4,3722053847,exito,,483.04,0,0,"[0.0, 17.974721793057903]"
985,goal_099,5,exito,15095,2400.67,05,subwp,524,1,E2.1,E2.1-R0,False,subwp,524,05,5,2866624577,exito,,483.04,0,0,"[0.0, 24.30245251445855]"
986,goal_099,6,exito,15095,2400.38,05,subwp,524,1,E2.1,E2.1-R0,False,subwp,524,05,6,869558779,exito,,483.04,0,0,"[0.0, -24.40893278431539]"
987,goal_099,7,exito,15096,2400.97,05,subwp,524,1,E2.1,E2.1-R0,False,subwp,524,05,7,1154701677,exito,,483.072,0,0,"[0.0, -29.17390611926342]"
988,goal_099,8,exito,15095,2400.67,05,subwp,524,1,E2.1,E2.1-R0,False,subwp,524,05,8,3563865340,exito,,483.04,0,0,"[0.0, -5.308649363033766]"
989,goal_099,9,exito,15095,2400.88,05,subwp,524,1,E2.1,E2.1-R0,False,subwp,524,05,9,2741728362,exito,,483.04,0,0,"[0.0, -22.772934711465524]"
990,goal_099,10,exito,15095,2400.69,05,subwp,524,1,E2.1,E2.1-R0,False,subwp,524,05,10,2445719067,exito,,483.04,0,0,"[0.0, -3.8618812622440135]"
991,goal_100,1,exito,15064,2402.2,05,subwp,524,1,E2.1,E2.1-R0,False,subwp,524,05,1,2893190767,exito,,482.048,0,0,"[0.0, -14.606366392439531]"
992,goal_100,2,exito,15064,2401.89,05,subwp,524,1,E2.1,E2.1-R0,False,subwp,524,05,2,897304533,exito,,482.048,0,0,"[0.0, 16.881408174382685]"
993,goal_100,3,exito,15064,2401.35,05,subwp,524,1,E2.1,E2.1-R0,False,subwp,524,05,3,1115486019,exito,,482.048,0,0,"[0.0, -7.918669892772375]"
994,goal_100,4,exito,15064,2400.51,05,subwp,524,1,E2.1,E2.1-R0,False,subwp,524,05,4,3692585696,exito,,482.048,0,0,"[0.0, 29.759118723825477]"
995,goal_100,5,exito,15064,2399.22,05,subwp,524,1,E2.1,E2.1-R0,False,subwp,524,05,5,2870956662,exito,,482.048,0,0,"[0.0, 23.407394344404192]"
996,goal_100,6,exito,15064,2397.07,05,subwp,524,1,E2.1,E2.1-R0,False,subwp,524,05,6,840303564,exito,,482.048,0,0,"[0.0, -23.979752585584507]"
997,goal_100,7,exito,15064,2393.7,05,subwp,524,1,E2.1,E2.1-R0,False,subwp,524,05,7,1158755162,exito,,482.048,0,0,"[0.0, -16.259113437808615]"
998,goal_100,8,exito,15064,2388.53,05,subwp,524,1,E2.1,E2.1-R0,False,subwp,524,05,8,3584962251,exito,,482.048,0,0,"[0.0, -13.690444752213722]"
999,goal_100,9,exito,15064,2380.96,05,subwp,524,1,E2.1,E2.1-R0,False,subwp,524,05,9,2728992349,exito,,482.048,0,0,"[0.0, 6.452404645812826]"
1000,goal_100,10,exito,15064,2371.36,05,subwp,524,1,E2.1,E2.1-R0,False,subwp,524,05,10,695914878,exito,,482.048,0,0,"[0.0, -4.985462056854935]"
1001,goal_101,1,exito,14841,2353.82,05,subwp,524,1,E2.1,E2.1-R0,False,subwp,524,05,1,793944143,exito,,474.912,0,0,"[0.0, -13.25781524830435]"
1002,goal_101,2,exito,14841,2361.83,05,subwp,524,1,E2.1,E2.1-R0,False,subwp,524,05,2,3059479029,exito,,474.912,0,0,"[0.0, 12.30033027495178]"
1003,goal_101,3,exito,14841,2364.38,05,subwp,524,1,E2.1,E2.1-R0,False,subwp,524,05,3,3244081507,exito,,474.912,0,0,"[0.0, -14.628966637687348]"
1004,goal_101,4,exito,14841,2365.06,05,subwp,524,1,E2.1,E2.1-R0,False,subwp,524,05,4,1597527232,exito,,474.912,0,0,"[0.0, 25.13344255477601]"
1005,goal_101,5,exito,14841,2365.04,05,subwp,524,1,E2.1,E2.1-R0,False,subwp,524,05,5,675243094,exito,,474.912,0,0,"[0.0, -26.085562971561473]"
1006,goal_101,6,exito,14841,2365.04,05,subwp,524,1,E2.1,E2.1-R0,False,subwp,524,05,6,2973119980,exito,,474.912,0,0,"[0.0, -8.943898657371678]"
1007,goal_101,7,exito,14841,2365.05,05,subwp,524,1,E2.1,E2.1-R0,False,subwp,524,05,7,3325101434,exito,,474.912,0,0,"[0.0, 28.202014587435336]"
1008,goal_101,8,exito,14841,2365.09,05,subwp,524,1,E2.1,E2.1-R0,False,subwp,524,05,8,1452153067,exito,,474.912,0,0,"[0.0, -14.959680553848314]"
1009,goal_101,9,exito,14843,2364.14,05,subwp,524,1,E2.1,E2.1-R0,False,subwp,524,05,9,562636925,exito,,474.976,0,0,"[0.0, 22.169388590309794]"
1010,goal_101,10,exito,14841,2365.03,05,subwp,524,1,E2.1,E2.1-R0,False,subwp,524,05,10,311939456,exito,,474.912,0,0,"[0.0, 29.649128464997034]"
1011,goal_102,1,exito,14816,2366.14,05,subwp,524,1,E2.1,E2.1-R0,False,subwp,524,05,1,781240952,exito,,474.112,0,0,"[0.0, -2.106917928087275]"
1012,goal_102,2,exito,14818,2365.71,05,subwp,524,1,E2.1,E2.1-R0,False,subwp,524,05,2,3080297410,exito,,474.176,0,0,"[0.0, 5.519172879475973]"
1013,goal_102,3,exito,14818,2365.7,05,subwp,524,1,E2.1,E2.1-R0,False,subwp,524,05,3,3231624020,exito,,474.176,0,0,"[0.0, -5.980838838270605]"
1014,goal_102,4,exito,14817,2366.32,05,subwp,524,1,E2.1,E2.1-R0,False,subwp,524,05,4,1593458423,exito,,474.144,0,0,"[0.0, 29.71598396962457]"
1015,goal_102,5,exito,14817,2366.3,05,subwp,524,1,E2.1,E2.1-R0,False,subwp,524,05,5,704450145,exito,,474.144,0,0,"[0.0, 17.14425416160462]"
1016,goal_102,6,exito,14816,2366.13,05,subwp,524,1,E2.1,E2.1-R0,False,subwp,524,05,6,2968805339,exito,,474.112,0,0,"[0.0, 10.236858534931113]"
1017,goal_102,7,exito,14816,2366.14,05,subwp,524,1,E2.1,E2.1-R0,False,subwp,524,05,7,3354619725,exito,,474.112,0,0,"[0.0, -14.862160927177532]"
1018,goal_102,8,exito,14817,2366.32,05,subwp,524,1,E2.1,E2.1-R0,False,subwp,524,05,8,1464627932,exito,,474.144,0,0,"[0.0, 0.5173924134406516]"
1019,goal_102,9,exito,14816,2366.11,05,subwp,524,1,E2.1,E2.1-R0,False,subwp,524,05,9,541803082,exito,,474.112,0,0,"[0.0, -15.536699203662657]"
1020,goal_102,10,exito,14817,2366.3,05,subwp,524,1,E2.1,E2.1-R0,False,subwp,524,05,10,2854991589,exito,,474.144,0,0,"[0.0, 14.000916706022256]"
1021,goal_103,1,exito,14628,2336.37,05,subwp,524,1,E2.1,E2.1-R0,False,subwp,524,05,1,752251937,exito,,468.096,0,0,"[0.0, -26.347042506302554]"
1022,goal_103,2,exito,14628,2336.37,05,subwp,524,1,E2.1,E2.1-R0,False,subwp,524,05,2,3051300251,exito,,468.096,0,0,"[0.0, 10.162664856311812]"
1023,goal_103,3,exito,14628,2336.4,05,subwp,524,1,E2.1,E2.1-R0,False,subwp,524,05,3,3268941069,exito,,468.096,0,0,"[0.0, 13.746553295623823]"
1024,goal_103,4,exito,14628,2336.37,05,subwp,524,1,E2.1,E2.1-R0,False,subwp,524,05,4,1555857582,exito,,468.096,0,0,"[0.0, -6.881271159540503]"
1025,goal_103,5,exito,14628,2336.35,05,subwp,524,1,E2.1,E2.1-R0,False,subwp,524,05,5,733720632,exito,,468.096,0,0,"[0.0, 29.42126245799272]"
1026,goal_103,6,col_return,8810,1216.34,05,subwp,524,1,E2.1,E2.1-R0,False,subwp,524,05,6,2998067586,col_return,return,281.92,0,0,"[0.0, -17.05543451929984]"
1027,goal_103,7,exito,14618,2336.04,05,subwp,524,1,E2.1,E2.1-R0,False,subwp,524,05,7,3317027092,exito,,467.776,0,0,"[0.0, -8.397583327485297]"
1028,goal_103,8,exito,14628,2336.39,05,subwp,524,1,E2.1,E2.1-R0,False,subwp,524,05,8,1426771077,exito,,468.096,0,0,"[0.0, -14.7597880308662]"
1029,goal_103,9,exito,14628,2336.41,05,subwp,524,1,E2.1,E2.1-R0,False,subwp,524,05,9,571341843,exito,,468.096,0,0,"[0.0, 29.512888660773495]"
1030,goal_103,10,exito,14628,2334.45,05,subwp,524,1,E2.1,E2.1-R0,False,subwp,524,05,10,3097368843,exito,,468.096,0,0,"[0.0, -9.338689301702727]"
1031,goal_104,1,col_return,8858,1242.05,05,subwp,524,1,E2.1,E2.1-R0,False,subwp,524,05,1,756293142,col_return,return,283.456,0,0,"[0.0, 2.205116710079238]"
1032,goal_104,2,exito,14595,2336.96,05,subwp,524,1,E2.1,E2.1-R0,False,subwp,524,05,2,3021819820,exito,,467.04,0,0,"[0.0, -20.88058149296615]"
1033,goal_104,3,exito,14605,2337.2,05,subwp,524,1,E2.1,E2.1-R0,False,subwp,524,05,3,3273293626,exito,,467.36,0,0,"[0.0, -1.2143234598053132]"
1034,goal_104,4,exito,14605,2337.18,05,subwp,524,1,E2.1,E2.1-R0,False,subwp,524,05,4,1568598681,exito,,467.36,0,0,"[0.0, -12.325197962701793]"
1035,goal_104,5,col_return,8773,1230.39,05,subwp,524,1,E2.1,E2.1-R0,False,subwp,524,05,5,712628751,col_return,return,280.736,0,0,"[0.0, -15.521393919566815]"
1036,goal_104,6,exito,14595,2336.93,05,subwp,524,1,E2.1,E2.1-R0,False,subwp,524,05,6,3010497461,exito,,467.04,0,0,"[0.0, 2.3779478959798195]"
1037,goal_104,7,exito,14605,2337.15,05,subwp,524,1,E2.1,E2.1-R0,False,subwp,524,05,7,3296181027,exito,,467.36,0,0,"[0.0, 19.25084934078943]"
1038,goal_104,8,exito,14605,2337.19,05,subwp,524,1,E2.1,E2.1-R0,False,subwp,524,05,8,1422436018,exito,,467.36,0,0,"[0.0, 28.288169983725258]"
1039,goal_104,9,exito,14605,2207.91,05,subwp,524,1,E2.1,E2.1-R0,False,subwp,524,05,9,600806948,exito,,467.36,0,0,"[0.0, -2.4430885254134704]"
1040,goal_104,10,col_return,8934,1250.74,05,subwp,524,1,E2.1,E2.1-R0,False,subwp,524,05,10,2260590,col_return,return,285.888,0,0,"[0.0, 26.107858805710297]"
1041,goal_105,1,exito,14384,2301.44,05,subwp,524,1,E2.1,E2.1-R0,False,subwp,524,05,1,677054611,exito,,460.288,0,0,"[0.0, 2.316268075726582]"
1042,goal_105,2,exito,14396,2302.05,05,subwp,524,1,E2.1,E2.1-R0,False,subwp,524,05,2,2974964009,exito,,460.672,0,0,"[0.0, 13.802647338378893]"
1043,goal_105,3,col_return,8711,1216.33,05,subwp,524,1,E2.1,E2.1-R0,False,subwp,524,05,3,3327486399,col_return,return,278.752,0,0,"[0.0, 9.04251893049745]"
1044,goal_105,4,exito,14384,2301.42,05,subwp,524,1,E2.1,E2.1-R0,False,subwp,524,05,4,1479670812,exito,,460.288,0,0,"[0.0, -2.500209981533912]"
1045,goal_105,5,exito,14396,2302.05,05,subwp,524,1,E2.1,E2.1-R0,False,subwp,524,05,5,792120458,exito,,460.672,0,0,"[0.0, -0.9612424717078794]"
1046,goal_105,6,col_return,8717,1217.76,05,subwp,524,1,E2.1,E2.1-R0,False,subwp,524,05,6,3057622320,col_return,return,278.944,0,0,"[0.0, -20.15473659346923]"
1047,goal_105,7,exito,14384,2301.6,05,subwp,524,1,E2.1,E2.1-R0,False,subwp,524,05,7,3241717158,exito,,460.288,0,0,"[0.0, 7.442761636505384]"
1048,goal_105,8,exito,14396,2302.05,05,subwp,524,1,E2.1,E2.1-R0,False,subwp,524,05,8,1367846967,exito,,460.672,0,0,"[0.0, -20.663397051126125]"
1049,goal_105,9,col_return,8721,1216.34,05,subwp,524,1,E2.1,E2.1-R0,False,subwp,524,05,9,645955745,col_return,return,279.072,0,0,"[0.0, -16.846987851790637]"
1050,goal_105,10,exito,14384,2301.59,05,subwp,524,1,E2.1,E2.1-R0,False,subwp,524,05,10,2650097367,exito,,460.288,0,0,"[0.0, -9.128402626514575]"
1051,goal_106,1,exito,14360,2298.97,05,subwp,524,1,E2.1,E2.1-R0,False,subwp,524,05,1,697918116,exito,,459.52,0,0,"[0.0, 29.898191726082104]"
1052,goal_106,2,col_return,8716,1220.84,05,subwp,524,1,E2.1,E2.1-R0,False,subwp,524,05,2,2962240286,col_return,return,278.912,0,0,"[0.0, -25.32400929627616]"
1053,goal_106,3,exito,14351,2298.88,05,subwp,524,1,E2.1,E2.1-R0,False,subwp,524,05,3,3348562824,exito,,459.232,0,0,"[0.0, -20.771696317986887]"
1054,goal_106,4,exito,14361,2289.0,05,subwp,524,1,E2.1,E2.1-R0,False,subwp,524,05,4,1509135915,exito,,459.552,0,0,"[0.0, 23.23576695567098]"
1055,goal_106,5,col_return,8746,1223.1,05,subwp,524,1,E2.1,E2.1-R0,False,subwp,524,05,5,787785405,col_return,return,279.872,0,0,"[0.0, -19.227870572271932]"
1056,goal_106,6,exito,14348,2298.75,05,subwp,524,1,E2.1,E2.1-R0,False,subwp,524,05,6,3086874375,exito,,459.136,0,0,"[0.0, 7.286538150362776]"
1057,goal_106,7,exito,14359,2270.26,05,subwp,524,1,E2.1,E2.1-R0,False,subwp,524,05,7,3237660561,exito,,459.488,0,0,"[0.0, -6.606407044431066]"
1058,goal_106,8,col_return,8778,1225.64,05,subwp,524,1,E2.1,E2.1-R0,False,subwp,524,05,8,1346755072,col_return,return,280.896,0,0,"[0.0, 12.714224232515654]"
1059,goal_106,9,exito,14349,2298.82,05,subwp,524,1,E2.1,E2.1-R0,False,subwp,524,05,9,658696854,exito,,459.168,0,0,"[0.0, 19.984621818700056]"
1060,goal_106,10,exito,14360,2262.86,05,subwp,524,1,E2.1,E2.1-R0,False,subwp,524,05,10,625549746,exito,,459.52,0,0,"[0.0, -3.4775472058658363]"
1061,goal_107,1,col_return,8698,1219.42,05,subwp,524,1,E2.1,E2.1-R0,False,subwp,524,05,1,736091389,col_return,return,278.336,0,0,"[0.0, 3.7249704647124404]"
1062,goal_107,2,exito,14187,2278.73,05,subwp,524,1,E2.1,E2.1-R0,False,subwp,524,05,2,3000405319,exito,,453.984,0,0,"[0.0, 11.517958436217082]"
1063,goal_107,3,col_return,8510,1189.06,05,subwp,524,1,E2.1,E2.1-R0,False,subwp,524,05,3,3318857169,col_return,return,272.32,0,0,"[0.0, -16.755694073507282]"
1064,goal_107,4,exito,14187,2278.73,05,subwp,524,1,E2.1,E2.1-R0,False,subwp,524,05,4,1538599026,exito,,453.984,0,0,"[0.0, -0.2378324420768907]"
1065,goal_107,5,col_return,8410,1174.17,05,subwp,524,1,E2.1,E2.1-R0,False,subwp,524,05,5,749869284,col_return,return,269.12,0,0,"[0.0, -14.584695203594391]"
1066,goal_107,6,exito,14187,2278.73,05,subwp,524,1,E2.1,E2.1-R0,False,subwp,524,05,6,3048950110,exito,,453.984,0,0,"[0.0, -0.4665037137444372]"
1067,goal_107,7,col_return,8371,1165.65,05,subwp,524,1,E2.1,E2.1-R0,False,subwp,524,05,7,3267131848,col_return,return,267.872,0,0,"[0.0, 4.6387005161393375]"
1068,goal_107,8,exito,14187,2278.73,05,subwp,524,1,E2.1,E2.1-R0,False,subwp,524,05,8,1375954009,exito,,453.984,0,0,"[0.0, 14.447589080641102]"
1069,goal_107,9,exito,14197,2147.41,05,subwp,524,1,E2.1,E2.1-R0,False,subwp,524,05,9,621040847,exito,,454.304,0,0,"[0.0, 15.563671031942995]"
1070,goal_107,10,col_return,8735,1219.7,05,subwp,524,1,E2.1,E2.1-R0,False,subwp,524,05,10,939298396,col_return,return,279.52,0,0,"[0.0, -27.90635651746429]"
1071,goal_108,1,exito,14132,2275.46,05,subwp,524,1,E2.1,E2.1-R0,False,subwp,524,05,1,706590410,exito,,452.224,0,0,"[0.0, 0.22728548041861973]"
1072,goal_108,2,col_return,8520,1191.71,05,subwp,524,1,E2.1,E2.1-R0,False,subwp,524,05,2,3004491632,col_return,return,272.64,0,0,"[0.0, 20.260083916631512]"
1073,goal_108,3,exito,14133,2274.87,05,subwp,524,1,E2.1,E2.1-R0,False,subwp,524,05,3,3289634790,exito,,452.256,0,0,"[0.0, -12.89598299222112]"
1074,goal_108,4,col_return,8437,1185.22,05,subwp,524,1,E2.1,E2.1-R0,False,subwp,524,05,4,1517765189,col_return,return,269.984,0,0,"[0.0, 21.98446182472274]"
1075,goal_108,5,exito,14132,2276.15,05,subwp,524,1,E2.1,E2.1-R0,False,subwp,524,05,5,762344147,exito,,452.224,0,0,"[0.0, 22.056534841711535]"
1076,goal_108,6,col_return,8406,1181.38,05,subwp,524,1,E2.1,E2.1-R0,False,subwp,524,05,6,3027837801,col_return,return,268.992,0,0,"[0.0, 8.954024578675055]"
1077,goal_108,7,exito,14132,2276.15,05,subwp,524,1,E2.1,E2.1-R0,False,subwp,524,05,7,3279819775,exito,,452.224,0,0,"[0.0, 28.53475523472763]"
1078,goal_108,8,col_return,8378,1179.62,05,subwp,524,1,E2.1,E2.1-R0,False,subwp,524,05,8,1405161070,col_return,return,268.096,0,0,"[0.0, -27.457246601818547]"
1079,goal_108,9,exito,14132,2276.17,05,subwp,524,1,E2.1,E2.1-R0,False,subwp,524,05,9,616972024,exito,,452.224,0,0,"[0.0, 10.334667742961232]"
1080,goal_108,10,col_return,8378,1176.99,05,subwp,524,1,E2.1,E2.1-R0,False,subwp,524,05,10,2403395897,col_return,return,268.096,0,0,"[0.0, -20.230690150610837]"
1081,goal_109,1,exito,14925,2404.53,05,subwp,524,1,E2.1,E2.1-R0,False,subwp,524,05,1,557969911,exito,,477.6,0,0,"[0.0, -23.680577322994854]"
1082,goal_109,2,exito,14935,2405.25,05,subwp,524,1,E2.1,E2.1-R0,False,subwp,524,05,2,3091767373,exito,,477.92,0,0,"[0.0, -21.669032367262375]"
1083,goal_109,3,exito,14935,2405.24,05,subwp,524,1,E2.1,E2.1-R0,False,subwp,524,05,3,3478098139,exito,,477.92,0,0,"[0.0, 18.32464179703022]"
1084,goal_109,4,exito,14935,2405.23,05,subwp,524,1,E2.1,E2.1-R0,False,subwp,524,05,4,1361773944,exito,,477.92,0,0,"[0.0, -4.120379275301644]"
1085,goal_109,5,exito,14935,2405.23,05,subwp,524,1,E2.1,E2.1-R0,False,subwp,524,05,5,640431598,exito,,477.92,0,0,"[0.0, -6.543311597304617]"
1086,goal_109,6,exito,14935,2405.23,05,subwp,524,1,E2.1,E2.1-R0,False,subwp,524,05,6,3206898772,exito,,477.92,0,0,"[0.0, -28.51066252818276]"
1087,goal_109,7,exito,14935,2405.23,05,subwp,524,1,E2.1,E2.1-R0,False,subwp,524,05,7,3357693122,exito,,477.92,0,0,"[0.0, -15.033107340608511]"
1088,goal_109,8,exito,14935,2405.23,05,subwp,524,1,E2.1,E2.1-R0,False,subwp,524,05,8,1486702931,exito,,477.92,0,0,"[0.0, -0.9887981616869745]"
1089,goal_109,9,exito,14935,2405.24,05,subwp,524,1,E2.1,E2.1-R0,False,subwp,524,05,9,798652869,exito,,477.92,0,0,"[0.0, 17.33332050104799]"
1090,goal_109,10,exito,14935,2405.24,05,subwp,524,1,E2.1,E2.1-R0,False,subwp,524,05,10,3609459055,exito,,477.92,0,0,"[0.0, 19.762629692369963]"
1091,goal_110,1,exito,14737,2381.04,05,subwp,524,1,E2.1,E2.1-R0,False,subwp,524,05,1,545496000,exito,,471.584,0,0,"[0.0, 9.145978394206026]"
1092,goal_110,2,exito,14737,2381.01,05,subwp,524,1,E2.1,E2.1-R0,False,subwp,524,05,2,3112880762,exito,,471.584,0,0,"[0.0, 1.6840075150715061]"
1093,goal_110,3,exito,14737,2364.57,05,subwp,524,1,E2.1,E2.1-R0,False,subwp,524,05,3,3465411308,exito,,471.584,0,0,"[0.0, -20.251945115495747]"
1094,goal_110,4,col_return,8956,1277.25,05,subwp,524,1,E2.1,E2.1-R0,False,subwp,524,05,4,1357475663,col_return,return,286.592,0,0,"[0.0, 13.674370779540709]"
1095,goal_110,5,exito,14727,2380.34,05,subwp,524,1,E2.1,E2.1-R0,False,subwp,524,05,5,669933529,exito,,471.264,0,0,"[0.0, 29.697469158106063]"
1096,goal_110,6,exito,14737,2381.04,05,subwp,524,1,E2.1,E2.1-R0,False,subwp,524,05,6,3202813539,exito,,471.584,0,0,"[0.0, -24.36716452365809]"
1097,goal_110,7,exito,14737,2381.04,05,subwp,524,1,E2.1,E2.1-R0,False,subwp,524,05,7,3386916597,exito,,471.584,0,0,"[0.0, -15.740379051642066]"
1098,goal_110,8,exito,14737,2381.01,05,subwp,524,1,E2.1,E2.1-R0,False,subwp,524,05,8,1499407204,exito,,471.584,0,0,"[0.0, 23.631874013631553]"
1099,goal_110,9,exito,14737,2381.06,05,subwp,524,1,E2.1,E2.1-R0,False,subwp,524,05,9,777524210,exito,,471.584,0,0,"[0.0, 12.407831582232667]"
1100,goal_110,10,exito,14755,2138.63,05,subwp,524,1,E2.1,E2.1-R0,False,subwp,524,05,10,1872731658,exito,,472.16,0,0,"[0.0, -11.426449856787048]"
1101,goal_111,1,exito,15173,2435.95,05,subwp,524,1,E2.1,E2.1-R0,False,subwp,524,05,1,2549008170,exito,,485.536,0,0,"[0.0, -26.83369666791482]"
1102,goal_111,2,exito,15173,2435.95,05,subwp,524,1,E2.1,E2.1-R0,False,subwp,524,05,2,250058384,exito,,485.536,0,0,"[0.0, -18.243957953635924]"
1103,goal_111,3,exito,15173,2435.94,05,subwp,524,1,E2.1,E2.1-R0,False,subwp,524,05,3,2044765702,exito,,485.536,0,0,"[0.0, -21.25277001765705]"
1104,goal_111,4,exito,15173,2435.95,05,subwp,524,1,E2.1,E2.1-R0,False,subwp,524,05,4,3884200869,exito,,485.536,0,0,"[0.0, 21.60951646362761]"
1105,goal_111,5,exito,15173,2435.93,05,subwp,524,1,E2.1,E2.1-R0,False,subwp,524,05,5,2424505139,exito,,485.536,0,0,"[0.0, -19.184726432479202]"
1106,goal_111,6,exito,15173,2435.94,05,subwp,524,1,E2.1,E2.1-R0,False,subwp,524,05,6,160060041,exito,,485.536,0,0,"[0.0, -7.447273150469749]"
1107,goal_111,7,exito,15173,2435.93,05,subwp,524,1,E2.1,E2.1-R0,False,subwp,524,05,7,2123194911,exito,,485.536,0,0,"[0.0, -24.691064977894385]"
1108,goal_111,8,exito,15173,2435.95,05,subwp,524,1,E2.1,E2.1-R0,False,subwp,524,05,8,3996286862,exito,,485.536,0,0,"[0.0, 18.76378720227597]"
1109,goal_111,9,exito,15173,2435.95,05,subwp,524,1,E2.1,E2.1-R0,False,subwp,524,05,9,2570407704,exito,,485.536,0,0,"[0.0, -12.04722509210522]"
1110,goal_111,10,exito,15173,2435.95,05,subwp,524,1,E2.1,E2.1-R0,False,subwp,524,05,10,804780080,exito,,485.536,0,0,"[0.0, 25.51550558188773]"
1111,goal_112,1,exito,14893,2399.19,05,subwp,524,1,E2.1,E2.1-R0,False,subwp,524,05,1,2519510301,exito,,476.576,0,0,"[0.0, 29.417408097836514]"
1112,goal_112,2,exito,14893,2399.12,05,subwp,524,1,E2.1,E2.1-R0,False,subwp,524,05,2,254147751,exito,,476.576,0,0,"[0.0, 17.584472795408193]"
1113,goal_112,3,exito,14893,2399.16,05,subwp,524,1,E2.1,E2.1-R0,False,subwp,524,05,3,2015546417,exito,,476.576,0,0,"[0.0, -3.8465744667888813]"
1114,goal_112,4,exito,14893,2399.15,05,subwp,524,1,E2.1,E2.1-R0,False,subwp,524,05,4,3863370130,exito,,476.576,0,0,"[0.0, 27.361044050598487]"
1115,goal_112,5,exito,14893,2399.13,05,subwp,524,1,E2.1,E2.1-R0,False,subwp,524,05,5,2436983044,exito,,476.576,0,0,"[0.0, -27.61678621931197]"
1116,goal_112,6,exito,14893,2399.17,05,subwp,524,1,E2.1,E2.1-R0,False,subwp,524,05,6,138950846,exito,,476.576,0,0,"[0.0, 6.032166382413163]"
1117,goal_112,7,exito,14893,2399.17,05,subwp,524,1,E2.1,E2.1-R0,False,subwp,524,05,7,2135885864,exito,,476.576,0,0,"[0.0, 2.9411232793705278]"
1118,goal_112,8,exito,14893,2399.15,05,subwp,524,1,E2.1,E2.1-R0,False,subwp,524,05,8,4025488825,exito,,476.576,0,0,"[0.0, -1.727149826957084]"
1119,goal_112,9,exito,14893,2399.17,05,subwp,524,1,E2.1,E2.1-R0,False,subwp,524,05,9,2566333743,exito,,476.576,0,0,"[0.0, 23.621417758207823]"
1120,goal_112,10,exito,14893,2399.15,05,subwp,524,1,E2.1,E2.1-R0,False,subwp,524,05,10,2538315605,exito,,476.576,0,0,"[0.0, -3.850224519266674]"
1121,goal_113,1,exito,15426,2468.65,05,subwp,524,1,E2.1,E2.1-R0,False,subwp,524,05,1,2489979716,exito,,493.632,0,0,"[0.0, -29.547747624511487]"
1122,goal_113,2,exito,15426,2468.67,05,subwp,524,1,E2.1,E2.1-R0,False,subwp,524,05,2,224609022,exito,,493.632,0,0,"[0.0, 23.502044195970154]"
1123,goal_113,3,exito,15426,2468.69,05,subwp,524,1,E2.1,E2.1-R0,False,subwp,524,05,3,2053403240,exito,,493.632,0,0,"[0.0, -2.692366603969838]"
1124,goal_113,4,exito,15426,2468.68,05,subwp,524,1,E2.1,E2.1-R0,False,subwp,524,05,4,3825264587,exito,,493.632,0,0,"[0.0, 20.730906681457355]"
1125,goal_113,5,exito,15426,2468.68,05,subwp,524,1,E2.1,E2.1-R0,False,subwp,524,05,5,2466764637,exito,,493.632,0,0,"[0.0, 17.078979545946872]"
1126,goal_113,6,exito,15426,2468.68,05,subwp,524,1,E2.1,E2.1-R0,False,subwp,524,05,6,168724199,exito,,493.632,0,0,"[0.0, -9.688374875407881]"
1127,goal_113,7,exito,15426,2468.66,05,subwp,524,1,E2.1,E2.1-R0,False,subwp,524,05,7,2097788529,exito,,493.632,0,0,"[0.0, -23.75123049479567]"
1128,goal_113,8,exito,15426,2468.69,05,subwp,524,1,E2.1,E2.1-R0,False,subwp,524,05,8,3988171744,exito,,493.632,0,0,"[0.0, 29.5011428262942]"
1129,goal_113,9,exito,15426,2468.69,05,subwp,524,1,E2.1,E2.1-R0,False,subwp,524,05,9,2595330934,exito,,493.632,0,0,"[0.0, 23.251949315308153]"
1130,goal_113,10,exito,15426,2468.67,05,subwp,524,1,E2.1,E2.1-R0,False,subwp,524,05,10,2248028347,exito,,493.632,0,0,"[0.0, -0.0814019815020095]"
1131,goal_114,1,exito,15118,2423.55,05,subwp,524,1,E2.1,E2.1-R0,False,subwp,524,05,1,2510846323,exito,,483.776,0,0,"[0.0, 6.817129953757197]"
1132,goal_114,2,exito,15119,2422.59,05,subwp,524,1,E2.1,E2.1-R0,False,subwp,524,05,2,211888329,exito,,483.808,0,0,"[0.0, 4.411451920451375]"
1133,goal_114,3,exito,15119,2419.89,05,subwp,524,1,E2.1,E2.1-R0,False,subwp,524,05,3,2074482783,exito,,483.808,0,0,"[0.0, 1.4931512622761534]"
1134,goal_114,4,exito,15118,2413.7,05,subwp,524,1,E2.1,E2.1-R0,False,subwp,524,05,4,3854732796,exito,,483.776,0,0,"[0.0, 20.879833347862256]"
1135,goal_114,5,exito,15119,2401.05,05,subwp,524,1,E2.1,E2.1-R0,False,subwp,524,05,5,2462432618,exito,,483.808,0,0,"[0.0, 6.733561206618508]"
1136,goal_114,6,col_return,10188,1440.82,05,subwp,524,1,E2.1,E2.1-R0,False,subwp,524,05,6,197979344,col_return,return,326.016,0,0,"[0.0, -27.92243845729734]"
1137,goal_114,7,exito,15108,2423.06,05,subwp,524,1,E2.1,E2.1-R0,False,subwp,524,05,7,2093734982,exito,,483.456,0,0,"[0.0, -20.33247844043698]"
1138,goal_114,8,exito,15118,2423.75,05,subwp,524,1,E2.1,E2.1-R0,False,subwp,524,05,8,3967074775,exito,,483.776,0,0,"[0.0, 10.873001586164694]"
1139,goal_114,9,exito,15119,2423.83,05,subwp,524,1,E2.1,E2.1-R0,False,subwp,524,05,9,2608066881,exito,,483.808,0,0,"[0.0, 15.65276336186171]"
1140,goal_114,10,exito,15118,2423.76,05,subwp,524,1,E2.1,E2.1-R0,False,subwp,524,05,10,1027758046,exito,,483.776,0,0,"[0.0, 21.25625505787082]"
1141,goal_115,1,exito,15661,2502.92,05,subwp,524,1,E2.1,E2.1-R0,False,subwp,524,05,1,2431086582,exito,,501.152,0,0,"[0.0, 3.5436608311703344]"
1142,goal_115,2,exito,15661,2502.93,05,subwp,524,1,E2.1,E2.1-R0,False,subwp,524,05,2,166608460,exito,,501.152,0,0,"[0.0, -9.889783706740946]"
1143,goal_115,3,exito,15661,2502.92,05,subwp,524,1,E2.1,E2.1-R0,False,subwp,524,05,3,2129202906,exito,,501.152,0,0,"[0.0, 9.874155196518569]"
1144,goal_115,4,exito,15661,2502.91,05,subwp,524,1,E2.1,E2.1-R0,False,subwp,524,05,4,3767376761,exito,,501.152,0,0,"[0.0, -10.290621970497703]"
1145,goal_115,5,exito,15661,2502.93,05,subwp,524,1,E2.1,E2.1-R0,False,subwp,524,05,5,2542447599,exito,,501.152,0,0,"[0.0, -20.873595140276965]"
1146,goal_115,6,exito,15661,2501.73,05,subwp,524,1,E2.1,E2.1-R0,False,subwp,524,05,6,243530325,exito,,501.152,0,0,"[0.0, 6.762521080506065]"
1147,goal_115,7,col_return,10637,1507.13,05,subwp,524,1,E2.1,E2.1-R0,False,subwp,524,05,7,2038745795,col_return,return,340.384,0,0,"[0.0, -6.905482546501542]"
1148,goal_115,8,exito,15652,2501.74,05,subwp,524,1,E2.1,E2.1-R0,False,subwp,524,05,8,3913013074,exito,,500.864,0,0,"[0.0, -15.402556955112432]"
1149,goal_115,9,exito,15661,2502.92,05,subwp,524,1,E2.1,E2.1-R0,False,subwp,524,05,9,2654791620,exito,,501.152,0,0,"[0.0, -21.905647347568816]"
1150,goal_115,10,exito,15661,2502.92,05,subwp,524,1,E2.1,E2.1-R0,False,subwp,524,05,10,2694147943,exito,,501.152,0,0,"[0.0, 6.3072096531778366]"
1151,goal_116,1,exito,15368,2459.16,05,subwp,524,1,E2.1,E2.1-R0,False,subwp,524,05,1,2435122625,exito,,491.776,0,0,"[0.0, 12.409497337368547]"
1152,goal_116,2,exito,15368,2459.16,05,subwp,524,1,E2.1,E2.1-R0,False,subwp,524,05,2,137122939,exito,,491.776,0,0,"[0.0, 3.807403250510357]"
1153,goal_116,3,exito,15368,2459.16,05,subwp,524,1,E2.1,E2.1-R0,False,subwp,524,05,3,2133550317,exito,,491.776,0,0,"[0.0, -17.179283598415477]"
1154,goal_116,4,exito,15368,2459.16,05,subwp,524,1,E2.1,E2.1-R0,False,subwp,524,05,4,3780112718,exito,,491.776,0,0,"[0.0, -19.503415428894236]"
1155,goal_116,5,exito,15368,2459.16,05,subwp,524,1,E2.1,E2.1-R0,False,subwp,524,05,5,2521350616,exito,,491.776,0,0,"[0.0, -7.269383698479914]"
1156,goal_116,6,exito,15368,2459.16,05,subwp,524,1,E2.1,E2.1-R0,False,subwp,524,05,6,255955042,exito,,491.776,0,0,"[0.0, 10.534680083574187]"
1157,goal_116,7,exito,15368,2452.46,05,subwp,524,1,E2.1,E2.1-R0,False,subwp,524,05,7,2017894644,exito,,491.776,0,0,"[0.0, 22.72519023944391]"
1158,goal_116,8,col_return,10389,1472.13,05,subwp,524,1,E2.1,E2.1-R0,False,subwp,524,05,8,3908681061,col_return,return,332.448,0,0,"[0.0, -13.1641263678086]"
1159,goal_116,9,exito,15358,2458.56,05,subwp,524,1,E2.1,E2.1-R0,False,subwp,524,05,9,2684259827,exito,,491.456,0,0,"[0.0, -21.59207082208509]"
1160,goal_116,10,exito,15368,2459.17,05,subwp,524,1,E2.1,E2.1-R0,False,subwp,524,05,10,405342210,exito,,491.776,0,0,"[0.0, -18.631567795306292]"
1161,goal_117,1,exito,15862,2531.72,05,subwp,524,1,E2.1,E2.1-R0,False,subwp,524,05,1,2472786840,exito,,507.584,0,0,"[0.0, -17.862678714668434]"
1162,goal_117,2,exito,15862,2531.72,05,subwp,524,1,E2.1,E2.1-R0,False,subwp,524,05,2,174778914,exito,,507.584,0,0,"[0.0, -15.741326627132459]"
1163,goal_117,3,exito,15862,2531.71,05,subwp,524,1,E2.1,E2.1-R0,False,subwp,524,05,3,2104351412,exito,,507.584,0,0,"[0.0, 20.000901835026593]"
1164,goal_117,4,exito,15862,2531.73,05,subwp,524,1,E2.1,E2.1-R0,False,subwp,524,05,4,3809038103,exito,,507.584,0,0,"[0.0, 29.07019882289978]"
1165,goal_117,5,col_return,10842,1544.89,05,subwp,524,1,E2.1,E2.1-R0,False,subwp,524,05,5,2483978113,col_return,return,346.944,0,0,"[0.0, -26.4246374252958]"
1166,goal_117,6,exito,15853,2530.41,05,subwp,524,1,E2.1,E2.1-R0,False,subwp,524,05,6,218574395,exito,,507.296,0,0,"[0.0, -6.529170749067332]"
1167,goal_117,7,exito,15862,2531.72,05,subwp,524,1,E2.1,E2.1-R0,False,subwp,524,05,7,2046828205,exito,,507.584,0,0,"[0.0, 27.431089430397332]"
1168,goal_117,8,exito,15862,2531.72,05,subwp,524,1,E2.1,E2.1-R0,False,subwp,524,05,8,3938386748,exito,,507.584,0,0,"[0.0, 5.165437093453402]"
1169,goal_117,9,exito,15862,2531.71,05,subwp,524,1,E2.1,E2.1-R0,False,subwp,524,05,9,2646094762,exito,,507.584,0,0,"[0.0, -5.93335009822076]"
1170,goal_117,10,exito,15862,2531.31,05,subwp,524,1,E2.1,E2.1-R0,False,subwp,524,05,10,178038764,exito,,507.584,0,0,"[0.0, 16.94099636318569]"
1171,goal_118,1,col_return,10658,1500.38,05,subwp,524,1,E2.1,E2.1-R0,False,subwp,524,05,1,2460078511,col_return,return,341.056,0,0,"[0.0, 1.643629752809479]"
1172,goal_118,2,exito,15576,2488.11,05,subwp,524,1,E2.1,E2.1-R0,False,subwp,524,05,2,195592213,exito,,498.432,0,0,"[0.0, 14.086001096406973]"
1173,goal_118,3,exito,15586,2488.82,05,subwp,524,1,E2.1,E2.1-R0,False,subwp,524,05,3,2091888771,exito,,498.752,0,0,"[0.0, -8.832041534900931]"
1174,goal_118,4,exito,15586,2488.82,05,subwp,524,1,E2.1,E2.1-R0,False,subwp,524,05,4,3804964128,exito,,498.752,0,0,"[0.0, 5.321708520182931]"
1175,goal_118,5,exito,15586,2488.83,05,subwp,524,1,E2.1,E2.1-R0,False,subwp,524,05,5,2513180086,exito,,498.752,0,0,"[0.0, 25.772179093644112]"
1176,goal_118,6,exito,15586,2488.42,05,subwp,524,1,E2.1,E2.1-R0,False,subwp,524,05,6,214254604,exito,,498.752,0,0,"[0.0, 4.034326758715913]"
1177,goal_118,7,exito,15586,2488.83,05,subwp,524,1,E2.1,E2.1-R0,False,subwp,524,05,7,2076341402,exito,,498.752,0,0,"[0.0, -7.154594153236062]"
1178,goal_118,8,exito,15588,2489.13,05,subwp,524,1,E2.1,E2.1-R0,False,subwp,524,05,8,3950864651,exito,,498.816,0,0,"[0.0, -9.480570049020942]"
1179,goal_118,9,exito,15586,2477.86,05,subwp,524,1,E2.1,E2.1-R0,False,subwp,524,05,9,2625264029,exito,,498.752,0,0,"[0.0, -17.64267923618015]"
1180,goal_118,10,col_return,10458,1484.74,05,subwp,524,1,E2.1,E2.1-R0,False,subwp,524,05,10,2988490889,col_return,return,334.656,0,0,"[0.0, 17.470189201647692]"
1181,goal_119,1,exito,16111,2566.31,05,subwp,524,1,E2.1,E2.1-R0,False,subwp,524,05,1,2583533202,exito,,515.552,0,0,"[0.0, 28.122700662652264]"
1182,goal_119,2,exito,16119,2567.51,05,subwp,524,1,E2.1,E2.1-R0,False,subwp,524,05,2,16041768,exito,,515.808,0,0,"[0.0, 1.6906864023189505]"
1183,goal_119,3,exito,16119,2567.52,05,subwp,524,1,E2.1,E2.1-R0,False,subwp,524,05,3,2012477374,exito,,515.808,0,0,"[0.0, 26.319093408716068]"
1184,goal_119,4,exito,16119,2560.97,05,subwp,524,1,E2.1,E2.1-R0,False,subwp,524,05,4,3919012381,exito,,515.808,0,0,"[0.0, 28.056633228892235]"
1185,goal_119,5,col_return,10761,1530.69,05,subwp,524,1,E2.1,E2.1-R0,False,subwp,524,05,5,2660258443,col_return,return,344.352,0,0,"[0.0, 25.30504944272313]"
1186,goal_119,6,exito,16111,2566.32,05,subwp,524,1,E2.1,E2.1-R0,False,subwp,524,05,6,127468337,exito,,515.552,0,0,"[0.0, -2.9707143800407287]"
1187,goal_119,7,exito,16119,2567.51,05,subwp,524,1,E2.1,E2.1-R0,False,subwp,524,05,7,1889416103,exito,,515.808,0,0,"[0.0, -21.44372667126206]"
1188,goal_119,8,exito,16119,2567.51,05,subwp,524,1,E2.1,E2.1-R0,False,subwp,524,05,8,3760270902,exito,,515.808,0,0,"[0.0, -1.6499568256431352]"
1189,goal_119,9,exito,16119,2536.02,05,subwp,524,1,E2.1,E2.1-R0,False,subwp,524,05,9,2535857824,exito,,515.808,0,0,"[0.0, -25.688476536272443]"
1190,goal_119,10,col_return,10648,1511.1,05,subwp,524,1,E2.1,E2.1-R0,False,subwp,524,05,10,3930312927,col_return,return,340.736,0,0,"[0.0, -18.31302907454089]"
1191,goal_120,1,exito,15817,2522.23,05,subwp,524,1,E2.1,E2.1-R0,False,subwp,524,05,1,2554330277,exito,,506.144,0,0,"[0.0, -14.092967954206975]"
1192,goal_120,2,exito,15827,2522.91,05,subwp,524,1,E2.1,E2.1-R0,False,subwp,524,05,2,20360479,exito,,506.464,0,0,"[0.0, 21.987416096981686]"
1193,goal_120,3,exito,15826,2522.28,05,subwp,524,1,E2.1,E2.1-R0,False,subwp,524,05,3,1982963081,exito,,506.432,0,0,"[0.0, -24.06358545730675]"
1194,goal_120,4,exito,15826,2522.74,05,subwp,524,1,E2.1,E2.1-R0,False,subwp,524,05,4,3897886762,exito,,506.432,0,0,"[0.0, -25.3637967439334]"
1195,goal_120,5,exito,15827,2515.84,05,subwp,524,1,E2.1,E2.1-R0,False,subwp,524,05,5,2672965820,exito,,506.464,0,0,"[0.0, -5.142253096067943]"
1196,goal_120,6,col_return,10614,1502.72,05,subwp,524,1,E2.1,E2.1-R0,False,subwp,524,05,6,106653958,col_return,return,339.648,0,0,"[0.0, 16.821702558210156]"
1197,goal_120,7,exito,15816,2522.04,05,subwp,524,1,E2.1,E2.1-R0,False,subwp,524,05,7,1901877648,exito,,506.112,0,0,"[0.0, 27.238676315899742]"
1198,goal_120,8,exito,15826,2522.73,05,subwp,524,1,E2.1,E2.1-R0,False,subwp,524,05,8,3789767681,exito,,506.432,0,0,"[0.0, -0.5871103640999209]"
1199,goal_120,9,exito,15826,2522.74,05,subwp,524,1,E2.1,E2.1-R0,False,subwp,524,05,9,2531554455,exito,,506.432,0,0,"[0.0, -25.899823715750408]"
1200,goal_120,10,exito,15826,2522.74,05,subwp,524,1,E2.1,E2.1-R0,False,subwp,524,05,10,1392490426,exito,,506.432,0,0,"[0.0, -21.412447906084367]"
1201,goal_121,1,exito,16337,2562.56,05,subwp,524,1,E2.1,E2.1-R0,False,subwp,524,05,1,2237360324,exito,,522.784,0,0,"[0.0, 12.61361422154738]"
1202,goal_121,2,col_return,10744,1519.54,05,subwp,524,1,E2.1,E2.1-R0,False,subwp,524,05,2,475150718,col_return,return,343.808,0,0,"[0.0, 10.961018444899992]"
1203,goal_121,3,exito,16328,2596.98,05,subwp,524,1,E2.1,E2.1-R0,False,subwp,524,05,3,1800735208,exito,,522.496,0,0,"[0.0, 11.627729420901279]"
1204,goal_121,4,exito,16337,2598.07,05,subwp,524,1,E2.1,E2.1-R0,False,subwp,524,05,4,4113669195,exito,,522.784,0,0,"[0.0, -21.916871711809787]"
1205,goal_121,5,exito,16335,2590.64,05,subwp,524,1,E2.1,E2.1-R0,False,subwp,524,05,5,2184621277,exito,,522.72,0,0,"[0.0, -28.128323034825595]"
1206,goal_121,6,col_return,10860,1543.96,05,subwp,524,1,E2.1,E2.1-R0,False,subwp,524,05,6,457178471,col_return,return,347.52,0,0,"[0.0, 13.01813997820847]"
1207,goal_121,7,exito,16328,2596.86,05,subwp,524,1,E2.1,E2.1-R0,False,subwp,524,05,7,1815662065,exito,,522.496,0,0,"[0.0, 6.135774704052253]"
1208,goal_121,8,exito,16335,2597.72,05,subwp,524,1,E2.1,E2.1-R0,False,subwp,524,05,8,4236759136,exito,,522.72,0,0,"[0.0, 22.307994183095737]"
1209,goal_121,9,exito,16335,2595.47,05,subwp,524,1,E2.1,E2.1-R0,False,subwp,524,05,9,2340479222,exito,,522.72,0,0,"[0.0, -20.031798671755183]"
1210,goal_121,10,col_return,10934,1552.03,05,subwp,524,1,E2.1,E2.1-R0,False,subwp,524,05,10,1750565600,col_return,return,349.888,0,0,"[0.0, 26.022593058386846]"
1211,goal_122,1,exito,16046,2553.15,05,subwp,524,1,E2.1,E2.1-R0,False,subwp,524,05,1,2224620275,exito,,513.472,0,0,"[0.0, 8.556089003514476]"
1212,goal_122,2,exito,16056,2553.86,05,subwp,524,1,E2.1,E2.1-R0,False,subwp,524,05,2,495997769,exito,,513.792,0,0,"[0.0, -17.88332161788498]"
1213,goal_122,3,exito,16056,2553.85,05,subwp,524,1,E2.1,E2.1-R0,False,subwp,524,05,3,1788306399,exito,,513.792,0,0,"[0.0, -22.336736969483905]"
1214,goal_122,4,exito,16056,2545.94,05,subwp,524,1,E2.1,E2.1-R0,False,subwp,524,05,4,4109629052,exito,,513.792,0,0,"[0.0, 25.640884697020756]"
1215,goal_122,5,col_return,10722,1514.49,05,subwp,524,1,E2.1,E2.1-R0,False,subwp,524,05,5,2213857002,col_return,return,343.104,0,0,"[0.0, 11.539572560490335]"
1216,goal_122,6,exito,16046,2553.14,05,subwp,524,1,E2.1,E2.1-R0,False,subwp,524,05,6,452826960,exito,,513.472,0,0,"[0.0, -9.758861381759392]"
1217,goal_122,7,exito,16056,2553.86,05,subwp,524,1,E2.1,E2.1-R0,False,subwp,524,05,7,1845143494,exito,,513.792,0,0,"[0.0, -9.484467405812902]"
1218,goal_122,8,exito,16056,2553.86,05,subwp,524,1,E2.1,E2.1-R0,False,subwp,524,05,8,4249205335,exito,,513.792,0,0,"[0.0, 14.616367472565546]"
1219,goal_122,9,exito,16056,2548.87,05,subwp,524,1,E2.1,E2.1-R0,False,subwp,524,05,9,2319616705,exito,,513.792,0,0,"[0.0, 5.494747023604916]"
1220,goal_122,10,col_return,10755,1516.52,05,subwp,524,1,E2.1,E2.1-R0,False,subwp,524,05,10,3505120645,col_return,return,344.16,0,0,"[0.0, 21.048733030803017]"
1221,goal_123,1,exito,16579,2632.44,05,subwp,524,1,E2.1,E2.1-R0,False,subwp,524,05,1,2262809770,exito,,530.528,0,0,"[0.0, 5.050978117723952]"
1222,goal_123,2,exito,16588,2633.74,05,subwp,524,1,E2.1,E2.1-R0,False,subwp,524,05,2,534179088,exito,,530.816,0,0,"[0.0, 14.242695970587471]"
1223,goal_123,3,col_return,11554,1640.9,05,subwp,524,1,E2.1,E2.1-R0,False,subwp,524,05,3,1758584198,col_return,return,369.728,0,0,"[0.0, 25.64382283289688]"
1224,goal_123,4,exito,16579,2632.43,05,subwp,524,1,E2.1,E2.1-R0,False,subwp,524,05,4,4139075621,exito,,530.528,0,0,"[0.0, -12.13108952630077]"
1225,goal_123,5,exito,16588,2633.73,05,subwp,524,1,E2.1,E2.1-R0,False,subwp,524,05,5,2175957171,exito,,530.816,0,0,"[0.0, -18.481515347130394]"
1226,goal_123,6,exito,16588,2606.77,05,subwp,524,1,E2.1,E2.1-R0,False,subwp,524,05,6,414918921,exito,,530.816,0,0,"[0.0, -0.8208224323752189]"
1227,goal_123,7,col_return,10898,1543.06,05,subwp,524,1,E2.1,E2.1-R0,False,subwp,524,05,7,1874598303,col_return,return,348.736,0,0,"[0.0, 1.3291772253993828]"
1228,goal_123,8,exito,16579,2632.44,05,subwp,524,1,E2.1,E2.1-R0,False,subwp,524,05,8,4278387726,exito,,530.528,0,0,"[0.0, -8.734023989682598]"
1229,goal_123,9,exito,16588,2633.72,05,subwp,524,1,E2.1,E2.1-R0,False,subwp,524,05,9,2281976984,exito,,530.816,0,0,"[0.0, 6.737313126934586]"
1230,goal_123,10,col_return,11357,1613.88,05,subwp,524,1,E2.1,E2.1-R0,False,subwp,524,05,10,3260959339,col_return,return,363.424,0,0,"[0.0, 21.418331780363427]"
1231,goal_124,1,exito,16304,2591.85,05,subwp,524,1,E2.1,E2.1-R0,False,subwp,524,05,1,2266879645,exito,,521.728,0,0,"[0.0, 9.872137565599843]"
1232,goal_124,2,exito,16314,2592.57,05,subwp,524,1,E2.1,E2.1-R0,False,subwp,524,05,2,504661799,exito,,522.048,0,0,"[0.0, -23.297829882588427]"
1233,goal_124,3,exito,16314,2592.57,05,subwp,524,1,E2.1,E2.1-R0,False,subwp,524,05,3,1762899889,exito,,522.048,0,0,"[0.0, -8.032137595824722]"
1234,goal_124,4,col_return,11081,1568.45,05,subwp,524,1,E2.1,E2.1-R0,False,subwp,524,05,4,4151779858,col_return,return,354.592,0,0,"[0.0, 10.242744710838586]"
1235,goal_124,5,exito,16304,2591.86,05,subwp,524,1,E2.1,E2.1-R0,False,subwp,524,05,5,2154828420,exito,,521.728,0,0,"[0.0, -14.928802831564582]"
1236,goal_124,6,exito,16314,2592.54,05,subwp,524,1,E2.1,E2.1-R0,False,subwp,524,05,6,427377470,exito,,522.048,0,0,"[0.0, -8.313903247733112]"
1237,goal_124,7,exito,16314,2592.57,05,subwp,524,1,E2.1,E2.1-R0,False,subwp,524,05,7,1853780904,exito,,522.048,0,0,"[0.0, -1.0041816053073616]"
1238,goal_124,8,col_return,11076,1562.53,05,subwp,524,1,E2.1,E2.1-R0,False,subwp,524,05,8,4274089529,col_return,return,354.432,0,0,"[0.0, 24.399531513490203]"
1239,goal_124,9,exito,16304,2591.94,05,subwp,524,1,E2.1,E2.1-R0,False,subwp,524,05,9,2311478959,exito,,521.728,0,0,"[0.0, -26.304770151493067]"
1240,goal_124,10,exito,16314,2592.57,05,subwp,524,1,E2.1,E2.1-R0,False,subwp,524,05,10,2061643022,exito,,522.048,0,0,"[0.0, 13.717847577338043]"
1241,goal_125,1,exito,16839,2655.38,05,subwp,524,1,E2.1,E2.1-R0,False,subwp,524,05,1,2186461208,exito,,538.848,0,0,"[0.0, -25.704456397447537]"
1242,goal_125,2,col_return,11060,1570.22,05,subwp,524,1,E2.1,E2.1-R0,False,subwp,524,05,2,458985890,col_return,return,353.92,0,0,"[0.0, 29.45299368128998]"
1243,goal_125,3,exito,16833,2670.04,05,subwp,524,1,E2.1,E2.1-R0,False,subwp,524,05,3,1818009908,exito,,538.656,0,0,"[0.0, 19.957098808520147]"
1244,goal_125,4,exito,16839,2669.07,05,subwp,524,1,E2.1,E2.1-R0,False,subwp,524,05,4,4063769751,exito,,538.848,0,0,"[0.0, -3.414922988603031]"
1245,goal_125,5,col_return,11197,1590.59,05,subwp,524,1,E2.1,E2.1-R0,False,subwp,524,05,5,2235499521,col_return,return,358.304,0,0,"[0.0, -5.967836111691431]"
1246,goal_125,6,exito,16831,2669.76,05,subwp,524,1,E2.1,E2.1-R0,False,subwp,524,05,6,473322939,exito,,538.592,0,0,"[0.0, -15.878082469843498]"
1247,goal_125,7,exito,16839,2670.56,05,subwp,524,1,E2.1,E2.1-R0,False,subwp,524,05,7,1798399277,exito,,538.848,0,0,"[0.0, 5.061642026257287]"
1248,goal_125,8,col_return,11261,1598.74,05,subwp,524,1,E2.1,E2.1-R0,False,subwp,524,05,8,4220418236,col_return,return,360.352,0,0,"[0.0, -6.144646264565505]"
1249,goal_125,9,exito,16831,2669.77,05,subwp,524,1,E2.1,E2.1-R0,False,subwp,524,05,9,2357807146,exito,,538.592,0,0,"[0.0, 26.1166404629209]"
1250,goal_125,10,exito,16839,2670.98,05,subwp,524,1,E2.1,E2.1-R0,False,subwp,524,05,10,3879015863,exito,,538.848,0,0,"[0.0, -23.08142529611076]"
1251,goal_126,1,col_return,11159,1584.38,05,subwp,524,1,E2.1,E2.1-R0,False,subwp,524,05,1,2207296047,col_return,return,357.088,0,0,"[0.0, -18.85204143027306]"
1252,goal_126,2,exito,16561,2631.52,05,subwp,524,1,E2.1,E2.1-R0,False,subwp,524,05,2,446299029,exito,,529.952,0,0,"[0.0, 26.75038964151029]"
1253,goal_126,3,exito,16571,2632.25,05,subwp,524,1,E2.1,E2.1-R0,False,subwp,524,05,3,1839123203,exito,,530.272,0,0,"[0.0, 22.948803365635207]"
1254,goal_126,4,col_return,11516,1633.55,05,subwp,524,1,E2.1,E2.1-R0,False,subwp,524,05,4,4093271712,col_return,return,368.512,0,0,"[0.0, -16.51196757927265]"
1255,goal_126,5,exito,16561,2631.56,05,subwp,524,1,E2.1,E2.1-R0,False,subwp,524,05,5,2231201334,exito,,529.952,0,0,"[0.0, -6.282473014858303]"
1256,goal_126,6,exito,16571,2632.24,05,subwp,524,1,E2.1,E2.1-R0,False,subwp,524,05,6,502546316,exito,,530.272,0,0,"[0.0, 7.096064405137367]"
1257,goal_126,7,exito,16571,2609.61,05,subwp,524,1,E2.1,E2.1-R0,False,subwp,524,05,7,1794314010,exito,,530.272,0,0,"[0.0, 13.578640781980686]"
1258,goal_126,8,col_return,10903,1546.45,05,subwp,524,1,E2.1,E2.1-R0,False,subwp,524,05,8,4199289483,col_return,return,348.896,0,0,"[0.0, -14.946437666969059]"
1259,goal_126,9,exito,16561,2631.54,05,subwp,524,1,E2.1,E2.1-R0,False,subwp,524,05,9,2370511389,exito,,529.952,0,0,"[0.0, 6.5192571359168605]"
1260,goal_126,10,exito,16571,2631.71,05,subwp,524,1,E2.1,E2.1-R0,False,subwp,524,05,10,1602843346,exito,,530.272,0,0,"[0.0, -4.481352267213499]"
1261,goal_127,1,col_return,11634,1648.81,05,subwp,524,1,E2.1,E2.1-R0,False,subwp,524,05,1,2178290806,col_return,return,372.288,0,0,"[0.0, -11.328803363321418]"
1262,goal_127,2,exito,17057,2703.59,05,subwp,524,1,E2.1,E2.1-R0,False,subwp,524,05,2,417285580,exito,,545.824,0,0,"[0.0, -17.455158411448647]"
1263,goal_127,3,exito,17064,2699.46,05,subwp,524,1,E2.1,E2.1-R0,False,subwp,524,05,3,1876456794,exito,,546.048,0,0,"[0.0, -19.492109009726025]"
1264,goal_127,4,col_return,11251,1595.13,05,subwp,524,1,E2.1,E2.1-R0,False,subwp,524,05,4,4055687417,col_return,return,360.032,0,0,"[0.0, 19.215072925211118]"
1265,goal_127,5,exito,17057,2703.58,05,subwp,524,1,E2.1,E2.1-R0,False,subwp,524,05,5,2260455535,exito,,545.824,0,0,"[0.0, -7.48828215368497]"
1266,goal_127,6,col_return,12108,1714.78,05,subwp,524,1,E2.1,E2.1-R0,False,subwp,524,05,6,531792341,col_return,return,387.456,0,0,"[0.0, -7.675073616850296]"
1267,goal_127,7,exito,17057,2703.59,05,subwp,524,1,E2.1,E2.1-R0,False,subwp,524,05,7,1756737859,exito,,545.824,0,0,"[0.0, -16.604542881613128]"
1268,goal_127,8,exito,17064,2704.64,05,subwp,524,1,E2.1,E2.1-R0,False,subwp,524,05,8,4161449170,exito,,546.048,0,0,"[0.0, 16.494726796327164]"
1269,goal_127,9,col_return,11473,1632.47,05,subwp,524,1,E2.1,E2.1-R0,False,subwp,524,05,9,2400033860,col_return,return,367.136,0,0,"[0.0, 0.6027237416262432]"
1270,goal_127,10,exito,17057,2703.58,05,subwp,524,1,E2.1,E2.1-R0,False,subwp,524,05,10,1295834428,exito,,545.824,0,0,"[0.0, 25.60481515842296]"
1271,goal_128,1,exito,16804,2662.46,05,subwp,524,1,E2.1,E2.1-R0,False,subwp,524,05,1,2148826689,exito,,537.728,0,0,"[0.0, 8.193733873774134]"
1272,goal_128,2,col_return,11175,1584.46,05,subwp,524,1,E2.1,E2.1-R0,False,subwp,524,05,2,421343227,col_return,return,357.6,0,0,"[0.0, -27.404926842844517]"
1273,goal_128,3,exito,16792,2663.35,05,subwp,524,1,E2.1,E2.1-R0,False,subwp,524,05,3,1847205741,exito,,537.344,0,0,"[0.0, 20.672779234928612]"
1274,goal_128,4,exito,16804,2664.24,05,subwp,524,1,E2.1,E2.1-R0,False,subwp,524,05,4,4034824910,exito,,537.728,0,0,"[0.0, 27.850747000976707]"
1275,goal_128,5,col_return,11286,1602.51,05,subwp,524,1,E2.1,E2.1-R0,False,subwp,524,05,5,2272901720,col_return,return,361.152,0,0,"[0.0, 3.4813998628890097]"
1276,goal_128,6,exito,16792,2663.58,05,subwp,524,1,E2.1,E2.1-R0,False,subwp,524,05,6,510716898,exito,,537.344,0,0,"[0.0, -1.1696653223075248]"
1277,goal_128,7,exito,16804,2664.13,05,subwp,524,1,E2.1,E2.1-R0,False,subwp,524,05,7,1769462644,exito,,537.728,0,0,"[0.0, -15.828364469201828]"
1278,goal_128,8,col_return,11351,1612.18,05,subwp,524,1,E2.1,E2.1-R0,False,subwp,524,05,8,4190684901,col_return,return,363.232,0,0,"[0.0, -9.556205709424148]"
1279,goal_128,9,exito,16791,2663.4,05,subwp,524,1,E2.1,E2.1-R0,False,subwp,524,05,9,2395993715,exito,,537.312,0,0,"[0.0, 28.352266412422217]"
1280,goal_128,10,exito,16804,2663.84,05,subwp,524,1,E2.1,E2.1-R0,False,subwp,524,05,10,4118854233,exito,,537.728,0,0,"[0.0, -10.628322483127118]"
1281,goal_129,1,col_return,11635,1654.09,05,subwp,524,1,E2.1,E2.1-R0,False,subwp,524,05,1,2336766332,col_return,return,372.32,0,0,"[0.0, 27.63541209795197]"
1282,goal_129,2,exito,17309,2741.11,05,subwp,524,1,E2.1,E2.1-R0,False,subwp,524,05,2,306276550,exito,,553.888,0,0,"[0.0, -11.436409543508525]"
1283,goal_129,3,col_return,12165,1729.51,05,subwp,524,1,E2.1,E2.1-R0,False,subwp,524,05,3,1699108944,col_return,return,389.28,0,0,"[0.0, -21.40646744206203]"
1284,goal_129,4,exito,17309,2741.1,05,subwp,524,1,E2.1,E2.1-R0,False,subwp,524,05,4,4213362163,exito,,553.888,0,0,"[0.0, 18.066212885660196]"
1285,goal_129,5,exito,17321,2716.18,05,subwp,524,1,E2.1,E2.1-R0,False,subwp,524,05,5,2351299941,exito,,554.272,0,0,"[0.0, -9.730683438001446]"
1286,goal_129,6,exito,17321,2742.68,05,subwp,524,1,E2.1,E2.1-R0,False,subwp,524,05,6,355249375,exito,,554.272,0,0,"[0.0, 14.834125248188473]"
1287,goal_129,7,exito,17321,2742.87,05,subwp,524,1,E2.1,E2.1-R0,False,subwp,524,05,7,1647025225,exito,,554.272,0,0,"[0.0, 26.508438806056628]"
1288,goal_129,8,exito,17321,2742.77,05,subwp,524,1,E2.1,E2.1-R0,False,subwp,524,05,8,4069818840,exito,,554.272,0,0,"[0.0, 2.465120056322212]"
1289,goal_129,9,col_return,11529,1638.24,05,subwp,524,1,E2.1,E2.1-R0,False,subwp,524,05,9,2241048910,col_return,return,368.928,0,0,"[0.0, 7.861086215740247]"
1290,goal_129,10,exito,17309,2741.1,05,subwp,524,1,E2.1,E2.1-R0,False,subwp,524,05,10,2917378575,exito,,553.888,0,0,"[0.0, 14.136462697442362]"
1291,goal_130,1,col_return,11994,1699.22,05,subwp,524,1,E2.1,E2.1-R0,False,subwp,524,05,1,2324321099,col_return,return,383.808,0,0,"[0.0, -12.880237284092395]"
1292,goal_130,2,exito,17066,2701.65,05,subwp,524,1,E2.1,E2.1-R0,False,subwp,524,05,2,327353073,exito,,546.112,0,0,"[0.0, -25.018278692200205]"
1293,goal_130,3,exito,17076,2701.67,05,subwp,524,1,E2.1,E2.1-R0,False,subwp,524,05,3,1686385255,exito,,546.432,0,0,"[0.0, 22.6109684871297]"
1294,goal_130,4,col_return,11414,1620.33,05,subwp,524,1,E2.1,E2.1-R0,False,subwp,524,05,4,4209027012,col_return,return,365.248,0,0,"[0.0, -12.532281750266577]"
1295,goal_130,5,exito,17066,2701.62,05,subwp,524,1,E2.1,E2.1-R0,False,subwp,524,05,5,2380765010,exito,,546.112,0,0,"[0.0, -16.078096476980445]"
1296,goal_130,6,exito,17076,2675.08,05,subwp,524,1,E2.1,E2.1-R0,False,subwp,524,05,6,351192808,exito,,546.432,0,0,"[0.0, -5.743610576422348]"
1297,goal_130,7,exito,17076,2697.13,05,subwp,524,1,E2.1,E2.1-R0,False,subwp,524,05,7,1676277374,exito,,546.432,0,0,"[0.0, -26.125467246376736]"
1298,goal_130,8,exito,17076,2702.33,05,subwp,524,1,E2.1,E2.1-R0,False,subwp,524,05,8,4082559983,exito,,546.432,0,0,"[0.0, -19.85017732509117]"
1299,goal_130,9,exito,17076,2702.33,05,subwp,524,1,E2.1,E2.1-R0,False,subwp,524,05,9,2219957113,exito,,546.432,0,0,"[0.0, 13.509249083680565]"
1300,goal_130,10,col_return,11773,1670.94,05,subwp,524,1,E2.1,E2.1-R0,False,subwp,524,05,10,358600042,col_return,return,376.736,0,0,"[0.0, 16.95108416084316]"
1301,goal_131,1,exito,17541,2771.44,05,subwp,524,1,E2.1,E2.1-R0,False,subwp,524,05,1,1038552993,exito,,561.312,0,0,"[0.0, 16.531940506052397]"
1302,goal_131,2,col_return,12352,1757.12,05,subwp,524,1,E2.1,E2.1-R0,False,subwp,524,05,2,2767085083,col_return,return,395.264,0,0,"[0.0, 6.583981571403113]"
1303,goal_131,3,exito,17541,2771.42,05,subwp,524,1,E2.1,E2.1-R0,False,subwp,524,05,3,3555290765,exito,,561.312,0,0,"[0.0, -12.154106589477765]"
1304,goal_131,4,col_return,12407,1761.65,05,subwp,524,1,E2.1,E2.1-R0,False,subwp,524,05,4,1301150510,col_return,return,397.024,0,0,"[0.0, 7.711929764335579]"
1305,goal_131,5,exito,17541,2771.45,05,subwp,524,1,E2.1,E2.1-R0,False,subwp,524,05,5,982174648,exito,,561.312,0,0,"[0.0, -7.581677049409182]"
1306,goal_131,6,col_return,12434,1763.54,05,subwp,524,1,E2.1,E2.1-R0,False,subwp,524,05,6,2743310850,col_return,return,397.888,0,0,"[0.0, -9.443427103559666]"
1307,goal_131,7,exito,17541,2771.45,05,subwp,524,1,E2.1,E2.1-R0,False,subwp,524,05,7,3565464212,exito,,561.312,0,0,"[0.0, 22.68111212215391]"
1308,goal_131,8,col_return,12443,1769.5,05,subwp,524,1,E2.1,E2.1-R0,False,subwp,524,05,8,1144764165,col_return,return,398.176,0,0,"[0.0, -13.825800600418802]"
1309,goal_131,9,exito,17541,2771.45,05,subwp,524,1,E2.1,E2.1-R0,False,subwp,524,05,9,859604883,exito,,561.312,0,0,"[0.0, 13.953764285610674]"
1310,goal_131,10,col_return,12446,1771.98,05,subwp,524,1,E2.1,E2.1-R0,False,subwp,524,05,10,1429711696,col_return,return,398.272,0,0,"[0.0, 17.41608165478496]"
1311,goal_132,1,exito,17276,2730.95,05,subwp,524,1,E2.1,E2.1-R0,False,subwp,524,05,1,1009083798,exito,,552.832,0,0,"[0.0, -2.8101729677447107]"
1312,goal_132,2,exito,17286,2720.53,05,subwp,524,1,E2.1,E2.1-R0,False,subwp,524,05,2,2771137580,exito,,553.152,0,0,"[0.0, 16.863338125365114]"
1313,goal_132,3,exito,17286,2731.67,05,subwp,524,1,E2.1,E2.1-R0,False,subwp,524,05,3,3526034618,exito,,553.152,0,0,"[0.0, 15.581806481556713]"
1314,goal_132,4,exito,17286,2731.66,05,subwp,524,1,E2.1,E2.1-R0,False,subwp,524,05,4,1280282905,exito,,553.152,0,0,"[0.0, -23.281121623770794]"
1315,goal_132,5,exito,17286,2731.64,05,subwp,524,1,E2.1,E2.1-R0,False,subwp,524,05,5,994615695,exito,,553.152,0,0,"[0.0, 29.99064717977979]"
1316,goal_132,6,col_return,11631,1648.69,05,subwp,524,1,E2.1,E2.1-R0,False,subwp,524,05,6,2722230325,col_return,return,372.192,0,0,"[0.0, 28.278735259482374]"
1317,goal_132,7,exito,17277,2731.23,05,subwp,524,1,E2.1,E2.1-R0,False,subwp,524,05,7,3578183843,exito,,552.864,0,0,"[0.0, 16.67997346898423]"
1318,goal_132,8,col_return,12172,1729.69,05,subwp,524,1,E2.1,E2.1-R0,False,subwp,524,05,8,1174002994,col_return,return,389.504,0,0,"[0.0, 4.625711912652346]"
1319,goal_132,9,exito,17277,2731.23,05,subwp,524,1,E2.1,E2.1-R0,False,subwp,524,05,9,855567780,exito,,552.864,0,0,"[0.0, -11.100866081066714]"
1320,goal_132,10,exito,17287,2719.86,05,subwp,524,1,E2.1,E2.1-R0,False,subwp,524,05,10,3985361973,exito,,553.184,0,0,"[0.0, -16.6679452037548]"
1321,goal_133,1,col_return,10965,1535.54,05,subwp,524,1,E2.1,E2.1-R0,False,subwp,524,05,1,1046731727,col_return,return,350.88,0,0,"[0.0, 14.108497758802761]"
1322,goal_133,2,exito,16607,2614.62,05,subwp,524,1,E2.1,E2.1-R0,False,subwp,524,05,2,2808777333,exito,,531.424,0,0,"[0.0, 10.922893038920709]"
1323,goal_133,3,exito,16617,2614.79,05,subwp,524,1,E2.1,E2.1-R0,False,subwp,524,05,3,3496852195,exito,,531.744,0,0,"[0.0, -19.057649634391254]"
1324,goal_133,4,col_return,11371,1591.87,05,subwp,524,1,E2.1,E2.1-R0,False,subwp,524,05,4,1309224768,col_return,return,363.872,0,0,"[0.0, 12.613382500642324]"
1325,goal_133,5,exito,16607,2614.59,05,subwp,524,1,E2.1,E2.1-R0,False,subwp,524,05,5,957226966,exito,,531.424,0,0,"[0.0, 6.3228320910421925]"
1326,goal_133,6,exito,16617,2614.78,05,subwp,524,1,E2.1,E2.1-R0,False,subwp,524,05,6,2684833388,exito,,531.744,0,0,"[0.0, 11.131159216449198]"
1327,goal_133,7,col_return,11582,1617.06,05,subwp,524,1,E2.1,E2.1-R0,False,subwp,524,05,7,3607133946,col_return,return,370.624,0,0,"[0.0, -19.48742151463368]"
1328,goal_133,8,exito,16606,2614.94,05,subwp,524,1,E2.1,E2.1-R0,False,subwp,524,05,8,1203725163,exito,,531.392,0,0,"[0.0, 13.634299724681417]"
1329,goal_133,9,exito,16617,2614.81,05,subwp,524,1,E2.1,E2.1-R0,False,subwp,524,05,9,817386493,exito,,531.744,0,0,"[0.0, 8.989509554904913]"
1330,goal_133,10,col_return,11695,1627.98,05,subwp,524,1,E2.1,E2.1-R0,False,subwp,524,05,10,4282278875,col_return,return,374.24,0,0,"[0.0, 6.0344866798896835]"
1331,goal_134,1,exito,16636,2626.47,05,subwp,524,1,E2.1,E2.1-R0,False,subwp,524,05,1,1067561464,exito,,532.352,0,0,"[0.0, -13.620949052469552]"
1332,goal_134,2,exito,16646,2626.72,05,subwp,524,1,E2.1,E2.1-R0,False,subwp,524,05,2,2796085314,exito,,532.672,0,0,"[0.0, 16.87838207987212]"
1333,goal_134,3,exito,16646,2584.96,05,subwp,524,1,E2.1,E2.1-R0,False,subwp,524,05,3,3517960404,exito,,532.672,0,0,"[0.0, 1.6528881976786969]"
1334,goal_134,4,col_return,10871,1526.1,05,subwp,524,1,E2.1,E2.1-R0,False,subwp,524,05,4,1338721655,col_return,return,347.872,0,0,"[0.0, -18.77874369733101]"
1335,goal_134,5,exito,16635,2626.75,05,subwp,524,1,E2.1,E2.1-R0,False,subwp,524,05,5,952923617,exito,,532.32,0,0,"[0.0, -10.012819253076428]"
1336,goal_134,6,exito,16646,2626.69,05,subwp,524,1,E2.1,E2.1-R0,False,subwp,524,05,6,2714051675,exito,,532.672,0,0,"[0.0, -15.309732897470298]"
1337,goal_134,7,col_return,11298,1585.22,05,subwp,524,1,E2.1,E2.1-R0,False,subwp,524,05,7,3603043533,col_return,return,361.536,0,0,"[0.0, -22.454168212567986]"
1338,goal_134,8,exito,16636,2626.46,05,subwp,524,1,E2.1,E2.1-R0,False,subwp,524,05,8,1182599516,exito,,532.352,0,0,"[0.0, 19.348589431390003]"
1339,goal_134,9,exito,16646,2626.69,05,subwp,524,1,E2.1,E2.1-R0,False,subwp,524,05,9,830093770,exito,,532.672,0,0,"[0.0, 12.403041468544052]"
1340,goal_134,10,col_return,11503,1618.18,05,subwp,524,1,E2.1,E2.1-R0,False,subwp,524,05,10,1199703230,col_return,return,368.096,0,0,"[0.0, -23.90507383714549]"
1341,goal_135,1,exito,16493,2595.37,05,subwp,524,1,E2.1,E2.1-R0,False,subwp,524,05,1,988718973,exito,,527.776,0,0,"[0.0, -16.86765549877762]"
1342,goal_135,2,exito,16503,2595.53,05,subwp,524,1,E2.1,E2.1-R0,False,subwp,524,05,2,2749888199,exito,,528.096,0,0,"[0.0, 2.9502688498776353]"
1343,goal_135,3,exito,16503,2585.96,05,subwp,524,1,E2.1,E2.1-R0,False,subwp,524,05,3,3571500625,exito,,528.096,0,0,"[0.0, 5.07236956189973]"
1344,goal_135,4,col_return,10935,1520.1,05,subwp,524,1,E2.1,E2.1-R0,False,subwp,524,05,4,1250186226,col_return,return,349.92,0,0,"[0.0, -27.503159755916013]"
1345,goal_135,5,exito,16490,2594.7,05,subwp,524,1,E2.1,E2.1-R0,False,subwp,524,05,5,1032020836,exito,,527.68,0,0,"[0.0, 26.965280987299103]"
1346,goal_135,6,exito,16503,2595.55,05,subwp,524,1,E2.1,E2.1-R0,False,subwp,524,05,6,2760520414,exito,,528.096,0,0,"[0.0, 25.74414141442837]"
1347,goal_135,7,col_return,11460,1603.43,05,subwp,524,1,E2.1,E2.1-R0,False,subwp,524,05,7,3549233736,col_return,return,366.72,0,0,"[0.0, 28.89836964135028]"
1348,goal_135,8,exito,16493,2595.33,05,subwp,524,1,E2.1,E2.1-R0,False,subwp,524,05,8,1127358425,exito,,527.776,0,0,"[0.0, 27.436458011626968]"
1349,goal_135,9,exito,16503,2595.57,05,subwp,524,1,E2.1,E2.1-R0,False,subwp,524,05,9,875900751,exito,,528.096,0,0,"[0.0, -13.196688206794672]"
1350,goal_135,10,exito,16503,2591.37,05,subwp,524,1,E2.1,E2.1-R0,False,subwp,524,05,10,3663019015,exito,,528.096,0,0,"[0.0, -14.62576952847748]"
1351,goal_136,1,col_return,11001,1548.85,05,subwp,524,1,E2.1,E2.1-R0,False,subwp,524,05,1,992791882,col_return,return,352.032,0,0,"[0.0, 4.0062635558510955]"
1352,goal_136,2,exito,16542,2612.85,05,subwp,524,1,E2.1,E2.1-R0,False,subwp,524,05,2,2720374000,exito,,529.344,0,0,"[0.0, 6.444490727854754]"
1353,goal_136,3,exito,16552,2612.82,05,subwp,524,1,E2.1,E2.1-R0,False,subwp,524,05,3,3575819366,exito,,529.664,0,0,"[0.0, 22.290266393942247]"
1354,goal_136,4,col_return,11452,1614.74,05,subwp,524,1,E2.1,E2.1-R0,False,subwp,524,05,4,1262893509,col_return,return,366.464,0,0,"[0.0, 0.24398466355777026]"
1355,goal_136,5,exito,16542,2612.84,05,subwp,524,1,E2.1,E2.1-R0,False,subwp,524,05,5,1010895187,exito,,529.344,0,0,"[0.0, 13.57929287953879]"
1356,goal_136,6,exito,16552,2612.83,05,subwp,524,1,E2.1,E2.1-R0,False,subwp,524,05,6,2772981993,exito,,529.664,0,0,"[0.0, -9.13037422832411]"
1357,goal_136,7,exito,16552,2594.24,05,subwp,524,1,E2.1,E2.1-R0,False,subwp,524,05,7,3528419455,exito,,529.664,0,0,"[0.0, -18.474161555960706]"
1358,goal_136,8,col_return,10902,1533.53,05,subwp,524,1,E2.1,E2.1-R0,False,subwp,524,05,8,1123055086,col_return,return,348.864,0,0,"[0.0, 26.230270495979223]"
1359,goal_136,9,exito,16542,2612.84,05,subwp,524,1,E2.1,E2.1-R0,False,subwp,524,05,9,905397624,exito,,529.344,0,0,"[0.0, -9.73879266500269]"
1360,goal_136,10,exito,16552,2612.81,05,subwp,524,1,E2.1,E2.1-R0,False,subwp,524,05,10,1659460450,exito,,529.664,0,0,"[0.0, 4.376200040127241]"
1361,goal_137,1,col_return,11262,1569.99,05,subwp,524,1,E2.1,E2.1-R0,False,subwp,524,05,1,963277587,col_return,return,360.384,0,0,"[0.0, -14.076017791215623]"
1362,goal_137,2,exito,16236,2559.38,05,subwp,524,1,E2.1,E2.1-R0,False,subwp,524,05,2,2690851497,exito,,519.552,0,0,"[0.0, -1.1791880259409138]"
1363,goal_137,3,exito,16248,2559.96,05,subwp,524,1,E2.1,E2.1-R0,False,subwp,524,05,3,3613659711,exito,,519.936,0,0,"[0.0, -25.893294770767707]"
1364,goal_137,4,exito,16248,2559.67,05,subwp,524,1,E2.1,E2.1-R0,False,subwp,524,05,4,1224771484,exito,,519.936,0,0,"[0.0, 4.022626700423113]"
1365,goal_137,5,col_return,11254,1576.59,05,subwp,524,1,E2.1,E2.1-R0,False,subwp,524,05,5,1040693002,col_return,return,360.128,0,0,"[0.0, -22.703470917939875]"
1366,goal_137,6,exito,16238,2559.54,05,subwp,524,1,E2.1,E2.1-R0,False,subwp,524,05,6,2802771632,exito,,519.616,0,0,"[0.0, -25.97818848221155]"
1367,goal_137,7,exito,16248,2559.71,05,subwp,524,1,E2.1,E2.1-R0,False,subwp,524,05,7,3490305574,exito,,519.936,0,0,"[0.0, -28.39775002305125]"
1368,goal_137,8,exito,16248,2559.96,05,subwp,524,1,E2.1,E2.1-R0,False,subwp,524,05,8,1085721527,exito,,519.936,0,0,"[0.0, -28.07667674103542]"
1369,goal_137,9,col_return,11255,1577.92,05,subwp,524,1,E2.1,E2.1-R0,False,subwp,524,05,9,934411041,col_return,return,360.16,0,0,"[0.0, -17.193328327684046]"
1370,goal_137,10,exito,16238,2559.72,05,subwp,524,1,E2.1,E2.1-R0,False,subwp,524,05,10,1885140108,exito,,519.616,0,0,"[0.0, 4.598957992094106]"
1371,goal_138,1,exito,16293,2578.48,05,subwp,524,1,E2.1,E2.1-R0,False,subwp,524,05,1,950540580,exito,,521.376,0,0,"[0.0, 14.095908712346997]"
1372,goal_138,2,exito,16293,2578.46,05,subwp,524,1,E2.1,E2.1-R0,False,subwp,524,05,2,2711701662,exito,,521.376,0,0,"[0.0, 3.807661713915409]"
1373,goal_138,3,col_return,11235,1584.6,05,subwp,524,1,E2.1,E2.1-R0,False,subwp,524,05,3,3601233928,col_return,return,359.52,0,0,"[0.0, -3.953425890390725]"
1374,goal_138,4,exito,16283,2578.24,05,subwp,524,1,E2.1,E2.1-R0,False,subwp,524,05,4,1220734379,exito,,521.056,0,0,"[0.0, 6.528752385458456]"
1375,goal_138,5,exito,16293,2578.45,05,subwp,524,1,E2.1,E2.1-R0,False,subwp,524,05,5,1069931837,exito,,521.376,0,0,"[0.0, 26.22856212737409]"
1376,goal_138,6,exito,16293,2578.5,05,subwp,524,1,E2.1,E2.1-R0,False,subwp,524,05,6,2798423175,exito,,521.376,0,0,"[0.0, -10.861950198584825]"
1377,goal_138,7,col_return,11183,1578.2,05,subwp,524,1,E2.1,E2.1-R0,False,subwp,524,05,7,3519790097,col_return,return,357.856,0,0,"[0.0, 23.43656470794574]"
1378,goal_138,8,exito,16283,2578.24,05,subwp,524,1,E2.1,E2.1-R0,False,subwp,524,05,8,1098162560,exito,,521.056,0,0,"[0.0, -13.768590828192819]"
1379,goal_138,9,exito,16293,2578.77,05,subwp,524,1,E2.1,E2.1-R0,False,subwp,524,05,9,913543446,exito,,521.376,0,0,"[0.0, -22.481380532199978]"
1380,goal_138,10,exito,16293,2578.48,05,subwp,524,1,E2.1,E2.1-R0,False,subwp,524,05,10,3370161129,exito,,521.376,0,0,"[0.0, -5.0017567181680755]"
1381,goal_139,1,col_return,11014,1541.11,05,subwp,524,1,E2.1,E2.1-R0,False,subwp,524,05,1,871652889,col_return,return,352.448,0,0,"[0.0, -13.618412269517904]"
1382,goal_139,2,exito,15993,2523.27,05,subwp,524,1,E2.1,E2.1-R0,False,subwp,524,05,2,2868711331,exito,,511.776,0,0,"[0.0, 18.705264164505255]"
1383,goal_139,3,exito,16003,2523.53,05,subwp,524,1,E2.1,E2.1-R0,False,subwp,524,05,3,3724164917,exito,,512.096,0,0,"[0.0, 27.441591860226445]"
1384,goal_139,4,exito,16003,2523.87,05,subwp,524,1,E2.1,E2.1-R0,False,subwp,524,05,4,1134471830,exito,,512.096,0,0,"[0.0, -3.976380605246368]"
1385,goal_139,5,exito,16003,2523.83,05,subwp,524,1,E2.1,E2.1-R0,False,subwp,524,05,5,882481664,exito,,512.096,0,0,"[0.0, 26.85703303230793]"
1386,goal_139,6,col_return,11007,1536.34,05,subwp,524,1,E2.1,E2.1-R0,False,subwp,524,05,6,2911947706,col_return,return,352.224,0,0,"[0.0, 6.027163112417235]"
1387,goal_139,7,exito,15992,2522.4,05,subwp,524,1,E2.1,E2.1-R0,False,subwp,524,05,7,3667393324,exito,,511.744,0,0,"[0.0, -6.7788983761752775]"
1388,goal_139,8,exito,16003,2523.49,05,subwp,524,1,E2.1,E2.1-R0,False,subwp,524,05,8,1244194493,exito,,512.096,0,0,"[0.0, 12.012478102090792]"
1389,goal_139,9,exito,16003,2522.21,05,subwp,524,1,E2.1,E2.1-R0,False,subwp,524,05,9,1026545195,exito,,512.096,0,0,"[0.0, 5.51744190721079]"
1390,goal_139,10,exito,16003,2523.79,05,subwp,524,1,E2.1,E2.1-R0,False,subwp,524,05,10,2424538047,exito,,512.096,0,0,"[0.0, -28.332904945022975]"
1391,goal_140,1,col_return,11021,1550.19,05,subwp,524,1,E2.1,E2.1-R0,False,subwp,524,05,1,842413102,col_return,return,352.672,0,0,"[0.0, 24.730209163067375]"
1392,goal_140,2,exito,16041,2541.02,05,subwp,524,1,E2.1,E2.1-R0,False,subwp,524,05,2,2873058708,exito,,513.312,0,0,"[0.0, 1.9669494205659221]"
1393,goal_140,3,exito,16051,2541.29,05,subwp,524,1,E2.1,E2.1-R0,False,subwp,524,05,3,3694679298,exito,,513.632,0,0,"[0.0, 23.825685139747858]"
1394,goal_140,4,exito,16051,2541.23,05,subwp,524,1,E2.1,E2.1-R0,False,subwp,524,05,4,1113374881,exito,,513.632,0,0,"[0.0, 12.766037121841034]"
1395,goal_140,5,exito,16051,2541.22,05,subwp,524,1,E2.1,E2.1-R0,False,subwp,524,05,5,895217719,exito,,513.632,0,0,"[0.0, -2.9988973064658864]"
1396,goal_140,6,col_return,10918,1527.94,05,subwp,524,1,E2.1,E2.1-R0,False,subwp,524,05,6,2891096461,col_return,return,349.376,0,0,"[0.0, 24.7045213301777]"
1397,goal_140,7,exito,16041,2541.11,05,subwp,524,1,E2.1,E2.1-R0,False,subwp,524,05,7,3679818011,exito,,513.312,0,0,"[0.0, -3.428677219995464]"
1398,goal_140,8,exito,16051,2541.22,05,subwp,524,1,E2.1,E2.1-R0,False,subwp,524,05,8,1273662602,exito,,513.632,0,0,"[0.0, 11.616151191911158]"
1399,goal_140,9,exito,16051,2541.22,05,subwp,524,1,E2.1,E2.1-R0,False,subwp,524,05,9,1022213148,exito,,513.632,0,0,"[0.0, 26.00826768927049]"
1400,goal_140,10,exito,16051,2540.63,05,subwp,524,1,E2.1,E2.1-R0,False,subwp,524,05,10,675275994,exito,,513.632,0,0,"[0.0, 3.4213570219359712]"
1401,goal_141,1,col_return,10716,1495.86,05,subwp,524,1,E2.1,E2.1-R0,False,subwp,524,05,1,2687514392,col_return,return,342.912,0,0,"[0.0, 6.532905900231629]"
1402,goal_141,2,exito,15758,2494.99,05,subwp,524,1,E2.1,E2.1-R0,False,subwp,524,05,2,960063138,exito,,504.256,0,0,"[0.0, -19.864586145531497]"
1403,goal_141,3,exito,15768,2495.19,05,subwp,524,1,E2.1,E2.1-R0,False,subwp,524,05,3,1312708148,exito,,504.576,0,0,"[0.0, -11.466235737650356]"
1404,goal_141,4,exito,15768,2495.15,05,subwp,524,1,E2.1,E2.1-R0,False,subwp,524,05,4,3495609239,exito,,504.576,0,0,"[0.0, -7.890976121681968]"
1405,goal_141,5,exito,15768,2495.15,05,subwp,524,1,E2.1,E2.1-R0,False,subwp,524,05,5,2807952129,exito,,504.576,0,0,"[0.0, 24.52119608001562]"
1406,goal_141,6,exito,15768,2495.22,05,subwp,524,1,E2.1,E2.1-R0,False,subwp,524,05,6,1045734075,exito,,504.576,0,0,"[0.0, 15.587095275488867]"
1407,goal_141,7,exito,15768,2483.89,05,subwp,524,1,E2.1,E2.1-R0,False,subwp,524,05,7,1230213677,exito,,504.576,0,0,"[0.0, -26.854657199566194]"
1408,goal_141,8,col_return,10555,1473.7,05,subwp,524,1,E2.1,E2.1-R0,False,subwp,524,05,8,3656159164,col_return,return,337.76,0,0,"[0.0, 29.688925475557213]"
1409,goal_141,9,exito,15758,2495.0,05,subwp,524,1,E2.1,E2.1-R0,False,subwp,524,05,9,2934685482,exito,,504.256,0,0,"[0.0, -2.7541309475413134]"
1410,goal_141,10,exito,15768,2495.25,05,subwp,524,1,E2.1,E2.1-R0,False,subwp,524,05,10,3877074752,exito,,504.576,0,0,"[0.0, -9.652545598084094]"
1411,goal_142,1,exito,15838,2508.34,05,subwp,524,1,E2.1,E2.1-R0,False,subwp,524,05,1,2717015343,exito,,506.816,0,0,"[0.0, -5.767044978655678]"
1412,goal_142,2,exito,15838,2508.3,05,subwp,524,1,E2.1,E2.1-R0,False,subwp,524,05,2,955976853,exito,,506.816,0,0,"[0.0, -28.79624248485548]"
1413,goal_142,3,exito,15838,2509.72,05,subwp,524,1,E2.1,E2.1-R0,False,subwp,524,05,3,1341930499,exito,,506.816,0,0,"[0.0, -20.057370972561706]"
1414,goal_142,4,col_return,10781,1513.63,05,subwp,524,1,E2.1,E2.1-R0,False,subwp,524,05,4,3516443040,col_return,return,344.992,0,0,"[0.0, 29.411279486827407]"
1415,goal_142,5,exito,15828,2508.23,05,subwp,524,1,E2.1,E2.1-R0,False,subwp,524,05,5,2795477302,exito,,506.496,0,0,"[0.0, 22.40562178838898]"
1416,goal_142,6,exito,15839,2509.13,05,subwp,524,1,E2.1,E2.1-R0,False,subwp,524,05,6,1066846348,exito,,506.848,0,0,"[0.0, 20.625394293559335]"
1417,goal_142,7,exito,15838,2508.31,05,subwp,524,1,E2.1,E2.1-R0,False,subwp,524,05,7,1217525786,exito,,506.816,0,0,"[0.0, -17.289377565976864]"
1418,goal_142,8,exito,15838,2508.35,05,subwp,524,1,E2.1,E2.1-R0,False,subwp,524,05,8,3626952075,exito,,506.816,0,0,"[0.0, -17.165312118667345]"
1419,goal_142,9,exito,15838,2509.71,05,subwp,524,1,E2.1,E2.1-R0,False,subwp,524,05,9,2938754333,exito,,506.816,0,0,"[0.0, 3.5515118574992344]"
1420,goal_142,10,col_return,10796,1517.74,05,subwp,524,1,E2.1,E2.1-R0,False,subwp,524,05,10,1605046309,col_return,return,345.472,0,0,"[0.0, 4.491205182197571]"
1421,goal_143,1,exito,15514,2456.7,05,subwp,524,1,E2.1,E2.1-R0,False,subwp,524,05,1,2746540918,exito,,496.448,0,0,"[0.0, 27.580288696479045]"
1422,goal_143,2,exito,15524,2456.96,05,subwp,524,1,E2.1,E2.1-R0,False,subwp,524,05,2,985510604,exito,,496.768,0,0,"[0.0, -16.276169703063243]"
1423,goal_143,3,exito,15524,2456.91,05,subwp,524,1,E2.1,E2.1-R0,False,subwp,524,05,3,1304068698,exito,,496.768,0,0,"[0.0, -4.389798737716363]"
1424,goal_143,4,exito,15524,2456.97,05,subwp,524,1,E2.1,E2.1-R0,False,subwp,524,05,4,3554547705,exito,,496.768,0,0,"[0.0, 15.519427240374295]"
1425,goal_143,5,exito,15524,2456.91,05,subwp,524,1,E2.1,E2.1-R0,False,subwp,524,05,5,2765694831,exito,,496.768,0,0,"[0.0, 26.19944758858855]"
1426,goal_143,6,exito,15525,2457.14,05,subwp,524,1,E2.1,E2.1-R0,False,subwp,524,05,6,1037072085,exito,,496.8,0,0,"[0.0, 8.880629035046292]"
1427,goal_143,7,exito,15524,2456.95,05,subwp,524,1,E2.1,E2.1-R0,False,subwp,524,05,7,1255622211,exito,,496.768,0,0,"[0.0, 11.5038189850876]"
1428,goal_143,8,exito,15524,2456.97,05,subwp,524,1,E2.1,E2.1-R0,False,subwp,524,05,8,3664272338,exito,,496.768,0,0,"[0.0, 0.36603197235893337]"
1429,goal_143,9,exito,15524,2437.0,05,subwp,524,1,E2.1,E2.1-R0,False,subwp,524,05,9,2909760324,exito,,496.768,0,0,"[0.0, 7.713253673574703]"
1430,goal_143,10,col_return,10382,1450.7,05,subwp,524,1,E2.1,E2.1-R0,False,subwp,524,05,10,1293860811,col_return,return,332.224,0,0,"[0.0, 27.220888979291246]"
1431,goal_144,1,exito,15566,2475.66,05,subwp,524,1,E2.1,E2.1-R0,False,subwp,524,05,1,2725677377,exito,,498.112,0,0,"[0.0, -15.944665483143261]"
1432,goal_144,2,exito,15576,2475.89,05,subwp,524,1,E2.1,E2.1-R0,False,subwp,524,05,2,998234363,exito,,498.432,0,0,"[0.0, -16.737851622053046]"
1433,goal_144,3,exito,15576,2475.66,05,subwp,524,1,E2.1,E2.1-R0,False,subwp,524,05,3,1282992237,exito,,498.432,0,0,"[0.0, -5.224606452426075]"
1434,goal_144,4,exito,15576,2475.37,05,subwp,524,1,E2.1,E2.1-R0,False,subwp,524,05,4,3525082574,exito,,498.432,0,0,"[0.0, -5.903450682839191]"
1435,goal_144,5,exito,15576,2475.92,05,subwp,524,1,E2.1,E2.1-R0,False,subwp,524,05,5,2770029912,exito,,498.432,0,0,"[0.0, -10.702790750075925]"
1436,goal_144,6,exito,15576,2475.95,05,subwp,524,1,E2.1,E2.1-R0,False,subwp,524,05,6,1007820002,exito,,498.432,0,0,"[0.0, -13.11371213075837]"
1437,goal_144,7,exito,15576,2475.94,05,subwp,524,1,E2.1,E2.1-R0,False,subwp,524,05,7,1259678836,exito,,498.432,0,0,"[0.0, -26.141617009117404]"
1438,goal_144,8,exito,15576,2457.41,05,subwp,524,1,E2.1,E2.1-R0,False,subwp,524,05,8,3685364197,exito,,498.432,0,0,"[0.0, -4.5191168666854376]"
1439,goal_144,9,col_return,10414,1465.45,05,subwp,524,1,E2.1,E2.1-R0,False,subwp,524,05,9,2897019251,col_return,return,333.248,0,0,"[0.0, -16.89392683334024]"
1440,goal_144,10,exito,15566,2475.63,05,subwp,524,1,E2.1,E2.1-R0,False,subwp,524,05,10,4121090222,exito,,498.112,0,0,"[0.0, -26.968193447317592]"
1441,goal_145,1,exito,15303,2426.1,05,subwp,524,1,E2.1,E2.1-R0,False,subwp,524,05,1,2805571524,exito,,489.696,0,0,"[0.0, -5.215705396755892]"
1442,goal_145,2,exito,15304,2426.82,05,subwp,524,1,E2.1,E2.1-R0,False,subwp,524,05,2,1043385982,exito,,489.728,0,0,"[0.0, 9.220864145249175]"
1443,goal_145,3,exito,15304,2426.78,05,subwp,524,1,E2.1,E2.1-R0,False,subwp,524,05,3,1228406504,exito,,489.728,0,0,"[0.0, 16.800447038315067]"
1444,goal_145,4,exito,15304,2426.78,05,subwp,524,1,E2.1,E2.1-R0,False,subwp,524,05,4,3612568395,exito,,489.728,0,0,"[0.0, 0.9039424853409717]"
1445,goal_145,5,exito,15304,2426.81,05,subwp,524,1,E2.1,E2.1-R0,False,subwp,524,05,5,2689883101,exito,,489.728,0,0,"[0.0, -8.681358150125254]"
1446,goal_145,6,exito,15304,2426.76,05,subwp,524,1,E2.1,E2.1-R0,False,subwp,524,05,6,962398823,exito,,489.728,0,0,"[0.0, -2.9378233123912523]"
1447,goal_145,7,exito,15304,2426.8,05,subwp,524,1,E2.1,E2.1-R0,False,subwp,524,05,7,1314536177,exito,,489.728,0,0,"[0.0, -9.422174991608884]"
1448,goal_145,8,exito,15304,2426.81,05,subwp,524,1,E2.1,E2.1-R0,False,subwp,524,05,8,3739559776,exito,,489.728,0,0,"[0.0, 13.978531539764782]"
1449,goal_145,9,exito,15304,2426.79,05,subwp,524,1,E2.1,E2.1-R0,False,subwp,524,05,9,2850166774,exito,,489.728,0,0,"[0.0, -8.350682055429635]"
1450,goal_145,10,exito,15304,2426.79,05,subwp,524,1,E2.1,E2.1-R0,False,subwp,524,05,10,1752555543,exito,,489.728,0,0,"[0.0, 15.797634188298968]"
1451,goal_146,1,exito,15359,2443.68,05,subwp,524,1,E2.1,E2.1-R0,False,subwp,524,05,1,2801530355,exito,,491.488,0,0,"[0.0, -24.601266544969565]"
1452,goal_146,2,exito,15359,2440.94,05,subwp,524,1,E2.1,E2.1-R0,False,subwp,524,05,2,1072866377,exito,,491.488,0,0,"[0.0, -27.632386039866855]"
1453,goal_146,3,exito,15359,2409.31,05,subwp,524,1,E2.1,E2.1-R0,False,subwp,524,05,3,1224053983,exito,,491.488,0,0,"[0.0, -19.50630712926173]"
1454,goal_146,4,col_return,10251,1443.49,05,subwp,524,1,E2.1,E2.1-R0,False,subwp,524,05,4,3599827324,col_return,return,328.032,0,0,"[0.0, 4.426701545475325]"
1455,goal_146,5,exito,15349,2443.46,05,subwp,524,1,E2.1,E2.1-R0,False,subwp,524,05,5,2710974954,exito,,491.168,0,0,"[0.0, 13.000740303696325]"
1456,goal_146,6,exito,15359,2443.72,05,subwp,524,1,E2.1,E2.1-R0,False,subwp,524,05,6,949968976,exito,,491.488,0,0,"[0.0, -12.626164817939085]"
1457,goal_146,7,exito,15359,2443.72,05,subwp,524,1,E2.1,E2.1-R0,False,subwp,524,05,7,1335382214,exito,,491.488,0,0,"[0.0, 23.89207613907343]"
1458,goal_146,8,exito,15359,2443.71,05,subwp,524,1,E2.1,E2.1-R0,False,subwp,524,05,8,3743894871,exito,,491.488,0,0,"[0.0, -1.4846502087649394]"
1459,goal_146,9,exito,15359,2443.7,05,subwp,524,1,E2.1,E2.1-R0,False,subwp,524,05,9,2820701633,exito,,491.488,0,0,"[0.0, 22.17819945969641]"
1460,goal_146,10,exito,15359,2443.71,05,subwp,524,1,E2.1,E2.1-R0,False,subwp,524,05,10,3502868338,exito,,491.488,0,0,"[0.0, 12.556065166493537]"
1461,goal_147,1,exito,15057,2391.67,05,subwp,524,1,E2.1,E2.1-R0,False,subwp,524,05,1,2763869098,exito,,481.824,0,0,"[0.0, -4.1356840435396425]"
1462,goal_147,2,exito,15058,2391.32,05,subwp,524,1,E2.1,E2.1-R0,False,subwp,524,05,2,1035213328,exito,,481.856,0,0,"[0.0, -2.3619788904259242]"
1463,goal_147,3,exito,15057,2391.65,05,subwp,524,1,E2.1,E2.1-R0,False,subwp,524,05,3,1253255814,exito,,481.824,0,0,"[0.0, 6.83314633453878]"
1464,goal_147,4,exito,15058,2391.31,05,subwp,524,1,E2.1,E2.1-R0,False,subwp,524,05,4,3570908965,exito,,481.856,0,0,"[0.0, 18.753755232104847]"
1465,goal_147,5,exito,15058,2390.57,05,subwp,524,1,E2.1,E2.1-R0,False,subwp,524,05,5,2748354483,exito,,481.856,0,0,"[0.0, -22.754287349610877]"
1466,goal_147,6,exito,15058,2391.34,05,subwp,524,1,E2.1,E2.1-R0,False,subwp,524,05,6,987356681,exito,,481.856,0,0,"[0.0, -19.783301724363167]"
1467,goal_147,7,exito,15058,2391.35,05,subwp,524,1,E2.1,E2.1-R0,False,subwp,524,05,7,1306455711,exito,,481.856,0,0,"[0.0, 16.203907935323333]"
1468,goal_147,8,exito,15058,2390.61,05,subwp,524,1,E2.1,E2.1-R0,False,subwp,524,05,8,3714183950,exito,,481.856,0,0,"[0.0, -10.630742648129381]"
1469,goal_147,9,exito,15058,2391.34,05,subwp,524,1,E2.1,E2.1-R0,False,subwp,524,05,9,2858861464,exito,,481.856,0,0,"[0.0, 19.56810593329553]"
1470,goal_147,10,exito,15058,2391.36,05,subwp,524,1,E2.1,E2.1-R0,False,subwp,524,05,10,3262916764,exito,,481.856,0,0,"[0.0, -7.9879144049300805]"
1471,goal_148,1,exito,15119,2406.57,05,subwp,524,1,E2.1,E2.1-R0,False,subwp,524,05,1,2776572317,exito,,483.808,0,0,"[0.0, 26.06878444994859]"
1472,goal_148,2,exito,15119,2406.61,05,subwp,524,1,E2.1,E2.1-R0,False,subwp,524,05,2,1014394919,exito,,483.808,0,0,"[0.0, -8.401948412936413]"
1473,goal_148,3,exito,15119,2406.6,05,subwp,524,1,E2.1,E2.1-R0,False,subwp,524,05,3,1265713329,exito,,483.808,0,0,"[0.0, 0.4338013992198242]"
1474,goal_148,4,exito,15119,2406.59,05,subwp,524,1,E2.1,E2.1-R0,False,subwp,524,05,4,3574977810,exito,,483.808,0,0,"[0.0, -14.026118291012473]"
1475,goal_148,5,exito,15119,2406.6,05,subwp,524,1,E2.1,E2.1-R0,False,subwp,524,05,5,2719147396,exito,,483.808,0,0,"[0.0, -18.78546858898124]"
1476,goal_148,6,exito,15118,2406.11,05,subwp,524,1,E2.1,E2.1-R0,False,subwp,524,05,6,991671358,exito,,483.776,0,0,"[0.0, 8.687909845089132]"
1477,goal_148,7,exito,15119,2406.58,05,subwp,524,1,E2.1,E2.1-R0,False,subwp,524,05,7,1276937384,exito,,483.808,0,0,"[0.0, 26.0497308965327]"
1478,goal_148,8,exito,15119,2406.45,05,subwp,524,1,E2.1,E2.1-R0,False,subwp,524,05,8,3701709113,exito,,483.808,0,0,"[0.0, -27.678034443695058]"
1479,goal_148,9,exito,15119,2406.47,05,subwp,524,1,E2.1,E2.1-R0,False,subwp,524,05,9,2879695279,exito,,483.808,0,0,"[0.0, 23.59788935918591]"
1480,goal_148,10,exito,15118,2406.1,05,subwp,524,1,E2.1,E2.1-R0,False,subwp,524,05,10,2059423737,exito,,483.776,0,0,"[0.0, -21.85621992724324]"
1481,goal_149,1,exito,14804,2356.95,05,subwp,524,1,E2.1,E2.1-R0,False,subwp,524,05,1,2921555616,exito,,473.728,0,0,"[0.0, -2.9642552566320846]"
1482,goal_149,2,exito,14804,2356.93,05,subwp,524,1,E2.1,E2.1-R0,False,subwp,524,05,2,925513498,exito,,473.728,0,0,"[0.0, 16.852498578263916]"
1483,goal_149,3,exito,14804,2356.94,05,subwp,524,1,E2.1,E2.1-R0,False,subwp,524,05,3,1076692876,exito,,473.728,0,0,"[0.0, 12.117534260739]"
1484,goal_149,4,exito,14804,2356.92,05,subwp,524,1,E2.1,E2.1-R0,False,subwp,524,05,4,3729363503,exito,,473.728,0,0,"[0.0, 17.80775073972337]"
1485,goal_149,5,exito,14804,2356.94,05,subwp,524,1,E2.1,E2.1-R0,False,subwp,524,05,5,2840502969,exito,,473.728,0,0,"[0.0, 15.996886204357054]"
1486,goal_149,6,exito,14804,2356.92,05,subwp,524,1,E2.1,E2.1-R0,False,subwp,524,05,6,810021635,exito,,473.728,0,0,"[0.0, -9.594355689801414]"
1487,goal_149,7,exito,14804,2356.92,05,subwp,524,1,E2.1,E2.1-R0,False,subwp,524,05,7,1195426709,exito,,473.728,0,0,"[0.0, -8.062736149932896]"
1488,goal_149,8,exito,14804,2356.94,05,subwp,524,1,E2.1,E2.1-R0,False,subwp,524,05,8,3623869956,exito,,473.728,0,0,"[0.0, -20.95276187696929]"
1489,goal_149,9,exito,14804,2356.94,05,subwp,524,1,E2.1,E2.1-R0,False,subwp,524,05,9,2700668562,exito,,473.728,0,0,"[0.0, 2.8497952657616565]"
1490,goal_149,10,exito,14802,2356.36,05,subwp,524,1,E2.1,E2.1-R0,False,subwp,524,05,10,581132207,exito,,473.664,0,0,"[0.0, -15.379537184347395]"
1491,goal_150,1,exito,14848,2374.17,05,subwp,524,1,E2.1,E2.1-R0,False,subwp,524,05,1,2950761623,exito,,475.136,0,0,"[0.0, 7.835023035586208]"
1492,goal_150,2,exito,14848,2374.18,05,subwp,524,1,E2.1,E2.1-R0,False,subwp,524,05,2,921197869,exito,,475.136,0,0,"[0.0, -17.60841396884385]"
1493,goal_150,3,exito,14848,2374.2,05,subwp,524,1,E2.1,E2.1-R0,False,subwp,524,05,3,1106210235,exito,,475.136,0,0,"[0.0, -16.607753289723675]"
1494,goal_150,4,exito,14848,2374.23,05,subwp,524,1,E2.1,E2.1-R0,False,subwp,524,05,4,3750492184,exito,,475.136,0,0,"[0.0, -5.776589641338219]"
1495,goal_150,5,exito,14848,2374.23,05,subwp,524,1,E2.1,E2.1-R0,False,subwp,524,05,5,2827798670,exito,,475.136,0,0,"[0.0, 29.139748209373867]"
1496,goal_150,6,exito,14848,2374.19,05,subwp,524,1,E2.1,E2.1-R0,False,subwp,524,05,6,830839092,exito,,475.136,0,0,"[0.0, -3.150234724629779]"
1497,goal_150,7,exito,14848,2374.19,05,subwp,524,1,E2.1,E2.1-R0,False,subwp,524,05,7,1182968226,exito,,475.136,0,0,"[0.0, 29.252531020866023]"
1498,goal_150,8,exito,14848,2374.19,05,subwp,524,1,E2.1,E2.1-R0,False,subwp,524,05,8,3594368051,exito,,475.136,0,0,"[0.0, 24.760684074058815]"
1499,goal_150,9,exito,14848,2374.19,05,subwp,524,1,E2.1,E2.1-R0,False,subwp,524,05,9,2704966821,exito,,475.136,0,0,"[0.0, 18.992883882661268]"
1500,goal_150,10,exito,14848,2374.22,05,subwp,524,1,E2.1,E2.1-R0,False,subwp,524,05,10,2585737418,exito,,475.136,0,0,"[0.0, 6.727110872534765]"
1501,goal_151,1,exito,14601,2329.44,05,subwp,524,1,E2.1,E2.1-R0,False,subwp,524,05,1,411848829,exito,,467.232,0,0,"[0.0, 26.44121766271932]"
1502,goal_151,2,exito,14600,2328.9,05,subwp,524,1,E2.1,E2.1-R0,False,subwp,524,05,2,2172977607,exito,,467.2,0,0,"[0.0, 11.59154830440726]"
1503,goal_151,3,exito,14600,2323.82,05,subwp,524,1,E2.1,E2.1-R0,False,subwp,524,05,3,4135727441,exito,,467.2,0,0,"[0.0, -10.913431917062553]"
1504,goal_151,4,col_return,8863,1234.64,05,subwp,524,1,E2.1,E2.1-R0,False,subwp,524,05,4,1759945970,col_return,return,283.616,0,0,"[0.0, 23.011010320885163]"
1505,goal_151,5,exito,14589,2328.46,05,subwp,524,1,E2.1,E2.1-R0,False,subwp,524,05,5,534877284,exito,,466.848,0,0,"[0.0, 17.416905538429283]"
1506,goal_151,6,exito,14599,2328.67,05,subwp,524,1,E2.1,E2.1-R0,False,subwp,524,05,6,2263401950,exito,,467.168,0,0,"[0.0, -0.7072887796127314]"
1507,goal_151,7,exito,14600,2328.84,05,subwp,524,1,E2.1,E2.1-R0,False,subwp,524,05,7,4059034952,exito,,467.2,0,0,"[0.0, 25.469435415198728]"
1508,goal_151,8,col_return,8785,1218.43,05,subwp,524,1,E2.1,E2.1-R0,False,subwp,524,05,8,1632692441,col_return,return,281.12,0,0,"[0.0, -2.84214120280744]"
1509,goal_151,9,exito,14589,2328.46,05,subwp,524,1,E2.1,E2.1-R0,False,subwp,524,05,9,374855759,exito,,466.848,0,0,"[0.0, 19.637432653299122]"
1510,goal_151,10,exito,14599,2328.7,05,subwp,524,1,E2.1,E2.1-R0,False,subwp,524,05,10,3665256176,exito,,467.168,0,0,"[0.0, -13.354371804831711]"
1511,goal_152,1,exito,14649,2341.39,05,subwp,524,1,E2.1,E2.1-R0,False,subwp,524,05,1,424557130,exito,,468.768,0,0,"[0.0, 17.545031785765538]"
1512,goal_152,2,exito,14650,2315.85,05,subwp,524,1,E2.1,E2.1-R0,False,subwp,524,05,2,2152164336,exito,,468.8,0,0,"[0.0, 2.2125144151039633]"
1513,goal_152,3,col_return,8913,1250.73,05,subwp,524,1,E2.1,E2.1-R0,False,subwp,524,05,3,4148190054,col_return,return,285.216,0,0,"[0.0, 9.026158667960223]"
1514,goal_152,4,exito,14639,2341.12,05,subwp,524,1,E2.1,E2.1-R0,False,subwp,524,05,4,1764019909,exito,,468.448,0,0,"[0.0, -0.10033099068748719]"
1515,goal_152,5,exito,14650,2341.82,05,subwp,524,1,E2.1,E2.1-R0,False,subwp,524,05,5,505675347,exito,,468.8,0,0,"[0.0, -18.020397475501554]"
1516,goal_152,6,exito,14650,2341.83,05,subwp,524,1,E2.1,E2.1-R0,False,subwp,524,05,6,2267721705,exito,,468.8,0,0,"[0.0, -1.455533344532558]"
1517,goal_152,7,exito,14652,2320.44,05,subwp,524,1,E2.1,E2.1-R0,False,subwp,524,05,7,4029521791,exito,,468.864,0,0,"[0.0, -25.271962395708673]"
1518,goal_152,8,col_return,8918,1242.81,05,subwp,524,1,E2.1,E2.1-R0,False,subwp,524,05,8,1620214510,col_return,return,285.376,0,0,"[0.0, 10.841602610789527]"
1519,goal_152,9,exito,14641,2341.33,05,subwp,524,1,E2.1,E2.1-R0,False,subwp,524,05,9,395686520,exito,,468.512,0,0,"[0.0, 25.910358260167058]"
1520,goal_152,10,exito,14650,2341.81,05,subwp,524,1,E2.1,E2.1-R0,False,subwp,524,05,10,1657485717,exito,,468.8,0,0,"[0.0, 0.697122801571628]"
1521,goal_153,1,exito,14385,2296.47,05,subwp,524,1,E2.1,E2.1-R0,False,subwp,524,05,1,453542931,exito,,460.32,0,0,"[0.0, -21.622276600381902]"
1522,goal_153,2,col_return,8736,1214.3,05,subwp,524,1,E2.1,E2.1-R0,False,subwp,524,05,2,2181158313,col_return,return,279.552,0,0,"[0.0, 10.247492474311068]"
1523,goal_153,3,exito,14377,2297.04,05,subwp,524,1,E2.1,E2.1-R0,False,subwp,524,05,3,4110869823,exito,,460.064,0,0,"[0.0, 22.681443455891767]"
1524,goal_153,4,exito,14387,2297.35,05,subwp,524,1,E2.1,E2.1-R0,False,subwp,524,05,4,1801613468,exito,,460.384,0,0,"[0.0, 19.655863279730035]"
1525,goal_153,5,col_return,8735,1214.41,05,subwp,524,1,E2.1,E2.1-R0,False,subwp,524,05,5,476397578,col_return,return,279.52,0,0,"[0.0, 22.12993483440185]"
1526,goal_153,6,exito,14377,2297.04,05,subwp,524,1,E2.1,E2.1-R0,False,subwp,524,05,6,2238452144,exito,,460.064,0,0,"[0.0, 14.476406477779646]"
1527,goal_153,7,exito,14387,2297.36,05,subwp,524,1,E2.1,E2.1-R0,False,subwp,524,05,7,4067107110,exito,,460.384,0,0,"[0.0, -18.34034983861219]"
1528,goal_153,8,col_return,8733,1214.79,05,subwp,524,1,E2.1,E2.1-R0,False,subwp,524,05,8,1658076343,col_return,return,279.456,0,0,"[0.0, 23.802854031850064]"
1529,goal_153,9,exito,14377,2297.02,05,subwp,524,1,E2.1,E2.1-R0,False,subwp,524,05,9,366152737,exito,,460.064,0,0,"[0.0, -18.03686904961549]"
1530,goal_153,10,exito,14387,2297.36,05,subwp,524,1,E2.1,E2.1-R0,False,subwp,524,05,10,1887344251,exito,,460.384,0,0,"[0.0, -17.950294310063942]"
1531,goal_154,1,col_return,8729,1226.23,05,subwp,524,1,E2.1,E2.1-R0,False,subwp,524,05,1,449506852,col_return,return,279.328,0,0,"[0.0, -14.923394214851944]"
1532,goal_154,2,exito,14385,2307.52,05,subwp,524,1,E2.1,E2.1-R0,False,subwp,524,05,2,2210643870,exito,,460.32,0,0,"[0.0, -24.004331932191945]"
1533,goal_154,3,exito,14395,2307.78,05,subwp,524,1,E2.1,E2.1-R0,False,subwp,524,05,3,4106522376,exito,,460.64,0,0,"[0.0, 26.585438114760173]"
1534,goal_154,4,col_return,8724,1224.83,05,subwp,524,1,E2.1,E2.1-R0,False,subwp,524,05,4,1788877483,col_return,return,279.168,0,0,"[0.0, -23.833971120458035]"
1535,goal_154,5,exito,14385,2307.49,05,subwp,524,1,E2.1,E2.1-R0,False,subwp,524,05,5,497494589,exito,,460.32,0,0,"[0.0, -18.971038377846583]"
1536,goal_154,6,exito,14395,2307.75,05,subwp,524,1,E2.1,E2.1-R0,False,subwp,524,05,6,2226027399,exito,,460.64,0,0,"[0.0, -7.495292831066949]"
1537,goal_154,7,col_return,8723,1223.68,05,subwp,524,1,E2.1,E2.1-R0,False,subwp,524,05,7,4087958289,col_return,return,279.136,0,0,"[0.0, 17.564332766337344]"
1538,goal_154,8,exito,14385,2307.41,05,subwp,524,1,E2.1,E2.1-R0,False,subwp,524,05,8,1662408320,exito,,460.32,0,0,"[0.0, -20.308312743258806]"
1539,goal_154,9,exito,14395,2307.71,05,subwp,524,1,E2.1,E2.1-R0,False,subwp,524,05,9,336684566,exito,,460.64,0,0,"[0.0, -21.586231267185035]"
1540,goal_154,10,col_return,8723,1222.46,05,subwp,524,1,E2.1,E2.1-R0,False,subwp,524,05,10,3368218910,col_return,return,279.136,0,0,"[0.0, -1.5444214772164577]"
1541,goal_155,1,exito,14148,2273.0,05,subwp,524,1,E2.1,E2.1-R0,False,subwp,524,05,1,528873633,exito,,452.736,0,0,"[0.0, 28.861120342689166]"
1542,goal_155,2,col_return,8411,1180.11,05,subwp,524,1,E2.1,E2.1-R0,False,subwp,524,05,2,2257365275,col_return,return,269.152,0,0,"[0.0, 16.420891408122888]"
1543,goal_155,3,exito,14148,2272.99,05,subwp,524,1,E2.1,E2.1-R0,False,subwp,524,05,3,4052457869,exito,,452.736,0,0,"[0.0, -2.3666404487949366]"
1544,goal_155,4,col_return,8387,1172.72,05,subwp,524,1,E2.1,E2.1-R0,False,subwp,524,05,4,1877937198,col_return,return,268.384,0,0,"[0.0, -10.990402862991996]"
1545,goal_155,5,exito,14148,2272.99,05,subwp,524,1,E2.1,E2.1-R0,False,subwp,524,05,5,417873080,exito,,452.736,0,0,"[0.0, -0.0597041160683176]"
1546,goal_155,6,col_return,8365,1169.92,05,subwp,524,1,E2.1,E2.1-R0,False,subwp,524,05,6,2179034370,col_return,return,267.68,0,0,"[0.0, -23.837044600243757]"
1547,goal_155,7,exito,14148,2272.99,05,subwp,524,1,E2.1,E2.1-R0,False,subwp,524,05,7,4142292372,exito,,452.736,0,0,"[0.0, 26.280060968197752]"
1548,goal_155,8,col_return,8364,1166.65,05,subwp,524,1,E2.1,E2.1-R0,False,subwp,524,05,8,1717125125,col_return,return,267.648,0,0,"[0.0, -21.372136508867293]"
1549,goal_155,9,exito,14148,2272.99,05,subwp,524,1,E2.1,E2.1-R0,False,subwp,524,05,9,291401875,exito,,452.736,0,0,"[0.0, 8.210126963069026]"
1550,goal_155,10,col_return,8356,1165.64,05,subwp,524,1,E2.1,E2.1-R0,False,subwp,524,05,10,1427491239,col_return,return,267.392,0,0,"[0.0, 24.019758826597837]"
1551,goal_156,1,exito,14164,2278.25,05,subwp,524,1,E2.1,E2.1-R0,False,subwp,524,05,1,508007062,exito,,453.248,0,0,"[0.0, 0.027458108114333246]"
1552,goal_156,2,col_return,8345,1173.82,05,subwp,524,1,E2.1,E2.1-R0,False,subwp,524,05,2,2270085932,col_return,return,267.04,0,0,"[0.0, -17.988882289672098]"
1553,goal_156,3,exito,14164,2278.24,05,subwp,524,1,E2.1,E2.1-R0,False,subwp,524,05,3,4031378362,exito,,453.248,0,0,"[0.0, -5.761224057730095]"
1554,goal_156,4,col_return,8348,1166.15,05,subwp,524,1,E2.1,E2.1-R0,False,subwp,524,05,4,1848469017,col_return,return,267.136,0,0,"[0.0, 13.1713909416092]"
1555,goal_156,5,exito,14164,2278.21,05,subwp,524,1,E2.1,E2.1-R0,False,subwp,524,05,5,422205071,exito,,453.248,0,0,"[0.0, 0.3044620961635469]"
1556,goal_156,6,col_return,8342,1168.35,05,subwp,524,1,E2.1,E2.1-R0,False,subwp,524,05,6,2149779253,col_return,return,266.944,0,0,"[0.0, -8.95027314290594]"
1557,goal_156,7,exito,14164,2278.24,05,subwp,524,1,E2.1,E2.1-R0,False,subwp,524,05,7,4146345891,exito,,453.248,0,0,"[0.0, 8.841496527385006]"
1558,goal_156,8,col_return,8336,1168.27,05,subwp,524,1,E2.1,E2.1-R0,False,subwp,524,05,8,1738222130,col_return,return,266.752,0,0,"[0.0, 5.159508081965198]"
1559,goal_156,9,exito,14164,2278.21,05,subwp,524,1,E2.1,E2.1-R0,False,subwp,524,05,9,278665892,exito,,453.248,0,0,"[0.0, 19.46574556245539]"
1560,goal_156,10,col_return,8334,1168.93,05,subwp,524,1,E2.1,E2.1-R0,False,subwp,524,05,10,3987320514,col_return,return,266.688,0,0,"[0.0, -27.602903134461766]"
1561,goal_157,1,exito,14693,2360.4,05,subwp,524,1,E2.1,E2.1-R0,False,subwp,524,05,1,469839055,exito,,470.176,0,0,"[0.0, -6.162919339202699]"
1562,goal_157,2,exito,14703,2360.66,05,subwp,524,1,E2.1,E2.1-R0,False,subwp,524,05,2,2231926133,exito,,470.496,0,0,"[0.0, -1.1234089945624204]"
1563,goal_157,3,exito,14703,2360.62,05,subwp,524,1,E2.1,E2.1-R0,False,subwp,524,05,3,4061089251,exito,,470.496,0,0,"[0.0, 11.288200512544837]"
1564,goal_157,4,exito,14703,2360.62,05,subwp,524,1,E2.1,E2.1-R0,False,subwp,524,05,4,1819007040,exito,,470.496,0,0,"[0.0, -16.48986893356022]"
1565,goal_157,5,exito,14703,2350.37,05,subwp,524,1,E2.1,E2.1-R0,False,subwp,524,05,5,460122326,exito,,470.496,0,0,"[0.0, -9.446261584303624]"
1566,goal_157,6,col_return,8928,1258.48,05,subwp,524,1,E2.1,E2.1-R0,False,subwp,524,05,6,2187704684,col_return,return,285.696,0,0,"[0.0, 13.389819944145518]"
1567,goal_157,7,exito,14693,2360.39,05,subwp,524,1,E2.1,E2.1-R0,False,subwp,524,05,7,4116875770,exito,,470.176,0,0,"[0.0, -27.845937914449063]"
1568,goal_157,8,exito,14703,2360.64,05,subwp,524,1,E2.1,E2.1-R0,False,subwp,524,05,8,1709020267,exito,,470.496,0,0,"[0.0, 7.020881509825534]"
1569,goal_157,9,exito,14703,2360.56,05,subwp,524,1,E2.1,E2.1-R0,False,subwp,524,05,9,316318973,exito,,470.496,0,0,"[0.0, -17.244717614461074]"
1570,goal_157,10,exito,14703,2360.64,05,subwp,524,1,E2.1,E2.1-R0,False,subwp,524,05,10,4280025388,exito,,470.496,0,0,"[0.0, 29.66134016895395]"
1571,goal_158,1,col_return,8696,1241.33,05,subwp,524,1,E2.1,E2.1-R0,False,subwp,524,05,1,499336952,col_return,return,278.272,0,0,"[0.0, -0.6615036136153574]"
1572,goal_158,2,exito,14481,2343.36,05,subwp,524,1,E2.1,E2.1-R0,False,subwp,524,05,2,2227836738,exito,,463.392,0,0,"[0.0, -13.317458913178896]"
1573,goal_158,3,exito,14491,2343.61,05,subwp,524,1,E2.1,E2.1-R0,False,subwp,524,05,3,4090308564,exito,,463.712,0,0,"[0.0, 19.510384427702792]"
1574,goal_158,4,exito,14491,2234.1,05,subwp,524,1,E2.1,E2.1-R0,False,subwp,524,05,4,1839837815,exito,,463.712,0,0,"[0.0, 0.3359367023945059]"
1575,goal_158,5,col_return,8874,1261.86,05,subwp,524,1,E2.1,E2.1-R0,False,subwp,524,05,5,447644385,col_return,return,283.968,0,0,"[0.0, 7.125923296788493]"
1576,goal_158,6,exito,14481,2343.41,05,subwp,524,1,E2.1,E2.1-R0,False,subwp,524,05,6,2208813915,exito,,463.392,0,0,"[0.0, -19.404345822156127]"
1577,goal_158,7,exito,14491,2343.62,05,subwp,524,1,E2.1,E2.1-R0,False,subwp,524,05,7,4104184781,exito,,463.712,0,0,"[0.0, -15.733415902182672]"
1578,goal_158,8,col_return,8699,1237.92,05,subwp,524,1,E2.1,E2.1-R0,False,subwp,524,05,8,1679818332,col_return,return,278.368,0,0,"[0.0, -20.456281655771097]"
1579,goal_158,9,exito,14481,2343.35,05,subwp,524,1,E2.1,E2.1-R0,False,subwp,524,05,9,320392906,exito,,463.392,0,0,"[0.0, 29.49618708040497]"
1580,goal_158,10,exito,14491,2343.63,05,subwp,524,1,E2.1,E2.1-R0,False,subwp,524,05,10,1201694281,exito,,463.712,0,0,"[0.0, 19.333846730045522]"
1581,goal_159,1,exito,14932,2392.56,05,subwp,524,1,E2.1,E2.1-R0,False,subwp,524,05,1,379519429,exito,,477.824,0,0,"[0.0, -27.053861782372316]"
1582,goal_159,2,exito,14932,2392.56,05,subwp,524,1,E2.1,E2.1-R0,False,subwp,524,05,2,2408992895,exito,,477.824,0,0,"[0.0, 7.517082392623249]"
1583,goal_159,3,exito,14932,2392.58,05,subwp,524,1,E2.1,E2.1-R0,False,subwp,524,05,3,4170277097,exito,,477.824,0,0,"[0.0, -13.593608511675397]"
1584,goal_159,4,exito,14932,2392.56,05,subwp,524,1,E2.1,E2.1-R0,False,subwp,524,05,4,1727395146,exito,,477.824,0,0,"[0.0, 3.081241380763018]"
1585,goal_159,5,exito,14932,2392.57,05,subwp,524,1,E2.1,E2.1-R0,False,subwp,524,05,5,301123036,exito,,477.824,0,0,"[0.0, -24.530917488408875]"
1586,goal_159,6,exito,14932,2386.15,05,subwp,524,1,E2.1,E2.1-R0,False,subwp,524,05,6,2298188902,exito,,477.824,0,0,"[0.0, 21.78253438988698]"
1587,goal_159,7,exito,14932,2361.08,05,subwp,524,1,E2.1,E2.1-R0,False,subwp,524,05,7,4294747376,exito,,477.824,0,0,"[0.0, 22.730385646075455]"
1588,goal_159,8,exito,14933,2246.32,05,subwp,524,1,E2.1,E2.1-R0,False,subwp,524,05,8,1866709345,exito,,477.856,0,0,"[0.0, 26.703341126720986]"
1589,goal_159,9,col_return,9094,1285.18,05,subwp,524,1,E2.1,E2.1-R0,False,subwp,524,05,9,407144951,col_return,return,291.008,0,0,"[0.0, 21.490080034356094]"
1590,goal_159,10,exito,14923,2392.5,05,subwp,524,1,E2.1,E2.1-R0,False,subwp,524,05,10,532903455,exito,,477.536,0,0,"[0.0, 29.898839607468723]"
1591,goal_160,1,exito,14637,2361.37,05,subwp,524,1,E2.1,E2.1-R0,False,subwp,524,05,1,391998450,exito,,468.384,0,0,"[0.0, -0.7510898389549525]"
1592,goal_160,2,exito,14637,2361.26,05,subwp,524,1,E2.1,E2.1-R0,False,subwp,524,05,2,2387884616,exito,,468.384,0,0,"[0.0, 7.371316343754632]"
1593,goal_160,3,exito,14637,2361.3,05,subwp,524,1,E2.1,E2.1-R0,False,subwp,524,05,3,4182969054,exito,,468.384,0,0,"[0.0, 27.115029370950882]"
1594,goal_160,4,exito,14637,2333.05,05,subwp,524,1,E2.1,E2.1-R0,False,subwp,524,05,4,1731698557,exito,,468.384,0,0,"[0.0, 27.316500511354093]"
1595,goal_160,5,col_return,8911,1266.86,05,subwp,524,1,E2.1,E2.1-R0,False,subwp,524,05,5,271626219,col_return,return,285.152,0,0,"[0.0, 27.76908453869282]"
1596,goal_160,6,exito,14627,2361.05,05,subwp,524,1,E2.1,E2.1-R0,False,subwp,524,05,6,2302279249,exito,,468.064,0,0,"[0.0, -14.242990183011647]"
1597,goal_160,7,exito,14637,2361.32,05,subwp,524,1,E2.1,E2.1-R0,False,subwp,524,05,7,4265529031,exito,,468.384,0,0,"[0.0, 16.87846511158686]"
1598,goal_160,8,exito,14637,2361.35,05,subwp,524,1,E2.1,E2.1-R0,False,subwp,524,05,8,1854002006,exito,,468.384,0,0,"[0.0, 1.9696076106282279]"
1599,goal_160,9,exito,14637,2279.85,05,subwp,524,1,E2.1,E2.1-R0,False,subwp,524,05,9,428270528,exito,,468.384,0,0,"[0.0, 19.998367242897686]"
1600,goal_160,10,col_return,8938,1270.44,05,subwp,524,1,E2.1,E2.1-R0,False,subwp,524,05,10,2810122618,col_return,return,286.016,0,0,"[0.0, 17.951081867105188]"
1601,goal_161,1,exito,15139,2423.12,05,subwp,524,1,E2.1,E2.1-R0,False,subwp,524,05,1,171573139,exito,,484.448,0,0,"[0.0, 16.504207444132685]"
1602,goal_161,2,exito,15148,2423.64,05,subwp,524,1,E2.1,E2.1-R0,False,subwp,524,05,2,2469441065,exito,,484.736,0,0,"[0.0, -29.7099254786666]"
1603,goal_161,3,exito,15150,2423.73,05,subwp,524,1,E2.1,E2.1-R0,False,subwp,524,05,3,3828850367,exito,,484.8,0,0,"[0.0, -24.857235681380924]"
1604,goal_161,4,exito,15148,2423.66,05,subwp,524,1,E2.1,E2.1-R0,False,subwp,524,05,4,2052262684,exito,,484.736,0,0,"[0.0, -20.278885149051273]"
1605,goal_161,5,exito,15150,2423.77,05,subwp,524,1,E2.1,E2.1-R0,False,subwp,524,05,5,223624074,exito,,484.8,0,0,"[0.0, -16.85268557191247]"
1606,goal_161,6,exito,15150,2423.76,05,subwp,524,1,E2.1,E2.1-R0,False,subwp,524,05,6,2489150000,exito,,484.8,0,0,"[0.0, -27.56136947856416]"
1607,goal_161,7,exito,15148,2423.64,05,subwp,524,1,E2.1,E2.1-R0,False,subwp,524,05,7,3814349478,exito,,484.736,0,0,"[0.0, 27.04119816545248]"
1608,goal_161,8,exito,15150,2423.72,05,subwp,524,1,E2.1,E2.1-R0,False,subwp,524,05,8,1944405815,exito,,484.8,0,0,"[0.0, 19.143047827777377]"
1609,goal_161,9,exito,15148,2423.64,05,subwp,524,1,E2.1,E2.1-R0,False,subwp,524,05,9,81950625,exito,,484.736,0,0,"[0.0, -19.935625152649862]"
1610,goal_161,10,exito,15148,2423.39,05,subwp,524,1,E2.1,E2.1-R0,False,subwp,524,05,10,2648122400,exito,,484.736,0,0,"[0.0, 5.140205630424122]"
1611,goal_162,1,exito,14872,2361.43,05,subwp,524,1,E2.1,E2.1-R0,False,subwp,524,05,1,201037220,exito,,475.904,0,0,"[0.0, -25.250209022173426]"
1612,goal_162,2,col_approach,2379,172.66,05,subwp,524,1,E2.1,E2.1-R0,False,subwp,524,05,2,2465383454,col_approach,approach,76.128,0,0,"[0.0, -16.42780326602039]"
1613,goal_162,3,exito,14861,2387.4,05,subwp,524,1,E2.1,E2.1-R0,False,subwp,524,05,3,3858101384,exito,,475.552,0,0,"[0.0, -15.381767950771092]"
1614,goal_162,4,exito,14871,2388.04,05,subwp,524,1,E2.1,E2.1-R0,False,subwp,524,05,4,2073125163,exito,,475.872,0,0,"[0.0, -4.623751628727342]"
1615,goal_162,5,exito,14871,2388.04,05,subwp,524,1,E2.1,E2.1-R0,False,subwp,524,05,5,211177917,exito,,475.872,0,0,"[0.0, -0.08557315532543797]"
1616,goal_162,6,exito,14871,2388.05,05,subwp,524,1,E2.1,E2.1-R0,False,subwp,524,05,6,2510225415,exito,,475.872,0,0,"[0.0, -25.940276707743834]"
1617,goal_162,7,exito,14871,2388.14,05,subwp,524,1,E2.1,E2.1-R0,False,subwp,524,05,7,3801624721,exito,,475.872,0,0,"[0.0, -10.028103972635996]"
1618,goal_162,8,exito,14871,2388.12,05,subwp,524,1,E2.1,E2.1-R0,False,subwp,524,05,8,1915170048,exito,,475.872,0,0,"[0.0, 3.376829239745238]"
1619,goal_162,9,exito,14871,2388.05,05,subwp,524,1,E2.1,E2.1-R0,False,subwp,524,05,9,85990806,exito,,475.872,0,0,"[0.0, 13.850033342475307]"
1620,goal_162,10,exito,14871,2388.18,05,subwp,524,1,E2.1,E2.1-R0,False,subwp,524,05,10,627786565,exito,,475.872,0,0,"[0.0, 7.531337810312586]"
1621,goal_163,1,exito,15366,2454.31,05,subwp,524,1,E2.1,E2.1-R0,False,subwp,524,05,1,163392509,exito,,491.712,0,0,"[0.0, 0.7755278965501211]"
1622,goal_163,2,exito,15365,2454.11,05,subwp,524,1,E2.1,E2.1-R0,False,subwp,524,05,2,2427746887,exito,,491.68,0,0,"[0.0, -12.481401217582722]"
1623,goal_163,3,exito,15365,2450.9,05,subwp,524,1,E2.1,E2.1-R0,False,subwp,524,05,3,3887286993,exito,,491.68,0,0,"[0.0, 7.794197753123391]"
1624,goal_163,4,exito,15366,2416.39,05,subwp,524,1,E2.1,E2.1-R0,False,subwp,524,05,4,2044190578,exito,,491.712,0,0,"[0.0, 2.206562403465715]"
1625,goal_163,5,col_return,10246,1449.87,05,subwp,524,1,E2.1,E2.1-R0,False,subwp,524,05,5,248573924,col_return,return,327.872,0,0,"[0.0, -8.258892727503124]"
1626,goal_163,6,exito,15355,2453.49,05,subwp,524,1,E2.1,E2.1-R0,False,subwp,524,05,6,2547629662,exito,,491.36,0,0,"[0.0, -13.528278896903213]"
1627,goal_163,7,exito,15365,2454.11,05,subwp,524,1,E2.1,E2.1-R0,False,subwp,524,05,7,3772681928,exito,,491.68,0,0,"[0.0, -8.09315451245719]"
1628,goal_163,8,exito,15365,2454.11,05,subwp,524,1,E2.1,E2.1-R0,False,subwp,524,05,8,1885442905,exito,,491.68,0,0,"[0.0, -0.4094895201895654]"
1629,goal_163,9,exito,15365,2454.11,05,subwp,524,1,E2.1,E2.1-R0,False,subwp,524,05,9,124167119,exito,,491.68,0,0,"[0.0, -11.603602116494978]"
1630,goal_163,10,exito,15365,2454.13,05,subwp,524,1,E2.1,E2.1-R0,False,subwp,524,05,10,937356459,exito,,491.68,0,0,"[0.0, -20.36584413582295]"
1631,goal_164,1,col_approach,2431,176.45,05,subwp,524,1,E2.1,E2.1-R0,False,subwp,524,05,1,142557642,col_approach,approach,77.792,0,0,"[0.0, 24.482605172717015]"
1632,goal_164,2,exito,15117,2421.72,05,subwp,524,1,E2.1,E2.1-R0,False,subwp,524,05,2,2440433776,exito,,483.744,0,0,"[0.0, 14.80847295401338]"
1633,goal_164,3,exito,15128,2416.85,05,subwp,524,1,E2.1,E2.1-R0,False,subwp,524,05,3,3866173670,exito,,484.096,0,0,"[0.0, -27.706548198599588]"
1634,goal_164,4,exito,15128,2404.96,05,subwp,524,1,E2.1,E2.1-R0,False,subwp,524,05,4,2014688581,exito,,484.096,0,0,"[0.0, 0.8201406730331118]"
1635,goal_164,5,exito,15128,2386.36,05,subwp,524,1,E2.1,E2.1-R0,False,subwp,524,05,5,252872147,exito,,484.096,0,0,"[0.0, -13.091297717096346]"
1636,goal_164,6,col_return,10124,1439.33,05,subwp,524,1,E2.1,E2.1-R0,False,subwp,524,05,6,2518406249,col_return,return,323.968,0,0,"[0.0, 25.015449927722514]"
1637,goal_164,7,exito,15117,2424.5,05,subwp,524,1,E2.1,E2.1-R0,False,subwp,524,05,7,3776767231,exito,,483.744,0,0,"[0.0, -3.457266141518296]"
1638,goal_164,8,exito,15128,2424.84,05,subwp,524,1,E2.1,E2.1-R0,False,subwp,524,05,8,1906571630,exito,,484.096,0,0,"[0.0, 0.3314464883160695]"
1639,goal_164,9,exito,15128,2424.84,05,subwp,524,1,E2.1,E2.1-R0,False,subwp,524,05,9,111462904,exito,,484.096,0,0,"[0.0, -4.028100606355663]"
1640,goal_164,10,exito,15128,2424.38,05,subwp,524,1,E2.1,E2.1-R0,False,subwp,524,05,10,2405600206,exito,,484.096,0,0,"[0.0, 7.5872471117492335]"
1641,goal_165,1,exito,15576,2482.49,05,subwp,524,1,E2.1,E2.1-R0,False,subwp,524,05,1,221271887,exito,,498.432,0,0,"[0.0, -28.27768066060046]"
1642,goal_165,2,exito,15576,2482.5,05,subwp,524,1,E2.1,E2.1-R0,False,subwp,524,05,2,2486765301,exito,,498.432,0,0,"[0.0, 0.48637270788659315]"
1643,goal_165,3,exito,15576,2482.49,05,subwp,524,1,E2.1,E2.1-R0,False,subwp,524,05,3,3812505187,exito,,498.432,0,0,"[0.0, 1.885755963723692]"
1644,goal_165,4,exito,15576,2481.64,05,subwp,524,1,E2.1,E2.1-R0,False,subwp,524,05,4,2103092160,exito,,498.432,0,0,"[0.0, -1.3803007789940458]"
1645,goal_165,5,exito,15576,2482.49,05,subwp,524,1,E2.1,E2.1-R0,False,subwp,524,05,5,173904726,exito,,498.432,0,0,"[0.0, -19.15629111044793]"
1646,goal_165,6,exito,15576,2482.5,05,subwp,524,1,E2.1,E2.1-R0,False,subwp,524,05,6,2471805676,exito,,498.432,0,0,"[0.0, -29.45682527686907]"
1647,goal_165,7,exito,15576,2478.02,05,subwp,524,1,E2.1,E2.1-R0,False,subwp,524,05,7,3830706810,exito,,498.432,0,0,"[0.0, 11.038133734647634]"
1648,goal_165,8,col_return,10517,1483.81,05,subwp,524,1,E2.1,E2.1-R0,False,subwp,524,05,8,1961684971,col_return,return,336.544,0,0,"[0.0, -9.182887767400555]"
1649,goal_165,9,exito,15565,2481.71,05,subwp,524,1,E2.1,E2.1-R0,False,subwp,524,05,9,65789821,exito,,498.08,0,0,"[0.0, -22.871199908542632]"
1650,goal_165,10,exito,15576,2482.51,05,subwp,524,1,E2.1,E2.1-R0,False,subwp,524,05,10,313897847,exito,,498.432,0,0,"[0.0, -18.256096767635345]"
1651,goal_166,1,exito,15331,2453.53,05,subwp,524,1,E2.1,E2.1-R0,False,subwp,524,05,1,217202040,exito,,490.592,0,0,"[0.0, -22.984832626269704]"
1652,goal_166,2,exito,15331,2449.22,05,subwp,524,1,E2.1,E2.1-R0,False,subwp,524,05,2,2516282562,exito,,490.592,0,0,"[0.0, -14.330615346608994]"
1653,goal_166,3,col_approach,2448,196.55,05,subwp,524,1,E2.1,E2.1-R0,False,subwp,524,05,3,3808189524,col_approach,approach,78.336,0,0,"[0.0, 16.59544456718941]"
1654,goal_166,4,exito,15320,2443.71,05,subwp,524,1,E2.1,E2.1-R0,False,subwp,524,05,4,2090387959,exito,,490.24,0,0,"[0.0, 24.82175357920439]"
1655,goal_166,5,col_return,10346,1470.53,05,subwp,524,1,E2.1,E2.1-R0,False,subwp,524,05,5,195033441,col_return,return,331.072,0,0,"[0.0, 29.212450114230794]"
1656,goal_166,6,exito,15320,2453.15,05,subwp,524,1,E2.1,E2.1-R0,False,subwp,524,05,6,2459347163,exito,,490.24,0,0,"[0.0, -2.640007331407077]"
1657,goal_166,7,exito,15331,2453.51,05,subwp,524,1,E2.1,E2.1-R0,False,subwp,524,05,7,3851524173,exito,,490.592,0,0,"[0.0, 0.32521068091613703]"
1658,goal_166,8,exito,15331,2453.49,05,subwp,524,1,E2.1,E2.1-R0,False,subwp,524,05,8,1965983196,exito,,490.592,0,0,"[0.0, 8.849533756748864]"
1659,goal_166,9,exito,15331,2453.56,05,subwp,524,1,E2.1,E2.1-R0,False,subwp,524,05,9,36287818,exito,,490.592,0,0,"[0.0, -26.83590120489232]"
1660,goal_166,10,exito,15331,2453.55,05,subwp,524,1,E2.1,E2.1-R0,False,subwp,524,05,10,2852770834,exito,,490.592,0,0,"[0.0, -21.85409319070425]"
1661,goal_167,1,exito,15815,2518.04,05,subwp,524,1,E2.1,E2.1-R0,False,subwp,524,05,1,246711073,exito,,506.08,0,0,"[0.0, 22.98901871769895]"
1662,goal_167,2,exito,15815,2518.04,05,subwp,524,1,E2.1,E2.1-R0,False,subwp,524,05,2,2545799835,exito,,506.08,0,0,"[0.0, 0.7493097884380595]"
1663,goal_167,3,exito,15815,2518.05,05,subwp,524,1,E2.1,E2.1-R0,False,subwp,524,05,3,3770343949,exito,,506.08,0,0,"[0.0, -7.422838802085052]"
1664,goal_167,4,col_return,10897,1526.16,05,subwp,524,1,E2.1,E2.1-R0,False,subwp,524,05,4,2128508846,col_return,return,348.704,0,0,"[0.0, -8.411820961255769]"
1665,goal_167,5,exito,15806,2517.36,05,subwp,524,1,E2.1,E2.1-R0,False,subwp,524,05,5,165234488,exito,,505.792,0,0,"[0.0, 18.596991084728177]"
1666,goal_167,6,exito,15815,2518.04,05,subwp,524,1,E2.1,E2.1-R0,False,subwp,524,05,6,2429556354,exito,,506.08,0,0,"[0.0, -17.84070003322736]"
1667,goal_167,7,exito,15817,2518.39,05,subwp,524,1,E2.1,E2.1-R0,False,subwp,524,05,7,3889636884,exito,,506.144,0,0,"[0.0, 9.099497763669767]"
1668,goal_167,8,exito,15815,2518.04,05,subwp,524,1,E2.1,E2.1-R0,False,subwp,524,05,8,2003319685,exito,,506.08,0,0,"[0.0, -4.763888389788722]"
1669,goal_167,9,exito,15817,2518.39,05,subwp,524,1,E2.1,E2.1-R0,False,subwp,524,05,9,7277331,exito,,506.144,0,0,"[0.0, 11.732976197792475]"
1670,goal_167,10,exito,15815,2479.88,05,subwp,524,1,E2.1,E2.1-R0,False,subwp,524,05,10,3099360252,exito,,506.08,0,0,"[0.0, -2.537330266954798]"
1671,goal_168,1,col_return,10354,1465.61,05,subwp,524,1,E2.1,E2.1-R0,False,subwp,524,05,1,259451158,col_return,return,331.328,0,0,"[0.0, -22.959249653447397]"
1672,goal_168,2,exito,15570,2486.72,05,subwp,524,1,E2.1,E2.1-R0,False,subwp,524,05,2,2524952748,exito,,498.24,0,0,"[0.0, -23.287376714057174]"
1673,goal_168,3,exito,15583,2487.08,05,subwp,524,1,E2.1,E2.1-R0,False,subwp,524,05,3,3782772794,exito,,498.656,0,0,"[0.0, 12.386303828304177]"
1674,goal_168,4,exito,15581,2485.93,05,subwp,524,1,E2.1,E2.1-R0,False,subwp,524,05,4,2132549017,exito,,498.592,0,0,"[0.0, -6.766187509843061]"
1675,goal_168,5,col_approach,2405,181.76,05,subwp,524,1,E2.1,E2.1-R0,False,subwp,524,05,5,135998735,col_approach,approach,76.96,0,0,"[0.0, 23.537739044907656]"
1676,goal_168,6,col_return,10610,1497.68,05,subwp,524,1,E2.1,E2.1-R0,False,subwp,524,05,6,2433907893,col_return,return,339.52,0,0,"[0.0, -25.347267032214887]"
1677,goal_168,7,exito,15572,2487.46,05,subwp,524,1,E2.1,E2.1-R0,False,subwp,524,05,7,3860155427,exito,,498.304,0,0,"[0.0, 15.68818570677345]"
1678,goal_168,8,exito,15582,2487.66,05,subwp,524,1,E2.1,E2.1-R0,False,subwp,524,05,8,1990873522,exito,,498.624,0,0,"[0.0, -21.652975153376115]"
1679,goal_168,9,exito,15581,2486.53,05,subwp,524,1,E2.1,E2.1-R0,False,subwp,524,05,9,28139812,exito,,498.592,0,0,"[0.0, 17.82709505256729]"
1680,goal_168,10,exito,15581,2471.75,05,subwp,524,1,E2.1,E2.1-R0,False,subwp,524,05,10,7321,exito,,498.592,0,0,"[0.0, 22.450818461372307]"
1681,goal_169,1,exito,16041,2544.71,05,subwp,524,1,E2.1,E2.1-R0,False,subwp,524,05,1,69905963,exito,,513.312,0,0,"[0.0, 28.38619464114283]"
1682,goal_169,2,exito,16041,2544.13,05,subwp,524,1,E2.1,E2.1-R0,False,subwp,524,05,2,2636382097,exito,,513.312,0,0,"[0.0, -25.47157704376589]"
1683,goal_169,3,col_return,10830,1525.83,05,subwp,524,1,E2.1,E2.1-R0,False,subwp,524,05,3,3928280839,col_return,return,346.56,0,0,"[0.0, 28.73096220509889]"
1684,goal_169,4,exito,16033,2544.59,05,subwp,524,1,E2.1,E2.1-R0,False,subwp,524,05,4,1950374564,exito,,513.056,0,0,"[0.0, 29.94555683704587]"
1685,goal_169,5,exito,16041,2545.18,05,subwp,524,1,E2.1,E2.1-R0,False,subwp,524,05,5,55011890,exito,,513.312,0,0,"[0.0, 3.3245567730209147]"
1686,goal_169,6,exito,16041,2544.64,05,subwp,524,1,E2.1,E2.1-R0,False,subwp,524,05,6,2588818312,exito,,513.312,0,0,"[0.0, 10.57265668663571]"
1687,goal_169,7,exito,16041,2544.25,05,subwp,524,1,E2.1,E2.1-R0,False,subwp,524,05,7,3980987166,exito,,513.312,0,0,"[0.0, 21.29959221234111]"
1688,goal_169,8,col_return,10827,1528.65,05,subwp,524,1,E2.1,E2.1-R0,False,subwp,524,05,8,2113279631,col_return,return,346.464,0,0,"[0.0, 18.40594851295904]"
1689,goal_169,9,exito,16033,2544.59,05,subwp,524,1,E2.1,E2.1-R0,False,subwp,524,05,9,183576089,exito,,513.056,0,0,"[0.0, 15.291229960610476]"
1690,goal_169,10,exito,16043,2545.52,05,subwp,524,1,E2.1,E2.1-R0,False,subwp,524,05,10,1482886351,exito,,513.376,0,0,"[0.0, -14.927019072969404]"
1691,goal_170,1,exito,15782,2463.52,05,subwp,524,1,E2.1,E2.1-R0,False,subwp,524,05,1,99140636,exito,,505.024,0,0,"[0.0, 19.26825765938173]"
1692,goal_170,2,exito,15781,2513.82,05,subwp,524,1,E2.1,E2.1-R0,False,subwp,524,05,2,2632029606,exito,,504.992,0,0,"[0.0, -5.508033032071311]"
1693,goal_170,3,exito,15781,2505.07,05,subwp,524,1,E2.1,E2.1-R0,False,subwp,524,05,3,3957761328,exito,,504.992,0,0,"[0.0, 8.966845416456358]"
1694,goal_170,4,col_return,10578,1495.77,05,subwp,524,1,E2.1,E2.1-R0,False,subwp,524,05,4,1971466387,col_return,return,338.496,0,0,"[0.0, 7.486282320578217]"
1695,goal_170,5,exito,15771,2513.56,05,subwp,524,1,E2.1,E2.1-R0,False,subwp,524,05,5,42270725,exito,,504.672,0,0,"[0.0, -9.613786735158087]"
1696,goal_170,6,exito,15782,2513.84,05,subwp,524,1,E2.1,E2.1-R0,False,subwp,524,05,6,2609664447,exito,,505.024,0,0,"[0.0, 16.441715621222656]"
1697,goal_170,7,exito,15781,2496.89,05,subwp,524,1,E2.1,E2.1-R0,False,subwp,524,05,7,3968557353,exito,,504.992,0,0,"[0.0, -27.309459017018764]"
1698,goal_170,8,exito,15782,2503.07,05,subwp,524,1,E2.1,E2.1-R0,False,subwp,524,05,8,2083814584,exito,,505.024,0,0,"[0.0, 16.54632921589026]"
1699,goal_170,9,exito,15781,2513.85,05,subwp,524,1,E2.1,E2.1-R0,False,subwp,524,05,9,187911214,exito,,504.992,0,0,"[0.0, 23.933764373915892]"
1700,goal_170,10,col_return,10856,1527.18,05,subwp,524,1,E2.1,E2.1-R0,False,subwp,524,05,10,3772738474,col_return,return,347.392,0,0,"[0.0, 24.230110234243575]"
1701,goal_171,1,exito,16274,2580.25,05,subwp,524,1,E2.1,E2.1-R0,False,subwp,524,05,1,2995099894,exito,,520.768,0,0,"[0.0, 5.864003595329155]"
1702,goal_171,2,exito,16282,2580.67,05,subwp,524,1,E2.1,E2.1-R0,False,subwp,524,05,2,730646860,exito,,521.024,0,0,"[0.0, 23.54875377067075]"
1703,goal_171,3,exito,16282,2580.65,05,subwp,524,1,E2.1,E2.1-R0,False,subwp,524,05,3,1552677338,exito,,521.024,0,0,"[0.0, 26.806089528036164]"
1704,goal_171,4,col_return,11237,1585.95,05,subwp,524,1,E2.1,E2.1-R0,False,subwp,524,05,4,3270470777,col_return,return,359.584,0,0,"[0.0, 21.989426127726574]"
1705,goal_171,5,exito,16274,2580.25,05,subwp,524,1,E2.1,E2.1-R0,False,subwp,524,05,5,3051904239,exito,,520.768,0,0,"[0.0, 4.543158360205782]"
1706,goal_171,6,exito,16282,2580.66,05,subwp,524,1,E2.1,E2.1-R0,False,subwp,524,05,6,752946517,exito,,521.024,0,0,"[0.0, -13.003958834820574]"
1707,goal_171,7,exito,16282,2580.66,05,subwp,524,1,E2.1,E2.1-R0,False,subwp,524,05,7,1541815747,exito,,521.024,0,0,"[0.0, 17.81407065248883]"
1708,goal_171,8,col_return,11199,1581.76,05,subwp,524,1,E2.1,E2.1-R0,False,subwp,524,05,8,3411615826,col_return,return,358.368,0,0,"[0.0, -9.371591491536197]"
1709,goal_171,9,exito,16274,2580.26,05,subwp,524,1,E2.1,E2.1-R0,False,subwp,524,05,9,3160281284,exito,,520.768,0,0,"[0.0, -2.7904828730427766]"
1710,goal_171,10,exito,16282,2580.67,05,subwp,524,1,E2.1,E2.1-R0,False,subwp,524,05,10,2696351120,exito,,521.024,0,0,"[0.0, 21.93229463035714]"
1711,goal_172,1,exito,16021,2546.86,05,subwp,524,1,E2.1,E2.1-R0,False,subwp,524,05,1,3007836865,exito,,512.672,0,0,"[0.0, -11.99557480699725]"
1712,goal_172,2,exito,16019,2534.98,05,subwp,524,1,E2.1,E2.1-R0,False,subwp,524,05,2,709796731,exito,,512.608,0,0,"[0.0, 26.928432566347055]"
1713,goal_172,3,col_return,10664,1507.1,05,subwp,524,1,E2.1,E2.1-R0,False,subwp,524,05,3,1565103085,col_return,return,341.248,0,0,"[0.0, -13.212749519458608]"
1714,goal_172,4,exito,16010,2548.17,05,subwp,524,1,E2.1,E2.1-R0,False,subwp,524,05,4,3274507854,exito,,512.32,0,0,"[0.0, 1.9822053201753698]"
1715,goal_172,5,exito,16019,2548.13,05,subwp,524,1,E2.1,E2.1-R0,False,subwp,524,05,5,3022665432,exito,,512.608,0,0,"[0.0, -18.563230603071514]"
1716,goal_172,6,col_approach,2340,151.21,05,subwp,524,1,E2.1,E2.1-R0,False,subwp,524,05,6,757294946,col_approach,approach,74.88,0,0,"[0.0, -18.806979541288555]"
1717,goal_172,7,col_return,10643,1507.38,05,subwp,524,1,E2.1,E2.1-R0,False,subwp,524,05,7,1512331252,col_return,return,340.576,0,0,"[0.0, 27.98732093132761]"
1718,goal_172,8,exito,16010,2548.19,05,subwp,524,1,E2.1,E2.1-R0,False,subwp,524,05,8,3399174757,exito,,512.32,0,0,"[0.0, 7.791848514391118]"
1719,goal_172,9,exito,16019,2547.98,05,subwp,524,1,E2.1,E2.1-R0,False,subwp,524,05,9,3181148915,exito,,512.608,0,0,"[0.0, 12.295128018519597]"
1720,goal_172,10,col_approach,2324,152.43,05,subwp,524,1,E2.1,E2.1-R0,False,subwp,524,05,10,403401461,col_approach,approach,74.368,0,0,"[0.0, -18.240500169991574]"
1721,goal_173,1,col_return,10896,1536.92,05,subwp,524,1,E2.1,E2.1-R0,False,subwp,524,05,1,2969652376,col_return,return,348.672,0,0,"[0.0, -20.890308875946822]"
1722,goal_173,2,exito,16532,2617.25,05,subwp,524,1,E2.1,E2.1-R0,False,subwp,524,05,2,671620386,exito,,529.024,0,0,"[0.0, -26.111997806129043]"
1723,goal_173,3,exito,16542,2617.44,05,subwp,524,1,E2.1,E2.1-R0,False,subwp,524,05,3,1594830260,exito,,529.344,0,0,"[0.0, 15.413692668647075]"
1724,goal_173,4,col_return,11415,1614.84,05,subwp,524,1,E2.1,E2.1-R0,False,subwp,524,05,4,3245062167,col_return,return,365.28,0,0,"[0.0, -1.3694163276866478]"
1725,goal_173,5,exito,16532,2617.31,05,subwp,524,1,E2.1,E2.1-R0,False,subwp,524,05,5,3060566145,exito,,529.024,0,0,"[0.0, -2.2940695162959535]"
1726,goal_173,6,exito,16542,2618.01,05,subwp,524,1,E2.1,E2.1-R0,False,subwp,524,05,6,795203899,exito,,529.344,0,0,"[0.0, -8.38938501683004]"
1727,goal_173,7,exito,16542,2599.89,05,subwp,524,1,E2.1,E2.1-R0,False,subwp,524,05,7,1482877357,exito,,529.344,0,0,"[0.0, -13.62402173489373]"
1728,goal_173,8,col_return,10906,1533.66,05,subwp,524,1,E2.1,E2.1-R0,False,subwp,524,05,8,3369989180,col_return,return,348.992,0,0,"[0.0, -14.783891646395775]"
1729,goal_173,9,exito,16532,2617.26,05,subwp,524,1,E2.1,E2.1-R0,False,subwp,524,05,9,3218785450,exito,,529.024,0,0,"[0.0, -14.208028687334656]"
1730,goal_173,10,exito,16542,2617.38,05,subwp,524,1,E2.1,E2.1-R0,False,subwp,524,05,10,180274459,exito,,529.344,0,0,"[0.0, 18.871737667433344]"
1731,goal_174,1,col_return,11266,1592.89,05,subwp,524,1,E2.1,E2.1-R0,False,subwp,524,05,1,2965579439,col_return,return,360.512,0,0,"[0.0, -3.6166787133571376]"
1732,goal_174,2,exito,16234,2579.47,05,subwp,524,1,E2.1,E2.1-R0,False,subwp,524,05,2,701134613,exito,,519.488,0,0,"[0.0, -3.440543462127894]"
1733,goal_174,3,exito,16246,2579.86,05,subwp,524,1,E2.1,E2.1-R0,False,subwp,524,05,3,1590511491,exito,,519.872,0,0,"[0.0, -7.190051509579463]"
1734,goal_174,4,exito,16280,2498.25,05,subwp,524,1,E2.1,E2.1-R0,False,subwp,524,05,4,3232354848,exito,,520.96,0,0,"[0.0, 28.953101853861625]"
1735,goal_174,5,col_return,11247,1595.86,05,subwp,524,1,E2.1,E2.1-R0,False,subwp,524,05,5,3081691830,col_return,return,359.904,0,0,"[0.0, 2.5738622534713795]"
1736,goal_174,6,exito,16236,2579.46,05,subwp,524,1,E2.1,E2.1-R0,False,subwp,524,05,6,782742284,exito,,519.552,0,0,"[0.0, 13.151748902200783]"
1737,goal_174,7,exito,16246,2579.95,05,subwp,524,1,E2.1,E2.1-R0,False,subwp,524,05,7,1503691674,exito,,519.872,0,0,"[0.0, -22.8619128395031]"
1738,goal_174,8,exito,16252,2510.36,05,subwp,524,1,E2.1,E2.1-R0,False,subwp,524,05,8,3374292491,exito,,520.064,0,0,"[0.0, 5.20126343354701]"
1739,goal_174,9,col_return,11260,1594.92,05,subwp,524,1,E2.1,E2.1-R0,False,subwp,524,05,9,3189288605,col_return,return,360.32,0,0,"[0.0, -10.161276978970978]"
1740,goal_174,10,exito,16234,2579.36,05,subwp,524,1,E2.1,E2.1-R0,False,subwp,524,05,10,2986517118,exito,,519.488,0,0,"[0.0, -13.55473242313185]"
1741,goal_175,1,exito,16754,2647.16,05,subwp,524,1,E2.1,E2.1-R0,False,subwp,524,05,1,3045863466,exito,,536.128,0,0,"[0.0, 11.363018941288258]"
1742,goal_175,2,exito,16754,2628.53,05,subwp,524,1,E2.1,E2.1-R0,False,subwp,524,05,2,746938768,exito,,536.128,0,0,"[0.0, -6.500278942331663]"
1743,goal_175,3,col_return,11009,1551.01,05,subwp,524,1,E2.1,E2.1-R0,False,subwp,524,05,3,1535267078,col_return,return,352.288,0,0,"[0.0, 16.61642004366621]"
1744,goal_175,4,exito,16744,2646.41,05,subwp,524,1,E2.1,E2.1-R0,False,subwp,524,05,4,3320235173,exito,,535.808,0,0,"[0.0, 25.33259110573301]"
1745,goal_175,5,exito,16755,2647.35,05,subwp,524,1,E2.1,E2.1-R0,False,subwp,524,05,5,3001152563,exito,,536.16,0,0,"[0.0, -29.598697972917154]"
1746,goal_175,6,col_return,11248,1586.71,05,subwp,524,1,E2.1,E2.1-R0,False,subwp,524,05,6,736667017,col_return,return,359.936,0,0,"[0.0, 5.468831804663791]"
1747,goal_175,7,exito,16744,2646.45,05,subwp,524,1,E2.1,E2.1-R0,False,subwp,524,05,7,1559205151,exito,,535.808,0,0,"[0.0, 15.165702541527661]"
1748,goal_175,8,exito,16754,2646.55,05,subwp,524,1,E2.1,E2.1-R0,False,subwp,524,05,8,3427829902,exito,,536.128,0,0,"[0.0, 0.4978148388399273]"
1749,goal_175,9,col_return,11375,1606.64,05,subwp,524,1,E2.1,E2.1-R0,False,subwp,524,05,9,3143088152,col_return,return,364.0,0,0,"[0.0, -7.816555933307807]"
1750,goal_175,10,exito,16744,2646.44,05,subwp,524,1,E2.1,E2.1-R0,False,subwp,524,05,10,802527943,exito,,535.808,0,0,"[0.0, -6.166845844296265]"
1751,goal_176,1,col_approach,2305,169.23,05,subwp,524,1,E2.1,E2.1-R0,False,subwp,524,05,1,3025033757,col_approach,approach,73.76,0,0,"[0.0, -23.566349559270126]"
1752,goal_176,2,col_return,11019,1557.39,05,subwp,524,1,E2.1,E2.1-R0,False,subwp,524,05,2,759630759,col_return,return,352.608,0,0,"[0.0, 16.51608062896871]"
1753,goal_176,3,exito,16456,2612.13,05,subwp,524,1,E2.1,E2.1-R0,False,subwp,524,05,3,1514158897,exito,,526.592,0,0,"[0.0, -25.436081781926088]"
1754,goal_176,4,exito,16466,2578.65,05,subwp,524,1,E2.1,E2.1-R0,False,subwp,524,05,4,3290738322,exito,,526.912,0,0,"[0.0, 6.671651086784891]"
1755,goal_176,5,exito,16466,2580.18,05,subwp,524,1,E2.1,E2.1-R0,False,subwp,524,05,5,3005455876,exito,,526.912,0,0,"[0.0, -17.800317490330876]"
1756,goal_176,6,col_return,10817,1530.67,05,subwp,524,1,E2.1,E2.1-R0,False,subwp,524,05,6,707448766,col_return,return,346.144,0,0,"[0.0, -12.613893481083789]"
1757,goal_176,7,exito,16456,2612.13,05,subwp,524,1,E2.1,E2.1-R0,False,subwp,524,05,7,1563295528,exito,,526.592,0,0,"[0.0, -10.483458111175512]"
1758,goal_176,8,col_approach,2308,171.1,05,subwp,524,1,E2.1,E2.1-R0,False,subwp,524,05,8,3448955577,col_approach,approach,73.856,0,0,"[0.0, -16.76413216561172]"
1759,goal_176,9,col_return,11016,1559.2,05,subwp,524,1,E2.1,E2.1-R0,False,subwp,524,05,9,3130380847,col_return,return,352.512,0,0,"[0.0, -19.72687517159517]"
1760,goal_176,10,exito,16456,2612.14,05,subwp,524,1,E2.1,E2.1-R0,False,subwp,524,05,10,2540305826,exito,,526.592,0,0,"[0.0, -11.796253951829192]"
1761,goal_177,1,exito,17014,2682.32,05,subwp,524,1,E2.1,E2.1-R0,False,subwp,524,05,1,3054036036,exito,,544.448,0,0,"[0.0, -13.869105368327235]"
1762,goal_177,2,col_return,11558,1624.67,05,subwp,524,1,E2.1,E2.1-R0,False,subwp,524,05,2,788641278,col_return,return,369.856,0,0,"[0.0, -12.25050919169232]"
1763,goal_177,3,exito,17005,2680.77,05,subwp,524,1,E2.1,E2.1-R0,False,subwp,524,05,3,1476822376,exito,,544.16,0,0,"[0.0, 23.163520961227736]"
1764,goal_177,4,exito,17014,2679.54,05,subwp,524,1,E2.1,E2.1-R0,False,subwp,524,05,4,3328315595,exito,,544.448,0,0,"[0.0, -28.935971595187247]"
1765,goal_177,5,col_return,11259,1586.34,05,subwp,524,1,E2.1,E2.1-R0,False,subwp,524,05,5,2976194653,col_return,return,360.288,0,0,"[0.0, 19.884098364399414]"
1766,goal_177,6,exito,17004,2681.6,05,subwp,524,1,E2.1,E2.1-R0,False,subwp,524,05,6,678195687,exito,,544.128,0,0,"[0.0, 7.398349939828172]"
1767,goal_177,7,exito,17014,2659.54,05,subwp,524,1,E2.1,E2.1-R0,False,subwp,524,05,7,1600864625,exito,,544.448,0,0,"[0.0, 0.8604320217406802]"
1768,goal_177,8,exito,17014,2635.72,05,subwp,524,1,E2.1,E2.1-R0,False,subwp,524,05,8,3486801120,exito,,544.448,0,0,"[0.0, -21.065756924677554]"
1769,goal_177,9,exito,17014,2682.32,05,subwp,524,1,E2.1,E2.1-R0,False,subwp,524,05,9,3100863606,exito,,544.448,0,0,"[0.0, -27.64013625647599]"
1770,goal_177,10,exito,17014,2682.33,05,subwp,524,1,E2.1,E2.1-R0,False,subwp,524,05,10,2245808716,exito,,544.448,0,0,"[0.0, -22.071818171964832]"
1771,goal_178,1,col_return,11706,1656.11,05,subwp,524,1,E2.1,E2.1-R0,False,subwp,524,05,1,3083505267,col_return,return,374.592,0,0,"[0.0, -20.17577414050654]"
1772,goal_178,2,exito,16710,2645.44,05,subwp,524,1,E2.1,E2.1-R0,False,subwp,524,05,2,784588745,exito,,534.72,0,0,"[0.0, -16.440279225734848]"
1773,goal_178,3,exito,16720,2636.39,05,subwp,524,1,E2.1,E2.1-R0,False,subwp,524,05,3,1506078559,exito,,535.04,0,0,"[0.0, 6.271162490286342]"
1774,goal_178,4,col_return,11634,1648.03,05,subwp,524,1,E2.1,E2.1-R0,False,subwp,524,05,4,3349183228,col_return,return,372.288,0,0,"[0.0, -9.34245418391187]"
1775,goal_178,5,exito,16710,2645.44,05,subwp,524,1,E2.1,E2.1-R0,False,subwp,524,05,5,2963753578,exito,,534.72,0,0,"[0.0, 1.1344429168372816]"
1776,goal_178,6,exito,16720,2629.66,05,subwp,524,1,E2.1,E2.1-R0,False,subwp,524,05,6,699276240,exito,,535.04,0,0,"[0.0, -28.032541620405702]"
1777,goal_178,7,col_return,11602,1641.0,05,subwp,524,1,E2.1,E2.1-R0,False,subwp,524,05,7,1588144966,col_return,return,371.264,0,0,"[0.0, -13.516795750074504]"
1778,goal_178,8,exito,16710,2645.44,05,subwp,524,1,E2.1,E2.1-R0,False,subwp,524,05,8,3457562327,exito,,534.72,0,0,"[0.0, -0.250260676463947]"
1779,goal_178,9,exito,16720,2624.6,05,subwp,524,1,E2.1,E2.1-R0,False,subwp,524,05,9,3104900673,exito,,535.04,0,0,"[0.0, -6.09981336109108]"
1780,goal_178,10,col_return,11577,1639.37,05,subwp,524,1,E2.1,E2.1-R0,False,subwp,524,05,10,1029715241,col_return,return,370.464,0,0,"[0.0, 1.045427425549672]"
1781,goal_179,1,exito,17236,2715.03,05,subwp,524,1,E2.1,E2.1-R0,False,subwp,524,05,1,3163998542,exito,,551.552,0,0,"[0.0, -20.830887384713094]"
1782,goal_179,2,exito,17246,2707.86,05,subwp,524,1,E2.1,E2.1-R0,False,subwp,524,05,2,631216372,exito,,551.872,0,0,"[0.0, -29.991378394993205]"
1783,goal_179,3,exito,17246,2708.56,05,subwp,524,1,E2.1,E2.1-R0,False,subwp,524,05,3,1385736290,exito,,551.872,0,0,"[0.0, -22.365936138079896]"
1784,goal_179,4,exito,17246,2715.73,05,subwp,524,1,E2.1,E2.1-R0,False,subwp,524,05,4,3439082945,exito,,551.872,0,0,"[0.0, 21.861318256250065]"
1785,goal_179,5,exito,17246,2715.76,05,subwp,524,1,E2.1,E2.1-R0,False,subwp,524,05,5,3153792343,exito,,551.872,0,0,"[0.0, -18.369875686379466]"
1786,goal_179,6,col_return,11700,1644.04,05,subwp,524,1,E2.1,E2.1-R0,False,subwp,524,05,6,586308845,col_return,return,374.4,0,0,"[0.0, 8.551084405876047]"
1787,goal_179,7,exito,17238,2715.42,05,subwp,524,1,E2.1,E2.1-R0,False,subwp,524,05,7,1442147451,exito,,551.616,0,0,"[0.0, 8.68192398080212]"
1788,goal_179,8,col_return,12218,1727.55,05,subwp,524,1,E2.1,E2.1-R0,False,subwp,524,05,8,3309990378,col_return,return,390.976,0,0,"[0.0, -0.6636700728360179]"
1789,goal_179,9,exito,17236,2715.04,05,subwp,524,1,E2.1,E2.1-R0,False,subwp,524,05,9,2991407484,exito,,551.552,0,0,"[0.0, 7.785944927359687]"
1790,goal_179,10,exito,17246,2712.16,05,subwp,524,1,E2.1,E2.1-R0,False,subwp,524,05,10,1694705023,exito,,551.872,0,0,"[0.0, -16.381549849576377]"
1791,goal_180,1,col_return,11211,1585.1,05,subwp,524,1,E2.1,E2.1-R0,False,subwp,524,05,1,3176440697,col_return,return,358.752,0,0,"[0.0, 14.231042339573152]"
1792,goal_180,2,exito,16919,2677.87,05,subwp,524,1,E2.1,E2.1-R0,False,subwp,524,05,2,610136771,exito,,541.408,0,0,"[0.0, 23.586809107534947]"
1793,goal_180,3,exito,16929,2669.3,05,subwp,524,1,E2.1,E2.1-R0,False,subwp,524,05,3,1398456917,exito,,541.728,0,0,"[0.0, -14.976848497790705]"
1794,goal_180,4,col_return,11184,1582.41,05,subwp,524,1,E2.1,E2.1-R0,False,subwp,524,05,4,3443415030,col_return,return,357.888,0,0,"[0.0, -22.74187231431042]"
1795,goal_180,5,exito,16919,2677.85,05,subwp,524,1,E2.1,E2.1-R0,False,subwp,524,05,5,3124324192,exito,,541.408,0,0,"[0.0, -1.0824831726476725]"
1796,goal_180,6,exito,16929,2669.98,05,subwp,524,1,E2.1,E2.1-R0,False,subwp,524,05,6,590362330,exito,,541.728,0,0,"[0.0, -27.762586376356666]"
1797,goal_180,7,col_return,11158,1580.96,05,subwp,524,1,E2.1,E2.1-R0,False,subwp,524,05,7,1412892236,col_return,return,357.056,0,0,"[0.0, -18.843015228798418]"
1798,goal_180,8,exito,16919,2677.87,05,subwp,524,1,E2.1,E2.1-R0,False,subwp,524,05,8,3297254365,exito,,541.408,0,0,"[0.0, 26.544122798670067]"
1799,goal_180,9,exito,16929,2669.85,05,subwp,524,1,E2.1,E2.1-R0,False,subwp,524,05,9,3012504395,exito,,541.728,0,0,"[0.0, -7.895792944164146]"
1800,goal_180,10,col_return,11163,1577.75,05,subwp,524,1,E2.1,E2.1-R0,False,subwp,524,05,10,3720299034,col_return,return,357.216,0,0,"[0.0, 7.33929960826239]"
1801,goal_181,1,exito,16613,2620.42,05,subwp,524,1,E2.1,E2.1-R0,False,subwp,524,05,1,3940976800,exito,,531.616,0,0,"[0.0, -27.5208720902518]"
1802,goal_181,2,exito,16623,2620.66,05,subwp,524,1,E2.1,E2.1-R0,False,subwp,524,05,2,1945098522,exito,,531.936,0,0,"[0.0, 10.799611521675601]"
1803,goal_181,3,col_return,11314,1580.88,05,subwp,524,1,E2.1,E2.1-R0,False,subwp,524,05,3,82373004,col_return,return,362.048,0,0,"[0.0, -12.4778109681559]"
1804,goal_181,4,exito,16613,2620.56,05,subwp,524,1,E2.1,E2.1-R0,False,subwp,524,05,4,2592898095,exito,,531.616,0,0,"[0.0, -10.702729300429507]"
1805,goal_181,5,exito,16623,2620.65,05,subwp,524,1,E2.1,E2.1-R0,False,subwp,524,05,5,3985329337,exito,,531.936,0,0,"[0.0, -24.640399167511468]"
1806,goal_181,6,col_return,11536,1617.69,05,subwp,524,1,E2.1,E2.1-R0,False,subwp,524,05,6,1954684163,col_return,return,369.152,0,0,"[0.0, -16.261720400024448]"
1807,goal_181,7,exito,16612,2620.38,05,subwp,524,1,E2.1,E2.1-R0,False,subwp,524,05,7,59059605,exito,,531.584,0,0,"[0.0, 5.278947679407779]"
1808,goal_181,8,exito,16623,2620.24,05,subwp,524,1,E2.1,E2.1-R0,False,subwp,524,05,8,2470064132,exito,,531.936,0,0,"[0.0, 24.330404870514208]"
1809,goal_181,9,col_return,11646,1633.3,05,subwp,524,1,E2.1,E2.1-R0,False,subwp,524,05,9,3829203090,col_return,return,372.672,0,0,"[0.0, -13.121039694909673]"
1810,goal_181,10,exito,16613,2620.44,05,subwp,524,1,E2.1,E2.1-R0,False,subwp,524,05,10,585603649,exito,,531.616,0,0,"[0.0, 1.559488440018999]"
1811,goal_182,1,exito,16640,2621.28,05,subwp,524,1,E2.1,E2.1-R0,False,subwp,524,05,1,3945063063,exito,,532.48,0,0,"[0.0, -15.569851282490157]"
1812,goal_182,2,exito,16640,2582.5,05,subwp,524,1,E2.1,E2.1-R0,False,subwp,524,05,2,1915597613,exito,,532.48,0,0,"[0.0, 19.03989400172858]"
1813,goal_182,3,col_return,10880,1522.95,05,subwp,524,1,E2.1,E2.1-R0,False,subwp,524,05,3,86672315,col_return,return,348.16,0,0,"[0.0, 21.025318573312692]"
1814,goal_182,4,exito,16629,2621.48,05,subwp,524,1,E2.1,E2.1-R0,False,subwp,524,05,4,2605585944,exito,,532.128,0,0,"[0.0, 1.0564176818037674]"
1815,goal_182,5,exito,16640,2621.33,05,subwp,524,1,E2.1,E2.1-R0,False,subwp,524,05,5,3964216974,exito,,532.48,0,0,"[0.0, -24.88922379486419]"
1816,goal_182,6,col_return,11298,1584.78,05,subwp,524,1,E2.1,E2.1-R0,False,subwp,524,05,6,1967159092,col_return,return,361.536,0,0,"[0.0, -10.932784783833899]"
1817,goal_182,7,exito,16629,2621.47,05,subwp,524,1,E2.1,E2.1-R0,False,subwp,524,05,7,38225826,exito,,532.128,0,0,"[0.0, -3.227633655695805]"
1818,goal_182,8,exito,16640,2621.29,05,subwp,524,1,E2.1,E2.1-R0,False,subwp,524,05,8,2465749555,exito,,532.48,0,0,"[0.0, 7.500810871125192]"
1819,goal_182,9,col_return,11525,1612.47,05,subwp,524,1,E2.1,E2.1-R0,False,subwp,524,05,9,3858721445,col_return,return,368.8,0,0,"[0.0, -2.4635581093771752]"
1820,goal_182,10,exito,16628,2621.21,05,subwp,524,1,E2.1,E2.1-R0,False,subwp,524,05,10,2589719844,exito,,532.096,0,0,"[0.0, 7.364213678119727]"
1821,goal_183,1,exito,16536,2606.23,05,subwp,524,1,E2.1,E2.1-R0,False,subwp,524,05,1,3915537614,exito,,529.152,0,0,"[0.0, 19.79214940941232]"
1822,goal_183,2,exito,16536,2574.42,05,subwp,524,1,E2.1,E2.1-R0,False,subwp,524,05,2,1886063988,exito,,529.152,0,0,"[0.0, 20.723189593836953]"
1823,goal_183,3,col_return,10855,1517.87,05,subwp,524,1,E2.1,E2.1-R0,False,subwp,524,05,3,124534242,col_return,return,347.36,0,0,"[0.0, 8.17764035098439]"
1824,goal_183,4,exito,16526,2606.23,05,subwp,524,1,E2.1,E2.1-R0,False,subwp,524,05,4,2567481409,exito,,528.832,0,0,"[0.0, -10.375625866933149]"
1825,goal_183,5,exito,16536,2606.45,05,subwp,524,1,E2.1,E2.1-R0,False,subwp,524,05,5,3993999575,exito,,529.152,0,0,"[0.0, -18.379709181470943]"
1826,goal_183,6,col_return,11389,1598.41,05,subwp,524,1,E2.1,E2.1-R0,False,subwp,524,05,6,1996933485,col_return,return,364.448,0,0,"[0.0, 16.09751497471359]"
1827,goal_183,7,exito,16526,2606.08,05,subwp,524,1,E2.1,E2.1-R0,False,subwp,524,05,7,129531,exito,,528.832,0,0,"[0.0, -16.366418732227913]"
1828,goal_183,8,exito,16536,2606.47,05,subwp,524,1,E2.1,E2.1-R0,False,subwp,524,05,8,2428429418,exito,,529.152,0,0,"[0.0, 19.20832142089075]"
1829,goal_183,9,exito,16536,2587.5,05,subwp,524,1,E2.1,E2.1-R0,False,subwp,524,05,9,3887715580,exito,,529.152,0,0,"[0.0, 20.011918883233836]"
1830,goal_183,10,col_return,10895,1527.94,05,subwp,524,1,E2.1,E2.1-R0,False,subwp,524,05,10,2297320138,col_return,return,348.64,0,0,"[0.0, 4.0466506347664915]"
1831,goal_184,1,exito,16503,2603.84,05,subwp,524,1,E2.1,E2.1-R0,False,subwp,524,05,1,3902813945,exito,,528.096,0,0,"[0.0, 7.512930775835964]"
1832,goal_184,2,exito,16514,2604.25,05,subwp,524,1,E2.1,E2.1-R0,False,subwp,524,05,2,1906927427,exito,,528.448,0,0,"[0.0, 27.804783507254577]"
1833,goal_184,3,col_return,11424,1607.41,05,subwp,524,1,E2.1,E2.1-R0,False,subwp,524,05,3,112089045,col_return,return,365.568,0,0,"[0.0, 24.76317859673188]"
1834,goal_184,4,exito,16505,2605.32,05,subwp,524,1,E2.1,E2.1-R0,False,subwp,524,05,4,2563424886,exito,,528.16,0,0,"[0.0, -8.193920658868386]"
1835,goal_184,5,exito,16514,2604.27,05,subwp,524,1,E2.1,E2.1-R0,False,subwp,524,05,5,4023251680,exito,,528.448,0,0,"[0.0, 25.400253814588854]"
1836,goal_184,6,exito,16514,2596.42,05,subwp,524,1,E2.1,E2.1-R0,False,subwp,524,05,6,1992598362,exito,,528.448,0,0,"[0.0, -22.607111257392695]"
1837,goal_184,7,col_return,10948,1535.36,05,subwp,524,1,E2.1,E2.1-R0,False,subwp,524,05,7,29594572,col_return,return,350.336,0,0,"[0.0, 29.663438712526286]"
1838,goal_184,8,exito,16505,2605.31,05,subwp,524,1,E2.1,E2.1-R0,False,subwp,524,05,8,2440859229,exito,,528.16,0,0,"[0.0, 6.549563634330906]"
1839,goal_184,9,exito,16514,2604.25,05,subwp,524,1,E2.1,E2.1-R0,False,subwp,524,05,9,3866869451,exito,,528.448,0,0,"[0.0, -18.188278647032156]"
1840,goal_184,10,col_return,11469,1604.52,05,subwp,524,1,E2.1,E2.1-R0,False,subwp,524,05,10,810694063,col_return,return,367.008,0,0,"[0.0, 6.161269714477919]"
1841,goal_185,1,exito,16282,2566.43,05,subwp,524,1,E2.1,E2.1-R0,False,subwp,524,05,1,3991871612,exito,,521.024,0,0,"[0.0, -23.038757659226146]"
1842,goal_185,2,exito,16293,2567.39,05,subwp,524,1,E2.1,E2.1-R0,False,subwp,524,05,2,1961259462,exito,,521.376,0,0,"[0.0, 3.7836999351496425]"
1843,goal_185,3,exito,16293,2567.42,05,subwp,524,1,E2.1,E2.1-R0,False,subwp,524,05,3,65093968,exito,,521.376,0,0,"[0.0, 27.13940449404803]"
1844,goal_185,4,col_return,11188,1559.42,05,subwp,524,1,E2.1,E2.1-R0,False,subwp,524,05,4,2642793715,col_return,return,358.016,0,0,"[0.0, 5.3251122146279295]"
1845,goal_185,5,exito,16281,2566.0,05,subwp,524,1,E2.1,E2.1-R0,False,subwp,524,05,5,3934446693,exito,,520.992,0,0,"[0.0, 25.73237744581983]"
1846,goal_185,6,exito,16293,2567.34,05,subwp,524,1,E2.1,E2.1-R0,False,subwp,524,05,6,1938535903,exito,,521.376,0,0,"[0.0, 6.895778168641291]"
1847,goal_185,7,exito,16293,2567.39,05,subwp,524,1,E2.1,E2.1-R0,False,subwp,524,05,7,76318025,exito,,521.376,0,0,"[0.0, -7.410306186844968]"
1848,goal_185,8,col_return,11150,1558.6,05,subwp,524,1,E2.1,E2.1-R0,False,subwp,524,05,8,2486409432,col_return,return,356.8,0,0,"[0.0, 7.65896549944922]"
1849,goal_185,9,exito,16283,2567.55,05,subwp,524,1,E2.1,E2.1-R0,False,subwp,524,05,9,3811878990,exito,,521.056,0,0,"[0.0, -3.6894587274756585]"
1850,goal_185,10,exito,16293,2567.34,05,subwp,524,1,E2.1,E2.1-R0,False,subwp,524,05,10,2911178006,exito,,521.376,0,0,"[0.0, -5.393496303884888]"
1851,goal_186,1,exito,16256,2568.24,05,subwp,524,1,E2.1,E2.1-R0,False,subwp,524,05,1,3962391115,exito,,520.192,0,0,"[0.0, -14.480042317878333]"
1852,goal_186,2,col_return,11148,1559.11,05,subwp,524,1,E2.1,E2.1-R0,False,subwp,524,05,2,1965300721,col_return,return,356.736,0,0,"[0.0, 7.115248713602496]"
1853,goal_186,3,exito,16245,2568.38,05,subwp,524,1,E2.1,E2.1-R0,False,subwp,524,05,3,35859303,exito,,519.84,0,0,"[0.0, 25.932803141890247]"
1854,goal_186,4,exito,16256,2568.22,05,subwp,524,1,E2.1,E2.1-R0,False,subwp,524,05,4,2621947588,exito,,520.192,0,0,"[0.0, 2.937818050068215]"
1855,goal_186,5,exito,16256,2568.22,05,subwp,524,1,E2.1,E2.1-R0,False,subwp,524,05,5,3946876498,exito,,520.192,0,0,"[0.0, -27.639892025899208]"
1856,goal_186,6,col_return,11193,1564.5,05,subwp,524,1,E2.1,E2.1-R0,False,subwp,524,05,6,1917444072,col_return,return,358.176,0,0,"[0.0, 22.415715727351355]"
1857,goal_186,7,exito,16245,2568.36,05,subwp,524,1,E2.1,E2.1-R0,False,subwp,524,05,7,89059198,exito,,519.84,0,0,"[0.0, 9.778802182470145]"
1858,goal_186,8,exito,16256,2568.24,05,subwp,524,1,E2.1,E2.1-R0,False,subwp,524,05,8,2515661551,exito,,520.192,0,0,"[0.0, 14.094442601039825]"
1859,goal_186,9,exito,16255,2568.31,05,subwp,524,1,E2.1,E2.1-R0,False,subwp,524,05,9,3807822457,exito,,520.16,0,0,"[0.0, 23.33100253950893]"
1860,goal_186,10,col_return,11208,1574.54,05,subwp,524,1,E2.1,E2.1-R0,False,subwp,524,05,10,356084339,col_return,return,358.656,0,0,"[0.0, -1.980938787643951]"
1861,goal_187,1,exito,16033,2530.63,05,subwp,524,1,E2.1,E2.1-R0,False,subwp,524,05,1,4000052242,exito,,513.056,0,0,"[0.0, 1.5059129828291784]"
1862,goal_187,2,exito,16044,2530.5,05,subwp,524,1,E2.1,E2.1-R0,False,subwp,524,05,2,2002953640,exito,,513.408,0,0,"[0.0, 10.820432460794954]"
1863,goal_187,3,exito,16046,2531.23,05,subwp,524,1,E2.1,E2.1-R0,False,subwp,524,05,3,6657342,exito,,513.472,0,0,"[0.0, 10.797780658179676]"
1864,goal_187,4,exito,16046,2531.24,05,subwp,524,1,E2.1,E2.1-R0,False,subwp,524,05,4,2650865821,exito,,513.472,0,0,"[0.0, -11.53394922063754]"
1865,goal_187,5,col_return,10907,1526.02,05,subwp,524,1,E2.1,E2.1-R0,False,subwp,524,05,5,3909496843,col_return,return,349.024,0,0,"[0.0, -22.294050795455178]"
1866,goal_187,6,exito,16036,2530.99,05,subwp,524,1,E2.1,E2.1-R0,False,subwp,524,05,6,1880056241,exito,,513.152,0,0,"[0.0, 11.221113080826711]"
1867,goal_187,7,exito,16046,2531.22,05,subwp,524,1,E2.1,E2.1-R0,False,subwp,524,05,7,117985575,exito,,513.472,0,0,"[0.0, -6.9615383930833685]"
1868,goal_187,8,exito,16046,2531.25,05,subwp,524,1,E2.1,E2.1-R0,False,subwp,524,05,8,2545372342,exito,,513.472,0,0,"[0.0, -8.773267415941064]"
1869,goal_187,9,exito,16046,2530.94,05,subwp,524,1,E2.1,E2.1-R0,False,subwp,524,05,9,3769662496,exito,,513.472,0,0,"[0.0, 26.150481942765932]"
1870,goal_187,10,col_return,10876,1517.26,05,subwp,524,1,E2.1,E2.1-R0,False,subwp,524,05,10,126666141,col_return,return,348.032,0,0,"[0.0, -13.809899457988061]"
1871,goal_188,1,exito,15987,2534.18,05,subwp,524,1,E2.1,E2.1-R0,False,subwp,524,05,1,4020870693,exito,,511.584,0,0,"[0.0, -10.934634029346]"
1872,goal_188,2,exito,15997,2534.17,05,subwp,524,1,E2.1,E2.1-R0,False,subwp,524,05,2,1990250399,exito,,511.904,0,0,"[0.0, -20.679209989805006]"
1873,goal_188,3,exito,15997,2534.24,05,subwp,524,1,E2.1,E2.1-R0,False,subwp,524,05,3,27787017,exito,,511.904,0,0,"[0.0, -21.66769213362226]"
1874,goal_188,4,exito,15997,2534.16,05,subwp,524,1,E2.1,E2.1-R0,False,subwp,524,05,4,2680384170,exito,,511.904,0,0,"[0.0, 13.555300937124425]"
1875,goal_188,5,col_return,10924,1532.75,05,subwp,524,1,E2.1,E2.1-R0,False,subwp,524,05,5,3905182268,col_return,return,349.568,0,0,"[0.0, -19.857808767582096]"
1876,goal_188,6,exito,15987,2534.18,05,subwp,524,1,E2.1,E2.1-R0,False,subwp,524,05,6,1909263238,exito,,511.584,0,0,"[0.0, -25.458672658152558]"
1877,goal_188,7,exito,15997,2534.15,05,subwp,524,1,E2.1,E2.1-R0,False,subwp,524,05,7,113916688,exito,,511.904,0,0,"[0.0, -26.51969387443412]"
1878,goal_188,8,exito,15997,2534.21,05,subwp,524,1,E2.1,E2.1-R0,False,subwp,524,05,8,2524259969,exito,,511.904,0,0,"[0.0, -23.560534086802974]"
1879,goal_188,9,exito,15997,2534.16,05,subwp,524,1,E2.1,E2.1-R0,False,subwp,524,05,9,3782350359,exito,,511.904,0,0,"[0.0, 8.117153604532286]"
1880,goal_188,10,col_return,10964,1542.28,05,subwp,524,1,E2.1,E2.1-R0,False,subwp,524,05,10,3207635704,col_return,return,350.848,0,0,"[0.0, -13.575844869346593]"
1881,goal_189,1,exito,15812,2499.82,05,subwp,524,1,E2.1,E2.1-R0,False,subwp,524,05,1,3841317144,exito,,505.984,0,0,"[0.0, 10.200903345106667]"
1882,goal_189,2,exito,15823,2498.33,05,subwp,524,1,E2.1,E2.1-R0,False,subwp,524,05,2,2113702050,exito,,506.336,0,0,"[0.0, 0.46714177793081735]"
1883,goal_189,3,exito,15821,2500.03,05,subwp,524,1,E2.1,E2.1-R0,False,subwp,524,05,3,184268852,exito,,506.272,0,0,"[0.0, -23.26262395963902]"
1884,goal_189,4,exito,15822,2500.02,05,subwp,524,1,E2.1,E2.1-R0,False,subwp,524,05,4,2493459863,exito,,506.304,0,0,"[0.0, 23.309235961255098]"
1885,goal_189,5,exito,15821,2500.04,05,subwp,524,1,E2.1,E2.1-R0,False,subwp,524,05,5,3818396929,exito,,506.272,0,0,"[0.0, 12.475320370219578]"
1886,goal_189,6,col_return,10845,1512.46,05,subwp,524,1,E2.1,E2.1-R0,False,subwp,524,05,6,2056342715,col_return,return,347.04,0,0,"[0.0, -4.1587056464499135]"
1887,goal_189,7,exito,15812,2499.8,05,subwp,524,1,E2.1,E2.1-R0,False,subwp,524,05,7,227965997,exito,,505.984,0,0,"[0.0, -25.062936122318906]"
1888,goal_189,8,exito,15821,2500.05,05,subwp,524,1,E2.1,E2.1-R0,False,subwp,524,05,8,2636734908,exito,,506.272,0,0,"[0.0, -29.616179363975707]"
1889,goal_189,9,exito,15822,2500.03,05,subwp,524,1,E2.1,E2.1-R0,False,subwp,524,05,9,3928903978,exito,,506.304,0,0,"[0.0, -9.352796009890232]"
1890,goal_189,10,exito,15823,2498.31,05,subwp,524,1,E2.1,E2.1-R0,False,subwp,524,05,10,3881022126,exito,,506.336,0,0,"[0.0, 25.40108325349767]"
1891,goal_190,1,exito,15792,2501.21,05,subwp,524,1,E2.1,E2.1-R0,False,subwp,524,05,1,3845632815,exito,,505.344,0,0,"[0.0, -2.3664801179347883]"
1892,goal_190,2,exito,15792,2466.27,05,subwp,524,1,E2.1,E2.1-R0,False,subwp,524,05,2,2084496021,exito,,505.344,0,0,"[0.0, -19.726789581399995]"
1893,goal_190,3,col_return,10466,1466.78,05,subwp,524,1,E2.1,E2.1-R0,False,subwp,524,05,3,188338691,col_return,return,334.912,0,0,"[0.0, 0.11400242501698132]"
1894,goal_190,4,exito,15782,2501.21,05,subwp,524,1,E2.1,E2.1-R0,False,subwp,524,05,4,2505918368,exito,,505.024,0,0,"[0.0, 16.145046087486413]"
1895,goal_190,5,exito,15792,2501.17,05,subwp,524,1,E2.1,E2.1-R0,False,subwp,524,05,5,3797579574,exito,,505.344,0,0,"[0.0, -4.088847178535746]"
1896,goal_190,6,exito,15792,2501.26,05,subwp,524,1,E2.1,E2.1-R0,False,subwp,524,05,6,2069046924,exito,,505.344,0,0,"[0.0, 23.979472218362357]"
1897,goal_190,7,exito,15792,2501.18,05,subwp,524,1,E2.1,E2.1-R0,False,subwp,524,05,7,206837274,exito,,505.344,0,0,"[0.0, 17.71517374013422]"
1898,goal_190,8,exito,15792,2501.24,05,subwp,524,1,E2.1,E2.1-R0,False,subwp,524,05,8,2632649611,exito,,505.344,0,0,"[0.0, -4.2477508997535285]"
1899,goal_190,9,col_return,10754,1510.51,05,subwp,524,1,E2.1,E2.1-R0,False,subwp,524,05,9,3958127389,col_return,return,344.128,0,0,"[0.0, -8.613163101911315]"
1900,goal_190,10,exito,15783,2501.11,05,subwp,524,1,E2.1,E2.1-R0,False,subwp,524,05,10,1609553355,exito,,505.056,0,0,"[0.0, 7.530885921927162]"
1901,goal_191,1,exito,15571,2465.28,05,subwp,524,1,E2.1,E2.1-R0,False,subwp,524,05,1,1381691333,exito,,498.272,0,0,"[0.0, -10.870634011532855]"
1902,goal_191,2,exito,15571,2465.26,05,subwp,524,1,E2.1,E2.1-R0,False,subwp,524,05,2,3411263103,exito,,498.272,0,0,"[0.0, 5.383411150736983]"
1903,goal_191,3,exito,15571,2465.28,05,subwp,524,1,E2.1,E2.1-R0,False,subwp,524,05,3,3159658217,exito,,498.272,0,0,"[0.0, 24.324958021397837]"
1904,goal_191,4,exito,15571,2465.31,05,subwp,524,1,E2.1,E2.1-R0,False,subwp,524,05,4,573578058,exito,,498.272,0,0,"[0.0, 3.2147592882220355]"
1905,goal_191,5,exito,15571,2465.26,05,subwp,524,1,E2.1,E2.1-R0,False,subwp,524,05,5,1429679068,exito,,498.272,0,0,"[0.0, -19.12939312850784]"
1906,goal_191,6,exito,15571,2465.3,05,subwp,524,1,E2.1,E2.1-R0,False,subwp,524,05,6,3426646630,exito,,498.272,0,0,"[0.0, -14.312039536613192]"
1907,goal_191,7,exito,15569,2434.84,05,subwp,524,1,E2.1,E2.1-R0,False,subwp,524,05,7,3141094128,exito,,498.208,0,0,"[0.0, 26.14854481457195]"
1908,goal_191,8,col_return,10383,1447.36,05,subwp,524,1,E2.1,E2.1-R0,False,subwp,524,05,8,730224481,col_return,return,332.256,0,0,"[0.0, -7.143820445506027]"
1909,goal_191,9,exito,15558,2464.57,05,subwp,524,1,E2.1,E2.1-R0,False,subwp,524,05,9,1551984631,exito,,497.856,0,0,"[0.0, -3.538471151596454]"
1910,goal_191,10,exito,15571,2465.27,05,subwp,524,1,E2.1,E2.1-R0,False,subwp,524,05,10,528987121,exito,,498.272,0,0,"[0.0, -15.213949938579594]"
1911,goal_192,1,exito,15544,2468.32,05,subwp,524,1,E2.1,E2.1-R0,False,subwp,524,05,1,1402504690,exito,,497.408,0,0,"[0.0, -2.5391067596487282]"
1912,goal_192,2,exito,15544,2468.28,05,subwp,524,1,E2.1,E2.1-R0,False,subwp,524,05,2,3398554696,exito,,497.408,0,0,"[0.0, -29.27256986726084]"
1913,goal_192,3,exito,15544,2468.52,05,subwp,524,1,E2.1,E2.1-R0,False,subwp,524,05,3,3180782814,exito,,497.408,0,0,"[0.0, 23.219379590129698]"
1914,goal_192,4,exito,15544,2468.53,05,subwp,524,1,E2.1,E2.1-R0,False,subwp,524,05,4,603091325,exito,,497.408,0,0,"[0.0, -0.28509953746397976]"
1915,goal_192,5,exito,15544,2468.78,05,subwp,524,1,E2.1,E2.1-R0,False,subwp,524,05,5,1425359339,exito,,497.408,0,0,"[0.0, -20.706509626386236]"
1916,goal_192,6,exito,15544,2461.58,05,subwp,524,1,E2.1,E2.1-R0,False,subwp,524,05,6,3455848529,exito,,497.408,0,0,"[0.0, 17.16108008518911]"
1917,goal_192,7,col_return,10470,1469.44,05,subwp,524,1,E2.1,E2.1-R0,False,subwp,524,05,7,3137020103,col_return,return,335.04,0,0,"[0.0, -7.106547369462373]"
1918,goal_192,8,exito,15534,2468.35,05,subwp,524,1,E2.1,E2.1-R0,False,subwp,524,05,8,709115222,exito,,497.088,0,0,"[0.0, 3.513463713875564]"
1919,goal_192,9,exito,15544,2468.48,05,subwp,524,1,E2.1,E2.1-R0,False,subwp,524,05,9,1564675520,exito,,497.408,0,0,"[0.0, 3.6934283265990486]"
1920,goal_192,10,exito,15544,2468.52,05,subwp,524,1,E2.1,E2.1-R0,False,subwp,524,05,10,2805716116,exito,,497.408,0,0,"[0.0, -10.274276903164491]"
1921,goal_193,1,exito,15349,2434.44,05,subwp,524,1,E2.1,E2.1-R0,False,subwp,524,05,1,1373518763,exito,,491.168,0,0,"[0.0, -6.220374966193896]"
1922,goal_193,2,exito,15348,2435.03,05,subwp,524,1,E2.1,E2.1-R0,False,subwp,524,05,2,3369560593,exito,,491.136,0,0,"[0.0, -26.442065415063723]"
1923,goal_193,3,exito,15349,2435.06,05,subwp,524,1,E2.1,E2.1-R0,False,subwp,524,05,3,3218102919,exito,,491.168,0,0,"[0.0, 14.136904739034254]"
1924,goal_193,4,exito,15348,2435.33,05,subwp,524,1,E2.1,E2.1-R0,False,subwp,524,05,4,565497636,exito,,491.136,0,0,"[0.0, -8.529694349776015]"
1925,goal_193,5,exito,15349,2435.0,05,subwp,524,1,E2.1,E2.1-R0,False,subwp,524,05,5,1454636978,exito,,491.168,0,0,"[0.0, 14.697859449492514]"
1926,goal_193,6,exito,15348,2435.32,05,subwp,524,1,E2.1,E2.1-R0,False,subwp,524,05,6,3485117960,exito,,491.136,0,0,"[0.0, -12.194961544116271]"
1927,goal_193,7,exito,15348,2435.32,05,subwp,524,1,E2.1,E2.1-R0,False,subwp,524,05,7,3099434654,exito,,491.136,0,0,"[0.0, -20.476755084935327]"
1928,goal_193,8,exito,15348,2432.49,05,subwp,524,1,E2.1,E2.1-R0,False,subwp,524,05,8,671253263,exito,,491.136,0,0,"[0.0, 5.194404822490064]"
1929,goal_193,9,exito,15348,2401.91,05,subwp,524,1,E2.1,E2.1-R0,False,subwp,524,05,9,1594209177,exito,,491.136,0,0,"[0.0, 11.323759560940296]"
1930,goal_193,10,col_return,10255,1435.34,05,subwp,524,1,E2.1,E2.1-R0,False,subwp,524,05,10,3046013818,col_return,return,328.16,0,0,"[0.0, -12.599334023910881]"
1931,goal_194,1,exito,15314,2435.67,05,subwp,524,1,E2.1,E2.1-R0,False,subwp,524,05,1,1344033180,exito,,490.048,0,0,"[0.0, 20.052451276090707]"
1932,goal_194,2,exito,15325,2435.77,05,subwp,524,1,E2.1,E2.1-R0,False,subwp,524,05,2,3373596710,exito,,490.4,0,0,"[0.0, 19.133842184404198]"
1933,goal_194,3,exito,15325,2435.78,05,subwp,524,1,E2.1,E2.1-R0,False,subwp,524,05,3,3188863152,exito,,490.4,0,0,"[0.0, -24.723400298539243]"
1934,goal_194,4,exito,15325,2435.76,05,subwp,524,1,E2.1,E2.1-R0,False,subwp,524,05,4,544646419,exito,,490.4,0,0,"[0.0, -27.457062314542874]"
1935,goal_194,5,exito,15325,2435.76,05,subwp,524,1,E2.1,E2.1-R0,False,subwp,524,05,5,1467061637,exito,,490.4,0,0,"[0.0, 14.66702707197178]"
1936,goal_194,6,exito,15325,2435.78,05,subwp,524,1,E2.1,E2.1-R0,False,subwp,524,05,6,3464021055,exito,,490.4,0,0,"[0.0, 27.835256870597277]"
1937,goal_194,7,exito,15325,2435.75,05,subwp,524,1,E2.1,E2.1-R0,False,subwp,524,05,7,3112170665,exito,,490.4,0,0,"[0.0, 12.490606277937458]"
1938,goal_194,8,exito,15325,2435.79,05,subwp,524,1,E2.1,E2.1-R0,False,subwp,524,05,8,700508472,exito,,490.4,0,0,"[0.0, -26.91957178968412]"
1939,goal_194,9,exito,15325,2435.74,05,subwp,524,1,E2.1,E2.1-R0,False,subwp,524,05,9,1590155694,exito,,490.4,0,0,"[0.0, -1.9987934626606818]"
1940,goal_194,10,exito,15325,2435.78,05,subwp,524,1,E2.1,E2.1-R0,False,subwp,524,05,10,221387807,exito,,490.4,0,0,"[0.0, -22.757450419723984]"
1941,goal_195,1,exito,15103,2398.08,05,subwp,524,1,E2.1,E2.1-R0,False,subwp,524,05,1,1431521049,exito,,483.296,0,0,"[0.0, -14.34867212707317]"
1942,goal_195,2,exito,15103,2398.13,05,subwp,524,1,E2.1,E2.1-R0,False,subwp,524,05,2,3428456099,exito,,483.296,0,0,"[0.0, -27.733284820387844]"
1943,goal_195,3,exito,15103,2398.1,05,subwp,524,1,E2.1,E2.1-R0,False,subwp,524,05,3,3143444021,exito,,483.296,0,0,"[0.0, -27.040759845432042]"
1944,goal_195,4,exito,15101,2397.32,05,subwp,524,1,E2.1,E2.1-R0,False,subwp,524,05,4,624538518,exito,,483.232,0,0,"[0.0, 9.580921007106918]"
1945,goal_195,5,exito,15103,2398.01,05,subwp,524,1,E2.1,E2.1-R0,False,subwp,524,05,5,1379828480,exito,,483.296,0,0,"[0.0, -19.051331640444026]"
1946,goal_195,6,exito,15103,2398.14,05,subwp,524,1,E2.1,E2.1-R0,False,subwp,524,05,6,3409433274,exito,,483.296,0,0,"[0.0, 20.482243946768733]"
1947,goal_195,7,exito,15103,2398.16,05,subwp,524,1,E2.1,E2.1-R0,False,subwp,524,05,7,3157320236,exito,,483.296,0,0,"[0.0, -11.335058712237029]"
1948,goal_195,8,exito,15103,2398.18,05,subwp,524,1,E2.1,E2.1-R0,False,subwp,524,05,8,747634621,exito,,483.296,0,0,"[0.0, -20.6710750452539]"
1949,goal_195,9,exito,15103,2398.1,05,subwp,524,1,E2.1,E2.1-R0,False,subwp,524,05,9,1535692587,exito,,483.296,0,0,"[0.0, -19.191748989425346]"
1950,goal_195,10,exito,15103,2397.1,05,subwp,524,1,E2.1,E2.1-R0,False,subwp,524,05,10,2430936230,exito,,483.296,0,0,"[0.0, 15.188570163979914]"
1951,goal_196,1,exito,15072,2398.72,05,subwp,524,1,E2.1,E2.1-R0,False,subwp,524,05,1,1418800430,exito,,482.304,0,0,"[0.0, 14.788814106413765]"
1952,goal_196,2,exito,15072,2396.83,05,subwp,524,1,E2.1,E2.1-R0,False,subwp,524,05,2,3449322644,exito,,482.304,0,0,"[0.0, -29.702741281885768]"
1953,goal_196,3,exito,15072,2393.75,05,subwp,524,1,E2.1,E2.1-R0,False,subwp,524,05,3,3131001858,exito,,482.304,0,0,"[0.0, 10.939396191275694]"
1954,goal_196,4,exito,15072,2388.67,05,subwp,524,1,E2.1,E2.1-R0,False,subwp,524,05,4,620485025,exito,,482.304,0,0,"[0.0, -10.391191836464095]"
1955,goal_196,5,exito,15072,2380.91,05,subwp,524,1,E2.1,E2.1-R0,False,subwp,524,05,5,1409083703,exito,,482.304,0,0,"[0.0, 27.47399107541526]"
1956,goal_196,6,exito,15072,2370.27,05,subwp,524,1,E2.1,E2.1-R0,False,subwp,524,05,6,3405101197,exito,,482.304,0,0,"[0.0, -15.1711083376827]"
1957,goal_196,7,col_return,10154,1411.19,05,subwp,524,1,E2.1,E2.1-R0,False,subwp,524,05,7,3186788379,col_return,return,324.928,0,0,"[0.0, 29.789839850615202]"
1958,goal_196,8,exito,15062,2401.04,05,subwp,524,1,E2.1,E2.1-R0,False,subwp,524,05,8,760059274,exito,,481.984,0,0,"[0.0, -14.385942867965111]"
1959,goal_196,9,exito,15072,2400.73,05,subwp,524,1,E2.1,E2.1-R0,False,subwp,524,05,9,1514841372,exito,,482.304,0,0,"[0.0, -18.86126748794602]"
1960,goal_196,10,exito,15072,2400.75,05,subwp,524,1,E2.1,E2.1-R0,False,subwp,524,05,10,676938691,exito,,482.304,0,0,"[0.0, 29.75550571026098]"
1961,goal_197,1,exito,14836,2364.89,05,subwp,524,1,E2.1,E2.1-R0,False,subwp,524,05,1,1456968567,exito,,474.752,0,0,"[0.0, 21.517739667804435]"
1962,goal_197,2,exito,14836,2364.89,05,subwp,524,1,E2.1,E2.1-R0,False,subwp,524,05,2,3487482573,exito,,474.752,0,0,"[0.0, 4.093655844610842]"
1963,goal_197,3,exito,14836,2364.88,05,subwp,524,1,E2.1,E2.1-R0,False,subwp,524,05,3,3101291099,exito,,474.752,0,0,"[0.0, -14.761162115033423]"
1964,goal_197,4,exito,14836,2364.89,05,subwp,524,1,E2.1,E2.1-R0,False,subwp,524,05,4,649947128,exito,,474.752,0,0,"[0.0, 25.280715194842834]"
1965,goal_197,5,exito,14836,2358.7,05,subwp,524,1,E2.1,E2.1-R0,False,subwp,524,05,5,1371166574,exito,,474.752,0,0,"[0.0, 28.372291789899496]"
1966,goal_197,6,exito,14851,2130.05,05,subwp,524,1,E2.1,E2.1-R0,False,subwp,524,05,6,3367175892,exito,,475.232,0,0,"[0.0, 22.373742058987393]"
1967,goal_197,7,col_return,9057,1262.5,05,subwp,524,1,E2.1,E2.1-R0,False,subwp,524,05,7,3216258626,col_return,return,289.824,0,0,"[0.0, -17.366703667782414]"
1968,goal_197,8,exito,14826,2364.65,05,subwp,524,1,E2.1,E2.1-R0,False,subwp,524,05,8,789261267,exito,,474.432,0,0,"[0.0, 11.489794154765615]"
1969,goal_197,9,exito,14836,2364.83,05,subwp,524,1,E2.1,E2.1-R0,False,subwp,524,05,9,1477188421,exito,,474.752,0,0,"[0.0, 28.036629678766896]"
1970,goal_197,10,exito,14836,2364.88,05,subwp,524,1,E2.1,E2.1-R0,False,subwp,524,05,10,988605485,exito,,474.752,0,0,"[0.0, -5.305030306214786]"
1971,goal_198,1,exito,14821,2368.1,05,subwp,524,1,E2.1,E2.1-R0,False,subwp,524,05,1,1461057856,exito,,474.272,0,0,"[0.0, 22.311365562848067]"
1972,goal_198,2,exito,14821,2367.47,05,subwp,524,1,E2.1,E2.1-R0,False,subwp,524,05,2,3457984762,exito,,474.272,0,0,"[0.0, 14.935512372051873]"
1973,goal_198,3,exito,14820,2367.82,05,subwp,524,1,E2.1,E2.1-R0,False,subwp,524,05,3,3105593452,exito,,474.24,0,0,"[0.0, 25.825827548530743]"
1974,goal_198,4,exito,14821,2367.65,05,subwp,524,1,E2.1,E2.1-R0,False,subwp,524,05,4,662638031,exito,,474.272,0,0,"[0.0, -22.27058613321291]"
1975,goal_198,5,exito,14815,2363.18,05,subwp,524,1,E2.1,E2.1-R0,False,subwp,524,05,5,1350057305,exito,,474.08,0,0,"[0.0, 13.508263171683817]"
1976,goal_198,6,exito,14836,2128.59,05,subwp,524,1,E2.1,E2.1-R0,False,subwp,524,05,6,3379653859,exito,,474.752,0,0,"[0.0, -22.858626604704625]"
1977,goal_198,7,col_return,9052,1265.94,05,subwp,524,1,E2.1,E2.1-R0,False,subwp,524,05,7,3195427957,col_return,return,289.664,0,0,"[0.0, -14.609893955799222]"
1978,goal_198,8,exito,14803,2367.2,05,subwp,524,1,E2.1,E2.1-R0,False,subwp,524,05,8,784941540,exito,,473.696,0,0,"[0.0, 24.60382803919215]"
1979,goal_198,9,exito,14820,2367.78,05,subwp,524,1,E2.1,E2.1-R0,False,subwp,524,05,9,1506701682,exito,,474.24,0,0,"[0.0, 4.408139073830339]"
1980,goal_198,10,exito,14820,2368.15,05,subwp,524,1,E2.1,E2.1-R0,False,subwp,524,05,10,2186316616,exito,,474.24,0,0,"[0.0, 26.625805390725823]"
1981,goal_199,1,exito,14631,2334.78,05,subwp,524,1,E2.1,E2.1-R0,False,subwp,524,05,1,1548336765,exito,,468.192,0,0,"[0.0, 21.02456115083425]"
1982,goal_199,2,exito,14631,2334.8,05,subwp,524,1,E2.1,E2.1-R0,False,subwp,524,05,2,3309367239,exito,,468.192,0,0,"[0.0, -6.013545157442706]"
1983,goal_199,3,col_return,8816,1228.53,05,subwp,524,1,E2.1,E2.1-R0,False,subwp,524,05,3,2991054673,col_return,return,282.112,0,0,"[0.0, 7.662638866273925]"
1984,goal_199,4,exito,14621,2334.46,05,subwp,524,1,E2.1,E2.1-R0,False,subwp,524,05,4,740510450,exito,,467.872,0,0,"[0.0, 1.987463624297321]"
1985,goal_199,5,exito,14631,2334.82,05,subwp,524,1,E2.1,E2.1-R0,False,subwp,524,05,5,1529117284,exito,,468.192,0,0,"[0.0, -19.05561047840195]"
1986,goal_199,6,exito,14631,2334.79,05,subwp,524,1,E2.1,E2.1-R0,False,subwp,524,05,6,3257740254,exito,,468.192,0,0,"[0.0, 8.960722001993497]"
1987,goal_199,7,exito,14631,2313.85,05,subwp,524,1,E2.1,E2.1-R0,False,subwp,524,05,7,3039435592,exito,,468.192,0,0,"[0.0, 13.613256999878837]"
1988,goal_199,8,col_return,8903,1239.34,05,subwp,524,1,E2.1,E2.1-R0,False,subwp,524,05,8,630523609,col_return,return,284.896,0,0,"[0.0, -11.918737916844396]"
1989,goal_199,9,exito,14621,2334.51,05,subwp,524,1,E2.1,E2.1-R0,False,subwp,524,05,9,1385313871,exito,,467.872,0,0,"[0.0, 23.033174769817293]"
1990,goal_199,10,exito,14631,2334.85,05,subwp,524,1,E2.1,E2.1-R0,False,subwp,524,05,10,3660815134,exito,,468.192,0,0,"[0.0, 10.152920044925754]"
1991,goal_200,1,exito,14600,2336.58,05,subwp,524,1,E2.1,E2.1-R0,False,subwp,524,05,1,1569444938,exito,,467.2,0,0,"[0.0, -4.3850991860264426]"
1992,goal_200,2,col_return,8762,1226.66,05,subwp,524,1,E2.1,E2.1-R0,False,subwp,524,05,2,3296888304,col_return,return,280.384,0,0,"[0.0, -11.79576737773952]"
1993,goal_200,3,exito,14590,2336.24,05,subwp,524,1,E2.1,E2.1-R0,False,subwp,524,05,3,3011884390,exito,,466.88,0,0,"[0.0, -29.088423688812394]"
1994,goal_200,4,exito,14600,2336.57,05,subwp,524,1,E2.1,E2.1-R0,False,subwp,524,05,4,769728709,exito,,467.2,0,0,"[0.0, -28.978159141313668]"
1995,goal_200,5,exito,14600,2336.52,05,subwp,524,1,E2.1,E2.1-R0,False,subwp,524,05,5,1525026899,exito,,467.2,0,0,"[0.0, 3.652232158526927]"
1996,goal_200,6,exito,14601,2193.72,05,subwp,524,1,E2.1,E2.1-R0,False,subwp,524,05,6,3287237097,exito,,467.232,0,0,"[0.0, 14.55813925306636]"
1997,goal_200,7,col_return,8932,1251.45,05,subwp,524,1,E2.1,E2.1-R0,False,subwp,524,05,7,3035132287,col_return,return,285.824,0,0,"[0.0, -26.276459744263136]"
1998,goal_200,8,exito,14590,2336.28,05,subwp,524,1,E2.1,E2.1-R0,False,subwp,524,05,8,609709294,exito,,466.88,0,0,"[0.0, 10.097056994041314]"
1999,goal_200,9,exito,14600,2336.56,05,subwp,524,1,E2.1,E2.1-R0,False,subwp,524,05,9,1397775480,exito,,467.2,0,0,"[0.0, 23.102978559897252]"
2000,goal_200,10,exito,14600,2336.54,05,subwp,524,1,E2.1,E2.1-R0,False,subwp,524,05,10,1653603451,exito,,467.2,0,0,"[0.0, -17.19016545838488]"
2001,goal_201,1,col_return,8724,1214.62,05,subwp,524,1,E2.1,E2.1-R0,False,subwp,524,05,1,1760746143,col_return,return,279.168,0,0,"[0.0, 7.76038752806389]"
2002,goal_201,2,exito,14396,2303.28,05,subwp,524,1,E2.1,E2.1-R0,False,subwp,524,05,2,4059794213,exito,,460.672,0,0,"[0.0, -27.503631347250696]"
2003,goal_201,3,exito,14407,2303.24,05,subwp,524,1,E2.1,E2.1-R0,False,subwp,524,05,3,2264710067,exito,,461.024,0,0,"[0.0, 18.278517431432334]"
2004,goal_201,4,col_return,8709,1211.62,05,subwp,524,1,E2.1,E2.1-R0,False,subwp,524,05,4,412626448,col_return,return,278.688,0,0,"[0.0, 22.94625034625617]"
2005,goal_201,5,exito,14396,2303.3,05,subwp,524,1,E2.1,E2.1-R0,False,subwp,524,05,5,1872699014,exito,,460.672,0,0,"[0.0, -20.994144894502767]"
2006,goal_201,6,exito,14406,2303.42,05,subwp,524,1,E2.1,E2.1-R0,False,subwp,524,05,6,4137045820,exito,,460.992,0,0,"[0.0, -10.673750385673168]"
2007,goal_201,7,col_return,8702,1210.21,05,subwp,524,1,E2.1,E2.1-R0,False,subwp,524,05,7,2173796266,col_return,return,278.464,0,0,"[0.0, 29.43283467365235]"
2008,goal_201,8,exito,14396,2303.29,05,subwp,524,1,E2.1,E2.1-R0,False,subwp,524,05,8,288252475,exito,,460.672,0,0,"[0.0, -22.098823863537316]"
2009,goal_201,9,exito,14406,2303.49,05,subwp,524,1,E2.1,E2.1-R0,False,subwp,524,05,9,1713984173,exito,,460.992,0,0,"[0.0, 9.593570041202044]"
2010,goal_201,10,col_return,8699,1209.35,05,subwp,524,1,E2.1,E2.1-R0,False,subwp,524,05,10,2483266350,col_return,return,278.368,0,0,"[0.0, -2.7304921579461494]"
2011,goal_202,1,exito,14354,2298.83,05,subwp,524,1,E2.1,E2.1-R0,False,subwp,524,05,1,1764798632,exito,,459.328,0,0,"[0.0, -21.739088924952267]"
2012,goal_202,2,exito,14364,2299.23,05,subwp,524,1,E2.1,E2.1-R0,False,subwp,524,05,2,4030325010,exito,,459.648,0,0,"[0.0, 26.73837735380999]"
2013,goal_202,3,col_return,8708,1219.71,05,subwp,524,1,E2.1,E2.1-R0,False,subwp,524,05,3,2269041028,col_return,return,278.656,0,0,"[0.0, -23.975703133026613]"
2014,goal_202,4,exito,14354,2298.84,05,subwp,524,1,E2.1,E2.1-R0,False,subwp,524,05,4,425346087,exito,,459.328,0,0,"[0.0, -29.10353537512742]"
2015,goal_202,5,exito,14364,2291.71,05,subwp,524,1,E2.1,E2.1-R0,False,subwp,524,05,5,1851618481,exito,,459.648,0,0,"[0.0, -21.11853890282581]"
2016,goal_202,6,col_return,8756,1215.53,05,subwp,524,1,E2.1,E2.1-R0,False,subwp,524,05,6,4149486859,col_return,return,280.192,0,0,"[0.0, -11.771200450578778]"
2017,goal_202,7,exito,14354,2298.79,05,subwp,524,1,E2.1,E2.1-R0,False,subwp,524,05,7,2152928669,exito,,459.328,0,0,"[0.0, -10.55621403442506]"
2018,goal_202,8,exito,14364,2286.12,05,subwp,524,1,E2.1,E2.1-R0,False,subwp,524,05,8,283904012,exito,,459.648,0,0,"[0.0, 18.577697209119904]"
2019,goal_202,9,col_return,8758,1223.48,05,subwp,524,1,E2.1,E2.1-R0,False,subwp,524,05,9,1743468698,col_return,return,280.256,0,0,"[0.0, -10.390382073567732]"
2020,goal_202,10,exito,14353,2298.8,05,subwp,524,1,E2.1,E2.1-R0,False,subwp,524,05,10,750765131,exito,,459.296,0,0,"[0.0, -23.88865912376145]"
2021,goal_203,1,col_return,8369,1170.65,05,subwp,524,1,E2.1,E2.1-R0,False,subwp,524,05,1,1802899185,col_return,return,267.808,0,0,"[0.0, -19.120246865269525]"
2022,goal_203,2,exito,14191,2276.34,05,subwp,524,1,E2.1,E2.1-R0,False,subwp,524,05,2,4068433739,exito,,454.112,0,0,"[0.0, -26.047092606872837]"
2023,goal_203,3,exito,14208,2068.47,05,subwp,524,1,E2.1,E2.1-R0,False,subwp,524,05,3,2239262685,exito,,454.656,0,0,"[0.0, 27.353638379468364]"
2024,goal_203,4,col_return,8744,1218.3,05,subwp,524,1,E2.1,E2.1-R0,False,subwp,524,05,4,454883966,col_return,return,279.808,0,0,"[0.0, 26.490815133743332]"
2025,goal_203,5,exito,14193,2276.66,05,subwp,524,1,E2.1,E2.1-R0,False,subwp,524,05,5,1813760744,exito,,454.176,0,0,"[0.0, 21.217736037168002]"
2026,goal_203,6,col_return,8521,1188.35,05,subwp,524,1,E2.1,E2.1-R0,False,subwp,524,05,6,4111637330,col_return,return,272.672,0,0,"[0.0, 11.750025666546746]"
2027,goal_203,7,exito,14191,2276.34,05,subwp,524,1,E2.1,E2.1-R0,False,subwp,524,05,7,2182458308,exito,,454.112,0,0,"[0.0, 11.886127216368209]"
2028,goal_203,8,col_return,8416,1171.34,05,subwp,524,1,E2.1,E2.1-R0,False,subwp,524,05,8,313177685,col_return,return,269.312,0,0,"[0.0, 26.033665765588896]"
2029,goal_203,9,exito,14191,2276.34,05,subwp,524,1,E2.1,E2.1-R0,False,subwp,524,05,9,1705871043,exito,,454.112,0,0,"[0.0, -22.64352103223952]"
2030,goal_203,10,col_return,8369,1163.46,05,subwp,524,1,E2.1,E2.1-R0,False,subwp,524,05,10,1040870309,col_return,return,267.808,0,0,"[0.0, 1.2310359491264933]"
2031,goal_204,1,exito,14129,2275.85,05,subwp,524,1,E2.1,E2.1-R0,False,subwp,524,05,1,1790207174,exito,,452.128,0,0,"[0.0, 10.74717888387265]"
2032,goal_204,2,col_return,8322,1168.45,05,subwp,524,1,E2.1,E2.1-R0,False,subwp,524,05,2,4089263484,col_return,return,266.304,0,0,"[0.0, -3.3110230326791856]"
2033,goal_204,3,exito,14129,2275.86,05,subwp,524,1,E2.1,E2.1-R0,False,subwp,524,05,3,2226783722,exito,,452.128,0,0,"[0.0, 6.312330354911437]"
2034,goal_204,4,col_return,8351,1171.72,05,subwp,524,1,E2.1,E2.1-R0,False,subwp,524,05,4,450793545,col_return,return,267.232,0,0,"[0.0, -10.150785699239272]"
2035,goal_204,5,exito,14129,2275.86,05,subwp,524,1,E2.1,E2.1-R0,False,subwp,524,05,5,1842979039,exito,,452.128,0,0,"[0.0, -25.674773271919467]"
2036,goal_204,6,col_return,8362,1172.84,05,subwp,524,1,E2.1,E2.1-R0,False,subwp,524,05,6,4107333989,col_return,return,267.584,0,0,"[0.0, 12.850667854430828]"
2037,goal_204,7,exito,14129,2275.85,05,subwp,524,1,E2.1,E2.1-R0,False,subwp,524,05,7,2211955187,exito,,452.128,0,0,"[0.0, -10.067721842331366]"
2038,goal_204,8,col_return,8364,1174.02,05,subwp,524,1,E2.1,E2.1-R0,False,subwp,524,05,8,325639266,col_return,return,267.648,0,0,"[0.0, -23.487810773795054]"
2039,goal_204,9,exito,14129,2275.85,05,subwp,524,1,E2.1,E2.1-R0,False,subwp,524,05,9,1685056756,exito,,452.128,0,0,"[0.0, -27.148847687947576]"
2040,goal_204,10,col_return,8367,1174.37,05,subwp,524,1,E2.1,E2.1-R0,False,subwp,524,05,10,2260077760,col_return,return,267.744,0,0,"[0.0, 25.2713313807782]"
2041,goal_205,1,exito,14432,2334.14,05,subwp,524,1,E2.1,E2.1-R0,False,subwp,524,05,1,1878749763,exito,,461.824,0,0,"[0.0, 18.37325235074369]"
2042,goal_205,2,exito,14442,2334.38,05,subwp,524,1,E2.1,E2.1-R0,False,subwp,524,05,2,4143064057,exito,,462.144,0,0,"[0.0, 26.6448539959405]"
2043,goal_205,3,col_return,8641,1229.53,05,subwp,524,1,E2.1,E2.1-R0,False,subwp,524,05,3,2180322159,col_return,return,276.512,0,0,"[0.0, -6.385585126526867]"
2044,goal_205,4,exito,14432,2334.12,05,subwp,524,1,E2.1,E2.1-R0,False,subwp,524,05,4,529630924,exito,,461.824,0,0,"[0.0, -17.6817668818305]"
2045,goal_205,5,exito,14443,2333.93,05,subwp,524,1,E2.1,E2.1-R0,False,subwp,524,05,5,1754707546,exito,,462.176,0,0,"[0.0, -16.70458696194268]"
2046,goal_205,6,col_return,8632,1227.54,05,subwp,524,1,E2.1,E2.1-R0,False,subwp,524,05,6,4053788640,col_return,return,276.224,0,0,"[0.0, -5.4405392230722205]"
2047,goal_205,7,exito,14432,2334.12,05,subwp,524,1,E2.1,E2.1-R0,False,subwp,524,05,7,2258163574,exito,,461.824,0,0,"[0.0, -12.08564276799657]"
2048,goal_205,8,exito,14442,2334.38,05,subwp,524,1,E2.1,E2.1-R0,False,subwp,524,05,8,371706599,exito,,462.144,0,0,"[0.0, 22.485419227617417]"
2049,goal_205,9,col_return,8629,1226.29,05,subwp,524,1,E2.1,E2.1-R0,False,subwp,524,05,9,1629551217,col_return,return,276.128,0,0,"[0.0, -26.24296142003414]"
2050,goal_205,10,exito,14432,2334.11,05,subwp,524,1,E2.1,E2.1-R0,False,subwp,524,05,10,459355257,exito,,461.824,0,0,"[0.0, 1.0345277088696614]"
2051,goal_206,1,exito,14472,2337.39,05,subwp,524,1,E2.1,E2.1-R0,False,subwp,524,05,1,1849235572,exito,,463.104,0,0,"[0.0, 4.426039855633492]"
2052,goal_206,2,col_return,8655,1216.25,05,subwp,524,1,E2.1,E2.1-R0,False,subwp,524,05,2,4147136974,col_return,return,276.96,0,0,"[0.0, 10.59036601243835]"
2053,goal_206,3,exito,14462,2320.52,05,subwp,524,1,E2.1,E2.1-R0,False,subwp,524,05,3,2151119192,exito,,462.784,0,0,"[0.0, -13.659766053559721]"
2054,goal_206,4,exito,14472,2337.37,05,subwp,524,1,E2.1,E2.1-R0,False,subwp,524,05,4,508816635,exito,,463.104,0,0,"[0.0, 9.085377181315407]"
2055,goal_206,5,exito,14472,2287.44,05,subwp,524,1,E2.1,E2.1-R0,False,subwp,524,05,5,1767169133,exito,,463.104,0,0,"[0.0, -28.412651954602005]"
2056,goal_206,6,col_return,8843,1256.4,05,subwp,524,1,E2.1,E2.1-R0,False,subwp,524,05,6,4032662999,col_return,return,282.976,0,0,"[0.0, -29.554048916261536]"
2057,goal_206,7,exito,14462,2334.99,05,subwp,524,1,E2.1,E2.1-R0,False,subwp,524,05,7,2270870849,exito,,462.784,0,0,"[0.0, 10.136635732691012]"
2058,goal_206,8,exito,14472,2337.39,05,subwp,524,1,E2.1,E2.1-R0,False,subwp,524,05,8,400924880,exito,,463.104,0,0,"[0.0, 17.461020942513194]"
2059,goal_206,9,col_return,8699,1239.01,05,subwp,524,1,E2.1,E2.1-R0,False,subwp,524,05,9,1625460806,col_return,return,278.368,0,0,"[0.0, 7.877797185563546]"
2060,goal_206,10,exito,14462,2330.27,05,subwp,524,1,E2.1,E2.1-R0,False,subwp,524,05,10,2749190940,exito,,462.784,0,0,"[0.0, 4.544213538633821]"
2061,goal_207,1,exito,14642,2353.79,05,subwp,524,1,E2.1,E2.1-R0,False,subwp,524,05,1,1820304941,exito,,468.544,0,0,"[0.0, 7.85344981809065]"
2062,goal_207,2,exito,14642,2353.75,05,subwp,524,1,E2.1,E2.1-R0,False,subwp,524,05,2,4118214551,exito,,468.544,0,0,"[0.0, -17.226022946211746]"
2063,goal_207,3,col_return,8814,1247.25,05,subwp,524,1,E2.1,E2.1-R0,False,subwp,524,05,3,2188494593,col_return,return,282.048,0,0,"[0.0, 24.41552639212877]"
2064,goal_207,4,exito,14632,2353.5,05,subwp,524,1,E2.1,E2.1-R0,False,subwp,524,05,4,471159458,exito,,468.224,0,0,"[0.0, -14.673119698089396]"
2065,goal_207,5,exito,14642,2353.77,05,subwp,524,1,E2.1,E2.1-R0,False,subwp,524,05,5,1796366900,exito,,468.544,0,0,"[0.0, 8.984544130973955]"
2066,goal_207,6,exito,14642,2353.77,05,subwp,524,1,E2.1,E2.1-R0,False,subwp,524,05,6,4061868942,exito,,468.544,0,0,"[0.0, 23.047031845172647]"
2067,goal_207,7,exito,14642,2353.75,05,subwp,524,1,E2.1,E2.1-R0,False,subwp,524,05,7,2233205528,exito,,468.544,0,0,"[0.0, -14.294312209781832]"
2068,goal_207,8,col_return,8873,1255.45,05,subwp,524,1,E2.1,E2.1-R0,False,subwp,524,05,8,363011721,col_return,return,283.936,0,0,"[0.0, -0.9381227949790483]"
2069,goal_207,9,exito,14632,2353.53,05,subwp,524,1,E2.1,E2.1-R0,False,subwp,524,05,9,1654926879,exito,,468.224,0,0,"[0.0, -17.064473828168932]"
2070,goal_207,10,exito,14642,2353.77,05,subwp,524,1,E2.1,E2.1-R0,False,subwp,524,05,10,2976447730,exito,,468.544,0,0,"[0.0, 7.2742839821584]"
2071,goal_208,1,exito,14617,2354.88,05,subwp,524,1,E2.1,E2.1-R0,False,subwp,524,05,1,1841155098,exito,,467.744,0,0,"[0.0, 25.86164747011799]"
2072,goal_208,2,exito,14617,2294.4,05,subwp,524,1,E2.1,E2.1-R0,False,subwp,524,05,2,4105477536,exito,,467.744,0,0,"[0.0, 18.8107906649231]"
2073,goal_208,3,col_return,8917,1265.81,05,subwp,524,1,E2.1,E2.1-R0,False,subwp,524,05,3,2209590582,col_return,return,285.344,0,0,"[0.0, -29.30060598756016]"
2074,goal_208,4,exito,14607,2350.82,05,subwp,524,1,E2.1,E2.1-R0,False,subwp,524,05,4,500643989,exito,,467.424,0,0,"[0.0, 25.89383572304069]"
2075,goal_208,5,exito,14617,2354.87,05,subwp,524,1,E2.1,E2.1-R0,False,subwp,524,05,5,1792018435,exito,,467.744,0,0,"[0.0, -10.319049980416622]"
2076,goal_208,6,exito,14617,2354.89,05,subwp,524,1,E2.1,E2.1-R0,False,subwp,524,05,6,4091107769,exito,,467.744,0,0,"[0.0, -13.425005858249692]"
2077,goal_208,7,col_return,8788,1248.62,05,subwp,524,1,E2.1,E2.1-R0,False,subwp,524,05,7,2229168431,col_return,return,281.216,0,0,"[0.0, 22.49209596804759]"
2078,goal_208,8,exito,14607,2343.24,05,subwp,524,1,E2.1,E2.1-R0,False,subwp,524,05,8,341931198,exito,,467.424,0,0,"[0.0, -6.301976489228462]"
2079,goal_208,9,exito,14617,2354.86,05,subwp,524,1,E2.1,E2.1-R0,False,subwp,524,05,9,1667646504,exito,,467.744,0,0,"[0.0, 27.072856551171075]"
2080,goal_208,10,exito,14617,2354.88,05,subwp,524,1,E2.1,E2.1-R0,False,subwp,524,05,10,164928407,exito,,467.744,0,0,"[0.0, 21.31473526223386]"
2081,goal_209,1,exito,14885,2383.54,05,subwp,524,1,E2.1,E2.1-R0,False,subwp,524,05,1,1726057255,exito,,476.32,0,0,"[0.0, 16.3771796486257]"
2082,goal_209,2,exito,14885,2383.44,05,subwp,524,1,E2.1,E2.1-R0,False,subwp,524,05,2,4293450397,exito,,476.32,0,0,"[0.0, -20.32132146993312]"
2083,goal_209,3,exito,14885,2365.84,05,subwp,524,1,E2.1,E2.1-R0,False,subwp,524,05,3,2297424395,exito,,476.32,0,0,"[0.0, -3.10426554949637]"
2084,goal_209,4,exito,14895,2163.68,05,subwp,524,1,E2.1,E2.1-R0,False,subwp,524,05,4,378240936,exito,,476.64,0,0,"[0.0, 6.0481367142046505]"
2085,goal_209,5,col_return,9077,1277.52,05,subwp,524,1,E2.1,E2.1-R0,False,subwp,524,05,5,1636585278,col_return,return,290.464,0,0,"[0.0, 14.767513709763794]"
2086,goal_209,6,exito,14875,2383.23,05,subwp,524,1,E2.1,E2.1-R0,False,subwp,524,05,6,4169473668,exito,,476.0,0,0,"[0.0, 7.746402867531215]"
2087,goal_209,7,exito,14885,2383.52,05,subwp,524,1,E2.1,E2.1-R0,False,subwp,524,05,7,2407673362,exito,,476.32,0,0,"[0.0, -25.387975561603962]"
2088,goal_209,8,exito,14885,2383.48,05,subwp,524,1,E2.1,E2.1-R0,False,subwp,524,05,8,524104579,exito,,476.32,0,0,"[0.0, -14.752820056807835]"
2089,goal_209,9,exito,14885,2383.52,05,subwp,524,1,E2.1,E2.1-R0,False,subwp,524,05,9,1748632341,exito,,476.32,0,0,"[0.0, -0.8409497897122664]"
2090,goal_209,10,exito,14885,2383.53,05,subwp,524,1,E2.1,E2.1-R0,False,subwp,524,05,10,1370983361,exito,,476.32,0,0,"[0.0, -25.69766317167508]"
2091,goal_210,1,exito,14850,2381.66,05,subwp,524,1,E2.1,E2.1-R0,False,subwp,524,05,1,1730404624,exito,,475.2,0,0,"[0.0, -16.65405172311352]"
2092,goal_210,2,exito,14850,2381.69,05,subwp,524,1,E2.1,E2.1-R0,False,subwp,524,05,2,4264210602,exito,,475.2,0,0,"[0.0, 10.29262344273642]"
2093,goal_210,3,exito,14850,2381.67,05,subwp,524,1,E2.1,E2.1-R0,False,subwp,524,05,3,2301460540,exito,,475.2,0,0,"[0.0, 27.44330905030154]"
2094,goal_210,4,exito,14850,2381.64,05,subwp,524,1,E2.1,E2.1-R0,False,subwp,524,05,4,390665631,exito,,475.2,0,0,"[0.0, 20.137694051658226]"
2095,goal_210,5,exito,14850,2381.68,05,subwp,524,1,E2.1,E2.1-R0,False,subwp,524,05,5,1615734025,exito,,475.2,0,0,"[0.0, 29.93305955584558]"
2096,goal_210,6,exito,14851,2364.35,05,subwp,524,1,E2.1,E2.1-R0,False,subwp,524,05,6,4182209715,exito,,475.232,0,0,"[0.0, -13.912556065234046]"
2097,goal_210,7,col_return,9008,1273.1,05,subwp,524,1,E2.1,E2.1-R0,False,subwp,524,05,7,2386576421,col_return,return,288.256,0,0,"[0.0, -25.76436860454676]"
2098,goal_210,8,exito,14840,2368.86,05,subwp,524,1,E2.1,E2.1-R0,False,subwp,524,05,8,520051124,exito,,474.88,0,0,"[0.0, -29.424350749713057]"
2099,goal_210,9,exito,14850,2377.97,05,subwp,524,1,E2.1,E2.1-R0,False,subwp,524,05,9,1777887522,exito,,475.2,0,0,"[0.0, 11.272083853386592]"
2100,goal_210,10,exito,14851,2381.0,05,subwp,524,1,E2.1,E2.1-R0,False,subwp,524,05,10,3909872804,exito,,475.232,0,0,"[0.0, 5.039565401012879]"
2101,goal_211,1,exito,15122,2417.9,05,subwp,524,1,E2.1,E2.1-R0,False,subwp,524,05,1,3494821370,exito,,483.904,0,0,"[0.0, -25.065793866580144]"
2102,goal_211,2,exito,15122,2417.89,05,subwp,524,1,E2.1,E2.1-R0,False,subwp,524,05,2,1229450304,exito,,483.904,0,0,"[0.0, -12.416107830019186]"
2103,goal_211,3,exito,15122,2417.9,05,subwp,524,1,E2.1,E2.1-R0,False,subwp,524,05,3,1044438230,exito,,483.904,0,0,"[0.0, 26.11812135470022]"
2104,goal_211,4,exito,15122,2417.89,05,subwp,524,1,E2.1,E2.1-R0,False,subwp,524,05,4,2686732661,exito,,483.904,0,0,"[0.0, -1.0077898296241528]"
2105,goal_211,5,exito,15122,2417.92,05,subwp,524,1,E2.1,E2.1-R0,False,subwp,524,05,5,3609426403,exito,,483.904,0,0,"[0.0, 21.273271697173787]"
2106,goal_211,6,exito,15122,2417.88,05,subwp,524,1,E2.1,E2.1-R0,False,subwp,524,05,6,1311385689,exito,,483.904,0,0,"[0.0, -26.02385831872081]"
2107,goal_211,7,exito,15122,2417.9,05,subwp,524,1,E2.1,E2.1-R0,False,subwp,524,05,7,959256783,exito,,483.904,0,0,"[0.0, -13.46003895878782]"
2108,goal_211,8,exito,15122,2417.91,05,subwp,524,1,E2.1,E2.1-R0,False,subwp,524,05,8,2844919134,exito,,483.904,0,0,"[0.0, 19.051473782743138]"
2109,goal_211,9,exito,15122,2417.1,05,subwp,524,1,E2.1,E2.1-R0,False,subwp,524,05,9,3734320584,exito,,483.904,0,0,"[0.0, 4.835022786535246]"
2110,goal_211,10,exito,15122,2415.25,05,subwp,524,1,E2.1,E2.1-R0,False,subwp,524,05,10,2841873054,exito,,483.904,0,0,"[0.0, -2.9459999217412225]"
2111,goal_212,1,exito,15103,2415.21,05,subwp,524,1,E2.1,E2.1-R0,False,subwp,524,05,1,3515668429,exito,,483.296,0,0,"[0.0, -27.34054395475382]"
2112,goal_212,2,exito,15103,2416.44,05,subwp,524,1,E2.1,E2.1-R0,False,subwp,524,05,2,1216710263,exito,,483.296,0,0,"[0.0, 27.341439493776885]"
2113,goal_212,3,exito,15103,2416.84,05,subwp,524,1,E2.1,E2.1-R0,False,subwp,524,05,3,1065531105,exito,,483.296,0,0,"[0.0, -12.507967073845885]"
2114,goal_212,4,exito,15103,2416.82,05,subwp,524,1,E2.1,E2.1-R0,False,subwp,524,05,4,2716214082,exito,,483.296,0,0,"[0.0, 22.463055430222315]"
2115,goal_212,5,exito,15103,2416.81,05,subwp,524,1,E2.1,E2.1-R0,False,subwp,524,05,5,3605074900,exito,,483.296,0,0,"[0.0, 20.662513912409445]"
2116,goal_212,6,exito,15103,2415.61,05,subwp,524,1,E2.1,E2.1-R0,False,subwp,524,05,6,1340621422,exito,,483.296,0,0,"[0.0, -21.675189860204757]"
2117,goal_212,7,exito,15103,2401.63,05,subwp,524,1,E2.1,E2.1-R0,False,subwp,524,05,7,955216632,exito,,483.296,0,0,"[0.0, -1.5049864653942446]"
2118,goal_212,8,col_approach,2846,221.25,05,subwp,524,1,E2.1,E2.1-R0,False,subwp,524,05,8,2823843689,col_approach,approach,91.072,0,0,"[0.0, 29.13205141207021]"
2119,goal_212,9,col_return,9957,1407.49,05,subwp,524,1,E2.1,E2.1-R0,False,subwp,524,05,9,3747045375,col_return,return,318.624,0,0,"[0.0, 27.321312318238228]"
2120,goal_212,10,exito,15093,2416.6,05,subwp,524,1,E2.1,E2.1-R0,False,subwp,524,05,10,299888123,exito,,482.976,0,0,"[0.0, -21.004280494270635]"
2121,goal_213,1,exito,15329,2446.59,05,subwp,524,1,E2.1,E2.1-R0,False,subwp,524,05,1,3553257876,exito,,490.528,0,0,"[0.0, -27.91827855599888]"
2122,goal_213,2,exito,15327,2446.57,05,subwp,524,1,E2.1,E2.1-R0,False,subwp,524,05,2,1254307886,exito,,490.464,0,0,"[0.0, -3.9350289317284726]"
2123,goal_213,3,exito,15329,2446.59,05,subwp,524,1,E2.1,E2.1-R0,False,subwp,524,05,3,1036257464,exito,,490.528,0,0,"[0.0, 1.215250909652894]"
2124,goal_213,4,exito,15327,2446.61,05,subwp,524,1,E2.1,E2.1-R0,False,subwp,524,05,4,2745212187,exito,,490.464,0,0,"[0.0, -25.92980123140167]"
2125,goal_213,5,exito,15329,2441.84,05,subwp,524,1,E2.1,E2.1-R0,False,subwp,524,05,5,3567758733,exito,,490.528,0,0,"[0.0, -3.108800112394383]"
2126,goal_213,6,col_approach,2453,192.54,05,subwp,524,1,E2.1,E2.1-R0,False,subwp,524,05,6,1303313463,col_approach,approach,78.496,0,0,"[0.0, -20.938741583495464]"
2127,goal_213,7,exito,15318,2435.82,05,subwp,524,1,E2.1,E2.1-R0,False,subwp,524,05,7,984206497,exito,,490.176,0,0,"[0.0, -24.405084537470035]"
2128,goal_213,8,col_return,10337,1462.18,05,subwp,524,1,E2.1,E2.1-R0,False,subwp,524,05,8,2853622064,col_return,return,330.784,0,0,"[0.0, 5.9636387364537775]"
2129,goal_213,9,exito,15318,2446.16,05,subwp,524,1,E2.1,E2.1-R0,False,subwp,524,05,9,3708936614,exito,,490.176,0,0,"[0.0, -10.57639410095998]"
2130,goal_213,10,exito,15329,2446.6,05,subwp,524,1,E2.1,E2.1-R0,False,subwp,524,05,10,57295381,exito,,490.528,0,0,"[0.0, -25.06041229840347]"
2131,goal_214,1,exito,15321,2444.15,05,subwp,524,1,E2.1,E2.1-R0,False,subwp,524,05,1,3523740579,exito,,490.272,0,0,"[0.0, -4.5861962260637394]"
2132,goal_214,2,exito,15322,2411.13,05,subwp,524,1,E2.1,E2.1-R0,False,subwp,524,05,2,1258377753,exito,,490.304,0,0,"[0.0, 19.446153242539022]"
2133,goal_214,3,exito,15328,2419.98,05,subwp,524,1,E2.1,E2.1-R0,False,subwp,524,05,3,1007051407,exito,,490.496,0,0,"[0.0, -20.26045933797986]"
2134,goal_214,4,exito,15321,2445.44,05,subwp,524,1,E2.1,E2.1-R0,False,subwp,524,05,4,2724394796,exito,,490.272,0,0,"[0.0, -11.622640651950562]"
2135,goal_214,5,exito,15321,2446.84,05,subwp,524,1,E2.1,E2.1-R0,False,subwp,524,05,5,3580217274,exito,,490.272,0,0,"[0.0, 0.7975482920464771]"
2136,goal_214,6,exito,15321,2421.0,05,subwp,524,1,E2.1,E2.1-R0,False,subwp,524,05,6,1282184704,exito,,490.272,0,0,"[0.0, 7.624447605539646]"
2137,goal_214,7,exito,15324,2441.11,05,subwp,524,1,E2.1,E2.1-R0,False,subwp,524,05,7,996910742,exito,,490.368,0,0,"[0.0, 3.2900173350195305]"
2138,goal_214,8,exito,15321,2446.86,05,subwp,524,1,E2.1,E2.1-R0,False,subwp,524,05,8,2882845447,exito,,490.272,0,0,"[0.0, -6.58432409240604]"
2139,goal_214,9,exito,15321,2446.86,05,subwp,524,1,E2.1,E2.1-R0,False,subwp,524,05,9,3704851345,exito,,490.272,0,0,"[0.0, 22.789701697876772]"
2140,goal_214,10,exito,15322,2446.47,05,subwp,524,1,E2.1,E2.1-R0,False,subwp,524,05,10,3151373680,exito,,490.304,0,0,"[0.0, -7.415300512040702]"
2141,goal_215,1,exito,15576,2480.79,05,subwp,524,1,E2.1,E2.1-R0,False,subwp,524,05,1,3611759910,exito,,498.432,0,0,"[0.0, -28.980176830623495]"
2142,goal_215,2,col_return,10566,1493.18,05,subwp,524,1,E2.1,E2.1-R0,False,subwp,524,05,2,1313752220,col_return,return,338.112,0,0,"[0.0, 14.522255170428593]"
2143,goal_215,3,exito,15567,2482.81,05,subwp,524,1,E2.1,E2.1-R0,False,subwp,524,05,3,961115146,exito,,498.144,0,0,"[0.0, -16.782309869994947]"
2144,goal_215,4,exito,15577,2482.97,05,subwp,524,1,E2.1,E2.1-R0,False,subwp,524,05,4,2804801961,exito,,498.464,0,0,"[0.0, -25.61301196017083]"
2145,goal_215,5,exito,15576,2482.77,05,subwp,524,1,E2.1,E2.1-R0,False,subwp,524,05,5,3492467007,exito,,498.432,0,0,"[0.0, -7.187793675529126]"
2146,goal_215,6,exito,15577,2461.53,05,subwp,524,1,E2.1,E2.1-R0,False,subwp,524,05,6,1227063429,exito,,498.464,0,0,"[0.0, 13.8704657820999]"
2147,goal_215,7,col_approach,2426,161.99,05,subwp,524,1,E2.1,E2.1-R0,False,subwp,524,05,7,1042591763,col_approach,approach,77.632,0,0,"[0.0, -15.61651709526368]"
2148,goal_215,8,col_return,10413,1470.19,05,subwp,524,1,E2.1,E2.1-R0,False,subwp,524,05,8,2929438082,col_return,return,333.216,0,0,"[0.0, 25.877478440314942]"
2149,goal_215,9,exito,15567,2482.8,05,subwp,524,1,E2.1,E2.1-R0,False,subwp,524,05,9,3650919700,exito,,498.144,0,0,"[0.0, -9.846636298166585]"
2150,goal_215,10,exito,15577,2482.97,05,subwp,524,1,E2.1,E2.1-R0,False,subwp,524,05,10,637607369,exito,,498.464,0,0,"[0.0, -12.279508568513954]"
2151,goal_216,1,exito,15566,2459.93,05,subwp,524,1,E2.1,E2.1-R0,False,subwp,524,05,1,3599073041,exito,,498.112,0,0,"[0.0, -16.18888320989814]"
2152,goal_216,2,exito,15566,2480.44,05,subwp,524,1,E2.1,E2.1-R0,False,subwp,524,05,2,1334587051,exito,,498.112,0,0,"[0.0, 11.124057847165659]"
2153,goal_216,3,exito,15573,2410.11,05,subwp,524,1,E2.1,E2.1-R0,False,subwp,524,05,3,948641341,exito,,498.336,0,0,"[0.0, -15.80837740241934]"
2154,goal_216,4,exito,15566,2480.48,05,subwp,524,1,E2.1,E2.1-R0,False,subwp,524,05,4,2800716702,exito,,498.112,0,0,"[0.0, -25.216323784989928]"
2155,goal_216,5,exito,15566,2480.46,05,subwp,524,1,E2.1,E2.1-R0,False,subwp,524,05,5,3521690376,exito,,498.112,0,0,"[0.0, -10.59876700476384]"
2156,goal_216,6,exito,15566,2464.43,05,subwp,524,1,E2.1,E2.1-R0,False,subwp,524,05,6,1222765234,exito,,498.112,0,0,"[0.0, -29.18005621850241]"
2157,goal_216,7,col_return,10425,1471.88,05,subwp,524,1,E2.1,E2.1-R0,False,subwp,524,05,7,1072093732,col_return,return,333.6,0,0,"[0.0, -19.41726772090678]"
2158,goal_216,8,exito,15556,2480.22,05,subwp,524,1,E2.1,E2.1-R0,False,subwp,524,05,8,2941896629,exito,,497.792,0,0,"[0.0, 11.411112819255568]"
2159,goal_216,9,exito,15566,2476.02,05,subwp,524,1,E2.1,E2.1-R0,False,subwp,524,05,9,3630102307,exito,,498.112,0,0,"[0.0, 6.462894010517804]"
2160,goal_216,10,exito,15573,2447.7,05,subwp,524,1,E2.1,E2.1-R0,False,subwp,524,05,10,2663217836,exito,,498.336,0,0,"[0.0, 17.77256996904797]"
2161,goal_217,1,col_approach,2496,186.25,05,subwp,524,1,E2.1,E2.1-R0,False,subwp,524,05,1,3569598792,col_approach,approach,79.872,0,0,"[0.0, 23.488705244163285]"
2162,goal_217,2,col_return,10716,1515.89,05,subwp,524,1,E2.1,E2.1-R0,False,subwp,524,05,2,1305121010,col_return,return,342.912,0,0,"[0.0, -14.769358536562871]"
2163,goal_217,3,exito,15782,2511.64,05,subwp,524,1,E2.1,E2.1-R0,False,subwp,524,05,3,986554468,exito,,505.024,0,0,"[0.0, -12.94254940602329]"
2164,goal_217,4,exito,15790,2511.53,05,subwp,524,1,E2.1,E2.1-R0,False,subwp,524,05,4,2762552775,exito,,505.28,0,0,"[0.0, 21.71716278956674]"
2165,goal_217,5,exito,15790,2502.73,05,subwp,524,1,E2.1,E2.1-R0,False,subwp,524,05,5,3551397201,exito,,505.28,0,0,"[0.0, 7.325187019598047]"
2166,goal_217,6,exito,15817,2445.09,05,subwp,524,1,E2.1,E2.1-R0,False,subwp,524,05,6,1252480235,exito,,506.144,0,0,"[0.0, 17.32943018527585]"
2167,goal_217,7,exito,15790,2511.59,05,subwp,524,1,E2.1,E2.1-R0,False,subwp,524,05,7,1033921661,exito,,505.28,0,0,"[0.0, -23.459599432361742]"
2168,goal_217,8,exito,15790,2481.25,05,subwp,524,1,E2.1,E2.1-R0,False,subwp,524,05,8,2904521196,exito,,505.28,0,0,"[0.0, -12.54979778899563]"
2169,goal_217,9,col_return,10486,1479.76,05,subwp,524,1,E2.1,E2.1-R0,False,subwp,524,05,9,3659024762,col_return,return,335.552,0,0,"[0.0, -13.233325094134207]"
2170,goal_217,10,exito,15780,2511.32,05,subwp,524,1,E2.1,E2.1-R0,False,subwp,524,05,10,2349389122,exito,,504.96,0,0,"[0.0, 26.76783711474573]"
2171,goal_218,1,col_approach,2832,240.25,05,subwp,524,1,E2.1,E2.1-R0,False,subwp,524,05,1,3573656447,col_approach,approach,90.624,0,0,"[0.0, 25.122126727360836]"
2172,goal_218,2,exito,15781,2497.18,05,subwp,524,1,E2.1,E2.1-R0,False,subwp,524,05,2,1275656901,exito,,504.992,0,0,"[0.0, -0.01671627451105495]"
2173,goal_218,3,col_return,10542,1487.64,05,subwp,524,1,E2.1,E2.1-R0,False,subwp,524,05,3,990890579,col_return,return,337.344,0,0,"[0.0, 10.636350364932149]"
2174,goal_218,4,exito,15781,2511.75,05,subwp,524,1,E2.1,E2.1-R0,False,subwp,524,05,4,2775277552,exito,,504.992,0,0,"[0.0, -22.9516092470517]"
2175,goal_218,5,col_approach,2862,249.44,05,subwp,524,1,E2.1,E2.1-R0,False,subwp,524,05,5,3530321766,col_approach,approach,91.584,0,0,"[0.0, 13.244328259451395]"
2176,goal_218,6,exito,15781,2499.95,05,subwp,524,1,E2.1,E2.1-R0,False,subwp,524,05,6,1264926428,exito,,504.992,0,0,"[0.0, 18.498349109935063]"
2177,goal_218,7,col_return,10559,1489.85,05,subwp,524,1,E2.1,E2.1-R0,False,subwp,524,05,7,1013059146,col_return,return,337.888,0,0,"[0.0, 6.029421277037537]"
2178,goal_218,8,exito,15781,2511.74,05,subwp,524,1,E2.1,E2.1-R0,False,subwp,524,05,8,2900169691,exito,,504.992,0,0,"[0.0, 13.488249881167665]"
2179,goal_218,9,col_approach,2870,250.78,05,subwp,524,1,E2.1,E2.1-R0,False,subwp,524,05,9,3688506189,col_approach,approach,91.84,0,0,"[0.0, 14.270819882530182]"
2180,goal_218,10,exito,15781,2500.39,05,subwp,524,1,E2.1,E2.1-R0,False,subwp,524,05,10,884257319,exito,,504.992,0,0,"[0.0, 11.638144447504182]"
2181,goal_219,1,col_return,10695,1508.25,05,subwp,524,1,E2.1,E2.1-R0,False,subwp,524,05,1,3730697282,col_return,return,342.24,0,0,"[0.0, 22.960379594609854]"
2182,goal_219,2,exito,16043,2547.7,05,subwp,524,1,E2.1,E2.1-R0,False,subwp,524,05,2,1196735992,exito,,513.376,0,0,"[0.0, 12.017965865268774]"
2183,goal_219,3,exito,16052,2546.81,05,subwp,524,1,E2.1,E2.1-R0,False,subwp,524,05,3,810782062,exito,,513.664,0,0,"[0.0, 18.633390281719187]"
2184,goal_219,4,exito,16055,2512.96,05,subwp,524,1,E2.1,E2.1-R0,False,subwp,524,05,4,2922846413,exito,,513.76,0,0,"[0.0, 21.03518021423931]"
2185,goal_219,5,exito,16052,2542.52,05,subwp,524,1,E2.1,E2.1-R0,False,subwp,524,05,5,3643811931,exito,,513.664,0,0,"[0.0, 9.048032102047923]"
2186,goal_219,6,col_return,10737,1516.06,05,subwp,524,1,E2.1,E2.1-R0,False,subwp,524,05,6,1077508577,col_return,return,343.584,0,0,"[0.0, 13.021659319854344]"
2187,goal_219,7,exito,16042,2547.59,05,subwp,524,1,E2.1,E2.1-R0,False,subwp,524,05,7,926828919,exito,,513.344,0,0,"[0.0, -7.735540015723865]"
2188,goal_219,8,exito,16052,2547.45,05,subwp,524,1,E2.1,E2.1-R0,False,subwp,524,05,8,2810270950,exito,,513.664,0,0,"[0.0, 5.672180370968595]"
2189,goal_219,9,col_approach,2385,161.21,05,subwp,524,1,E2.1,E2.1-R0,False,subwp,524,05,9,3498468464,col_approach,approach,76.32,0,0,"[0.0, 8.964540045924839]"
2190,goal_219,10,col_return,10621,1499.94,05,subwp,524,1,E2.1,E2.1-R0,False,subwp,524,05,10,1826071153,col_return,return,339.872,0,0,"[0.0, -20.899783060857715]"
2191,goal_220,1,exito,16034,2547.2,05,subwp,524,1,E2.1,E2.1-R0,False,subwp,524,05,1,3751773813,exito,,513.088,0,0,"[0.0, -6.815380896715098]"
2192,goal_220,2,exito,16044,2540.12,05,subwp,524,1,E2.1,E2.1-R0,False,subwp,524,05,2,1184290767,exito,,513.408,0,0,"[0.0, -16.65146310745593]"
2193,goal_220,3,exito,16045,2516.12,05,subwp,524,1,E2.1,E2.1-R0,False,subwp,524,05,3,831645529,exito,,513.44,0,0,"[0.0, 8.700111423972789]"
2194,goal_220,4,exito,16045,2541.1,05,subwp,524,1,E2.1,E2.1-R0,False,subwp,524,05,4,2952098554,exito,,513.44,0,0,"[0.0, 26.53872527190319]"
2195,goal_220,5,col_return,10729,1514.36,05,subwp,524,1,E2.1,E2.1-R0,False,subwp,524,05,5,3639755372,col_return,return,343.328,0,0,"[0.0, 15.700751051623962]"
2196,goal_220,6,exito,16033,2547.2,05,subwp,524,1,E2.1,E2.1-R0,False,subwp,524,05,6,1106973654,exito,,513.056,0,0,"[0.0, -23.009344464771992]"
2197,goal_220,7,exito,16044,2532.0,05,subwp,524,1,E2.1,E2.1-R0,False,subwp,524,05,7,922493760,exito,,513.408,0,0,"[0.0, -23.118922466129263]"
2198,goal_220,8,col_approach,2788,223.32,05,subwp,524,1,E2.1,E2.1-R0,False,subwp,524,05,8,2789424849,col_approach,approach,89.216,0,0,"[0.0, 21.134492583334904]"
2199,goal_220,9,col_return,10431,1465.7,05,subwp,524,1,E2.1,E2.1-R0,False,subwp,524,05,9,3510898247,col_return,return,333.792,0,0,"[0.0, -18.34583528441276]"
2200,goal_220,10,exito,16034,2545.41,05,subwp,524,1,E2.1,E2.1-R0,False,subwp,524,05,10,3563832596,exito,,513.088,0,0,"[0.0, 7.092339850084413]"
2201,goal_221,1,exito,16302,2573.41,05,subwp,524,1,E2.1,E2.1-R0,False,subwp,524,05,1,3271234068,exito,,521.664,0,0,"[0.0, 2.077050341059372]"
2202,goal_221,2,exito,16302,2581.96,05,subwp,524,1,E2.1,E2.1-R0,False,subwp,524,05,2,1542603694,exito,,521.664,0,0,"[0.0, 10.947691548527196]"
2203,goal_221,3,col_return,11027,1554.18,05,subwp,524,1,E2.1,E2.1-R0,False,subwp,524,05,3,754283320,col_return,return,352.864,0,0,"[0.0, -11.525552981592625]"
2204,goal_221,4,exito,16293,2581.89,05,subwp,524,1,E2.1,E2.1-R0,False,subwp,524,05,4,2995906203,exito,,521.376,0,0,"[0.0, 7.753960356150829]"
2205,goal_221,5,exito,16302,2577.25,05,subwp,524,1,E2.1,E2.1-R0,False,subwp,524,05,5,3314996749,exito,,521.664,0,0,"[0.0, 5.222462839761288]"
2206,goal_221,6,exito,16302,2582.03,05,subwp,524,1,E2.1,E2.1-R0,False,subwp,524,05,6,1553958839,exito,,521.664,0,0,"[0.0, -8.063053285173892]"
2207,goal_221,7,col_return,11062,1557.36,05,subwp,524,1,E2.1,E2.1-R0,False,subwp,524,05,7,731428641,col_return,return,353.984,0,0,"[0.0, 19.126892039795855]"
2208,goal_221,8,exito,16293,2581.88,05,subwp,524,1,E2.1,E2.1-R0,False,subwp,524,05,8,3139938992,exito,,521.376,0,0,"[0.0, 16.497327541571465]"
2209,goal_221,9,exito,16304,2578.4,05,subwp,524,1,E2.1,E2.1-R0,False,subwp,524,05,9,3424688678,exito,,521.728,0,0,"[0.0, -19.08018776433465]"
2210,goal_221,10,exito,16302,2582.02,05,subwp,524,1,E2.1,E2.1-R0,False,subwp,524,05,10,4005818446,exito,,521.664,0,0,"[0.0, 8.894575680070368]"
2211,goal_222,1,col_return,11065,1563.08,05,subwp,524,1,E2.1,E2.1-R0,False,subwp,524,05,1,3275323427,col_return,return,354.08,0,0,"[0.0, -2.2665715171712253]"
2212,goal_222,2,exito,16278,2580.84,05,subwp,524,1,E2.1,E2.1-R0,False,subwp,524,05,2,1513105817,exito,,520.896,0,0,"[0.0, 24.53437796647661]"
2213,goal_222,3,exito,16286,2575.72,05,subwp,524,1,E2.1,E2.1-R0,False,subwp,524,05,3,758585615,exito,,521.152,0,0,"[0.0, 1.257764095927858]"
2214,goal_222,4,exito,16288,2581.05,05,subwp,524,1,E2.1,E2.1-R0,False,subwp,524,05,4,3008597164,exito,,521.216,0,0,"[0.0, -11.382444555949485]"
2215,goal_222,5,col_return,11107,1570.11,05,subwp,524,1,E2.1,E2.1-R0,False,subwp,524,05,5,3293887546,col_return,return,355.424,0,0,"[0.0, -10.438712828034756]"
2216,goal_222,6,exito,16278,2580.83,05,subwp,524,1,E2.1,E2.1-R0,False,subwp,524,05,6,1566436736,exito,,520.896,0,0,"[0.0, -12.821553886611024]"
2217,goal_222,7,exito,16286,2573.77,05,subwp,524,1,E2.1,E2.1-R0,False,subwp,524,05,7,710597910,exito,,521.152,0,0,"[0.0, -6.4388557168198]"
2218,goal_222,8,exito,16288,2581.04,05,subwp,524,1,E2.1,E2.1-R0,False,subwp,524,05,8,3135619207,exito,,521.216,0,0,"[0.0, 23.37858097366563]"
2219,goal_222,9,col_return,11128,1568.88,05,subwp,524,1,E2.1,E2.1-R0,False,subwp,524,05,9,3454201873,col_return,return,356.096,0,0,"[0.0, -7.559391283806896]"
2220,goal_222,10,exito,16278,2580.84,05,subwp,524,1,E2.1,E2.1-R0,False,subwp,524,05,10,1451202347,exito,,520.896,0,0,"[0.0, -10.286777794558539]"
2221,goal_223,1,exito,16502,2609.5,05,subwp,524,1,E2.1,E2.1-R0,False,subwp,524,05,1,3246376570,exito,,528.064,0,0,"[0.0, -29.84461291707569]"
2222,goal_223,2,exito,16502,2608.63,05,subwp,524,1,E2.1,E2.1-R0,False,subwp,524,05,2,1484167104,exito,,528.064,0,0,"[0.0, -3.01505873816059]"
2223,goal_223,3,col_return,11031,1553.85,05,subwp,524,1,E2.1,E2.1-R0,False,subwp,524,05,3,795977558,col_return,return,352.992,0,0,"[0.0, -5.95870960054995]"
2224,goal_223,4,exito,16490,2610.04,05,subwp,524,1,E2.1,E2.1-R0,False,subwp,524,05,4,2970956533,exito,,527.68,0,0,"[0.0, -5.257808956631143]"
2225,goal_223,5,col_approach,2399,179.8,05,subwp,524,1,E2.1,E2.1-R0,False,subwp,524,05,5,3323069027,col_approach,approach,76.768,0,0,"[0.0, 0.8285760781308737]"
2226,goal_223,6,col_return,11055,1559.82,05,subwp,524,1,E2.1,E2.1-R0,False,subwp,524,05,6,1595626457,col_return,return,353.76,0,0,"[0.0, -2.1198998097474187]"
2227,goal_223,7,exito,16491,2610.24,05,subwp,524,1,E2.1,E2.1-R0,False,subwp,524,05,7,672949071,exito,,527.712,0,0,"[0.0, 15.160235318683315]"
2228,goal_223,8,col_approach,2428,188.11,05,subwp,524,1,E2.1,E2.1-R0,False,subwp,524,05,8,3097722590,col_approach,approach,77.696,0,0,"[0.0, -5.588075835061728]"
2229,goal_223,9,col_return,11075,1559.73,05,subwp,524,1,E2.1,E2.1-R0,False,subwp,524,05,9,3483651656,col_return,return,354.4,0,0,"[0.0, 22.472358746996917]"
2230,goal_223,10,exito,16491,2610.25,05,subwp,524,1,E2.1,E2.1-R0,False,subwp,524,05,10,1154103493,exito,,527.712,0,0,"[0.0, 29.30822000970022]"
2231,goal_224,1,exito,16498,2610.87,05,subwp,524,1,E2.1,E2.1-R0,False,subwp,524,05,1,3233655885,exito,,527.936,0,0,"[0.0, 16.93878271264128]"
2232,goal_224,2,col_return,11556,1625.13,05,subwp,524,1,E2.1,E2.1-R0,False,subwp,524,05,2,1505033719,col_return,return,369.792,0,0,"[0.0, -16.40576872178492]"
2233,goal_224,3,exito,16489,2610.77,05,subwp,524,1,E2.1,E2.1-R0,False,subwp,524,05,3,783535457,exito,,527.648,0,0,"[0.0, -2.026213871211857]"
2234,goal_224,4,exito,16500,2604.12,05,subwp,524,1,E2.1,E2.1-R0,False,subwp,524,05,4,2966902978,exito,,528.0,0,0,"[0.0, -10.519141721067163]"
2235,goal_224,5,exito,16498,2608.76,05,subwp,524,1,E2.1,E2.1-R0,False,subwp,524,05,5,3352324180,exito,,527.936,0,0,"[0.0, 1.438030539872719]"
2236,goal_224,6,col_return,11022,1553.19,05,subwp,524,1,E2.1,E2.1-R0,False,subwp,524,05,6,1591294446,col_return,return,352.704,0,0,"[0.0, -9.386869644042523]"
2237,goal_224,7,exito,16488,2610.2,05,subwp,524,1,E2.1,E2.1-R0,False,subwp,524,05,7,702417272,exito,,527.616,0,0,"[0.0, 29.71067655910179]"
2238,goal_224,8,exito,16498,2610.91,05,subwp,524,1,E2.1,E2.1-R0,False,subwp,524,05,8,3110147305,exito,,527.936,0,0,"[0.0, 29.71065490522591]"
2239,goal_224,9,col_return,11515,1628.31,05,subwp,524,1,E2.1,E2.1-R0,False,subwp,524,05,9,3462800511,col_return,return,368.48,0,0,"[0.0, 1.9474721953219354]"
2240,goal_224,10,exito,16488,2610.59,05,subwp,524,1,E2.1,E2.1-R0,False,subwp,524,05,10,4235616160,exito,,527.616,0,0,"[0.0, -0.7892894368366243]"
2241,goal_225,1,exito,16730,2639.86,05,subwp,524,1,E2.1,E2.1-R0,False,subwp,524,05,1,3321019080,exito,,535.36,0,0,"[0.0, -19.396212322776144]"
2242,goal_225,2,col_return,11766,1655.11,05,subwp,524,1,E2.1,E2.1-R0,False,subwp,524,05,2,1560013682,col_return,return,376.512,0,0,"[0.0, 4.692624568132276]"
2243,goal_225,3,exito,16720,2640.86,05,subwp,524,1,E2.1,E2.1-R0,False,subwp,524,05,3,737991652,exito,,535.04,0,0,"[0.0, -4.005239698318412]"
2244,goal_225,4,exito,16730,2632.22,05,subwp,524,1,E2.1,E2.1-R0,False,subwp,524,05,4,3046657607,exito,,535.36,0,0,"[0.0, -2.8856596535840717]"
2245,goal_225,5,col_return,11652,1645.14,05,subwp,524,1,E2.1,E2.1-R0,False,subwp,524,05,5,3265232593,col_return,return,372.864,0,0,"[0.0, -11.379233143229122]"
2246,goal_225,6,exito,16719,2640.75,05,subwp,524,1,E2.1,E2.1-R0,False,subwp,524,05,6,1536569195,exito,,535.008,0,0,"[0.0, 12.021794124702252]"
2247,goal_225,7,exito,16730,2621.07,05,subwp,524,1,E2.1,E2.1-R0,False,subwp,524,05,7,747708413,exito,,535.36,0,0,"[0.0, 8.330694794369206]"
2248,goal_225,8,col_return,11597,1635.64,05,subwp,524,1,E2.1,E2.1-R0,False,subwp,524,05,8,3157131884,col_return,return,371.104,0,0,"[0.0, 4.652781906994012]"
2249,goal_225,9,exito,16719,2640.74,05,subwp,524,1,E2.1,E2.1-R0,False,subwp,524,05,9,3408474874,exito,,535.008,0,0,"[0.0, 29.974516879422474]"
2250,goal_225,10,exito,16730,2612.41,05,subwp,524,1,E2.1,E2.1-R0,False,subwp,524,05,10,1637967641,exito,,535.36,0,0,"[0.0, -2.469508065700612]"
2251,goal_226,1,col_return,11593,1636.91,05,subwp,524,1,E2.1,E2.1-R0,False,subwp,524,05,1,3291533567,col_return,return,370.976,0,0,"[0.0, -2.464059020747631]"
2252,goal_226,2,exito,16758,2647.07,05,subwp,524,1,E2.1,E2.1-R0,False,subwp,524,05,2,1564049733,exito,,536.256,0,0,"[0.0, 25.626203612886833]"
2253,goal_226,3,exito,16768,2647.35,05,subwp,524,1,E2.1,E2.1-R0,False,subwp,524,05,3,708751827,exito,,536.576,0,0,"[0.0, 5.25702526776305]"
2254,goal_226,4,col_return,11526,1626.4,05,subwp,524,1,E2.1,E2.1-R0,False,subwp,524,05,4,3025806448,col_return,return,368.832,0,0,"[0.0, 28.94121043016034]"
2255,goal_226,5,exito,16757,2646.91,05,subwp,524,1,E2.1,E2.1-R0,False,subwp,524,05,5,3277657318,exito,,536.224,0,0,"[0.0, 21.39003114080071]"
2256,goal_226,6,exito,16767,2647.17,05,subwp,524,1,E2.1,E2.1-R0,False,subwp,524,05,6,1515472220,exito,,536.544,0,0,"[0.0, -20.320989167321027]"
2257,goal_226,7,col_return,11506,1619.94,05,subwp,524,1,E2.1,E2.1-R0,False,subwp,524,05,7,760444362,col_return,return,368.192,0,0,"[0.0, 26.978700404845767]"
2258,goal_226,8,exito,16757,2646.89,05,subwp,524,1,E2.1,E2.1-R0,False,subwp,524,05,8,3186387035,exito,,536.224,0,0,"[0.0, 6.824678669463009]"
2259,goal_226,9,exito,16768,2647.2,05,subwp,524,1,E2.1,E2.1-R0,False,subwp,524,05,9,3404421325,exito,,536.576,0,0,"[0.0, 13.439503794512525]"
2260,goal_226,10,col_return,11493,1619.72,05,subwp,524,1,E2.1,E2.1-R0,False,subwp,524,05,10,3642556540,col_return,return,367.776,0,0,"[0.0, 28.895491057579928]"
2261,goal_227,1,exito,16928,2670.85,05,subwp,524,1,E2.1,E2.1-R0,False,subwp,524,05,1,3329650342,exito,,541.696,0,0,"[0.0, -28.252593615653073]"
2262,goal_227,2,exito,16939,2641.09,05,subwp,524,1,E2.1,E2.1-R0,False,subwp,524,05,2,1602174748,exito,,542.048,0,0,"[0.0, 23.936576183315672]"
2263,goal_227,3,col_return,11401,1600.47,05,subwp,524,1,E2.1,E2.1-R0,False,subwp,524,05,3,678956938,col_return,return,364.832,0,0,"[0.0, 5.696755970789047]"
2264,goal_227,4,exito,16929,2671.01,05,subwp,524,1,E2.1,E2.1-R0,False,subwp,524,05,4,3055327785,exito,,541.728,0,0,"[0.0, -9.764297653773466]"
2265,goal_227,5,exito,16942,2616.54,05,subwp,524,1,E2.1,E2.1-R0,False,subwp,524,05,5,3239815871,exito,,542.144,0,0,"[0.0, -13.051497998524265]"
2266,goal_227,6,col_return,11252,1585.03,05,subwp,524,1,E2.1,E2.1-R0,False,subwp,524,05,6,1477638917,col_return,return,360.064,0,0,"[0.0, 21.53990983723308]"
2267,goal_227,7,exito,16928,2670.86,05,subwp,524,1,E2.1,E2.1-R0,False,subwp,524,05,7,789957523,exito,,541.696,0,0,"[0.0, 2.3870937400061543]"
2268,goal_227,8,exito,16940,2661.81,05,subwp,524,1,E2.1,E2.1-R0,False,subwp,524,05,8,3215644162,exito,,542.08,0,0,"[0.0, 23.38650761727545]"
2269,goal_227,9,col_return,11198,1575.46,05,subwp,524,1,E2.1,E2.1-R0,False,subwp,524,05,9,3366839956,col_return,return,358.336,0,0,"[0.0, 0.2693436168547869]"
2270,goal_227,10,exito,16928,2670.86,05,subwp,524,1,E2.1,E2.1-R0,False,subwp,524,05,10,3416829842,exito,,541.696,0,0,"[0.0, 7.321577078476991]"
2271,goal_228,1,exito,16975,2667.6,05,subwp,524,1,E2.1,E2.1-R0,False,subwp,524,05,1,3350463633,exito,,543.2,0,0,"[0.0, -24.782956229666503]"
2272,goal_228,2,col_return,11160,1569.13,05,subwp,524,1,E2.1,E2.1-R0,False,subwp,524,05,2,1589466411,col_return,return,357.12,0,0,"[0.0, -29.045058082575462]"
2273,goal_228,3,exito,16965,2667.15,05,subwp,524,1,E2.1,E2.1-R0,False,subwp,524,05,3,700081597,exito,,542.88,0,0,"[0.0, -9.566318096713708]"
2274,goal_228,4,exito,16975,2657.04,05,subwp,524,1,E2.1,E2.1-R0,False,subwp,524,05,4,3084840990,exito,,543.2,0,0,"[0.0, -16.72009544385312]"
2275,goal_228,5,exito,16976,2521.4,05,subwp,524,1,E2.1,E2.1-R0,False,subwp,524,05,5,3235496072,exito,,543.232,0,0,"[0.0, -2.2097920410500893]"
2276,goal_228,6,exito,16975,2677.86,05,subwp,524,1,E2.1,E2.1-R0,False,subwp,524,05,6,1506840882,exito,,543.2,0,0,"[0.0, -1.8406327987113147]"
2277,goal_228,7,col_approach,2788,234.75,05,subwp,524,1,E2.1,E2.1-R0,False,subwp,524,05,7,785883556,col_approach,approach,89.216,0,0,"[0.0, -16.684184190553136]"
2278,goal_228,8,col_return,11484,1620.14,05,subwp,524,1,E2.1,E2.1-R0,False,subwp,524,05,8,3194534965,col_return,return,367.488,0,0,"[0.0, -15.0006552351635]"
2279,goal_228,9,exito,16964,2677.2,05,subwp,524,1,E2.1,E2.1-R0,False,subwp,524,05,9,3379530915,exito,,542.848,0,0,"[0.0, 7.44406350338104]"
2280,goal_228,10,exito,16997,2607.52,05,subwp,524,1,E2.1,E2.1-R0,False,subwp,524,05,10,1930742007,exito,,543.904,0,0,"[0.0, 6.554199141420125]"
2281,goal_229,1,col_return,11087,1546.52,05,subwp,524,1,E2.1,E2.1-R0,False,subwp,524,05,1,3437773740,col_return,return,354.784,0,0,"[0.0, -25.44454469184335]"
2282,goal_229,2,exito,16615,2613.42,05,subwp,524,1,E2.1,E2.1-R0,False,subwp,524,05,2,1440813590,exito,,531.68,0,0,"[0.0, 27.237878414875794]"
2283,goal_229,3,exito,16625,2613.86,05,subwp,524,1,E2.1,E2.1-R0,False,subwp,524,05,3,585507456,exito,,532.0,0,0,"[0.0, 17.828568266462707]"
2284,goal_229,4,col_return,11421,1599.07,05,subwp,524,1,E2.1,E2.1-R0,False,subwp,524,05,4,3162683171,col_return,return,365.472,0,0,"[0.0, -22.31930471588577]"
2285,goal_229,5,exito,16615,2613.26,05,subwp,524,1,E2.1,E2.1-R0,False,subwp,524,05,5,3414525877,exito,,531.68,0,0,"[0.0, -19.10862742496748]"
2286,goal_229,6,exito,16625,2613.85,05,subwp,524,1,E2.1,E2.1-R0,False,subwp,524,05,6,1384961551,exito,,532.0,0,0,"[0.0, 4.231627198109336]"
2287,goal_229,7,col_return,11586,1623.6,05,subwp,524,1,E2.1,E2.1-R0,False,subwp,524,05,7,629925529,col_return,return,370.752,0,0,"[0.0, 0.009697588081232222]"
2288,goal_229,8,exito,16615,2613.23,05,subwp,524,1,E2.1,E2.1-R0,False,subwp,524,05,8,3040148232,exito,,531.68,0,0,"[0.0, 10.129407007621689]"
2289,goal_229,9,exito,16625,2613.85,05,subwp,524,1,E2.1,E2.1-R0,False,subwp,524,05,9,3258174366,exito,,532.0,0,0,"[0.0, -8.986200228943474]"
2290,goal_229,10,col_return,11690,1631.0,05,subwp,524,1,E2.1,E2.1-R0,False,subwp,524,05,10,729274529,col_return,return,374.08,0,0,"[0.0, -1.7032556531148635]"
2291,goal_230,1,exito,16645,2624.76,05,subwp,524,1,E2.1,E2.1-R0,False,subwp,524,05,1,3442092443,exito,,532.64,0,0,"[0.0, -24.294672047370543]"
2292,goal_230,2,exito,16657,2625.27,05,subwp,524,1,E2.1,E2.1-R0,False,subwp,524,05,2,1411610657,exito,,533.024,0,0,"[0.0, 10.467200024560327]"
2293,goal_230,3,col_return,11688,1644.37,05,subwp,524,1,E2.1,E2.1-R0,False,subwp,524,05,3,589580471,col_return,return,374.016,0,0,"[0.0, -22.282831895355926]"
2294,goal_230,4,exito,16648,2624.74,05,subwp,524,1,E2.1,E2.1-R0,False,subwp,524,05,4,3175144724,exito,,532.736,0,0,"[0.0, 12.230459024675023]"
2295,goal_230,5,exito,16657,2625.05,05,subwp,524,1,E2.1,E2.1-R0,False,subwp,524,05,5,3393711490,exito,,533.024,0,0,"[0.0, -12.432779036671814]"
2296,goal_230,6,col_return,11730,1630.04,05,subwp,524,1,E2.1,E2.1-R0,False,subwp,524,05,6,1397668920,col_return,return,375.36,0,0,"[0.0, 14.204100073628146]"
2297,goal_230,7,exito,16645,2624.76,05,subwp,524,1,E2.1,E2.1-R0,False,subwp,524,05,7,608799918,exito,,532.64,0,0,"[0.0, -3.861447595474039]"
2298,goal_230,8,exito,16657,2625.35,05,subwp,524,1,E2.1,E2.1-R0,False,subwp,524,05,8,3036057919,exito,,533.024,0,0,"[0.0, 8.625808517497822]"
2299,goal_230,9,col_return,11690,1635.86,05,subwp,524,1,E2.1,E2.1-R0,False,subwp,524,05,9,3287392681,col_return,return,374.08,0,0,"[0.0, -9.427172471152467]"
2300,goal_230,10,exito,16646,2624.31,05,subwp,524,1,E2.1,E2.1-R0,False,subwp,524,05,10,2479603652,exito,,532.672,0,0,"[0.0, -12.35154296765591]"
2301,goal_231,1,exito,16503,2596.01,05,subwp,524,1,E2.1,E2.1-R0,False,subwp,524,05,1,2051503473,exito,,528.096,0,0,"[0.0, -25.802556564050857]"
2302,goal_231,2,exito,16503,2586.64,05,subwp,524,1,E2.1,E2.1-R0,False,subwp,524,05,2,3813549259,exito,,528.096,0,0,"[0.0, -0.29991864382826083]"
2303,goal_231,3,col_return,10933,1524.49,05,subwp,524,1,E2.1,E2.1-R0,False,subwp,524,05,3,2487817309,col_return,return,349.856,0,0,"[0.0, -7.546361598352423]"
2304,goal_231,4,exito,16493,2595.67,05,subwp,524,1,E2.1,E2.1-R0,False,subwp,524,05,4,170754558,exito,,527.776,0,0,"[0.0, -21.372356651965273]"
2305,goal_231,5,exito,16503,2595.93,05,subwp,524,1,E2.1,E2.1-R0,False,subwp,524,05,5,2099949928,exito,,528.096,0,0,"[0.0, -27.447345578684775]"
2306,goal_231,6,col_return,11460,1603.96,05,subwp,524,1,E2.1,E2.1-R0,False,subwp,524,05,6,3827556562,col_return,return,366.72,0,0,"[0.0, 9.767909339353153]"
2307,goal_231,7,exito,16493,2595.63,05,subwp,524,1,E2.1,E2.1-R0,False,subwp,524,05,7,2468663364,exito,,527.776,0,0,"[0.0, 25.75576344583184]"
2308,goal_231,8,exito,16503,2595.9,05,subwp,524,1,E2.1,E2.1-R0,False,subwp,524,05,8,60542421,exito,,528.096,0,0,"[0.0, 14.558120784611868]"
2309,goal_231,9,exito,16502,2591.46,05,subwp,524,1,E2.1,E2.1-R0,False,subwp,524,05,9,1956445507,exito,,528.064,0,0,"[0.0, 0.22869487798172328]"
2310,goal_231,10,col_return,10984,1531.17,05,subwp,524,1,E2.1,E2.1-R0,False,subwp,524,05,10,3550730750,col_return,return,351.488,0,0,"[0.0, 27.581540487753845]"
2311,goal_232,1,exito,16551,2611.1,05,subwp,524,1,E2.1,E2.1-R0,False,subwp,524,05,1,2072321862,exito,,529.632,0,0,"[0.0, 20.736238620431262]"
2312,goal_232,2,exito,16565,2611.35,05,subwp,524,1,E2.1,E2.1-R0,False,subwp,524,05,2,3800846076,exito,,530.08,0,0,"[0.0, -9.88335198574297]"
2313,goal_232,3,col_return,11470,1605.18,05,subwp,524,1,E2.1,E2.1-R0,False,subwp,524,05,3,2508947050,col_return,return,367.04,0,0,"[0.0, 12.771535596354466]"
2314,goal_232,4,exito,16552,2610.71,05,subwp,524,1,E2.1,E2.1-R0,False,subwp,524,05,4,200272841,exito,,529.664,0,0,"[0.0, 7.657696873348955]"
2315,goal_232,5,exito,16565,2611.26,05,subwp,524,1,E2.1,E2.1-R0,False,subwp,524,05,5,2095635295,exito,,530.08,0,0,"[0.0, -11.492448128060946]"
2316,goal_232,6,exito,16565,2585.14,05,subwp,524,1,E2.1,E2.1-R0,False,subwp,524,05,6,3856763621,exito,,530.08,0,0,"[0.0, -23.34940360941865]"
2317,goal_232,7,col_return,10886,1524.26,05,subwp,524,1,E2.1,E2.1-R0,False,subwp,524,05,7,2464594547,col_return,return,348.352,0,0,"[0.0, -9.516429055280435]"
2318,goal_232,8,exito,16555,2610.99,05,subwp,524,1,E2.1,E2.1-R0,False,subwp,524,05,8,39430114,exito,,529.76,0,0,"[0.0, -26.6002901272064]"
2319,goal_232,9,exito,16563,2610.51,05,subwp,524,1,E2.1,E2.1-R0,False,subwp,524,05,9,1969133428,exito,,530.016,0,0,"[0.0, -4.027914355743536]"
2320,goal_232,10,col_return,11381,1599.56,05,subwp,524,1,E2.1,E2.1-R0,False,subwp,524,05,10,1797242523,col_return,return,364.192,0,0,"[0.0, 26.966125671288324]"
2321,goal_233,1,exito,16242,2558.23,05,subwp,524,1,E2.1,E2.1-R0,False,subwp,524,05,1,2042863903,exito,,519.744,0,0,"[0.0, -28.489016358498816]"
2322,goal_233,2,exito,16250,2558.01,05,subwp,524,1,E2.1,E2.1-R0,False,subwp,524,05,2,3771396261,exito,,520.0,0,0,"[0.0, 9.739691423962352]"
2323,goal_233,3,exito,16250,2558.01,05,subwp,524,1,E2.1,E2.1-R0,False,subwp,524,05,3,2546843699,exito,,520.0,0,0,"[0.0, 24.25906216596823]"
2324,goal_233,4,col_return,11156,1561.09,05,subwp,524,1,E2.1,E2.1-R0,False,subwp,524,05,4,162092432,col_return,return,356.992,0,0,"[0.0, 12.691877644969107]"
2325,goal_233,5,exito,16240,2557.91,05,subwp,524,1,E2.1,E2.1-R0,False,subwp,524,05,5,2125358342,exito,,519.68,0,0,"[0.0, -21.15753444923026]"
2326,goal_233,6,exito,16250,2558.02,05,subwp,524,1,E2.1,E2.1-R0,False,subwp,524,05,6,3886494908,exito,,520.0,0,0,"[0.0, -13.964283122651544]"
2327,goal_233,7,exito,16251,2558.19,05,subwp,524,1,E2.1,E2.1-R0,False,subwp,524,05,7,2426405930,exito,,520.032,0,0,"[0.0, 18.820506742149416]"
2328,goal_233,8,col_return,11205,1566.38,05,subwp,524,1,E2.1,E2.1-R0,False,subwp,524,05,8,2038203,col_return,return,358.56,0,0,"[0.0, -20.53134213263156]"
2329,goal_233,9,exito,16240,2557.89,05,subwp,524,1,E2.1,E2.1-R0,False,subwp,524,05,9,1998072109,exito,,519.68,0,0,"[0.0, 15.83839399472053]"
2330,goal_233,10,exito,16250,2558.02,05,subwp,524,1,E2.1,E2.1-R0,False,subwp,524,05,10,2041188725,exito,,520.0,0,0,"[0.0, 2.569610334600163]"
2331,goal_234,1,exito,16305,2576.31,05,subwp,524,1,E2.1,E2.1-R0,False,subwp,524,05,1,2013383464,exito,,521.76,0,0,"[0.0, 6.2229844671631245]"
2332,goal_234,2,col_return,11239,1576.76,05,subwp,524,1,E2.1,E2.1-R0,False,subwp,524,05,2,3775437458,col_return,return,359.648,0,0,"[0.0, 6.189446042894897]"
2333,goal_234,3,exito,16295,2575.73,05,subwp,524,1,E2.1,E2.1-R0,False,subwp,524,05,3,2517608964,exito,,521.44,0,0,"[0.0, 17.818618930673342]"
2334,goal_234,4,exito,16305,2576.24,05,subwp,524,1,E2.1,E2.1-R0,False,subwp,524,05,4,141246375,exito,,521.76,0,0,"[0.0, 15.155043148322505]"
2335,goal_234,5,exito,16305,2576.29,05,subwp,524,1,E2.1,E2.1-R0,False,subwp,524,05,5,2137788209,exito,,521.76,0,0,"[0.0, -26.954239776874196]"
2336,goal_234,6,col_return,11162,1567.58,05,subwp,524,1,E2.1,E2.1-R0,False,subwp,524,05,6,3865403019,col_return,return,357.184,0,0,"[0.0, -7.016389277203325]"
2337,goal_234,7,exito,16295,2575.79,05,subwp,524,1,E2.1,E2.1-R0,False,subwp,524,05,7,2439147037,exito,,521.44,0,0,"[0.0, -7.8893029891342525]"
2338,goal_234,8,exito,16305,2576.32,05,subwp,524,1,E2.1,E2.1-R0,False,subwp,524,05,8,31290252,exito,,521.76,0,0,"[0.0, 26.244695063033202]"
2339,goal_234,9,exito,16305,2576.26,05,subwp,524,1,E2.1,E2.1-R0,False,subwp,524,05,9,1994015514,exito,,521.76,0,0,"[0.0, -21.30495529432219]"
2340,goal_234,10,col_return,11130,1563.79,05,subwp,524,1,E2.1,E2.1-R0,False,subwp,524,05,10,3239474704,col_return,return,356.16,0,0,"[0.0, -8.356638556467914]"
2341,goal_235,1,exito,15988,2522.84,05,subwp,524,1,E2.1,E2.1-R0,False,subwp,524,05,1,2102320557,exito,,511.616,0,0,"[0.0, -6.018605684623539]"
2342,goal_235,2,exito,15996,2522.54,05,subwp,524,1,E2.1,E2.1-R0,False,subwp,524,05,2,3829894167,exito,,511.872,0,0,"[0.0, 8.21892916846254]"
2343,goal_235,3,exito,15998,2522.61,05,subwp,524,1,E2.1,E2.1-R0,False,subwp,524,05,3,2470493313,exito,,511.936,0,0,"[0.0, 10.16529985329612]"
2344,goal_235,4,exito,15996,2522.54,05,subwp,524,1,E2.1,E2.1-R0,False,subwp,524,05,4,220473634,exito,,511.872,0,0,"[0.0, 16.986400540368333]"
2345,goal_235,5,col_return,10910,1527.2,05,subwp,524,1,E2.1,E2.1-R0,False,subwp,524,05,5,2049120692,col_return,return,349.12,0,0,"[0.0, 26.846296028066575]"
2346,goal_235,6,exito,15987,2522.55,05,subwp,524,1,E2.1,E2.1-R0,False,subwp,524,05,6,3811198990,exito,,511.584,0,0,"[0.0, -11.585153483181042]"
2347,goal_235,7,exito,15996,2522.49,05,subwp,524,1,E2.1,E2.1-R0,False,subwp,524,05,7,2486007960,exito,,511.872,0,0,"[0.0, -21.267462830061024]"
2348,goal_235,8,exito,15996,2522.57,05,subwp,524,1,E2.1,E2.1-R0,False,subwp,524,05,8,76702985,exito,,511.872,0,0,"[0.0, -25.72674167147504]"
2349,goal_235,9,exito,15996,2522.5,05,subwp,524,1,E2.1,E2.1-R0,False,subwp,524,05,9,1939166623,exito,,511.872,0,0,"[0.0, -27.855154929281326]"
2350,goal_235,10,col_return,10970,1532.46,05,subwp,524,1,E2.1,E2.1-R0,False,subwp,524,05,10,1556172457,col_return,return,351.04,0,0,"[0.0, -15.498145221587666]"
2351,goal_236,1,exito,16051,2542.21,05,subwp,524,1,E2.1,E2.1-R0,False,subwp,524,05,1,2089596826,exito,,513.632,0,0,"[0.0, -3.827488278645521]"
2352,goal_236,2,exito,16061,2542.43,05,subwp,524,1,E2.1,E2.1-R0,False,subwp,524,05,2,3850757664,exito,,513.952,0,0,"[0.0, -28.14492497852945]"
2353,goal_236,3,exito,16061,2542.47,05,subwp,524,1,E2.1,E2.1-R0,False,subwp,524,05,3,2458048182,exito,,513.952,0,0,"[0.0, -29.05902009842179]"
2354,goal_236,4,exito,16061,2542.45,05,subwp,524,1,E2.1,E2.1-R0,False,subwp,524,05,4,216417045,exito,,513.952,0,0,"[0.0, -10.287730406277086]"
2355,goal_236,5,col_return,10895,1530.0,05,subwp,524,1,E2.1,E2.1-R0,False,subwp,524,05,5,2078372739,col_return,return,348.64,0,0,"[0.0, 7.499803991271512]"
2356,goal_236,6,exito,16051,2542.22,05,subwp,524,1,E2.1,E2.1-R0,False,subwp,524,05,6,3806863929,exito,,513.632,0,0,"[0.0, 27.050882735246844]"
2357,goal_236,7,exito,16061,2542.43,05,subwp,524,1,E2.1,E2.1-R0,False,subwp,524,05,7,2515473071,exito,,513.952,0,0,"[0.0, 28.54091888937296]"
2358,goal_236,8,exito,16061,2542.48,05,subwp,524,1,E2.1,E2.1-R0,False,subwp,524,05,8,89132862,exito,,513.952,0,0,"[0.0, 12.383857597917036]"
2359,goal_236,9,exito,16061,2541.29,05,subwp,524,1,E2.1,E2.1-R0,False,subwp,524,05,9,1918320552,exito,,513.952,0,0,"[0.0, 12.336382550398133]"
2360,goal_236,10,col_return,10831,1521.28,05,subwp,524,1,E2.1,E2.1-R0,False,subwp,524,05,10,3833407948,col_return,return,346.592,0,0,"[0.0, -4.740994987133515]"
2361,goal_237,1,exito,15776,2490.27,05,subwp,524,1,E2.1,E2.1-R0,False,subwp,524,05,1,2127169987,exito,,504.832,0,0,"[0.0, -9.958750905829453]"
2362,goal_237,2,exito,15786,2490.5,05,subwp,524,1,E2.1,E2.1-R0,False,subwp,524,05,2,3888339065,exito,,505.152,0,0,"[0.0, -28.42486750526707]"
2363,goal_237,3,exito,15786,2490.5,05,subwp,524,1,E2.1,E2.1-R0,False,subwp,524,05,3,2428791023,exito,,505.152,0,0,"[0.0, -18.68549132612035]"
2364,goal_237,4,exito,15786,2490.49,05,subwp,524,1,E2.1,E2.1-R0,False,subwp,524,05,4,245431628,exito,,505.152,0,0,"[0.0, 25.003197945098105]"
2365,goal_237,5,exito,15786,2490.48,05,subwp,524,1,E2.1,E2.1-R0,False,subwp,524,05,5,2041040346,exito,,505.152,0,0,"[0.0, 23.457334399733345]"
2366,goal_237,6,col_return,10819,1503.16,05,subwp,524,1,E2.1,E2.1-R0,False,subwp,524,05,6,3769539680,col_return,return,346.208,0,0,"[0.0, -29.15323858199689]"
2367,goal_237,7,exito,15778,2490.26,05,subwp,524,1,E2.1,E2.1-R0,False,subwp,524,05,7,2544479478,exito,,504.896,0,0,"[0.0, -29.374002550566107]"
2368,goal_237,8,exito,15786,2490.54,05,subwp,524,1,E2.1,E2.1-R0,False,subwp,524,05,8,118927719,exito,,505.152,0,0,"[0.0, -8.346645993931375]"
2369,goal_237,9,exito,15786,2490.5,05,subwp,524,1,E2.1,E2.1-R0,False,subwp,524,05,9,1880195569,exito,,505.152,0,0,"[0.0, 4.565529861036071]"
2370,goal_237,10,exito,15786,2490.52,05,subwp,524,1,E2.1,E2.1-R0,False,subwp,524,05,10,4140336674,exito,,505.152,0,0,"[0.0, -22.477011830690824]"
2371,goal_238,1,exito,15830,2511.14,05,subwp,524,1,E2.1,E2.1-R0,False,subwp,524,05,1,2131256308,exito,,506.56,0,0,"[0.0, -17.81805945622259]"
2372,goal_238,2,exito,15828,2488.45,05,subwp,524,1,E2.1,E2.1-R0,False,subwp,524,05,2,3858838094,exito,,506.496,0,0,"[0.0, -22.091351568576343]"
2373,goal_238,3,col_return,10530,1480.17,05,subwp,524,1,E2.1,E2.1-R0,False,subwp,524,05,3,2433090264,col_return,return,336.96,0,0,"[0.0, 7.191639935065206]"
2374,goal_238,4,exito,15818,2511.81,05,subwp,524,1,E2.1,E2.1-R0,False,subwp,524,05,4,258119547,exito,,506.176,0,0,"[0.0, -5.4093087568300335]"
2375,goal_238,5,exito,15828,2512.05,05,subwp,524,1,E2.1,E2.1-R0,False,subwp,524,05,5,2019928045,exito,,506.496,0,0,"[0.0, -16.092279908228875]"
2376,goal_238,6,exito,15828,2511.97,05,subwp,524,1,E2.1,E2.1-R0,False,subwp,524,05,6,3782014551,exito,,506.496,0,0,"[0.0, -21.349651271954173]"
2377,goal_238,7,exito,15828,2511.91,05,subwp,524,1,E2.1,E2.1-R0,False,subwp,524,05,7,2523645633,exito,,506.496,0,0,"[0.0, 17.48652908936795]"
2378,goal_238,8,exito,15828,2510.26,05,subwp,524,1,E2.1,E2.1-R0,False,subwp,524,05,8,114613072,exito,,506.496,0,0,"[0.0, -6.389855476477639]"
2379,goal_238,9,col_return,10692,1505.25,05,subwp,524,1,E2.1,E2.1-R0,False,subwp,524,05,9,1909713862,col_return,return,342.144,0,0,"[0.0, -10.37019042228144]"
2380,goal_238,10,exito,15817,2511.88,05,subwp,524,1,E2.1,E2.1-R0,False,subwp,524,05,10,1316282695,exito,,506.144,0,0,"[0.0, 3.9945326610101395]"
2381,goal_239,1,exito,15520,2458.09,05,subwp,524,1,E2.1,E2.1-R0,False,subwp,524,05,1,1951671497,exito,,496.64,0,0,"[0.0, -5.077521267874998]"
2382,goal_239,2,exito,15520,2458.06,05,subwp,524,1,E2.1,E2.1-R0,False,subwp,524,05,2,3982325107,exito,,496.64,0,0,"[0.0, 27.237175033473658]"
2383,goal_239,3,exito,15520,2458.07,05,subwp,524,1,E2.1,E2.1-R0,False,subwp,524,05,3,2589607397,exito,,496.64,0,0,"[0.0, -8.116657587292003]"
2384,goal_239,4,exito,15520,2458.06,05,subwp,524,1,E2.1,E2.1-R0,False,subwp,524,05,4,71225414,exito,,496.64,0,0,"[0.0, -2.7309004204401943]"
2385,goal_239,5,exito,15520,2458.07,05,subwp,524,1,E2.1,E2.1-R0,False,subwp,524,05,5,1933172944,exito,,496.64,0,0,"[0.0, 3.972094437235607]"
2386,goal_239,6,exito,15520,2458.04,05,subwp,524,1,E2.1,E2.1-R0,False,subwp,524,05,6,3929059690,exito,,496.64,0,0,"[0.0, 0.8170268061984842]"
2387,goal_239,7,exito,15520,2451.29,05,subwp,524,1,E2.1,E2.1-R0,False,subwp,524,05,7,2637660668,exito,,496.64,0,0,"[0.0, -11.844220479141471]"
2388,goal_239,8,col_return,10455,1462.35,05,subwp,524,1,E2.1,E2.1-R0,False,subwp,524,05,8,227056749,col_return,return,334.56,0,0,"[0.0, -6.5239890746556455]"
2389,goal_239,9,exito,15510,2457.85,05,subwp,524,1,E2.1,E2.1-R0,False,subwp,524,05,9,2056236283,exito,,496.32,0,0,"[0.0, -9.252604114002237]"
2390,goal_239,10,exito,15520,2458.06,05,subwp,524,1,E2.1,E2.1-R0,False,subwp,524,05,10,370667793,exito,,496.64,0,0,"[0.0, -26.76867909081038]"
2391,goal_240,1,exito,15593,2474.45,05,subwp,524,1,E2.1,E2.1-R0,False,subwp,524,05,1,1972784894,exito,,498.976,0,0,"[0.0, 4.5802132586134565]"
2392,goal_240,2,exito,15593,2474.49,05,subwp,524,1,E2.1,E2.1-R0,False,subwp,524,05,2,3969851204,exito,,498.976,0,0,"[0.0, -23.9258677791411]"
2393,goal_240,3,exito,15593,2474.45,05,subwp,524,1,E2.1,E2.1-R0,False,subwp,524,05,3,2610442194,exito,,498.976,0,0,"[0.0, 9.601970816877476]"
2394,goal_240,4,exito,15593,2474.46,05,subwp,524,1,E2.1,E2.1-R0,False,subwp,524,05,4,100448881,exito,,498.976,0,0,"[0.0, 3.4660045169111697]"
2395,goal_240,5,exito,15593,2474.45,05,subwp,524,1,E2.1,E2.1-R0,False,subwp,524,05,5,1929087719,exito,,498.976,0,0,"[0.0, 16.420430541575296]"
2396,goal_240,6,exito,15593,2464.43,05,subwp,524,1,E2.1,E2.1-R0,False,subwp,524,05,6,3958561629,exito,,498.976,0,0,"[0.0, 3.1485216478473843]"
2397,goal_240,7,col_return,10471,1469.79,05,subwp,524,1,E2.1,E2.1-R0,False,subwp,524,05,7,2633362379,col_return,return,335.072,0,0,"[0.0, 24.578766023809795]"
2398,goal_240,8,exito,15583,2474.21,05,subwp,524,1,E2.1,E2.1-R0,False,subwp,524,05,8,206239322,exito,,498.656,0,0,"[0.0, 18.070711815687336]"
2399,goal_240,9,exito,15593,2474.46,05,subwp,524,1,E2.1,E2.1-R0,False,subwp,524,05,9,2068694732,exito,,498.976,0,0,"[0.0, -16.134074626984987]"
2400,goal_240,10,exito,15594,2473.87,05,subwp,524,1,E2.1,E2.1-R0,False,subwp,524,05,10,2930480756,exito,,499.008,0,0,"[0.0, 18.226279160841706]"
2401,goal_241,1,exito,15305,2424.99,05,subwp,524,1,E2.1,E2.1-R0,False,subwp,524,05,1,3884993992,exito,,489.76,0,0,"[0.0, 13.62210512163064]"
2402,goal_241,2,exito,15305,2424.95,05,subwp,524,1,E2.1,E2.1-R0,False,subwp,524,05,2,2123963506,exito,,489.76,0,0,"[0.0, 10.439055530139903]"
2403,goal_241,3,exito,15305,2425.0,05,subwp,524,1,E2.1,E2.1-R0,False,subwp,524,05,3,161361124,exito,,489.76,0,0,"[0.0, 20.154665356695386]"
2404,goal_241,4,exito,15305,2424.99,05,subwp,524,1,E2.1,E2.1-R0,False,subwp,524,05,4,2549791047,exito,,489.76,0,0,"[0.0, -25.424820662888198]"
2405,goal_241,5,exito,15305,2425.0,05,subwp,524,1,E2.1,E2.1-R0,False,subwp,524,05,5,3774712273,exito,,489.76,0,0,"[0.0, -16.943283020638763]"
2406,goal_241,6,exito,15305,2424.98,05,subwp,524,1,E2.1,E2.1-R0,False,subwp,524,05,6,2046089323,exito,,489.76,0,0,"[0.0, -24.78208907227345]"
2407,goal_241,7,exito,15305,2424.96,05,subwp,524,1,E2.1,E2.1-R0,False,subwp,524,05,7,250865917,exito,,489.76,0,0,"[0.0, 8.575412010480001]"
2408,goal_241,8,exito,15305,2424.38,05,subwp,524,1,E2.1,E2.1-R0,False,subwp,524,05,8,2655843692,exito,,489.76,0,0,"[0.0, -1.907309972556932]"
2409,goal_241,9,exito,15305,2415.02,05,subwp,524,1,E2.1,E2.1-R0,False,subwp,524,05,9,3914057210,exito,,489.76,0,0,"[0.0, 2.331238155754507]"
2410,goal_241,10,col_return,10332,1437.25,05,subwp,524,1,E2.1,E2.1-R0,False,subwp,524,05,10,1635976686,col_return,return,330.624,0,0,"[0.0, -18.373021171222984]"
2411,goal_242,1,exito,15345,2444.4,05,subwp,524,1,E2.1,E2.1-R0,False,subwp,524,05,1,3864143871,exito,,491.04,0,0,"[0.0, -28.744383591383915]"
2412,goal_242,2,exito,15355,2445.03,05,subwp,524,1,E2.1,E2.1-R0,False,subwp,524,05,2,2136700485,exito,,491.36,0,0,"[0.0, -15.39040975998426]"
2413,goal_242,3,exito,15355,2445.04,05,subwp,524,1,E2.1,E2.1-R0,False,subwp,524,05,3,140265171,exito,,491.36,0,0,"[0.0, 16.50871087958471]"
2414,goal_242,4,exito,15355,2445.0,05,subwp,524,1,E2.1,E2.1-R0,False,subwp,524,05,4,2520306544,exito,,491.36,0,0,"[0.0, -16.761922512199774]"
2415,goal_242,5,exito,15355,2445.05,05,subwp,524,1,E2.1,E2.1-R0,False,subwp,524,05,5,3779060710,exito,,491.36,0,0,"[0.0, 16.90087638138586]"
2416,goal_242,6,exito,15355,2444.8,05,subwp,524,1,E2.1,E2.1-R0,False,subwp,524,05,6,2016850524,exito,,491.36,0,0,"[0.0, 24.765509242821903]"
2417,goal_242,7,exito,15355,2445.05,05,subwp,524,1,E2.1,E2.1-R0,False,subwp,524,05,7,254902986,exito,,491.36,0,0,"[0.0, 18.825922217368095]"
2418,goal_242,8,exito,15355,2445.02,05,subwp,524,1,E2.1,E2.1-R0,False,subwp,524,05,8,2676924251,exito,,491.36,0,0,"[0.0, -28.372948616002528]"
2419,goal_242,9,exito,15355,2445.05,05,subwp,524,1,E2.1,E2.1-R0,False,subwp,524,05,9,3901337549,exito,,491.36,0,0,"[0.0, -27.458582200772245]"
2420,goal_242,10,exito,15355,2444.81,05,subwp,524,1,E2.1,E2.1-R0,False,subwp,524,05,10,3644809867,exito,,491.36,0,0,"[0.0, -26.237978209248926]"
2421,goal_243,1,exito,15052,2390.64,05,subwp,524,1,E2.1,E2.1-R0,False,subwp,524,05,1,3826555302,exito,,481.664,0,0,"[0.0, 3.5258250092720766]"
2422,goal_243,2,exito,15052,2390.61,05,subwp,524,1,E2.1,E2.1-R0,False,subwp,524,05,2,2099103772,exito,,481.664,0,0,"[0.0, 3.5451098715396823]"
2423,goal_243,3,exito,15052,2390.63,05,subwp,524,1,E2.1,E2.1-R0,False,subwp,524,05,3,169539722,exito,,481.664,0,0,"[0.0, -27.28623071241018]"
2424,goal_243,4,exito,15054,2390.6,05,subwp,524,1,E2.1,E2.1-R0,False,subwp,524,05,4,2491313449,exito,,481.728,0,0,"[0.0, 19.181966628389937]"
2425,goal_243,5,exito,15052,2390.6,05,subwp,524,1,E2.1,E2.1-R0,False,subwp,524,05,5,3816381887,exito,,481.664,0,0,"[0.0, -7.95073226079862]"
2426,goal_243,6,exito,15052,2390.62,05,subwp,524,1,E2.1,E2.1-R0,False,subwp,524,05,6,2054163461,exito,,481.664,0,0,"[0.0, -10.701891929655714]"
2427,goal_243,7,exito,15052,2390.64,05,subwp,524,1,E2.1,E2.1-R0,False,subwp,524,05,7,225918099,exito,,481.664,0,0,"[0.0, 0.47958328181096466]"
2428,goal_243,8,exito,15052,2390.64,05,subwp,524,1,E2.1,E2.1-R0,False,subwp,524,05,8,2647138562,exito,,481.664,0,0,"[0.0, 5.182410907303159]"
2429,goal_243,9,exito,15054,2390.6,05,subwp,524,1,E2.1,E2.1-R0,False,subwp,524,05,9,3939438996,exito,,481.728,0,0,"[0.0, 9.250578469148316]"
2430,goal_243,10,exito,15052,2390.64,05,subwp,524,1,E2.1,E2.1-R0,False,subwp,524,05,10,3414871397,exito,,481.664,0,0,"[0.0, 29.508532753331636]"
2431,goal_244,1,exito,15115,2407.64,05,subwp,524,1,E2.1,E2.1-R0,False,subwp,524,05,1,3856069521,exito,,483.68,0,0,"[0.0, -25.85317499147857]"
2432,goal_244,2,exito,15115,2407.35,05,subwp,524,1,E2.1,E2.1-R0,False,subwp,524,05,2,2095030827,exito,,483.68,0,0,"[0.0, 16.046832765149304]"
2433,goal_244,3,exito,15115,2406.23,05,subwp,524,1,E2.1,E2.1-R0,False,subwp,524,05,3,198742717,exito,,483.68,0,0,"[0.0, 2.783526870638744]"
2434,goal_244,4,exito,15115,2403.71,05,subwp,524,1,E2.1,E2.1-R0,False,subwp,524,05,4,2512127774,exito,,483.68,0,0,"[0.0, -2.8967783245701417]"
2435,goal_244,5,exito,15116,2398.16,05,subwp,524,1,E2.1,E2.1-R0,False,subwp,524,05,5,3803920264,exito,,483.712,0,0,"[0.0, -29.897129719735798]"
2436,goal_244,6,exito,15115,2385.75,05,subwp,524,1,E2.1,E2.1-R0,False,subwp,524,05,6,2075289138,exito,,483.68,0,0,"[0.0, 22.291928023415025]"
2437,goal_244,7,exito,15116,2369.04,05,subwp,524,1,E2.1,E2.1-R0,False,subwp,524,05,7,213210788,exito,,483.712,0,0,"[0.0, 11.587746131179484]"
2438,goal_244,8,col_return,10121,1421.18,05,subwp,524,1,E2.1,E2.1-R0,False,subwp,524,05,8,2617920309,col_return,return,323.872,0,0,"[0.0, 23.085549306554412]"
2439,goal_244,9,exito,15105,2407.41,05,subwp,524,1,E2.1,E2.1-R0,False,subwp,524,05,9,3943529379,exito,,483.36,0,0,"[0.0, 7.195657281764416]"
2440,goal_244,10,exito,15116,2407.98,05,subwp,524,1,E2.1,E2.1-R0,False,subwp,524,05,10,1932962304,exito,,483.712,0,0,"[0.0, 25.903183352395352]"
2441,goal_245,1,exito,14805,2357.88,05,subwp,524,1,E2.1,E2.1-R0,False,subwp,524,05,1,3768182036,exito,,473.76,0,0,"[0.0, -8.741268712381302]"
2442,goal_245,2,exito,14805,2356.62,05,subwp,524,1,E2.1,E2.1-R0,False,subwp,524,05,2,2039526574,exito,,473.76,0,0,"[0.0, 21.719193485063283]"
2443,goal_245,3,exito,14804,2357.44,05,subwp,524,1,E2.1,E2.1-R0,False,subwp,524,05,3,244810808,exito,,473.728,0,0,"[0.0, 4.6436099968838]"
2444,goal_245,4,exito,14805,2357.93,05,subwp,524,1,E2.1,E2.1-R0,False,subwp,524,05,4,2431848859,exito,,473.76,0,0,"[0.0, -3.520529352364268]"
2445,goal_245,5,exito,14805,2262.14,05,subwp,524,1,E2.1,E2.1-R0,False,subwp,524,05,5,3891536141,exito,,473.76,0,0,"[0.0, -7.392924976288429]"
2446,goal_245,6,col_return,9021,1256.57,05,subwp,524,1,E2.1,E2.1-R0,False,subwp,524,05,6,2130538679,col_return,return,288.672,0,0,"[0.0, 14.689306789414767]"
2447,goal_245,7,exito,14795,2357.69,05,subwp,524,1,E2.1,E2.1-R0,False,subwp,524,05,7,167395361,exito,,473.44,0,0,"[0.0, -21.839128795886737]"
2448,goal_245,8,exito,14805,2357.88,05,subwp,524,1,E2.1,E2.1-R0,False,subwp,524,05,8,2571460016,exito,,473.76,0,0,"[0.0, 21.296671822739913]"
2449,goal_245,9,exito,14805,2357.87,05,subwp,524,1,E2.1,E2.1-R0,False,subwp,524,05,9,3997330726,exito,,473.76,0,0,"[0.0, -17.358786197971632]"
2450,goal_245,10,exito,14805,2356.56,05,subwp,524,1,E2.1,E2.1-R0,False,subwp,524,05,10,4007760569,exito,,473.76,0,0,"[0.0, 2.761813739967831]"
2451,goal_246,1,exito,14871,2371.37,05,subwp,524,1,E2.1,E2.1-R0,False,subwp,524,05,1,3780874019,exito,,475.872,0,0,"[0.0, -5.729011539432419]"
2452,goal_246,2,exito,14871,2371.33,05,subwp,524,1,E2.1,E2.1-R0,False,subwp,524,05,2,2018696857,exito,,475.872,0,0,"[0.0, -27.321279013619023]"
2453,goal_246,3,exito,14871,2371.27,05,subwp,524,1,E2.1,E2.1-R0,False,subwp,524,05,3,257289743,exito,,475.872,0,0,"[0.0, 28.72327501603514]"
2454,goal_246,4,exito,14871,2371.34,05,subwp,524,1,E2.1,E2.1-R0,False,subwp,524,05,4,2435939244,exito,,475.872,0,0,"[0.0, 0.8687251778005334]"
2455,goal_246,5,exito,14871,2361.26,05,subwp,524,1,E2.1,E2.1-R0,False,subwp,524,05,5,3862317882,exito,,475.872,0,0,"[0.0, 15.599997356200234]"
2456,goal_246,6,exito,14873,2182.11,05,subwp,524,1,E2.1,E2.1-R0,False,subwp,524,05,6,2134841984,exito,,475.936,0,0,"[0.0, 15.415641172021676]"
2457,goal_246,7,col_return,9070,1266.16,05,subwp,524,1,E2.1,E2.1-R0,False,subwp,524,05,7,137898518,col_return,return,290.24,0,0,"[0.0, 28.205320229957742]"
2458,goal_246,8,exito,14859,2371.0,05,subwp,524,1,E2.1,E2.1-R0,False,subwp,524,05,8,2558998407,exito,,475.488,0,0,"[0.0, -27.423057122508546]"
2459,goal_246,9,exito,14871,2371.37,05,subwp,524,1,E2.1,E2.1-R0,False,subwp,524,05,9,4018145041,exito,,475.872,0,0,"[0.0, 9.065007500848317]"
2460,goal_246,10,exito,14871,2371.25,05,subwp,524,1,E2.1,E2.1-R0,False,subwp,524,05,10,1448998364,exito,,475.872,0,0,"[0.0, 14.36846546996237]"
2461,goal_247,1,exito,14593,2329.89,05,subwp,524,1,E2.1,E2.1-R0,False,subwp,524,05,1,3810341242,exito,,466.976,0,0,"[0.0, 13.403066207427337]"
2462,goal_247,2,exito,14593,2329.86,05,subwp,524,1,E2.1,E2.1-R0,False,subwp,524,05,2,2048155840,exito,,466.976,0,0,"[0.0, 1.9409296659595743]"
2463,goal_247,3,col_return,8752,1220.33,05,subwp,524,1,E2.1,E2.1-R0,False,subwp,524,05,3,219369558,col_return,return,280.064,0,0,"[0.0, 12.206609790140837]"
2464,goal_247,4,exito,14583,2329.63,05,subwp,524,1,E2.1,E2.1-R0,False,subwp,524,05,4,2474100213,exito,,466.656,0,0,"[0.0, -1.178969450960865]"
2465,goal_247,5,exito,14593,2329.68,05,subwp,524,1,E2.1,E2.1-R0,False,subwp,524,05,5,3832608099,exito,,466.976,0,0,"[0.0, -8.69698901639856]"
2466,goal_247,6,exito,14593,2329.87,05,subwp,524,1,E2.1,E2.1-R0,False,subwp,524,05,6,2105124057,exito,,466.976,0,0,"[0.0, 25.693136348541245]"
2467,goal_247,7,exito,14609,2094.42,05,subwp,524,1,E2.1,E2.1-R0,False,subwp,524,05,7,176067663,exito,,467.488,0,0,"[0.0, 28.71679617627846]"
2468,goal_247,8,col_return,8936,1246.76,05,subwp,524,1,E2.1,E2.1-R0,False,subwp,524,05,8,2596375006,col_return,return,285.952,0,0,"[0.0, 21.57477237196303]"
2469,goal_247,9,exito,14584,2329.94,05,subwp,524,1,E2.1,E2.1-R0,False,subwp,524,05,9,3989223752,exito,,466.688,0,0,"[0.0, -27.781143161457134]"
2470,goal_247,10,exito,14593,2329.87,05,subwp,524,1,E2.1,E2.1-R0,False,subwp,524,05,10,1156078130,exito,,466.976,0,0,"[0.0, -9.124564278580555]"
2471,goal_248,1,exito,14651,2343.66,05,subwp,524,1,E2.1,E2.1-R0,False,subwp,524,05,1,3806288717,exito,,468.832,0,0,"[0.0, -6.669720045357717]"
2472,goal_248,2,col_return,8823,1239.82,05,subwp,524,1,E2.1,E2.1-R0,False,subwp,524,05,2,2077625079,col_return,return,282.336,0,0,"[0.0, -19.727186395683766]"
2473,goal_248,3,exito,14640,2343.82,05,subwp,524,1,E2.1,E2.1-R0,False,subwp,524,05,3,215038561,exito,,468.48,0,0,"[0.0, 16.525870149438123]"
2474,goal_248,4,exito,14650,2344.04,05,subwp,524,1,E2.1,E2.1-R0,False,subwp,524,05,4,2461380546,exito,,468.8,0,0,"[0.0, -13.504349975451857]"
2475,goal_248,5,exito,14650,2344.09,05,subwp,524,1,E2.1,E2.1-R0,False,subwp,524,05,5,3853688660,exito,,468.8,0,0,"[0.0, 21.140180357692604]"
2476,goal_248,6,exito,14650,2344.05,05,subwp,524,1,E2.1,E2.1-R0,False,subwp,524,05,6,2092682990,exito,,468.8,0,0,"[0.0, 17.31020527788716]"
2477,goal_248,7,col_return,8871,1241.69,05,subwp,524,1,E2.1,E2.1-R0,False,subwp,524,05,7,196935288,col_return,return,283.872,0,0,"[0.0, 13.868384990780434]"
2478,goal_248,8,exito,14640,2343.83,05,subwp,524,1,E2.1,E2.1-R0,False,subwp,524,05,8,2600723433,exito,,468.48,0,0,"[0.0, 22.259469727228925]"
2479,goal_248,9,exito,14650,2344.13,05,subwp,524,1,E2.1,E2.1-R0,False,subwp,524,05,9,3959739263,exito,,468.8,0,0,"[0.0, -17.03289475782746]"
2480,goal_248,10,exito,14650,2344.08,05,subwp,524,1,E2.1,E2.1-R0,False,subwp,524,05,10,4233379159,exito,,468.8,0,0,"[0.0, 16.53192599534105]"
2481,goal_249,1,col_return,8582,1188.62,05,subwp,524,1,E2.1,E2.1-R0,False,subwp,524,05,1,3917683824,col_return,return,274.624,0,0,"[0.0, -25.19987833110879]"
2482,goal_249,2,exito,14375,2296.39,05,subwp,524,1,E2.1,E2.1-R0,False,subwp,524,05,2,1888112074,exito,,460.0,0,0,"[0.0, 26.658187162446463]"
2483,goal_249,3,exito,14385,2296.47,05,subwp,524,1,E2.1,E2.1-R0,False,subwp,524,05,3,126713180,exito,,460.32,0,0,"[0.0, 0.9050298082583086]"
2484,goal_249,4,col_return,8652,1206.12,05,subwp,524,1,E2.1,E2.1-R0,False,subwp,524,05,4,2582243583,col_return,return,276.864,0,0,"[0.0, -23.539610081598074]"
2485,goal_249,5,exito,14375,2296.37,05,subwp,524,1,E2.1,E2.1-R0,False,subwp,524,05,5,4008630377,exito,,460.0,0,0,"[0.0, -15.514981264295889]"
2486,goal_249,6,exito,14386,2297.06,05,subwp,524,1,E2.1,E2.1-R0,False,subwp,524,05,6,2011662803,exito,,460.352,0,0,"[0.0, -29.66804224847866]"
2487,goal_249,7,col_return,8692,1210.14,05,subwp,524,1,E2.1,E2.1-R0,False,subwp,524,05,7,14727493,col_return,return,278.144,0,0,"[0.0, -5.502925638504466]"
2488,goal_249,8,exito,14375,2296.4,05,subwp,524,1,E2.1,E2.1-R0,False,subwp,524,05,8,2422187220,exito,,460.0,0,0,"[0.0, 28.196484772968027]"
2489,goal_249,9,exito,14386,2297.07,05,subwp,524,1,E2.1,E2.1-R0,False,subwp,524,05,9,3881342018,exito,,460.352,0,0,"[0.0, 21.473058649792527]"
2490,goal_249,10,col_return,8725,1212.05,05,subwp,524,1,E2.1,E2.1-R0,False,subwp,524,05,10,2755079425,col_return,return,279.2,0,0,"[0.0, 11.634910177576291]"
2491,goal_250,1,exito,14389,2306.41,05,subwp,524,1,E2.1,E2.1-R0,False,subwp,524,05,1,3896604231,exito,,460.448,0,0,"[0.0, -19.62658060778791]"
2492,goal_250,2,exito,14399,2306.61,05,subwp,524,1,E2.1,E2.1-R0,False,subwp,524,05,2,1900554237,exito,,460.768,0,0,"[0.0, -27.461442208771008]"
2493,goal_250,3,col_return,8722,1219.5,05,subwp,524,1,E2.1,E2.1-R0,False,subwp,524,05,3,105846635,col_return,return,279.104,0,0,"[0.0, -1.9963368139070181]"
2494,goal_250,4,exito,14389,2306.52,05,subwp,524,1,E2.1,E2.1-R0,False,subwp,524,05,4,2552988360,exito,,460.448,0,0,"[0.0, 6.278491527812906]"
2495,goal_250,5,exito,14399,2306.61,05,subwp,524,1,E2.1,E2.1-R0,False,subwp,524,05,5,4012683870,exito,,460.768,0,0,"[0.0, 7.615028064774092]"
2496,goal_250,6,col_return,8716,1217.77,05,subwp,524,1,E2.1,E2.1-R0,False,subwp,524,05,6,1982194660,col_return,return,278.912,0,0,"[0.0, -27.29290346183762]"
2497,goal_250,7,exito,14389,2306.48,05,subwp,524,1,E2.1,E2.1-R0,False,subwp,524,05,7,19059570,exito,,460.448,0,0,"[0.0, -28.70575841536625]"
2498,goal_250,8,exito,14399,2306.61,05,subwp,524,1,E2.1,E2.1-R0,False,subwp,524,05,8,2443038435,exito,,460.768,0,0,"[0.0, -12.387208783960128]"
2499,goal_250,9,col_return,8713,1217.2,05,subwp,524,1,E2.1,E2.1-R0,False,subwp,524,05,9,3868917365,col_return,return,278.816,0,0,"[0.0, -28.352314769892985]"
2500,goal_250,10,exito,14389,2306.52,05,subwp,524,1,E2.1,E2.1-R0,False,subwp,524,05,10,478890596,exito,,460.448,0,0,"[0.0, 18.71553486944129]"
2501,goal_251,1,exito,14151,2119.56,05,subwp,524,1,E2.1,E2.1-R0,False,subwp,524,05,1,1596730029,exito,,452.832,0,0,"[0.0, 19.097223310367085]"
2502,goal_251,2,col_return,8708,1219.97,05,subwp,524,1,E2.1,E2.1-R0,False,subwp,524,05,2,3324345111,col_return,return,278.656,0,0,"[0.0, -27.959759062323187]"
2503,goal_251,3,exito,14141,2273.55,05,subwp,524,1,E2.1,E2.1-R0,False,subwp,524,05,3,2971814785,exito,,452.512,0,0,"[0.0, 4.781652892088733]"
2504,goal_251,4,col_return,8527,1195.46,05,subwp,524,1,E2.1,E2.1-R0,False,subwp,524,05,4,793173538,col_return,return,272.864,0,0,"[0.0, 27.138670614990062]"
2505,goal_251,5,exito,14141,2273.53,05,subwp,524,1,E2.1,E2.1-R0,False,subwp,524,05,5,1480715956,exito,,452.512,0,0,"[0.0, -13.72821451302627]"
2506,goal_251,6,col_return,8448,1182.31,05,subwp,524,1,E2.1,E2.1-R0,False,subwp,524,05,6,3242770190,col_return,return,270.336,0,0,"[0.0, -27.721703901995454]"
2507,goal_251,7,exito,14141,2273.54,05,subwp,524,1,E2.1,E2.1-R0,False,subwp,524,05,7,3058667416,exito,,452.512,0,0,"[0.0, 11.71850676019433]"
2508,goal_251,8,col_return,8404,1177.43,05,subwp,524,1,E2.1,E2.1-R0,False,subwp,524,05,8,653300233,col_return,return,268.928,0,0,"[0.0, 24.1333318807112]"
2509,goal_251,9,exito,14141,2273.54,05,subwp,524,1,E2.1,E2.1-R0,False,subwp,524,05,9,1375183519,exito,,452.512,0,0,"[0.0, -17.544890123279625]"
2510,goal_251,10,col_return,8375,1174.23,05,subwp,524,1,E2.1,E2.1-R0,False,subwp,524,05,10,1558391902,col_return,return,268.0,0,0,"[0.0, -7.645368983451418]"
2511,goal_252,1,exito,14170,2276.99,05,subwp,524,1,E2.1,E2.1-R0,False,subwp,524,05,1,1592672410,exito,,453.44,0,0,"[0.0, 6.969401933687751]"
2512,goal_252,2,col_return,8367,1170.02,05,subwp,524,1,E2.1,E2.1-R0,False,subwp,524,05,2,3353809184,col_return,return,267.744,0,0,"[0.0, 17.78127408626928]"
2513,goal_252,3,exito,14171,2277.34,05,subwp,524,1,E2.1,E2.1-R0,False,subwp,524,05,3,2967478710,exito,,453.472,0,0,"[0.0, -27.933869312924053]"
2514,goal_252,4,col_return,8353,1168.85,05,subwp,524,1,E2.1,E2.1-R0,False,subwp,524,05,4,780448789,col_return,return,267.296,0,0,"[0.0, 12.008365569007635]"
2515,goal_252,5,exito,14170,2276.98,05,subwp,524,1,E2.1,E2.1-R0,False,subwp,524,05,5,1501791363,exito,,453.44,0,0,"[0.0, -10.941346669965649]"
2516,goal_252,6,col_return,8337,1167.53,05,subwp,524,1,E2.1,E2.1-R0,False,subwp,524,05,6,3230324025,col_return,return,266.784,0,0,"[0.0, 2.289606152764676]"
2517,goal_252,7,exito,14168,2277.11,05,subwp,524,1,E2.1,E2.1-R0,False,subwp,524,05,7,3079529903,exito,,453.376,0,0,"[0.0, -5.173957619618612]"
2518,goal_252,8,col_return,8330,1167.65,05,subwp,524,1,E2.1,E2.1-R0,False,subwp,524,05,8,657651774,col_return,return,266.56,0,0,"[0.0, -3.449324492356931]"
2519,goal_252,9,exito,14170,2276.98,05,subwp,524,1,E2.1,E2.1-R0,False,subwp,524,05,9,1345702056,exito,,453.44,0,0,"[0.0, -5.656782331789508]"
2520,goal_252,10,col_return,8328,1167.63,05,subwp,524,1,E2.1,E2.1-R0,False,subwp,524,05,10,3831450427,col_return,return,266.496,0,0,"[0.0, 11.770466645821866]"
2521,goal_253,1,exito,14435,2318.53,05,subwp,524,1,E2.1,E2.1-R0,False,subwp,524,05,1,1554579139,exito,,461.92,0,0,"[0.0, 10.549710901808965]"
2522,goal_253,2,exito,14445,2331.78,05,subwp,524,1,E2.1,E2.1-R0,False,subwp,524,05,2,3315707769,exito,,462.24,0,0,"[0.0, -9.025633064502433]"
2523,goal_253,3,col_return,8612,1222.91,05,subwp,524,1,E2.1,E2.1-R0,False,subwp,524,05,3,2997264367,col_return,return,275.584,0,0,"[0.0, -20.521139047464494]"
2524,goal_253,4,exito,14436,2319.18,05,subwp,524,1,E2.1,E2.1-R0,False,subwp,524,05,4,750914124,exito,,461.952,0,0,"[0.0, -4.621819442271815]"
2525,goal_253,5,exito,14446,2331.48,05,subwp,524,1,E2.1,E2.1-R0,False,subwp,524,05,5,1539652314,exito,,462.272,0,0,"[0.0, -10.116580525523291]"
2526,goal_253,6,col_return,8614,1222.97,05,subwp,524,1,E2.1,E2.1-R0,False,subwp,524,05,6,3268176736,col_return,return,275.648,0,0,"[0.0, 12.10267603192338]"
2527,goal_253,7,exito,14435,2319.09,05,subwp,524,1,E2.1,E2.1-R0,False,subwp,524,05,7,3050003446,exito,,461.92,0,0,"[0.0, 16.80392196204309]"
2528,goal_253,8,exito,14446,2331.92,05,subwp,524,1,E2.1,E2.1-R0,False,subwp,524,05,8,628377191,exito,,462.272,0,0,"[0.0, -10.718667403820515]"
2529,goal_253,9,col_return,8610,1224.62,05,subwp,524,1,E2.1,E2.1-R0,False,subwp,524,05,9,1383298801,col_return,return,275.52,0,0,"[0.0, 8.829390465207794]"
2530,goal_253,10,exito,14435,2319.68,05,subwp,524,1,E2.1,E2.1-R0,False,subwp,524,05,10,4142589141,exito,,461.92,0,0,"[0.0, -3.6100912423872344]"
2531,goal_254,1,exito,14410,2321.84,05,subwp,524,1,E2.1,E2.1-R0,False,subwp,524,05,1,1567266036,exito,,461.12,0,0,"[0.0, -4.654092110123969]"
2532,goal_254,2,col_return,8619,1216.13,05,subwp,524,1,E2.1,E2.1-R0,False,subwp,524,05,2,3294872910,col_return,return,275.808,0,0,"[0.0, 2.190158593906073]"
2533,goal_254,3,exito,14400,2312.48,05,subwp,524,1,E2.1,E2.1-R0,False,subwp,524,05,3,3009738200,exito,,460.8,0,0,"[0.0, 1.1514988888255706]"
2534,goal_254,4,exito,14410,2321.88,05,subwp,524,1,E2.1,E2.1-R0,False,subwp,524,05,4,754999419,exito,,461.12,0,0,"[0.0, -15.383867895492138]"
2535,goal_254,5,col_return,8653,1222.8,05,subwp,524,1,E2.1,E2.1-R0,False,subwp,524,05,5,1510428909,col_return,return,276.896,0,0,"[0.0, -22.25026423060752]"
2536,goal_254,6,exito,14400,2314.7,05,subwp,524,1,E2.1,E2.1-R0,False,subwp,524,05,6,3272474967,exito,,460.8,0,0,"[0.0, 28.042659144735534]"
2537,goal_254,7,exito,14410,2321.87,05,subwp,524,1,E2.1,E2.1-R0,False,subwp,524,05,7,3020501441,exito,,461.12,0,0,"[0.0, 4.447968488515328]"
2538,goal_254,8,col_return,8663,1228.05,05,subwp,524,1,E2.1,E2.1-R0,False,subwp,524,05,8,615918672,col_return,return,277.216,0,0,"[0.0, -24.858208915076784]"
2539,goal_254,9,exito,14400,2315.94,05,subwp,524,1,E2.1,E2.1-R0,False,subwp,524,05,9,1404116166,exito,,460.8,0,0,"[0.0, -28.508855004688893]"
2540,goal_254,10,exito,14410,2321.85,05,subwp,524,1,E2.1,E2.1-R0,False,subwp,524,05,10,1314292656,exito,,461.12,0,0,"[0.0, -29.65647920267173]"
2541,goal_255,1,col_return,8790,1238.43,05,subwp,524,1,E2.1,E2.1-R0,False,subwp,524,05,1,1478853233,col_return,return,281.28,0,0,"[0.0, 11.795864832406542]"
2542,goal_255,2,exito,14619,2334.4,05,subwp,524,1,E2.1,E2.1-R0,False,subwp,524,05,2,3240940491,exito,,467.808,0,0,"[0.0, 23.358015043695396]"
2543,goal_255,3,exito,14630,2348.03,05,subwp,524,1,E2.1,E2.1-R0,False,subwp,524,05,3,3056329565,exito,,468.16,0,0,"[0.0, -10.10103535547999]"
2544,goal_255,4,exito,14630,2348.32,05,subwp,524,1,E2.1,E2.1-R0,False,subwp,524,05,4,676296446,exito,,468.16,0,0,"[0.0, -10.633507023060178]"
2545,goal_255,5,exito,14630,2339.15,05,subwp,524,1,E2.1,E2.1-R0,False,subwp,524,05,5,1598572136,exito,,468.16,0,0,"[0.0, 19.50288674190921]"
2546,goal_255,6,col_return,8880,1255.0,05,subwp,524,1,E2.1,E2.1-R0,False,subwp,524,05,6,3326154706,col_return,return,284.16,0,0,"[0.0, 10.87281803393071]"
2547,goal_255,7,exito,14620,2342.5,05,subwp,524,1,E2.1,E2.1-R0,False,subwp,524,05,7,2974164804,exito,,467.84,0,0,"[0.0, -29.739091778732316]"
2548,goal_255,8,exito,14630,2348.32,05,subwp,524,1,E2.1,E2.1-R0,False,subwp,524,05,8,569981653,exito,,468.16,0,0,"[0.0, -8.569756710859675]"
2549,goal_255,9,exito,14630,2348.32,05,subwp,524,1,E2.1,E2.1-R0,False,subwp,524,05,9,1459489347,exito,,468.16,0,0,"[0.0, -22.262824128745567]"
2550,goal_255,10,exito,14630,2243.03,05,subwp,524,1,E2.1,E2.1-R0,False,subwp,524,05,10,3548494601,exito,,468.16,0,0,"[0.0, 18.53215220645408]"
2551,goal_256,1,col_return,8903,1257.87,05,subwp,524,1,E2.1,E2.1-R0,False,subwp,524,05,1,1508370502,col_return,return,284.896,0,0,"[0.0, -8.637429660577824]"
2552,goal_256,2,exito,14549,2336.71,05,subwp,524,1,E2.1,E2.1-R0,False,subwp,524,05,2,3236870652,exito,,465.568,0,0,"[0.0, -0.2207918904656503]"
2553,goal_256,3,exito,14559,2339.75,05,subwp,524,1,E2.1,E2.1-R0,False,subwp,524,05,3,3085535594,exito,,465.888,0,0,"[0.0, -13.25868886625515]"
2554,goal_256,4,exito,14559,2320.26,05,subwp,524,1,E2.1,E2.1-R0,False,subwp,524,05,4,697113801,exito,,465.888,0,0,"[0.0, 15.856885346349179]"
2555,goal_256,5,col_return,8863,1251.32,05,subwp,524,1,E2.1,E2.1-R0,False,subwp,524,05,5,1586113631,col_return,return,283.616,0,0,"[0.0, -3.7023289144606797]"
2556,goal_256,6,exito,14548,2335.82,05,subwp,524,1,E2.1,E2.1-R0,False,subwp,524,05,6,3347283429,exito,,465.536,0,0,"[0.0, 2.690871800829251]"
2557,goal_256,7,exito,14558,2339.6,05,subwp,524,1,E2.1,E2.1-R0,False,subwp,524,05,7,2961460595,exito,,465.856,0,0,"[0.0, 3.0470126749764326]"
2558,goal_256,8,exito,14559,2330.69,05,subwp,524,1,E2.1,E2.1-R0,False,subwp,524,05,8,540758242,exito,,465.888,0,0,"[0.0, 10.577661077072392]"
2559,goal_256,9,col_return,8849,1247.72,05,subwp,524,1,E2.1,E2.1-R0,False,subwp,524,05,9,1463574644,col_return,return,283.168,0,0,"[0.0, 26.989775967309267]"
2560,goal_256,10,exito,14548,2335.19,05,subwp,524,1,E2.1,E2.1-R0,False,subwp,524,05,10,1799216236,exito,,465.536,0,0,"[0.0, 5.06793605567414]"
2561,goal_257,1,exito,14871,2376.55,05,subwp,524,1,E2.1,E2.1-R0,False,subwp,524,05,1,1537299999,exito,,475.872,0,0,"[0.0, -28.87459467031915]"
2562,goal_257,2,exito,14873,2376.83,05,subwp,524,1,E2.1,E2.1-R0,False,subwp,524,05,2,3265791909,exito,,475.936,0,0,"[0.0, -28.409647196006883]"
2563,goal_257,3,exito,14873,2376.85,05,subwp,524,1,E2.1,E2.1-R0,False,subwp,524,05,3,3048159027,exito,,475.936,0,0,"[0.0, 0.6026803058141894]"
2564,goal_257,4,exito,14873,2376.84,05,subwp,524,1,E2.1,E2.1-R0,False,subwp,524,05,4,734765712,exito,,475.936,0,0,"[0.0, -25.97423786734593]"
2565,goal_257,5,exito,14873,2376.85,05,subwp,524,1,E2.1,E2.1-R0,False,subwp,524,05,5,1556910598,exito,,475.936,0,0,"[0.0, -1.5397311020575377]"
2566,goal_257,6,exito,14873,2376.84,05,subwp,524,1,E2.1,E2.1-R0,False,subwp,524,05,6,3318072252,exito,,475.936,0,0,"[0.0, -3.3602257834648874]"
2567,goal_257,7,exito,14873,2370.65,05,subwp,524,1,E2.1,E2.1-R0,False,subwp,524,05,7,2999120682,exito,,475.936,0,0,"[0.0, 1.2342100229200592]"
2568,goal_257,8,exito,14871,2253.22,05,subwp,524,1,E2.1,E2.1-R0,False,subwp,524,05,8,578678459,exito,,475.872,0,0,"[0.0, 15.57729518401031]"
2569,goal_257,9,col_return,9068,1268.02,05,subwp,524,1,E2.1,E2.1-R0,False,subwp,524,05,9,1434115629,col_return,return,290.176,0,0,"[0.0, 24.87206258653163]"
2570,goal_257,10,exito,14861,2365.95,05,subwp,524,1,E2.1,E2.1-R0,False,subwp,524,05,10,2038985602,exito,,475.552,0,0,"[0.0, 26.89301069465605]"
2571,goal_258,1,exito,14799,2367.37,05,subwp,524,1,E2.1,E2.1-R0,False,subwp,524,05,1,1516452904,exito,,473.568,0,0,"[0.0, 24.822724985844523]"
2572,goal_258,2,exito,14799,2370.61,05,subwp,524,1,E2.1,E2.1-R0,False,subwp,524,05,2,3278531986,exito,,473.568,0,0,"[0.0, 0.9206679017293551]"
2573,goal_258,3,exito,14799,2370.94,05,subwp,524,1,E2.1,E2.1-R0,False,subwp,524,05,3,3027066116,exito,,473.568,0,0,"[0.0, 22.687259257425193]"
2574,goal_258,4,exito,14799,2370.98,05,subwp,524,1,E2.1,E2.1-R0,False,subwp,524,05,4,705284263,exito,,473.568,0,0,"[0.0, -15.736702185133211]"
2575,goal_258,5,exito,14799,2370.92,05,subwp,524,1,E2.1,E2.1-R0,False,subwp,524,05,5,1561262129,exito,,473.568,0,0,"[0.0, 29.46384531584632]"
2576,goal_258,6,exito,14799,2370.98,05,subwp,524,1,E2.1,E2.1-R0,False,subwp,524,05,6,3288836491,exito,,473.568,0,0,"[0.0, -27.337022428429908]"
2577,goal_258,7,exito,14799,2310.64,05,subwp,524,1,E2.1,E2.1-R0,False,subwp,524,05,7,3003160861,exito,,473.568,0,0,"[0.0, -22.846880220582392]"
2578,goal_258,8,col_return,9015,1266.52,05,subwp,524,1,E2.1,E2.1-R0,False,subwp,524,05,8,599753868,col_return,return,288.48,0,0,"[0.0, -25.5818786495564]"
2579,goal_258,9,exito,14789,2362.02,05,subwp,524,1,E2.1,E2.1-R0,False,subwp,524,05,9,1421390874,exito,,473.248,0,0,"[0.0, 1.810814985560425]"
2580,goal_258,10,exito,14799,2369.46,05,subwp,524,1,E2.1,E2.1-R0,False,subwp,524,05,10,3241415911,exito,,473.568,0,0,"[0.0, -3.2422810694063786]"
2581,goal_259,1,exito,15100,2409.09,05,subwp,524,1,E2.1,E2.1-R0,False,subwp,524,05,1,1363114773,exito,,483.2,0,0,"[0.0, 17.17677379802084]"
2582,goal_259,2,exito,15100,2408.68,05,subwp,524,1,E2.1,E2.1-R0,False,subwp,524,05,2,3358993071,exito,,483.2,0,0,"[0.0, -22.47490025973411]"
2583,goal_259,3,exito,15100,2407.63,05,subwp,524,1,E2.1,E2.1-R0,False,subwp,524,05,3,3207666233,exito,,483.2,0,0,"[0.0, 11.56763475138745]"
2584,goal_259,4,exito,15100,2405.28,05,subwp,524,1,E2.1,E2.1-R0,False,subwp,524,05,4,559255450,exito,,483.2,0,0,"[0.0, 4.699433882375423]"
2585,goal_259,5,exito,15100,2400.16,05,subwp,524,1,E2.1,E2.1-R0,False,subwp,524,05,5,1448263436,exito,,483.2,0,0,"[0.0, 18.37840157173406]"
2586,goal_259,6,exito,15100,2389.46,05,subwp,524,1,E2.1,E2.1-R0,False,subwp,524,05,6,3478908598,exito,,483.2,0,0,"[0.0, -14.07329701455959]"
2587,goal_259,7,col_approach,2909,242.6,05,subwp,524,1,E2.1,E2.1-R0,False,subwp,524,05,7,3093093920,col_approach,approach,93.088,0,0,"[0.0, -2.980261420030841]"
2588,goal_259,8,exito,15091,2409.05,05,subwp,524,1,E2.1,E2.1-R0,False,subwp,524,05,8,686015409,exito,,482.912,0,0,"[0.0, 6.879538179897482]"
2589,goal_259,9,exito,15100,2409.12,05,subwp,524,1,E2.1,E2.1-R0,False,subwp,524,05,9,1608839975,exito,,483.2,0,0,"[0.0, -10.02419397914046]"
2590,goal_259,10,exito,15100,2409.13,05,subwp,524,1,E2.1,E2.1-R0,False,subwp,524,05,10,2572616881,exito,,483.2,0,0,"[0.0, -26.52209227731953]"
2591,goal_260,1,exito,15072,2407.66,05,subwp,524,1,E2.1,E2.1-R0,False,subwp,524,05,1,1358762274,exito,,482.304,0,0,"[0.0, -17.273280721794713]"
2592,goal_260,2,exito,15072,2407.07,05,subwp,524,1,E2.1,E2.1-R0,False,subwp,524,05,2,3388227736,exito,,482.304,0,0,"[0.0, -19.43898279388858]"
2593,goal_260,3,exito,15072,2406.36,05,subwp,524,1,E2.1,E2.1-R0,False,subwp,524,05,3,3203624974,exito,,482.304,0,0,"[0.0, -27.38661962780006]"
2594,goal_260,4,exito,15072,2405.06,05,subwp,524,1,E2.1,E2.1-R0,False,subwp,524,05,4,546825645,exito,,482.304,0,0,"[0.0, 7.248260753544411]"
2595,goal_260,5,exito,15072,2402.84,05,subwp,524,1,E2.1,E2.1-R0,False,subwp,524,05,5,1469109563,exito,,482.304,0,0,"[0.0, -20.82347406108084]"
2596,goal_260,6,exito,15072,2399.16,05,subwp,524,1,E2.1,E2.1-R0,False,subwp,524,05,6,3466167425,exito,,482.304,0,0,"[0.0, -5.608355957625337]"
2597,goal_260,7,exito,15072,2393.25,05,subwp,524,1,E2.1,E2.1-R0,False,subwp,524,05,7,3114185751,exito,,482.304,0,0,"[0.0, -16.35380685684648]"
2598,goal_260,8,exito,15072,2384.28,05,subwp,524,1,E2.1,E2.1-R0,False,subwp,524,05,8,690071942,exito,,482.304,0,0,"[0.0, 5.302669357658749]"
2599,goal_260,9,exito,15072,2373.55,05,subwp,524,1,E2.1,E2.1-R0,False,subwp,524,05,9,1579587856,exito,,482.304,0,0,"[0.0, -11.097573197775155]"
2600,goal_260,10,col_return,10122,1422.06,05,subwp,524,1,E2.1,E2.1-R0,False,subwp,524,05,10,569074644,col_return,return,323.904,0,0,"[0.0, 17.785278925377433]"
2601,goal_261,1,exito,15300,2437.71,05,subwp,524,1,E2.1,E2.1-R0,False,subwp,524,05,1,1301906755,exito,,489.6,0,0,"[0.0, -10.266490524406942]"
2602,goal_261,2,exito,15311,2437.57,05,subwp,524,1,E2.1,E2.1-R0,False,subwp,524,05,2,3566261497,exito,,489.952,0,0,"[0.0, -2.430371776292284]"
2603,goal_261,3,exito,15309,2436.41,05,subwp,524,1,E2.1,E2.1-R0,False,subwp,524,05,3,2744640623,exito,,489.888,0,0,"[0.0, -12.962142880506791]"
2604,goal_261,4,exito,15311,2416.66,05,subwp,524,1,E2.1,E2.1-R0,False,subwp,524,05,4,1039364556,exito,,489.952,0,0,"[0.0, 14.274080200874161]"
2605,goal_261,5,col_approach,2789,235.09,05,subwp,524,1,E2.1,E2.1-R0,False,subwp,524,05,5,1257521498,col_approach,approach,89.248,0,0,"[0.0, -3.500453588590222]"
2606,goal_261,6,exito,15300,2437.56,05,subwp,524,1,E2.1,E2.1-R0,False,subwp,524,05,6,3556577504,exito,,489.6,0,0,"[0.0, 27.707930163870607]"
2607,goal_261,7,exito,15309,2430.78,05,subwp,524,1,E2.1,E2.1-R0,False,subwp,524,05,7,2767855734,exito,,489.888,0,0,"[0.0, -14.960854450616372]"
2608,goal_261,8,col_return,10377,1445.86,05,subwp,524,1,E2.1,E2.1-R0,False,subwp,524,05,8,876953063,col_return,return,332.064,0,0,"[0.0, -18.060281965849832]"
2609,goal_261,9,exito,15300,2437.68,05,subwp,524,1,E2.1,E2.1-R0,False,subwp,524,05,9,1128402289,exito,,489.6,0,0,"[0.0, 26.991699162236657]"
2610,goal_261,10,exito,15309,2437.94,05,subwp,524,1,E2.1,E2.1-R0,False,subwp,524,05,10,457397902,exito,,489.888,0,0,"[0.0, -22.68552406809196]"
2611,goal_262,1,exito,15268,2435.72,05,subwp,524,1,E2.1,E2.1-R0,False,subwp,524,05,1,1281093492,exito,,488.576,0,0,"[0.0, 16.409734250859167]"
2612,goal_262,2,exito,15268,2420.71,05,subwp,524,1,E2.1,E2.1-R0,False,subwp,524,05,2,3578969806,exito,,488.576,0,0,"[0.0, -4.717360265723201]"
2613,goal_262,3,col_approach,2816,233.3,05,subwp,524,1,E2.1,E2.1-R0,False,subwp,524,05,3,2723515992,col_approach,approach,90.112,0,0,"[0.0, 24.193050503835554]"
2614,goal_262,4,exito,15259,2437.0,05,subwp,524,1,E2.1,E2.1-R0,False,subwp,524,05,4,1009851387,exito,,488.288,0,0,"[0.0, -5.615353866400643]"
2615,goal_262,5,exito,15268,2434.41,05,subwp,524,1,E2.1,E2.1-R0,False,subwp,524,05,5,1261841261,exito,,488.576,0,0,"[0.0, -0.8907905509609826]"
2616,goal_262,6,exito,15268,2417.72,05,subwp,524,1,E2.1,E2.1-R0,False,subwp,524,05,6,3527375575,exito,,488.576,0,0,"[0.0, 5.498845082446689]"
2617,goal_262,7,col_return,10267,1445.15,05,subwp,524,1,E2.1,E2.1-R0,False,subwp,524,05,7,2771929665,col_return,return,328.544,0,0,"[0.0, 14.550431025361046]"
2618,goal_262,8,exito,15257,2437.07,05,subwp,524,1,E2.1,E2.1-R0,False,subwp,524,05,8,898062288,exito,,488.224,0,0,"[0.0, -16.21578438125661]"
2619,goal_262,9,exito,15268,2437.42,05,subwp,524,1,E2.1,E2.1-R0,False,subwp,524,05,9,1115711302,exito,,488.576,0,0,"[0.0, 21.559178102702656]"
2620,goal_262,10,exito,15268,2436.46,05,subwp,524,1,E2.1,E2.1-R0,False,subwp,524,05,10,2751410667,exito,,488.576,0,0,"[0.0, -2.1358157250502785]"
2621,goal_263,1,exito,15545,2462.63,05,subwp,524,1,E2.1,E2.1-R0,False,subwp,524,05,1,1310544173,exito,,497.44,0,0,"[0.0, -0.5033586228168008]"
2622,goal_263,2,exito,15546,2457.54,05,subwp,524,1,E2.1,E2.1-R0,False,subwp,524,05,2,3608412311,exito,,497.472,0,0,"[0.0, -8.078499495762335]"
2623,goal_263,3,exito,15545,2473.79,05,subwp,524,1,E2.1,E2.1-R0,False,subwp,524,05,3,2685612033,exito,,497.44,0,0,"[0.0, -9.352807819876327]"
2624,goal_263,4,exito,15562,2409.52,05,subwp,524,1,E2.1,E2.1-R0,False,subwp,524,05,4,1048028578,exito,,497.984,0,0,"[0.0, -22.640613657661955]"
2625,goal_263,5,exito,15545,2473.79,05,subwp,524,1,E2.1,E2.1-R0,False,subwp,524,05,5,1232114996,exito,,497.44,0,0,"[0.0, 0.9944207335926625]"
2626,goal_263,6,exito,15545,2473.79,05,subwp,524,1,E2.1,E2.1-R0,False,subwp,524,05,6,3497641102,exito,,497.44,0,0,"[0.0, 11.258073803952708]"
2627,goal_263,7,exito,15545,2463.66,05,subwp,524,1,E2.1,E2.1-R0,False,subwp,524,05,7,2810115096,exito,,497.44,0,0,"[0.0, 18.23393101031887]"
2628,goal_263,8,col_return,10441,1474.95,05,subwp,524,1,E2.1,E2.1-R0,False,subwp,524,05,8,935455113,col_return,return,334.112,0,0,"[0.0, 9.504706798248474]"
2629,goal_263,9,exito,15535,2473.51,05,subwp,524,1,E2.1,E2.1-R0,False,subwp,524,05,9,1086773535,exito,,497.12,0,0,"[0.0, 3.8799858891845562]"
2630,goal_263,10,exito,15545,2471.42,05,subwp,524,1,E2.1,E2.1-R0,False,subwp,524,05,10,2974457349,exito,,497.44,0,0,"[0.0, 17.226132735094456]"
2631,goal_264,1,col_approach,2791,239.82,05,subwp,524,1,E2.1,E2.1-R0,False,subwp,524,05,1,1340029722,col_approach,approach,89.312,0,0,"[0.0, 23.163880995968764]"
2632,goal_264,2,exito,15519,2468.55,05,subwp,524,1,E2.1,E2.1-R0,False,subwp,524,05,2,3604376224,exito,,496.608,0,0,"[0.0, 9.565869596106783]"
2633,goal_264,3,col_return,10524,1483.37,05,subwp,524,1,E2.1,E2.1-R0,False,subwp,524,05,3,2714851894,col_return,return,336.768,0,0,"[0.0, -11.173024355738095]"
2634,goal_264,4,exito,15519,2471.25,05,subwp,524,1,E2.1,E2.1-R0,False,subwp,524,05,4,1068879765,exito,,496.608,0,0,"[0.0, -24.843404854191714]"
2635,goal_264,5,exito,15529,2470.61,05,subwp,524,1,E2.1,E2.1-R0,False,subwp,524,05,5,1219690243,exito,,496.928,0,0,"[0.0, 2.33372687425335]"
2636,goal_264,6,col_approach,2848,243.1,05,subwp,524,1,E2.1,E2.1-R0,False,subwp,524,05,6,3518738105,col_approach,approach,91.136,0,0,"[0.0, -0.49891653540382386]"
2637,goal_264,7,exito,15519,2469.51,05,subwp,524,1,E2.1,E2.1-R0,False,subwp,524,05,7,2797379119,exito,,496.608,0,0,"[0.0, 18.413849031103773]"
2638,goal_264,8,col_return,10549,1485.35,05,subwp,524,1,E2.1,E2.1-R0,False,subwp,524,05,8,906199998,col_return,return,337.568,0,0,"[0.0, -17.963134436691767]"
2639,goal_264,9,exito,15519,2471.11,05,subwp,524,1,E2.1,E2.1-R0,False,subwp,524,05,9,1090827048,exito,,496.608,0,0,"[0.0, -18.438060622818618]"
2640,goal_264,10,exito,15529,2470.89,05,subwp,524,1,E2.1,E2.1-R0,False,subwp,524,05,10,167180640,exito,,496.928,0,0,"[0.0, 15.735624477342242]"
2641,goal_265,1,col_approach,2863,247.74,05,subwp,524,1,E2.1,E2.1-R0,False,subwp,524,05,1,1250962847,col_approach,approach,91.616,0,0,"[0.0, -9.781706524938782]"
2642,goal_265,2,exito,15768,2491.85,05,subwp,524,1,E2.1,E2.1-R0,False,subwp,524,05,2,3550051365,exito,,504.576,0,0,"[0.0, 26.073554163572425]"
2643,goal_265,3,col_return,10552,1484.52,05,subwp,524,1,E2.1,E2.1-R0,False,subwp,524,05,3,2761837747,col_return,return,337.664,0,0,"[0.0, 10.227737621820223]"
2644,goal_265,4,exito,15768,2502.95,05,subwp,524,1,E2.1,E2.1-R0,False,subwp,524,05,4,989518096,exito,,504.576,0,0,"[0.0, -16.685738076774793]"
2645,goal_265,5,col_approach,2912,241.14,05,subwp,524,1,E2.1,E2.1-R0,False,subwp,524,05,5,1308486022,col_approach,approach,93.184,0,0,"[0.0, -17.855116736731105]"
2646,goal_265,6,exito,15768,2491.51,05,subwp,524,1,E2.1,E2.1-R0,False,subwp,524,05,6,3572807740,exito,,504.576,0,0,"[0.0, -7.766779199434932]"
2647,goal_265,7,col_return,10556,1482.14,05,subwp,524,1,E2.1,E2.1-R0,False,subwp,524,05,7,2750646442,col_return,return,337.792,0,0,"[0.0, 6.922362739875054]"
2648,goal_265,8,exito,15768,2502.95,05,subwp,524,1,E2.1,E2.1-R0,False,subwp,524,05,8,860656955,exito,,504.576,0,0,"[0.0, -17.224615343812467]"
2649,goal_265,9,col_approach,2900,247.53,05,subwp,524,1,E2.1,E2.1-R0,False,subwp,524,05,9,1145808301,col_approach,approach,92.8,0,0,"[0.0, -26.422342704264654]"
2650,goal_265,10,exito,15768,2491.84,05,subwp,524,1,E2.1,E2.1-R0,False,subwp,524,05,10,2485240281,exito,,504.576,0,0,"[0.0, 13.585441572910513]"
2651,goal_266,1,col_return,10533,1487.81,05,subwp,524,1,E2.1,E2.1-R0,False,subwp,524,05,1,1263683496,col_return,return,337.056,0,0,"[0.0, -3.036678390214056]"
2652,goal_266,2,exito,15729,2502.51,05,subwp,524,1,E2.1,E2.1-R0,False,subwp,524,05,2,3529184786,exito,,503.328,0,0,"[0.0, -2.686132487285826]"
2653,goal_266,3,exito,15739,2475.6,05,subwp,524,1,E2.1,E2.1-R0,False,subwp,524,05,3,2774279812,exito,,503.648,0,0,"[0.0, -7.428255534926347]"
2654,goal_266,4,exito,15739,2501.88,05,subwp,524,1,E2.1,E2.1-R0,False,subwp,524,05,4,993571623,exito,,503.648,0,0,"[0.0, -4.208607363266816]"
2655,goal_266,5,col_approach,2790,221.07,05,subwp,524,1,E2.1,E2.1-R0,False,subwp,524,05,5,1279230897,col_approach,approach,89.28,0,0,"[0.0, -10.59676493029924]"
2656,goal_266,6,col_return,10266,1448.13,05,subwp,524,1,E2.1,E2.1-R0,False,subwp,524,05,6,3577139723,col_return,return,328.512,0,0,"[0.0, 28.28456077832358]"
2657,goal_266,7,exito,15729,2502.29,05,subwp,524,1,E2.1,E2.1-R0,False,subwp,524,05,7,2721178269,exito,,503.328,0,0,"[0.0, -9.19713079042399]"
2658,goal_266,8,col_approach,2790,234.61,05,subwp,524,1,E2.1,E2.1-R0,False,subwp,524,05,8,848232204,col_approach,approach,89.28,0,0,"[0.0, 20.669147203976237]"
2659,goal_266,9,exito,15728,2486.39,05,subwp,524,1,E2.1,E2.1-R0,False,subwp,524,05,9,1166659482,exito,,503.296,0,0,"[0.0, -11.73268492581198]"
2660,goal_266,10,col_return,10515,1479.31,05,subwp,524,1,E2.1,E2.1-R0,False,subwp,524,05,10,748529340,col_return,return,336.48,0,0,"[0.0, -29.90500924732617]"
2661,goal_267,1,exito,16011,2537.96,05,subwp,524,1,E2.1,E2.1-R0,False,subwp,524,05,1,1226111473,exito,,512.352,0,0,"[0.0, -18.677899195225592]"
2662,goal_267,2,exito,16025,2502.25,05,subwp,524,1,E2.1,E2.1-R0,False,subwp,524,05,2,3491604555,exito,,512.8,0,0,"[0.0, 6.412878388420813]"
2663,goal_267,3,exito,16020,2507.45,05,subwp,524,1,E2.1,E2.1-R0,False,subwp,524,05,3,2803538141,exito,,512.64,0,0,"[0.0, 15.964713043597827]"
2664,goal_267,4,exito,16020,2537.81,05,subwp,524,1,E2.1,E2.1-R0,False,subwp,524,05,4,964562302,exito,,512.64,0,0,"[0.0, 26.09552662850087]"
2665,goal_267,5,col_return,10848,1530.46,05,subwp,524,1,E2.1,E2.1-R0,False,subwp,524,05,5,1316568552,col_return,return,347.136,0,0,"[0.0, 18.87741619130908]"
2666,goal_267,6,exito,16010,2537.96,05,subwp,524,1,E2.1,E2.1-R0,False,subwp,524,05,6,3614469202,exito,,512.32,0,0,"[0.0, -28.263270550113283]"
2667,goal_267,7,col_approach,2801,231.83,05,subwp,524,1,E2.1,E2.1-R0,False,subwp,524,05,7,2692177092,col_approach,approach,89.632,0,0,"[0.0, -18.979699600173486]"
2668,goal_267,8,col_return,11021,1553.18,05,subwp,524,1,E2.1,E2.1-R0,False,subwp,524,05,8,818430293,col_return,return,352.672,0,0,"[0.0, -9.819039659488544]"
2669,goal_267,9,exito,16010,2537.93,05,subwp,524,1,E2.1,E2.1-R0,False,subwp,524,05,9,1204777411,exito,,512.32,0,0,"[0.0, -11.271453065038145]"
2670,goal_267,10,col_approach,2877,250.87,05,subwp,524,1,E2.1,E2.1-R0,False,subwp,524,05,10,1042811218,col_approach,approach,92.064,0,0,"[0.0, -15.343662809310805]"
2671,goal_268,1,exito,15993,2499.84,05,subwp,524,1,E2.1,E2.1-R0,False,subwp,524,05,1,1222022086,exito,,511.776,0,0,"[0.0, 9.861008621441346]"
2672,goal_268,2,col_return,10562,1484.98,05,subwp,524,1,E2.1,E2.1-R0,False,subwp,524,05,2,3521102460,col_return,return,337.984,0,0,"[0.0, -10.140503601417723]"
2673,goal_268,3,exito,15993,2538.75,05,subwp,524,1,E2.1,E2.1-R0,False,subwp,524,05,3,2799235818,exito,,511.776,0,0,"[0.0, 24.482521191829875]"
2674,goal_268,4,exito,16004,2530.39,05,subwp,524,1,E2.1,E2.1-R0,False,subwp,524,05,4,951871305,exito,,512.128,0,0,"[0.0, -26.52746357516274]"
2675,goal_268,5,exito,16010,2465.04,05,subwp,524,1,E2.1,E2.1-R0,False,subwp,524,05,5,1337677791,exito,,512.32,0,0,"[0.0, -16.826829643972335]"
2676,goal_268,6,exito,16003,2536.91,05,subwp,524,1,E2.1,E2.1-R0,False,subwp,524,05,6,3601991269,exito,,512.096,0,0,"[0.0, -3.8031863573137548]"
2677,goal_268,7,col_return,10776,1516.82,05,subwp,524,1,E2.1,E2.1-R0,False,subwp,524,05,7,2713007859,col_return,return,344.832,0,0,"[0.0, -6.613953831031402]"
2678,goal_268,8,exito,15993,2538.74,05,subwp,524,1,E2.1,E2.1-R0,False,subwp,524,05,8,822750050,exito,,511.776,0,0,"[0.0, -20.516326067094816]"
2679,goal_268,9,exito,16009,2497.87,05,subwp,524,1,E2.1,E2.1-R0,False,subwp,524,05,9,1175264244,exito,,512.288,0,0,"[0.0, 10.384614581209819]"
2680,goal_268,10,exito,16003,2522.82,05,subwp,524,1,E2.1,E2.1-R0,False,subwp,524,05,10,2257874487,exito,,512.096,0,0,"[0.0, 19.296089627456738]"
2681,goal_269,1,exito,16282,2569.37,05,subwp,524,1,E2.1,E2.1-R0,False,subwp,524,05,1,1133171963,exito,,521.024,0,0,"[0.0, 4.968792678249006]"
2682,goal_269,2,col_return,10886,1520.47,05,subwp,524,1,E2.1,E2.1-R0,False,subwp,524,05,2,3666052417,col_return,return,348.352,0,0,"[0.0, -1.8764559837700556]"
2683,goal_269,3,exito,16274,2572.98,05,subwp,524,1,E2.1,E2.1-R0,False,subwp,524,05,3,2911155671,exito,,520.768,0,0,"[0.0, -6.149922720412693]"
2684,goal_269,4,exito,16283,2572.69,05,subwp,524,1,E2.1,E2.1-R0,False,subwp,524,05,4,870326388,exito,,521.056,0,0,"[0.0, -1.299054384694931]"
2685,goal_269,5,exito,16283,2573.21,05,subwp,524,1,E2.1,E2.1-R0,False,subwp,524,05,5,1155993826,exito,,521.056,0,0,"[0.0, 4.190349265467079]"
2686,goal_269,6,col_return,11014,1548.67,05,subwp,524,1,E2.1,E2.1-R0,False,subwp,524,05,6,3723379032,col_return,return,352.448,0,0,"[0.0, -21.380272537398564]"
2687,goal_269,7,exito,16272,2572.85,05,subwp,524,1,E2.1,E2.1-R0,False,subwp,524,05,7,2867425742,exito,,520.704,0,0,"[0.0, 27.097938189419985]"
2688,goal_269,8,exito,16283,2569.85,05,subwp,524,1,E2.1,E2.1-R0,False,subwp,524,05,8,978742367,exito,,521.056,0,0,"[0.0, 6.307300790014814]"
2689,goal_269,9,exito,16282,2573.14,05,subwp,524,1,E2.1,E2.1-R0,False,subwp,524,05,9,1297177801,exito,,521.024,0,0,"[0.0, -26.76286143514444]"
2690,goal_269,10,col_return,11093,1552.72,05,subwp,524,1,E2.1,E2.1-R0,False,subwp,524,05,10,3740761697,col_return,return,354.976,0,0,"[0.0, -13.392509213623098]"
2691,goal_270,1,exito,16234,2574.39,05,subwp,524,1,E2.1,E2.1-R0,False,subwp,524,05,1,1112063692,exito,,519.488,0,0,"[0.0, 27.696321758472713]"
2692,goal_270,2,exito,16245,2567.06,05,subwp,524,1,E2.1,E2.1-R0,False,subwp,524,05,2,3678531446,exito,,519.84,0,0,"[0.0, 0.230778391387374]"
2693,goal_270,3,exito,16245,2574.39,05,subwp,524,1,E2.1,E2.1-R0,False,subwp,524,05,3,2890325984,exito,,519.84,0,0,"[0.0, 1.2113920000715361]"
2694,goal_270,4,col_return,11160,1575.56,05,subwp,524,1,E2.1,E2.1-R0,False,subwp,524,05,4,841108035,col_return,return,357.12,0,0,"[0.0, -1.8902434795378764]"
2695,goal_270,5,exito,16235,2574.54,05,subwp,524,1,E2.1,E2.1-R0,False,subwp,524,05,5,1160084181,exito,,519.52,0,0,"[0.0, 22.42507671150563]"
2696,goal_270,6,exito,16246,2553.75,05,subwp,524,1,E2.1,E2.1-R0,False,subwp,524,05,6,3693882223,exito,,519.872,0,0,"[0.0, 27.863903145869113]"
2697,goal_270,7,exito,16246,2567.62,05,subwp,524,1,E2.1,E2.1-R0,False,subwp,524,05,7,2871729145,exito,,519.872,0,0,"[0.0, 21.52928504176169]"
2698,goal_270,8,col_return,11212,1582.36,05,subwp,524,1,E2.1,E2.1-R0,False,subwp,524,05,8,999556712,col_return,return,358.784,0,0,"[0.0, -19.758870755257455]"
2699,goal_270,9,exito,16234,2574.45,05,subwp,524,1,E2.1,E2.1-R0,False,subwp,524,05,9,1284716286,exito,,519.488,0,0,"[0.0, 14.272909451285393]"
2700,goal_270,10,exito,16245,2546.77,05,subwp,524,1,E2.1,E2.1-R0,False,subwp,524,05,10,1716197636,exito,,519.84,0,0,"[0.0, -22.537165685150935]"
2701,goal_271,1,exito,16486,2583.09,05,subwp,524,1,E2.1,E2.1-R0,False,subwp,524,05,1,4112900646,exito,,527.552,0,0,"[0.0, -28.475370215778174]"
2702,goal_271,2,col_return,11238,1580.74,05,subwp,524,1,E2.1,E2.1-R0,False,subwp,524,05,2,1814868892,col_return,return,359.616,0,0,"[0.0, 19.1301799679447]"
2703,goal_271,3,exito,16477,2603.92,05,subwp,524,1,E2.1,E2.1-R0,False,subwp,524,05,3,455836426,exito,,527.264,0,0,"[0.0, -15.08267627081364]"
2704,goal_271,4,exito,16487,2603.81,05,subwp,524,1,E2.1,E2.1-R0,False,subwp,524,05,4,2236552873,exito,,527.584,0,0,"[0.0, -19.39220987149958]"
2705,goal_271,5,exito,16487,2590.27,05,subwp,524,1,E2.1,E2.1-R0,False,subwp,524,05,5,4064814655,exito,,527.584,0,0,"[0.0, 1.6265599049343904]"
2706,goal_271,6,col_return,10891,1530.61,05,subwp,524,1,E2.1,E2.1-R0,False,subwp,524,05,6,1799452549,col_return,return,348.512,0,0,"[0.0, -15.876229193357362]"
2707,goal_271,7,exito,16477,2602.43,05,subwp,524,1,E2.1,E2.1-R0,False,subwp,524,05,7,474367763,exito,,527.264,0,0,"[0.0, 28.96202111044603]"
2708,goal_271,8,exito,16487,2604.09,05,subwp,524,1,E2.1,E2.1-R0,False,subwp,524,05,8,2365151874,exito,,527.584,0,0,"[0.0, 14.336674998154983]"
2709,goal_271,9,col_return,11463,1615.74,05,subwp,524,1,E2.1,E2.1-R0,False,subwp,524,05,9,4227754516,col_return,return,366.816,0,0,"[0.0, 3.8160339895570217]"
2710,goal_271,10,exito,16477,2603.92,05,subwp,524,1,E2.1,E2.1-R0,False,subwp,524,05,10,639860542,exito,,527.264,0,0,"[0.0, 4.8745694171306635]"
2711,goal_272,1,exito,16469,2600.21,05,subwp,524,1,E2.1,E2.1-R0,False,subwp,524,05,1,4108814353,exito,,527.008,0,0,"[0.0, -27.850629936519486]"
2712,goal_272,2,exito,16469,2602.89,05,subwp,524,1,E2.1,E2.1-R0,False,subwp,524,05,2,1844369835,exito,,527.008,0,0,"[0.0, 0.2209312946530373]"
2713,goal_272,3,col_return,11016,1553.1,05,subwp,524,1,E2.1,E2.1-R0,False,subwp,524,05,3,451537213,col_return,return,352.512,0,0,"[0.0, -8.881971341120352]"
2714,goal_272,4,exito,16459,2604.32,05,subwp,524,1,E2.1,E2.1-R0,False,subwp,524,05,4,2223864990,exito,,526.688,0,0,"[0.0, 7.6201527797373085]"
2715,goal_272,5,exito,16469,2604.45,05,subwp,524,1,E2.1,E2.1-R0,False,subwp,524,05,5,4085926920,exito,,527.008,0,0,"[0.0, 23.66606337343495]"
2716,goal_272,6,exito,16469,2569.41,05,subwp,524,1,E2.1,E2.1-R0,False,subwp,524,05,6,1786977714,exito,,527.008,0,0,"[0.0, 22.492449355647825]"
2717,goal_272,7,col_return,10811,1520.16,05,subwp,524,1,E2.1,E2.1-R0,False,subwp,524,05,7,495201572,col_return,return,345.952,0,0,"[0.0, -2.5401476192352357]"
2718,goal_272,8,exito,16459,2601.29,05,subwp,524,1,E2.1,E2.1-R0,False,subwp,524,05,8,2369466549,exito,,526.688,0,0,"[0.0, 29.086166386661038]"
2719,goal_272,9,exito,16469,2603.67,05,subwp,524,1,E2.1,E2.1-R0,False,subwp,524,05,9,4198236195,exito,,527.008,0,0,"[0.0, -11.412304991184596]"
2720,goal_272,10,col_return,11435,1613.61,05,subwp,524,1,E2.1,E2.1-R0,False,subwp,524,05,10,2661226587,col_return,return,365.92,0,0,"[0.0, 6.012094346173491]"
2721,goal_273,1,exito,16742,2637.14,05,subwp,524,1,E2.1,E2.1-R0,False,subwp,524,05,1,4137760328,exito,,535.744,0,0,"[0.0, -19.493923693292537]"
2722,goal_273,2,exito,16752,2637.34,05,subwp,524,1,E2.1,E2.1-R0,False,subwp,524,05,2,1873307634,exito,,536.064,0,0,"[0.0, -9.638926530168392]"
2723,goal_273,3,col_return,11616,1628.28,05,subwp,524,1,E2.1,E2.1-R0,False,subwp,524,05,3,414144356,col_return,return,371.712,0,0,"[0.0, -12.053685511075848]"
2724,goal_273,4,exito,16744,2637.35,05,subwp,524,1,E2.1,E2.1-R0,False,subwp,524,05,4,2261500615,exito,,535.808,0,0,"[0.0, 17.856094945783635]"
2725,goal_273,5,exito,16753,2636.97,05,subwp,524,1,E2.1,E2.1-R0,False,subwp,524,05,5,4056740433,exito,,536.096,0,0,"[0.0, -19.33298060775074]"
2726,goal_273,6,col_return,11559,1619.78,05,subwp,524,1,E2.1,E2.1-R0,False,subwp,524,05,6,1757783019,col_return,return,369.888,0,0,"[0.0, -15.788941801852879]"
2727,goal_273,7,exito,16742,2637.09,05,subwp,524,1,E2.1,E2.1-R0,False,subwp,524,05,7,532845437,exito,,535.744,0,0,"[0.0, 21.446822466623598]"
2728,goal_273,8,exito,16752,2637.35,05,subwp,524,1,E2.1,E2.1-R0,False,subwp,524,05,8,2407370476,exito,,536.064,0,0,"[0.0, -11.353407438199028]"
2729,goal_273,9,col_return,11530,1615.4,05,subwp,524,1,E2.1,E2.1-R0,False,subwp,524,05,9,4168793722,col_return,return,368.96,0,0,"[0.0, -10.019070483213348]"
2730,goal_273,10,exito,16742,2637.1,05,subwp,524,1,E2.1,E2.1-R0,False,subwp,524,05,10,2351609781,exito,,535.744,0,0,"[0.0, 28.033483050799838]"
2731,goal_274,1,exito,16716,2640.27,05,subwp,524,1,E2.1,E2.1-R0,False,subwp,524,05,1,4150484095,exito,,534.912,0,0,"[0.0, -22.49694352239818]"
2732,goal_274,2,col_return,11508,1625.22,05,subwp,524,1,E2.1,E2.1-R0,False,subwp,524,05,2,1852444101,col_return,return,368.256,0,0,"[0.0, -19.980130171534974]"
2733,goal_274,3,exito,16706,2639.93,05,subwp,524,1,E2.1,E2.1-R0,False,subwp,524,05,3,426589523,exito,,534.592,0,0,"[0.0, 6.405168735324647]"
2734,goal_274,4,exito,16716,2640.15,05,subwp,524,1,E2.1,E2.1-R0,False,subwp,524,05,4,2265557232,exito,,534.912,0,0,"[0.0, -5.687453497537449]"
2735,goal_274,5,col_return,11550,1624.0,05,subwp,524,1,E2.1,E2.1-R0,False,subwp,524,05,5,4027488358,col_return,return,369.6,0,0,"[0.0, 15.360189120220138]"
2736,goal_274,6,exito,16706,2639.91,05,subwp,524,1,E2.1,E2.1-R0,False,subwp,524,05,6,1762118108,exito,,534.592,0,0,"[0.0, -7.6310503392968165]"
2737,goal_274,7,exito,16717,2639.75,05,subwp,524,1,E2.1,E2.1-R0,False,subwp,524,05,7,503380298,exito,,534.944,0,0,"[0.0, 8.392579861183592]"
2738,goal_274,8,col_return,11563,1625.65,05,subwp,524,1,E2.1,E2.1-R0,False,subwp,524,05,8,2394940635,col_return,return,370.016,0,0,"[0.0, -16.551045472031642]"
2739,goal_274,9,exito,16706,2639.9,05,subwp,524,1,E2.1,E2.1-R0,False,subwp,524,05,9,4189639757,exito,,534.592,0,0,"[0.0, 9.797075775033981]"
2740,goal_274,10,exito,16716,2640.26,05,subwp,524,1,E2.1,E2.1-R0,False,subwp,524,05,10,882299088,exito,,534.912,0,0,"[0.0, 13.331349983461775]"
2741,goal_275,1,col_return,11687,1644.42,05,subwp,524,1,E2.1,E2.1-R0,False,subwp,524,05,1,4062989050,col_return,return,373.984,0,0,"[0.0, 17.194571941750326]"
2742,goal_275,2,exito,16955,2669.54,05,subwp,524,1,E2.1,E2.1-R0,False,subwp,524,05,2,1797593920,exito,,542.56,0,0,"[0.0, -5.902108556104988]"
2743,goal_275,3,exito,16965,2655.75,05,subwp,524,1,E2.1,E2.1-R0,False,subwp,524,05,3,472001494,exito,,542.88,0,0,"[0.0, 24.928680350830504]"
2744,goal_275,4,col_return,11387,1595.37,05,subwp,524,1,E2.1,E2.1-R0,False,subwp,524,05,4,2185674357,col_return,return,364.384,0,0,"[0.0, -9.66664630928278]"
2745,goal_275,5,exito,16953,2668.4,05,subwp,524,1,E2.1,E2.1-R0,False,subwp,524,05,5,4114714339,exito,,542.496,0,0,"[0.0, -4.811629341943043]"
2746,goal_275,6,exito,16966,2652.6,05,subwp,524,1,E2.1,E2.1-R0,False,subwp,524,05,6,1816715097,exito,,542.912,0,0,"[0.0, 7.632904034808872]"
2747,goal_275,7,col_return,11231,1575.78,05,subwp,524,1,E2.1,E2.1-R0,False,subwp,524,05,7,458223567,col_return,return,359.392,0,0,"[0.0, 1.3784935030178525]"
2748,goal_275,8,exito,16955,2663.92,05,subwp,524,1,E2.1,E2.1-R0,False,subwp,524,05,8,2347823710,exito,,542.56,0,0,"[0.0, 15.81120899163431]"
2749,goal_275,9,exito,16965,2659.03,05,subwp,524,1,E2.1,E2.1-R0,False,subwp,524,05,9,4244095688,exito,,542.88,0,0,"[0.0, 6.639043436733598]"
2750,goal_275,10,col_return,11151,1561.55,05,subwp,524,1,E2.1,E2.1-R0,False,subwp,524,05,10,2839668841,col_return,return,356.832,0,0,"[0.0, -24.61432188637568]"
2751,goal_276,1,exito,16929,2659.4,05,subwp,524,1,E2.1,E2.1-R0,False,subwp,524,05,1,4092469453,exito,,541.728,0,0,"[0.0, 27.844831063839223]"
2752,goal_276,2,exito,16939,2657.38,05,subwp,524,1,E2.1,E2.1-R0,False,subwp,524,05,2,1793552759,exito,,542.048,0,0,"[0.0, -4.188718178446624]"
2753,goal_276,3,col_return,11130,1561.25,05,subwp,524,1,E2.1,E2.1-R0,False,subwp,524,05,3,501236193,col_return,return,356.16,0,0,"[0.0, 9.851988957121389]"
2754,goal_276,4,exito,16929,2659.32,05,subwp,524,1,E2.1,E2.1-R0,False,subwp,524,05,4,2206520386,exito,,541.728,0,0,"[0.0, 9.085544863095048]"
2755,goal_276,5,exito,16939,2657.29,05,subwp,524,1,E2.1,E2.1-R0,False,subwp,524,05,5,4102284500,exito,,542.048,0,0,"[0.0, -4.644593511021298]"
2756,goal_276,6,col_return,11130,1560.96,05,subwp,524,1,E2.1,E2.1-R0,False,subwp,524,05,6,1837806958,col_return,return,356.16,0,0,"[0.0, 16.939167126653768]"
2757,goal_276,7,exito,16929,2659.23,05,subwp,524,1,E2.1,E2.1-R0,False,subwp,524,05,7,445482488,exito,,541.728,0,0,"[0.0, -11.341316684917606]"
2758,goal_276,8,exito,16939,2657.2,05,subwp,524,1,E2.1,E2.1-R0,False,subwp,524,05,8,2318571625,exito,,542.048,0,0,"[0.0, 3.6262236961710137]"
2759,goal_276,9,col_return,11127,1561.61,05,subwp,524,1,E2.1,E2.1-R0,False,subwp,524,05,9,4248152319,col_return,return,356.064,0,0,"[0.0, 24.737622947600105]"
2760,goal_276,10,exito,16929,2659.4,05,subwp,524,1,E2.1,E2.1-R0,False,subwp,524,05,10,301829900,exito,,541.728,0,0,"[0.0, -22.552583440284714]"
2761,goal_277,1,exito,16638,2617.92,05,subwp,524,1,E2.1,E2.1-R0,False,subwp,524,05,1,4054359700,exito,,532.416,0,0,"[0.0, 4.465180103373603]"
2762,goal_277,2,col_return,11135,1551.22,05,subwp,524,1,E2.1,E2.1-R0,False,subwp,524,05,2,1755434798,col_return,return,356.32,0,0,"[0.0, 14.086613916003355]"
2763,goal_277,3,exito,16629,2618.89,05,subwp,524,1,E2.1,E2.1-R0,False,subwp,524,05,3,531038136,exito,,532.128,0,0,"[0.0, 14.77575168458522]"
2764,goal_277,4,exito,16638,2618.91,05,subwp,524,1,E2.1,E2.1-R0,False,subwp,524,05,4,2177002011,exito,,532.416,0,0,"[0.0, -25.61227534678219]"
2765,goal_277,5,col_return,11424,1601.55,05,subwp,524,1,E2.1,E2.1-R0,False,subwp,524,05,5,4140128909,col_return,return,365.568,0,0,"[0.0, 1.3768845218914194]"
2766,goal_277,6,exito,16629,2618.92,05,subwp,524,1,E2.1,E2.1-R0,False,subwp,524,05,6,1875643191,exito,,532.128,0,0,"[0.0, -26.380761023881877]"
2767,goal_277,7,exito,16638,2618.91,05,subwp,524,1,E2.1,E2.1-R0,False,subwp,524,05,7,415972257,exito,,532.416,0,0,"[0.0, -12.987196956499332]"
2768,goal_277,8,col_return,11583,1619.75,05,subwp,524,1,E2.1,E2.1-R0,False,subwp,524,05,8,2289313328,col_return,return,370.656,0,0,"[0.0, -3.7242500257336797]"
2769,goal_277,9,exito,16629,2618.87,05,subwp,524,1,E2.1,E2.1-R0,False,subwp,524,05,9,4285732518,exito,,532.128,0,0,"[0.0, -17.254304857805817]"
2770,goal_277,10,exito,16638,2618.93,05,subwp,524,1,E2.1,E2.1-R0,False,subwp,524,05,10,55058658,exito,,532.416,0,0,"[0.0, 11.695243374463967]"
2771,goal_278,1,col_return,11663,1640.46,05,subwp,524,1,E2.1,E2.1-R0,False,subwp,524,05,1,4033541283,col_return,return,373.216,0,0,"[0.0, -17.63649028271497]"
2772,goal_278,2,exito,16646,2624.72,05,subwp,524,1,E2.1,E2.1-R0,False,subwp,524,05,2,1768138009,exito,,532.672,0,0,"[0.0, 28.236924836941224]"
2773,goal_278,3,exito,16656,2625.0,05,subwp,524,1,E2.1,E2.1-R0,False,subwp,524,05,3,509908367,exito,,532.992,0,0,"[0.0, -23.723717376923883]"
2774,goal_278,4,col_return,11688,1633.79,05,subwp,524,1,E2.1,E2.1-R0,False,subwp,524,05,4,2147483692,col_return,return,374.016,0,0,"[0.0, 16.6081540727875]"
2775,goal_278,5,exito,16647,2624.85,05,subwp,524,1,E2.1,E2.1-R0,False,subwp,524,05,5,4144443578,exito,,532.704,0,0,"[0.0, 11.247965200015287]"
2776,goal_278,6,exito,16656,2625.01,05,subwp,524,1,E2.1,E2.1-R0,False,subwp,524,05,6,1846436096,exito,,532.992,0,0,"[0.0, 12.048552808346164]"
2777,goal_278,7,col_return,11694,1633.24,05,subwp,524,1,E2.1,E2.1-R0,False,subwp,524,05,7,420041110,col_return,return,374.208,0,0,"[0.0, -6.101474483736715]"
2778,goal_278,8,exito,16646,2624.64,05,subwp,524,1,E2.1,E2.1-R0,False,subwp,524,05,8,2310425607,exito,,532.672,0,0,"[0.0, -19.976192632084675]"
2779,goal_278,9,exito,16656,2625.02,05,subwp,524,1,E2.1,E2.1-R0,False,subwp,524,05,9,4273044625,exito,,532.992,0,0,"[0.0, 14.65286817803137]"
2780,goal_278,10,col_return,11690,1636.01,05,subwp,524,1,E2.1,E2.1-R0,False,subwp,524,05,10,3153348487,col_return,return,374.08,0,0,"[0.0, -26.135704321923775]"
2781,goal_279,1,exito,16539,2601.64,05,subwp,524,1,E2.1,E2.1-R0,False,subwp,524,05,1,4214666142,exito,,529.248,0,0,"[0.0, -0.5382292118402421]"
2782,goal_279,2,exito,16547,2601.8,05,subwp,524,1,E2.1,E2.1-R0,False,subwp,524,05,2,1648353828,exito,,529.504,0,0,"[0.0, -3.5579918048524206]"
2783,goal_279,3,exito,16548,2594.36,05,subwp,524,1,E2.1,E2.1-R0,False,subwp,524,05,3,356045490,exito,,529.536,0,0,"[0.0, 8.20680739951774]"
2784,goal_279,4,col_return,10961,1529.62,05,subwp,524,1,E2.1,E2.1-R0,False,subwp,524,05,4,2338080529,col_return,return,350.752,0,0,"[0.0, 10.341277572929496]"
2785,goal_279,5,exito,16538,2602.1,05,subwp,524,1,E2.1,E2.1-R0,False,subwp,524,05,5,4233852807,exito,,529.216,0,0,"[0.0, -24.63220333184964]"
2786,goal_279,6,exito,16548,2602.48,05,subwp,524,1,E2.1,E2.1-R0,False,subwp,524,05,6,1699882557,exito,,529.536,0,0,"[0.0, 3.3260002448466297]"
2787,goal_279,7,col_return,11441,1599.32,05,subwp,524,1,E2.1,E2.1-R0,False,subwp,524,05,7,307566251,col_return,return,366.112,0,0,"[0.0, 13.416856323206085]"
2788,goal_279,8,exito,16538,2602.13,05,subwp,524,1,E2.1,E2.1-R0,False,subwp,524,05,8,2196376378,exito,,529.216,0,0,"[0.0, 26.368985265316933]"
2789,goal_279,9,exito,16548,2602.45,05,subwp,524,1,E2.1,E2.1-R0,False,subwp,524,05,9,4125965228,exito,,529.536,0,0,"[0.0, 26.584721329980518]"
2790,goal_279,10,exito,16548,2582.31,05,subwp,524,1,E2.1,E2.1-R0,False,subwp,524,05,10,3818346449,exito,,529.536,0,0,"[0.0, 2.127448912074006]"
2791,goal_280,1,col_return,10900,1529.79,05,subwp,524,1,E2.1,E2.1-R0,False,subwp,524,05,1,4210350505,col_return,return,348.8,0,0,"[0.0, 16.74414996794136]"
2792,goal_280,2,exito,16553,2610.81,05,subwp,524,1,E2.1,E2.1-R0,False,subwp,524,05,2,1677559827,exito,,529.696,0,0,"[0.0, -10.302747502875809]"
2793,goal_280,3,exito,16563,2611.1,05,subwp,524,1,E2.1,E2.1-R0,False,subwp,524,05,3,351975557,exito,,530.016,0,0,"[0.0, -7.816938215186273]"
2794,goal_280,4,col_return,11400,1596.61,05,subwp,524,1,E2.1,E2.1-R0,False,subwp,524,05,4,2325622054,col_return,return,364.8,0,0,"[0.0, 27.132173003036506]"
2795,goal_280,5,exito,16553,2610.81,05,subwp,524,1,E2.1,E2.1-R0,False,subwp,524,05,5,4254670256,exito,,529.696,0,0,"[0.0, -20.26863534555687]"
2796,goal_280,6,exito,16563,2611.1,05,subwp,524,1,E2.1,E2.1-R0,False,subwp,524,05,6,1687178250,exito,,530.016,0,0,"[0.0, 19.735925114334044]"
2797,goal_280,7,exito,16563,2576.12,05,subwp,524,1,E2.1,E2.1-R0,False,subwp,524,05,7,328694940,exito,,530.016,0,0,"[0.0, 0.44256021403870305]"
2798,goal_280,8,col_return,10852,1519.32,05,subwp,524,1,E2.1,E2.1-R0,False,subwp,524,05,8,2200461581,col_return,return,347.264,0,0,"[0.0, 13.52103388725312]"
2799,goal_280,9,exito,16553,2610.82,05,subwp,524,1,E2.1,E2.1-R0,False,subwp,524,05,9,4096741787,exito,,529.696,0,0,"[0.0, -4.913927452588773]"
2800,goal_280,10,exito,16562,2610.74,05,subwp,524,1,E2.1,E2.1-R0,False,subwp,524,05,10,1529557172,exito,,529.984,0,0,"[0.0, 21.8181550257832]"
2801,goal_281,1,col_return,11239,1569.15,05,subwp,524,1,E2.1,E2.1-R0,False,subwp,524,05,1,2907107952,col_return,return,359.648,0,0,"[0.0, -15.467386516227887]"
2802,goal_281,2,exito,16281,2568.34,05,subwp,524,1,E2.1,E2.1-R0,False,subwp,524,05,2,877634506,exito,,520.992,0,0,"[0.0, 16.153605117630605]"
2803,goal_281,3,exito,16291,2568.55,05,subwp,524,1,E2.1,E2.1-R0,False,subwp,524,05,3,1128829788,exito,,521.312,0,0,"[0.0, -22.87837000116701]"
2804,goal_281,4,exito,16291,2568.56,05,subwp,524,1,E2.1,E2.1-R0,False,subwp,524,05,4,3710650111,exito,,521.312,0,0,"[0.0, 6.758205654853602]"
2805,goal_281,5,col_return,11188,1561.4,05,subwp,524,1,E2.1,E2.1-R0,False,subwp,524,05,5,2854958697,col_return,return,358.016,0,0,"[0.0, 22.389179723515614]"
2806,goal_281,6,exito,16281,2568.34,05,subwp,524,1,E2.1,E2.1-R0,False,subwp,524,05,6,857892819,exito,,520.992,0,0,"[0.0, -29.074491637994324]"
2807,goal_281,7,exito,16291,2568.53,05,subwp,524,1,E2.1,E2.1-R0,False,subwp,524,05,7,1143297861,exito,,521.312,0,0,"[0.0, 24.17527257846103]"
2808,goal_281,8,exito,16291,2568.53,05,subwp,524,1,E2.1,E2.1-R0,False,subwp,524,05,8,3566881492,exito,,521.312,0,0,"[0.0, -4.70046673299696]"
2809,goal_281,9,col_return,11152,1561.27,05,subwp,524,1,E2.1,E2.1-R0,False,subwp,524,05,9,2745006658,col_return,return,356.864,0,0,"[0.0, 22.956440314197046]"
2810,goal_281,10,exito,16281,2568.31,05,subwp,524,1,E2.1,E2.1-R0,False,subwp,524,05,10,2759059695,exito,,520.992,0,0,"[0.0, 20.16216491701205]"
2811,goal_282,1,exito,16306,2575.66,05,subwp,524,1,E2.1,E2.1-R0,False,subwp,524,05,1,2894370887,exito,,521.792,0,0,"[0.0, -27.282691948128548]"
2812,goal_282,2,exito,16306,2575.67,05,subwp,524,1,E2.1,E2.1-R0,False,subwp,524,05,2,898484733,exito,,521.792,0,0,"[0.0, -20.49706227333123]"
2813,goal_282,3,col_return,11140,1560.67,05,subwp,524,1,E2.1,E2.1-R0,False,subwp,524,05,3,1116404075,col_return,return,356.48,0,0,"[0.0, 28.06829042387532]"
2814,goal_282,4,exito,16296,2575.39,05,subwp,524,1,E2.1,E2.1-R0,False,subwp,524,05,4,3706612936,exito,,521.472,0,0,"[0.0, 17.52169484119275]"
2815,goal_282,5,exito,16306,2575.65,05,subwp,524,1,E2.1,E2.1-R0,False,subwp,524,05,5,2884197470,exito,,521.792,0,0,"[0.0, 8.795864911504381]"
2816,goal_282,6,exito,16306,2575.8,05,subwp,524,1,E2.1,E2.1-R0,False,subwp,524,05,6,853544420,exito,,521.792,0,0,"[0.0, 19.40955532779984]"
2817,goal_282,7,col_return,11112,1560.63,05,subwp,524,1,E2.1,E2.1-R0,False,subwp,524,05,7,1172782450,col_return,return,355.584,0,0,"[0.0, -16.245795332183143]"
2818,goal_282,8,exito,16296,2575.41,05,subwp,524,1,E2.1,E2.1-R0,False,subwp,524,05,8,3579322595,exito,,521.472,0,0,"[0.0, -7.502985716533523]"
2819,goal_282,9,exito,16306,2575.66,05,subwp,524,1,E2.1,E2.1-R0,False,subwp,524,05,9,2724139125,exito,,521.792,0,0,"[0.0, -26.976586344126126]"
2820,goal_282,10,exito,16306,2575.78,05,subwp,524,1,E2.1,E2.1-R0,False,subwp,524,05,10,483364746,exito,,521.792,0,0,"[0.0, 13.954919369988355]"
2821,goal_283,1,col_return,10972,1531.31,05,subwp,524,1,E2.1,E2.1-R0,False,subwp,524,05,1,2931959326,col_return,return,351.104,0,0,"[0.0, -25.97454926052777]"
2822,goal_283,2,exito,16037,2532.49,05,subwp,524,1,E2.1,E2.1-R0,False,subwp,524,05,2,936081316,exito,,513.184,0,0,"[0.0, -10.11448691035444]"
2823,goal_283,3,exito,16047,2532.74,05,subwp,524,1,E2.1,E2.1-R0,False,subwp,524,05,3,1087129394,exito,,513.504,0,0,"[0.0, -12.683057082963199]"
2824,goal_283,4,exito,16047,2532.74,05,subwp,524,1,E2.1,E2.1-R0,False,subwp,524,05,4,3735605905,exito,,513.504,0,0,"[0.0, -28.764229134460994]"
2825,goal_283,5,exito,16047,2532.75,05,subwp,524,1,E2.1,E2.1-R0,False,subwp,524,05,5,2846876167,exito,,513.504,0,0,"[0.0, -2.7937558248488537]"
2826,goal_283,6,col_return,10897,1517.96,05,subwp,524,1,E2.1,E2.1-R0,False,subwp,524,05,6,816231357,col_return,return,348.704,0,0,"[0.0, 6.842200674390444]"
2827,goal_283,7,exito,16037,2532.19,05,subwp,524,1,E2.1,E2.1-R0,False,subwp,524,05,7,1201767211,exito,,513.184,0,0,"[0.0, 9.273124282954825]"
2828,goal_283,8,exito,16047,2532.74,05,subwp,524,1,E2.1,E2.1-R0,False,subwp,524,05,8,3609108154,exito,,513.504,0,0,"[0.0, -9.165514153938954]"
2829,goal_283,9,exito,16047,2532.73,05,subwp,524,1,E2.1,E2.1-R0,False,subwp,524,05,9,2686037548,exito,,513.504,0,0,"[0.0, 29.967105130124942]"
2830,goal_283,10,exito,16048,2531.4,05,subwp,524,1,E2.1,E2.1-R0,False,subwp,524,05,10,242884708,exito,,513.536,0,0,"[0.0, -20.918202982401514]"
2831,goal_284,1,col_return,10853,1527.2,05,subwp,524,1,E2.1,E2.1-R0,False,subwp,524,05,1,2936032297,col_return,return,347.296,0,0,"[0.0, 14.410373009911677]"
2832,goal_284,2,exito,16051,2541.97,05,subwp,524,1,E2.1,E2.1-R0,False,subwp,524,05,2,906567059,exito,,513.632,0,0,"[0.0, -27.75460005969576]"
2833,goal_284,3,exito,16061,2542.24,05,subwp,524,1,E2.1,E2.1-R0,False,subwp,524,05,3,1091448069,exito,,513.952,0,0,"[0.0, -26.89903419543932]"
2834,goal_284,4,exito,16061,2541.58,05,subwp,524,1,E2.1,E2.1-R0,False,subwp,524,05,4,3748313254,exito,,513.952,0,0,"[0.0, 2.845233757363852]"
2835,goal_284,5,exito,16061,2540.51,05,subwp,524,1,E2.1,E2.1-R0,False,subwp,524,05,5,2825750576,exito,,513.952,0,0,"[0.0, -1.4747359932992898]"
2836,goal_284,6,col_return,10815,1516.16,05,subwp,524,1,E2.1,E2.1-R0,False,subwp,524,05,6,828692874,col_return,return,346.08,0,0,"[0.0, -29.823916873565036]"
2837,goal_284,7,exito,16050,2541.91,05,subwp,524,1,E2.1,E2.1-R0,False,subwp,524,05,7,1180952860,exito,,513.6,0,0,"[0.0, -12.389938032585434]"
2838,goal_284,8,exito,16061,2542.33,05,subwp,524,1,E2.1,E2.1-R0,False,subwp,524,05,8,3604804749,exito,,513.952,0,0,"[0.0, -21.87652052583411]"
2839,goal_284,9,exito,16061,2542.22,05,subwp,524,1,E2.1,E2.1-R0,False,subwp,524,05,9,2715534363,exito,,513.952,0,0,"[0.0, 5.9477557602349655]"
2840,goal_284,10,exito,16061,2539.57,05,subwp,524,1,E2.1,E2.1-R0,False,subwp,524,05,10,3066447617,exito,,513.952,0,0,"[0.0, 4.376459792077442]"
2841,goal_285,1,col_return,10670,1487.25,05,subwp,524,1,E2.1,E2.1-R0,False,subwp,524,05,1,2857327276,col_return,return,341.44,0,0,"[0.0, 11.861237891303823]"
2842,goal_285,2,exito,15813,2499.7,05,subwp,524,1,E2.1,E2.1-R0,False,subwp,524,05,2,860228374,exito,,506.016,0,0,"[0.0, -22.47317210266138]"
2843,goal_285,3,exito,15823,2499.7,05,subwp,524,1,E2.1,E2.1-R0,False,subwp,524,05,3,1145125760,exito,,506.336,0,0,"[0.0, -16.735158188593488]"
2844,goal_285,4,exito,15823,2499.73,05,subwp,524,1,E2.1,E2.1-R0,False,subwp,524,05,4,3659902499,exito,,506.336,0,0,"[0.0, -27.97938910569588]"
2845,goal_285,5,exito,15823,2499.71,05,subwp,524,1,E2.1,E2.1-R0,False,subwp,524,05,5,2904727221,exito,,506.336,0,0,"[0.0, -8.480368422051626]"
2846,goal_285,6,exito,15823,2499.7,05,subwp,524,1,E2.1,E2.1-R0,False,subwp,524,05,6,875286287,exito,,506.336,0,0,"[0.0, 24.543406819750842]"
2847,goal_285,7,col_return,10775,1505.54,05,subwp,524,1,E2.1,E2.1-R0,False,subwp,524,05,7,1127022489,col_return,return,344.8,0,0,"[0.0, -14.204938134478562]"
2848,goal_285,8,exito,15813,2499.44,05,subwp,524,1,E2.1,E2.1-R0,False,subwp,524,05,8,3549684232,exito,,506.016,0,0,"[0.0, -5.327818319559201]"
2849,goal_285,9,exito,15823,2499.69,05,subwp,524,1,E2.1,E2.1-R0,False,subwp,524,05,9,2761216670,exito,,506.336,0,0,"[0.0, -14.073449979269036]"
2850,goal_285,10,exito,15823,2499.69,05,subwp,524,1,E2.1,E2.1-R0,False,subwp,524,05,10,722567096,exito,,506.336,0,0,"[0.0, 23.498207217095587]"
2851,goal_286,1,exito,15829,2510.98,05,subwp,524,1,E2.1,E2.1-R0,False,subwp,524,05,1,2878156955,exito,,506.528,0,0,"[0.0, 26.273217636919163]"
2852,goal_286,2,exito,15829,2510.97,05,subwp,524,1,E2.1,E2.1-R0,False,subwp,524,05,2,847536417,exito,,506.528,0,0,"[0.0, -28.076878882740036]"
2853,goal_286,3,col_return,10833,1524.97,05,subwp,524,1,E2.1,E2.1-R0,False,subwp,524,05,3,1166234039,col_return,return,346.656,0,0,"[0.0, 28.020666772903382]"
2854,goal_286,4,exito,15819,2510.74,05,subwp,524,1,E2.1,E2.1-R0,False,subwp,524,05,4,3689399316,exito,,506.208,0,0,"[0.0, 3.05711381824735]"
2855,goal_286,5,exito,15829,2510.98,05,subwp,524,1,E2.1,E2.1-R0,False,subwp,524,05,5,2900423810,exito,,506.528,0,0,"[0.0, 5.6803012211928365]"
2856,goal_286,6,exito,15829,2510.97,05,subwp,524,1,E2.1,E2.1-R0,False,subwp,524,05,6,904504632,exito,,506.528,0,0,"[0.0, -10.577464049432121]"
2857,goal_286,7,exito,15829,2510.98,05,subwp,524,1,E2.1,E2.1-R0,False,subwp,524,05,7,1122932142,exito,,506.528,0,0,"[0.0, 0.4050074833505146]"
2858,goal_286,8,exito,15829,2510.97,05,subwp,524,1,E2.1,E2.1-R0,False,subwp,524,05,8,3528558655,exito,,506.528,0,0,"[0.0, -9.482797593084634]"
2859,goal_286,9,col_return,10846,1527.66,05,subwp,524,1,E2.1,E2.1-R0,False,subwp,524,05,9,2773924009,col_return,return,347.072,0,0,"[0.0, 14.416617407073032]"
2860,goal_286,10,exito,15819,2510.73,05,subwp,524,1,E2.1,E2.1-R0,False,subwp,524,05,10,2477594845,exito,,506.208,0,0,"[0.0, -22.653754036508623]"
2861,goal_287,1,exito,15573,2465.51,05,subwp,524,1,E2.1,E2.1-R0,False,subwp,524,05,1,2848689858,exito,,498.336,0,0,"[0.0, -23.236542435245987]"
2862,goal_287,2,exito,15573,2465.47,05,subwp,524,1,E2.1,E2.1-R0,False,subwp,524,05,2,818077560,exito,,498.336,0,0,"[0.0, -27.166206765420185]"
2863,goal_287,3,exito,15573,2465.49,05,subwp,524,1,E2.1,E2.1-R0,False,subwp,524,05,3,1204154350,exito,,498.336,0,0,"[0.0, 7.899149514348092]"
2864,goal_287,4,exito,15573,2465.48,05,subwp,524,1,E2.1,E2.1-R0,False,subwp,524,05,4,3651238477,exito,,498.336,0,0,"[0.0, -5.111878716944012]"
2865,goal_287,5,exito,15573,2465.51,05,subwp,524,1,E2.1,E2.1-R0,False,subwp,524,05,5,2930133723,exito,,498.336,0,0,"[0.0, 29.1364346946479]"
2866,goal_287,6,exito,15573,2465.46,05,subwp,524,1,E2.1,E2.1-R0,False,subwp,524,05,6,934222689,exito,,498.336,0,0,"[0.0, -4.833242837988645]"
2867,goal_287,7,exito,15573,2434.02,05,subwp,524,1,E2.1,E2.1-R0,False,subwp,524,05,7,1084763127,exito,,498.336,0,0,"[0.0, 4.388361689131834]"
2868,goal_287,8,col_return,10370,1450.53,05,subwp,524,1,E2.1,E2.1-R0,False,subwp,524,05,8,3491182182,col_return,return,331.84,0,0,"[0.0, 18.741404563404217]"
2869,goal_287,9,exito,15563,2465.25,05,subwp,524,1,E2.1,E2.1-R0,False,subwp,524,05,9,2802845424,exito,,498.016,0,0,"[0.0, -18.322927534964887]"
2870,goal_287,10,exito,15573,2465.47,05,subwp,524,1,E2.1,E2.1-R0,False,subwp,524,05,10,2165880627,exito,,498.336,0,0,"[0.0, 2.49113757012982]"
2871,goal_288,1,exito,15594,2474.27,05,subwp,524,1,E2.1,E2.1-R0,False,subwp,524,05,1,2819220725,exito,,499.008,0,0,"[0.0, -5.104252759332422]"
2872,goal_288,2,exito,15594,2474.29,05,subwp,524,1,E2.1,E2.1-R0,False,subwp,524,05,2,822129999,exito,,499.008,0,0,"[0.0, -24.570498020847733]"
2873,goal_288,3,exito,15594,2474.23,05,subwp,524,1,E2.1,E2.1-R0,False,subwp,524,05,3,1174898137,exito,,499.008,0,0,"[0.0, 7.775212912437723]"
2874,goal_288,4,exito,15594,2474.23,05,subwp,524,1,E2.1,E2.1-R0,False,subwp,524,05,4,3630370938,exito,,499.008,0,0,"[0.0, -0.4516562876533792]"
2875,goal_288,5,exito,15594,2473.3,05,subwp,524,1,E2.1,E2.1-R0,False,subwp,524,05,5,2942574828,exito,,499.008,0,0,"[0.0, -27.944881776302694]"
2876,goal_288,6,col_return,10679,1479.27,05,subwp,524,1,E2.1,E2.1-R0,False,subwp,524,05,6,913142102,col_return,return,341.728,0,0,"[0.0, -6.415018755524573]"
2877,goal_288,7,exito,15584,2473.97,05,subwp,524,1,E2.1,E2.1-R0,False,subwp,524,05,7,1097482688,exito,,498.688,0,0,"[0.0, 28.14112308238611]"
2878,goal_288,8,exito,15594,2474.23,05,subwp,524,1,E2.1,E2.1-R0,False,subwp,524,05,8,3520420945,exito,,499.008,0,0,"[0.0, -16.057001445208638]"
2879,goal_288,9,exito,15594,2474.27,05,subwp,524,1,E2.1,E2.1-R0,False,subwp,524,05,9,2798808263,exito,,499.008,0,0,"[0.0, -28.96734070891189]"
2880,goal_288,10,exito,15594,2473.65,05,subwp,524,1,E2.1,E2.1-R0,False,subwp,524,05,10,967102550,exito,,499.008,0,0,"[0.0, -7.227528196771857]"
2881,goal_289,1,exito,15346,2434.52,05,subwp,524,1,E2.1,E2.1-R0,False,subwp,524,05,1,2740298696,exito,,491.072,0,0,"[0.0, 13.765249643159095]"
2882,goal_289,2,exito,15345,2434.44,05,subwp,524,1,E2.1,E2.1-R0,False,subwp,524,05,2,979169906,exito,,491.04,0,0,"[0.0, -29.118466487678422]"
2883,goal_289,3,exito,15345,2434.25,05,subwp,524,1,E2.1,E2.1-R0,False,subwp,524,05,3,1297859300,exito,,491.04,0,0,"[0.0, -22.388453517520023]"
2884,goal_289,4,exito,15345,2434.25,05,subwp,524,1,E2.1,E2.1-R0,False,subwp,524,05,4,3544143687,exito,,491.04,0,0,"[0.0, 22.313679235266434]"
2885,goal_289,5,exito,15347,2434.17,05,subwp,524,1,E2.1,E2.1-R0,False,subwp,524,05,5,2755160017,exito,,491.104,0,0,"[0.0, 11.827308666549616]"
2886,goal_289,6,exito,15345,2432.65,05,subwp,524,1,E2.1,E2.1-R0,False,subwp,524,05,6,1026635371,exito,,491.04,0,0,"[0.0, -2.97039561473198]"
2887,goal_289,7,exito,15345,2409.17,05,subwp,524,1,E2.1,E2.1-R0,False,subwp,524,05,7,1245054717,exito,,491.04,0,0,"[0.0, -15.57651932097388]"
2888,goal_289,8,col_return,10274,1437.35,05,subwp,524,1,E2.1,E2.1-R0,False,subwp,524,05,8,3666418540,col_return,return,328.768,0,0,"[0.0, 23.28474105296749]"
2889,goal_289,9,exito,15336,2434.28,05,subwp,524,1,E2.1,E2.1-R0,False,subwp,524,05,9,2911775738,exito,,490.752,0,0,"[0.0, -12.269325028741228]"
2890,goal_289,10,exito,15346,2434.54,05,subwp,524,1,E2.1,E2.1-R0,False,subwp,524,05,10,1640480768,exito,,491.072,0,0,"[0.0, -6.118595678804642]"
2891,goal_290,1,exito,15354,2444.78,05,subwp,524,1,E2.1,E2.1-R0,False,subwp,524,05,1,2727856639,exito,,491.328,0,0,"[0.0, -12.840831342017545]"
2892,goal_290,2,exito,15354,2444.81,05,subwp,524,1,E2.1,E2.1-R0,False,subwp,524,05,2,1000249413,exito,,491.328,0,0,"[0.0, -13.70543720502506]"
2893,goal_290,3,exito,15354,2444.77,05,subwp,524,1,E2.1,E2.1-R0,False,subwp,524,05,3,1285138643,exito,,491.328,0,0,"[0.0, 9.699485902178983]"
2894,goal_290,4,exito,15354,2444.81,05,subwp,524,1,E2.1,E2.1-R0,False,subwp,524,05,4,3539811696,exito,,491.328,0,0,"[0.0, -8.596538056570864]"
2895,goal_290,5,exito,15354,2444.8,05,subwp,524,1,E2.1,E2.1-R0,False,subwp,524,05,5,2784628198,exito,,491.328,0,0,"[0.0, -27.032960866814015]"
2896,goal_290,6,exito,15354,2444.78,05,subwp,524,1,E2.1,E2.1-R0,False,subwp,524,05,6,1022581852,exito,,491.328,0,0,"[0.0, -6.523182322008079]"
2897,goal_290,7,exito,15354,2444.8,05,subwp,524,1,E2.1,E2.1-R0,False,subwp,524,05,7,1274309834,exito,,491.328,0,0,"[0.0, -12.695452194148993]"
2898,goal_290,8,exito,15354,2444.8,05,subwp,524,1,E2.1,E2.1-R0,False,subwp,524,05,8,3679154523,exito,,491.328,0,0,"[0.0, 9.550978950196667]"
2899,goal_290,9,exito,15354,2444.78,05,subwp,524,1,E2.1,E2.1-R0,False,subwp,524,05,9,2890678733,exito,,491.328,0,0,"[0.0, -9.739276730029818]"
2900,goal_290,10,exito,15354,2444.56,05,subwp,524,1,E2.1,E2.1-R0,False,subwp,524,05,10,3648759653,exito,,491.328,0,0,"[0.0, -5.849356700191506]"
2901,goal_291,1,exito,15104,2397.61,05,subwp,524,1,E2.1,E2.1-R0,False,subwp,524,05,1,368743701,exito,,483.328,0,0,"[0.0, 15.457564081153762]"
2902,goal_291,2,exito,15104,2395.69,05,subwp,524,1,E2.1,E2.1-R0,False,subwp,524,05,2,2364785839,exito,,483.328,0,0,"[0.0, -24.131877182755233]"
2903,goal_291,3,exito,15104,2391.42,05,subwp,524,1,E2.1,E2.1-R0,False,subwp,524,05,3,4227134521,exito,,483.328,0,0,"[0.0, -5.308082593150214]"
2904,goal_291,4,exito,15104,2382.96,05,subwp,524,1,E2.1,E2.1-R0,False,subwp,524,05,4,1703960986,exito,,483.328,0,0,"[0.0, -19.1335959116624]"
2905,goal_291,5,exito,15104,2368.46,05,subwp,524,1,E2.1,E2.1-R0,False,subwp,524,05,5,311906572,exito,,483.328,0,0,"[0.0, 2.7496499666909657]"
2906,goal_291,6,col_return,10134,1417.46,05,subwp,524,1,E2.1,E2.1-R0,False,subwp,524,05,6,2342387894,col_return,return,324.288,0,0,"[0.0, -22.78284382583195]"
2907,goal_291,7,exito,15096,2398.27,05,subwp,524,1,E2.1,E2.1-R0,False,subwp,524,05,7,4237897760,exito,,483.072,0,0,"[0.0, -1.1109346077212656]"
2908,goal_291,8,exito,15104,2398.81,05,subwp,524,1,E2.1,E2.1-R0,False,subwp,524,05,8,1814441393,exito,,483.328,0,0,"[0.0, -22.116792631094402]"
2909,goal_291,9,exito,15105,2398.22,05,subwp,524,1,E2.1,E2.1-R0,False,subwp,524,05,9,455154983,exito,,483.36,0,0,"[0.0, -5.541405546206399]"
2910,goal_291,10,exito,15104,2398.87,05,subwp,524,1,E2.1,E2.1-R0,False,subwp,524,05,10,2568208735,exito,,483.328,0,0,"[0.0, -6.513099703387468]"
2911,goal_292,1,exito,15112,2406.21,05,subwp,524,1,E2.1,E2.1-R0,False,subwp,524,05,1,339279650,exito,,483.584,0,0,"[0.0, -7.498315790230259]"
2912,goal_292,2,exito,15112,2406.16,05,subwp,524,1,E2.1,E2.1-R0,False,subwp,524,05,2,2368843416,exito,,483.584,0,0,"[0.0, 9.620060602136535]"
2913,goal_292,3,exito,15112,2406.21,05,subwp,524,1,E2.1,E2.1-R0,False,subwp,524,05,3,4197883406,exito,,483.584,0,0,"[0.0, 7.133848105446951]"
2914,goal_292,4,exito,15112,2406.18,05,subwp,524,1,E2.1,E2.1-R0,False,subwp,524,05,4,1683098541,exito,,483.584,0,0,"[0.0, -22.866616253874717]"
2915,goal_292,5,exito,15112,2406.16,05,subwp,524,1,E2.1,E2.1-R0,False,subwp,524,05,5,324352827,exito,,483.584,0,0,"[0.0, 29.10929279724277]"
2916,goal_292,6,exito,15112,2406.23,05,subwp,524,1,E2.1,E2.1-R0,False,subwp,524,05,6,2321312385,exito,,483.584,0,0,"[0.0, 11.26545379647419]"
2917,goal_292,7,exito,15112,2406.14,05,subwp,524,1,E2.1,E2.1-R0,False,subwp,524,05,7,4250622487,exito,,483.584,0,0,"[0.0, 20.94542029230124]"
2918,goal_292,8,exito,15112,2406.2,05,subwp,524,1,E2.1,E2.1-R0,False,subwp,524,05,8,1843677062,exito,,483.584,0,0,"[0.0, -27.94800218244589]"
2919,goal_292,9,exito,15112,2406.25,05,subwp,524,1,E2.1,E2.1-R0,False,subwp,524,05,9,451114768,exito,,483.584,0,0,"[0.0, 1.3985203671573299]"
2920,goal_292,10,exito,15112,2406.19,05,subwp,524,1,E2.1,E2.1-R0,False,subwp,524,05,10,565159482,exito,,483.584,0,0,"[0.0, -28.6507619556305]"
2921,goal_293,1,exito,14854,2361.74,05,subwp,524,1,E2.1,E2.1-R0,False,subwp,524,05,1,377373051,exito,,475.328,0,0,"[0.0, 27.669560611074953]"
2922,goal_293,2,exito,14854,2361.76,05,subwp,524,1,E2.1,E2.1-R0,False,subwp,524,05,2,2406944961,exito,,475.328,0,0,"[0.0, -13.88058207310486]"
2923,goal_293,3,exito,14855,2361.3,05,subwp,524,1,E2.1,E2.1-R0,False,subwp,524,05,3,4168097879,exito,,475.36,0,0,"[0.0, 25.896439464915538]"
2924,goal_293,4,exito,14854,2361.75,05,subwp,524,1,E2.1,E2.1-R0,False,subwp,524,05,4,1712633332,exito,,475.328,0,0,"[0.0, -24.640435638089453]"
2925,goal_293,5,exito,14854,2361.75,05,subwp,524,1,E2.1,E2.1-R0,False,subwp,524,05,5,286492002,exito,,475.328,0,0,"[0.0, 6.78954528726382]"
2926,goal_293,6,exito,14854,2361.74,05,subwp,524,1,E2.1,E2.1-R0,False,subwp,524,05,6,2283459800,exito,,475.328,0,0,"[0.0, -5.674636972852012]"
2927,goal_293,7,exito,14854,2361.72,05,subwp,524,1,E2.1,E2.1-R0,False,subwp,524,05,7,4280149070,exito,,475.328,0,0,"[0.0, -8.915212069230947]"
2928,goal_293,8,exito,14854,2361.76,05,subwp,524,1,E2.1,E2.1-R0,False,subwp,524,05,8,1872951775,exito,,475.328,0,0,"[0.0, 3.994838323438634]"
2929,goal_293,9,exito,14854,2361.73,05,subwp,524,1,E2.1,E2.1-R0,False,subwp,524,05,9,413518153,exito,,475.328,0,0,"[0.0, -3.5801669658274093]"
2930,goal_293,10,exito,14854,2361.76,05,subwp,524,1,E2.1,E2.1-R0,False,subwp,524,05,10,857344468,exito,,475.328,0,0,"[0.0, 0.18303921959419878]"
2931,goal_294,1,exito,14892,2372.61,05,subwp,524,1,E2.1,E2.1-R0,False,subwp,524,05,1,398207820,exito,,476.544,0,0,"[0.0, 17.07650798204055]"
2932,goal_294,2,exito,14892,2372.63,05,subwp,524,1,E2.1,E2.1-R0,False,subwp,524,05,2,2394258166,exito,,476.544,0,0,"[0.0, -16.72028037526556]"
2933,goal_294,3,exito,14892,2372.63,05,subwp,524,1,E2.1,E2.1-R0,False,subwp,524,05,3,4189211232,exito,,476.544,0,0,"[0.0, 20.963172591195306]"
2934,goal_294,4,exito,14892,2372.64,05,subwp,524,1,E2.1,E2.1-R0,False,subwp,524,05,4,1742135235,exito,,476.544,0,0,"[0.0, -22.387967716250607]"
2935,goal_294,5,exito,14892,2372.64,05,subwp,524,1,E2.1,E2.1-R0,False,subwp,524,05,5,282193749,exito,,476.544,0,0,"[0.0, 17.84265542143629]"
2936,goal_294,6,exito,14892,2372.63,05,subwp,524,1,E2.1,E2.1-R0,False,subwp,524,05,6,2312683247,exito,,476.544,0,0,"[0.0, 26.617885954489296]"
2937,goal_294,7,exito,14892,2340.03,05,subwp,524,1,E2.1,E2.1-R0,False,subwp,524,05,7,4276063865,exito,,476.544,0,0,"[0.0, -27.499460603001815]"
2938,goal_294,8,col_return,9039,1263.2,05,subwp,524,1,E2.1,E2.1-R0,False,subwp,524,05,8,1851823080,col_return,return,289.248,0,0,"[0.0, 19.98314983702048]"
2939,goal_294,9,exito,14882,2372.39,05,subwp,524,1,E2.1,E2.1-R0,False,subwp,524,05,9,426222462,exito,,476.224,0,0,"[0.0, 24.861403685112837]"
2940,goal_294,10,exito,14892,2372.6,05,subwp,524,1,E2.1,E2.1-R0,False,subwp,524,05,10,2342940337,exito,,476.544,0,0,"[0.0, -3.328213102321862]"
2941,goal_295,1,exito,14636,2335.51,05,subwp,524,1,E2.1,E2.1-R0,False,subwp,524,05,1,317930953,exito,,468.352,0,0,"[0.0, -21.422336890838743]"
2942,goal_295,2,exito,14637,2335.88,05,subwp,524,1,E2.1,E2.1-R0,False,subwp,524,05,2,2348444787,exito,,468.384,0,0,"[0.0, 9.807420316022919]"
2943,goal_295,3,exito,14636,2335.52,05,subwp,524,1,E2.1,E2.1-R0,False,subwp,524,05,3,4244462821,exito,,468.352,0,0,"[0.0, -26.55418094082258]"
2944,goal_295,4,col_return,8800,1228.27,05,subwp,524,1,E2.1,E2.1-R0,False,subwp,524,05,4,1654245702,col_return,return,281.6,0,0,"[0.0, -28.99853589154174]"
2945,goal_295,5,exito,14627,2335.64,05,subwp,524,1,E2.1,E2.1-R0,False,subwp,524,05,5,362740176,exito,,468.064,0,0,"[0.0, -25.3051752260301]"
2946,goal_295,6,exito,14636,2335.5,05,subwp,524,1,E2.1,E2.1-R0,False,subwp,524,05,6,2358749290,exito,,468.352,0,0,"[0.0, 24.589113542087734]"
2947,goal_295,7,exito,14636,2335.52,05,subwp,524,1,E2.1,E2.1-R0,False,subwp,524,05,7,4220557564,exito,,468.352,0,0,"[0.0, 14.817980695671437]"
2948,goal_295,8,exito,14636,2328.96,05,subwp,524,1,E2.1,E2.1-R0,False,subwp,524,05,8,1798276461,exito,,468.352,0,0,"[0.0, 19.241156498374586]"
2949,goal_295,9,col_return,8883,1238.73,05,subwp,524,1,E2.1,E2.1-R0,False,subwp,524,05,9,472430075,col_return,return,284.256,0,0,"[0.0, 25.62952352405231]"
2950,goal_295,10,exito,14627,2335.64,05,subwp,524,1,E2.1,E2.1-R0,False,subwp,524,05,10,376526344,exito,,468.064,0,0,"[0.0, 14.905196837665823]"
2951,goal_296,1,exito,14686,2349.9,05,subwp,524,1,E2.1,E2.1-R0,False,subwp,524,05,1,322000894,exito,,469.952,0,0,"[0.0, 5.33952986147283]"
2952,goal_296,2,exito,14686,2349.9,05,subwp,524,1,E2.1,E2.1-R0,False,subwp,524,05,2,2318927428,exito,,469.952,0,0,"[0.0, 25.44928013731907]"
2953,goal_296,3,exito,14686,2349.91,05,subwp,524,1,E2.1,E2.1-R0,False,subwp,524,05,3,4248778450,exito,,469.952,0,0,"[0.0, 28.410553677400696]"
2954,goal_296,4,col_return,8864,1242.61,05,subwp,524,1,E2.1,E2.1-R0,False,subwp,524,05,4,1666950001,col_return,return,283.648,0,0,"[0.0, -12.061823045369216]"
2955,goal_296,5,exito,14676,2349.67,05,subwp,524,1,E2.1,E2.1-R0,False,subwp,524,05,5,341611495,exito,,469.632,0,0,"[0.0, -19.009742875982866]"
2956,goal_296,6,exito,14686,2349.91,05,subwp,524,1,E2.1,E2.1-R0,False,subwp,524,05,6,2371207773,exito,,469.952,0,0,"[0.0, 25.68750342944917]"
2957,goal_296,7,exito,14686,2349.91,05,subwp,524,1,E2.1,E2.1-R0,False,subwp,524,05,7,4199740107,exito,,469.952,0,0,"[0.0, -29.939250726361372]"
2958,goal_296,8,exito,14686,2349.92,05,subwp,524,1,E2.1,E2.1-R0,False,subwp,524,05,8,1793978202,exito,,469.952,0,0,"[0.0, 18.693457234063164]"
2959,goal_296,9,exito,14687,2194.85,05,subwp,524,1,E2.1,E2.1-R0,False,subwp,524,05,9,501931980,exito,,469.984,0,0,"[0.0, 15.61617010543573]"
2960,goal_296,10,col_return,8975,1257.35,05,subwp,524,1,E2.1,E2.1-R0,False,subwp,524,05,10,2932683117,col_return,return,287.2,0,0,"[0.0, 26.37285188549203]"
2961,goal_297,1,exito,14412,2303.7,05,subwp,524,1,E2.1,E2.1-R0,False,subwp,524,05,1,293071271,exito,,461.184,0,0,"[0.0, 20.138578556593234]"
2962,goal_297,2,exito,14422,2303.9,05,subwp,524,1,E2.1,E2.1-R0,False,subwp,524,05,2,2290006045,exito,,461.504,0,0,"[0.0, 6.538398912341545]"
2963,goal_297,3,col_return,8691,1205.38,05,subwp,524,1,E2.1,E2.1-R0,False,subwp,524,05,3,4286154891,col_return,return,278.112,0,0,"[0.0, 15.480658996966156]"
2964,goal_297,4,exito,14412,2303.69,05,subwp,524,1,E2.1,E2.1-R0,False,subwp,524,05,4,1629297960,exito,,461.184,0,0,"[0.0, 7.94461702331001]"
2965,goal_297,5,exito,14422,2303.94,05,subwp,524,1,E2.1,E2.1-R0,False,subwp,524,05,5,370814398,exito,,461.504,0,0,"[0.0, 24.671706541897876]"
2966,goal_297,6,col_return,8678,1206.52,05,subwp,524,1,E2.1,E2.1-R0,False,subwp,524,05,6,2400418820,col_return,return,277.696,0,0,"[0.0, 14.325482758600383]"
2967,goal_297,7,exito,14412,2303.69,05,subwp,524,1,E2.1,E2.1-R0,False,subwp,524,05,7,4162079890,exito,,461.184,0,0,"[0.0, -3.7067724097312538]"
2968,goal_297,8,exito,14422,2303.88,05,subwp,524,1,E2.1,E2.1-R0,False,subwp,524,05,8,1756057859,exito,,461.504,0,0,"[0.0, 18.15156180314733]"
2969,goal_297,9,col_return,8670,1205.47,05,subwp,524,1,E2.1,E2.1-R0,False,subwp,524,05,9,531390869,col_return,return,277.44,0,0,"[0.0, -15.80408063852339]"
2970,goal_297,10,exito,14412,2303.68,05,subwp,524,1,E2.1,E2.1-R0,False,subwp,524,05,10,3162021507,exito,,461.184,0,0,"[0.0, 7.459263620386984]"
2971,goal_298,1,exito,14455,2316.84,05,subwp,524,1,E2.1,E2.1-R0,False,subwp,524,05,1,280331152,exito,,462.56,0,0,"[0.0, -12.499978289362268]"
2972,goal_298,2,col_return,8659,1213.36,05,subwp,524,1,E2.1,E2.1-R0,False,subwp,524,05,2,2310853162,col_return,return,277.088,0,0,"[0.0, 10.210666571548618]"
2973,goal_298,3,exito,14445,2316.63,05,subwp,524,1,E2.1,E2.1-R0,False,subwp,524,05,3,4273726140,exito,,462.24,0,0,"[0.0, 4.511692127933302]"
2974,goal_298,4,exito,14455,2316.83,05,subwp,524,1,E2.1,E2.1-R0,False,subwp,524,05,4,1625257759,exito,,462.56,0,0,"[0.0, 8.96047601598662]"
2975,goal_298,5,col_return,8634,1205.69,05,subwp,524,1,E2.1,E2.1-R0,False,subwp,524,05,5,400050057,col_return,return,276.288,0,0,"[0.0, 1.0428551058798097]"
2976,goal_298,6,exito,14445,2316.62,05,subwp,524,1,E2.1,E2.1-R0,False,subwp,524,05,6,2396067379,exito,,462.24,0,0,"[0.0, 12.80566080263931]"
2977,goal_298,7,exito,14455,2316.84,05,subwp,524,1,E2.1,E2.1-R0,False,subwp,524,05,7,4191561381,exito,,462.56,0,0,"[0.0, 3.7568835235402154]"
2978,goal_298,8,col_return,8617,1206.12,05,subwp,524,1,E2.1,E2.1-R0,False,subwp,524,05,8,1768504116,col_return,return,275.744,0,0,"[0.0, 19.79776516357234]"
2979,goal_298,9,exito,14445,2316.61,05,subwp,524,1,E2.1,E2.1-R0,False,subwp,524,05,9,510528418,exito,,462.24,0,0,"[0.0, 23.816599980511114]"
2980,goal_298,10,exito,14455,2316.81,05,subwp,524,1,E2.1,E2.1-R0,False,subwp,524,05,10,80017894,exito,,462.56,0,0,"[0.0, -1.9564799449008197]"
2981,goal_299,1,col_return,8500,1183.83,05,subwp,524,1,E2.1,E2.1-R0,False,subwp,524,05,1,468305069,col_return,return,272.0,0,0,"[0.0, -4.560682111810273]"
2982,goal_299,2,exito,14234,2279.39,05,subwp,524,1,E2.1,E2.1-R0,False,subwp,524,05,2,2195756311,exito,,455.488,0,0,"[0.0, 8.513576568529142]"
2983,goal_299,3,exito,14245,2109.2,05,subwp,524,1,E2.1,E2.1-R0,False,subwp,524,05,3,4125599105,exito,,455.84,0,0,"[0.0, 10.35876637257855]"
2984,goal_299,4,col_return,8758,1221.25,05,subwp,524,1,E2.1,E2.1-R0,False,subwp,524,05,4,1803759650,col_return,return,280.256,0,0,"[0.0, -15.651247473165695]"
2985,goal_299,5,exito,14234,2279.38,05,subwp,524,1,E2.1,E2.1-R0,False,subwp,524,05,5,478412980,exito,,455.488,0,0,"[0.0, 3.132246922831763]"
2986,goal_299,6,col_return,8513,1181.21,05,subwp,524,1,E2.1,E2.1-R0,False,subwp,524,05,6,2240631054,col_return,return,272.416,0,0,"[0.0, 9.372039063657283]"
2987,goal_299,7,exito,14234,2279.38,05,subwp,524,1,E2.1,E2.1-R0,False,subwp,524,05,7,4069155224,exito,,455.488,0,0,"[0.0, -15.942473777396298]"
2988,goal_299,8,exito,14251,2073.2,05,subwp,524,1,E2.1,E2.1-R0,False,subwp,524,05,8,1647672329,exito,,456.032,0,0,"[0.0, 29.93314381367931]"
2989,goal_299,9,col_return,8762,1221.46,05,subwp,524,1,E2.1,E2.1-R0,False,subwp,524,05,9,355617951,col_return,return,280.384,0,0,"[0.0, -21.36628779611825]"
2990,goal_299,10,exito,14234,2279.38,05,subwp,524,1,E2.1,E2.1-R0,False,subwp,524,05,10,1554508208,exito,,455.488,0,0,"[0.0, -11.16301807352542]"
2991,goal_300,1,col_return,8518,1197.93,05,subwp,524,1,E2.1,E2.1-R0,False,subwp,524,05,1,439070362,col_return,return,272.576,0,0,"[0.0, 13.902530974660108]"
2992,goal_300,2,exito,14245,2292.35,05,subwp,524,1,E2.1,E2.1-R0,False,subwp,524,05,2,2200108832,exito,,455.84,0,0,"[0.0, -27.43566779068709]"
2993,goal_300,3,exito,14255,2168.97,05,subwp,524,1,E2.1,E2.1-R0,False,subwp,524,05,3,4096118710,exito,,456.16,0,0,"[0.0, 7.146390984951374]"
2994,goal_300,4,col_return,8756,1231.79,05,subwp,524,1,E2.1,E2.1-R0,False,subwp,524,05,4,1782667797,col_return,return,280.192,0,0,"[0.0, 16.430064678003234]"
2995,goal_300,5,exito,14245,2292.36,05,subwp,524,1,E2.1,E2.1-R0,False,subwp,524,05,5,491154051,exito,,455.84,0,0,"[0.0, -10.413897640303972]"
2996,goal_300,6,col_return,8507,1195.2,05,subwp,524,1,E2.1,E2.1-R0,False,subwp,524,05,6,2219785017,col_return,return,272.224,0,0,"[0.0, 25.204415317848653]"
2997,goal_300,7,exito,14245,2292.31,05,subwp,524,1,E2.1,E2.1-R0,False,subwp,524,05,7,4081585071,exito,,455.84,0,0,"[0.0, 23.7013001620612]"
2998,goal_300,8,exito,14255,2200.69,05,subwp,524,1,E2.1,E2.1-R0,False,subwp,524,05,8,1677137470,exito,,456.16,0,0,"[0.0, -7.884772825712982]"
2999,goal_300,9,col_return,8749,1230.36,05,subwp,524,1,E2.1,E2.1-R0,False,subwp,524,05,9,351282856,col_return,return,279.968,0,0,"[0.0, -27.047674129207774]"
3000,goal_300,10,exito,14245,2292.31,05,subwp,524,1,E2.1,E2.1-R0,False,subwp,524,05,10,3827011285,exito,,455.84,0,0,"[0.0, 11.060862614810588]"
3001,goal_301,1,col_return,8573,1213.23,05,subwp,524,1,E2.1,E2.1-R0,False,subwp,524,05,1,1435693871,col_return,return,274.336,0,0,"[0.0, 18.44698466578332]"
3002,goal_301,2,exito,14385,2312.67,05,subwp,524,1,E2.1,E2.1-R0,False,subwp,524,05,2,3432751765,exito,,460.32,0,0,"[0.0, 7.274932145712456]"
3003,goal_301,3,exito,14395,2324.46,05,subwp,524,1,E2.1,E2.1-R0,False,subwp,524,05,3,3147600387,exito,,460.64,0,0,"[0.0, -5.883873569224562]"
3004,goal_301,4,col_return,8639,1228.95,05,subwp,524,1,E2.1,E2.1-R0,False,subwp,524,05,4,637011872,col_return,return,276.448,0,0,"[0.0, 2.2275938573107745]"
3005,goal_301,5,exito,14385,2317.89,05,subwp,524,1,E2.1,E2.1-R0,False,subwp,524,05,5,1392457526,exito,,460.32,0,0,"[0.0, -10.705832518446833]"
3006,goal_301,6,exito,14395,2324.51,05,subwp,524,1,E2.1,E2.1-R0,False,subwp,524,05,6,3421922956,exito,,460.64,0,0,"[0.0, -16.414668630049825]"
3007,goal_301,7,col_return,8685,1230.18,05,subwp,524,1,E2.1,E2.1-R0,False,subwp,524,05,7,3169932826,col_return,return,277.92,0,0,"[0.0, -9.58500924947944]"
3008,goal_301,8,exito,14385,2319.26,05,subwp,524,1,E2.1,E2.1-R0,False,subwp,524,05,8,743328651,exito,,460.32,0,0,"[0.0, -3.7332533300627224]"
3009,goal_301,9,exito,14395,2324.52,05,subwp,524,1,E2.1,E2.1-R0,False,subwp,524,05,9,1531542301,exito,,460.64,0,0,"[0.0, -15.75343367973586]"
3010,goal_301,10,col_return,8697,1234.57,05,subwp,524,1,E2.1,E2.1-R0,False,subwp,524,05,10,1600090251,col_return,return,278.304,0,0,"[0.0, 17.61771772707437]"
3011,goal_302,1,exito,14398,2293.47,05,subwp,524,1,E2.1,E2.1-R0,False,subwp,524,05,1,1414568216,exito,,460.736,0,0,"[0.0, 19.474882425542337]"
3012,goal_302,2,exito,14408,2320.85,05,subwp,524,1,E2.1,E2.1-R0,False,subwp,524,05,2,3445213346,exito,,461.056,0,0,"[0.0, 26.222353911471664]"
3013,goal_302,3,col_return,8701,1230.96,05,subwp,524,1,E2.1,E2.1-R0,False,subwp,524,05,3,3126786100,col_return,return,278.432,0,0,"[0.0, -0.19979447992735766]"
3014,goal_302,4,exito,14398,2292.47,05,subwp,524,1,E2.1,E2.1-R0,False,subwp,524,05,4,607808919,exito,,460.736,0,0,"[0.0, 11.53102964466256]"
3015,goal_302,5,exito,14408,2320.75,05,subwp,524,1,E2.1,E2.1-R0,False,subwp,524,05,5,1396530433,exito,,461.056,0,0,"[0.0, -8.7323402637511]"
3016,goal_302,6,col_return,8697,1229.74,05,subwp,524,1,E2.1,E2.1-R0,False,subwp,524,05,6,3392408763,col_return,return,278.304,0,0,"[0.0, 13.215667155945619]"
3017,goal_302,7,exito,14398,2291.88,05,subwp,524,1,E2.1,E2.1-R0,False,subwp,524,05,7,3174251565,exito,,460.736,0,0,"[0.0, 19.64243697639588]"
3018,goal_302,8,exito,14408,2320.69,05,subwp,524,1,E2.1,E2.1-R0,False,subwp,524,05,8,764158396,exito,,461.056,0,0,"[0.0, -16.330980447102725]"
3019,goal_302,9,col_return,8696,1228.44,05,subwp,524,1,E2.1,E2.1-R0,False,subwp,524,05,9,1519063338,col_return,return,278.272,0,0,"[0.0, -29.431272673378746]"
3020,goal_302,10,exito,14398,2291.37,05,subwp,524,1,E2.1,E2.1-R0,False,subwp,524,05,10,3890419694,exito,,460.736,0,0,"[0.0, -13.484565610260042]"
3021,goal_303,1,exito,14581,2338.42,05,subwp,524,1,E2.1,E2.1-R0,False,subwp,524,05,1,1444292417,exito,,466.592,0,0,"[0.0, 14.905356324958843]"
3022,goal_303,2,exito,14581,2285.28,05,subwp,524,1,E2.1,E2.1-R0,False,subwp,524,05,2,3474945787,exito,,466.592,0,0,"[0.0, 23.989383891325936]"
3023,goal_303,3,col_return,8903,1250.22,05,subwp,524,1,E2.1,E2.1-R0,False,subwp,524,05,3,3088598637,col_return,return,284.896,0,0,"[0.0, 4.787901917094828]"
3024,goal_303,4,exito,14571,2334.7,05,subwp,524,1,E2.1,E2.1-R0,False,subwp,524,05,4,645714894,exito,,466.272,0,0,"[0.0, 16.012336751137823]"
3025,goal_303,5,exito,14581,2338.26,05,subwp,524,1,E2.1,E2.1-R0,False,subwp,524,05,5,1367073624,exito,,466.592,0,0,"[0.0, -17.025979137828685]"
3026,goal_303,6,exito,14581,2338.27,05,subwp,524,1,E2.1,E2.1-R0,False,subwp,524,05,6,3362960098,exito,,466.592,0,0,"[0.0, -12.27243048426114]"
3027,goal_303,7,col_return,8832,1241.26,05,subwp,524,1,E2.1,E2.1-R0,False,subwp,524,05,7,3212149364,col_return,return,282.624,0,0,"[0.0, -10.7820742505507]"
3028,goal_303,8,exito,14571,2331.85,05,subwp,524,1,E2.1,E2.1-R0,False,subwp,524,05,8,801808357,exito,,466.272,0,0,"[0.0, -24.223033484620487]"
3029,goal_303,9,exito,14581,2338.24,05,subwp,524,1,E2.1,E2.1-R0,False,subwp,524,05,9,1489874803,exito,,466.592,0,0,"[0.0, 13.02388936302048]"
3030,goal_303,10,exito,14581,2338.62,05,subwp,524,1,E2.1,E2.1-R0,False,subwp,524,05,10,4116101120,exito,,466.592,0,0,"[0.0, -24.523304542713124]"
3031,goal_304,1,col_return,8785,1237.18,05,subwp,524,1,E2.1,E2.1-R0,False,subwp,524,05,1,1473531254,col_return,return,281.12,0,0,"[0.0, -17.623853236705894]"
3032,goal_304,2,exito,14546,2330.25,05,subwp,524,1,E2.1,E2.1-R0,False,subwp,524,05,2,3470597324,exito,,465.472,0,0,"[0.0, 19.732491662611537]"
3033,goal_304,3,exito,14556,2337.98,05,subwp,524,1,E2.1,E2.1-R0,False,subwp,524,05,3,3118083162,exito,,465.792,0,0,"[0.0, 17.603933718705814]"
3034,goal_304,4,exito,14556,2338.55,05,subwp,524,1,E2.1,E2.1-R0,False,subwp,524,05,4,666810873,exito,,465.792,0,0,"[0.0, 29.784482914734124]"
3035,goal_304,5,col_return,8812,1242.22,05,subwp,524,1,E2.1,E2.1-R0,False,subwp,524,05,5,1354336623,col_return,return,281.984,0,0,"[0.0, -8.542826129086452]"
3036,goal_304,6,exito,14546,2331.6,05,subwp,524,1,E2.1,E2.1-R0,False,subwp,524,05,6,3383810261,exito,,465.472,0,0,"[0.0, 22.18727936604128]"
3037,goal_304,7,exito,14556,2338.04,05,subwp,524,1,E2.1,E2.1-R0,False,subwp,524,05,7,3199723587,exito,,465.792,0,0,"[0.0, -4.700076914254254]"
3038,goal_304,8,exito,14556,2338.54,05,subwp,524,1,E2.1,E2.1-R0,False,subwp,524,05,8,772339154,exito,,465.792,0,0,"[0.0, 14.284861698758933]"
3039,goal_304,9,col_return,8824,1240.64,05,subwp,524,1,E2.1,E2.1-R0,False,subwp,524,05,9,1494205764,col_return,return,282.368,0,0,"[0.0, 2.067913077965129]"
3040,goal_304,10,exito,14546,2332.18,05,subwp,524,1,E2.1,E2.1-R0,False,subwp,524,05,10,1307238245,exito,,465.472,0,0,"[0.0, 22.715608603685492]"
3041,goal_305,1,exito,14852,2369.03,05,subwp,524,1,E2.1,E2.1-R0,False,subwp,524,05,1,1385913331,exito,,475.264,0,0,"[0.0, 21.177685816096727]"
3042,goal_305,2,exito,14852,2369.02,05,subwp,524,1,E2.1,E2.1-R0,False,subwp,524,05,2,3415345737,exito,,475.264,0,0,"[0.0, 26.115813926642574]"
3043,goal_305,3,exito,14855,2368.83,05,subwp,524,1,E2.1,E2.1-R0,False,subwp,524,05,3,3163896543,exito,,475.36,0,0,"[0.0, -14.159571892024044]"
3044,goal_305,4,exito,14852,2369.05,05,subwp,524,1,E2.1,E2.1-R0,False,subwp,524,05,4,586264444,exito,,475.264,0,0,"[0.0, -21.10647663713742]"
3045,goal_305,5,exito,14855,2368.82,05,subwp,524,1,E2.1,E2.1-R0,False,subwp,524,05,5,1442226154,exito,,475.36,0,0,"[0.0, -9.901037074052157]"
3046,goal_305,6,exito,14852,2369.04,05,subwp,524,1,E2.1,E2.1-R0,False,subwp,524,05,6,3439316560,exito,,475.264,0,0,"[0.0, -25.116389933220344]"
3047,goal_305,7,exito,14855,2288.77,05,subwp,524,1,E2.1,E2.1-R0,False,subwp,524,05,7,3153657542,exito,,475.36,0,0,"[0.0, 18.1300678322485]"
3048,goal_305,8,col_return,9039,1262.82,05,subwp,524,1,E2.1,E2.1-R0,False,subwp,524,05,8,726131543,col_return,return,289.248,0,0,"[0.0, -27.600135591097928]"
3049,goal_305,9,exito,14845,2358.99,05,subwp,524,1,E2.1,E2.1-R0,False,subwp,524,05,9,1547752385,exito,,475.04,0,0,"[0.0, 22.896303282960137]"
3050,goal_305,10,exito,14856,2365.54,05,subwp,524,1,E2.1,E2.1-R0,False,subwp,524,05,10,3493717980,exito,,475.392,0,0,"[0.0, -3.0943681036310355]"
3051,goal_306,1,exito,14820,2372.84,05,subwp,524,1,E2.1,E2.1-R0,False,subwp,524,05,1,1398354372,exito,,474.24,0,0,"[0.0, 22.615867673898865]"
3052,goal_306,2,exito,14822,2373.2,05,subwp,524,1,E2.1,E2.1-R0,False,subwp,524,05,2,3394265214,exito,,474.304,0,0,"[0.0, -7.814004434939122]"
3053,goal_306,3,exito,14820,2373.42,05,subwp,524,1,E2.1,E2.1-R0,False,subwp,524,05,3,3176616168,exito,,474.24,0,0,"[0.0, -21.89487640456089]"
3054,goal_306,4,exito,14820,2373.49,05,subwp,524,1,E2.1,E2.1-R0,False,subwp,524,05,4,590595403,exito,,474.24,0,0,"[0.0, -27.480049460139682]"
3055,goal_306,5,exito,14820,2373.48,05,subwp,524,1,E2.1,E2.1-R0,False,subwp,524,05,5,1412756957,exito,,474.24,0,0,"[0.0, 13.853563125523571]"
3056,goal_306,6,exito,14820,2373.48,05,subwp,524,1,E2.1,E2.1-R0,False,subwp,524,05,6,3443369063,exito,,474.24,0,0,"[0.0, -10.89282739909346]"
3057,goal_306,7,exito,14820,2277.62,05,subwp,524,1,E2.1,E2.1-R0,False,subwp,524,05,7,3124401393,exito,,474.24,0,0,"[0.0, 7.032870181759108]"
3058,goal_306,8,col_return,9033,1269.77,05,subwp,524,1,E2.1,E2.1-R0,False,subwp,524,05,8,713394528,col_return,return,289.056,0,0,"[0.0, 16.774557369474927]"
3059,goal_306,9,exito,14810,2364.65,05,subwp,524,1,E2.1,E2.1-R0,False,subwp,524,05,9,1568848374,exito,,473.92,0,0,"[0.0, -8.986452862215405]"
3060,goal_306,10,exito,14820,2371.68,05,subwp,524,1,E2.1,E2.1-R0,False,subwp,524,05,10,1753317561,exito,,474.24,0,0,"[0.0, 12.149376629750428]"
3061,goal_307,1,exito,15057,2399.96,05,subwp,524,1,E2.1,E2.1-R0,False,subwp,524,05,1,1361022877,exito,,481.824,0,0,"[0.0, -9.111587978695002]"
3062,goal_307,2,exito,15057,2399.47,05,subwp,524,1,E2.1,E2.1-R0,False,subwp,524,05,2,3356941863,exito,,481.824,0,0,"[0.0, -0.7792779763718283]"
3063,goal_307,3,exito,15057,2399.02,05,subwp,524,1,E2.1,E2.1-R0,False,subwp,524,05,3,3205623473,exito,,481.824,0,0,"[0.0, -22.57500981528189]"
3064,goal_307,4,exito,15057,2398.25,05,subwp,524,1,E2.1,E2.1-R0,False,subwp,524,05,4,561347346,exito,,481.824,0,0,"[0.0, -22.98582213222871]"
3065,goal_307,5,exito,15057,2396.98,05,subwp,524,1,E2.1,E2.1-R0,False,subwp,524,05,5,1450331012,exito,,481.824,0,0,"[0.0, 19.35944262605694]"
3066,goal_307,6,exito,15057,2395.1,05,subwp,524,1,E2.1,E2.1-R0,False,subwp,524,05,6,3480951358,exito,,481.824,0,0,"[0.0, -15.995993417741559]"
3067,goal_307,7,exito,15057,2392.07,05,subwp,524,1,E2.1,E2.1-R0,False,subwp,524,05,7,3095145128,exito,,481.824,0,0,"[0.0, -24.445588362074407]"
3068,goal_307,8,exito,15057,2387.45,05,subwp,524,1,E2.1,E2.1-R0,False,subwp,524,05,8,683882297,exito,,481.824,0,0,"[0.0, 18.478208894459346]"
3069,goal_307,9,exito,15057,2380.46,05,subwp,524,1,E2.1,E2.1-R0,False,subwp,524,05,9,1606682543,exito,,481.824,0,0,"[0.0, -5.261721504137029]"
3070,goal_307,10,exito,15057,2370.11,05,subwp,524,1,E2.1,E2.1-R0,False,subwp,524,05,10,2050240343,exito,,481.824,0,0,"[0.0, -12.902002929281362]"
3071,goal_308,1,col_approach,2894,247.86,05,subwp,524,1,E2.1,E2.1-R0,False,subwp,524,05,1,1356719530,col_approach,approach,92.608,0,0,"[0.0, -14.831782822887824]"
3072,goal_308,2,exito,15094,2412.06,05,subwp,524,1,E2.1,E2.1-R0,False,subwp,524,05,2,3386160144,exito,,483.008,0,0,"[0.0, 9.270744828972024]"
3073,goal_308,3,exito,15105,2412.36,05,subwp,524,1,E2.1,E2.1-R0,False,subwp,524,05,3,3201533062,exito,,483.36,0,0,"[0.0, 29.349919887980047]"
3074,goal_308,4,exito,15105,2411.86,05,subwp,524,1,E2.1,E2.1-R0,False,subwp,524,05,4,548868389,exito,,483.36,0,0,"[0.0, -23.75599202423197]"
3075,goal_308,5,exito,15105,2411.53,05,subwp,524,1,E2.1,E2.1-R0,False,subwp,524,05,5,1471160755,exito,,483.36,0,0,"[0.0, 27.08888234645187]"
3076,goal_308,6,exito,15105,2410.47,05,subwp,524,1,E2.1,E2.1-R0,False,subwp,524,05,6,3468259337,exito,,483.36,0,0,"[0.0, 11.592638234897102]"
3077,goal_308,7,exito,15105,2408.28,05,subwp,524,1,E2.1,E2.1-R0,False,subwp,524,05,7,3116253343,exito,,483.36,0,0,"[0.0, -0.7239864078736491]"
3078,goal_308,8,exito,15105,2404.04,05,subwp,524,1,E2.1,E2.1-R0,False,subwp,524,05,8,687955214,exito,,483.36,0,0,"[0.0, 2.001583762417365]"
3079,goal_308,9,exito,15105,2394.67,05,subwp,524,1,E2.1,E2.1-R0,False,subwp,524,05,9,1577479576,exito,,483.36,0,0,"[0.0, -23.088058530302355]"
3080,goal_308,10,exito,15105,2379.55,05,subwp,524,1,E2.1,E2.1-R0,False,subwp,524,05,10,3263711282,exito,,483.36,0,0,"[0.0, 20.335613263364156]"
3081,goal_309,1,col_return,10216,1433.07,05,subwp,524,1,E2.1,E2.1-R0,False,subwp,524,05,1,1535222423,col_return,return,326.912,0,0,"[0.0, -7.8795675965117296]"
3082,goal_309,2,exito,15254,2428.85,05,subwp,524,1,E2.1,E2.1-R0,False,subwp,524,05,2,3263755053,exito,,488.128,0,0,"[0.0, 9.885773032579772]"
3083,goal_309,3,exito,15264,2429.08,05,subwp,524,1,E2.1,E2.1-R0,False,subwp,524,05,3,3046097851,exito,,488.448,0,0,"[0.0, 20.07118285863919]"
3084,goal_309,4,exito,15264,2427.69,05,subwp,524,1,E2.1,E2.1-R0,False,subwp,524,05,4,736843288,exito,,488.448,0,0,"[0.0, 29.512966509709965]"
3085,goal_309,5,exito,15264,2415.16,05,subwp,524,1,E2.1,E2.1-R0,False,subwp,524,05,5,1558996622,exito,,488.448,0,0,"[0.0, 6.4388846704876235]"
3086,goal_309,6,col_approach,2828,236.11,05,subwp,524,1,E2.1,E2.1-R0,False,subwp,524,05,6,3320133428,col_approach,approach,90.496,0,0,"[0.0, 28.117977802467454]"
3087,goal_309,7,exito,15254,2428.79,05,subwp,524,1,E2.1,E2.1-R0,False,subwp,524,05,7,3001157538,exito,,488.128,0,0,"[0.0, -8.13676686944213]"
3088,goal_309,8,exito,15264,2427.09,05,subwp,524,1,E2.1,E2.1-R0,False,subwp,524,05,8,576526899,exito,,488.448,0,0,"[0.0, -25.24142318515874]"
3089,goal_309,9,exito,15264,2412.84,05,subwp,524,1,E2.1,E2.1-R0,False,subwp,524,05,9,1431972517,exito,,488.448,0,0,"[0.0, -21.427209306702622]"
3090,goal_309,10,col_return,10266,1446.91,05,subwp,524,1,E2.1,E2.1-R0,False,subwp,524,05,10,2599114852,col_return,return,328.512,0,0,"[0.0, -4.831481791819227]"
3091,goal_310,1,exito,15278,2438.89,05,subwp,524,1,E2.1,E2.1-R0,False,subwp,524,05,1,1514391712,exito,,488.896,0,0,"[0.0, -12.08637998126536]"
3092,goal_310,2,exito,15288,2439.1,05,subwp,524,1,E2.1,E2.1-R0,False,subwp,524,05,2,3276445978,exito,,489.216,0,0,"[0.0, 18.462446984614388]"
3093,goal_310,3,exito,15288,2437.96,05,subwp,524,1,E2.1,E2.1-R0,False,subwp,524,05,3,3024988556,exito,,489.216,0,0,"[0.0, 5.9170721985531705]"
3094,goal_310,4,exito,15288,2424.88,05,subwp,524,1,E2.1,E2.1-R0,False,subwp,524,05,4,707345455,exito,,489.216,0,0,"[0.0, 0.7877792539958706]"
3095,goal_310,5,col_approach,2816,235.02,05,subwp,524,1,E2.1,E2.1-R0,False,subwp,524,05,5,1563299001,col_approach,approach,90.112,0,0,"[0.0, -7.840043170017584]"
3096,goal_310,6,exito,15278,2438.83,05,subwp,524,1,E2.1,E2.1-R0,False,subwp,524,05,6,3290914051,exito,,488.896,0,0,"[0.0, -25.974594021144743]"
3097,goal_310,7,exito,15288,2435.62,05,subwp,524,1,E2.1,E2.1-R0,False,subwp,524,05,7,3005246869,exito,,489.216,0,0,"[0.0, -0.9619706336337486]"
3098,goal_310,8,exito,15288,2410.96,05,subwp,524,1,E2.1,E2.1-R0,False,subwp,524,05,8,597651460,exito,,489.216,0,0,"[0.0, -4.2723450969538685]"
3099,goal_310,9,col_return,10239,1445.22,05,subwp,524,1,E2.1,E2.1-R0,False,subwp,524,05,9,1419264146,col_return,return,327.648,0,0,"[0.0, 4.037486276005017]"
3100,goal_310,10,exito,15278,2438.88,05,subwp,524,1,E2.1,E2.1-R0,False,subwp,524,05,10,576143105,exito,,488.896,0,0,"[0.0, -2.3867916061839733]"
3101,goal_311,1,exito,15517,2464.52,05,subwp,524,1,E2.1,E2.1-R0,False,subwp,524,05,1,3979252810,exito,,496.544,0,0,"[0.0, -23.491912039954936]"
3102,goal_311,2,exito,15517,2450.24,05,subwp,524,1,E2.1,E2.1-R0,False,subwp,524,05,2,1948763632,exito,,496.544,0,0,"[0.0, -4.961296887361315]"
3103,goal_311,3,exito,15518,2449.15,05,subwp,524,1,E2.1,E2.1-R0,False,subwp,524,05,3,52491622,exito,,496.576,0,0,"[0.0, 17.421599449892984]"
3104,goal_311,4,exito,15517,2464.52,05,subwp,524,1,E2.1,E2.1-R0,False,subwp,524,05,4,2638504133,exito,,496.544,0,0,"[0.0, -9.365865688245236]"
3105,goal_311,5,col_approach,2795,220.22,05,subwp,524,1,E2.1,E2.1-R0,False,subwp,524,05,5,3930280019,col_approach,approach,89.44,0,0,"[0.0, 22.84220945350762]"
3106,goal_311,6,col_return,10156,1423.92,05,subwp,524,1,E2.1,E2.1-R0,False,subwp,524,05,6,1934229993,col_return,return,324.992,0,0,"[0.0, 17.715540795250188]"
3107,goal_311,7,exito,15507,2464.3,05,subwp,524,1,E2.1,E2.1-R0,False,subwp,524,05,7,72167807,exito,,496.224,0,0,"[0.0, -14.71388217610266]"
3108,goal_311,8,exito,15517,2448.38,05,subwp,524,1,E2.1,E2.1-R0,False,subwp,524,05,8,2498899182,exito,,496.544,0,0,"[0.0, 21.618787251229456]"
3109,goal_311,9,exito,15517,2452.91,05,subwp,524,1,E2.1,E2.1-R0,False,subwp,524,05,9,3824491640,exito,,496.544,0,0,"[0.0, -1.5586683943801716]"
3110,goal_311,10,exito,15517,2464.56,05,subwp,524,1,E2.1,E2.1-R0,False,subwp,524,05,10,1648318779,exito,,496.544,0,0,"[0.0, -15.010674943787132]"
3111,goal_312,1,col_approach,2788,221.61,05,subwp,524,1,E2.1,E2.1-R0,False,subwp,524,05,1,3974954621,col_approach,approach,89.216,0,0,"[0.0, -19.0760198238664]"
3112,goal_312,2,col_return,10161,1429.94,05,subwp,524,1,E2.1,E2.1-R0,False,subwp,524,05,2,1977987015,col_return,return,325.152,0,0,"[0.0, 7.901537586881313]"
3113,goal_312,3,exito,15519,2470.1,05,subwp,524,1,E2.1,E2.1-R0,False,subwp,524,05,3,48406353,exito,,496.608,0,0,"[0.0, 5.491375426681917]"
3114,goal_312,4,exito,15529,2450.8,05,subwp,524,1,E2.1,E2.1-R0,False,subwp,524,05,4,2626030322,exito,,496.928,0,0,"[0.0, 12.340542280673418]"
3115,goal_312,5,exito,15528,2460.54,05,subwp,524,1,E2.1,E2.1-R0,False,subwp,524,05,5,3951114852,exito,,496.896,0,0,"[0.0, 1.573477502976206]"
3116,goal_312,6,exito,15529,2470.35,05,subwp,524,1,E2.1,E2.1-R0,False,subwp,524,05,6,1921543134,exito,,496.928,0,0,"[0.0, -17.052878955146106]"
3117,goal_312,7,exito,15528,2425.07,05,subwp,524,1,E2.1,E2.1-R0,False,subwp,524,05,7,93281096,exito,,496.896,0,0,"[0.0, 13.379536306976307]"
3118,goal_312,8,exito,15527,2470.0,05,subwp,524,1,E2.1,E2.1-R0,False,subwp,524,05,8,2502969049,exito,,496.864,0,0,"[0.0, 13.625160902261433]"
3119,goal_312,9,exito,15529,2470.35,05,subwp,524,1,E2.1,E2.1-R0,False,subwp,524,05,9,3795285583,exito,,496.928,0,0,"[0.0, -27.620378550268747]"
3120,goal_312,10,exito,15527,2463.73,05,subwp,524,1,E2.1,E2.1-R0,False,subwp,524,05,10,3666034270,exito,,496.864,0,0,"[0.0, 21.895731074300144]"
3121,goal_313,1,col_return,10572,1483.01,05,subwp,524,1,E2.1,E2.1-R0,False,subwp,524,05,1,4004134948,col_return,return,338.304,0,0,"[0.0, 5.7682206552209125]"
3122,goal_313,2,exito,15715,2495.28,05,subwp,524,1,E2.1,E2.1-R0,False,subwp,524,05,2,2007175582,exito,,502.88,0,0,"[0.0, -22.606002869800797]"
3123,goal_313,3,exito,15725,2476.97,05,subwp,524,1,E2.1,E2.1-R0,False,subwp,524,05,3,10756360,exito,,503.2,0,0,"[0.0, 20.14092504136064]"
3124,goal_313,4,exito,15725,2493.6,05,subwp,524,1,E2.1,E2.1-R0,False,subwp,524,05,4,2663429291,exito,,503.2,0,0,"[0.0, -6.182903574192153]"
3125,goal_313,5,col_approach,2844,228.16,05,subwp,524,1,E2.1,E2.1-R0,False,subwp,524,05,5,3922166845,col_approach,approach,91.008,0,0,"[0.0, 9.718543218439326]"
3126,goal_313,6,col_return,10272,1440.34,05,subwp,524,1,E2.1,E2.1-R0,False,subwp,524,05,6,1892603271,col_return,return,328.704,0,0,"[0.0, 10.954279967382076]"
3127,goal_313,7,exito,15715,2495.25,05,subwp,524,1,E2.1,E2.1-R0,False,subwp,524,05,7,130671889,exito,,502.88,0,0,"[0.0, 23.672323847963675]"
3128,goal_313,8,col_approach,2798,239.54,05,subwp,524,1,E2.1,E2.1-R0,False,subwp,524,05,8,2541156480,col_approach,approach,89.536,0,0,"[0.0, 8.481445077260732]"
3129,goal_313,9,exito,15715,2482.88,05,subwp,524,1,E2.1,E2.1-R0,False,subwp,524,05,9,3765553174,exito,,502.88,0,0,"[0.0, -13.940679373797115]"
3130,goal_313,10,col_return,10527,1478.72,05,subwp,524,1,E2.1,E2.1-R0,False,subwp,524,05,10,3359019440,col_return,return,336.864,0,0,"[0.0, -13.332513308200982]"
3131,goal_314,1,exito,15726,2501.44,05,subwp,524,1,E2.1,E2.1-R0,False,subwp,524,05,1,4016581139,exito,,503.232,0,0,"[0.0, 6.275218156448588]"
3132,goal_314,2,exito,15736,2473.73,05,subwp,524,1,E2.1,E2.1-R0,False,subwp,524,05,2,1986100137,exito,,503.552,0,0,"[0.0, -15.2734037483218]"
3133,goal_314,3,exito,15736,2500.87,05,subwp,524,1,E2.1,E2.1-R0,False,subwp,524,05,3,23481151,exito,,503.552,0,0,"[0.0, -6.531501329393013]"
3134,goal_314,4,col_approach,2820,198.77,05,subwp,524,1,E2.1,E2.1-R0,False,subwp,524,05,4,2667765404,col_approach,approach,90.24,0,0,"[0.0, 28.89444812446977]"
3135,goal_314,5,col_return,10252,1443.64,05,subwp,524,1,E2.1,E2.1-R0,False,subwp,524,05,5,3892702730,col_return,return,328.064,0,0,"[0.0, 13.701951709325117]"
3136,goal_314,6,exito,15726,2501.08,05,subwp,524,1,E2.1,E2.1-R0,False,subwp,524,05,6,1896660912,exito,,503.232,0,0,"[0.0, 27.26151439192046]"
3137,goal_314,7,exito,15743,2454.87,05,subwp,524,1,E2.1,E2.1-R0,False,subwp,524,05,7,101420838,exito,,503.776,0,0,"[0.0, 5.083304988330557]"
3138,goal_314,8,exito,15736,2501.65,05,subwp,524,1,E2.1,E2.1-R0,False,subwp,524,05,8,2528416439,exito,,503.552,0,0,"[0.0, 18.557687677357727]"
3139,goal_314,9,exito,15736,2501.57,05,subwp,524,1,E2.1,E2.1-R0,False,subwp,524,05,9,3786646049,exito,,503.552,0,0,"[0.0, -1.0823037325391072]"
3140,goal_314,10,exito,15736,2501.66,05,subwp,524,1,E2.1,E2.1-R0,False,subwp,524,05,10,1888155349,exito,,503.552,0,0,"[0.0, 22.184702764583093]"
3141,goal_315,1,col_return,10919,1529.23,05,subwp,524,1,E2.1,E2.1-R0,False,subwp,524,05,1,3928439958,col_return,return,349.408,0,0,"[0.0, 4.105678945211945]"
3142,goal_315,2,exito,15975,2530.18,05,subwp,524,1,E2.1,E2.1-R0,False,subwp,524,05,2,1932422444,exito,,511.2,0,0,"[0.0, -6.328197144392154]"
3143,goal_315,3,col_approach,2847,242.98,05,subwp,524,1,E2.1,E2.1-R0,False,subwp,524,05,3,69819834,col_approach,approach,91.104,0,0,"[0.0, -5.156457207802956]"
3144,goal_315,4,exito,15976,2490.77,05,subwp,524,1,E2.1,E2.1-R0,False,subwp,524,05,4,2588788761,exito,,511.232,0,0,"[0.0, 19.343440384716494]"
3145,goal_315,5,col_return,10546,1479.02,05,subwp,524,1,E2.1,E2.1-R0,False,subwp,524,05,5,3981113487,col_return,return,337.472,0,0,"[0.0, 18.9655101389474]"
3146,goal_315,6,exito,15975,2530.33,05,subwp,524,1,E2.1,E2.1-R0,False,subwp,524,05,6,1950591285,exito,,511.2,0,0,"[0.0, 23.921306849053742]"
3147,goal_315,7,exito,15985,2520.06,05,subwp,524,1,E2.1,E2.1-R0,False,subwp,524,05,7,54827427,exito,,511.52,0,0,"[0.0, -22.970666023037587]"
3148,goal_315,8,col_approach,2788,223.28,05,subwp,524,1,E2.1,E2.1-R0,False,subwp,524,05,8,2482734130,col_approach,approach,89.216,0,0,"[0.0, 17.068390901026394]"
3149,goal_315,9,col_return,10394,1458.93,05,subwp,524,1,E2.1,E2.1-R0,False,subwp,524,05,9,3841766564,col_return,return,332.608,0,0,"[0.0, 18.282430793681392]"
3150,goal_315,10,exito,15975,2529.0,05,subwp,524,1,E2.1,E2.1-R0,False,subwp,524,05,10,3982347884,exito,,511.2,0,0,"[0.0, 22.716511142877735]"
3151,goal_316,1,exito,16006,2535.78,05,subwp,524,1,E2.1,E2.1-R0,False,subwp,524,05,1,3957675681,exito,,512.192,0,0,"[0.0, 4.058259975030449]"
3152,goal_316,2,exito,16006,2529.83,05,subwp,524,1,E2.1,E2.1-R0,False,subwp,524,05,2,1928070939,exito,,512.192,0,0,"[0.0, -0.821035843827449]"
3153,goal_316,3,exito,16006,2533.26,05,subwp,524,1,E2.1,E2.1-R0,False,subwp,524,05,3,99301261,exito,,512.192,0,0,"[0.0, 3.1201408525182184]"
3154,goal_316,4,col_return,10721,1506.05,05,subwp,524,1,E2.1,E2.1-R0,False,subwp,524,05,4,2609881646,col_return,return,343.072,0,0,"[0.0, -21.039527964197596]"
3155,goal_316,5,exito,15996,2538.61,05,subwp,524,1,E2.1,E2.1-R0,False,subwp,524,05,5,3968373432,exito,,511.872,0,0,"[0.0, 16.428116813945852]"
3156,goal_316,6,exito,16011,2512.59,05,subwp,524,1,E2.1,E2.1-R0,False,subwp,524,05,6,1971438338,exito,,512.352,0,0,"[0.0, 11.487174698376831]"
3157,goal_316,7,exito,16006,2481.48,05,subwp,524,1,E2.1,E2.1-R0,False,subwp,524,05,7,42398612,exito,,512.192,0,0,"[0.0, 28.88810870123968]"
3158,goal_316,8,exito,16006,2538.41,05,subwp,524,1,E2.1,E2.1-R0,False,subwp,524,05,8,2453270021,exito,,512.192,0,0,"[0.0, -12.484066766563949]"
3159,goal_316,9,col_return,10846,1525.57,05,subwp,524,1,E2.1,E2.1-R0,False,subwp,524,05,9,3846102675,col_return,return,347.072,0,0,"[0.0, 13.589624097995705]"
3160,goal_316,10,exito,15996,2538.63,05,subwp,524,1,E2.1,E2.1-R0,False,subwp,524,05,10,1440852233,exito,,511.872,0,0,"[0.0, -8.611431361269162]"
3161,goal_317,1,col_approach,2800,233.52,05,subwp,524,1,E2.1,E2.1-R0,False,subwp,524,05,1,3919833336,col_approach,approach,89.6,0,0,"[0.0, -5.965311247562846]"
3162,goal_317,2,col_return,11131,1565.91,05,subwp,524,1,E2.1,E2.1-R0,False,subwp,524,05,2,1890236738,col_return,return,356.192,0,0,"[0.0, -17.783083913136913]"
3163,goal_317,3,exito,16227,2565.17,05,subwp,524,1,E2.1,E2.1-R0,False,subwp,524,05,3,128813524,exito,,519.264,0,0,"[0.0, -19.224511624782586]"
3164,goal_317,4,exito,16238,2544.97,05,subwp,524,1,E2.1,E2.1-R0,False,subwp,524,05,4,2580094071,exito,,519.616,0,0,"[0.0, 8.457655325153011]"
3165,goal_317,5,exito,16236,2556.91,05,subwp,524,1,E2.1,E2.1-R0,False,subwp,524,05,5,4006489313,exito,,519.552,0,0,"[0.0, 25.723180674275874]"
3166,goal_317,6,col_return,11222,1575.49,05,subwp,524,1,E2.1,E2.1-R0,False,subwp,524,05,6,2009562459,col_return,return,359.104,0,0,"[0.0, 13.166731891212663]"
3167,goal_317,7,exito,16227,2565.17,05,subwp,524,1,E2.1,E2.1-R0,False,subwp,524,05,7,12602829,exito,,519.264,0,0,"[0.0, -7.698500575778466]"
3168,goal_317,8,exito,16248,2527.65,05,subwp,524,1,E2.1,E2.1-R0,False,subwp,524,05,8,2424262748,exito,,519.936,0,0,"[0.0, 24.912329215192567]"
3169,goal_317,9,exito,16237,2537.88,05,subwp,524,1,E2.1,E2.1-R0,False,subwp,524,05,9,3883425994,exito,,519.584,0,0,"[0.0, 10.122840798198782]"
3170,goal_317,10,col_return,11251,1582.36,05,subwp,524,1,E2.1,E2.1-R0,False,subwp,524,05,10,1196689127,col_return,return,360.032,0,0,"[0.0, 7.379237415437809]"
3171,goal_318,1,exito,16233,2573.53,05,subwp,524,1,E2.1,E2.1-R0,False,subwp,524,05,1,3898704591,exito,,519.456,0,0,"[0.0, 27.5781179552337]"
3172,goal_318,2,exito,16244,2536.24,05,subwp,524,1,E2.1,E2.1-R0,False,subwp,524,05,2,1902695285,exito,,519.808,0,0,"[0.0, -0.595322378410561]"
3173,goal_318,3,exito,16254,2524.49,05,subwp,524,1,E2.1,E2.1-R0,False,subwp,524,05,3,107996131,exito,,520.128,0,0,"[0.0, 24.842168306790054]"
3174,goal_318,4,col_return,11266,1587.53,05,subwp,524,1,E2.1,E2.1-R0,False,subwp,524,05,4,2550888000,col_return,return,360.512,0,0,"[0.0, 15.993452290032957]"
3175,goal_318,5,exito,16233,2573.48,05,subwp,524,1,E2.1,E2.1-R0,False,subwp,524,05,5,4010559190,exito,,519.456,0,0,"[0.0, 17.326408577434997]"
3176,goal_318,6,exito,16244,2536.36,05,subwp,524,1,E2.1,E2.1-R0,False,subwp,524,05,6,1980045164,exito,,519.808,0,0,"[0.0, -26.569734978739607]"
3177,goal_318,7,exito,16254,2524.75,05,subwp,524,1,E2.1,E2.1-R0,False,subwp,524,05,7,16918522,exito,,520.128,0,0,"[0.0, -6.456379139248085]"
3178,goal_318,8,col_return,11263,1586.32,05,subwp,524,1,E2.1,E2.1-R0,False,subwp,524,05,8,2445097579,col_return,return,360.416,0,0,"[0.0, 23.788586913109782]"
3179,goal_318,9,exito,16233,2573.38,05,subwp,524,1,E2.1,E2.1-R0,False,subwp,524,05,9,3870952189,exito,,519.456,0,0,"[0.0, 23.23746612561324]"
3180,goal_318,10,exito,16244,2535.69,05,subwp,524,1,E2.1,E2.1-R0,False,subwp,524,05,10,4293419394,exito,,519.808,0,0,"[0.0, 4.977240386534509]"
3181,goal_319,1,exito,16459,2547.1,05,subwp,524,1,E2.1,E2.1-R0,False,subwp,524,05,1,3812476402,exito,,526.688,0,0,"[0.0, -23.103014173404656]"
3182,goal_319,2,col_return,11259,1583.48,05,subwp,524,1,E2.1,E2.1-R0,False,subwp,524,05,2,2050266184,col_return,return,360.288,0,0,"[0.0, -12.61523207781712]"
3183,goal_319,3,exito,16449,2596.07,05,subwp,524,1,E2.1,E2.1-R0,False,subwp,524,05,3,221488350,exito,,526.368,0,0,"[0.0, -28.10979766874533]"
3184,goal_319,4,exito,16457,2594.76,05,subwp,524,1,E2.1,E2.1-R0,False,subwp,524,05,4,2471965053,exito,,526.624,0,0,"[0.0, 5.503544051096427]"
3185,goal_319,5,exito,16457,2591.16,05,subwp,524,1,E2.1,E2.1-R0,False,subwp,524,05,5,3830448619,exito,,526.624,0,0,"[0.0, -7.990337922688104]"
3186,goal_319,6,col_return,10953,1533.26,05,subwp,524,1,E2.1,E2.1-R0,False,subwp,524,05,6,2103005265,col_return,return,350.496,0,0,"[0.0, -3.6818740731219024]"
3187,goal_319,7,exito,16447,2595.24,05,subwp,524,1,E2.1,E2.1-R0,False,subwp,524,05,7,173957319,exito,,526.304,0,0,"[0.0, -5.3943600510998735]"
3188,goal_319,8,exito,16457,2595.95,05,subwp,524,1,E2.1,E2.1-R0,False,subwp,524,05,8,2598468950,exito,,526.624,0,0,"[0.0, 28.19302720649407]"
3189,goal_319,9,exito,16457,2558.17,05,subwp,524,1,E2.1,E2.1-R0,False,subwp,524,05,9,3991293376,exito,,526.624,0,0,"[0.0, 12.704111417189347]"
3190,goal_319,10,col_return,10795,1511.07,05,subwp,524,1,E2.1,E2.1-R0,False,subwp,524,05,10,2810933716,col_return,return,345.44,0,0,"[0.0, 26.342637398813086]"
3191,goal_320,1,exito,16459,2600.71,05,subwp,524,1,E2.1,E2.1-R0,False,subwp,524,05,1,3808407493,exito,,526.688,0,0,"[0.0, 6.962729188293347]"
3192,goal_320,2,exito,16469,2602.95,05,subwp,524,1,E2.1,E2.1-R0,False,subwp,524,05,2,2079784575,exito,,527.008,0,0,"[0.0, 11.155420762578137]"
3193,goal_320,3,col_return,11436,1612.2,05,subwp,524,1,E2.1,E2.1-R0,False,subwp,524,05,3,217173737,col_return,return,365.952,0,0,"[0.0, 6.607405251281304]"
3194,goal_320,4,exito,16459,2603.8,05,subwp,524,1,E2.1,E2.1-R0,False,subwp,524,05,4,2459261770,exito,,526.688,0,0,"[0.0, 16.501350925747623]"
3195,goal_320,5,exito,16469,2599.7,05,subwp,524,1,E2.1,E2.1-R0,False,subwp,524,05,5,3851578332,exito,,527.008,0,0,"[0.0, 28.59472908401219]"
3196,goal_320,6,exito,16469,2602.35,05,subwp,524,1,E2.1,E2.1-R0,False,subwp,524,05,6,2090547814,exito,,527.008,0,0,"[0.0, -5.233833728723496]"
3197,goal_320,7,col_return,11017,1552.59,05,subwp,524,1,E2.1,E2.1-R0,False,subwp,524,05,7,194775792,col_return,return,352.544,0,0,"[0.0, 26.497814381049377]"
3198,goal_320,8,exito,16459,2603.8,05,subwp,524,1,E2.1,E2.1-R0,False,subwp,524,05,8,2602768225,exito,,526.688,0,0,"[0.0, 11.260591334821083]"
3199,goal_320,9,exito,16469,2604.02,05,subwp,524,1,E2.1,E2.1-R0,False,subwp,524,05,9,3961792503,exito,,527.008,0,0,"[0.0, 13.892457980659579]"
3200,goal_320,10,exito,16469,2568.94,05,subwp,524,1,E2.1,E2.1-R0,False,subwp,524,05,10,523703985,exito,,527.008,0,0,"[0.0, -18.145748786804113]"
3201,goal_321,1,col_return,10926,1529.8,05,subwp,524,1,E2.1,E2.1-R0,False,subwp,524,05,1,4288363428,col_return,return,349.632,0,0,"[0.0, -6.68613963226049]"
3202,goal_321,2,exito,16691,2624.02,05,subwp,524,1,E2.1,E2.1-R0,False,subwp,524,05,2,1720871454,exito,,534.112,0,0,"[0.0, 0.12468351598341254]"
3203,goal_321,3,exito,16701,2586.74,05,subwp,524,1,E2.1,E2.1-R0,False,subwp,524,05,3,295000712,exito,,534.432,0,0,"[0.0, -16.775150482606847]"
3204,goal_321,4,col_return,11267,1575.48,05,subwp,524,1,E2.1,E2.1-R0,False,subwp,524,05,4,2414989099,col_return,return,360.544,0,0,"[0.0, 14.32174688919817]"
3205,goal_321,5,exito,16687,2631.62,05,subwp,524,1,E2.1,E2.1-R0,False,subwp,524,05,5,4176936893,exito,,533.984,0,0,"[0.0, 13.475900113034703]"
3206,goal_321,6,exito,16700,2630.99,05,subwp,524,1,E2.1,E2.1-R0,False,subwp,524,05,6,1644146183,exito,,534.4,0,0,"[0.0, -26.002440074021372]"
3207,goal_321,7,col_return,11436,1607.96,05,subwp,524,1,E2.1,E2.1-R0,False,subwp,524,05,7,385392273,col_return,return,365.952,0,0,"[0.0, 24.033689532608083]"
3208,goal_321,8,exito,16690,2631.93,05,subwp,524,1,E2.1,E2.1-R0,False,subwp,524,05,8,2252833536,exito,,534.08,0,0,"[0.0, -24.299586854615818]"
3209,goal_321,9,exito,16701,2632.25,05,subwp,524,1,E2.1,E2.1-R0,False,subwp,524,05,9,4047549334,exito,,534.432,0,0,"[0.0, 3.01231332536249]"
3210,goal_321,10,col_return,11525,1616.05,05,subwp,524,1,E2.1,E2.1-R0,False,subwp,524,05,10,631186411,col_return,return,368.8,0,0,"[0.0, 13.753083394919766]"
3211,goal_322,1,exito,16710,2640.57,05,subwp,524,1,E2.1,E2.1-R0,False,subwp,524,05,1,4267266451,exito,,534.72,0,0,"[0.0, -2.208275462277678]"
3212,goal_322,2,exito,16720,2640.87,05,subwp,524,1,E2.1,E2.1-R0,False,subwp,524,05,2,1733296169,exito,,535.04,0,0,"[0.0, 22.197035186459573]"
3213,goal_322,3,col_return,11554,1625.17,05,subwp,524,1,E2.1,E2.1-R0,False,subwp,524,05,3,274149567,col_return,return,369.728,0,0,"[0.0, 26.420451511337507]"
3214,goal_322,4,exito,16710,2640.38,05,subwp,524,1,E2.1,E2.1-R0,False,subwp,524,05,4,2385749276,exito,,534.72,0,0,"[0.0, -23.870434052549626]"
3215,goal_322,5,exito,16720,2640.9,05,subwp,524,1,E2.1,E2.1-R0,False,subwp,524,05,5,4180972938,exito,,535.04,0,0,"[0.0, 17.70403277831637]"
3216,goal_322,6,col_return,11564,1622.43,05,subwp,524,1,E2.1,E2.1-R0,False,subwp,524,05,6,1614660656,col_return,return,370.048,0,0,"[0.0, 3.002416547013591]"
3217,goal_322,7,exito,16711,2640.76,05,subwp,524,1,E2.1,E2.1-R0,False,subwp,524,05,7,389739686,exito,,534.752,0,0,"[0.0, -25.675793476970284]"
3218,goal_322,8,exito,16721,2640.33,05,subwp,524,1,E2.1,E2.1-R0,False,subwp,524,05,8,2273700151,exito,,535.072,0,0,"[0.0, 13.623384850957088]"
3219,goal_322,9,col_return,11564,1623.85,05,subwp,524,1,E2.1,E2.1-R0,False,subwp,524,05,9,4035107233,col_return,return,370.048,0,0,"[0.0, 0.5794865237956603]"
3220,goal_322,10,exito,16710,2640.6,05,subwp,524,1,E2.1,E2.1-R0,False,subwp,524,05,10,2636334222,exito,,534.72,0,0,"[0.0, 16.292060269946344]"
3221,goal_323,1,exito,16925,2663.11,05,subwp,524,1,E2.1,E2.1-R0,False,subwp,524,05,1,4229951434,exito,,541.6,0,0,"[0.0, 9.618794706029544]"
3222,goal_323,2,col_return,11566,1618.27,05,subwp,524,1,E2.1,E2.1-R0,False,subwp,524,05,2,1695989360,col_return,return,370.112,0,0,"[0.0, -8.249087952349601]"
3223,goal_323,3,exito,16917,2662.45,05,subwp,524,1,E2.1,E2.1-R0,False,subwp,524,05,3,303140582,exito,,541.344,0,0,"[0.0, 21.910121805368277]"
3224,goal_323,4,exito,16925,2617.74,05,subwp,524,1,E2.1,E2.1-R0,False,subwp,524,05,4,2356484933,exito,,541.6,0,0,"[0.0, 3.9818458901165266]"
3225,goal_323,5,col_return,11360,1586.37,05,subwp,524,1,E2.1,E2.1-R0,False,subwp,524,05,5,4218563539,col_return,return,363.52,0,0,"[0.0, 0.5612230313472422]"
3226,goal_323,6,exito,16917,2661.13,05,subwp,524,1,E2.1,E2.1-R0,False,subwp,524,05,6,1652259433,exito,,541.344,0,0,"[0.0, 13.351417748561998]"
3227,goal_323,7,exito,16927,2632.23,05,subwp,524,1,E2.1,E2.1-R0,False,subwp,524,05,7,360467199,exito,,541.664,0,0,"[0.0, -16.541849788750998]"
3228,goal_323,8,col_return,11252,1576.33,05,subwp,524,1,E2.1,E2.1-R0,False,subwp,524,05,8,2244171630,col_return,return,360.064,0,0,"[0.0, 6.524499088568534]"
3229,goal_323,9,exito,16913,2659.18,05,subwp,524,1,E2.1,E2.1-R0,False,subwp,524,05,9,4072957944,exito,,541.216,0,0,"[0.0, -4.874364528530051]"
3230,goal_323,10,exito,16927,2654.61,05,subwp,524,1,E2.1,E2.1-R0,False,subwp,524,05,10,2409032544,exito,,541.664,0,0,"[0.0, 10.45715587543478]"
3231,goal_324,1,col_return,11214,1573.95,05,subwp,524,1,E2.1,E2.1-R0,False,subwp,524,05,1,4259153405,col_return,return,358.848,0,0,"[0.0, -11.943218123011796]"
3232,goal_324,2,exito,16932,2665.84,05,subwp,524,1,E2.1,E2.1-R0,False,subwp,524,05,2,1691669575,exito,,541.824,0,0,"[0.0, -17.61041250939044]"
3233,goal_324,3,exito,16944,2664.29,05,subwp,524,1,E2.1,E2.1-R0,False,subwp,524,05,3,332653777,exito,,542.208,0,0,"[0.0, -11.613881538620001]"
3234,goal_324,4,col_return,11168,1569.12,05,subwp,524,1,E2.1,E2.1-R0,False,subwp,524,05,4,2377609586,col_return,return,357.376,0,0,"[0.0, -18.566651518104194]"
3235,goal_324,5,exito,16934,2663.58,05,subwp,524,1,E2.1,E2.1-R0,False,subwp,524,05,5,4205855204,exito,,541.888,0,0,"[0.0, 11.390213714224801]"
3236,goal_324,6,exito,16944,2661.05,05,subwp,524,1,E2.1,E2.1-R0,False,subwp,524,05,6,1673072734,exito,,542.208,0,0,"[0.0, 14.210485666788912]"
3237,goal_324,7,col_return,11140,1565.39,05,subwp,524,1,E2.1,E2.1-R0,False,subwp,524,05,7,348004552,col_return,return,356.48,0,0,"[0.0, 1.3589207148343507]"
3238,goal_324,8,exito,16934,2662.12,05,subwp,524,1,E2.1,E2.1-R0,False,subwp,524,05,8,2214673753,exito,,541.888,0,0,"[0.0, -25.532722665532408]"
3239,goal_324,9,exito,16944,2659.35,05,subwp,524,1,E2.1,E2.1-R0,False,subwp,524,05,9,4077260239,exito,,542.208,0,0,"[0.0, 22.592408191999546]"
3240,goal_324,10,col_return,11132,1562.59,05,subwp,524,1,E2.1,E2.1-R0,False,subwp,524,05,10,925535237,col_return,return,356.224,0,0,"[0.0, -6.505961296961063]"
3241,goal_325,1,exito,16626,2618.93,05,subwp,524,1,E2.1,E2.1-R0,False,subwp,524,05,1,4170355576,exito,,532.032,0,0,"[0.0, 23.6699419781344]"
3242,goal_325,2,exito,16636,2619.19,05,subwp,524,1,E2.1,E2.1-R0,False,subwp,524,05,2,1637597890,exito,,532.352,0,0,"[0.0, -23.46236162520736]"
3243,goal_325,3,col_return,11281,1576.31,05,subwp,524,1,E2.1,E2.1-R0,False,subwp,524,05,3,379384404,col_return,return,360.992,0,0,"[0.0, -13.581209809297924]"
3244,goal_325,4,exito,16626,2618.95,05,subwp,524,1,E2.1,E2.1-R0,False,subwp,524,05,4,2297980919,exito,,532.032,0,0,"[0.0, 13.829509345179776]"
3245,goal_325,5,exito,16636,2619.18,05,subwp,524,1,E2.1,E2.1-R0,False,subwp,524,05,5,4294924129,exito,,532.352,0,0,"[0.0, 17.963946523276384]"
3246,goal_325,6,col_return,11508,1611.88,05,subwp,524,1,E2.1,E2.1-R0,False,subwp,524,05,6,1727399643,col_return,return,368.256,0,0,"[0.0, -24.206720071333965]"
3247,goal_325,7,exito,16626,2618.93,05,subwp,524,1,E2.1,E2.1-R0,False,subwp,524,05,7,301020749,exito,,532.032,0,0,"[0.0, 13.66398439458977]"
3248,goal_325,8,exito,16636,2619.21,05,subwp,524,1,E2.1,E2.1-R0,False,subwp,524,05,8,2169383900,exito,,532.352,0,0,"[0.0, -22.13519973879541]"
3249,goal_325,9,col_return,11620,1630.15,05,subwp,524,1,E2.1,E2.1-R0,False,subwp,524,05,9,4131986250,col_return,return,371.84,0,0,"[0.0, 23.835248692605475]"
3250,goal_325,10,exito,16626,2618.93,05,subwp,524,1,E2.1,E2.1-R0,False,subwp,524,05,10,2868753596,exito,,532.032,0,0,"[0.0, -20.781272298800864]"
3251,goal_326,1,exito,16642,2621.62,05,subwp,524,1,E2.1,E2.1-R0,False,subwp,524,05,1,4182833487,exito,,532.544,0,0,"[0.0, -8.579518014990411]"
3252,goal_326,2,col_return,11672,1638.83,05,subwp,524,1,E2.1,E2.1-R0,False,subwp,524,05,2,1616488693,col_return,return,373.504,0,0,"[0.0, -18.58681394620769]"
3253,goal_326,3,exito,16634,2620.81,05,subwp,524,1,E2.1,E2.1-R0,False,subwp,524,05,3,392075363,exito,,532.288,0,0,"[0.0, -11.86029534641531]"
3254,goal_326,4,exito,16642,2621.66,05,subwp,524,1,E2.1,E2.1-R0,False,subwp,524,05,4,2302283200,exito,,532.544,0,0,"[0.0, -28.037256752212215]"
3255,goal_326,5,col_return,11718,1638.4,05,subwp,524,1,E2.1,E2.1-R0,False,subwp,524,05,5,4265426262,col_return,return,374.976,0,0,"[0.0, 13.130826523218687]"
3256,goal_326,6,exito,16632,2620.85,05,subwp,524,1,E2.1,E2.1-R0,False,subwp,524,05,6,1731489004,exito,,532.224,0,0,"[0.0, 5.270140247784491]"
3257,goal_326,7,exito,16642,2621.58,05,subwp,524,1,E2.1,E2.1-R0,False,subwp,524,05,7,271801466,exito,,532.544,0,0,"[0.0, 3.010186700342141]"
3258,goal_326,8,exito,16642,2583.17,05,subwp,524,1,E2.1,E2.1-R0,False,subwp,524,05,8,2156675563,exito,,532.544,0,0,"[0.0, -3.4978426824716435]"
3259,goal_326,9,col_return,10884,1522.53,05,subwp,524,1,E2.1,E2.1-R0,False,subwp,524,05,9,4153110909,col_return,return,348.288,0,0,"[0.0, -21.932573010266818]"
3260,goal_326,10,exito,16632,2620.93,05,subwp,524,1,E2.1,E2.1-R0,False,subwp,524,05,10,306303961,exito,,532.224,0,0,"[0.0, -13.134312779417458]"
3261,goal_327,1,exito,16546,2602.95,05,subwp,524,1,E2.1,E2.1-R0,False,subwp,524,05,1,4212541206,exito,,529.472,0,0,"[0.0, 2.0792936312047483]"
3262,goal_327,2,col_return,11304,1577.08,05,subwp,524,1,E2.1,E2.1-R0,False,subwp,524,05,2,1646204588,col_return,return,361.728,0,0,"[0.0, -3.071198137947684]"
3263,goal_327,3,exito,16536,2602.73,05,subwp,524,1,E2.1,E2.1-R0,False,subwp,524,05,3,353904186,exito,,529.152,0,0,"[0.0, 24.578148266165844]"
3264,goal_327,4,exito,16546,2603.02,05,subwp,524,1,E2.1,E2.1-R0,False,subwp,524,05,4,2340205465,exito,,529.472,0,0,"[0.0, 28.89657795868938]"
3265,goal_327,5,exito,16546,2564.11,05,subwp,524,1,E2.1,E2.1-R0,False,subwp,524,05,5,4235952911,exito,,529.472,0,0,"[0.0, -27.9031146704091]"
3266,goal_327,6,col_return,10834,1509.06,05,subwp,524,1,E2.1,E2.1-R0,False,subwp,524,05,6,1702023861,col_return,return,346.688,0,0,"[0.0, 6.908527682405737]"
3267,goal_327,7,exito,16536,2602.72,05,subwp,524,1,E2.1,E2.1-R0,False,subwp,524,05,7,309715491,exito,,529.152,0,0,"[0.0, -26.40060154612279]"
3268,goal_327,8,exito,16546,2603.05,05,subwp,524,1,E2.1,E2.1-R0,False,subwp,524,05,8,2194341810,exito,,529.472,0,0,"[0.0, 10.96883341542563]"
3269,goal_327,9,col_return,11369,1593.86,05,subwp,524,1,E2.1,E2.1-R0,False,subwp,524,05,9,4123905828,col_return,return,363.808,0,0,"[0.0, 8.456571025506147]"
3270,goal_327,10,exito,16536,2602.73,05,subwp,524,1,E2.1,E2.1-R0,False,subwp,524,05,10,16022583,exito,,529.152,0,0,"[0.0, 15.713774251548124]"
3271,goal_328,1,exito,16512,2604.83,05,subwp,524,1,E2.1,E2.1-R0,False,subwp,524,05,1,4208209185,exito,,528.384,0,0,"[0.0, -12.002586930233319]"
3272,goal_328,2,exito,16513,2587.96,05,subwp,524,1,E2.1,E2.1-R0,False,subwp,524,05,2,1675459739,exito,,528.416,0,0,"[0.0, -6.63492162936175]"
3273,goal_328,3,col_return,10883,1524.88,05,subwp,524,1,E2.1,E2.1-R0,False,subwp,524,05,3,349850637,col_return,return,348.256,0,0,"[0.0, 23.332842495469443]"
3274,goal_328,4,exito,16501,2604.97,05,subwp,524,1,E2.1,E2.1-R0,False,subwp,524,05,4,2327763374,exito,,528.032,0,0,"[0.0, -13.026828273228901]"
3275,goal_328,5,exito,16512,2604.91,05,subwp,524,1,E2.1,E2.1-R0,False,subwp,524,05,5,4256819512,exito,,528.384,0,0,"[0.0, -12.156071389325199]"
3276,goal_328,6,col_return,11446,1600.1,05,subwp,524,1,E2.1,E2.1-R0,False,subwp,524,05,6,1689303170,col_return,return,366.272,0,0,"[0.0, -26.951972407675857]"
3277,goal_328,7,exito,16502,2604.48,05,subwp,524,1,E2.1,E2.1-R0,False,subwp,524,05,7,330795028,exito,,528.064,0,0,"[0.0, -18.422044622857317]"
3278,goal_328,8,exito,16514,2604.07,05,subwp,524,1,E2.1,E2.1-R0,False,subwp,524,05,8,2198377861,exito,,528.448,0,0,"[0.0, 5.989303021462682]"
3279,goal_328,9,exito,16515,2597.6,05,subwp,524,1,E2.1,E2.1-R0,False,subwp,524,05,9,4094666003,exito,,528.48,0,0,"[0.0, -5.4674143102376345]"
3280,goal_328,10,col_return,10943,1536.51,05,subwp,524,1,E2.1,E2.1-R0,False,subwp,524,05,10,3091733330,col_return,return,350.176,0,0,"[0.0, 1.7901955955445836]"
3281,goal_329,1,exito,16280,2568.47,05,subwp,524,1,E2.1,E2.1-R0,False,subwp,524,05,1,4052249116,exito,,520.96,0,0,"[0.0, 21.887904540505453]"
3282,goal_329,2,exito,16290,2568.75,05,subwp,524,1,E2.1,E2.1-R0,False,subwp,524,05,2,1753299878,exito,,521.28,0,0,"[0.0, 11.9409430188213]"
3283,goal_329,3,exito,16290,2567.26,05,subwp,524,1,E2.1,E2.1-R0,False,subwp,524,05,3,528878384,exito,,521.28,0,0,"[0.0, -1.8636236775794357]"
3284,goal_329,4,col_return,10939,1525.5,05,subwp,524,1,E2.1,E2.1-R0,False,subwp,524,05,4,2179112595,col_return,return,350.048,0,0,"[0.0, -15.4879431833756]"
3285,goal_329,5,exito,16280,2568.45,05,subwp,524,1,E2.1,E2.1-R0,False,subwp,524,05,5,4142247429,exito,,520.96,0,0,"[0.0, 12.734906645246815]"
3286,goal_329,6,exito,16290,2568.75,05,subwp,524,1,E2.1,E2.1-R0,False,subwp,524,05,6,1877802943,exito,,521.28,0,0,"[0.0, -11.658001713848225]"
3287,goal_329,7,exito,16290,2568.75,05,subwp,524,1,E2.1,E2.1-R0,False,subwp,524,05,7,418107177,exito,,521.28,0,0,"[0.0, -4.808900459802845]"
3288,goal_329,8,col_return,11041,1536.24,05,subwp,524,1,E2.1,E2.1-R0,False,subwp,524,05,8,2287260344,col_return,return,353.312,0,0,"[0.0, -25.33236200393648]"
3289,goal_329,9,exito,16280,2568.47,05,subwp,524,1,E2.1,E2.1-R0,False,subwp,524,05,9,4283687470,exito,,520.96,0,0,"[0.0, 6.555614932175957]"
3290,goal_329,10,exito,16290,2568.73,05,subwp,524,1,E2.1,E2.1-R0,False,subwp,524,05,10,3760917252,exito,,521.28,0,0,"[0.0, -27.5126597641991]"
3291,goal_330,1,exito,16259,2567.71,05,subwp,524,1,E2.1,E2.1-R0,False,subwp,524,05,1,4031381547,exito,,520.288,0,0,"[0.0, 18.825339985365186]"
3292,goal_330,2,col_return,11082,1557.2,05,subwp,524,1,E2.1,E2.1-R0,False,subwp,524,05,2,1766019473,col_return,return,354.624,0,0,"[0.0, 8.697431333072927]"
3293,goal_330,3,exito,16259,2567.32,05,subwp,524,1,E2.1,E2.1-R0,False,subwp,524,05,3,507797767,exito,,520.288,0,0,"[0.0, -15.981379089955825]"
3294,goal_330,4,exito,16259,2567.84,05,subwp,524,1,E2.1,E2.1-R0,False,subwp,524,05,4,2149643428,exito,,520.288,0,0,"[0.0, -16.867820125401465]"
3295,goal_330,5,exito,16259,2567.76,05,subwp,524,1,E2.1,E2.1-R0,False,subwp,524,05,5,4146578482,exito,,520.288,0,0,"[0.0, -11.56627710324826]"
3296,goal_330,6,col_return,11157,1564.55,05,subwp,524,1,E2.1,E2.1-R0,False,subwp,524,05,6,1848546696,col_return,return,357.024,0,0,"[0.0, -18.659431039800594]"
3297,goal_330,7,exito,16258,2567.5,05,subwp,524,1,E2.1,E2.1-R0,False,subwp,524,05,7,422159646,exito,,520.256,0,0,"[0.0, -27.963576734081364]"
3298,goal_330,8,exito,16261,2568.13,05,subwp,524,1,E2.1,E2.1-R0,False,subwp,524,05,8,2308356239,exito,,520.352,0,0,"[0.0, 21.389807449642475]"
3299,goal_330,9,exito,16260,2567.24,05,subwp,524,1,E2.1,E2.1-R0,False,subwp,524,05,9,4270950425,exito,,520.32,0,0,"[0.0, 25.8718118958976]"
3300,goal_330,10,col_return,11177,1571.94,05,subwp,524,1,E2.1,E2.1-R0,False,subwp,524,05,10,1486318689,col_return,return,357.664,0,0,"[0.0, -1.285042479776155]"
3301,goal_331,1,exito,16035,2532.59,05,subwp,524,1,E2.1,E2.1-R0,False,subwp,524,05,1,1193761985,exito,,513.12,0,0,"[0.0, 25.724192826213415]"
3302,goal_331,2,exito,16045,2532.8,05,subwp,524,1,E2.1,E2.1-R0,False,subwp,524,05,2,3727560059,exito,,513.44,0,0,"[0.0, -10.220791429197478]"
3303,goal_331,3,exito,16045,2532.87,05,subwp,524,1,E2.1,E2.1-R0,False,subwp,524,05,3,2838052333,exito,,513.44,0,0,"[0.0, 4.640125705598132]"
3304,goal_331,4,exito,16045,2532.83,05,subwp,524,1,E2.1,E2.1-R0,False,subwp,524,05,4,927836238,exito,,513.44,0,0,"[0.0, -7.794997366897838]"
3305,goal_331,5,col_return,10897,1522.89,05,subwp,524,1,E2.1,E2.1-R0,False,subwp,524,05,5,1078630616,col_return,return,348.704,0,0,"[0.0, -4.7299312580619235]"
3306,goal_331,6,exito,16035,2532.6,05,subwp,524,1,E2.1,E2.1-R0,False,subwp,524,05,6,3645098338,exito,,513.12,0,0,"[0.0, -13.859633066257741]"
3307,goal_331,7,exito,16045,2532.81,05,subwp,524,1,E2.1,E2.1-R0,False,subwp,524,05,7,2923756020,exito,,513.44,0,0,"[0.0, -14.577816340773174]"
3308,goal_331,8,exito,16045,2532.81,05,subwp,524,1,E2.1,E2.1-R0,False,subwp,524,05,8,1056695397,exito,,513.44,0,0,"[0.0, 7.834249292346782]"
3309,goal_331,9,exito,16045,2532.33,05,subwp,524,1,E2.1,E2.1-R0,False,subwp,524,05,9,1241306355,exito,,513.44,0,0,"[0.0, 15.631274052463674]"
3310,goal_331,10,col_return,10855,1521.56,05,subwp,524,1,E2.1,E2.1-R0,False,subwp,524,05,10,419367515,col_return,return,347.36,0,0,"[0.0, 4.153369069134582]"
3311,goal_332,1,exito,16020,2531.34,05,subwp,524,1,E2.1,E2.1-R0,False,subwp,524,05,1,1189426934,exito,,512.64,0,0,"[0.0, 9.400682657118491]"
3312,goal_332,2,exito,16026,2533.18,05,subwp,524,1,E2.1,E2.1-R0,False,subwp,524,05,2,3756812108,exito,,512.832,0,0,"[0.0, 27.766082415157292]"
3313,goal_332,3,exito,16018,2533.89,05,subwp,524,1,E2.1,E2.1-R0,False,subwp,524,05,3,2833995738,exito,,512.576,0,0,"[0.0, -25.465320536292676]"
3314,goal_332,4,exito,16025,2533.98,05,subwp,524,1,E2.1,E2.1-R0,False,subwp,524,05,4,915391097,exito,,512.8,0,0,"[0.0, 2.0362250180836683]"
3315,goal_332,5,col_return,10870,1524.54,05,subwp,524,1,E2.1,E2.1-R0,False,subwp,524,05,5,1099494127,col_return,return,347.84,0,0,"[0.0, 5.6178040806837775]"
3316,goal_332,6,exito,16020,2531.23,05,subwp,524,1,E2.1,E2.1-R0,False,subwp,524,05,6,3632374613,exito,,512.64,0,0,"[0.0, -29.598887462638082]"
3317,goal_332,7,exito,16024,2533.28,05,subwp,524,1,E2.1,E2.1-R0,False,subwp,524,05,7,2944832451,exito,,512.768,0,0,"[0.0, -17.88002340658178]"
3318,goal_332,8,exito,16032,2532.64,05,subwp,524,1,E2.1,E2.1-R0,False,subwp,524,05,8,1060736594,exito,,513.024,0,0,"[0.0, -17.058913462053845]"
3319,goal_332,9,exito,16027,2532.77,05,subwp,524,1,E2.1,E2.1-R0,False,subwp,524,05,9,1212071620,exito,,512.864,0,0,"[0.0, 8.91162041839637]"
3320,goal_332,10,col_return,10891,1524.28,05,subwp,524,1,E2.1,E2.1-R0,False,subwp,524,05,10,2688773438,col_return,return,348.512,0,0,"[0.0, -7.846511346801264]"
3321,goal_333,1,exito,15812,2500.59,05,subwp,524,1,E2.1,E2.1-R0,False,subwp,524,05,1,1151568047,exito,,505.984,0,0,"[0.0, -20.580050190680417]"
3322,goal_333,2,exito,15822,2500.84,05,subwp,524,1,E2.1,E2.1-R0,False,subwp,524,05,2,3718961429,exito,,506.304,0,0,"[0.0, 16.08961077842405]"
3323,goal_333,3,exito,15822,2500.84,05,subwp,524,1,E2.1,E2.1-R0,False,subwp,524,05,3,2863524227,exito,,506.304,0,0,"[0.0, -12.205090848794429]"
3324,goal_333,4,exito,15822,2500.83,05,subwp,524,1,E2.1,E2.1-R0,False,subwp,524,05,4,885619744,exito,,506.304,0,0,"[0.0, 19.196851573162558]"
3325,goal_333,5,exito,15822,2500.84,05,subwp,524,1,E2.1,E2.1-R0,False,subwp,524,05,5,1137593526,exito,,506.304,0,0,"[0.0, 28.988933008302673]"
3326,goal_333,6,col_return,10783,1509.66,05,subwp,524,1,E2.1,E2.1-R0,False,subwp,524,05,6,3670482188,col_return,return,345.056,0,0,"[0.0, -9.752128834581814]"
3327,goal_333,7,exito,15812,2500.62,05,subwp,524,1,E2.1,E2.1-R0,False,subwp,524,05,7,2915052954,exito,,505.984,0,0,"[0.0, 2.2826057594991767]"
3328,goal_333,8,exito,15822,2500.85,05,subwp,524,1,E2.1,E2.1-R0,False,subwp,524,05,8,1031745547,exito,,506.304,0,0,"[0.0, -12.330265433688163]"
3329,goal_333,9,exito,15822,2500.85,05,subwp,524,1,E2.1,E2.1-R0,False,subwp,524,05,9,1249378461,exito,,506.304,0,0,"[0.0, 20.22004249101232]"
3330,goal_333,10,exito,15822,2500.82,05,subwp,524,1,E2.1,E2.1-R0,False,subwp,524,05,10,3002516176,exito,,506.304,0,0,"[0.0, 6.460522531922132]"
3331,goal_334,1,exito,15817,2507.89,05,subwp,524,1,E2.1,E2.1-R0,False,subwp,524,05,1,1164042904,exito,,506.144,0,0,"[0.0, -17.56036074866144]"
3332,goal_334,2,col_return,10854,1517.9,05,subwp,524,1,E2.1,E2.1-R0,False,subwp,524,05,2,3697849122,col_return,return,347.328,0,0,"[0.0, 29.929562353443877]"
3333,goal_334,3,exito,15816,2504.76,05,subwp,524,1,E2.1,E2.1-R0,False,subwp,524,05,3,2876212148,exito,,506.112,0,0,"[0.0, 16.626007232518145]"
3334,goal_334,4,exito,15826,2506.13,05,subwp,524,1,E2.1,E2.1-R0,False,subwp,524,05,4,889918999,exito,,506.432,0,0,"[0.0, 14.026470403080715]"
3335,goal_334,5,exito,15826,2505.86,05,subwp,524,1,E2.1,E2.1-R0,False,subwp,524,05,5,1108092545,exito,,506.432,0,0,"[0.0, 29.081594815868655]"
3336,goal_334,6,exito,15827,2506.4,05,subwp,524,1,E2.1,E2.1-R0,False,subwp,524,05,6,3674568507,exito,,506.464,0,0,"[0.0, 25.47069707892483]"
3337,goal_334,7,exito,15827,2506.34,05,subwp,524,1,E2.1,E2.1-R0,False,subwp,524,05,7,2885830573,exito,,506.464,0,0,"[0.0, 18.25773399514207]"
3338,goal_334,8,col_return,10874,1513.83,05,subwp,524,1,E2.1,E2.1-R0,False,subwp,524,05,8,1019042364,col_return,return,347.968,0,0,"[0.0, -24.597897582422902]"
3339,goal_334,9,exito,15814,2505.43,05,subwp,524,1,E2.1,E2.1-R0,False,subwp,524,05,9,1270508202,exito,,506.048,0,0,"[0.0, -6.414111356709167]"
3340,goal_334,10,exito,15826,2505.9,05,subwp,524,1,E2.1,E2.1-R0,False,subwp,524,05,10,172664245,exito,,506.432,0,0,"[0.0, -2.666666735380172]"
3341,goal_335,1,exito,15574,2466.36,05,subwp,524,1,E2.1,E2.1-R0,False,subwp,524,05,1,1076818973,exito,,498.368,0,0,"[0.0, 15.136003260192334]"
3342,goal_335,2,exito,15574,2466.37,05,subwp,524,1,E2.1,E2.1-R0,False,subwp,524,05,2,3643254183,exito,,498.368,0,0,"[0.0, -18.93377507631824]"
3343,goal_335,3,exito,15574,2466.31,05,subwp,524,1,E2.1,E2.1-R0,False,subwp,524,05,3,2921370929,exito,,498.368,0,0,"[0.0, 9.016319591016051]"
3344,goal_335,4,exito,15574,2466.33,05,subwp,524,1,E2.1,E2.1-R0,False,subwp,524,05,4,809762962,exito,,498.368,0,0,"[0.0, -5.081603575109998]"
3345,goal_335,5,exito,15574,2463.15,05,subwp,524,1,E2.1,E2.1-R0,False,subwp,524,05,5,1195585540,exito,,498.368,0,0,"[0.0, 11.580403555193818]"
3346,goal_335,6,col_return,10537,1471.91,05,subwp,524,1,E2.1,E2.1-R0,False,subwp,524,05,6,3729416638,col_return,return,337.184,0,0,"[0.0, 27.086595336915448]"
3347,goal_335,7,exito,15564,2466.12,05,subwp,524,1,E2.1,E2.1-R0,False,subwp,524,05,7,2840416552,exito,,498.048,0,0,"[0.0, -27.89194672320408]"
3348,goal_335,8,exito,15574,2466.38,05,subwp,524,1,E2.1,E2.1-R0,False,subwp,524,05,8,972180665,exito,,498.368,0,0,"[0.0, 3.701008953362297]"
3349,goal_335,9,exito,15574,2466.34,05,subwp,524,1,E2.1,E2.1-R0,False,subwp,524,05,9,1324710959,exito,,498.368,0,0,"[0.0, 2.822544895727628]"
3350,goal_335,10,exito,15574,2466.31,05,subwp,524,1,E2.1,E2.1-R0,False,subwp,524,05,10,2543688972,exito,,498.368,0,0,"[0.0, -11.68536502265969]"
3351,goal_336,1,exito,15604,2475.92,05,subwp,524,1,E2.1,E2.1-R0,False,subwp,524,05,1,1106026026,exito,,499.328,0,0,"[0.0, -26.667296455883235]"
3352,goal_336,2,exito,15598,2474.32,05,subwp,524,1,E2.1,E2.1-R0,False,subwp,524,05,2,3638939536,exito,,499.136,0,0,"[0.0, -3.157030139564916]"
3353,goal_336,3,exito,15590,2475.85,05,subwp,524,1,E2.1,E2.1-R0,False,subwp,524,05,3,2950889222,exito,,498.88,0,0,"[0.0, 8.074411335194934]"
3354,goal_336,4,exito,15590,2459.29,05,subwp,524,1,E2.1,E2.1-R0,False,subwp,524,05,4,830892709,exito,,498.88,0,0,"[0.0, 26.77539766537481]"
3355,goal_336,5,col_return,10442,1460.84,05,subwp,524,1,E2.1,E2.1-R0,False,subwp,524,05,5,1182882355,col_return,return,334.144,0,0,"[0.0, 26.53188982414461]"
3356,goal_336,6,exito,15579,2475.51,05,subwp,524,1,E2.1,E2.1-R0,False,subwp,524,05,6,3750235017,exito,,498.528,0,0,"[0.0, 15.831405296259701]"
3357,goal_336,7,exito,15590,2476.19,05,subwp,524,1,E2.1,E2.1-R0,False,subwp,524,05,7,2827959071,exito,,498.88,0,0,"[0.0, 22.168134559553476]"
3358,goal_336,8,exito,15593,2476.49,05,subwp,524,1,E2.1,E2.1-R0,False,subwp,524,05,8,942679694,exito,,498.976,0,0,"[0.0, -18.089519685407186]"
3359,goal_336,9,exito,15596,2473.73,05,subwp,524,1,E2.1,E2.1-R0,False,subwp,524,05,9,1329010200,exito,,499.072,0,0,"[0.0, -9.75244654664765]"
3360,goal_336,10,exito,15607,2474.93,05,subwp,524,1,E2.1,E2.1-R0,False,subwp,524,05,10,790755945,exito,,499.424,0,0,"[0.0, 24.321903660216176]"
3361,goal_337,1,exito,15355,2436.2,05,subwp,524,1,E2.1,E2.1-R0,False,subwp,524,05,1,1135222899,exito,,491.36,0,0,"[0.0, 25.854447586929382]"
3362,goal_337,2,exito,15355,2436.18,05,subwp,524,1,E2.1,E2.1-R0,False,subwp,524,05,2,3668144585,exito,,491.36,0,0,"[0.0, -5.455724318622073]"
3363,goal_337,3,exito,15355,2436.26,05,subwp,524,1,E2.1,E2.1-R0,False,subwp,524,05,3,2913223007,exito,,491.36,0,0,"[0.0, -22.362080900169406]"
3364,goal_337,4,exito,15355,2431.37,05,subwp,524,1,E2.1,E2.1-R0,False,subwp,524,05,4,868275452,exito,,491.36,0,0,"[0.0, -14.775494102089295]"
3365,goal_337,5,col_return,10402,1453.78,05,subwp,524,1,E2.1,E2.1-R0,False,subwp,524,05,5,1153950826,col_return,return,332.864,0,0,"[0.0, 14.26629054233717]"
3366,goal_337,6,exito,15345,2436.25,05,subwp,524,1,E2.1,E2.1-R0,False,subwp,524,05,6,3721311696,exito,,491.04,0,0,"[0.0, 23.104276485350635]"
3367,goal_337,7,exito,15355,2436.21,05,subwp,524,1,E2.1,E2.1-R0,False,subwp,524,05,7,2865333574,exito,,491.36,0,0,"[0.0, 26.72616545668378]"
3368,goal_337,8,exito,15355,2436.22,05,subwp,524,1,E2.1,E2.1-R0,False,subwp,524,05,8,980850903,exito,,491.36,0,0,"[0.0, -24.12628769746322]"
3369,goal_337,9,exito,15357,2436.14,05,subwp,524,1,E2.1,E2.1-R0,False,subwp,524,05,9,1299294273,exito,,491.424,0,0,"[0.0, 27.80634001602796]"
3370,goal_337,10,exito,15355,2436.23,05,subwp,524,1,E2.1,E2.1-R0,False,subwp,524,05,10,1033131399,exito,,491.36,0,0,"[0.0, -23.488939350529158]"
3371,goal_338,1,exito,15399,2448.78,05,subwp,524,1,E2.1,E2.1-R0,False,subwp,524,05,1,1114131012,exito,,492.768,0,0,"[0.0, 29.999484406969025]"
3372,goal_338,2,exito,15397,2448.37,05,subwp,524,1,E2.1,E2.1-R0,False,subwp,524,05,2,3680574462,exito,,492.704,0,0,"[0.0, 15.026048971959657]"
3373,goal_338,3,exito,15397,2448.34,05,subwp,524,1,E2.1,E2.1-R0,False,subwp,524,05,3,2892376936,exito,,492.704,0,0,"[0.0, 24.01422636297575]"
3374,goal_338,4,exito,15397,2448.37,05,subwp,524,1,E2.1,E2.1-R0,False,subwp,524,05,4,839040715,exito,,492.704,0,0,"[0.0, 15.819607703983412]"
3375,goal_338,5,exito,15397,2448.33,05,subwp,524,1,E2.1,E2.1-R0,False,subwp,524,05,5,1157992029,exito,,492.704,0,0,"[0.0, -9.3638239818502]"
3376,goal_338,6,exito,15397,2448.34,05,subwp,524,1,E2.1,E2.1-R0,False,subwp,524,05,6,3691831271,exito,,492.704,0,0,"[0.0, 2.501598583671767]"
3377,goal_338,7,exito,15397,2444.76,05,subwp,524,1,E2.1,E2.1-R0,False,subwp,524,05,7,2869686129,exito,,492.704,0,0,"[0.0, -18.25475482109814]"
3378,goal_338,8,col_return,10453,1461.25,05,subwp,524,1,E2.1,E2.1-R0,False,subwp,524,05,8,1001714400,col_return,return,334.496,0,0,"[0.0, 16.84591012486379]"
3379,goal_338,9,exito,15386,2449.36,05,subwp,524,1,E2.1,E2.1-R0,False,subwp,524,05,9,1286849142,exito,,492.352,0,0,"[0.0, -13.492537745071324]"
3380,goal_338,10,exito,15397,2448.36,05,subwp,524,1,E2.1,E2.1-R0,False,subwp,524,05,10,2234004194,exito,,492.704,0,0,"[0.0, 25.645478171116775]"
3381,goal_339,1,exito,15131,2404.16,05,subwp,524,1,E2.1,E2.1-R0,False,subwp,524,05,1,1228148089,exito,,484.192,0,0,"[0.0, -27.12325236848524]"
3382,goal_339,2,exito,15131,2404.12,05,subwp,524,1,E2.1,E2.1-R0,False,subwp,524,05,2,3493682371,exito,,484.192,0,0,"[0.0, 28.028499223373796]"
3383,goal_339,3,exito,15131,2404.08,05,subwp,524,1,E2.1,E2.1-R0,False,subwp,524,05,3,2805623893,exito,,484.192,0,0,"[0.0, 10.130549349457635]"
3384,goal_339,4,exito,15131,2404.1,05,subwp,524,1,E2.1,E2.1-R0,False,subwp,524,05,4,962525686,exito,,484.192,0,0,"[0.0, -28.760961164681635]"
3385,goal_339,5,exito,15131,2404.04,05,subwp,524,1,E2.1,E2.1-R0,False,subwp,524,05,5,1314507104,exito,,484.192,0,0,"[0.0, -16.675662671897012]"
3386,goal_339,6,exito,15131,2404.12,05,subwp,524,1,E2.1,E2.1-R0,False,subwp,524,05,6,3612383450,exito,,484.192,0,0,"[0.0, -4.633427420167755]"
3387,goal_339,7,exito,15131,2404.12,05,subwp,524,1,E2.1,E2.1-R0,False,subwp,524,05,7,2690099276,exito,,484.192,0,0,"[0.0, -8.37923599398994]"
3388,goal_339,8,exito,15131,2404.13,05,subwp,524,1,E2.1,E2.1-R0,False,subwp,524,05,8,820557277,exito,,484.192,0,0,"[0.0, -4.0747905278045415]"
3389,goal_339,9,exito,15131,2404.12,05,subwp,524,1,E2.1,E2.1-R0,False,subwp,524,05,9,1206879563,exito,,484.192,0,0,"[0.0, 27.169805644796966]"
3390,goal_339,10,exito,15131,2404.12,05,subwp,524,1,E2.1,E2.1-R0,False,subwp,524,05,10,3712688820,exito,,484.192,0,0,"[0.0, 14.51239722430832]"
3391,goal_340,1,exito,15168,2416.66,05,subwp,524,1,E2.1,E2.1-R0,False,subwp,524,05,1,1224107854,exito,,485.376,0,0,"[0.0, 20.56998564358148]"
3392,goal_340,2,exito,15169,2416.74,05,subwp,524,1,E2.1,E2.1-R0,False,subwp,524,05,2,3523163892,exito,,485.408,0,0,"[0.0, -17.504775052779294]"
3393,goal_340,3,exito,15158,2417.95,05,subwp,524,1,E2.1,E2.1-R0,False,subwp,524,05,3,2801272418,exito,,485.056,0,0,"[0.0, 9.783206187213231]"
3394,goal_340,4,exito,15158,2417.96,05,subwp,524,1,E2.1,E2.1-R0,False,subwp,524,05,4,949785537,exito,,485.056,0,0,"[0.0, 28.772458045879947]"
3395,goal_340,5,exito,15158,2417.94,05,subwp,524,1,E2.1,E2.1-R0,False,subwp,524,05,5,1335599959,exito,,485.056,0,0,"[0.0, 19.297567677478437]"
3396,goal_340,6,exito,15157,2417.95,05,subwp,524,1,E2.1,E2.1-R0,False,subwp,524,05,6,3599954669,exito,,485.024,0,0,"[0.0, -15.875745094777347]"
3397,goal_340,7,exito,15155,2417.97,05,subwp,524,1,E2.1,E2.1-R0,False,subwp,524,05,7,2710946427,exito,,484.96,0,0,"[0.0, -3.0851242570579895]"
3398,goal_340,8,exito,15162,2417.61,05,subwp,524,1,E2.1,E2.1-R0,False,subwp,524,05,8,824893418,exito,,485.184,0,0,"[0.0, 29.51962079869324]"
3399,goal_340,9,exito,15169,2416.72,05,subwp,524,1,E2.1,E2.1-R0,False,subwp,524,05,9,1177415548,exito,,485.408,0,0,"[0.0, -23.078774052741327]"
3400,goal_340,10,exito,15169,2416.71,05,subwp,524,1,E2.1,E2.1-R0,False,subwp,524,05,10,1710704081,exito,,485.408,0,0,"[0.0, 0.59704842029628]"
3401,goal_341,1,exito,14898,2371.41,05,subwp,524,1,E2.1,E2.1-R0,False,subwp,524,05,1,3673187448,exito,,476.736,0,0,"[0.0, -19.93845324115345]"
3402,goal_341,2,exito,14898,2371.38,05,subwp,524,1,E2.1,E2.1-R0,False,subwp,524,05,2,1140405698,exito,,476.736,0,0,"[0.0, -25.3131869844156]"
3403,goal_341,3,exito,14898,2371.39,05,subwp,524,1,E2.1,E2.1-R0,False,subwp,524,05,3,889062740,exito,,476.736,0,0,"[0.0, 18.72561858461283]"
3404,goal_341,4,exito,14898,2371.35,05,subwp,524,1,E2.1,E2.1-R0,False,subwp,524,05,4,2862256375,exito,,476.736,0,0,"[0.0, -24.805285458443308]"
3405,goal_341,5,exito,14898,2371.4,05,subwp,524,1,E2.1,E2.1-R0,False,subwp,524,05,5,3718094945,exito,,476.736,0,0,"[0.0, 22.10550329408741]"
3406,goal_341,6,exito,14898,2371.38,05,subwp,524,1,E2.1,E2.1-R0,False,subwp,524,05,6,1150611931,exito,,476.736,0,0,"[0.0, 18.005773870256732]"
3407,goal_341,7,exito,14898,2371.43,05,subwp,524,1,E2.1,E2.1-R0,False,subwp,524,05,7,865321293,exito,,476.736,0,0,"[0.0, -23.97456640383411]"
3408,goal_341,8,exito,14898,2371.4,05,subwp,524,1,E2.1,E2.1-R0,False,subwp,524,05,8,2737626332,exito,,476.736,0,0,"[0.0, 2.493352171233114]"
3409,goal_341,9,exito,14898,2371.39,05,subwp,524,1,E2.1,E2.1-R0,False,subwp,524,05,9,3559648330,exito,,476.736,0,0,"[0.0, -4.972844075904237]"
3410,goal_341,10,exito,14898,2371.38,05,subwp,524,1,E2.1,E2.1-R0,False,subwp,524,05,10,2866796107,exito,,476.736,0,0,"[0.0, 12.519253674518252]"
3411,goal_342,1,exito,14933,2386.46,05,subwp,524,1,E2.1,E2.1-R0,False,subwp,524,05,1,3677490767,exito,,477.856,0,0,"[0.0, 23.541673444461562]"
3412,goal_342,2,exito,14933,2386.39,05,subwp,524,1,E2.1,E2.1-R0,False,subwp,524,05,2,1111187445,exito,,477.856,0,0,"[0.0, 12.538558454801628]"
3413,goal_342,3,exito,14933,2386.39,05,subwp,524,1,E2.1,E2.1-R0,False,subwp,524,05,3,893153123,exito,,477.856,0,0,"[0.0, -10.045096505289665]"
3414,goal_342,4,exito,14933,2386.39,05,subwp,524,1,E2.1,E2.1-R0,False,subwp,524,05,4,2874735296,exito,,477.856,0,0,"[0.0, 21.235949509780156]"
3415,goal_342,5,exito,14933,2386.37,05,subwp,524,1,E2.1,E2.1-R0,False,subwp,524,05,5,3697265238,exito,,477.856,0,0,"[0.0, 20.452254007538397]"
3416,goal_342,6,exito,14933,2386.38,05,subwp,524,1,E2.1,E2.1-R0,False,subwp,524,05,6,1163303916,exito,,477.856,0,0,"[0.0, 8.732388685751129]"
3417,goal_342,7,exito,14933,2386.37,05,subwp,524,1,E2.1,E2.1-R0,False,subwp,524,05,7,844213114,exito,,477.856,0,0,"[0.0, -5.177776769701177]"
3418,goal_342,8,exito,14933,2386.38,05,subwp,524,1,E2.1,E2.1-R0,False,subwp,524,05,8,2733553387,exito,,477.856,0,0,"[0.0, 0.19167817468815906]"
3419,goal_342,9,exito,14933,2386.38,05,subwp,524,1,E2.1,E2.1-R0,False,subwp,524,05,9,3588851325,exito,,477.856,0,0,"[0.0, 0.35090969982786824]"
3420,goal_342,10,exito,14933,2386.36,05,subwp,524,1,E2.1,E2.1-R0,False,subwp,524,05,10,308523310,exito,,477.856,0,0,"[0.0, -2.99212524107205]"
3421,goal_343,1,exito,14700,2349.7,05,subwp,524,1,E2.1,E2.1-R0,False,subwp,524,05,1,3648303126,exito,,470.4,0,0,"[0.0, -20.28080366997566]"
3422,goal_343,2,exito,14700,2349.73,05,subwp,524,1,E2.1,E2.1-R0,False,subwp,524,05,2,1081991596,exito,,470.4,0,0,"[0.0, 27.383232595598905]"
3423,goal_343,3,exito,14700,2349.72,05,subwp,524,1,E2.1,E2.1-R0,False,subwp,524,05,3,930795834,exito,,470.4,0,0,"[0.0, 10.025156066238754]"
3424,goal_343,4,exito,14701,2349.73,05,subwp,524,1,E2.1,E2.1-R0,False,subwp,524,05,4,2837333145,exito,,470.432,0,0,"[0.0, -4.035312687766468]"
3425,goal_343,5,exito,14703,2349.72,05,subwp,524,1,E2.1,E2.1-R0,False,subwp,524,05,5,3726210063,exito,,470.496,0,0,"[0.0, 29.744111094300507]"
3426,goal_343,6,exito,14701,2349.73,05,subwp,524,1,E2.1,E2.1-R0,False,subwp,524,05,6,1192240565,exito,,470.432,0,0,"[0.0, 7.302298685603192]"
3427,goal_343,7,exito,14703,2349.71,05,subwp,524,1,E2.1,E2.1-R0,False,subwp,524,05,7,806819107,exito,,470.496,0,0,"[0.0, 28.240178635731702]"
3428,goal_343,8,exito,14701,2349.76,05,subwp,524,1,E2.1,E2.1-R0,False,subwp,524,05,8,2695366834,exito,,470.432,0,0,"[0.0, 14.344324387384953]"
3429,goal_343,9,exito,14703,2342.18,05,subwp,524,1,E2.1,E2.1-R0,False,subwp,524,05,9,3618584612,exito,,470.496,0,0,"[0.0, 7.742251065574603]"
3430,goal_343,10,col_return,8918,1247.33,05,subwp,524,1,E2.1,E2.1-R0,False,subwp,524,05,10,14032576,col_return,return,285.376,0,0,"[0.0, 16.966575614052847]"
3431,goal_344,1,exito,14668,2354.64,05,subwp,524,1,E2.1,E2.1-R0,False,subwp,524,05,1,3635862049,exito,,469.376,0,0,"[0.0, 21.410363771547384]"
3432,goal_344,2,exito,14691,2354.05,05,subwp,524,1,E2.1,E2.1-R0,False,subwp,524,05,2,1103072155,exito,,470.112,0,0,"[0.0, -22.969129445840874]"
3433,goal_344,3,exito,14677,2354.55,05,subwp,524,1,E2.1,E2.1-R0,False,subwp,524,05,3,918076173,exito,,469.664,0,0,"[0.0, -22.827287602943045]"
3434,goal_344,4,exito,14690,2353.66,05,subwp,524,1,E2.1,E2.1-R0,False,subwp,524,05,4,2833002158,exito,,470.08,0,0,"[0.0, 16.33403492758002]"
3435,goal_344,5,col_return,8859,1233.84,05,subwp,524,1,E2.1,E2.1-R0,False,subwp,524,05,5,3755679288,col_return,return,283.488,0,0,"[0.0, -25.315563610454298]"
3436,goal_344,6,exito,14668,2354.64,05,subwp,524,1,E2.1,E2.1-R0,False,subwp,524,05,6,1188188034,exito,,469.376,0,0,"[0.0, -24.561702382779064]"
3437,goal_344,7,exito,14677,2354.57,05,subwp,524,1,E2.1,E2.1-R0,False,subwp,524,05,7,836075284,exito,,469.664,0,0,"[0.0, 25.09717761285216]"
3438,goal_344,8,exito,14677,2354.68,05,subwp,524,1,E2.1,E2.1-R0,False,subwp,524,05,8,2708103813,exito,,469.664,0,0,"[0.0, 12.039027378057375]"
3439,goal_344,9,exito,14677,2354.69,05,subwp,524,1,E2.1,E2.1-R0,False,subwp,524,05,9,3597488659,exito,,469.664,0,0,"[0.0, 4.595577909261259]"
3440,goal_344,10,exito,14677,2257.54,05,subwp,524,1,E2.1,E2.1-R0,False,subwp,524,05,10,3093985701,exito,,469.664,0,0,"[0.0, -27.756393014574034]"
3441,goal_345,1,col_return,8872,1238.8,05,subwp,524,1,E2.1,E2.1-R0,False,subwp,524,05,1,3724135588,col_return,return,283.904,0,0,"[0.0, -7.176965386510494]"
3442,goal_345,2,exito,14487,2320.03,05,subwp,524,1,E2.1,E2.1-R0,False,subwp,524,05,2,1156619550,exito,,463.584,0,0,"[0.0, 13.953272301335456]"
3443,goal_345,3,exito,14497,2320.23,05,subwp,524,1,E2.1,E2.1-R0,False,subwp,524,05,3,871869832,exito,,463.904,0,0,"[0.0, -6.718604234662631]"
3444,goal_345,4,col_return,8695,1212.3,05,subwp,524,1,E2.1,E2.1-R0,False,subwp,524,05,4,2912106539,col_return,return,278.24,0,0,"[0.0, 3.0989467838163653]"
3445,goal_345,5,exito,14487,2320.02,05,subwp,524,1,E2.1,E2.1-R0,False,subwp,524,05,5,3667134653,exito,,463.584,0,0,"[0.0, -19.144462853799812]"
3446,goal_345,6,exito,14498,2319.91,05,subwp,524,1,E2.1,E2.1-R0,False,subwp,524,05,6,1134385415,exito,,463.936,0,0,"[0.0, 20.067064059749093]"
3447,goal_345,7,exito,14497,2280.71,05,subwp,524,1,E2.1,E2.1-R0,False,subwp,524,05,7,882534801,exito,,463.904,0,0,"[0.0, 2.3572432964403878]"
3448,goal_345,8,col_return,8847,1241.17,05,subwp,524,1,E2.1,E2.1-R0,False,subwp,524,05,8,2753917952,col_return,return,283.104,0,0,"[0.0, -0.1118789352153704]"
3449,goal_345,9,exito,14487,2320.03,05,subwp,524,1,E2.1,E2.1-R0,False,subwp,524,05,9,3542238358,exito,,463.584,0,0,"[0.0, 26.59604400408486]"
3450,goal_345,10,exito,14497,2320.25,05,subwp,524,1,E2.1,E2.1-R0,False,subwp,524,05,10,633159964,exito,,463.904,0,0,"[0.0, -23.4894273338802]"
3451,goal_346,1,col_return,8638,1215.33,05,subwp,524,1,E2.1,E2.1-R0,False,subwp,524,05,1,3694896787,col_return,return,276.416,0,0,"[0.0, -17.764872627632194]"
3452,goal_346,2,exito,14405,2314.19,05,subwp,524,1,E2.1,E2.1-R0,False,subwp,524,05,2,1160967977,exito,,460.96,0,0,"[0.0, -2.891413054832579]"
3453,goal_346,3,exito,14414,2314.2,05,subwp,524,1,E2.1,E2.1-R0,False,subwp,524,05,3,842385343,exito,,461.248,0,0,"[0.0, 13.794470567043744]"
3454,goal_346,4,col_return,8666,1217.25,05,subwp,524,1,E2.1,E2.1-R0,False,subwp,524,05,4,2891010588,col_return,return,277.312,0,0,"[0.0, -7.626376674107638]"
3455,goal_346,5,exito,14405,2314.19,05,subwp,524,1,E2.1,E2.1-R0,False,subwp,524,05,5,3679871626,exito,,460.96,0,0,"[0.0, 25.56382864280479]"
3456,goal_346,6,exito,14415,2314.4,05,subwp,524,1,E2.1,E2.1-R0,False,subwp,524,05,6,1113535280,exito,,461.28,0,0,"[0.0, 4.10521495537213]"
3457,goal_346,7,col_return,8671,1218.5,05,subwp,524,1,E2.1,E2.1-R0,False,subwp,524,05,7,894960550,col_return,return,277.472,0,0,"[0.0, 2.5585022982638406]"
3458,goal_346,8,exito,14405,2314.18,05,subwp,524,1,E2.1,E2.1-R0,False,subwp,524,05,8,2783387191,exito,,460.96,0,0,"[0.0, -25.30211085654397]"
3459,goal_346,9,exito,14414,2314.12,05,subwp,524,1,E2.1,E2.1-R0,False,subwp,524,05,9,3537907361,exito,,461.248,0,0,"[0.0, 5.670651646292322]"
3460,goal_346,10,col_return,8669,1220.68,05,subwp,524,1,E2.1,E2.1-R0,False,subwp,524,05,10,2634098297,col_return,return,277.408,0,0,"[0.0, 3.36717874951304]"
3461,goal_347,1,exito,14307,2296.58,05,subwp,524,1,E2.1,E2.1-R0,False,subwp,524,05,1,3732740298,exito,,457.824,0,0,"[0.0, 22.702638531272314]"
3462,goal_347,2,exito,14317,2289.74,05,subwp,524,1,E2.1,E2.1-R0,False,subwp,524,05,2,1198803312,exito,,458.144,0,0,"[0.0, 19.02219856929525]"
3463,goal_347,3,col_return,8719,1223.75,05,subwp,524,1,E2.1,E2.1-R0,False,subwp,524,05,3,812874214,col_return,return,279.008,0,0,"[0.0, 23.5886912499599]"
3464,goal_347,4,exito,14307,2296.68,05,subwp,524,1,E2.1,E2.1-R0,False,subwp,524,05,4,2920803397,exito,,457.824,0,0,"[0.0, 6.146019042569277]"
3465,goal_347,5,exito,14330,2072.25,05,subwp,524,1,E2.1,E2.1-R0,False,subwp,524,05,5,3641760979,exito,,458.56,0,0,"[0.0, 0.9478821696423045]"
3466,goal_347,6,col_return,8800,1230.07,05,subwp,524,1,E2.1,E2.1-R0,False,subwp,524,05,6,1075416425,col_return,return,281.6,0,0,"[0.0, 21.728226353216215]"
3467,goal_347,7,exito,14307,2296.68,05,subwp,524,1,E2.1,E2.1-R0,False,subwp,524,05,7,924761599,exito,,457.824,0,0,"[0.0, -21.65532995822674]"
3468,goal_347,8,col_return,8494,1185.05,05,subwp,524,1,E2.1,E2.1-R0,False,subwp,524,05,8,2812387438,col_return,return,271.808,0,0,"[0.0, 0.7010609838530502]"
3469,goal_347,9,exito,14307,2296.55,05,subwp,524,1,E2.1,E2.1-R0,False,subwp,524,05,9,3500577016,exito,,457.824,0,0,"[0.0, -27.055184376880106]"
3470,goal_347,10,exito,14318,2296.99,05,subwp,524,1,E2.1,E2.1-R0,False,subwp,524,05,10,2410973591,exito,,458.176,0,0,"[0.0, -26.81387369761941]"
3471,goal_348,1,col_return,8624,1206.24,05,subwp,524,1,E2.1,E2.1-R0,False,subwp,524,05,1,3753865981,col_return,return,275.968,0,0,"[0.0, -17.4818544053796]"
3472,goal_348,2,exito,14179,2282.08,05,subwp,524,1,E2.1,E2.1-R0,False,subwp,524,05,2,1186341703,exito,,453.728,0,0,"[0.0, 12.421819847957227]"
3473,goal_348,3,col_return,8467,1185.48,05,subwp,524,1,E2.1,E2.1-R0,False,subwp,524,05,3,833688529,col_return,return,270.944,0,0,"[0.0, 25.413974897581742]"
3474,goal_348,4,exito,14179,2282.02,05,subwp,524,1,E2.1,E2.1-R0,False,subwp,524,05,4,2950006386,exito,,453.728,0,0,"[0.0, -16.658943816899672]"
3475,goal_348,5,col_return,8390,1176.48,05,subwp,524,1,E2.1,E2.1-R0,False,subwp,524,05,5,3637688036,col_return,return,268.48,0,0,"[0.0, -17.72977039415516]"
3476,goal_348,6,exito,14179,2282.03,05,subwp,524,1,E2.1,E2.1-R0,False,subwp,524,05,6,1104930654,exito,,453.728,0,0,"[0.0, 20.43594276506483]"
3477,goal_348,7,col_return,8359,1172.92,05,subwp,524,1,E2.1,E2.1-R0,False,subwp,524,05,7,920442824,col_return,return,267.488,0,0,"[0.0, 29.861506030427677]"
3478,goal_348,8,exito,14179,2282.0,05,subwp,524,1,E2.1,E2.1-R0,False,subwp,524,05,8,2791557721,exito,,453.728,0,0,"[0.0, 12.245734354725066]"
3479,goal_348,9,exito,14204,2050.2,05,subwp,524,1,E2.1,E2.1-R0,False,subwp,524,05,9,3513055951,exito,,454.528,0,0,"[0.0, 27.095252192077634]"
3480,goal_348,10,col_return,8737,1228.89,05,subwp,524,1,E2.1,E2.1-R0,False,subwp,524,05,10,923332338,col_return,return,279.584,0,0,"[0.0, 18.453029012114918]"
3481,goal_349,1,col_approach,3143,276.75,05,subwp,524,1,E2.1,E2.1-R0,False,subwp,524,05,1,3571660224,col_approach,approach,100.576,0,0,"[0.0, -15.385611312188194]"
3482,goal_349,2,exito,14343,2317.54,05,subwp,524,1,E2.1,E2.1-R0,False,subwp,524,05,2,1307206778,exito,,458.976,0,0,"[0.0, -3.1596056243134174]"
3483,goal_349,3,exito,14353,2317.74,05,subwp,524,1,E2.1,E2.1-R0,False,subwp,524,05,3,988632300,exito,,459.296,0,0,"[0.0, 23.218519279651172]"
3484,goal_349,4,exito,14353,2279.1,05,subwp,524,1,E2.1,E2.1-R0,False,subwp,524,05,4,2760491343,exito,,459.296,0,0,"[0.0, -8.334878680518447]"
3485,goal_349,5,exito,14353,2317.21,05,subwp,524,1,E2.1,E2.1-R0,False,subwp,524,05,5,3549360601,exito,,459.296,0,0,"[0.0, -0.7773528188872203]"
3486,goal_349,6,exito,14353,2299.45,05,subwp,524,1,E2.1,E2.1-R0,False,subwp,524,05,6,1250402403,exito,,459.296,0,0,"[0.0, -1.5826197751545834]"
3487,goal_349,7,exito,14354,2285.68,05,subwp,524,1,E2.1,E2.1-R0,False,subwp,524,05,7,1031835893,exito,,459.328,0,0,"[0.0, 15.042263959412942]"
3488,goal_349,8,col_return,8561,1213.09,05,subwp,524,1,E2.1,E2.1-R0,False,subwp,524,05,8,2906623332,col_return,return,273.952,0,0,"[0.0, 0.7566738490698]"
3489,goal_349,9,col_approach,2959,262.58,05,subwp,524,1,E2.1,E2.1-R0,False,subwp,524,05,9,3661151730,col_approach,approach,94.688,0,0,"[0.0, 14.373206592625316]"
3490,goal_349,10,exito,14343,2317.53,05,subwp,524,1,E2.1,E2.1-R0,False,subwp,524,05,10,1869348516,exito,,458.976,0,0,"[0.0, -2.128151046233173]"
3491,goal_350,1,exito,14313,2300.41,05,subwp,524,1,E2.1,E2.1-R0,False,subwp,524,05,1,3575734263,exito,,458.016,0,0,"[0.0, -19.57152824853611]"
3492,goal_350,2,exito,14313,2204.52,05,subwp,524,1,E2.1,E2.1-R0,False,subwp,524,05,2,1277693517,exito,,458.016,0,0,"[0.0, 19.33256823465208]"
3493,goal_350,3,exito,14313,2300.37,05,subwp,524,1,E2.1,E2.1-R0,False,subwp,524,05,3,992952027,exito,,458.016,0,0,"[0.0, 29.632362719232532]"
3494,goal_350,4,exito,14313,2298.26,05,subwp,524,1,E2.1,E2.1-R0,False,subwp,524,05,4,2773199736,exito,,458.016,0,0,"[0.0, -4.421249892390766]"
3495,goal_350,5,col_approach,3162,291.42,05,subwp,524,1,E2.1,E2.1-R0,False,subwp,524,05,5,3528236014,col_approach,approach,101.184,0,0,"[0.0, 29.291386052419863]"
3496,goal_350,6,exito,14303,2300.17,05,subwp,524,1,E2.1,E2.1-R0,False,subwp,524,05,6,1262864980,exito,,457.696,0,0,"[0.0, 1.537538702649992]"
3497,goal_350,7,exito,14313,2300.38,05,subwp,524,1,E2.1,E2.1-R0,False,subwp,524,05,7,1011022530,exito,,458.016,0,0,"[0.0, 27.779735937138902]"
3498,goal_350,8,exito,14313,2300.4,05,subwp,524,1,E2.1,E2.1-R0,False,subwp,524,05,8,2902320979,exito,,458.016,0,0,"[0.0, -2.040207807088985]"
3499,goal_350,9,exito,14313,2300.39,05,subwp,524,1,E2.1,E2.1-R0,False,subwp,524,05,9,3690649541,exito,,458.016,0,0,"[0.0, 29.88514286040697]"
3500,goal_350,10,exito,14313,2292.14,05,subwp,524,1,E2.1,E2.1-R0,False,subwp,524,05,10,3621231041,exito,,458.016,0,0,"[0.0, 16.126391137502743]"
3501,goal_351,1,exito,14576,2342.69,05,subwp,524,1,E2.1,E2.1-R0,False,subwp,524,05,1,1649148701,exito,,466.432,0,0,"[0.0, -25.022985791584365]"
3502,goal_351,2,exito,14580,2144.01,05,subwp,524,1,E2.1,E2.1-R0,False,subwp,524,05,2,4215624359,exito,,466.56,0,0,"[0.0, 28.975930586586195]"
3503,goal_351,3,col_return,8926,1262.5,05,subwp,524,1,E2.1,E2.1-R0,False,subwp,524,05,3,2353160753,col_return,return,285.632,0,0,"[0.0, -2.114871794389732]"
3504,goal_351,4,exito,14566,2326.09,05,subwp,524,1,E2.1,E2.1-R0,False,subwp,524,05,4,304543634,exito,,466.112,0,0,"[0.0, 3.0838942329581487]"
3505,goal_351,5,exito,14576,2341.24,05,subwp,524,1,E2.1,E2.1-R0,False,subwp,524,05,5,1696712452,exito,,466.432,0,0,"[0.0, -22.556053246191762]"
3506,goal_351,6,exito,14576,2337.75,05,subwp,524,1,E2.1,E2.1-R0,False,subwp,524,05,6,4230518462,exito,,466.432,0,0,"[0.0, 7.408281691860554]"
3507,goal_351,7,col_return,8853,1247.65,05,subwp,524,1,E2.1,E2.1-R0,False,subwp,524,05,7,2335155752,col_return,return,283.296,0,0,"[0.0, 28.099985281270307]"
3508,goal_351,8,exito,14566,2320.73,05,subwp,524,1,E2.1,E2.1-R0,False,subwp,524,05,8,462470073,exito,,466.112,0,0,"[0.0, -20.250678978367745]"
3509,goal_351,9,exito,14576,2340.14,05,subwp,524,1,E2.1,E2.1-R0,False,subwp,524,05,9,1821870895,exito,,466.432,0,0,"[0.0, -26.806390857013042]"
3510,goal_351,10,exito,14576,2343.59,05,subwp,524,1,E2.1,E2.1-R0,False,subwp,524,05,10,2545942523,exito,,466.432,0,0,"[0.0, 15.8817488908618]"
3511,goal_352,1,col_return,8765,1232.56,05,subwp,524,1,E2.1,E2.1-R0,False,subwp,524,05,1,1670277418,col_return,return,280.48,0,0,"[0.0, 13.864652584793768]"
3512,goal_352,2,col_approach,2996,267.92,05,subwp,524,1,E2.1,E2.1-R0,False,subwp,524,05,2,4203165840,col_approach,approach,95.872,0,0,"[0.0, 25.681891175049]"
3513,goal_352,3,exito,14480,2325.8,05,subwp,524,1,E2.1,E2.1-R0,False,subwp,524,05,3,2373978118,exito,,463.36,0,0,"[0.0, -28.26376634617461]"
3514,goal_352,4,exito,14490,2326.05,05,subwp,524,1,E2.1,E2.1-R0,False,subwp,524,05,4,333749669,exito,,463.68,0,0,"[0.0, 8.608232102507118]"
3515,goal_352,5,exito,14490,2325.6,05,subwp,524,1,E2.1,E2.1-R0,False,subwp,524,05,5,1692642611,exito,,463.68,0,0,"[0.0, 22.286485995883268]"
3516,goal_352,6,exito,14491,2325.17,05,subwp,524,1,E2.1,E2.1-R0,False,subwp,524,05,6,4260035721,exito,,463.712,0,0,"[0.0, -6.101884041976651]"
3517,goal_352,7,exito,14490,2325.54,05,subwp,524,1,E2.1,E2.1-R0,False,subwp,524,05,7,2330840095,exito,,463.68,0,0,"[0.0, -29.267971341660648]"
3518,goal_352,8,exito,14490,2316.52,05,subwp,524,1,E2.1,E2.1-R0,False,subwp,524,05,8,441635214,exito,,463.68,0,0,"[0.0, 27.47670618341004]"
3519,goal_352,9,col_approach,3031,273.91,05,subwp,524,1,E2.1,E2.1-R0,False,subwp,524,05,9,1834344728,col_approach,approach,96.992,0,0,"[0.0, -27.565108529001375]"
3520,goal_352,10,exito,14480,2325.8,05,subwp,524,1,E2.1,E2.1-R0,False,subwp,524,05,10,788764830,exito,,463.36,0,0,"[0.0, 17.125457700242293]"
3521,goal_353,1,exito,14857,2371.36,05,subwp,524,1,E2.1,E2.1-R0,False,subwp,524,05,1,1640552307,exito,,475.424,0,0,"[0.0, -8.101951374257087]"
3522,goal_353,2,exito,14857,2371.32,05,subwp,524,1,E2.1,E2.1-R0,False,subwp,524,05,2,4173432521,exito,,475.424,0,0,"[0.0, -0.03834742878060071]"
3523,goal_353,3,exito,14857,2371.31,05,subwp,524,1,E2.1,E2.1-R0,False,subwp,524,05,3,2412164703,exito,,475.424,0,0,"[0.0, 26.742994336629092]"
3524,goal_353,4,exito,14857,2371.35,05,subwp,524,1,E2.1,E2.1-R0,False,subwp,524,05,4,295838716,exito,,475.424,0,0,"[0.0, -16.764223563607825]"
3525,goal_353,5,exito,14857,2367.31,05,subwp,524,1,E2.1,E2.1-R0,False,subwp,524,05,5,1722094442,exito,,475.424,0,0,"[0.0, 7.243882764075034]"
3526,goal_353,6,exito,14866,2303.34,05,subwp,524,1,E2.1,E2.1-R0,False,subwp,524,05,6,4289479376,exito,,475.712,0,0,"[0.0, 0.10859016900861107]"
3527,goal_353,7,col_approach,2871,230.9,05,subwp,524,1,E2.1,E2.1-R0,False,subwp,524,05,7,2292937286,col_approach,approach,91.872,0,0,"[0.0, -21.67950119192924]"
3528,goal_353,8,col_return,9833,1379.94,05,subwp,524,1,E2.1,E2.1-R0,False,subwp,524,05,8,403992535,col_return,return,314.656,0,0,"[0.0, 21.057190816307227]"
3529,goal_353,9,exito,14848,2371.34,05,subwp,524,1,E2.1,E2.1-R0,False,subwp,524,05,9,1863540545,exito,,475.136,0,0,"[0.0, 24.961576080920036]"
3530,goal_353,10,exito,14857,2371.36,05,subwp,524,1,E2.1,E2.1-R0,False,subwp,524,05,10,1035351920,exito,,475.424,0,0,"[0.0, 6.864231524975515]"
3531,goal_354,1,exito,14784,2365.53,05,subwp,524,1,E2.1,E2.1-R0,False,subwp,524,05,1,1611316548,exito,,473.088,0,0,"[0.0, 16.828021451598218]"
3532,goal_354,2,exito,14784,2332.1,05,subwp,524,1,E2.1,E2.1-R0,False,subwp,524,05,2,4177784062,exito,,473.088,0,0,"[0.0, 16.05859890981669]"
3533,goal_354,3,col_return,8988,1261.84,05,subwp,524,1,E2.1,E2.1-R0,False,subwp,524,05,3,2382683240,col_return,return,287.616,0,0,"[0.0, 19.09674936735948]"
3534,goal_354,4,exito,14774,2343.07,05,subwp,524,1,E2.1,E2.1-R0,False,subwp,524,05,4,274745803,exito,,472.768,0,0,"[0.0, 9.119818275786631]"
3535,goal_354,5,exito,14784,2356.17,05,subwp,524,1,E2.1,E2.1-R0,False,subwp,524,05,5,1734834525,exito,,473.088,0,0,"[0.0, -4.972416665103559]"
3536,goal_354,6,exito,14784,2362.2,05,subwp,524,1,E2.1,E2.1-R0,False,subwp,524,05,6,4268632295,exito,,473.088,0,0,"[0.0, -20.091748427222175]"
3537,goal_354,7,exito,14784,2364.43,05,subwp,524,1,E2.1,E2.1-R0,False,subwp,524,05,7,2305366129,exito,,473.088,0,0,"[0.0, 21.900626177788588]"
3538,goal_354,8,exito,14784,2365.52,05,subwp,524,1,E2.1,E2.1-R0,False,subwp,524,05,8,433456608,exito,,473.088,0,0,"[0.0, -22.370115212708974]"
3539,goal_354,9,exito,14784,2365.53,05,subwp,524,1,E2.1,E2.1-R0,False,subwp,524,05,9,1859204470,exito,,473.088,0,0,"[0.0, -29.354595129115907]"
3540,goal_354,10,exito,14784,2304.79,05,subwp,524,1,E2.1,E2.1-R0,False,subwp,524,05,10,2232045589,exito,,473.088,0,0,"[0.0, -3.797375255204345]"
3541,goal_355,1,exito,15097,2402.63,05,subwp,524,1,E2.1,E2.1-R0,False,subwp,524,05,1,1699064769,exito,,483.104,0,0,"[0.0, -20.320528098889458]"
3542,goal_355,2,exito,15099,2408.43,05,subwp,524,1,E2.1,E2.1-R0,False,subwp,524,05,2,4232903291,exito,,483.168,0,0,"[0.0, 28.09837205998164]"
3543,goal_355,3,exito,15097,2408.74,05,subwp,524,1,E2.1,E2.1-R0,False,subwp,524,05,3,2337000173,exito,,483.104,0,0,"[0.0, 9.143467190075118]"
3544,goal_355,4,exito,15097,2408.71,05,subwp,524,1,E2.1,E2.1-R0,False,subwp,524,05,4,355426126,exito,,483.104,0,0,"[0.0, 10.236981539394435]"
3545,goal_355,5,exito,15097,2408.71,05,subwp,524,1,E2.1,E2.1-R0,False,subwp,524,05,5,1646817240,exito,,483.104,0,0,"[0.0, -23.45931375723237]"
3546,goal_355,6,exito,15099,2408.47,05,subwp,524,1,E2.1,E2.1-R0,False,subwp,524,05,6,4213259874,exito,,483.168,0,0,"[0.0, 25.986551452853657]"
3547,goal_355,7,exito,15097,2408.71,05,subwp,524,1,E2.1,E2.1-R0,False,subwp,524,05,7,2351304436,exito,,483.104,0,0,"[0.0, -13.205372275665772]"
3548,goal_355,8,exito,15097,2408.68,05,subwp,524,1,E2.1,E2.1-R0,False,subwp,524,05,8,479794021,exito,,483.104,0,0,"[0.0, 25.820881537261087]"
3549,goal_355,9,exito,15097,2408.73,05,subwp,524,1,E2.1,E2.1-R0,False,subwp,524,05,9,1805526003,exito,,483.104,0,0,"[0.0, -29.602567863469197]"
3550,goal_355,10,exito,15097,2408.68,05,subwp,524,1,E2.1,E2.1-R0,False,subwp,524,05,10,417163436,exito,,483.104,0,0,"[0.0, -26.884137859096402]"
3551,goal_356,1,exito,15094,2411.66,05,subwp,524,1,E2.1,E2.1-R0,False,subwp,524,05,1,1686618614,exito,,483.008,0,0,"[0.0, -26.184760434254866]"
3552,goal_356,2,exito,15094,2411.64,05,subwp,524,1,E2.1,E2.1-R0,False,subwp,524,05,2,4253978700,exito,,483.008,0,0,"[0.0, -27.790439552772522]"
3553,goal_356,3,exito,15094,2411.41,05,subwp,524,1,E2.1,E2.1-R0,False,subwp,524,05,3,2324275418,exito,,483.008,0,0,"[0.0, -0.8919169355692613]"
3554,goal_356,4,exito,15094,2410.6,05,subwp,524,1,E2.1,E2.1-R0,False,subwp,524,05,4,351090041,exito,,483.008,0,0,"[0.0, 2.5497287237588018]"
3555,goal_356,5,exito,15094,2409.02,05,subwp,524,1,E2.1,E2.1-R0,False,subwp,524,05,5,1676281327,exito,,483.008,0,0,"[0.0, 6.597422381848997]"
3556,goal_356,6,exito,15095,2405.39,05,subwp,524,1,E2.1,E2.1-R0,False,subwp,524,05,6,4209202261,exito,,483.04,0,0,"[0.0, 25.212660197561302]"
3557,goal_356,7,exito,15094,2398.88,05,subwp,524,1,E2.1,E2.1-R0,False,subwp,524,05,7,2380555459,exito,,483.008,0,0,"[0.0, -22.66111741825697]"
3558,goal_356,8,exito,15094,2385.44,05,subwp,524,1,E2.1,E2.1-R0,False,subwp,524,05,8,492534098,exito,,483.008,0,0,"[0.0, -3.543744471892729]"
3559,goal_356,9,col_approach,2880,246.21,05,subwp,524,1,E2.1,E2.1-R0,False,subwp,524,05,9,1784433092,col_approach,approach,92.16,0,0,"[0.0, 28.84504054813282]"
3560,goal_356,10,exito,15084,2411.41,05,subwp,524,1,E2.1,E2.1-R0,False,subwp,524,05,10,2690715593,exito,,482.688,0,0,"[0.0, 27.200361344708522]"
3561,goal_357,1,exito,15313,2439.9,05,subwp,524,1,E2.1,E2.1-R0,False,subwp,524,05,1,1723957167,exito,,490.016,0,0,"[0.0, 20.327360263596795]"
3562,goal_357,2,exito,15313,2432.59,05,subwp,524,1,E2.1,E2.1-R0,False,subwp,524,05,2,4291309077,exito,,490.016,0,0,"[0.0, -29.74420431878211]"
3563,goal_357,3,col_return,10363,1452.41,05,subwp,524,1,E2.1,E2.1-R0,False,subwp,524,05,3,2295275139,col_return,return,331.616,0,0,"[0.0, 10.064934450705532]"
3564,goal_357,4,exito,15301,2440.1,05,subwp,524,1,E2.1,E2.1-R0,False,subwp,524,05,4,380341024,exito,,489.632,0,0,"[0.0, 21.197433219884974]"
3565,goal_357,5,exito,15313,2440.19,05,subwp,524,1,E2.1,E2.1-R0,False,subwp,524,05,5,1638710198,exito,,490.016,0,0,"[0.0, 2.527692872361287]"
3566,goal_357,6,exito,15313,2438.45,05,subwp,524,1,E2.1,E2.1-R0,False,subwp,524,05,6,4171622924,exito,,490.016,0,0,"[0.0, 21.529674153398627]"
3567,goal_357,7,exito,15313,2417.02,05,subwp,524,1,E2.1,E2.1-R0,False,subwp,524,05,7,2409814682,exito,,490.016,0,0,"[0.0, -5.247283609552371]"
3568,goal_357,8,exito,15312,2402.18,05,subwp,524,1,E2.1,E2.1-R0,False,subwp,524,05,8,522045195,exito,,489.984,0,0,"[0.0, -4.308829623069014]"
3569,goal_357,9,exito,15313,2436.56,05,subwp,524,1,E2.1,E2.1-R0,False,subwp,524,05,9,1746597789,exito,,490.016,0,0,"[0.0, 25.014308182222543]"
3570,goal_357,10,exito,15313,2440.19,05,subwp,524,1,E2.1,E2.1-R0,False,subwp,524,05,10,3000279079,exito,,490.016,0,0,"[0.0, 19.904544129465446]"
3571,goal_358,1,exito,15376,2454.45,05,subwp,524,1,E2.1,E2.1-R0,False,subwp,524,05,1,1728255384,exito,,492.032,0,0,"[0.0, -28.041593865899724]"
3572,goal_358,2,exito,15376,2444.69,05,subwp,524,1,E2.1,E2.1-R0,False,subwp,524,05,2,4262085666,exito,,492.032,0,0,"[0.0, 12.514738872403735]"
3573,goal_358,3,exito,15376,2457.56,05,subwp,524,1,E2.1,E2.1-R0,False,subwp,524,05,3,2299360436,exito,,492.032,0,0,"[0.0, 19.18985134651114]"
3574,goal_358,4,exito,15376,2457.52,05,subwp,524,1,E2.1,E2.1-R0,False,subwp,524,05,4,392814871,exito,,492.032,0,0,"[0.0, 11.941703088303575]"
3575,goal_358,5,exito,15376,2457.56,05,subwp,524,1,E2.1,E2.1-R0,False,subwp,524,05,5,1617875329,exito,,492.032,0,0,"[0.0, -13.974872703359091]"
3576,goal_358,6,exito,15376,2456.03,05,subwp,524,1,E2.1,E2.1-R0,False,subwp,524,05,6,4184309819,exito,,492.032,0,0,"[0.0, -8.643290173387532]"
3577,goal_358,7,exito,15376,2430.16,05,subwp,524,1,E2.1,E2.1-R0,False,subwp,524,05,7,2388701357,exito,,492.032,0,0,"[0.0, -12.924690236284231]"
3578,goal_358,8,col_return,10281,1460.79,05,subwp,524,1,E2.1,E2.1-R0,False,subwp,524,05,8,517975356,col_return,return,328.992,0,0,"[0.0, -14.072970171292758]"
3579,goal_358,9,exito,15366,2457.31,05,subwp,524,1,E2.1,E2.1-R0,False,subwp,524,05,9,1775803818,exito,,491.712,0,0,"[0.0, 5.151060987759322]"
3580,goal_358,10,exito,15376,2457.36,05,subwp,524,1,E2.1,E2.1-R0,False,subwp,524,05,10,174638914,exito,,492.032,0,0,"[0.0, 9.873006355582971]"
3581,goal_359,1,exito,15551,2458.41,05,subwp,524,1,E2.1,E2.1-R0,False,subwp,524,05,1,1818186405,exito,,497.632,0,0,"[0.0, 25.94495315763502]"
3582,goal_359,2,exito,15551,2458.43,05,subwp,524,1,E2.1,E2.1-R0,False,subwp,524,05,2,4116054815,exito,,497.632,0,0,"[0.0, 4.676029784885736]"
3583,goal_359,3,exito,15551,2470.96,05,subwp,524,1,E2.1,E2.1-R0,False,subwp,524,05,3,2186359689,exito,,497.632,0,0,"[0.0, 11.260971452377033]"
3584,goal_359,4,exito,15551,2433.71,05,subwp,524,1,E2.1,E2.1-R0,False,subwp,524,05,4,473277994,exito,,497.632,0,0,"[0.0, 7.576185917570304]"
3585,goal_359,5,exito,15551,2470.9,05,subwp,524,1,E2.1,E2.1-R0,False,subwp,524,05,5,1798477500,exito,,497.632,0,0,"[0.0, 26.580428582050708]"
3586,goal_359,6,exito,15551,2470.85,05,subwp,524,1,E2.1,E2.1-R0,False,subwp,524,05,6,4064003846,exito,,497.632,0,0,"[0.0, 28.535952448775422]"
3587,goal_359,7,exito,15551,2457.53,05,subwp,524,1,E2.1,E2.1-R0,False,subwp,524,05,7,2235365264,exito,,497.632,0,0,"[0.0, -18.292526196008716]"
3588,goal_359,8,col_return,10426,1467.4,05,subwp,524,1,E2.1,E2.1-R0,False,subwp,524,05,8,360966657,col_return,return,333.632,0,0,"[0.0, -11.699696243356765]"
3589,goal_359,9,exito,15541,2470.68,05,subwp,524,1,E2.1,E2.1-R0,False,subwp,524,05,9,1652873879,exito,,497.312,0,0,"[0.0, 20.081648043387432]"
3590,goal_359,10,exito,15551,2467.77,05,subwp,524,1,E2.1,E2.1-R0,False,subwp,524,05,10,1376507668,exito,,497.632,0,0,"[0.0, -15.279984469091449]"
3591,goal_360,1,col_approach,2788,234.3,05,subwp,524,1,E2.1,E2.1-R0,False,subwp,524,05,1,1839020178,col_approach,approach,89.216,0,0,"[0.0, -1.3513727350263682]"
3592,goal_360,2,exito,15631,2479.95,05,subwp,524,1,E2.1,E2.1-R0,False,subwp,524,05,2,4103366952,exito,,500.192,0,0,"[0.0, -25.62431014225661]"
3593,goal_360,3,col_return,10499,1482.5,05,subwp,524,1,E2.1,E2.1-R0,False,subwp,524,05,3,2207472062,col_return,return,335.968,0,0,"[0.0, -7.476491907831225]"
3594,goal_360,4,exito,15631,2488.77,05,subwp,524,1,E2.1,E2.1-R0,False,subwp,524,05,4,502778909,exito,,500.192,0,0,"[0.0, -5.976338153801035]"
3595,goal_360,5,exito,15641,2481.34,05,subwp,524,1,E2.1,E2.1-R0,False,subwp,524,05,5,1794178187,exito,,500.512,0,0,"[0.0, -1.7829925173071048]"
3596,goal_360,6,exito,15639,2479.02,05,subwp,524,1,E2.1,E2.1-R0,False,subwp,524,05,6,4093226289,exito,,500.448,0,0,"[0.0, -27.719889730416373]"
3597,goal_360,7,exito,15641,2489.04,05,subwp,524,1,E2.1,E2.1-R0,False,subwp,524,05,7,2231279015,exito,,500.512,0,0,"[0.0, -10.475639030355238]"
3598,goal_360,8,exito,15641,2488.92,05,subwp,524,1,E2.1,E2.1-R0,False,subwp,524,05,8,339836982,exito,,500.512,0,0,"[0.0, -13.26715481632393]"
3599,goal_360,9,exito,15641,2489.01,05,subwp,524,1,E2.1,E2.1-R0,False,subwp,524,05,9,1665577120,exito,,500.512,0,0,"[0.0, -5.235495403591559]"
3600,goal_360,10,exito,15641,2481.32,05,subwp,524,1,E2.1,E2.1-R0,False,subwp,524,05,10,3937906801,exito,,500.512,0,0,"[0.0, 9.407196410319298]"
3601,goal_361,1,col_return,10563,1487.14,05,subwp,524,1,E2.1,E2.1-R0,False,subwp,524,05,1,1895410931,col_return,return,338.016,0,0,"[0.0, 15.088765439190448]"
3602,goal_361,2,exito,15729,2498.1,05,subwp,524,1,E2.1,E2.1-R0,False,subwp,524,05,2,3924884809,exito,,503.328,0,0,"[0.0, 29.85278069496448]"
3603,goal_361,3,exito,15739,2474.85,05,subwp,524,1,E2.1,E2.1-R0,False,subwp,524,05,3,2667040223,exito,,503.648,0,0,"[0.0, -27.214165050551106]"
3604,goal_361,4,exito,15739,2497.3,05,subwp,524,1,E2.1,E2.1-R0,False,subwp,524,05,4,9656444,exito,,503.648,0,0,"[0.0, 27.13772567616774]"
3605,goal_361,5,col_approach,2804,212.85,05,subwp,524,1,E2.1,E2.1-R0,False,subwp,524,05,5,2006214890,col_approach,approach,89.728,0,0,"[0.0, -29.657645297616455]"
3606,goal_361,6,col_return,10266,1444.81,05,subwp,524,1,E2.1,E2.1-R0,False,subwp,524,05,6,4003281232,col_return,return,328.512,0,0,"[0.0, -6.067742181707743]"
3607,goal_361,7,exito,15729,2497.93,05,subwp,524,1,E2.1,E2.1-R0,False,subwp,524,05,7,2577009094,exito,,503.328,0,0,"[0.0, -10.084267468177275]"
3608,goal_361,8,col_approach,2789,236.8,05,subwp,524,1,E2.1,E2.1-R0,False,subwp,524,05,8,153424983,col_approach,approach,89.248,0,0,"[0.0, 7.811535890673156]"
3609,goal_361,9,exito,15727,2482.62,05,subwp,524,1,E2.1,E2.1-R0,False,subwp,524,05,9,2116166849,exito,,503.264,0,0,"[0.0, -18.510569084848644]"
3610,goal_361,10,col_return,10517,1477.65,05,subwp,524,1,E2.1,E2.1-R0,False,subwp,524,05,10,3491726635,col_return,return,336.544,0,0,"[0.0, -22.818108564595246]"
3611,goal_362,1,exito,15832,2517.89,05,subwp,524,1,E2.1,E2.1-R0,False,subwp,524,05,1,1899742916,exito,,506.624,0,0,"[0.0, 14.306337116530761]"
3612,goal_362,2,col_approach,2849,241.65,05,subwp,524,1,E2.1,E2.1-R0,False,subwp,524,05,2,3895629694,col_approach,approach,91.168,0,0,"[0.0, 0.944140142001586]"
3613,goal_362,3,exito,15833,2498.62,05,subwp,524,1,E2.1,E2.1-R0,False,subwp,524,05,3,2671093736,exito,,506.656,0,0,"[0.0, -14.029187221006092]"
3614,goal_362,4,col_return,10542,1490.3,05,subwp,524,1,E2.1,E2.1-R0,False,subwp,524,05,4,22098507,col_return,return,337.344,0,0,"[0.0, 6.713323002637377]"
3615,goal_362,5,exito,15832,2517.92,05,subwp,524,1,E2.1,E2.1-R0,False,subwp,524,05,5,1985348317,exito,,506.624,0,0,"[0.0, 23.30728878084961]"
3616,goal_362,6,col_approach,2818,237.61,05,subwp,524,1,E2.1,E2.1-R0,False,subwp,524,05,6,4016001895,col_approach,approach,90.176,0,0,"[0.0, -22.80642524638731]"
3617,goal_362,7,exito,15832,2494.68,05,subwp,524,1,E2.1,E2.1-R0,False,subwp,524,05,7,2555929585,exito,,506.624,0,0,"[0.0, 12.374532196840773]"
3618,goal_362,8,col_return,10539,1483.67,05,subwp,524,1,E2.1,E2.1-R0,False,subwp,524,05,8,149388896,col_return,return,337.248,0,0,"[0.0, -17.301983056420113]"
3619,goal_362,9,exito,15832,2517.94,05,subwp,524,1,E2.1,E2.1-R0,False,subwp,524,05,9,2145406710,exito,,506.624,0,0,"[0.0, 11.689778957570912]"
3620,goal_362,10,col_approach,2807,236.24,05,subwp,524,1,E2.1,E2.1-R0,False,subwp,524,05,10,1755570766,col_approach,approach,89.824,0,0,"[0.0, 14.702111827657994]"
3621,goal_363,1,col_return,11029,1541.54,05,subwp,524,1,E2.1,E2.1-R0,False,subwp,524,05,1,1937602717,col_return,return,352.928,0,0,"[0.0, 23.269035251579098]"
3622,goal_363,2,exito,15973,2532.23,05,subwp,524,1,E2.1,E2.1-R0,False,subwp,524,05,2,3933481255,exito,,511.136,0,0,"[0.0, 8.463779411601134]"
3623,goal_363,3,exito,15983,2499.43,05,subwp,524,1,E2.1,E2.1-R0,False,subwp,524,05,3,2641566129,exito,,511.456,0,0,"[0.0, -4.977684488152169]"
3624,goal_363,4,exito,15983,2532.45,05,subwp,524,1,E2.1,E2.1-R0,False,subwp,524,05,4,51874834,exito,,511.456,0,0,"[0.0, -29.071650430136998]"
3625,goal_363,5,exito,15983,2532.53,05,subwp,524,1,E2.1,E2.1-R0,False,subwp,524,05,5,1947253892,exito,,511.456,0,0,"[0.0, 26.267116244750863]"
3626,goal_363,6,exito,15983,2491.79,05,subwp,524,1,E2.1,E2.1-R0,False,subwp,524,05,6,3977899326,exito,,511.456,0,0,"[0.0, 26.298208076777698]"
3627,goal_363,7,col_return,10545,1479.37,05,subwp,524,1,E2.1,E2.1-R0,False,subwp,524,05,7,2585714088,col_return,return,337.44,0,0,"[0.0, 24.06488672717802]"
3628,goal_363,8,exito,15973,2532.19,05,subwp,524,1,E2.1,E2.1-R0,False,subwp,524,05,8,178372665,exito,,511.136,0,0,"[0.0, 26.20576107326121]"
3629,goal_363,9,exito,15985,2523.08,05,subwp,524,1,E2.1,E2.1-R0,False,subwp,524,05,9,2108092591,exito,,511.52,0,0,"[0.0, 12.944584410587616]"
3630,goal_363,10,col_approach,2789,222.12,05,subwp,524,1,E2.1,E2.1-R0,False,subwp,524,05,10,2048282016,col_approach,approach,89.248,0,0,"[0.0, 12.177371839497464]"
3631,goal_364,1,col_return,10438,1460.0,05,subwp,524,1,E2.1,E2.1-R0,False,subwp,524,05,1,1925124778,col_return,return,334.016,0,0,"[0.0, -26.703241970713457]"
3632,goal_364,2,exito,16057,2544.14,05,subwp,524,1,E2.1,E2.1-R0,False,subwp,524,05,2,3954590480,exito,,513.824,0,0,"[0.0, 12.924271371017833]"
3633,goal_364,3,exito,16065,2545.91,05,subwp,524,1,E2.1,E2.1-R0,False,subwp,524,05,3,2628875142,exito,,514.08,0,0,"[0.0, 15.997209295028405]"
3634,goal_364,4,exito,16065,2546.57,05,subwp,524,1,E2.1,E2.1-R0,False,subwp,524,05,4,47572517,exito,,514.08,0,0,"[0.0, 18.164789824195065]"
3635,goal_364,5,exito,16065,2507.11,05,subwp,524,1,E2.1,E2.1-R0,False,subwp,524,05,5,1976751795,exito,,514.08,0,0,"[0.0, 8.93348769021171]"
3636,goal_364,6,col_return,10594,1488.99,05,subwp,524,1,E2.1,E2.1-R0,False,subwp,524,05,6,3973809929,col_return,return,339.008,0,0,"[0.0, 18.09720806035042]"
3637,goal_364,7,exito,16057,2546.3,05,subwp,524,1,E2.1,E2.1-R0,False,subwp,524,05,7,2614933407,exito,,513.824,0,0,"[0.0, 12.305385206266015]"
3638,goal_364,8,exito,16068,2543.51,05,subwp,524,1,E2.1,E2.1-R0,False,subwp,524,05,8,191080974,exito,,514.176,0,0,"[0.0, 13.098898882259448]"
3639,goal_364,9,exito,16068,2544.13,05,subwp,524,1,E2.1,E2.1-R0,False,subwp,524,05,9,2086967960,exito,,514.176,0,0,"[0.0, -22.300697438370285]"
3640,goal_364,10,exito,16065,2527.7,05,subwp,524,1,E2.1,E2.1-R0,False,subwp,524,05,10,3265931973,exito,,514.08,0,0,"[0.0, -3.6885054547056906]"
3641,goal_365,1,col_return,10742,1510.15,05,subwp,524,1,E2.1,E2.1-R0,False,subwp,524,05,1,2012218415,col_return,return,343.744,0,0,"[0.0, -9.399159978570955]"
3642,goal_365,2,exito,16227,2567.08,05,subwp,524,1,E2.1,E2.1-R0,False,subwp,524,05,2,4009317781,exito,,519.264,0,0,"[0.0, 7.778566867639832]"
3643,goal_365,3,exito,16237,2567.21,05,subwp,524,1,E2.1,E2.1-R0,False,subwp,524,05,3,2583586051,exito,,519.584,0,0,"[0.0, -16.984862874432693]"
3644,goal_365,4,exito,16237,2567.68,05,subwp,524,1,E2.1,E2.1-R0,False,subwp,524,05,4,127594656,exito,,519.584,0,0,"[0.0, 19.215776185785707]"
3645,goal_365,5,col_return,11020,1550.78,05,subwp,524,1,E2.1,E2.1-R0,False,subwp,524,05,5,1889386550,col_return,return,352.64,0,0,"[0.0, 17.465403866516823]"
3646,goal_365,6,exito,16227,2567.45,05,subwp,524,1,E2.1,E2.1-R0,False,subwp,524,05,6,3918827916,exito,,519.264,0,0,"[0.0, -27.807490521187557]"
3647,goal_365,7,exito,16236,2559.1,05,subwp,524,1,E2.1,E2.1-R0,False,subwp,524,05,7,2660475162,exito,,519.552,0,0,"[0.0, 14.246333179509092]"
3648,goal_365,8,exito,16236,2567.35,05,subwp,524,1,E2.1,E2.1-R0,False,subwp,524,05,8,237812875,exito,,519.552,0,0,"[0.0, 26.65777704669026]"
3649,goal_365,9,col_return,11167,1566.82,05,subwp,524,1,E2.1,E2.1-R0,False,subwp,524,05,9,2032897053,col_return,return,357.344,0,0,"[0.0, -24.232556885058543]"
3650,goal_365,10,exito,16227,2567.44,05,subwp,524,1,E2.1,E2.1-R0,False,subwp,524,05,10,1602032252,exito,,519.264,0,0,"[0.0, 5.688973299615343]"
3651,goal_366,1,exito,16286,2556.32,05,subwp,524,1,E2.1,E2.1-R0,False,subwp,524,05,1,1983016472,exito,,521.152,0,0,"[0.0, 18.832773179920526]"
3652,goal_366,2,exito,16286,2573.03,05,subwp,524,1,E2.1,E2.1-R0,False,subwp,524,05,2,4013637538,exito,,521.152,0,0,"[0.0, 4.678164695326121]"
3653,goal_366,3,col_return,11208,1576.56,05,subwp,524,1,E2.1,E2.1-R0,False,subwp,524,05,3,2554072884,col_return,return,358.656,0,0,"[0.0, 29.855286325643306]"
3654,goal_366,4,exito,16276,2577.01,05,subwp,524,1,E2.1,E2.1-R0,False,subwp,524,05,4,106470039,exito,,520.832,0,0,"[0.0, -16.174889695646367]"
3655,goal_366,5,exito,16286,2563.22,05,subwp,524,1,E2.1,E2.1-R0,False,subwp,524,05,5,1902094849,exito,,521.152,0,0,"[0.0, 28.589875576331753]"
3656,goal_366,6,exito,16287,2576.91,05,subwp,524,1,E2.1,E2.1-R0,False,subwp,524,05,6,3898014651,exito,,521.184,0,0,"[0.0, 2.937119534905437]"
3657,goal_366,7,col_return,11168,1575.16,05,subwp,524,1,E2.1,E2.1-R0,False,subwp,524,05,7,2672937773,col_return,return,357.376,0,0,"[0.0, 0.5431500847145632]"
3658,goal_366,8,exito,16276,2577.04,05,subwp,524,1,E2.1,E2.1-R0,False,subwp,524,05,8,267310780,exito,,520.832,0,0,"[0.0, 18.581305131704255]"
3659,goal_366,9,exito,16286,2565.53,05,subwp,524,1,E2.1,E2.1-R0,False,subwp,524,05,9,2028594730,exito,,521.152,0,0,"[0.0, -0.2538776100134599]"
3660,goal_366,10,exito,16286,2577.24,05,subwp,524,1,E2.1,E2.1-R0,False,subwp,524,05,10,3888215321,exito,,521.152,0,0,"[0.0, 7.889619571972737]"
3661,goal_367,1,col_return,11251,1580.05,05,subwp,524,1,E2.1,E2.1-R0,False,subwp,524,05,1,1953812545,col_return,return,360.032,0,0,"[0.0, -28.626092221029825]"
3662,goal_367,2,exito,16447,2598.82,05,subwp,524,1,E2.1,E2.1-R0,False,subwp,524,05,2,3984425467,exito,,526.304,0,0,"[0.0, -28.11908746983383]"
3663,goal_367,3,exito,16457,2598.15,05,subwp,524,1,E2.1,E2.1-R0,False,subwp,524,05,3,2591732077,exito,,526.624,0,0,"[0.0, -25.458881634044342]"
3664,goal_367,4,exito,16457,2593.34,05,subwp,524,1,E2.1,E2.1-R0,False,subwp,524,05,4,69084366,exito,,526.624,0,0,"[0.0, -17.336861444314657]"
3665,goal_367,5,col_return,10933,1536.04,05,subwp,524,1,E2.1,E2.1-R0,False,subwp,524,05,5,1931023448,col_return,return,349.856,0,0,"[0.0, -8.670520278354516]"
3666,goal_367,6,exito,16447,2598.18,05,subwp,524,1,E2.1,E2.1-R0,False,subwp,524,05,6,3926935010,exito,,526.304,0,0,"[0.0, -7.309598607318309]"
3667,goal_367,7,exito,16457,2599.05,05,subwp,524,1,E2.1,E2.1-R0,False,subwp,524,05,7,2635560308,exito,,526.624,0,0,"[0.0, -20.200151186523733]"
3668,goal_367,8,exito,16457,2560.7,05,subwp,524,1,E2.1,E2.1-R0,False,subwp,524,05,8,229140709,exito,,526.624,0,0,"[0.0, 19.916646256870834]"
3669,goal_367,9,col_return,10791,1514.42,05,subwp,524,1,E2.1,E2.1-R0,False,subwp,524,05,9,2058311795,col_return,return,345.312,0,0,"[0.0, 22.36541938150478]"
3670,goal_367,10,exito,16447,2595.7,05,subwp,524,1,E2.1,E2.1-R0,False,subwp,524,05,10,4118076151,exito,,526.304,0,0,"[0.0, 23.952580323851947]"
3671,goal_368,1,exito,16497,2604.1,05,subwp,524,1,E2.1,E2.1-R0,False,subwp,524,05,1,1974909558,exito,,527.904,0,0,"[0.0, -18.121042534574812]"
3672,goal_368,2,col_return,11441,1608.58,05,subwp,524,1,E2.1,E2.1-R0,False,subwp,524,05,2,3972000716,col_return,return,366.112,0,0,"[0.0, -12.786198998931564]"
3673,goal_368,3,exito,16487,2604.36,05,subwp,524,1,E2.1,E2.1-R0,False,subwp,524,05,3,2612583258,exito,,527.584,0,0,"[0.0, -5.549026862258046]"
3674,goal_368,4,exito,16498,2601.4,05,subwp,524,1,E2.1,E2.1-R0,False,subwp,524,05,4,98324217,exito,,527.936,0,0,"[0.0, 28.115409864917908]"
3675,goal_368,5,exito,16498,2600.43,05,subwp,524,1,E2.1,E2.1-R0,False,subwp,524,05,5,1926987375,exito,,527.936,0,0,"[0.0, -10.076344098018183]"
3676,goal_368,6,col_return,10971,1541.1,05,subwp,524,1,E2.1,E2.1-R0,False,subwp,524,05,6,3956420565,col_return,return,351.072,0,0,"[0.0, 16.061703730768077]"
3677,goal_368,7,exito,16487,2603.86,05,subwp,524,1,E2.1,E2.1-R0,False,subwp,524,05,7,2631212867,exito,,527.584,0,0,"[0.0, -14.450731300821966]"
3678,goal_368,8,exito,16498,2604.67,05,subwp,524,1,E2.1,E2.1-R0,False,subwp,524,05,8,208274130,exito,,527.936,0,0,"[0.0, -29.182206327940822]"
3679,goal_368,9,col_return,11496,1619.84,05,subwp,524,1,E2.1,E2.1-R0,False,subwp,524,05,9,2070753860,col_return,return,367.872,0,0,"[0.0, 22.698170856675873]"
3680,goal_368,10,exito,16487,2604.29,05,subwp,524,1,E2.1,E2.1-R0,False,subwp,524,05,10,1305001362,exito,,527.584,0,0,"[0.0, 7.638911080400654]"
3681,goal_369,1,exito,16701,2628.84,05,subwp,524,1,E2.1,E2.1-R0,False,subwp,524,05,1,2129329483,exito,,534.432,0,0,"[0.0, -20.620747518282336]"
3682,goal_369,2,exito,16703,2594.27,05,subwp,524,1,E2.1,E2.1-R0,False,subwp,524,05,2,3890457841,exito,,534.496,0,0,"[0.0, -19.276724460530342]"
3683,goal_369,3,col_return,10906,1528.11,05,subwp,524,1,E2.1,E2.1-R0,False,subwp,524,05,3,2430901351,col_return,return,348.992,0,0,"[0.0, 29.99278530151128]"
3684,goal_369,4,exito,16692,2625.13,05,subwp,524,1,E2.1,E2.1-R0,False,subwp,524,05,4,243272132,exito,,534.144,0,0,"[0.0, -3.6793259193443406]"
3685,goal_369,5,exito,16706,2600.25,05,subwp,524,1,E2.1,E2.1-R0,False,subwp,524,05,5,2038905170,exito,,534.592,0,0,"[0.0, 16.197994104695738]"
3686,goal_369,6,col_return,11247,1584.49,05,subwp,524,1,E2.1,E2.1-R0,False,subwp,524,05,6,3767429352,col_return,return,359.904,0,0,"[0.0, 28.27695243866849]"
3687,goal_369,7,exito,16692,2634.4,05,subwp,524,1,E2.1,E2.1-R0,False,subwp,524,05,7,2542360702,exito,,534.144,0,0,"[0.0, -21.766593277945866]"
3688,goal_369,8,exito,16702,2632.9,05,subwp,524,1,E2.1,E2.1-R0,False,subwp,524,05,8,120997359,exito,,534.464,0,0,"[0.0, 23.40295189872298]"
3689,goal_369,9,col_return,11423,1610.72,05,subwp,524,1,E2.1,E2.1-R0,False,subwp,524,05,9,1882289529,col_return,return,365.536,0,0,"[0.0, -23.54660858082781]"
3690,goal_369,10,exito,16692,2634.43,05,subwp,524,1,E2.1,E2.1-R0,False,subwp,524,05,10,363572676,exito,,534.144,0,0,"[0.0, -15.927529393339736]"
3691,goal_370,1,exito,16741,2640.95,05,subwp,524,1,E2.1,E2.1-R0,False,subwp,524,05,1,2133366652,exito,,535.712,0,0,"[0.0, -8.687685033876173]"
3692,goal_370,2,col_return,11523,1620.24,05,subwp,524,1,E2.1,E2.1-R0,False,subwp,524,05,2,3860973254,col_return,return,368.736,0,0,"[0.0, 16.559970502135556]"
3693,goal_370,3,exito,16731,2640.71,05,subwp,524,1,E2.1,E2.1-R0,False,subwp,524,05,3,2435249744,exito,,535.392,0,0,"[0.0, 19.37654786709284]"
3694,goal_370,4,exito,16741,2640.98,05,subwp,524,1,E2.1,E2.1-R0,False,subwp,524,05,4,256009203,exito,,535.712,0,0,"[0.0, 10.901004994825918]"
3695,goal_370,5,col_return,11524,1620.45,05,subwp,524,1,E2.1,E2.1-R0,False,subwp,524,05,5,2017809253,col_return,return,368.768,0,0,"[0.0, -26.323509228480628]"
3696,goal_370,6,exito,16731,2640.72,05,subwp,524,1,E2.1,E2.1-R0,False,subwp,524,05,6,3779855071,exito,,535.392,0,0,"[0.0, -4.802888069342348]"
3697,goal_370,7,exito,16741,2640.92,05,subwp,524,1,E2.1,E2.1-R0,False,subwp,524,05,7,2521510473,exito,,535.712,0,0,"[0.0, -28.754271219465416]"
3698,goal_370,8,col_return,11522,1621.31,05,subwp,524,1,E2.1,E2.1-R0,False,subwp,524,05,8,116666328,col_return,return,368.704,0,0,"[0.0, 9.429077940374002]"
3699,goal_370,9,exito,16731,2640.7,05,subwp,524,1,E2.1,E2.1-R0,False,subwp,524,05,9,1911758670,exito,,535.392,0,0,"[0.0, 6.060553444966081]"
3700,goal_370,10,exito,16741,2640.89,05,subwp,524,1,E2.1,E2.1-R0,False,subwp,524,05,10,2904017569,exito,,535.712,0,0,"[0.0, 22.53867408344544]"
3701,goal_371,1,col_return,11620,1631.94,05,subwp,524,1,E2.1,E2.1-R0,False,subwp,524,05,1,3360017302,col_return,return,371.84,0,0,"[0.0, -10.68926918182801]"
3702,goal_371,2,exito,16924,2665.92,05,subwp,524,1,E2.1,E2.1-R0,False,subwp,524,05,2,1363974700,exito,,541.568,0,0,"[0.0, -23.402104180844585]"
3703,goal_371,3,exito,16932,2648.27,05,subwp,524,1,E2.1,E2.1-R0,False,subwp,524,05,3,642493114,exito,,541.824,0,0,"[0.0, 2.14776304675685]"
3704,goal_371,4,col_return,11372,1600.4,05,subwp,524,1,E2.1,E2.1-R0,False,subwp,524,05,4,3090104089,col_return,return,363.904,0,0,"[0.0, 20.821374954137603]"
3705,goal_371,5,exito,16924,2664.96,05,subwp,524,1,E2.1,E2.1-R0,False,subwp,524,05,5,3475509135,exito,,541.568,0,0,"[0.0, 29.168405609408524]"
3706,goal_371,6,exito,16937,2620.02,05,subwp,524,1,E2.1,E2.1-R0,False,subwp,524,05,6,1445027381,exito,,541.984,0,0,"[0.0, -15.624257055142802]"
3707,goal_371,7,col_return,11264,1579.61,05,subwp,524,1,E2.1,E2.1-R0,False,subwp,524,05,7,556166819,col_return,return,360.448,0,0,"[0.0, 0.5269570832836945]"
3708,goal_371,8,exito,16922,2662.21,05,subwp,524,1,E2.1,E2.1-R0,False,subwp,524,05,8,2979623730,exito,,541.504,0,0,"[0.0, 21.460441953298165]"
3709,goal_371,9,exito,16933,2657.73,05,subwp,524,1,E2.1,E2.1-R0,False,subwp,524,05,9,3332260772,exito,,541.856,0,0,"[0.0, -9.904633869562307]"
3710,goal_371,10,col_return,11199,1572.96,05,subwp,524,1,E2.1,E2.1-R0,False,subwp,524,05,10,3984567451,col_return,return,358.368,0,0,"[0.0, 1.6618617713996242]"
3711,goal_372,1,exito,16945,2664.07,05,subwp,524,1,E2.1,E2.1-R0,False,subwp,524,05,1,3381109153,exito,,542.24,0,0,"[0.0, 14.849843348622054]"
3712,goal_372,2,exito,16955,2660.78,05,subwp,524,1,E2.1,E2.1-R0,False,subwp,524,05,2,1351544859,exito,,542.56,0,0,"[0.0, -5.979729618108824]"
3713,goal_372,3,col_return,11154,1565.87,05,subwp,524,1,E2.1,E2.1-R0,False,subwp,524,05,3,663339149,col_return,return,356.928,0,0,"[0.0, 25.7211482033136]"
3714,goal_372,4,exito,16945,2660.82,05,subwp,524,1,E2.1,E2.1-R0,False,subwp,524,05,4,3119338798,exito,,542.24,0,0,"[0.0, -16.159258893494094]"
3715,goal_372,5,exito,16953,2656.1,05,subwp,524,1,E2.1,E2.1-R0,False,subwp,524,05,5,3471467960,exito,,542.496,0,0,"[0.0, -9.340058683821638]"
3716,goal_372,6,col_return,11132,1559.22,05,subwp,524,1,E2.1,E2.1-R0,False,subwp,524,05,6,1474507778,col_return,return,356.224,0,0,"[0.0, -7.92584287136483]"
3717,goal_372,7,exito,16945,2658.23,05,subwp,524,1,E2.1,E2.1-R0,False,subwp,524,05,7,551814292,exito,,542.24,0,0,"[0.0, 14.203743949718318]"
3718,goal_372,8,exito,16955,2652.77,05,subwp,524,1,E2.1,E2.1-R0,False,subwp,524,05,8,2958760197,exito,,542.56,0,0,"[0.0, 16.931219102412488]"
3719,goal_372,9,col_return,11114,1560.41,05,subwp,524,1,E2.1,E2.1-R0,False,subwp,524,05,9,3344705939,col_return,return,355.648,0,0,"[0.0, -3.147957749571897]"
3720,goal_372,10,exito,16945,2656.62,05,subwp,524,1,E2.1,E2.1-R0,False,subwp,524,05,10,1438895102,exito,,542.24,0,0,"[0.0, -7.61231705938277]"
3721,goal_373,1,exito,16627,2614.09,05,subwp,524,1,E2.1,E2.1-R0,False,subwp,524,05,1,3418431480,exito,,532.064,0,0,"[0.0, 23.568366517954217]"
3722,goal_373,2,col_return,11110,1548.67,05,subwp,524,1,E2.1,E2.1-R0,False,subwp,524,05,2,1388858946,col_return,return,355.52,0,0,"[0.0, -3.620268676118854]"
3723,goal_373,3,exito,16617,2614.76,05,subwp,524,1,E2.1,E2.1-R0,False,subwp,524,05,3,634355412,exito,,531.744,0,0,"[0.0, 3.4685293201464718]"
3724,goal_373,4,exito,16627,2615.65,05,subwp,524,1,E2.1,E2.1-R0,False,subwp,524,05,4,3148606327,exito,,532.064,0,0,"[0.0, 3.7724565779739128]"
3725,goal_373,5,col_return,11425,1600.96,05,subwp,524,1,E2.1,E2.1-R0,False,subwp,524,05,5,3433880545,col_return,return,365.6,0,0,"[0.0, -0.36055382134748903]"
3726,goal_373,6,exito,16617,2614.77,05,subwp,524,1,E2.1,E2.1-R0,False,subwp,524,05,6,1436912219,exito,,531.744,0,0,"[0.0, 25.274613377303083]"
3727,goal_373,7,exito,16627,2615.7,05,subwp,524,1,E2.1,E2.1-R0,False,subwp,524,05,7,581089997,exito,,532.064,0,0,"[0.0, 15.628461576754642]"
3728,goal_373,8,col_return,11585,1624.82,05,subwp,524,1,E2.1,E2.1-R0,False,subwp,524,05,8,2988287836,col_return,return,370.72,0,0,"[0.0, 16.025387241569845]"
3729,goal_373,9,exito,16617,2614.75,05,subwp,524,1,E2.1,E2.1-R0,False,subwp,524,05,9,3306854346,exito,,531.744,0,0,"[0.0, -16.61946617459654]"
3730,goal_373,10,exito,16627,2615.23,05,subwp,524,1,E2.1,E2.1-R0,False,subwp,524,05,10,1198941200,exito,,532.064,0,0,"[0.0, -15.354168693680046]"
3731,goal_374,1,exito,16346,2583.88,05,subwp,524,1,E2.1,E2.1-R0,False,subwp,524,05,1,3389224399,exito,,523.072,0,0,"[0.0, -24.47580864735661]"
3732,goal_374,2,col_return,10864,1533.39,05,subwp,524,1,E2.1,E2.1-R0,False,subwp,524,05,2,1393173621,col_return,return,347.648,0,0,"[0.0, 22.494624228071448]"
3733,goal_374,3,exito,16336,2591.8,05,subwp,524,1,E2.1,E2.1-R0,False,subwp,524,05,3,604837091,exito,,522.752,0,0,"[0.0, -16.29493742867387]"
3734,goal_374,4,exito,16346,2591.93,05,subwp,524,1,E2.1,E2.1-R0,False,subwp,524,05,4,3127476544,exito,,523.072,0,0,"[0.0, 2.585520245241688]"
3735,goal_374,5,exito,16346,2588.44,05,subwp,524,1,E2.1,E2.1-R0,False,subwp,524,05,5,3446583766,exito,,523.072,0,0,"[0.0, 12.889543793233402]"
3736,goal_374,6,col_return,10912,1540.49,05,subwp,524,1,E2.1,E2.1-R0,False,subwp,524,05,6,1416093804,col_return,return,349.184,0,0,"[0.0, -18.516248178352196]"
3737,goal_374,7,exito,16336,2591.77,05,subwp,524,1,E2.1,E2.1-R0,False,subwp,524,05,7,593547514,exito,,522.752,0,0,"[0.0, -20.59369246518732]"
3738,goal_374,8,exito,16346,2591.98,05,subwp,524,1,E2.1,E2.1-R0,False,subwp,524,05,8,3017788779,exito,,523.072,0,0,"[0.0, 12.62746877848603]"
3739,goal_374,9,exito,16346,2589.83,05,subwp,524,1,E2.1,E2.1-R0,False,subwp,524,05,9,3302555133,exito,,523.072,0,0,"[0.0, 20.161523430614995]"
3740,goal_374,10,col_return,10944,1544.93,05,subwp,524,1,E2.1,E2.1-R0,False,subwp,524,05,10,4291429237,col_return,return,350.208,0,0,"[0.0, -23.48313409232762]"
3741,goal_375,1,exito,16497,2594.93,05,subwp,524,1,E2.1,E2.1-R0,False,subwp,524,05,1,3477889866,exito,,527.904,0,0,"[0.0, -10.596087586443437]"
3742,goal_375,2,exito,16509,2595.67,05,subwp,524,1,E2.1,E2.1-R0,False,subwp,524,05,2,1447375600,exito,,528.288,0,0,"[0.0, -2.1151226545695945]"
3743,goal_375,3,col_return,11568,1604.19,05,subwp,524,1,E2.1,E2.1-R0,False,subwp,524,05,3,557974118,col_return,return,370.176,0,0,"[0.0, -28.12191999523983]"
3744,goal_375,4,exito,16499,2595.34,05,subwp,524,1,E2.1,E2.1-R0,False,subwp,524,05,4,3206977477,exito,,527.968,0,0,"[0.0, -5.894346380271749]"
3745,goal_375,5,exito,16509,2595.56,05,subwp,524,1,E2.1,E2.1-R0,False,subwp,524,05,5,3357648723,exito,,528.288,0,0,"[0.0, -26.421801945627973]"
3746,goal_375,6,exito,16508,2591.64,05,subwp,524,1,E2.1,E2.1-R0,False,subwp,524,05,6,1361639145,exito,,528.256,0,0,"[0.0, -27.658886201493832]"
3747,goal_375,7,col_return,11008,1530.23,05,subwp,524,1,E2.1,E2.1-R0,False,subwp,524,05,7,640665215,col_return,return,352.256,0,0,"[0.0, 6.468608054182399]"
3748,goal_375,8,exito,16499,2595.39,05,subwp,524,1,E2.1,E2.1-R0,False,subwp,524,05,8,3062946798,exito,,527.968,0,0,"[0.0, -29.857926033985763]"
3749,goal_375,9,exito,16509,2595.64,05,subwp,524,1,E2.1,E2.1-R0,False,subwp,524,05,9,3247958904,exito,,528.288,0,0,"[0.0, -0.8466270005036369]"
3750,goal_375,10,col_return,11493,1607.55,05,subwp,524,1,E2.1,E2.1-R0,False,subwp,524,05,10,1646083020,col_return,return,367.776,0,0,"[0.0, 1.9182323288213365]"
3751,goal_376,1,exito,16242,2577.88,05,subwp,524,1,E2.1,E2.1-R0,False,subwp,524,05,1,3465415037,exito,,519.744,0,0,"[0.0, 20.9386137169241]"
3752,goal_376,2,exito,16252,2578.13,05,subwp,524,1,E2.1,E2.1-R0,False,subwp,524,05,2,1468487879,exito,,520.064,0,0,"[0.0, 17.18812119795936]"
3753,goal_376,3,exito,16252,2578.09,05,subwp,524,1,E2.1,E2.1-R0,False,subwp,524,05,3,545286225,exito,,520.064,0,0,"[0.0, 11.933683595970674]"
3754,goal_376,4,col_return,11247,1589.12,05,subwp,524,1,E2.1,E2.1-R0,False,subwp,524,05,4,3202678258,col_return,return,359.904,0,0,"[0.0, 14.482346206344163]"
3755,goal_376,5,exito,16242,2577.93,05,subwp,524,1,E2.1,E2.1-R0,False,subwp,524,05,5,3387149668,exito,,519.744,0,0,"[0.0, 24.083205885760666]"
3756,goal_376,6,exito,16252,2578.14,05,subwp,524,1,E2.1,E2.1-R0,False,subwp,524,05,6,1357552862,exito,,520.064,0,0,"[0.0, 26.201666962282403]"
3757,goal_376,7,exito,16252,2578.1,05,subwp,524,1,E2.1,E2.1-R0,False,subwp,524,05,7,669887560,exito,,520.064,0,0,"[0.0, -15.873282511103522]"
3758,goal_376,8,col_return,11248,1590.73,05,subwp,524,1,E2.1,E2.1-R0,False,subwp,524,05,8,3075650009,col_return,return,359.936,0,0,"[0.0, -23.622715979241732]"
3759,goal_376,9,exito,16242,2577.89,05,subwp,524,1,E2.1,E2.1-R0,False,subwp,524,05,9,3226829135,exito,,519.744,0,0,"[0.0, -26.75139847892032]"
3760,goal_376,10,exito,16252,2578.11,05,subwp,524,1,E2.1,E2.1-R0,False,subwp,524,05,10,3668008105,exito,,520.064,0,0,"[0.0, -10.504212616743146]"
3761,goal_377,1,exito,16268,2561.77,05,subwp,524,1,E2.1,E2.1-R0,False,subwp,524,05,1,3435706148,exito,,520.576,0,0,"[0.0, 5.452446535222617]"
3762,goal_377,2,col_return,11248,1571.66,05,subwp,524,1,E2.1,E2.1-R0,False,subwp,524,05,2,1438770846,col_return,return,359.936,0,0,"[0.0, 17.034039345897384]"
3763,goal_377,3,exito,16259,2561.34,05,subwp,524,1,E2.1,E2.1-R0,False,subwp,524,05,3,583456264,exito,,520.288,0,0,"[0.0, 28.886828452988787]"
3764,goal_377,4,exito,16268,2561.8,05,subwp,524,1,E2.1,E2.1-R0,False,subwp,524,05,4,3164750763,exito,,520.576,0,0,"[0.0, 29.507023011078577]"
3765,goal_377,5,exito,16270,2562.0,05,subwp,524,1,E2.1,E2.1-R0,False,subwp,524,05,5,3416617789,exito,,520.64,0,0,"[0.0, 19.79270515877616]"
3766,goal_377,6,col_return,11217,1567.77,05,subwp,524,1,E2.1,E2.1-R0,False,subwp,524,05,6,1387012743,col_return,return,358.944,0,0,"[0.0, 18.097334764733453]"
3767,goal_377,7,exito,16257,2560.55,05,subwp,524,1,E2.1,E2.1-R0,False,subwp,524,05,7,631968273,exito,,520.224,0,0,"[0.0, 15.218596886556078]"
3768,goal_377,8,exito,16270,2562.07,05,subwp,524,1,E2.1,E2.1-R0,False,subwp,524,05,8,3037990784,exito,,520.64,0,0,"[0.0, -23.954399661212438]"
3769,goal_377,9,exito,16269,2561.51,05,subwp,524,1,E2.1,E2.1-R0,False,subwp,524,05,9,3256041238,exito,,520.608,0,0,"[0.0, -2.794370873904899]"
3770,goal_377,10,col_return,11208,1566.86,05,subwp,524,1,E2.1,E2.1-R0,False,subwp,524,05,10,3356816199,col_return,return,358.656,0,0,"[0.0, 3.5534335679461204]"
3771,goal_378,1,exito,15997,2540.29,05,subwp,524,1,E2.1,E2.1-R0,False,subwp,524,05,1,3440041235,exito,,511.904,0,0,"[0.0, 7.33042873529368]"
3772,goal_378,2,exito,16007,2540.49,05,subwp,524,1,E2.1,E2.1-R0,False,subwp,524,05,2,1409518761,exito,,512.224,0,0,"[0.0, 12.716762989408839]"
3773,goal_378,3,exito,16007,2540.48,05,subwp,524,1,E2.1,E2.1-R0,False,subwp,524,05,3,587512895,exito,,512.224,0,0,"[0.0, -26.159675946657003]"
3774,goal_378,4,exito,16007,2540.49,05,subwp,524,1,E2.1,E2.1-R0,False,subwp,524,05,4,3177195932,exito,,512.224,0,0,"[0.0, -9.119567688045906]"
3775,goal_378,5,col_return,10973,1543.04,05,subwp,524,1,E2.1,E2.1-R0,False,subwp,524,05,5,3395754250,col_return,return,351.136,0,0,"[0.0, 24.937657250319674]"
3776,goal_378,6,exito,15997,2540.3,05,subwp,524,1,E2.1,E2.1-R0,False,subwp,524,05,6,1399736496,exito,,511.904,0,0,"[0.0, 7.81730772950834]"
3777,goal_378,7,exito,16007,2540.46,05,subwp,524,1,E2.1,E2.1-R0,False,subwp,524,05,7,610891814,exito,,512.224,0,0,"[0.0, 2.634206856674439]"
3778,goal_378,8,exito,16007,2540.5,05,subwp,524,1,E2.1,E2.1-R0,False,subwp,524,05,8,3033949623,exito,,512.224,0,0,"[0.0, -5.740686126001169]"
3779,goal_378,9,exito,16007,2540.51,05,subwp,524,1,E2.1,E2.1-R0,False,subwp,524,05,9,3285275937,exito,,512.224,0,0,"[0.0, 3.5994818432192344]"
3780,goal_378,10,col_return,10964,1548.91,05,subwp,524,1,E2.1,E2.1-R0,False,subwp,524,05,10,1890096162,col_return,return,350.848,0,0,"[0.0, 1.62754484515095]"
3781,goal_379,1,exito,16029,2528.49,05,subwp,524,1,E2.1,E2.1-R0,False,subwp,524,05,1,3327564334,exito,,512.928,0,0,"[0.0, 8.37212088488937]"
3782,goal_379,2,exito,16040,2529.1,05,subwp,524,1,E2.1,E2.1-R0,False,subwp,524,05,2,1600113556,exito,,513.28,0,0,"[0.0, -8.537568214524079]"
3783,goal_379,3,exito,16039,2528.79,05,subwp,524,1,E2.1,E2.1-R0,False,subwp,524,05,3,676920066,exito,,513.248,0,0,"[0.0, -18.795893117707244]"
3784,goal_379,4,exito,16040,2529.11,05,subwp,524,1,E2.1,E2.1-R0,False,subwp,524,05,4,3057413793,exito,,513.28,0,0,"[0.0, -29.49302665662882]"
3785,goal_379,5,col_return,10922,1526.43,05,subwp,524,1,E2.1,E2.1-R0,False,subwp,524,05,5,3241893431,col_return,return,349.504,0,0,"[0.0, -3.013864813500886]"
3786,goal_379,6,exito,16029,2528.49,05,subwp,524,1,E2.1,E2.1-R0,False,subwp,524,05,6,1479675789,exito,,512.928,0,0,"[0.0, 19.14751833672963]"
3787,goal_379,7,exito,16039,2528.72,05,subwp,524,1,E2.1,E2.1-R0,False,subwp,524,05,7,792018715,exito,,513.248,0,0,"[0.0, -23.48396623645667]"
3788,goal_379,8,exito,16040,2528.36,05,subwp,524,1,E2.1,E2.1-R0,False,subwp,524,05,8,3213501066,exito,,513.28,0,0,"[0.0, 15.19054968980977]"
3789,goal_379,9,exito,16039,2528.78,05,subwp,524,1,E2.1,E2.1-R0,False,subwp,524,05,9,3364688412,exito,,513.248,0,0,"[0.0, 0.2112199469125131]"
3790,goal_379,10,col_return,10893,1517.3,05,subwp,524,1,E2.1,E2.1-R0,False,subwp,524,05,10,684426356,col_return,return,348.576,0,0,"[0.0, 29.03525063577557]"
3791,goal_380,1,exito,15731,2507.89,05,subwp,524,1,E2.1,E2.1-R0,False,subwp,524,05,1,3348426777,exito,,503.392,0,0,"[0.0, 28.860383237171337]"
3792,goal_380,2,exito,15741,2508.1,05,subwp,524,1,E2.1,E2.1-R0,False,subwp,524,05,2,1587388835,exito,,503.712,0,0,"[0.0, -3.645605831430554]"
3793,goal_380,3,exito,15741,2508.09,05,subwp,524,1,E2.1,E2.1-R0,False,subwp,524,05,3,697995573,exito,,503.712,0,0,"[0.0, -21.671733992139526]"
3794,goal_380,4,exito,15741,2508.08,05,subwp,524,1,E2.1,E2.1-R0,False,subwp,524,05,4,3086877846,exito,,503.712,0,0,"[0.0, -23.512666768967833]"
3795,goal_380,5,exito,15741,2508.08,05,subwp,524,1,E2.1,E2.1-R0,False,subwp,524,05,5,3237557248,exito,,503.712,0,0,"[0.0, 4.784594588844047]"
3796,goal_380,6,exito,15741,2501.44,05,subwp,524,1,E2.1,E2.1-R0,False,subwp,524,05,6,1508926906,exito,,503.712,0,0,"[0.0, -28.562452532341606]"
3797,goal_380,7,col_return,10573,1494.17,05,subwp,524,1,E2.1,E2.1-R0,False,subwp,524,05,7,787961132,col_return,return,338.336,0,0,"[0.0, 8.772148947955555]"
3798,goal_380,8,exito,15731,2507.9,05,subwp,524,1,E2.1,E2.1-R0,False,subwp,524,05,8,3192408253,exito,,503.392,0,0,"[0.0, -25.65861223130497]"
3799,goal_380,9,exito,15741,2508.08,05,subwp,524,1,E2.1,E2.1-R0,False,subwp,524,05,9,3377428523,exito,,503.712,0,0,"[0.0, -15.919626373724773]"
3800,goal_380,10,exito,15741,2508.12,05,subwp,524,1,E2.1,E2.1-R0,False,subwp,524,05,10,2423776017,exito,,503.712,0,0,"[0.0, 25.30142657051096]"
3801,goal_381,1,exito,15840,2503.05,05,subwp,524,1,E2.1,E2.1-R0,False,subwp,524,05,1,2418465728,exito,,506.88,0,0,"[0.0, -7.884773365575757]"
3802,goal_381,2,exito,15840,2503.09,05,subwp,524,1,E2.1,E2.1-R0,False,subwp,524,05,2,154110586,exito,,506.88,0,0,"[0.0, 27.699274619451913]"
3803,goal_381,3,col_return,10923,1507.94,05,subwp,524,1,E2.1,E2.1-R0,False,subwp,524,05,3,2116598508,col_return,return,349.536,0,0,"[0.0, -3.024247178415216]"
3804,goal_381,4,exito,15829,2502.61,05,subwp,524,1,E2.1,E2.1-R0,False,subwp,524,05,4,3763089231,exito,,506.528,0,0,"[0.0, 7.157838291207074]"
3805,goal_381,5,exito,15840,2503.04,05,subwp,524,1,E2.1,E2.1-R0,False,subwp,524,05,5,2538282969,exito,,506.88,0,0,"[0.0, 9.09326085713168]"
3806,goal_381,6,exito,15838,2502.4,05,subwp,524,1,E2.1,E2.1-R0,False,subwp,524,05,6,239226467,exito,,506.816,0,0,"[0.0, 15.289144878869257]"
3807,goal_381,7,exito,15840,2503.02,05,subwp,524,1,E2.1,E2.1-R0,False,subwp,524,05,7,2034597621,exito,,506.88,0,0,"[0.0, 14.427111842320429]"
3808,goal_381,8,exito,15838,2502.25,05,subwp,524,1,E2.1,E2.1-R0,False,subwp,524,05,8,3925500772,exito,,506.816,0,0,"[0.0, 15.192203783084345]"
3809,goal_381,9,col_return,10831,1514.47,05,subwp,524,1,E2.1,E2.1-R0,False,subwp,524,05,9,2667402226,col_return,return,346.592,0,0,"[0.0, -22.21474504380814]"
3810,goal_381,10,exito,15829,2502.61,05,subwp,524,1,E2.1,E2.1-R0,False,subwp,524,05,10,1865366346,exito,,506.528,0,0,"[0.0, -18.8814586570076]"
3811,goal_382,1,exito,15538,2478.0,05,subwp,524,1,E2.1,E2.1-R0,False,subwp,524,05,1,2447684087,exito,,497.216,0,0,"[0.0, 15.856203864838182]"
3812,goal_382,2,exito,15538,2477.84,05,subwp,524,1,E2.1,E2.1-R0,False,subwp,524,05,2,149807181,exito,,497.216,0,0,"[0.0, 12.517235278550675]"
3813,goal_382,3,exito,15538,2477.91,05,subwp,524,1,E2.1,E2.1-R0,False,subwp,524,05,3,2146095323,exito,,497.216,0,0,"[0.0, -1.7244689610979114]"
3814,goal_382,4,exito,15538,2477.86,05,subwp,524,1,E2.1,E2.1-R0,False,subwp,524,05,4,3784197496,exito,,497.216,0,0,"[0.0, 22.62539853536545]"
3815,goal_382,5,exito,15538,2477.89,05,subwp,524,1,E2.1,E2.1-R0,False,subwp,524,05,5,2525591022,exito,,497.216,0,0,"[0.0, -12.630261154261218]"
3816,goal_382,6,exito,15538,2477.9,05,subwp,524,1,E2.1,E2.1-R0,False,subwp,524,05,6,260056148,exito,,497.216,0,0,"[0.0, -22.604384171228823]"
3817,goal_382,7,exito,15538,2470.03,05,subwp,524,1,E2.1,E2.1-R0,False,subwp,524,05,7,2022118594,exito,,497.216,0,0,"[0.0, -23.143907535935956]"
3818,goal_382,8,col_return,10468,1476.13,05,subwp,524,1,E2.1,E2.1-R0,False,subwp,524,05,8,3895986515,col_return,return,334.976,0,0,"[0.0, -29.345916987680134]"
3819,goal_382,9,exito,15528,2477.77,05,subwp,524,1,E2.1,E2.1-R0,False,subwp,524,05,9,2671720901,exito,,496.896,0,0,"[0.0, -14.40661698734119]"
3820,goal_382,10,exito,15538,2477.91,05,subwp,524,1,E2.1,E2.1-R0,False,subwp,524,05,10,3616758831,exito,,497.216,0,0,"[0.0, 11.412228328391482]"
3821,goal_383,1,exito,15597,2470.85,05,subwp,524,1,E2.1,E2.1-R0,False,subwp,524,05,1,2476871598,exito,,499.104,0,0,"[0.0, -11.749391429000504]"
3822,goal_383,2,exito,15597,2471.29,05,subwp,524,1,E2.1,E2.1-R0,False,subwp,524,05,2,179002900,exito,,499.104,0,0,"[0.0, -21.722254445234068]"
3823,goal_383,3,exito,15597,2470.48,05,subwp,524,1,E2.1,E2.1-R0,False,subwp,524,05,3,2108452482,exito,,499.104,0,0,"[0.0, -18.59771103709548]"
3824,goal_383,4,exito,15597,2470.9,05,subwp,524,1,E2.1,E2.1-R0,False,subwp,524,05,4,3821599521,exito,,499.104,0,0,"[0.0, 23.591071835511144]"
3825,goal_383,5,exito,15597,2471.28,05,subwp,524,1,E2.1,E2.1-R0,False,subwp,524,05,5,2496646071,exito,,499.104,0,0,"[0.0, -20.741504741195172]"
3826,goal_383,6,exito,15597,2452.32,05,subwp,524,1,E2.1,E2.1-R0,False,subwp,524,05,6,231119373,exito,,499.104,0,0,"[0.0, -24.034819088759264]"
3827,goal_383,7,col_return,10431,1454.32,05,subwp,524,1,E2.1,E2.1-R0,False,subwp,524,05,7,2059512475,col_return,return,333.792,0,0,"[0.0, 28.34105582521462]"
3828,goal_383,8,exito,15586,2470.62,05,subwp,524,1,E2.1,E2.1-R0,False,subwp,524,05,8,3934172938,exito,,498.752,0,0,"[0.0, 12.076803777746697]"
3829,goal_383,9,exito,15597,2470.9,05,subwp,524,1,E2.1,E2.1-R0,False,subwp,524,05,9,2641987484,exito,,499.104,0,0,"[0.0, 3.5755051654128267]"
3830,goal_383,10,exito,15597,2470.9,05,subwp,524,1,E2.1,E2.1-R0,False,subwp,524,05,10,3307664321,exito,,499.104,0,0,"[0.0, 10.479351031472069]"
3831,goal_384,1,exito,15294,2443.02,05,subwp,524,1,E2.1,E2.1-R0,False,subwp,524,05,1,2455791001,exito,,489.408,0,0,"[0.0, -5.548611234152667]"
3832,goal_384,2,exito,15296,2442.68,05,subwp,524,1,E2.1,E2.1-R0,False,subwp,524,05,2,191444003,exito,,489.472,0,0,"[0.0, 9.817480414477897]"
3833,goal_384,3,exito,15293,2442.77,05,subwp,524,1,E2.1,E2.1-R0,False,subwp,524,05,3,2087584949,exito,,489.376,0,0,"[0.0, 19.444770059392123]"
3834,goal_384,4,exito,15293,2442.78,05,subwp,524,1,E2.1,E2.1-R0,False,subwp,524,05,4,3792343318,exito,,489.376,0,0,"[0.0, -2.6125125536740157]"
3835,goal_384,5,exito,15293,2442.79,05,subwp,524,1,E2.1,E2.1-R0,False,subwp,524,05,5,2500698496,exito,,489.376,0,0,"[0.0, 7.300947004911398]"
3836,goal_384,6,exito,15294,2442.98,05,subwp,524,1,E2.1,E2.1-R0,False,subwp,524,05,6,201650234,exito,,489.408,0,0,"[0.0, -27.78030780129804]"
3837,goal_384,7,exito,15293,2442.83,05,subwp,524,1,E2.1,E2.1-R0,False,subwp,524,05,7,2063843500,exito,,489.376,0,0,"[0.0, 20.96784570907107]"
3838,goal_384,8,exito,15294,2442.63,05,subwp,524,1,E2.1,E2.1-R0,False,subwp,524,05,8,3955023165,exito,,489.408,0,0,"[0.0, 28.730460735719703]"
3839,goal_384,9,exito,15293,2435.48,05,subwp,524,1,E2.1,E2.1-R0,False,subwp,524,05,9,2629561771,exito,,489.376,0,0,"[0.0, 15.570288749677932]"
3840,goal_384,10,col_return,10367,1453.47,05,subwp,524,1,E2.1,E2.1-R0,False,subwp,524,05,10,2107282596,col_return,return,331.744,0,0,"[0.0, 24.68221310762023]"
3841,goal_385,1,exito,15389,2445.31,05,subwp,524,1,E2.1,E2.1-R0,False,subwp,524,05,1,2536469276,exito,,492.448,0,0,"[0.0, 16.31051954593114]"
3842,goal_385,2,exito,15399,2445.53,05,subwp,524,1,E2.1,E2.1-R0,False,subwp,524,05,2,237380262,exito,,492.768,0,0,"[0.0, 20.23366212359862]"
3843,goal_385,3,exito,15399,2445.49,05,subwp,524,1,E2.1,E2.1-R0,False,subwp,524,05,3,2032210480,exito,,492.768,0,0,"[0.0, -29.653386311124986]"
3844,goal_385,4,exito,15399,2445.52,05,subwp,524,1,E2.1,E2.1-R0,False,subwp,524,05,4,3880093587,exito,,492.768,0,0,"[0.0, -9.916946991281305]"
3845,goal_385,5,exito,15399,2445.49,05,subwp,524,1,E2.1,E2.1-R0,False,subwp,524,05,5,2420291333,exito,,492.768,0,0,"[0.0, -3.6983419595111733]"
3846,goal_385,6,exito,15399,2445.47,05,subwp,524,1,E2.1,E2.1-R0,False,subwp,524,05,6,155969215,exito,,492.768,0,0,"[0.0, 8.273242759126521]"
3847,goal_385,7,exito,15399,2445.48,05,subwp,524,1,E2.1,E2.1-R0,False,subwp,524,05,7,2118964777,exito,,492.768,0,0,"[0.0, 3.4974628017041276]"
3848,goal_385,8,exito,15399,2445.5,05,subwp,524,1,E2.1,E2.1-R0,False,subwp,524,05,8,4008954808,exito,,492.768,0,0,"[0.0, 3.5917057319376067]"
3849,goal_385,9,exito,15399,2445.52,05,subwp,524,1,E2.1,E2.1-R0,False,subwp,524,05,9,2582969134,exito,,492.768,0,0,"[0.0, 1.601759477279403]"
3850,goal_385,10,exito,15399,2445.46,05,subwp,524,1,E2.1,E2.1-R0,False,subwp,524,05,10,3763186717,exito,,492.768,0,0,"[0.0, -6.489313035710305]"
3851,goal_386,1,exito,15125,2423.82,05,subwp,524,1,E2.1,E2.1-R0,False,subwp,524,05,1,2532120875,exito,,484.0,0,0,"[0.0, -3.125954887674214]"
3852,goal_386,2,exito,15126,2423.49,05,subwp,524,1,E2.1,E2.1-R0,False,subwp,524,05,2,266619025,exito,,484.032,0,0,"[0.0, 11.117541912161965]"
3853,goal_386,3,exito,15125,2423.26,05,subwp,524,1,E2.1,E2.1-R0,False,subwp,524,05,3,2028173319,exito,,484.0,0,0,"[0.0, -2.3076002244756544]"
3854,goal_386,4,exito,15125,2421.54,05,subwp,524,1,E2.1,E2.1-R0,False,subwp,524,05,4,3867667876,exito,,484.0,0,0,"[0.0, 10.355906006999403]"
3855,goal_386,5,exito,15125,2417.14,05,subwp,524,1,E2.1,E2.1-R0,False,subwp,524,05,5,2441141554,exito,,484.0,0,0,"[0.0, 24.656311134673853]"
3856,goal_386,6,exito,15125,2407.1,05,subwp,524,1,E2.1,E2.1-R0,False,subwp,524,05,6,143232136,exito,,484.0,0,0,"[0.0, -14.287993193553985]"
3857,goal_386,7,exito,15125,2389.37,05,subwp,524,1,E2.1,E2.1-R0,False,subwp,524,05,7,2140060702,exito,,484.0,0,0,"[0.0, 12.822301351781629]"
3858,goal_386,8,col_return,10136,1441.54,05,subwp,524,1,E2.1,E2.1-R0,False,subwp,524,05,8,4013007247,col_return,return,324.352,0,0,"[0.0, 9.548363237336437]"
3859,goal_386,9,exito,15115,2423.6,05,subwp,524,1,E2.1,E2.1-R0,False,subwp,524,05,9,2553712921,exito,,483.68,0,0,"[0.0, 4.860053151123287]"
3860,goal_386,10,exito,15126,2423.48,05,subwp,524,1,E2.1,E2.1-R0,False,subwp,524,05,10,1492241272,exito,,484.032,0,0,"[0.0, 17.273219016516727]"
3861,goal_387,1,exito,15161,2413.99,05,subwp,524,1,E2.1,E2.1-R0,False,subwp,524,05,1,2494277490,exito,,485.152,0,0,"[0.0, 1.3499754683619236]"
3862,goal_387,2,exito,15160,2413.95,05,subwp,524,1,E2.1,E2.1-R0,False,subwp,524,05,2,228783816,exito,,485.12,0,0,"[0.0, 13.359863966508529]"
3863,goal_387,3,exito,15160,2414.01,05,subwp,524,1,E2.1,E2.1-R0,False,subwp,524,05,3,2057684574,exito,,485.12,0,0,"[0.0, 3.2753374375491084]"
3864,goal_387,4,exito,15160,2413.91,05,subwp,524,1,E2.1,E2.1-R0,False,subwp,524,05,4,3837875197,exito,,485.12,0,0,"[0.0, -8.667961275376143]"
3865,goal_387,5,exito,15160,2414.01,05,subwp,524,1,E2.1,E2.1-R0,False,subwp,524,05,5,2479252331,exito,,485.12,0,0,"[0.0, -27.25649772960003]"
3866,goal_387,6,exito,15160,2414.01,05,subwp,524,1,E2.1,E2.1-R0,False,subwp,524,05,6,181351121,exito,,485.12,0,0,"[0.0, -23.79315142142483]"
3867,goal_387,7,exito,15160,2413.93,05,subwp,524,1,E2.1,E2.1-R0,False,subwp,524,05,7,2110259783,exito,,485.12,0,0,"[0.0, -1.8530662701224188]"
3868,goal_387,8,exito,15160,2413.91,05,subwp,524,1,E2.1,E2.1-R0,False,subwp,524,05,8,3984007126,exito,,485.12,0,0,"[0.0, 26.914833722781985]"
3869,goal_387,9,exito,15160,2413.98,05,subwp,524,1,E2.1,E2.1-R0,False,subwp,524,05,9,2591043392,exito,,485.12,0,0,"[0.0, -2.771670243284081]"
3870,goal_387,10,exito,15160,2413.99,05,subwp,524,1,E2.1,E2.1-R0,False,subwp,524,05,10,1245996182,exito,,485.12,0,0,"[0.0, 2.9153952812069783]"
3871,goal_388,1,exito,14926,2393.52,05,subwp,524,1,E2.1,E2.1-R0,False,subwp,524,05,1,2506739013,exito,,477.632,0,0,"[0.0, -4.278951618367595]"
3872,goal_388,2,exito,14924,2393.26,05,subwp,524,1,E2.1,E2.1-R0,False,subwp,524,05,2,207658239,exito,,477.568,0,0,"[0.0, -9.029384179493183]"
3873,goal_388,3,exito,14926,2393.49,05,subwp,524,1,E2.1,E2.1-R0,False,subwp,524,05,3,2070391913,exito,,477.632,0,0,"[0.0, -9.588855868405064]"
3874,goal_388,4,exito,14924,2393.23,05,subwp,524,1,E2.1,E2.1-R0,False,subwp,524,05,4,3842193866,exito,,477.568,0,0,"[0.0, -5.244556253061128]"
3875,goal_388,5,exito,14926,2393.49,05,subwp,524,1,E2.1,E2.1-R0,False,subwp,524,05,5,2449738076,exito,,477.632,0,0,"[0.0, -14.46514598113813]"
3876,goal_388,6,exito,14926,2393.47,05,subwp,524,1,E2.1,E2.1-R0,False,subwp,524,05,6,185424102,exito,,477.632,0,0,"[0.0, 19.54028278771887]"
3877,goal_388,7,exito,14925,2393.47,05,subwp,524,1,E2.1,E2.1-R0,False,subwp,524,05,7,2081056880,exito,,477.6,0,0,"[0.0, 13.996287057060606]"
3878,goal_388,8,exito,14926,2393.49,05,subwp,524,1,E2.1,E2.1-R0,False,subwp,524,05,8,3971315169,exito,,477.632,0,0,"[0.0, 1.6937354365574397]"
3879,goal_388,9,exito,14924,2393.23,05,subwp,524,1,E2.1,E2.1-R0,False,subwp,524,05,9,2612151671,exito,,477.568,0,0,"[0.0, 13.465429318691013]"
3880,goal_388,10,exito,14926,2393.49,05,subwp,524,1,E2.1,E2.1-R0,False,subwp,524,05,10,4076340211,exito,,477.632,0,0,"[0.0, 28.59273928770826]"
3881,goal_389,1,exito,14898,2373.74,05,subwp,524,1,E2.1,E2.1-R0,False,subwp,524,05,1,2654308984,exito,,476.736,0,0,"[0.0, -18.21420239590967]"
3882,goal_389,2,exito,14897,2374.05,05,subwp,524,1,E2.1,E2.1-R0,False,subwp,524,05,2,121428930,exito,,476.704,0,0,"[0.0, -8.075732626238299]"
3883,goal_389,3,exito,14897,2374.03,05,subwp,524,1,E2.1,E2.1-R0,False,subwp,524,05,3,1882975060,exito,,476.704,0,0,"[0.0, 7.854818708590976]"
3884,goal_389,4,exito,14897,2374.05,05,subwp,524,1,E2.1,E2.1-R0,False,subwp,524,05,4,3999235831,exito,,476.704,0,0,"[0.0, -18.345818628172314]"
3885,goal_389,5,exito,14897,2374.1,05,subwp,524,1,E2.1,E2.1-R0,False,subwp,524,05,5,2572701281,exito,,476.704,0,0,"[0.0, -24.22363413683424]"
3886,goal_389,6,exito,14897,2374.08,05,subwp,524,1,E2.1,E2.1-R0,False,subwp,524,05,6,5316571,exito,,476.704,0,0,"[0.0, -11.196927518516745]"
3887,goal_389,7,exito,14897,2374.09,05,subwp,524,1,E2.1,E2.1-R0,False,subwp,524,05,7,2002136909,exito,,476.704,0,0,"[0.0, -20.15312010573499]"
3888,goal_389,8,exito,14897,2374.08,05,subwp,524,1,E2.1,E2.1-R0,False,subwp,524,05,8,3890819804,exito,,476.704,0,0,"[0.0, 17.843787882050457]"
3889,goal_389,9,exito,14897,2374.08,05,subwp,524,1,E2.1,E2.1-R0,False,subwp,524,05,9,2431517258,exito,,476.704,0,0,"[0.0, 5.451412735256584]"
3890,goal_389,10,exito,14897,2374.08,05,subwp,524,1,E2.1,E2.1-R0,False,subwp,524,05,10,2862289829,exito,,476.704,0,0,"[0.0, -24.736685314597977]"
3891,goal_390,1,exito,14727,2358.55,05,subwp,524,1,E2.1,E2.1-R0,False,subwp,524,05,1,2683822159,exito,,471.264,0,0,"[0.0, -28.176787829259236]"
3892,goal_390,2,exito,14727,2358.53,05,subwp,524,1,E2.1,E2.1-R0,False,subwp,524,05,2,117354997,exito,,471.264,0,0,"[0.0, 12.089328363424611]"
3893,goal_390,3,exito,14727,2291.43,05,subwp,524,1,E2.1,E2.1-R0,False,subwp,524,05,3,1912176995,exito,,471.264,0,0,"[0.0, -11.53527294726156]"
3894,goal_390,4,col_return,8981,1261.91,05,subwp,524,1,E2.1,E2.1-R0,False,subwp,524,05,4,4020049088,col_return,return,287.392,0,0,"[0.0, 12.23679010805175]"
3895,goal_390,5,exito,14717,2358.51,05,subwp,524,1,E2.1,E2.1-R0,False,subwp,524,05,5,2560238678,exito,,470.944,0,0,"[0.0, 28.993448281086344]"
3896,goal_390,6,exito,14727,2358.56,05,subwp,524,1,E2.1,E2.1-R0,False,subwp,524,05,6,26441196,exito,,471.264,0,0,"[0.0, -4.531724334157328]"
3897,goal_390,7,exito,14727,2358.5,05,subwp,524,1,E2.1,E2.1-R0,False,subwp,524,05,7,1989428602,exito,,471.264,0,0,"[0.0, 18.597861188423863]"
3898,goal_390,8,exito,14727,2358.66,05,subwp,524,1,E2.1,E2.1-R0,False,subwp,524,05,8,3861600491,exito,,471.264,0,0,"[0.0, 28.91406265893217]"
3899,goal_390,9,exito,14727,2354.12,05,subwp,524,1,E2.1,E2.1-R0,False,subwp,524,05,9,2435606653,exito,,471.264,0,0,"[0.0, -5.841813887002363]"
3900,goal_390,10,col_return,8926,1250.51,05,subwp,524,1,E2.1,E2.1-R0,False,subwp,524,05,10,304575680,col_return,return,285.632,0,0,"[0.0, -29.56297003208885]"
3901,goal_391,1,exito,14652,2341.75,05,subwp,524,1,E2.1,E2.1-R0,False,subwp,524,05,1,681229477,exito,,468.864,0,0,"[0.0, 14.607373613467407]"
3902,goal_391,2,exito,14662,2341.97,05,subwp,524,1,E2.1,E2.1-R0,False,subwp,524,05,2,2979261727,exito,,469.184,0,0,"[0.0, 14.065309891523691]"
3903,goal_391,3,exito,14662,2341.96,05,subwp,524,1,E2.1,E2.1-R0,False,subwp,524,05,3,3331644809,exito,,469.184,0,0,"[0.0, -23.790335216665703]"
3904,goal_391,4,exito,14662,2341.93,05,subwp,524,1,E2.1,E2.1-R0,False,subwp,524,05,4,1492142122,exito,,469.184,0,0,"[0.0, -21.35876648837798]"
3905,goal_391,5,col_return,8855,1234.85,05,subwp,524,1,E2.1,E2.1-R0,False,subwp,524,05,5,804747452,col_return,return,283.36,0,0,"[0.0, -16.65421406314789]"
3906,goal_391,6,exito,14652,2341.7,05,subwp,524,1,E2.1,E2.1-R0,False,subwp,524,05,6,3070109958,exito,,468.864,0,0,"[0.0, -4.127018603944677]"
3907,goal_391,7,exito,14662,2342.02,05,subwp,524,1,E2.1,E2.1-R0,False,subwp,524,05,7,3254327696,exito,,469.184,0,0,"[0.0, -29.245774233014416]"
3908,goal_391,8,exito,14662,2341.99,05,subwp,524,1,E2.1,E2.1-R0,False,subwp,524,05,8,1363543041,exito,,469.184,0,0,"[0.0, 7.591169405781892]"
3909,goal_391,9,exito,14662,2342.0,05,subwp,524,1,E2.1,E2.1-R0,False,subwp,524,05,9,641807511,exito,,469.184,0,0,"[0.0, 0.10964830852504548]"
3910,goal_391,10,col_return,8851,1236.13,05,subwp,524,1,E2.1,E2.1-R0,False,subwp,524,05,10,1380913914,col_return,return,283.232,0,0,"[0.0, 24.806171752046577]"
3911,goal_392,1,exito,14534,2336.81,05,subwp,524,1,E2.1,E2.1-R0,False,subwp,524,05,1,693687954,exito,,465.088,0,0,"[0.0, 21.545619475629906]"
3912,goal_392,2,exito,14542,2337.01,05,subwp,524,1,E2.1,E2.1-R0,False,subwp,524,05,2,2958133032,exito,,465.344,0,0,"[0.0, 19.42428129957849]"
3913,goal_392,3,exito,14542,2336.95,05,subwp,524,1,E2.1,E2.1-R0,False,subwp,524,05,3,3344349118,exito,,465.344,0,0,"[0.0, 23.811408898633854]"
3914,goal_392,4,col_return,8813,1238.92,05,subwp,524,1,E2.1,E2.1-R0,False,subwp,524,05,4,1496457757,col_return,return,282.016,0,0,"[0.0, -29.447707097568617]"
3915,goal_392,5,exito,14532,2336.67,05,subwp,524,1,E2.1,E2.1-R0,False,subwp,524,05,5,775230091,exito,,465.024,0,0,"[0.0, 2.041074902608424]"
3916,goal_392,6,exito,14542,2336.97,05,subwp,524,1,E2.1,E2.1-R0,False,subwp,524,05,6,3074179889,exito,,465.344,0,0,"[0.0, 26.034731400284223]"
3917,goal_392,7,exito,14543,2327.84,05,subwp,524,1,E2.1,E2.1-R0,False,subwp,524,05,7,3225121703,exito,,465.376,0,0,"[0.0, 4.560818911557057]"
3918,goal_392,8,col_return,8841,1246.79,05,subwp,524,1,E2.1,E2.1-R0,False,subwp,524,05,8,1350856246,col_return,return,282.912,0,0,"[0.0, 17.41309173288419]"
3919,goal_392,9,exito,14532,2336.67,05,subwp,524,1,E2.1,E2.1-R0,False,subwp,524,05,9,662920864,exito,,465.024,0,0,"[0.0, 26.248984384494225]"
3920,goal_392,10,exito,14543,2337.04,05,subwp,524,1,E2.1,E2.1-R0,False,subwp,524,05,10,3941823903,exito,,465.376,0,0,"[0.0, 21.443356943394072]"
3921,goal_393,1,exito,14448,2064.89,05,subwp,524,1,E2.1,E2.1-R0,False,subwp,524,05,1,723413195,exito,,462.336,0,0,"[0.0, 7.779354027376697]"
3922,goal_393,2,col_return,8858,1235.31,05,subwp,524,1,E2.1,E2.1-R0,False,subwp,524,05,2,2987866481,col_return,return,283.456,0,0,"[0.0, 5.942883034844158]"
3923,goal_393,3,exito,14419,2309.53,05,subwp,524,1,E2.1,E2.1-R0,False,subwp,524,05,3,3306162663,exito,,461.408,0,0,"[0.0, -18.650903658924275]"
3924,goal_393,4,exito,14429,2309.75,05,subwp,524,1,E2.1,E2.1-R0,False,subwp,524,05,4,1534368836,exito,,461.728,0,0,"[0.0, 6.840888870219175]"
3925,goal_393,5,col_return,8751,1221.7,05,subwp,524,1,E2.1,E2.1-R0,False,subwp,524,05,5,745778386,col_return,return,280.032,0,0,"[0.0, 13.729856648686088]"
3926,goal_393,6,exito,14419,2309.53,05,subwp,524,1,E2.1,E2.1-R0,False,subwp,524,05,6,3044736360,exito,,461.408,0,0,"[0.0, 29.697259934661094]"
3927,goal_393,7,exito,14429,2309.71,05,subwp,524,1,E2.1,E2.1-R0,False,subwp,524,05,7,3263024638,exito,,461.728,0,0,"[0.0, -28.831619484963568]"
3928,goal_393,8,col_return,8693,1218.11,05,subwp,524,1,E2.1,E2.1-R0,False,subwp,524,05,8,1388499055,col_return,return,278.176,0,0,"[0.0, -19.065052627180844]"
3929,goal_393,9,exito,14419,2309.51,05,subwp,524,1,E2.1,E2.1-R0,False,subwp,524,05,9,633725177,exito,,461.408,0,0,"[0.0, -14.677154711027784]"
3930,goal_393,10,exito,14429,2309.71,05,subwp,524,1,E2.1,E2.1-R0,False,subwp,524,05,10,4165393009,exito,,461.728,0,0,"[0.0, -4.7895698374069795]"
3931,goal_394,1,col_return,8637,1210.45,05,subwp,524,1,E2.1,E2.1-R0,False,subwp,524,05,1,719061756,col_return,return,276.384,0,0,"[0.0, -25.202250592108374]"
3932,goal_394,2,exito,14336,2304.7,05,subwp,524,1,E2.1,E2.1-R0,False,subwp,524,05,2,3017102150,exito,,458.752,0,0,"[0.0, 9.119140340621406]"
3933,goal_394,3,exito,14348,2304.83,05,subwp,524,1,E2.1,E2.1-R0,False,subwp,524,05,3,3302122448,exito,,459.136,0,0,"[0.0, -25.830807439784508]"
3934,goal_394,4,col_return,8724,1222.92,05,subwp,524,1,E2.1,E2.1-R0,False,subwp,524,05,4,1521940083,col_return,return,279.168,0,0,"[0.0, 8.679134133768043]"
3935,goal_394,5,exito,14335,2304.69,05,subwp,524,1,E2.1,E2.1-R0,False,subwp,524,05,5,766625509,exito,,458.72,0,0,"[0.0, 29.175992931561055]"
3936,goal_394,6,exito,14346,2278.38,05,subwp,524,1,E2.1,E2.1-R0,False,subwp,524,05,6,3031996255,exito,,459.072,0,0,"[0.0, -2.8930466291132984]"
3937,goal_394,7,col_return,8768,1232.63,05,subwp,524,1,E2.1,E2.1-R0,False,subwp,524,05,7,3284117449,col_return,return,280.576,0,0,"[0.0, -27.691117201739715]"
3938,goal_394,8,exito,14335,2304.65,05,subwp,524,1,E2.1,E2.1-R0,False,subwp,524,05,8,1392556632,exito,,458.72,0,0,"[0.0, -8.282567796021528]"
3939,goal_394,9,exito,14346,2224.71,05,subwp,524,1,E2.1,E2.1-R0,False,subwp,524,05,9,604474062,exito,,459.072,0,0,"[0.0, 19.496310425845312]"
3940,goal_394,10,col_return,8787,1238.86,05,subwp,524,1,E2.1,E2.1-R0,False,subwp,524,05,10,1090174228,col_return,return,281.184,0,0,"[0.0, 9.437657584730095]"
3941,goal_395,1,exito,14176,2280.04,05,subwp,524,1,E2.1,E2.1-R0,False,subwp,524,05,1,798168185,exito,,453.632,0,0,"[0.0, 20.612547755376937]"
3942,goal_395,2,col_return,8478,1188.48,05,subwp,524,1,E2.1,E2.1-R0,False,subwp,524,05,2,3063563715,col_return,return,271.296,0,0,"[0.0, -28.007195505197306]"
3943,goal_395,3,exito,14179,2280.16,05,subwp,524,1,E2.1,E2.1-R0,False,subwp,524,05,3,3248321877,exito,,453.728,0,0,"[0.0, 23.39850728342588]"
3944,goal_395,4,col_return,8404,1175.81,05,subwp,524,1,E2.1,E2.1-R0,False,subwp,524,05,4,1610211574,col_return,return,268.928,0,0,"[0.0, -4.080065347170598]"
3945,goal_395,5,exito,14179,2280.14,05,subwp,524,1,E2.1,E2.1-R0,False,subwp,524,05,5,687788128,exito,,453.728,0,0,"[0.0, -0.2485828043907734]"
3946,goal_395,6,col_return,8361,1172.08,05,subwp,524,1,E2.1,E2.1-R0,False,subwp,524,05,6,2985787866,col_return,return,267.552,0,0,"[0.0, 9.474288354523182]"
3947,goal_395,7,exito,14179,2280.14,05,subwp,524,1,E2.1,E2.1-R0,False,subwp,524,05,7,3337662796,exito,,453.728,0,0,"[0.0, -20.03967437600144]"
3948,goal_395,8,exito,14208,2031.25,05,subwp,524,1,E2.1,E2.1-R0,False,subwp,524,05,8,1448062173,exito,,454.656,0,0,"[0.0, -16.634882244956955]"
3949,goal_395,9,col_return,8740,1222.67,05,subwp,524,1,E2.1,E2.1-R0,False,subwp,524,05,9,558406731,col_return,return,279.68,0,0,"[0.0, 27.99882513638931]"
3950,goal_395,10,exito,14176,2280.04,05,subwp,524,1,E2.1,E2.1-R0,False,subwp,524,05,10,3710748077,exito,,453.632,0,0,"[0.0, -4.968075871309614]"
3951,goal_396,1,col_return,8508,1198.86,05,subwp,524,1,E2.1,E2.1-R0,False,subwp,524,05,1,777092686,col_return,return,272.256,0,0,"[0.0, -29.093940578240215]"
3952,goal_396,2,exito,14157,2279.29,05,subwp,524,1,E2.1,E2.1-R0,False,subwp,524,05,2,3076009972,exito,,453.024,0,0,"[0.0, -19.181242477892646]"
3953,goal_396,3,col_return,8431,1185.34,05,subwp,524,1,E2.1,E2.1-R0,False,subwp,524,05,3,3227459426,col_return,return,269.792,0,0,"[0.0, 13.875604859571792]"
3954,goal_396,4,exito,14157,2279.28,05,subwp,524,1,E2.1,E2.1-R0,False,subwp,524,05,4,1580960449,exito,,453.024,0,0,"[0.0, -6.785920434910202]"
3955,goal_396,5,col_return,8387,1176.19,05,subwp,524,1,E2.1,E2.1-R0,False,subwp,524,05,5,691845719,col_return,return,268.384,0,0,"[0.0, -23.045139168250884]"
3956,goal_396,6,exito,14157,2279.27,05,subwp,524,1,E2.1,E2.1-R0,False,subwp,524,05,6,2956323821,exito,,453.024,0,0,"[0.0, -11.089270497664153]"
3957,goal_396,7,col_return,8356,1173.68,05,subwp,524,1,E2.1,E2.1-R0,False,subwp,524,05,7,3341998971,col_return,return,267.392,0,0,"[0.0, 21.193008043940566]"
3958,goal_396,8,exito,14157,2279.31,05,subwp,524,1,E2.1,E2.1-R0,False,subwp,524,05,8,1468909290,exito,,453.024,0,0,"[0.0, -29.118898692017886]"
3959,goal_396,9,col_return,8357,1169.74,05,subwp,524,1,E2.1,E2.1-R0,False,subwp,524,05,9,545977980,col_return,return,267.424,0,0,"[0.0, 12.98802829971466]"
3960,goal_396,10,exito,14157,2279.28,05,subwp,524,1,E2.1,E2.1-R0,False,subwp,524,05,10,1704059592,exito,,453.024,0,0,"[0.0, -21.645893381226596]"
3961,goal_397,1,col_approach,3350,306.48,05,subwp,524,1,E2.1,E2.1-R0,False,subwp,524,05,1,739754007,col_approach,approach,107.2,0,0,"[0.0, 2.214963032993147]"
3962,goal_397,2,exito,14242,2292.65,05,subwp,524,1,E2.1,E2.1-R0,False,subwp,524,05,2,3038679469,exito,,455.744,0,0,"[0.0, -12.756160582852235]"
3963,goal_397,3,exito,14267,2191.21,05,subwp,524,1,E2.1,E2.1-R0,False,subwp,524,05,3,3256459579,exito,,456.544,0,0,"[0.0, -10.90862895248124]"
3964,goal_397,4,exito,14252,2292.89,05,subwp,524,1,E2.1,E2.1-R0,False,subwp,524,05,4,1551709336,exito,,456.064,0,0,"[0.0, -24.896482651312365]"
3965,goal_397,5,exito,14252,2292.92,05,subwp,524,1,E2.1,E2.1-R0,False,subwp,524,05,5,729416718,exito,,456.064,0,0,"[0.0, -24.144222846141897]"
3966,goal_397,6,exito,14252,2283.68,05,subwp,524,1,E2.1,E2.1-R0,False,subwp,524,05,6,2993903028,exito,,456.064,0,0,"[0.0, -19.644636726148654]"
3967,goal_397,7,col_approach,3544,335.47,05,subwp,524,1,E2.1,E2.1-R0,False,subwp,524,05,7,3312739618,col_approach,approach,113.408,0,0,"[0.0, -27.27605028699144]"
3968,goal_397,8,exito,14241,2292.61,05,subwp,524,1,E2.1,E2.1-R0,False,subwp,524,05,8,1439398067,exito,,455.712,0,0,"[0.0, -26.553804573603376]"
3969,goal_397,9,exito,14252,2246.99,05,subwp,524,1,E2.1,E2.1-R0,False,subwp,524,05,9,583813157,exito,,456.064,0,0,"[0.0, 11.67094356225463]"
3970,goal_397,10,exito,14252,2292.89,05,subwp,524,1,E2.1,E2.1-R0,False,subwp,524,05,10,1998867750,exito,,456.064,0,0,"[0.0, -23.59162863007989]"
3971,goal_398,1,exito,14221,2286.64,05,subwp,524,1,E2.1,E2.1-R0,False,subwp,524,05,1,768977440,exito,,455.072,0,0,"[0.0, 9.71114638700399]"
3972,goal_398,2,exito,14221,2269.64,05,subwp,524,1,E2.1,E2.1-R0,False,subwp,524,05,2,3034381210,exito,,455.072,0,0,"[0.0, -8.190502415944557]"
3973,goal_398,3,col_return,8699,1174.0,05,subwp,524,1,E2.1,E2.1-R0,False,subwp,524,05,3,3285961484,col_return,return,278.368,0,0,"[0.0, -12.717363235570234]"
3974,goal_398,4,exito,14211,2286.43,05,subwp,524,1,E2.1,E2.1-R0,False,subwp,524,05,4,1572822703,exito,,454.752,0,0,"[0.0, 18.093360834739872]"
3975,goal_398,5,col_return,8492,1180.01,05,subwp,524,1,E2.1,E2.1-R0,False,subwp,524,05,5,716729913,col_return,return,271.744,0,0,"[0.0, -4.668901447107199]"
3976,goal_398,6,exito,14211,2286.4,05,subwp,524,1,E2.1,E2.1-R0,False,subwp,524,05,6,3014737795,exito,,454.752,0,0,"[0.0, -13.314942725289963]"
3977,goal_398,7,col_return,8388,1174.61,05,subwp,524,1,E2.1,E2.1-R0,False,subwp,524,05,7,3300265749,col_return,return,268.416,0,0,"[0.0, -20.87213513613189]"
3978,goal_398,8,exito,14211,2286.45,05,subwp,524,1,E2.1,E2.1-R0,False,subwp,524,05,8,1409880708,exito,,454.752,0,0,"[0.0, -7.19301531551082]"
3979,goal_398,9,exito,14221,2222.19,05,subwp,524,1,E2.1,E2.1-R0,False,subwp,524,05,9,588128786,exito,,455.072,0,0,"[0.0, 26.812832738088144]"
3980,goal_398,10,col_approach,3687,361.77,05,subwp,524,1,E2.1,E2.1-R0,False,subwp,524,05,10,3482856003,col_approach,approach,117.984,0,0,"[0.0, 26.785983291318722]"
3981,goal_399,1,exito,14437,2316.38,05,subwp,524,1,E2.1,E2.1-R0,False,subwp,524,05,1,646573341,exito,,461.984,0,0,"[0.0, -15.832746035629635]"
3982,goal_399,2,exito,14445,2211.25,05,subwp,524,1,E2.1,E2.1-R0,False,subwp,524,05,2,3212885159,exito,,462.24,0,0,"[0.0, 28.580637010228354]"
3983,goal_399,3,exito,14445,2316.79,05,subwp,524,1,E2.1,E2.1-R0,False,subwp,524,05,3,3364326449,exito,,462.24,0,0,"[0.0, -20.714620010947794]"
3984,goal_399,4,exito,14445,2316.08,05,subwp,524,1,E2.1,E2.1-R0,False,subwp,524,05,4,1457723794,exito,,462.24,0,0,"[0.0, -0.5624289857366316]"
3985,goal_399,5,exito,14445,2305.09,05,subwp,524,1,E2.1,E2.1-R0,False,subwp,524,05,5,568600836,exito,,462.24,0,0,"[0.0, -0.1382915566112919]"
3986,goal_399,6,col_approach,3246,299.26,05,subwp,524,1,E2.1,E2.1-R0,False,subwp,524,05,6,3102570686,col_approach,approach,103.872,0,0,"[0.0, -8.887052353289643]"
3987,goal_399,7,exito,14435,2316.62,05,subwp,524,1,E2.1,E2.1-R0,False,subwp,524,05,7,3488237608,exito,,461.92,0,0,"[0.0, 9.822174843295347]"
3988,goal_399,8,exito,14446,2316.84,05,subwp,524,1,E2.1,E2.1-R0,False,subwp,524,05,8,1599428025,exito,,462.272,0,0,"[0.0, 1.9865890304011824]"
3989,goal_399,9,exito,14446,2298.45,05,subwp,524,1,E2.1,E2.1-R0,False,subwp,524,05,9,676488495,exito,,462.272,0,0,"[0.0, 16.005396698753497]"
3990,goal_399,10,exito,14445,2316.79,05,subwp,524,1,E2.1,E2.1-R0,False,subwp,524,05,10,2549824021,exito,,462.24,0,0,"[0.0, 17.674015157987345]"
3991,goal_400,1,exito,14332,2299.13,05,subwp,524,1,E2.1,E2.1-R0,False,subwp,524,05,1,659261226,exito,,458.624,0,0,"[0.0, -22.084451727059598]"
3992,goal_400,2,exito,14332,2297.48,05,subwp,524,1,E2.1,E2.1-R0,False,subwp,524,05,2,3192051344,exito,,458.624,0,0,"[0.0, 18.953131460071607]"
3993,goal_400,3,exito,14352,2043.87,05,subwp,524,1,E2.1,E2.1-R0,False,subwp,524,05,3,3376801286,exito,,459.264,0,0,"[0.0, 2.1323020059597386]"
3994,goal_400,4,col_return,8798,1216.45,05,subwp,524,1,E2.1,E2.1-R0,False,subwp,524,05,4,1461810085,col_return,return,281.536,0,0,"[0.0, -26.46705841287138]"
3995,goal_400,5,exito,14322,2297.0,05,subwp,524,1,E2.1,E2.1-R0,False,subwp,524,05,5,539378483,exito,,458.304,0,0,"[0.0, -3.0881688219444703]"
3996,goal_400,6,col_approach,3418,315.31,05,subwp,524,1,E2.1,E2.1-R0,False,subwp,524,05,6,3106869897,col_approach,approach,109.376,0,0,"[0.0, 22.404923974484667]"
3997,goal_400,7,exito,14323,2298.51,05,subwp,524,1,E2.1,E2.1-R0,False,subwp,524,05,7,3458736671,exito,,458.336,0,0,"[0.0, -8.648757180914448]"
3998,goal_400,8,exito,14339,2223.15,05,subwp,524,1,E2.1,E2.1-R0,False,subwp,524,05,8,1586970510,exito,,458.848,0,0,"[0.0, -19.50507099019106]"
3999,goal_400,9,exito,14332,2299.13,05,subwp,524,1,E2.1,E2.1-R0,False,subwp,524,05,9,697306904,exito,,458.624,0,0,"[0.0, 13.221520414706518]"
4000,goal_400,10,exito,14330,2298.53,05,subwp,524,1,E2.1,E2.1-R0,False,subwp,524,05,10,793206128,exito,,458.56,0,0,"[0.0, -7.29883345148413]"
4001,goal_401,1,col_approach,3064,280.56,05,subwp,524,1,E2.1,E2.1-R0,False,subwp,524,05,1,3887214399,col_approach,approach,98.048,0,0,"[0.0, -6.112909919560485]"
4002,goal_401,2,exito,14758,2356.03,05,subwp,524,1,E2.1,E2.1-R0,False,subwp,524,05,2,2126216837,exito,,472.256,0,0,"[0.0, 26.84653830298563]"
4003,goal_401,3,exito,14768,2356.16,05,subwp,524,1,E2.1,E2.1-R0,False,subwp,524,05,3,163335699,exito,,472.576,0,0,"[0.0, -6.642220120191508]"
4004,goal_401,4,exito,14768,2356.15,05,subwp,524,1,E2.1,E2.1-R0,False,subwp,524,05,4,2547571632,exito,,472.576,0,0,"[0.0, -18.743022725076827]"
4005,goal_401,5,exito,14769,2355.93,05,subwp,524,1,E2.1,E2.1-R0,False,subwp,524,05,5,3772771110,exito,,472.608,0,0,"[0.0, -11.018166735955255]"
4006,goal_401,6,exito,14769,2355.91,05,subwp,524,1,E2.1,E2.1-R0,False,subwp,524,05,6,2044115612,exito,,472.608,0,0,"[0.0, -9.41271381412222]"
4007,goal_401,7,exito,14780,2268.22,05,subwp,524,1,E2.1,E2.1-R0,False,subwp,524,05,7,248613386,exito,,472.96,0,0,"[0.0, -2.073693176139466]"
4008,goal_401,8,exito,14768,2328.56,05,subwp,524,1,E2.1,E2.1-R0,False,subwp,524,05,8,2658047899,exito,,472.576,0,0,"[0.0, 7.418253234947121]"
4009,goal_401,9,exito,14767,2356.06,05,subwp,524,1,E2.1,E2.1-R0,False,subwp,524,05,9,3916015373,exito,,472.544,0,0,"[0.0, -1.626583957875456]"
4010,goal_401,10,exito,14767,2356.04,05,subwp,524,1,E2.1,E2.1-R0,False,subwp,524,05,10,1113210931,exito,,472.544,0,0,"[0.0, -11.163999478259525]"
4011,goal_402,1,exito,14552,2331.99,05,subwp,524,1,E2.1,E2.1-R0,False,subwp,524,05,1,3866117384,exito,,465.664,0,0,"[0.0, 21.467721745698913]"
4012,goal_402,2,exito,14552,2330.76,05,subwp,524,1,E2.1,E2.1-R0,False,subwp,524,05,2,2138641586,exito,,465.664,0,0,"[0.0, 26.51458410405573]"
4013,goal_402,3,exito,14553,2319.65,05,subwp,524,1,E2.1,E2.1-R0,False,subwp,524,05,3,142484516,exito,,465.696,0,0,"[0.0, 21.620595198609035]"
4014,goal_402,4,col_approach,3208,296.19,05,subwp,524,1,E2.1,E2.1-R0,False,subwp,524,05,4,2518331783,col_approach,approach,102.656,0,0,"[0.0, -22.680490764212955]"
4015,goal_402,5,exito,14540,2331.48,05,subwp,524,1,E2.1,E2.1-R0,False,subwp,524,05,5,3776807185,exito,,465.28,0,0,"[0.0, 19.67399962181379]"
4016,goal_402,6,exito,14552,2332.0,05,subwp,524,1,E2.1,E2.1-R0,False,subwp,524,05,6,2014630059,exito,,465.664,0,0,"[0.0, -18.960896637187428]"
4017,goal_402,7,exito,14571,2219.17,05,subwp,524,1,E2.1,E2.1-R0,False,subwp,524,05,7,252960829,exito,,466.272,0,0,"[0.0, -3.2300143924685676]"
4018,goal_402,8,exito,14552,2332.03,05,subwp,524,1,E2.1,E2.1-R0,False,subwp,524,05,8,2678914476,exito,,465.664,0,0,"[0.0, -14.67294315888105]"
4019,goal_402,9,exito,14552,2331.95,05,subwp,524,1,E2.1,E2.1-R0,False,subwp,524,05,9,3903573306,exito,,465.664,0,0,"[0.0, 0.88676401535561]"
4020,goal_402,10,exito,14552,2331.33,05,subwp,524,1,E2.1,E2.1-R0,False,subwp,524,05,10,4209387350,exito,,465.664,0,0,"[0.0, 25.61683526499889]"
4021,goal_403,1,exito,15070,2386.39,05,subwp,524,1,E2.1,E2.1-R0,False,subwp,524,05,1,3828808529,exito,,482.24,0,0,"[0.0, -22.7658984349802]"
4022,goal_403,2,exito,15070,2381.3,05,subwp,524,1,E2.1,E2.1-R0,False,subwp,524,05,2,2101324523,exito,,482.24,0,0,"[0.0, 6.849728175281511]"
4023,goal_403,3,exito,15070,2372.71,05,subwp,524,1,E2.1,E2.1-R0,False,subwp,524,05,3,171481725,exito,,482.24,0,0,"[0.0, 5.274010608619708]"
4024,goal_403,4,col_approach,2907,247.79,05,subwp,524,1,E2.1,E2.1-R0,False,subwp,524,05,4,2489061342,col_approach,approach,93.024,0,0,"[0.0, 6.723357783978723]"
4025,goal_403,5,exito,15060,2398.88,05,subwp,524,1,E2.1,E2.1-R0,False,subwp,524,05,5,3814408008,exito,,481.92,0,0,"[0.0, -14.324879366405295]"
4026,goal_403,6,exito,15070,2399.14,05,subwp,524,1,E2.1,E2.1-R0,False,subwp,524,05,6,2052222706,exito,,482.24,0,0,"[0.0, -25.054950254582465]"
4027,goal_403,7,exito,15070,2399.06,05,subwp,524,1,E2.1,E2.1-R0,False,subwp,524,05,7,223698532,exito,,482.24,0,0,"[0.0, 21.73427025890234]"
4028,goal_403,8,exito,15070,2399.12,05,subwp,524,1,E2.1,E2.1-R0,False,subwp,524,05,8,2649375733,exito,,482.24,0,0,"[0.0, -11.57777751017019]"
4029,goal_403,9,exito,15070,2399.13,05,subwp,524,1,E2.1,E2.1-R0,False,subwp,524,05,9,3941430115,exito,,482.24,0,0,"[0.0, -14.141032559149592]"
4030,goal_403,10,exito,15070,2398.72,05,subwp,524,1,E2.1,E2.1-R0,False,subwp,524,05,10,3897788600,exito,,482.24,0,0,"[0.0, 14.98779357289775]"
4031,goal_404,1,exito,14806,2370.89,05,subwp,524,1,E2.1,E2.1-R0,False,subwp,524,05,1,3858010470,exito,,473.792,0,0,"[0.0, -7.219258636950421]"
4032,goal_404,2,exito,14806,2370.89,05,subwp,524,1,E2.1,E2.1-R0,False,subwp,524,05,2,2097004764,exito,,473.792,0,0,"[0.0, 24.67132814465756]"
4033,goal_404,3,exito,14806,2370.91,05,subwp,524,1,E2.1,E2.1-R0,False,subwp,524,05,3,200994890,exito,,473.792,0,0,"[0.0, -19.79756844502601]"
4034,goal_404,4,exito,14806,2370.92,05,subwp,524,1,E2.1,E2.1-R0,False,subwp,524,05,4,2510185961,exito,,473.792,0,0,"[0.0, 7.7499742418862905]"
4035,goal_404,5,exito,14806,2370.89,05,subwp,524,1,E2.1,E2.1-R0,False,subwp,524,05,5,3801699711,exito,,473.792,0,0,"[0.0, -23.858012987543585]"
4036,goal_404,6,exito,14806,2370.93,05,subwp,524,1,E2.1,E2.1-R0,False,subwp,524,05,6,2073035973,exito,,473.792,0,0,"[0.0, -29.495300162886416]"
4037,goal_404,7,exito,14806,2370.88,05,subwp,524,1,E2.1,E2.1-R0,False,subwp,524,05,7,211235923,exito,,473.792,0,0,"[0.0, -2.760387206235957]"
4038,goal_404,8,exito,14806,2370.91,05,subwp,524,1,E2.1,E2.1-R0,False,subwp,524,05,8,2619877826,exito,,473.792,0,0,"[0.0, 24.84538430659235]"
4039,goal_404,9,exito,14806,2370.92,05,subwp,524,1,E2.1,E2.1-R0,False,subwp,524,05,9,3945732436,exito,,473.792,0,0,"[0.0, -28.771899984422728]"
4040,goal_404,10,exito,14808,2349.95,05,subwp,524,1,E2.1,E2.1-R0,False,subwp,524,05,10,1357901789,exito,,473.856,0,0,"[0.0, -20.18692326390599]"
4041,goal_405,1,col_approach,2812,210.34,05,subwp,524,1,E2.1,E2.1-R0,False,subwp,524,05,1,3770386403,col_approach,approach,89.984,0,0,"[0.0, -27.427758796056086]"
4042,goal_405,2,col_return,10056,1407.22,05,subwp,524,1,E2.1,E2.1-R0,False,subwp,524,05,2,2041763417,col_return,return,321.792,0,0,"[0.0, 15.696099568988643]"
4043,goal_405,3,exito,15294,2437.61,05,subwp,524,1,E2.1,E2.1-R0,False,subwp,524,05,3,246802127,exito,,489.408,0,0,"[0.0, -4.192427717562312]"
4044,goal_405,4,exito,15310,2437.11,05,subwp,524,1,E2.1,E2.1-R0,False,subwp,524,05,4,2429645676,exito,,489.92,0,0,"[0.0, -8.930850534819218]"
4045,goal_405,5,exito,15305,2421.11,05,subwp,524,1,E2.1,E2.1-R0,False,subwp,524,05,5,3889579002,exito,,489.76,0,0,"[0.0, 18.351894469966606]"
4046,goal_405,6,col_approach,2792,241.38,05,subwp,524,1,E2.1,E2.1-R0,False,subwp,524,05,6,2128548416,col_approach,approach,89.344,0,0,"[0.0, 14.116134609572452]"
4047,goal_405,7,exito,15300,2438.0,05,subwp,524,1,E2.1,E2.1-R0,False,subwp,524,05,7,165159638,exito,,489.6,0,0,"[0.0, 25.998563404554563]"
4048,goal_405,8,exito,15305,2432.21,05,subwp,524,1,E2.1,E2.1-R0,False,subwp,524,05,8,2573680455,exito,,489.76,0,0,"[0.0, 29.94329492941397]"
4049,goal_405,9,exito,15310,2399.85,05,subwp,524,1,E2.1,E2.1-R0,False,subwp,524,05,9,3999272913,exito,,489.92,0,0,"[0.0, -4.073466437403073]"
4050,goal_405,10,col_return,10218,1438.59,05,subwp,524,1,E2.1,E2.1-R0,False,subwp,524,05,10,3443054436,col_return,return,326.976,0,0,"[0.0, 19.86987643245977]"
4051,goal_406,1,exito,15009,2401.65,05,subwp,524,1,E2.1,E2.1-R0,False,subwp,524,05,1,3782864340,exito,,480.288,0,0,"[0.0, -13.397453053070157]"
4052,goal_406,2,exito,15019,2401.73,05,subwp,524,1,E2.1,E2.1-R0,False,subwp,524,05,2,2020654190,exito,,480.608,0,0,"[0.0, 9.278340752988184]"
4053,goal_406,3,exito,15019,2401.56,05,subwp,524,1,E2.1,E2.1-R0,False,subwp,524,05,3,259493112,exito,,480.608,0,0,"[0.0, -3.083234541495765]"
4054,goal_406,4,exito,15019,2401.43,05,subwp,524,1,E2.1,E2.1-R0,False,subwp,524,05,4,2433947995,exito,,480.608,0,0,"[0.0, 9.458908093133672]"
4055,goal_406,5,exito,15019,2401.3,05,subwp,524,1,E2.1,E2.1-R0,False,subwp,524,05,5,3860081101,exito,,480.608,0,0,"[0.0, -23.01694200228146]"
4056,goal_406,6,exito,15019,2401.21,05,subwp,524,1,E2.1,E2.1-R0,False,subwp,524,05,6,2132637815,exito,,480.608,0,0,"[0.0, -22.533903284690084]"
4057,goal_406,7,exito,15019,2401.03,05,subwp,524,1,E2.1,E2.1-R0,False,subwp,524,05,7,135940321,exito,,480.608,0,0,"[0.0, 27.468264096612245]"
4058,goal_406,8,exito,15019,2400.92,05,subwp,524,1,E2.1,E2.1-R0,False,subwp,524,05,8,2560972144,exito,,480.608,0,0,"[0.0, -4.5562402611824275]"
4059,goal_406,9,exito,15019,2400.63,05,subwp,524,1,E2.1,E2.1-R0,False,subwp,524,05,9,4020397542,exito,,480.608,0,0,"[0.0, -11.285741909104827]"
4060,goal_406,10,exito,15019,2400.4,05,subwp,524,1,E2.1,E2.1-R0,False,subwp,524,05,10,1971630081,exito,,480.608,0,0,"[0.0, 14.12236258571373]"
4061,goal_407,1,exito,15617,2483.93,05,subwp,524,1,E2.1,E2.1-R0,False,subwp,524,05,1,3812578189,exito,,499.744,0,0,"[0.0, 15.850996248726547]"
4062,goal_407,2,exito,15617,2461.61,05,subwp,524,1,E2.1,E2.1-R0,False,subwp,524,05,2,2050359863,exito,,499.744,0,0,"[0.0, -8.631121212198893]"
4063,goal_407,3,exito,15617,2480.33,05,subwp,524,1,E2.1,E2.1-R0,False,subwp,524,05,3,221328033,exito,,499.744,0,0,"[0.0, 15.932778427448596]"
4064,goal_407,4,exito,15617,2482.57,05,subwp,524,1,E2.1,E2.1-R0,False,subwp,524,05,4,2471864066,exito,,499.744,0,0,"[0.0, -3.93464831177605]"
4065,goal_407,5,exito,15617,2484.19,05,subwp,524,1,E2.1,E2.1-R0,False,subwp,524,05,5,3830618004,exito,,499.744,0,0,"[0.0, 13.053778254137502]"
4066,goal_407,6,exito,15617,2484.18,05,subwp,524,1,E2.1,E2.1-R0,False,subwp,524,05,6,2103166510,exito,,499.744,0,0,"[0.0, -4.464022206359452]"
4067,goal_407,7,exito,15617,2476.72,05,subwp,524,1,E2.1,E2.1-R0,False,subwp,524,05,7,173864632,exito,,499.744,0,0,"[0.0, -9.040585777837766]"
4068,goal_407,8,col_return,10496,1482.35,05,subwp,524,1,E2.1,E2.1-R0,False,subwp,524,05,8,2598628137,col_return,return,335.872,0,0,"[0.0, -26.03517038535999]"
4069,goal_407,9,exito,15605,2483.78,05,subwp,524,1,E2.1,E2.1-R0,False,subwp,524,05,9,3991198655,exito,,499.36,0,0,"[0.0, -8.800751221852181]"
4070,goal_407,10,exito,15617,2479.18,05,subwp,524,1,E2.1,E2.1-R0,False,subwp,524,05,10,1731272687,exito,,499.744,0,0,"[0.0, 17.847297948018948]"
4071,goal_408,1,exito,15272,2428.12,05,subwp,524,1,E2.1,E2.1-R0,False,subwp,524,05,1,3808246202,exito,,488.704,0,0,"[0.0, 23.35545277656228]"
4072,goal_408,2,exito,15272,2443.9,05,subwp,524,1,E2.1,E2.1-R0,False,subwp,524,05,2,2079614976,exito,,488.704,0,0,"[0.0, 16.50609691625634]"
4073,goal_408,3,exito,15272,2445.57,05,subwp,524,1,E2.1,E2.1-R0,False,subwp,524,05,3,217274518,exito,,488.704,0,0,"[0.0, -8.940326658852914]"
4074,goal_408,4,exito,15272,2443.23,05,subwp,524,1,E2.1,E2.1-R0,False,subwp,524,05,4,2459422005,exito,,488.704,0,0,"[0.0, -27.46861777053201]"
4075,goal_408,5,col_approach,2806,211.29,05,subwp,524,1,E2.1,E2.1-R0,False,subwp,524,05,5,3851484579,col_approach,approach,89.792,0,0,"[0.0, 0.5228937627700425]"
4076,goal_408,6,col_return,10017,1420.19,05,subwp,524,1,E2.1,E2.1-R0,False,subwp,524,05,6,2090445849,col_return,return,320.544,0,0,"[0.0, 20.03650962935869]"
4077,goal_408,7,exito,15262,2445.35,05,subwp,524,1,E2.1,E2.1-R0,False,subwp,524,05,7,194944143,exito,,488.384,0,0,"[0.0, 1.7707111627639827]"
4078,goal_408,8,exito,15272,2444.85,05,subwp,524,1,E2.1,E2.1-R0,False,subwp,524,05,8,2602664222,exito,,488.704,0,0,"[0.0, 6.6430456013882395]"
4079,goal_408,9,exito,15272,2436.52,05,subwp,524,1,E2.1,E2.1-R0,False,subwp,524,05,9,3961958792,exito,,488.704,0,0,"[0.0, 18.358219292489302]"
4080,goal_408,10,col_approach,2847,242.0,05,subwp,524,1,E2.1,E2.1-R0,False,subwp,524,05,10,3750590602,col_approach,approach,91.104,0,0,"[0.0, -27.35213313671262]"
4081,goal_409,1,exito,15829,2496.1,05,subwp,524,1,E2.1,E2.1-R0,False,subwp,524,05,1,3919675015,exito,,506.528,0,0,"[0.0, -2.8430209122966676]"
4082,goal_409,2,col_return,10546,1487.66,05,subwp,524,1,E2.1,E2.1-R0,False,subwp,524,05,2,1890070333,col_return,return,337.472,0,0,"[0.0, -1.0020022834247189]"
4083,goal_409,3,exito,15830,2514.58,05,subwp,524,1,E2.1,E2.1-R0,False,subwp,524,05,3,128917419,exito,,506.56,0,0,"[0.0, 8.649939405488885]"
4084,goal_409,4,col_approach,2819,238.38,05,subwp,524,1,E2.1,E2.1-R0,False,subwp,524,05,4,2580253192,col_approach,approach,90.208,0,0,"[0.0, 11.410962843607773]"
4085,goal_409,5,exito,15830,2492.06,05,subwp,524,1,E2.1,E2.1-R0,False,subwp,524,05,5,4006394526,exito,,506.56,0,0,"[0.0, -3.760503222371372]"
4086,goal_409,6,col_return,10543,1479.79,05,subwp,524,1,E2.1,E2.1-R0,False,subwp,524,05,6,2009459492,col_return,return,337.376,0,0,"[0.0, -2.7224199556409356]"
4087,goal_409,7,exito,15830,2514.29,05,subwp,524,1,E2.1,E2.1-R0,False,subwp,524,05,7,12770226,exito,,506.56,0,0,"[0.0, 27.159299835700722]"
4088,goal_409,8,col_approach,2808,236.68,05,subwp,524,1,E2.1,E2.1-R0,False,subwp,524,05,8,2424161827,col_approach,approach,89.856,0,0,"[0.0, -0.7674532485806362]"
4089,goal_409,9,exito,15830,2489.89,05,subwp,524,1,E2.1,E2.1-R0,False,subwp,524,05,9,3883595445,exito,,506.56,0,0,"[0.0, -0.4159780871699037]"
4090,goal_409,10,col_return,10529,1482.33,05,subwp,524,1,E2.1,E2.1-R0,False,subwp,524,05,10,2280548572,col_return,return,336.928,0,0,"[0.0, 24.87396603579652]"
4091,goal_410,1,exito,15473,2475.27,05,subwp,524,1,E2.1,E2.1-R0,False,subwp,524,05,1,3898807472,exito,,495.136,0,0,"[0.0, 22.555683615028578]"
4092,goal_410,2,exito,15483,2466.49,05,subwp,524,1,E2.1,E2.1-R0,False,subwp,524,05,2,1902789898,exito,,495.456,0,0,"[0.0, -23.36881346485937]"
4093,goal_410,3,exito,15489,2443.91,05,subwp,524,1,E2.1,E2.1-R0,False,subwp,524,05,3,107836828,exito,,495.648,0,0,"[0.0, -0.6219818383858788]"
4094,goal_410,4,exito,15483,2475.46,05,subwp,524,1,E2.1,E2.1-R0,False,subwp,524,05,4,2550784063,exito,,495.456,0,0,"[0.0, 29.275235598205132]"
4095,goal_410,5,exito,15483,2457.61,05,subwp,524,1,E2.1,E2.1-R0,False,subwp,524,05,5,4010725545,exito,,495.456,0,0,"[0.0, 28.502462796094093]"
4096,goal_410,6,exito,15483,2475.5,05,subwp,524,1,E2.1,E2.1-R0,False,subwp,524,05,6,1980203283,exito,,495.456,0,0,"[0.0, -11.688328522543314]"
4097,goal_410,7,exito,15483,2475.49,05,subwp,524,1,E2.1,E2.1-R0,False,subwp,524,05,7,16822661,exito,,495.456,0,0,"[0.0, 27.286850226614664]"
4098,goal_410,8,exito,15483,2475.49,05,subwp,524,1,E2.1,E2.1-R0,False,subwp,524,05,8,2445257748,exito,,495.456,0,0,"[0.0, -16.29807851209832]"
4099,goal_410,9,exito,15483,2464.49,05,subwp,524,1,E2.1,E2.1-R0,False,subwp,524,05,9,3870858370,exito,,495.456,0,0,"[0.0, -21.928694134031563]"
4100,goal_410,10,col_return,10410,1476.01,05,subwp,524,1,E2.1,E2.1-R0,False,subwp,524,05,10,1062342585,col_return,return,333.12,0,0,"[0.0, 26.44776162614175]"
4101,goal_411,1,exito,16067,2543.14,05,subwp,524,1,E2.1,E2.1-R0,False,subwp,524,05,1,1594771546,exito,,514.144,0,0,"[0.0, -19.419114914616088]"
4102,goal_411,2,col_approach,2812,234.36,05,subwp,524,1,E2.1,E2.1-R0,False,subwp,524,05,2,3322354144,col_approach,approach,89.984,0,0,"[0.0, -28.102621429964543]"
4103,goal_411,3,col_return,11050,1557.19,05,subwp,524,1,E2.1,E2.1-R0,False,subwp,524,05,3,2969577846,col_return,return,353.6,0,0,"[0.0, -12.701616828447559]"
4104,goal_411,4,exito,16067,2543.15,05,subwp,524,1,E2.1,E2.1-R0,False,subwp,524,05,4,795131093,exito,,514.144,0,0,"[0.0, -20.486884650690378]"
4105,goal_411,5,col_approach,2836,243.57,05,subwp,524,1,E2.1,E2.1-R0,False,subwp,524,05,5,1482918979,col_approach,approach,90.752,0,0,"[0.0, -9.473946212428592]"
4106,goal_411,6,col_return,11072,1561.51,05,subwp,524,1,E2.1,E2.1-R0,False,subwp,524,05,6,3245006329,col_return,return,354.304,0,0,"[0.0, -28.23390969274721]"
4107,goal_411,7,exito,16067,2543.19,05,subwp,524,1,E2.1,E2.1-R0,False,subwp,524,05,7,3060657519,exito,,514.144,0,0,"[0.0, 5.308121834705172]"
4108,goal_411,8,col_approach,2844,246.3,05,subwp,524,1,E2.1,E2.1-R0,False,subwp,524,05,8,651358462,col_approach,approach,91.008,0,0,"[0.0, 13.083003529065891]"
4109,goal_411,9,col_return,11091,1556.97,05,subwp,524,1,E2.1,E2.1-R0,False,subwp,524,05,9,1372962920,col_return,return,354.912,0,0,"[0.0, -4.377546949064303]"
4110,goal_411,10,exito,16068,2543.36,05,subwp,524,1,E2.1,E2.1-R0,False,subwp,524,05,10,2134534531,exito,,514.176,0,0,"[0.0, 12.741602150300944]"
4111,goal_412,1,col_approach,2852,240.61,05,subwp,524,1,E2.1,E2.1-R0,False,subwp,524,05,1,1590436461,col_approach,approach,91.264,0,0,"[0.0, -7.181150946977466]"
4112,goal_412,2,exito,15697,2501.97,05,subwp,524,1,E2.1,E2.1-R0,False,subwp,524,05,2,3351606231,exito,,502.304,0,0,"[0.0, -13.747507270771113]"
4113,goal_412,3,col_return,10547,1498.35,05,subwp,524,1,E2.1,E2.1-R0,False,subwp,524,05,3,2965521217,col_return,return,337.504,0,0,"[0.0, -16.553579478142392]"
4114,goal_412,4,exito,15696,2509.38,05,subwp,524,1,E2.1,E2.1-R0,False,subwp,524,05,4,782685922,exito,,502.272,0,0,"[0.0, 16.908366927031743]"
4115,goal_412,5,exito,15706,2494.09,05,subwp,524,1,E2.1,E2.1-R0,False,subwp,524,05,5,1503782516,exito,,502.592,0,0,"[0.0, -5.03583929591406]"
4116,goal_412,6,exito,15706,2506.79,05,subwp,524,1,E2.1,E2.1-R0,False,subwp,524,05,6,3232282574,exito,,502.592,0,0,"[0.0, -12.109778798018247]"
4117,goal_412,7,exito,15707,2479.82,05,subwp,524,1,E2.1,E2.1-R0,False,subwp,524,05,7,3081733976,exito,,502.624,0,0,"[0.0, -26.820986958098985]"
4118,goal_412,8,exito,15706,2509.62,05,subwp,524,1,E2.1,E2.1-R0,False,subwp,524,05,8,655399625,exito,,502.592,0,0,"[0.0, 14.831570476823225]"
4119,goal_412,9,exito,15706,2508.52,05,subwp,524,1,E2.1,E2.1-R0,False,subwp,524,05,9,1343728223,exito,,502.592,0,0,"[0.0, 3.8119716418561467]"
4120,goal_412,10,col_return,10655,1515.71,05,subwp,524,1,E2.1,E2.1-R0,False,subwp,524,05,10,3347451622,col_return,return,340.96,0,0,"[0.0, -2.27174435244196]"
4121,goal_413,1,exito,16291,2576.19,05,subwp,524,1,E2.1,E2.1-R0,False,subwp,524,05,1,1552587828,exito,,521.312,0,0,"[0.0, -5.3743787926410675]"
4122,goal_413,2,exito,16302,2558.1,05,subwp,524,1,E2.1,E2.1-R0,False,subwp,524,05,2,3313749390,exito,,521.664,0,0,"[0.0, 16.757129375872648]"
4123,goal_413,3,exito,16301,2575.59,05,subwp,524,1,E2.1,E2.1-R0,False,subwp,524,05,3,2995059992,exito,,521.632,0,0,"[0.0, -11.990425647334904]"
4124,goal_413,4,col_return,11177,1572.28,05,subwp,524,1,E2.1,E2.1-R0,False,subwp,524,05,4,752904379,col_return,return,357.664,0,0,"[0.0, 7.533714253371084]"
4125,goal_413,5,exito,16291,2576.18,05,subwp,524,1,E2.1,E2.1-R0,False,subwp,524,05,5,1541888045,exito,,521.312,0,0,"[0.0, 9.211634632176908]"
4126,goal_413,6,exito,16301,2567.71,05,subwp,524,1,E2.1,E2.1-R0,False,subwp,524,05,6,3270379927,exito,,521.632,0,0,"[0.0, -29.71967648182325]"
4127,goal_413,7,exito,16301,2576.34,05,subwp,524,1,E2.1,E2.1-R0,False,subwp,524,05,7,3051960577,exito,,521.632,0,0,"[0.0, 16.909712928855274]"
4128,goal_413,8,col_return,11142,1564.54,05,subwp,524,1,E2.1,E2.1-R0,False,subwp,524,05,8,626402448,col_return,return,356.544,0,0,"[0.0, -5.960662769373326]"
4129,goal_413,9,exito,16291,2576.2,05,subwp,524,1,E2.1,E2.1-R0,False,subwp,524,05,9,1381045254,exito,,521.312,0,0,"[0.0, 27.382757299809455]"
4130,goal_413,10,exito,16302,2569.1,05,subwp,524,1,E2.1,E2.1-R0,False,subwp,524,05,10,3576930568,exito,,521.664,0,0,"[0.0, 22.653274971450706]"
4131,goal_414,1,exito,15940,2536.54,05,subwp,524,1,E2.1,E2.1-R0,False,subwp,524,05,1,1565062659,exito,,510.08,0,0,"[0.0, 29.237529564765016]"
4132,goal_414,2,exito,15940,2527.42,05,subwp,524,1,E2.1,E2.1-R0,False,subwp,524,05,2,3292637113,exito,,510.08,0,0,"[0.0, -0.30984710256216186]"
4133,goal_414,3,col_return,10652,1508.0,05,subwp,524,1,E2.1,E2.1-R0,False,subwp,524,05,3,3007747887,col_return,return,340.864,0,0,"[0.0, -4.773351054667696]"
4134,goal_414,4,exito,15930,2536.26,05,subwp,524,1,E2.1,E2.1-R0,False,subwp,524,05,4,757203596,exito,,509.76,0,0,"[0.0, -19.530365864433584]"
4135,goal_414,5,exito,15943,2497.28,05,subwp,524,1,E2.1,E2.1-R0,False,subwp,524,05,5,1512387098,exito,,510.176,0,0,"[0.0, 11.501377682171743]"
4136,goal_414,6,exito,15940,2533.13,05,subwp,524,1,E2.1,E2.1-R0,False,subwp,524,05,6,3274466208,exito,,510.08,0,0,"[0.0, -24.561784942556972]"
4137,goal_414,7,exito,15940,2536.51,05,subwp,524,1,E2.1,E2.1-R0,False,subwp,524,05,7,3022738230,exito,,510.08,0,0,"[0.0, -23.09316046684534]"
4138,goal_414,8,col_return,10942,1553.58,05,subwp,524,1,E2.1,E2.1-R0,False,subwp,524,05,8,613699239,col_return,return,350.144,0,0,"[0.0, -8.570930821869185]"
4139,goal_414,9,exito,15931,2536.15,05,subwp,524,1,E2.1,E2.1-R0,False,subwp,524,05,9,1402175025,exito,,509.792,0,0,"[0.0, 6.8116170652510455]"
4140,goal_414,10,exito,15940,2510.69,05,subwp,524,1,E2.1,E2.1-R0,False,subwp,524,05,10,1838138989,exito,,510.08,0,0,"[0.0, 4.6212168148881005]"
4141,goal_415,1,exito,16508,2600.4,05,subwp,524,1,E2.1,E2.1-R0,False,subwp,524,05,1,1476911238,exito,,528.256,0,0,"[0.0, 29.203649067353844]"
4142,goal_415,2,exito,16507,2561.58,05,subwp,524,1,E2.1,E2.1-R0,False,subwp,524,05,2,3238965564,exito,,528.224,0,0,"[0.0, 12.588045315310424]"
4143,goal_415,3,col_return,10816,1509.74,05,subwp,524,1,E2.1,E2.1-R0,False,subwp,524,05,3,3054076330,col_return,return,346.112,0,0,"[0.0, 27.28255778353763]"
4144,goal_415,4,exito,16498,2596.12,05,subwp,524,1,E2.1,E2.1-R0,False,subwp,524,05,4,678237193,exito,,527.936,0,0,"[0.0, -16.784869180795134]"
4145,goal_415,5,exito,16507,2593.71,05,subwp,524,1,E2.1,E2.1-R0,False,subwp,524,05,5,1600791711,exito,,528.224,0,0,"[0.0, -16.857888974892482]"
4146,goal_415,6,col_return,11400,1599.33,05,subwp,524,1,E2.1,E2.1-R0,False,subwp,524,05,6,3328406821,col_return,return,364.8,0,0,"[0.0, 11.249284379468973]"
4147,goal_415,7,exito,16498,2600.1,05,subwp,524,1,E2.1,E2.1-R0,False,subwp,524,05,7,2976138675,exito,,527.936,0,0,"[0.0, 23.437786099063402]"
4148,goal_415,8,exito,16508,2598.76,05,subwp,524,1,E2.1,E2.1-R0,False,subwp,524,05,8,568023074,exito,,528.256,0,0,"[0.0, -16.06334408522385]"
4149,goal_415,9,exito,16507,2592.39,05,subwp,524,1,E2.1,E2.1-R0,False,subwp,524,05,9,1457285300,exito,,528.224,0,0,"[0.0, 22.840598988032777]"
4150,goal_415,10,col_return,10935,1532.74,05,subwp,524,1,E2.1,E2.1-R0,False,subwp,524,05,10,4032364244,col_return,return,349.92,0,0,"[0.0, -0.8299076150474938]"
4151,goal_416,1,exito,16148,2567.89,05,subwp,524,1,E2.1,E2.1-R0,False,subwp,524,05,1,1506118321,exito,,516.736,0,0,"[0.0, 10.388825971052796]"
4152,goal_416,2,exito,16158,2568.7,05,subwp,524,1,E2.1,E2.1-R0,False,subwp,524,05,2,3234650891,exito,,517.056,0,0,"[0.0, -14.765846252381976]"
4153,goal_416,3,exito,16158,2569.17,05,subwp,524,1,E2.1,E2.1-R0,False,subwp,524,05,3,3083594653,exito,,517.056,0,0,"[0.0, 28.57480593945422]"
4154,goal_416,4,col_return,11073,1565.99,05,subwp,524,1,E2.1,E2.1-R0,False,subwp,524,05,4,699366974,col_return,return,354.336,0,0,"[0.0, -17.300137452958236]"
4155,goal_416,5,exito,16148,2568.94,05,subwp,524,1,E2.1,E2.1-R0,False,subwp,524,05,5,1588088488,exito,,516.736,0,0,"[0.0, -26.150546515165793]"
4156,goal_416,6,exito,16158,2537.15,05,subwp,524,1,E2.1,E2.1-R0,False,subwp,524,05,6,3349225234,exito,,517.056,0,0,"[0.0, 9.986760882094469]"
4157,goal_416,7,col_approach,2808,208.71,05,subwp,524,1,E2.1,E2.1-R0,False,subwp,524,05,7,2963681156,col_approach,approach,89.856,0,0,"[0.0, -10.255168751475257]"
4158,goal_416,8,col_return,10468,1480.86,05,subwp,524,1,E2.1,E2.1-R0,False,subwp,524,05,8,538522133,col_return,return,334.976,0,0,"[0.0, 0.23570424809425505]"
4159,goal_416,9,exito,16148,2565.36,05,subwp,524,1,E2.1,E2.1-R0,False,subwp,524,05,9,1461584515,exito,,516.736,0,0,"[0.0, 24.18338122489979]"
4160,goal_416,10,exito,16159,2568.79,05,subwp,524,1,E2.1,E2.1-R0,False,subwp,524,05,10,1222941105,exito,,517.088,0,0,"[0.0, 17.293855886809546]"
4161,goal_417,1,exito,16736,2616.72,05,subwp,524,1,E2.1,E2.1-R0,False,subwp,524,05,1,1535325416,exito,,535.552,0,0,"[0.0, -10.465978874876809]"
4162,goal_417,2,col_return,11002,1541.46,05,subwp,524,1,E2.1,E2.1-R0,False,subwp,524,05,2,3263849810,col_return,return,352.064,0,0,"[0.0, 11.822980604901176]"
4163,goal_417,3,exito,16726,2628.58,05,subwp,524,1,E2.1,E2.1-R0,False,subwp,524,05,3,3045938628,exito,,535.232,0,0,"[0.0, -20.542616194958295]"
4164,goal_417,4,exito,16748,2578.36,05,subwp,524,1,E2.1,E2.1-R0,False,subwp,524,05,4,736739431,exito,,535.936,0,0,"[0.0, 19.757990475595363]"
4165,goal_417,5,col_return,11266,1577.61,05,subwp,524,1,E2.1,E2.1-R0,False,subwp,524,05,5,1559163121,col_return,return,360.512,0,0,"[0.0, -11.859952005116732]"
4166,goal_417,6,exito,16726,2633.84,05,subwp,524,1,E2.1,E2.1-R0,False,subwp,524,05,6,3320291659,exito,,535.232,0,0,"[0.0, -13.735898128142775]"
4167,goal_417,7,exito,16736,2626.36,05,subwp,524,1,E2.1,E2.1-R0,False,subwp,524,05,7,3001061853,exito,,535.552,0,0,"[0.0, 2.5425617721565796]"
4168,goal_417,8,col_return,11406,1589.99,05,subwp,524,1,E2.1,E2.1-R0,False,subwp,524,05,8,576687180,col_return,return,364.992,0,0,"[0.0, 13.126929832392042]"
4169,goal_417,9,exito,16726,2634.15,05,subwp,524,1,E2.1,E2.1-R0,False,subwp,524,05,9,1431878874,exito,,535.232,0,0,"[0.0, 23.060618813465627]"
4170,goal_417,10,exito,16736,2634.24,05,subwp,524,1,E2.1,E2.1-R0,False,subwp,524,05,10,1515271775,exito,,535.552,0,0,"[0.0, -18.13002433648404]"
4171,goal_418,1,col_return,11309,1597.41,05,subwp,524,1,E2.1,E2.1-R0,False,subwp,524,05,1,1514233567,col_return,return,361.888,0,0,"[0.0, 16.53861506159412]"
4172,goal_418,2,exito,16407,2603.96,05,subwp,524,1,E2.1,E2.1-R0,False,subwp,524,05,2,3276279653,exito,,525.024,0,0,"[0.0, -15.685779310500156]"
4173,goal_418,3,exito,16417,2600.88,05,subwp,524,1,E2.1,E2.1-R0,False,subwp,524,05,3,3025092595,exito,,525.344,0,0,"[0.0, -18.714916665117816]"
4174,goal_418,4,exito,16417,2603.41,05,subwp,524,1,E2.1,E2.1-R0,False,subwp,524,05,4,707504720,exito,,525.344,0,0,"[0.0, 6.160859090610571]"
4175,goal_418,5,col_return,11032,1555.91,05,subwp,524,1,E2.1,E2.1-R0,False,subwp,524,05,5,1563204294,col_return,return,353.024,0,0,"[0.0, 20.07758704042049]"
4176,goal_418,6,exito,16407,2603.98,05,subwp,524,1,E2.1,E2.1-R0,False,subwp,524,05,6,3290811260,exito,,525.024,0,0,"[0.0, -20.7506278201627]"
4177,goal_418,7,exito,16417,2604.17,05,subwp,524,1,E2.1,E2.1-R0,False,subwp,524,05,7,3005414378,exito,,525.344,0,0,"[0.0, 15.926225566929027]"
4178,goal_418,8,exito,16417,2594.73,05,subwp,524,1,E2.1,E2.1-R0,False,subwp,524,05,8,597550715,exito,,525.344,0,0,"[0.0, 26.974899264194924]"
4179,goal_418,9,col_return,10885,1538.06,05,subwp,524,1,E2.1,E2.1-R0,False,subwp,524,05,9,1419433709,col_return,return,348.32,0,0,"[0.0, -1.8444004724279428]"
4180,goal_418,10,exito,16407,2603.18,05,subwp,524,1,E2.1,E2.1-R0,False,subwp,524,05,10,3807203642,exito,,525.024,0,0,"[0.0, 0.23776774614460594]"
4181,goal_419,1,exito,16946,2661.56,05,subwp,524,1,E2.1,E2.1-R0,False,subwp,524,05,1,1360861666,exito,,542.272,0,0,"[0.0, 16.533278153751343]"
4182,goal_419,2,col_return,11527,1613.87,05,subwp,524,1,E2.1,E2.1-R0,False,subwp,524,05,2,3356772440,col_return,return,368.864,0,0,"[0.0, 13.443496442580503]"
4183,goal_419,3,exito,16936,2661.42,05,subwp,524,1,E2.1,E2.1-R0,False,subwp,524,05,3,3205724366,exito,,541.952,0,0,"[0.0, 26.967520235245182]"
4184,goal_419,4,col_approach,2848,213.54,05,subwp,524,1,E2.1,E2.1-R0,False,subwp,524,05,4,561507693,col_approach,approach,91.136,0,0,"[0.0, 1.2109900168868304]"
4185,goal_419,5,exito,16936,2661.29,05,subwp,524,1,E2.1,E2.1-R0,False,subwp,524,05,5,1450237435,exito,,541.952,0,0,"[0.0, 6.993852977358168]"
4186,goal_419,6,exito,16945,2661.35,05,subwp,524,1,E2.1,E2.1-R0,False,subwp,524,05,6,3480849473,exito,,542.24,0,0,"[0.0, -10.221661105702989]"
4187,goal_419,7,exito,16945,2659.02,05,subwp,524,1,E2.1,E2.1-R0,False,subwp,524,05,7,3095313623,exito,,542.24,0,0,"[0.0, -26.74918057918228]"
4188,goal_419,8,col_return,11711,1638.72,05,subwp,524,1,E2.1,E2.1-R0,False,subwp,524,05,8,683778374,col_return,return,374.752,0,0,"[0.0, -29.028615819029657]"
4189,goal_419,9,exito,16936,2661.3,05,subwp,524,1,E2.1,E2.1-R0,False,subwp,524,05,9,1606848976,exito,,541.952,0,0,"[0.0, 1.127638397464954]"
4190,goal_419,10,exito,16946,2657.32,05,subwp,524,1,E2.1,E2.1-R0,False,subwp,524,05,10,3129885036,exito,,542.272,0,0,"[0.0, -25.468817149950812]"
4191,goal_420,1,col_return,11254,1593.56,05,subwp,524,1,E2.1,E2.1-R0,False,subwp,524,05,1,1356821461,col_return,return,360.128,0,0,"[0.0, 9.668261709205348]"
4192,goal_420,2,exito,16613,2634.68,05,subwp,524,1,E2.1,E2.1-R0,False,subwp,524,05,2,3386253935,exito,,531.616,0,0,"[0.0, -18.395165062450086]"
4193,goal_420,3,exito,16623,2634.98,05,subwp,524,1,E2.1,E2.1-R0,False,subwp,524,05,3,3201372921,exito,,531.936,0,0,"[0.0, 19.43664931400119]"
4194,goal_420,4,col_return,11501,1631.61,05,subwp,524,1,E2.1,E2.1-R0,False,subwp,524,05,4,548767578,col_return,return,368.032,0,0,"[0.0, 9.522720044667954]"
4195,goal_420,5,exito,16613,2634.72,05,subwp,524,1,E2.1,E2.1-R0,False,subwp,524,05,5,1471330252,exito,,531.616,0,0,"[0.0, 24.708203642374574]"
4196,goal_420,6,exito,16623,2634.64,05,subwp,524,1,E2.1,E2.1-R0,False,subwp,524,05,6,3468420726,exito,,531.936,0,0,"[0.0, -6.849391859948122]"
4197,goal_420,7,col_return,11634,1651.95,05,subwp,524,1,E2.1,E2.1-R0,False,subwp,524,05,7,3116160736,col_return,return,372.288,0,0,"[0.0, -29.0715929687704]"
4198,goal_420,8,exito,16613,2634.72,05,subwp,524,1,E2.1,E2.1-R0,False,subwp,524,05,8,688114545,exito,,531.616,0,0,"[0.0, 14.956741962802049]"
4199,goal_420,9,exito,16623,2633.31,05,subwp,524,1,E2.1,E2.1-R0,False,subwp,524,05,9,1577384935,exito,,531.936,0,0,"[0.0, -0.9444981208489445]"
4200,goal_420,10,exito,16623,2599.97,05,subwp,524,1,E2.1,E2.1-R0,False,subwp,524,05,10,36840969,exito,,531.936,0,0,"[0.0, -10.779013037760096]"
4201,goal_421,1,col_return,10741,1511.56,05,subwp,524,1,E2.1,E2.1-R0,False,subwp,524,05,1,1304160180,col_return,return,343.712,0,0,"[0.0, -10.302367484525067]"
4202,goal_421,2,exito,16317,2587.47,05,subwp,524,1,E2.1,E2.1-R0,False,subwp,524,05,2,3568481806,exito,,522.144,0,0,"[0.0, -25.45717360107423]"
4203,goal_421,3,exito,16327,2587.68,05,subwp,524,1,E2.1,E2.1-R0,False,subwp,524,05,3,2746582680,exito,,522.464,0,0,"[0.0, 16.894314891760324]"
4204,goal_421,4,exito,16328,2582.44,05,subwp,524,1,E2.1,E2.1-R0,False,subwp,524,05,4,1037112123,exito,,522.496,0,0,"[0.0, 7.317809941881457]"
4205,goal_421,5,col_return,10876,1537.34,05,subwp,524,1,E2.1,E2.1-R0,False,subwp,524,05,5,1255547821,col_return,return,348.032,0,0,"[0.0, 3.720825218611128]"
4206,goal_421,6,exito,16317,2587.45,05,subwp,524,1,E2.1,E2.1-R0,False,subwp,524,05,6,3554636311,exito,,522.144,0,0,"[0.0, 14.207481056733515]"
4207,goal_421,7,exito,16327,2587.65,05,subwp,524,1,E2.1,E2.1-R0,False,subwp,524,05,7,2765636225,exito,,522.464,0,0,"[0.0, -22.01042468152416]"
4208,goal_421,8,exito,16328,2586.3,05,subwp,524,1,E2.1,E2.1-R0,False,subwp,524,05,8,879189776,exito,,522.496,0,0,"[0.0, 1.2996935738389848]"
4209,goal_421,9,col_return,10959,1543.09,05,subwp,524,1,E2.1,E2.1-R0,False,subwp,524,05,9,1130393478,col_return,return,350.688,0,0,"[0.0, -3.2279781795963536]"
4210,goal_421,10,exito,16317,2587.48,05,subwp,524,1,E2.1,E2.1-R0,False,subwp,524,05,10,949621587,exito,,522.144,0,0,"[0.0, -20.81051676985656]"
4211,goal_422,1,exito,16241,2579.59,05,subwp,524,1,E2.1,E2.1-R0,False,subwp,524,05,1,1283034499,exito,,519.712,0,0,"[0.0, 1.7842063309435674]"
4212,goal_422,2,exito,16241,2579.58,05,subwp,524,1,E2.1,E2.1-R0,False,subwp,524,05,2,3580943417,exito,,519.712,0,0,"[0.0, 7.434028335246663]"
4213,goal_422,3,col_return,11035,1557.56,05,subwp,524,1,E2.1,E2.1-R0,False,subwp,524,05,3,2725768367,col_return,return,353.12,0,0,"[0.0, 1.740573620171424]"
4214,goal_422,4,exito,16231,2579.36,05,subwp,524,1,E2.1,E2.1-R0,False,subwp,524,05,4,1007909132,exito,,519.392,0,0,"[0.0, -18.66570381253017]"
4215,goal_422,5,exito,16241,2579.59,05,subwp,524,1,E2.1,E2.1-R0,False,subwp,524,05,5,1259620762,exito,,519.712,0,0,"[0.0, 16.474485650674467]"
4216,goal_422,6,exito,16241,2579.59,05,subwp,524,1,E2.1,E2.1-R0,False,subwp,524,05,6,3525122080,exito,,519.712,0,0,"[0.0, -26.82588592563572]"
4217,goal_422,7,col_return,11147,1582.89,05,subwp,524,1,E2.1,E2.1-R0,False,subwp,524,05,7,2769954998,col_return,return,356.704,0,0,"[0.0, 26.503122056233206]"
4218,goal_422,8,exito,16231,2579.34,05,subwp,524,1,E2.1,E2.1-R0,False,subwp,524,05,8,900019495,exito,,519.392,0,0,"[0.0, -17.51674116574091]"
4219,goal_422,9,exito,16241,2579.58,05,subwp,524,1,E2.1,E2.1-R0,False,subwp,524,05,9,1117914545,exito,,519.712,0,0,"[0.0, -12.229565309937346]"
4220,goal_422,10,exito,16241,2579.58,05,subwp,524,1,E2.1,E2.1-R0,False,subwp,524,05,10,2150003766,exito,,519.712,0,0,"[0.0, 20.54588276094133]"
4221,goal_423,1,col_return,11219,1581.03,05,subwp,524,1,E2.1,E2.1-R0,False,subwp,524,05,1,1312764890,col_return,return,359.008,0,0,"[0.0, -15.20590904128619]"
4222,goal_423,2,exito,16225,2569.66,05,subwp,524,1,E2.1,E2.1-R0,False,subwp,524,05,2,3610665568,exito,,519.2,0,0,"[0.0, -26.526031133140464]"
4223,goal_423,3,exito,16237,2570.02,05,subwp,524,1,E2.1,E2.1-R0,False,subwp,524,05,3,2687587062,exito,,519.584,0,0,"[0.0, 24.694605942590734]"
4224,goal_423,4,exito,16235,2569.82,05,subwp,524,1,E2.1,E2.1-R0,False,subwp,524,05,4,1045808981,exito,,519.52,0,0,"[0.0, 29.581583090015005]"
4225,goal_423,5,col_return,11255,1585.59,05,subwp,524,1,E2.1,E2.1-R0,False,subwp,524,05,5,1230174147,col_return,return,360.16,0,0,"[0.0, -20.813842594064234]"
4226,goal_423,6,exito,16225,2569.59,05,subwp,524,1,E2.1,E2.1-R0,False,subwp,524,05,6,3495667321,exito,,519.2,0,0,"[0.0, -9.20780023475017]"
4227,goal_423,7,exito,16236,2569.53,05,subwp,524,1,E2.1,E2.1-R0,False,subwp,524,05,7,2807863023,exito,,519.552,0,0,"[0.0, 0.40935879535515474]"
4228,goal_423,8,exito,16235,2569.84,05,subwp,524,1,E2.1,E2.1-R0,False,subwp,524,05,8,937659262,exito,,519.52,0,0,"[0.0, 13.182689750258403]"
4229,goal_423,9,col_return,11315,1575.18,05,subwp,524,1,E2.1,E2.1-R0,False,subwp,524,05,9,1088732136,col_return,return,362.08,0,0,"[0.0, -20.255896933866907]"
4230,goal_423,10,exito,16225,2569.68,05,subwp,524,1,E2.1,E2.1-R0,False,subwp,524,05,10,2459163608,exito,,519.2,0,0,"[0.0, 19.26766021160724]"
4231,goal_424,1,exito,16114,2563.05,05,subwp,524,1,E2.1,E2.1-R0,False,subwp,524,05,1,1342003693,exito,,515.648,0,0,"[0.0, 12.807900469078643]"
4232,goal_424,2,exito,16114,2563.12,05,subwp,524,1,E2.1,E2.1-R0,False,subwp,524,05,2,3606317143,exito,,515.648,0,0,"[0.0, 21.70967174675757]"
4233,goal_424,3,exito,16114,2558.1,05,subwp,524,1,E2.1,E2.1-R0,False,subwp,524,05,3,2717071553,exito,,515.648,0,0,"[0.0, -7.523688977552261]"
4234,goal_424,4,col_return,10771,1526.3,05,subwp,524,1,E2.1,E2.1-R0,False,subwp,524,05,4,1066904930,col_return,return,344.672,0,0,"[0.0, 14.197641093706629]"
4235,goal_424,5,exito,16104,2562.87,05,subwp,524,1,E2.1,E2.1-R0,False,subwp,524,05,5,1217437172,exito,,515.328,0,0,"[0.0, 27.709696747487897]"
4236,goal_424,6,exito,16114,2563.1,05,subwp,524,1,E2.1,E2.1-R0,False,subwp,524,05,6,3516517454,exito,,515.648,0,0,"[0.0, -20.405556035015863]"
4237,goal_424,7,exito,16114,2563.15,05,subwp,524,1,E2.1,E2.1-R0,False,subwp,524,05,7,2795437272,exito,,515.648,0,0,"[0.0, 1.0383174247906446]"
4238,goal_424,8,exito,16116,2538.03,05,subwp,524,1,E2.1,E2.1-R0,False,subwp,524,05,8,908190025,exito,,515.712,0,0,"[0.0, 18.540980897122797]"
4239,goal_424,9,col_return,10665,1507.46,05,subwp,524,1,E2.1,E2.1-R0,False,subwp,524,05,9,1093063135,col_return,return,341.28,0,0,"[0.0, 6.16690577189658]"
4240,goal_424,10,exito,16104,2562.87,05,subwp,524,1,E2.1,E2.1-R0,False,subwp,524,05,10,707771581,exito,,515.328,0,0,"[0.0, -7.939398469516334]"
4241,goal_425,1,exito,15985,2533.22,05,subwp,524,1,E2.1,E2.1-R0,False,subwp,524,05,1,1253199720,exito,,511.52,0,0,"[0.0, 29.079259364824907]"
4242,goal_425,2,exito,15985,2533.21,05,subwp,524,1,E2.1,E2.1-R0,False,subwp,524,05,2,3552255698,exito,,511.52,0,0,"[0.0, 15.571493968432462]"
4243,goal_425,3,exito,15987,2530.12,05,subwp,524,1,E2.1,E2.1-R0,False,subwp,524,05,3,2763796036,exito,,511.584,0,0,"[0.0, -4.008000398208931]"
4244,goal_425,4,col_return,10735,1507.71,05,subwp,524,1,E2.1,E2.1-R0,False,subwp,524,05,4,987282407,col_return,return,343.52,0,0,"[0.0, -18.71304753906405]"
4245,goal_425,5,exito,15975,2532.99,05,subwp,524,1,E2.1,E2.1-R0,False,subwp,524,05,5,1306495857,exito,,511.2,0,0,"[0.0, -0.38579968012957266]"
4246,goal_425,6,exito,15985,2533.23,05,subwp,524,1,E2.1,E2.1-R0,False,subwp,524,05,6,3570850507,exito,,511.52,0,0,"[0.0, -21.615324973521563]"
4247,goal_425,7,exito,15985,2533.19,05,subwp,524,1,E2.1,E2.1-R0,False,subwp,524,05,7,2748443229,exito,,511.52,0,0,"[0.0, -22.711156626599447]"
4248,goal_425,8,exito,15985,2533.2,05,subwp,524,1,E2.1,E2.1-R0,False,subwp,524,05,8,862910412,exito,,511.52,0,0,"[0.0, -5.592804978536372]"
4249,goal_425,9,col_return,10907,1529.71,05,subwp,524,1,E2.1,E2.1-R0,False,subwp,524,05,9,1147783002,col_return,return,349.024,0,0,"[0.0, -23.251372277530034]"
4250,goal_425,10,exito,15977,2533.35,05,subwp,524,1,E2.1,E2.1-R0,False,subwp,524,05,10,3086517252,exito,,511.264,0,0,"[0.0, 20.560734028840805]"
4251,goal_426,1,exito,15868,2528.13,05,subwp,524,1,E2.1,E2.1-R0,False,subwp,524,05,1,1265640799,exito,,507.776,0,0,"[0.0, 18.62600632070825]"
4252,goal_426,2,exito,15868,2528.13,05,subwp,524,1,E2.1,E2.1-R0,False,subwp,524,05,2,3531175141,exito,,507.776,0,0,"[0.0, 27.74586027523093]"
4253,goal_426,3,exito,15868,2528.09,05,subwp,524,1,E2.1,E2.1-R0,False,subwp,524,05,3,2776515699,exito,,507.776,0,0,"[0.0, -3.3537217425315435]"
4254,goal_426,4,exito,15868,2523.55,05,subwp,524,1,E2.1,E2.1-R0,False,subwp,524,05,4,991613392,exito,,507.776,0,0,"[0.0, -19.07665910900421]"
4255,goal_426,5,col_return,10657,1511.78,05,subwp,524,1,E2.1,E2.1-R0,False,subwp,524,05,5,1277026630,col_return,return,341.024,0,0,"[0.0, 3.647127176523397]"
4256,goal_426,6,exito,15858,2527.89,05,subwp,524,1,E2.1,E2.1-R0,False,subwp,524,05,6,3574903036,exito,,507.456,0,0,"[0.0, -9.04522740368973]"
4257,goal_426,7,exito,15868,2528.09,05,subwp,524,1,E2.1,E2.1-R0,False,subwp,524,05,7,2719187050,exito,,507.776,0,0,"[0.0, -29.680787127629777]"
4258,goal_426,8,exito,15868,2528.04,05,subwp,524,1,E2.1,E2.1-R0,False,subwp,524,05,8,850173435,exito,,507.776,0,0,"[0.0, 10.976573132267362]"
4259,goal_426,9,exito,15868,2528.12,05,subwp,524,1,E2.1,E2.1-R0,False,subwp,524,05,9,1168878957,exito,,507.776,0,0,"[0.0, 17.063765042231537]"
4260,goal_426,10,exito,15868,2523.84,05,subwp,524,1,E2.1,E2.1-R0,False,subwp,524,05,10,256172897,exito,,507.776,0,0,"[0.0, -12.20839185382517]"
4261,goal_427,1,col_return,10591,1490.27,05,subwp,524,1,E2.1,E2.1-R0,False,subwp,524,05,1,1228315398,col_return,return,338.912,0,0,"[0.0, -11.942239747413979]"
4262,goal_427,2,exito,15721,2496.54,05,subwp,524,1,E2.1,E2.1-R0,False,subwp,524,05,2,3493841596,exito,,503.072,0,0,"[0.0, 18.65597299347353]"
4263,goal_427,3,exito,15731,2496.79,05,subwp,524,1,E2.1,E2.1-R0,False,subwp,524,05,3,2805529130,exito,,503.392,0,0,"[0.0, 11.458946745417686]"
4264,goal_427,4,exito,15731,2496.78,05,subwp,524,1,E2.1,E2.1-R0,False,subwp,524,05,4,962359177,exito,,503.392,0,0,"[0.0, 20.780751321655607]"
4265,goal_427,5,exito,15731,2496.8,05,subwp,524,1,E2.1,E2.1-R0,False,subwp,524,05,5,1314610975,exito,,503.392,0,0,"[0.0, 13.71515461305929]"
4266,goal_427,6,exito,15731,2496.78,05,subwp,524,1,E2.1,E2.1-R0,False,subwp,524,05,6,3612479141,exito,,503.392,0,0,"[0.0, -23.297658306102594]"
4267,goal_427,7,exito,15731,2493.33,05,subwp,524,1,E2.1,E2.1-R0,False,subwp,524,05,7,2689941043,exito,,503.392,0,0,"[0.0, -9.140661108697492]"
4268,goal_427,8,col_return,10607,1492.26,05,subwp,524,1,E2.1,E2.1-R0,False,subwp,524,05,8,820650914,col_return,return,339.424,0,0,"[0.0, -22.511884823798397]"
4269,goal_427,9,exito,15721,2496.54,05,subwp,524,1,E2.1,E2.1-R0,False,subwp,524,05,9,1206719284,exito,,503.072,0,0,"[0.0, -23.14110765335929]"
4270,goal_427,10,exito,15731,2496.76,05,subwp,524,1,E2.1,E2.1-R0,False,subwp,524,05,10,502353039,exito,,503.392,0,0,"[0.0, 4.401822001594793]"
4271,goal_428,1,exito,15580,2488.02,05,subwp,524,1,E2.1,E2.1-R0,False,subwp,524,05,1,1224012081,exito,,498.56,0,0,"[0.0, 15.819628898985611]"
4272,goal_428,2,exito,15580,2488.0,05,subwp,524,1,E2.1,E2.1-R0,False,subwp,524,05,2,3523059851,exito,,498.56,0,0,"[0.0, -27.91424148205598]"
4273,goal_428,3,exito,15580,2487.98,05,subwp,524,1,E2.1,E2.1-R0,False,subwp,524,05,3,2801438749,exito,,498.56,0,0,"[0.0, 24.92672598525741]"
4274,goal_428,4,exito,15580,2487.96,05,subwp,524,1,E2.1,E2.1-R0,False,subwp,524,05,4,949880254,exito,,498.56,0,0,"[0.0, 5.585021091452196]"
4275,goal_428,5,exito,15580,2485.4,05,subwp,524,1,E2.1,E2.1-R0,False,subwp,524,05,5,1335440680,exito,,498.56,0,0,"[0.0, 21.774307629542513]"
4276,goal_428,6,col_return,10545,1497.59,05,subwp,524,1,E2.1,E2.1-R0,False,subwp,524,05,6,3599787154,col_return,return,337.44,0,0,"[0.0, -26.783978125079493]"
4277,goal_428,7,exito,15570,2487.73,05,subwp,524,1,E2.1,E2.1-R0,False,subwp,524,05,7,2711049220,exito,,498.24,0,0,"[0.0, -13.745019658107188]"
4278,goal_428,8,exito,15580,2487.96,05,subwp,524,1,E2.1,E2.1-R0,False,subwp,524,05,8,824723861,exito,,498.56,0,0,"[0.0, -19.773704658098712]"
4279,goal_428,9,exito,15580,2487.95,05,subwp,524,1,E2.1,E2.1-R0,False,subwp,524,05,9,1177516291,exito,,498.56,0,0,"[0.0, -16.888261888240866]"
4280,goal_428,10,exito,15580,2487.95,05,subwp,524,1,E2.1,E2.1-R0,False,subwp,524,05,10,2773298154,exito,,498.56,0,0,"[0.0, 8.866672667327915]"
4281,goal_429,1,exito,15517,2465.59,05,subwp,524,1,E2.1,E2.1-R0,False,subwp,524,05,1,1135130124,exito,,496.544,0,0,"[0.0, -27.001153287104746]"
4282,goal_429,2,exito,15517,2465.5,05,subwp,524,1,E2.1,E2.1-R0,False,subwp,524,05,2,3668043702,exito,,496.544,0,0,"[0.0, 24.998436563436826]"
4283,goal_429,3,exito,15517,2465.56,05,subwp,524,1,E2.1,E2.1-R0,False,subwp,524,05,3,2913392416,exito,,496.544,0,0,"[0.0, -11.788823007198738]"
4284,goal_429,4,exito,15517,2464.21,05,subwp,524,1,E2.1,E2.1-R0,False,subwp,524,05,4,868369027,exito,,496.544,0,0,"[0.0, 23.894704792900473]"
4285,goal_429,5,col_return,10562,1477.97,05,subwp,524,1,E2.1,E2.1-R0,False,subwp,524,05,5,1153790485,col_return,return,337.984,0,0,"[0.0, -7.958867631543081]"
4286,goal_429,6,exito,15507,2465.31,05,subwp,524,1,E2.1,E2.1-R0,False,subwp,524,05,6,3721143215,exito,,496.224,0,0,"[0.0, 3.751359667263985]"
4287,goal_429,7,exito,15517,2465.57,05,subwp,524,1,E2.1,E2.1-R0,False,subwp,524,05,7,2865435449,exito,,496.544,0,0,"[0.0, -21.52503944945645]"
4288,goal_429,8,exito,15518,2465.27,05,subwp,524,1,E2.1,E2.1-R0,False,subwp,524,05,8,980684456,exito,,496.576,0,0,"[0.0, -21.076579934117852]"
4289,goal_429,9,exito,15517,2465.5,05,subwp,524,1,E2.1,E2.1-R0,False,subwp,524,05,9,1299398206,exito,,496.544,0,0,"[0.0, 2.7225397418347796]"
4290,goal_429,10,exito,15517,2465.52,05,subwp,524,1,E2.1,E2.1-R0,False,subwp,524,05,10,4247665596,exito,,496.544,0,0,"[0.0, -29.80558606466229]"
4291,goal_430,1,exito,15350,2452.08,05,subwp,524,1,E2.1,E2.1-R0,False,subwp,524,05,1,1114299451,exito,,491.2,0,0,"[0.0, -1.6518490624645477]"
4292,goal_430,2,exito,15350,2452.59,05,subwp,524,1,E2.1,E2.1-R0,False,subwp,524,05,2,3680734593,exito,,491.2,0,0,"[0.0, -16.01490787206397]"
4293,goal_430,3,exito,15350,2451.96,05,subwp,524,1,E2.1,E2.1-R0,False,subwp,524,05,3,2892283159,exito,,491.2,0,0,"[0.0, 16.31896943740069]"
4294,goal_430,4,exito,15350,2452.48,05,subwp,524,1,E2.1,E2.1-R0,False,subwp,524,05,4,838871220,exito,,491.2,0,0,"[0.0, 20.599474333834145]"
4295,goal_430,5,exito,15350,2452.13,05,subwp,524,1,E2.1,E2.1-R0,False,subwp,524,05,5,1158092834,exito,,491.2,0,0,"[0.0, -14.641251797808017]"
4296,goal_430,6,exito,15350,2441.54,05,subwp,524,1,E2.1,E2.1-R0,False,subwp,524,05,6,3691923864,exito,,491.2,0,0,"[0.0, 0.3648325124816254]"
4297,goal_430,7,col_return,10341,1466.41,05,subwp,524,1,E2.1,E2.1-R0,False,subwp,524,05,7,2869524750,col_return,return,330.912,0,0,"[0.0, -1.8868381348692531]"
4298,goal_430,8,exito,15340,2452.29,05,subwp,524,1,E2.1,E2.1-R0,False,subwp,524,05,8,1001809055,exito,,490.88,0,0,"[0.0, -4.359496312846867]"
4299,goal_430,9,exito,15350,2452.07,05,subwp,524,1,E2.1,E2.1-R0,False,subwp,524,05,9,1286689801,exito,,491.2,0,0,"[0.0, 7.583101588122291]"
4300,goal_430,10,exito,15350,2452.52,05,subwp,524,1,E2.1,E2.1-R0,False,subwp,524,05,10,1167219929,exito,,491.2,0,0,"[0.0, -29.19209655991865]"
4301,goal_431,1,exito,15269,2430.15,05,subwp,524,1,E2.1,E2.1-R0,False,subwp,524,05,1,4110909649,exito,,488.608,0,0,"[0.0, 29.57381579349992]"
4302,goal_431,2,exito,15268,2430.52,05,subwp,524,1,E2.1,E2.1-R0,False,subwp,524,05,2,1812910443,exito,,488.576,0,0,"[0.0, 17.079578668205265]"
4303,goal_431,3,exito,15268,2430.53,05,subwp,524,1,E2.1,E2.1-R0,False,subwp,524,05,3,453632509,exito,,488.576,0,0,"[0.0, 15.046054079689462]"
4304,goal_431,4,exito,15268,2430.51,05,subwp,524,1,E2.1,E2.1-R0,False,subwp,524,05,4,2238542942,exito,,488.576,0,0,"[0.0, -18.7948023693547]"
4305,goal_431,5,exito,15268,2430.49,05,subwp,524,1,E2.1,E2.1-R0,False,subwp,524,05,5,4067050696,exito,,488.576,0,0,"[0.0, 28.30508164843183]"
4306,goal_431,6,exito,15268,2430.49,05,subwp,524,1,E2.1,E2.1-R0,False,subwp,524,05,6,1801655666,exito,,488.576,0,0,"[0.0, 20.79862507138853]"
4307,goal_431,7,exito,15268,2430.53,05,subwp,524,1,E2.1,E2.1-R0,False,subwp,524,05,7,476325348,exito,,488.576,0,0,"[0.0, 4.884105735539512]"
4308,goal_431,8,exito,15268,2430.52,05,subwp,524,1,E2.1,E2.1-R0,False,subwp,524,05,8,2363177077,exito,,488.576,0,0,"[0.0, -6.85536107485043]"
4309,goal_431,9,exito,15268,2430.5,05,subwp,524,1,E2.1,E2.1-R0,False,subwp,524,05,9,4225501411,exito,,488.576,0,0,"[0.0, 29.15250133933825]"
4310,goal_431,10,exito,15268,2430.53,05,subwp,524,1,E2.1,E2.1-R0,False,subwp,524,05,10,100285155,exito,,488.576,0,0,"[0.0, -17.023368025453514]"
4311,goal_432,1,exito,15088,2426.15,05,subwp,524,1,E2.1,E2.1-R0,False,subwp,524,05,1,4106611430,exito,,482.816,0,0,"[0.0, 26.626378447186106]"
4312,goal_432,2,exito,15088,2426.2,05,subwp,524,1,E2.1,E2.1-R0,False,subwp,524,05,2,1842133852,exito,,482.816,0,0,"[0.0, -24.079639723588116]"
4313,goal_432,3,exito,15088,2426.18,05,subwp,524,1,E2.1,E2.1-R0,False,subwp,524,05,3,449547210,exito,,482.816,0,0,"[0.0, 5.026244644523425]"
4314,goal_432,4,exito,15088,2426.21,05,subwp,524,1,E2.1,E2.1-R0,False,subwp,524,05,4,2226069097,exito,,482.816,0,0,"[0.0, 10.475058977968349]"
4315,goal_432,5,exito,15088,2426.18,05,subwp,524,1,E2.1,E2.1-R0,False,subwp,524,05,5,4087885567,exito,,482.816,0,0,"[0.0, -1.5637968969117]"
4316,goal_432,6,exito,15088,2426.18,05,subwp,524,1,E2.1,E2.1-R0,False,subwp,524,05,6,1788968773,exito,,482.816,0,0,"[0.0, 23.50567718194181]"
4317,goal_432,7,exito,15088,2425.39,05,subwp,524,1,E2.1,E2.1-R0,False,subwp,524,05,7,497438675,exito,,482.816,0,0,"[0.0, -17.89233462929505]"
4318,goal_432,8,exito,15088,2424.18,05,subwp,524,1,E2.1,E2.1-R0,False,subwp,524,05,8,2367246914,exito,,482.816,0,0,"[0.0, 2.6206936958670335]"
4319,goal_432,9,exito,15088,2421.91,05,subwp,524,1,E2.1,E2.1-R0,False,subwp,524,05,9,4196295380,exito,,482.816,0,0,"[0.0, 19.538059177383428]"
4320,goal_432,10,exito,15088,2417.6,05,subwp,524,1,E2.1,E2.1-R0,False,subwp,524,05,10,3175505286,exito,,482.816,0,0,"[0.0, 28.34767717262098]"
4321,goal_433,1,col_return,10350,1466.7,05,subwp,524,1,E2.1,E2.1-R0,False,subwp,524,05,1,4135802047,col_return,return,331.2,0,0,"[0.0, 16.052616444188292]"
4322,goal_433,2,exito,15321,2452.05,05,subwp,524,1,E2.1,E2.1-R0,False,subwp,524,05,2,1871316229,exito,,490.272,0,0,"[0.0, 22.500559220485446]"
4323,goal_433,3,exito,15331,2452.15,05,subwp,524,1,E2.1,E2.1-R0,False,subwp,524,05,3,411907475,exito,,490.592,0,0,"[0.0, -23.046654072774142]"
4324,goal_433,4,exito,15331,2449.62,05,subwp,524,1,E2.1,E2.1-R0,False,subwp,524,05,4,2263457840,exito,,490.592,0,0,"[0.0, -14.202892251739401]"
4325,goal_433,5,exito,15332,2416.3,05,subwp,524,1,E2.1,E2.1-R0,False,subwp,524,05,5,4058943654,exito,,490.624,0,0,"[0.0, 26.959176158002748]"
4326,goal_433,6,exito,15332,2429.81,05,subwp,524,1,E2.1,E2.1-R0,False,subwp,524,05,6,1760018716,exito,,490.624,0,0,"[0.0, 26.45368927222342]"
4327,goal_433,7,exito,15331,2451.02,05,subwp,524,1,E2.1,E2.1-R0,False,subwp,524,05,7,534835594,exito,,490.592,0,0,"[0.0, -17.163282218001235]"
4328,goal_433,8,exito,15331,2452.15,05,subwp,524,1,E2.1,E2.1-R0,False,subwp,524,05,8,2405428251,exito,,490.592,0,0,"[0.0, 26.20030345867282]"
4329,goal_433,9,exito,15331,2402.37,05,subwp,524,1,E2.1,E2.1-R0,False,subwp,524,05,9,4166573197,exito,,490.592,0,0,"[0.0, 23.4735769902461]"
4330,goal_433,10,exito,15332,2449.82,05,subwp,524,1,E2.1,E2.1-R0,False,subwp,524,05,10,2952000104,exito,,490.624,0,0,"[0.0, -9.042806126909715]"
4331,goal_434,1,exito,15244,2453.75,05,subwp,524,1,E2.1,E2.1-R0,False,subwp,524,05,1,4148248200,exito,,487.808,0,0,"[0.0, -12.120556353314921]"
4332,goal_434,2,exito,15245,2454.44,05,subwp,524,1,E2.1,E2.1-R0,False,subwp,524,05,2,1850240818,exito,,487.84,0,0,"[0.0, 26.06905834255508]"
4333,goal_434,3,exito,15245,2454.43,05,subwp,524,1,E2.1,E2.1-R0,False,subwp,524,05,3,424632228,exito,,487.84,0,0,"[0.0, 15.692255328391214]"
4334,goal_434,4,exito,15245,2454.4,05,subwp,524,1,E2.1,E2.1-R0,False,subwp,524,05,4,2267793927,exito,,487.84,0,0,"[0.0, 14.31439196418382]"
4335,goal_434,5,exito,15245,2454.42,05,subwp,524,1,E2.1,E2.1-R0,False,subwp,524,05,5,4029479569,exito,,487.84,0,0,"[0.0, -5.962203372692583]"
4336,goal_434,6,exito,15245,2452.67,05,subwp,524,1,E2.1,E2.1-R0,False,subwp,524,05,6,1764076331,exito,,487.84,0,0,"[0.0, 3.929762907961538]"
4337,goal_434,7,exito,15245,2441.75,05,subwp,524,1,E2.1,E2.1-R0,False,subwp,524,05,7,505584573,exito,,487.84,0,0,"[0.0, -5.4535467249940295]"
4338,goal_434,8,col_return,10278,1471.74,05,subwp,524,1,E2.1,E2.1-R0,False,subwp,524,05,8,2392688172,col_return,return,328.896,0,0,"[0.0, 25.61785098913467]"
4339,goal_434,9,exito,15236,2454.14,05,subwp,524,1,E2.1,E2.1-R0,False,subwp,524,05,9,4187666106,exito,,487.552,0,0,"[0.0, 22.357732301704157]"
4340,goal_434,10,exito,15245,2453.77,05,subwp,524,1,E2.1,E2.1-R0,False,subwp,524,05,10,391091469,exito,,487.84,0,0,"[0.0, 8.080678238298054]"
4341,goal_435,1,exito,15641,2490.06,05,subwp,524,1,E2.1,E2.1-R0,False,subwp,524,05,1,4061014029,exito,,500.512,0,0,"[0.0, 27.951354184560753]"
4342,goal_435,2,col_approach,2831,240.66,05,subwp,524,1,E2.1,E2.1-R0,False,subwp,524,05,2,1795652023,col_approach,approach,90.592,0,0,"[0.0, 15.209816079607162]"
4343,goal_435,3,exito,15629,2485.14,05,subwp,524,1,E2.1,E2.1-R0,False,subwp,524,05,3,469780769,exito,,500.128,0,0,"[0.0, -28.760219138638625]"
4344,goal_435,4,col_return,10544,1491.34,05,subwp,524,1,E2.1,E2.1-R0,False,subwp,524,05,4,2187648130,col_return,return,337.408,0,0,"[0.0, -23.022546474844013]"
4345,goal_435,5,exito,15631,2489.9,05,subwp,524,1,E2.1,E2.1-R0,False,subwp,524,05,5,4116966420,exito,,500.192,0,0,"[0.0, 17.349585568655364]"
4346,goal_435,6,exito,15641,2484.56,05,subwp,524,1,E2.1,E2.1-R0,False,subwp,524,05,6,1818934702,exito,,500.512,0,0,"[0.0, 29.16780437601391]"
4347,goal_435,7,exito,15641,2476.38,05,subwp,524,1,E2.1,E2.1-R0,False,subwp,524,05,7,460164408,exito,,500.512,0,0,"[0.0, 14.392401146736063]"
4348,goal_435,8,exito,15641,2490.15,05,subwp,524,1,E2.1,E2.1-R0,False,subwp,524,05,8,2345832617,exito,,500.512,0,0,"[0.0, 15.77736762971573]"
4349,goal_435,9,exito,15641,2489.3,05,subwp,524,1,E2.1,E2.1-R0,False,subwp,524,05,9,4241858623,exito,,500.512,0,0,"[0.0, 18.165827633567496]"
4350,goal_435,10,exito,15641,2490.12,05,subwp,524,1,E2.1,E2.1-R0,False,subwp,524,05,10,2325261748,exito,,500.512,0,0,"[0.0, 12.271783857129572]"
4351,goal_436,1,exito,15513,2490.37,05,subwp,524,1,E2.1,E2.1-R0,False,subwp,524,05,1,4090249786,exito,,496.416,0,0,"[0.0, 27.47463202615523]"
4352,goal_436,2,col_return,10534,1505.27,05,subwp,524,1,E2.1,E2.1-R0,False,subwp,524,05,2,1791300480,col_return,return,337.088,0,0,"[0.0, -14.496631171668419]"
4353,goal_436,3,exito,15503,2492.12,05,subwp,524,1,E2.1,E2.1-R0,False,subwp,524,05,3,499262230,exito,,496.096,0,0,"[0.0, -11.589199406971332]"
4354,goal_436,4,exito,15513,2491.82,05,subwp,524,1,E2.1,E2.1-R0,False,subwp,524,05,4,2208741045,exito,,496.416,0,0,"[0.0, -16.370717543468732]"
4355,goal_436,5,col_approach,2877,252.2,05,subwp,524,1,E2.1,E2.1-R0,False,subwp,524,05,5,4104226339,col_approach,approach,92.064,0,0,"[0.0, 10.12676541274812]"
4356,goal_436,6,exito,15503,2491.08,05,subwp,524,1,E2.1,E2.1-R0,False,subwp,524,05,6,1839781785,exito,,496.096,0,0,"[0.0, 22.233751116094997]"
4357,goal_436,7,col_return,10584,1505.83,05,subwp,524,1,E2.1,E2.1-R0,False,subwp,524,05,7,447735567,col_return,return,338.688,0,0,"[0.0, -24.659888841632185]"
4358,goal_436,8,exito,15503,2492.12,05,subwp,524,1,E2.1,E2.1-R0,False,subwp,524,05,8,2316368542,exito,,496.096,0,0,"[0.0, -28.978530332184032]"
4359,goal_436,9,exito,15513,2491.96,05,subwp,524,1,E2.1,E2.1-R0,False,subwp,524,05,9,4246194696,exito,,496.416,0,0,"[0.0, -11.946554904119004]"
4360,goal_436,10,col_approach,2910,241.43,05,subwp,524,1,E2.1,E2.1-R0,False,subwp,524,05,10,841272017,col_approach,approach,93.12,0,0,"[0.0, 19.026012824341272]"
4361,goal_437,1,exito,15918,2498.55,05,subwp,524,1,E2.1,E2.1-R0,False,subwp,524,05,1,4052417635,exito,,509.376,0,0,"[0.0, 11.454554832055038]"
4362,goal_437,2,col_return,10558,1487.52,05,subwp,524,1,E2.1,E2.1-R0,False,subwp,524,05,2,1753460185,col_return,return,337.856,0,0,"[0.0, -26.92908361661737]"
4363,goal_437,3,exito,15918,2528.56,05,subwp,524,1,E2.1,E2.1-R0,False,subwp,524,05,3,528784719,exito,,509.376,0,0,"[0.0, -5.444941048239347]"
4364,goal_437,4,exito,15938,2501.71,05,subwp,524,1,E2.1,E2.1-R0,False,subwp,524,05,4,2178943212,exito,,510.016,0,0,"[0.0, -4.638099536387181]"
4365,goal_437,5,exito,15928,2513.52,05,subwp,524,1,E2.1,E2.1-R0,False,subwp,524,05,5,4142348410,exito,,509.696,0,0,"[0.0, -28.334125399496383]"
4366,goal_437,6,exito,15928,2528.77,05,subwp,524,1,E2.1,E2.1-R0,False,subwp,524,05,6,1877895616,exito,,509.696,0,0,"[0.0, -12.316169213152532]"
4367,goal_437,7,col_return,10920,1540.27,05,subwp,524,1,E2.1,E2.1-R0,False,subwp,524,05,7,417945942,col_return,return,349.44,0,0,"[0.0, -23.202488027437017]"
4368,goal_437,8,exito,15918,2528.6,05,subwp,524,1,E2.1,E2.1-R0,False,subwp,524,05,8,2287355079,exito,,509.376,0,0,"[0.0, -22.24141079711292]"
4369,goal_437,9,exito,15928,2500.84,05,subwp,524,1,E2.1,E2.1-R0,False,subwp,524,05,9,4283528273,exito,,509.696,0,0,"[0.0, -6.341725095183763]"
4370,goal_437,10,exito,15928,2528.78,05,subwp,524,1,E2.1,E2.1-R0,False,subwp,524,05,10,546399551,exito,,509.696,0,0,"[0.0, 24.04419923897073]"
4371,goal_438,1,exito,15793,2528.28,05,subwp,524,1,E2.1,E2.1-R0,False,subwp,524,05,1,4031288916,exito,,505.376,0,0,"[0.0, 14.770658042662772]"
4372,goal_438,2,exito,15793,2527.26,05,subwp,524,1,E2.1,E2.1-R0,False,subwp,524,05,2,1765918702,exito,,505.376,0,0,"[0.0, -24.77478799714017]"
4373,goal_438,3,col_return,10714,1524.99,05,subwp,524,1,E2.1,E2.1-R0,False,subwp,524,05,3,507967352,col_return,return,342.848,0,0,"[0.0, 21.615855432159524]"
4374,goal_438,4,exito,15783,2528.0,05,subwp,524,1,E2.1,E2.1-R0,False,subwp,524,05,4,2149737179,exito,,505.056,0,0,"[0.0, -2.3765877009487646]"
4375,goal_438,5,exito,15793,2509.57,05,subwp,524,1,E2.1,E2.1-R0,False,subwp,524,05,5,4146418253,exito,,505.376,0,0,"[0.0, -24.95936250650963]"
4376,goal_438,6,exito,15793,2527.48,05,subwp,524,1,E2.1,E2.1-R0,False,subwp,524,05,6,1848378359,exito,,505.376,0,0,"[0.0, 8.056487692761515]"
4377,goal_438,7,exito,15795,2477.39,05,subwp,524,1,E2.1,E2.1-R0,False,subwp,524,05,7,422261601,exito,,505.44,0,0,"[0.0, -15.542632009283174]"
4378,goal_438,8,exito,15792,2528.01,05,subwp,524,1,E2.1,E2.1-R0,False,subwp,524,05,8,2308189936,exito,,505.344,0,0,"[0.0, 25.081656974441763]"
4379,goal_438,9,exito,15793,2493.74,05,subwp,524,1,E2.1,E2.1-R0,False,subwp,524,05,9,4271054438,exito,,505.376,0,0,"[0.0, 2.6704947642768606]"
4380,goal_438,10,col_return,10472,1493.57,05,subwp,524,1,E2.1,E2.1-R0,False,subwp,524,05,10,2553086554,col_return,return,335.104,0,0,"[0.0, -9.15213330627643]"
4381,goal_439,1,exito,16127,2561.14,05,subwp,524,1,E2.1,E2.1-R0,False,subwp,524,05,1,4212445545,exito,,516.064,0,0,"[0.0, 13.270780153029168]"
4382,goal_439,2,exito,16140,2554.34,05,subwp,524,1,E2.1,E2.1-R0,False,subwp,524,05,2,1646100691,exito,,516.48,0,0,"[0.0, 1.048120579538192]"
4383,goal_439,3,exito,16138,2556.77,05,subwp,524,1,E2.1,E2.1-R0,False,subwp,524,05,3,354070597,exito,,516.416,0,0,"[0.0, 8.602753609318787]"
4384,goal_439,4,exito,16137,2524.21,05,subwp,524,1,E2.1,E2.1-R0,False,subwp,524,05,4,2340300262,exito,,516.384,0,0,"[0.0, 19.335341218354532]"
4385,goal_439,5,col_return,10637,1498.65,05,subwp,524,1,E2.1,E2.1-R0,False,subwp,524,05,5,4235793776,col_return,return,340.384,0,0,"[0.0, -22.16792226096642]"
4386,goal_439,6,exito,16127,2560.54,05,subwp,524,1,E2.1,E2.1-R0,False,subwp,524,05,6,1701856458,exito,,516.064,0,0,"[0.0, 2.5841510790804745]"
4387,goal_439,7,exito,16137,2560.15,05,subwp,524,1,E2.1,E2.1-R0,False,subwp,524,05,7,309818460,exito,,516.384,0,0,"[0.0, -14.295094620231927]"
4388,goal_439,8,exito,16137,2561.36,05,subwp,524,1,E2.1,E2.1-R0,False,subwp,524,05,8,2194172365,exito,,516.384,0,0,"[0.0, 14.005772398438811]"
4389,goal_439,9,col_return,11112,1571.99,05,subwp,524,1,E2.1,E2.1-R0,False,subwp,524,05,9,4124006747,col_return,return,355.584,0,0,"[0.0, 13.800860146485936]"
4390,goal_439,10,exito,16127,2561.14,05,subwp,524,1,E2.1,E2.1-R0,False,subwp,524,05,10,3226341900,exito,,516.064,0,0,"[0.0, -24.17843702138187]"
4391,goal_440,1,col_approach,2807,234.85,05,subwp,524,1,E2.1,E2.1-R0,False,subwp,524,05,1,4208376670,col_approach,approach,89.824,0,0,"[0.0, 12.438987084964948]"
4392,goal_440,2,col_return,11040,1576.37,05,subwp,524,1,E2.1,E2.1-R0,False,subwp,524,05,2,1675619044,col_return,return,353.28,0,0,"[0.0, -21.697099535726043]"
4393,goal_440,3,exito,16044,2561.2,05,subwp,524,1,E2.1,E2.1-R0,False,subwp,524,05,3,349756018,exito,,513.408,0,0,"[0.0, 26.739122240622784]"
4394,goal_440,4,col_approach,2864,243.31,05,subwp,524,1,E2.1,E2.1-R0,False,subwp,524,05,4,2327597009,col_approach,approach,91.648,0,0,"[0.0, -13.363029582786242]"
4395,goal_440,5,col_return,11065,1576.76,05,subwp,524,1,E2.1,E2.1-R0,False,subwp,524,05,5,4256923463,col_return,return,354.08,0,0,"[0.0, 5.519780278091131]"
4396,goal_440,6,exito,16044,2561.1,05,subwp,524,1,E2.1,E2.1-R0,False,subwp,524,05,6,1689399037,exito,,513.408,0,0,"[0.0, 16.396822270628284]"
4397,goal_440,7,col_approach,2869,249.47,05,subwp,524,1,E2.1,E2.1-R0,False,subwp,524,05,7,330636907,col_approach,approach,91.808,0,0,"[0.0, 17.602369136089607]"
4398,goal_440,8,col_return,11078,1576.72,05,subwp,524,1,E2.1,E2.1-R0,False,subwp,524,05,8,2198471674,col_return,return,354.496,0,0,"[0.0, -1.8621601106609509]"
4399,goal_440,9,exito,16045,2560.74,05,subwp,524,1,E2.1,E2.1-R0,False,subwp,524,05,9,4094505836,exito,,513.44,0,0,"[0.0, -23.933210541005174]"
4400,goal_440,10,col_approach,2879,247.72,05,subwp,524,1,E2.1,E2.1-R0,False,subwp,524,05,10,2029155689,col_approach,approach,92.128,0,0,"[0.0, 5.226064926070045]"
4401,goal_441,1,col_return,11243,1587.86,05,subwp,524,1,E2.1,E2.1-R0,False,subwp,524,05,1,1758509160,col_return,return,359.776,0,0,"[0.0, -25.674180257648718]"
4402,goal_441,2,exito,16380,2595.75,05,subwp,524,1,E2.1,E2.1-R0,False,subwp,524,05,2,4057590226,exito,,524.16,0,0,"[0.0, -28.767181834129197]"
4403,goal_441,3,exito,16390,2591.56,05,subwp,524,1,E2.1,E2.1-R0,False,subwp,524,05,3,2262751556,exito,,524.48,0,0,"[0.0, 18.089108214456182]"
4404,goal_441,4,exito,16389,2595.63,05,subwp,524,1,E2.1,E2.1-R0,False,subwp,524,05,4,414862567,exito,,524.448,0,0,"[0.0, -6.803314661668518]"
4405,goal_441,5,col_return,11047,1555.38,05,subwp,524,1,E2.1,E2.1-R0,False,subwp,524,05,5,1874689137,col_return,return,353.504,0,0,"[0.0, 2.7903431116066657]"
4406,goal_441,6,exito,16380,2595.84,05,subwp,524,1,E2.1,E2.1-R0,False,subwp,524,05,6,4139003339,exito,,524.16,0,0,"[0.0, 17.642155256386076]"
4407,goal_441,7,exito,16390,2595.69,05,subwp,524,1,E2.1,E2.1-R0,False,subwp,524,05,7,2175999325,exito,,524.48,0,0,"[0.0, -8.4027721961377]"
4408,goal_441,8,exito,16390,2592.75,05,subwp,524,1,E2.1,E2.1-R0,False,subwp,524,05,8,285999308,exito,,524.48,0,0,"[0.0, 9.534069328294748]"
4409,goal_441,9,col_return,10944,1539.79,05,subwp,524,1,E2.1,E2.1-R0,False,subwp,524,05,9,1712009306,col_return,return,350.208,0,0,"[0.0, 1.3761918235561343]"
4410,goal_441,10,exito,16381,2595.73,05,subwp,524,1,E2.1,E2.1-R0,False,subwp,524,05,10,3084576499,exito,,524.192,0,0,"[0.0, 28.73566486119312]"
4411,goal_442,1,exito,16336,2601.47,05,subwp,524,1,E2.1,E2.1-R0,False,subwp,524,05,1,1762841183,exito,,522.752,0,0,"[0.0, 26.69307672565694]"
4412,goal_442,2,exito,16337,2597.69,05,subwp,524,1,E2.1,E2.1-R0,False,subwp,524,05,2,4028335077,exito,,522.784,0,0,"[0.0, 27.936197922264626]"
4413,goal_442,3,col_return,10911,1550.56,05,subwp,524,1,E2.1,E2.1-R0,False,subwp,524,05,3,2266805107,col_return,return,349.152,0,0,"[0.0, -18.302845763156746]"
4414,goal_442,4,exito,16326,2601.24,05,subwp,524,1,E2.1,E2.1-R0,False,subwp,524,05,4,427304656,exito,,522.432,0,0,"[0.0, -25.756061211163587]"
4415,goal_442,5,exito,16336,2601.48,05,subwp,524,1,E2.1,E2.1-R0,False,subwp,524,05,5,1853822534,exito,,522.752,0,0,"[0.0, -9.141424525139888]"
4416,goal_442,6,exito,16336,2599.91,05,subwp,524,1,E2.1,E2.1-R0,False,subwp,524,05,6,4151724028,exito,,522.752,0,0,"[0.0, 27.74515817055369]"
4417,goal_442,7,col_return,10953,1559.17,05,subwp,524,1,E2.1,E2.1-R0,False,subwp,524,05,7,2154919786,col_return,return,350.496,0,0,"[0.0, -18.279953606915363]"
4418,goal_442,8,exito,16326,2601.24,05,subwp,524,1,E2.1,E2.1-R0,False,subwp,524,05,8,281963259,exito,,522.432,0,0,"[0.0, 1.858284174672722]"
4419,goal_442,9,exito,16336,2601.0,05,subwp,524,1,E2.1,E2.1-R0,False,subwp,524,05,9,1741249133,exito,,522.752,0,0,"[0.0, 28.459386207206933]"
4420,goal_442,10,exito,16337,2600.11,05,subwp,524,1,E2.1,E2.1-R0,False,subwp,524,05,10,258376086,exito,,522.784,0,0,"[0.0, -15.357657354243479]"
4421,goal_443,1,col_return,11113,1565.56,05,subwp,524,1,E2.1,E2.1-R0,False,subwp,524,05,1,1800694790,col_return,return,355.616,0,0,"[0.0, -7.885563496770988]"
4422,goal_443,2,exito,16604,2625.44,05,subwp,524,1,E2.1,E2.1-R0,False,subwp,524,05,2,4066196924,exito,,531.328,0,0,"[0.0, 8.20501224305779]"
4423,goal_443,3,exito,16614,2626.14,05,subwp,524,1,E2.1,E2.1-R0,False,subwp,524,05,3,2237271338,exito,,531.648,0,0,"[0.0, 16.937820622054748]"
4424,goal_443,4,col_return,11444,1618.28,05,subwp,524,1,E2.1,E2.1-R0,False,subwp,524,05,4,457087113,col_return,return,366.208,0,0,"[0.0, -7.881229676146093]"
4425,goal_443,5,exito,16604,2625.94,05,subwp,524,1,E2.1,E2.1-R0,False,subwp,524,05,5,1815717919,exito,,531.328,0,0,"[0.0, 7.721092567177825]"
4426,goal_443,6,exito,16614,2626.15,05,subwp,524,1,E2.1,E2.1-R0,False,subwp,524,05,6,4113627557,exito,,531.648,0,0,"[0.0, 27.55302218739956]"
4427,goal_443,7,col_return,11609,1642.56,05,subwp,524,1,E2.1,E2.1-R0,False,subwp,524,05,7,2184694067,col_return,return,371.488,0,0,"[0.0, -4.924608441952499]"
4428,goal_443,8,exito,16604,2625.92,05,subwp,524,1,E2.1,E2.1-R0,False,subwp,524,05,8,310957218,exito,,531.328,0,0,"[0.0, 9.342174484143964]"
4429,goal_443,9,exito,16614,2624.24,05,subwp,524,1,E2.1,E2.1-R0,False,subwp,524,05,9,1703928884,exito,,531.648,0,0,"[0.0, -11.844455987375472]"
4430,goal_443,10,exito,16614,2594.7,05,subwp,524,1,E2.1,E2.1-R0,False,subwp,524,05,10,500379256,exito,,531.648,0,0,"[0.0, -13.881719579326488]"
4431,goal_444,1,col_return,10862,1540.87,05,subwp,524,1,E2.1,E2.1-R0,False,subwp,524,05,1,1788216881,col_return,return,347.584,0,0,"[0.0, 12.6235216580565]"
4432,goal_444,2,exito,16536,2626.44,05,subwp,524,1,E2.1,E2.1-R0,False,subwp,524,05,2,4087306123,exito,,529.152,0,0,"[0.0, 15.120419669830515]"
4433,goal_444,3,exito,16546,2617.26,05,subwp,524,1,E2.1,E2.1-R0,False,subwp,524,05,3,2224580381,exito,,529.472,0,0,"[0.0, 5.71861862054398]"
4434,goal_444,4,col_return,11380,1619.4,05,subwp,524,1,E2.1,E2.1-R0,False,subwp,524,05,4,452784830,col_return,return,364.16,0,0,"[0.0, 7.742190701036775]"
4435,goal_444,5,exito,16536,2630.16,05,subwp,524,1,E2.1,E2.1-R0,False,subwp,524,05,5,1845215784,exito,,529.152,0,0,"[0.0, -19.564684168256004]"
4436,goal_444,6,exito,16547,2629.46,05,subwp,524,1,E2.1,E2.1-R0,False,subwp,524,05,6,4109538194,exito,,529.504,0,0,"[0.0, 5.502375037901461]"
4437,goal_444,7,exito,16547,2604.5,05,subwp,524,1,E2.1,E2.1-R0,False,subwp,524,05,7,2213913348,exito,,529.504,0,0,"[0.0, -13.270111296536577]"
4438,goal_444,8,col_return,10880,1545.28,05,subwp,524,1,E2.1,E2.1-R0,False,subwp,524,05,8,323665557,col_return,return,348.16,0,0,"[0.0, -15.420529507038637]"
4439,goal_444,9,exito,16536,2627.07,05,subwp,524,1,E2.1,E2.1-R0,False,subwp,524,05,9,1682804227,exito,,529.152,0,0,"[0.0, 7.895125391519537]"
4440,goal_444,10,exito,16546,2621.88,05,subwp,524,1,E2.1,E2.1-R0,False,subwp,524,05,10,2775533853,exito,,529.472,0,0,"[0.0, 26.17692224778194]"
4441,goal_445,1,col_return,11217,1588.79,05,subwp,524,1,E2.1,E2.1-R0,False,subwp,524,05,1,1876496564,col_return,return,358.944,0,0,"[0.0, 21.89569757659328]"
4442,goal_445,2,exito,16183,2572.68,05,subwp,524,1,E2.1,E2.1-R0,False,subwp,524,05,2,4140843278,exito,,517.856,0,0,"[0.0, -8.585817836988273]"
4443,goal_445,3,exito,16192,2573.01,05,subwp,524,1,E2.1,E2.1-R0,False,subwp,524,05,3,2178380184,exito,,518.144,0,0,"[0.0, -21.436624764373185]"
4444,goal_445,4,exito,16192,2573.01,05,subwp,524,1,E2.1,E2.1-R0,False,subwp,524,05,4,531883067,exito,,518.144,0,0,"[0.0, 19.72370443737304]"
4445,goal_445,5,exito,16192,2554.93,05,subwp,524,1,E2.1,E2.1-R0,False,subwp,524,05,5,1756681389,exito,,518.144,0,0,"[0.0, -29.582502646321092]"
4446,goal_445,6,col_return,10733,1517.68,05,subwp,524,1,E2.1,E2.1-R0,False,subwp,524,05,6,4055729431,col_return,return,343.456,0,0,"[0.0, 7.230620096793903]"
4447,goal_445,7,exito,16183,2573.09,05,subwp,524,1,E2.1,E2.1-R0,False,subwp,524,05,7,2260383105,exito,,517.856,0,0,"[0.0, -28.82643704829298]"
4448,goal_445,8,exito,16192,2573.02,05,subwp,524,1,E2.1,E2.1-R0,False,subwp,524,05,8,369469456,exito,,518.144,0,0,"[0.0, 15.612344867476223]"
4449,goal_445,9,exito,16192,2573.02,05,subwp,524,1,E2.1,E2.1-R0,False,subwp,524,05,9,1627560070,exito,,518.144,0,0,"[0.0, 10.156362418594142]"
4450,goal_445,10,col_return,11072,1570.65,05,subwp,524,1,E2.1,E2.1-R0,False,subwp,524,05,10,951611812,col_return,return,354.304,0,0,"[0.0, -22.298333620115802]"
4451,goal_446,1,exito,16305,2589.29,05,subwp,524,1,E2.1,E2.1-R0,False,subwp,524,05,1,1847294595,exito,,521.76,0,0,"[0.0, -14.696111367774902]"
4452,goal_446,2,exito,16316,2589.63,05,subwp,524,1,E2.1,E2.1-R0,False,subwp,524,05,2,4145163065,exito,,522.112,0,0,"[0.0, -29.75326195952909]"
4453,goal_446,3,exito,16316,2589.66,05,subwp,524,1,E2.1,E2.1-R0,False,subwp,524,05,3,2148866991,exito,,522.112,0,0,"[0.0, 5.790056608964984]"
4454,goal_446,4,col_return,11125,1578.73,05,subwp,524,1,E2.1,E2.1-R0,False,subwp,524,05,4,510758412,col_return,return,356.0,0,0,"[0.0, -13.744020563761572]"
4455,goal_446,5,exito,16305,2589.31,05,subwp,524,1,E2.1,E2.1-R0,False,subwp,524,05,5,1769389722,exito,,521.76,0,0,"[0.0, -13.554801282601396]"
4456,goal_446,6,exito,16316,2589.68,05,subwp,524,1,E2.1,E2.1-R0,False,subwp,524,05,6,4034916128,exito,,522.112,0,0,"[0.0, -28.193279744917383]"
4457,goal_446,7,exito,16316,2589.69,05,subwp,524,1,E2.1,E2.1-R0,False,subwp,524,05,7,2272845750,exito,,522.112,0,0,"[0.0, -14.17873108239979]"
4458,goal_446,8,col_return,11101,1570.33,05,subwp,524,1,E2.1,E2.1-R0,False,subwp,524,05,8,398967335,col_return,return,355.232,0,0,"[0.0, 7.343059063100208]"
4459,goal_446,9,exito,16306,2589.49,05,subwp,524,1,E2.1,E2.1-R0,False,subwp,524,05,9,1623257777,exito,,521.792,0,0,"[0.0, -23.483574151542626]"
4460,goal_446,10,exito,16316,2589.61,05,subwp,524,1,E2.1,E2.1-R0,False,subwp,524,05,10,2147751617,exito,,522.112,0,0,"[0.0, 11.887806900627218]"
4461,goal_447,1,exito,16067,2553.55,05,subwp,524,1,E2.1,E2.1-R0,False,subwp,524,05,1,1818084570,exito,,514.144,0,0,"[0.0, 15.833383872125182]"
4462,goal_447,2,col_return,11084,1565.68,05,subwp,524,1,E2.1,E2.1-R0,False,subwp,524,05,2,4115961184,col_return,return,354.688,0,0,"[0.0, 17.666704577258145]"
4463,goal_447,3,exito,16057,2553.37,05,subwp,524,1,E2.1,E2.1-R0,False,subwp,524,05,3,2186520054,exito,,513.824,0,0,"[0.0, -16.4301083757784]"
4464,goal_447,4,exito,16069,2553.79,05,subwp,524,1,E2.1,E2.1-R0,False,subwp,524,05,4,473378901,exito,,514.208,0,0,"[0.0, 1.692639969258114]"
4465,goal_447,5,exito,16068,2553.24,05,subwp,524,1,E2.1,E2.1-R0,False,subwp,524,05,5,1798308035,exito,,514.176,0,0,"[0.0, 24.42935486717214]"
4466,goal_447,6,exito,16067,2553.62,05,subwp,524,1,E2.1,E2.1-R0,False,subwp,524,05,6,4063842681,exito,,514.144,0,0,"[0.0, -17.37304133040005]"
4467,goal_447,7,col_return,10906,1538.83,05,subwp,524,1,E2.1,E2.1-R0,False,subwp,524,05,7,2235458031,col_return,return,348.992,0,0,"[0.0, 27.452163927338592]"
4468,goal_447,8,exito,16057,2553.37,05,subwp,524,1,E2.1,E2.1-R0,False,subwp,524,05,8,360807550,exito,,513.824,0,0,"[0.0, 29.686533380238412]"
4469,goal_447,9,exito,16069,2553.78,05,subwp,524,1,E2.1,E2.1-R0,False,subwp,524,05,9,1652968680,exito,,514.208,0,0,"[0.0, -9.247274612862297]"
4470,goal_447,10,exito,16067,2553.57,05,subwp,524,1,E2.1,E2.1-R0,False,subwp,524,05,10,2461120815,exito,,514.144,0,0,"[0.0, 23.44576243244727]"
4471,goal_448,1,exito,16222,2569.23,05,subwp,524,1,E2.1,E2.1-R0,False,subwp,524,05,1,1839181549,exito,,519.104,0,0,"[0.0, 2.9544032390872688]"
4472,goal_448,2,col_return,10820,1527.3,05,subwp,524,1,E2.1,E2.1-R0,False,subwp,524,05,2,4103536471,col_return,return,346.24,0,0,"[0.0, 27.989116713071084]"
4473,goal_448,3,exito,16209,2574.92,05,subwp,524,1,E2.1,E2.1-R0,False,subwp,524,05,3,2207371201,exito,,518.688,0,0,"[0.0, 22.03899190022933]"
4474,goal_448,4,exito,16222,2575.45,05,subwp,524,1,E2.1,E2.1-R0,False,subwp,524,05,4,502618722,exito,,519.104,0,0,"[0.0, -20.14935155218125]"
4475,goal_448,5,exito,16222,2575.48,05,subwp,524,1,E2.1,E2.1-R0,False,subwp,524,05,5,1794271988,exito,,519.104,0,0,"[0.0, -10.048959537219373]"
4476,goal_448,6,col_return,11082,1565.53,05,subwp,524,1,E2.1,E2.1-R0,False,subwp,524,05,6,4093328206,col_return,return,354.624,0,0,"[0.0, 14.929433077860095]"
4477,goal_448,7,exito,16209,2574.83,05,subwp,524,1,E2.1,E2.1-R0,False,subwp,524,05,7,2231110616,exito,,518.688,0,0,"[0.0, 14.957250032590803]"
4478,goal_448,8,exito,16222,2575.5,05,subwp,524,1,E2.1,E2.1-R0,False,subwp,524,05,8,339940937,exito,,519.104,0,0,"[0.0, 6.834186197529788]"
4479,goal_448,9,exito,16222,2575.48,05,subwp,524,1,E2.1,E2.1-R0,False,subwp,524,05,9,1665410783,exito,,519.104,0,0,"[0.0, -17.57407092498273]"
4480,goal_448,10,col_return,11205,1588.63,05,subwp,524,1,E2.1,E2.1-R0,False,subwp,524,05,10,705551946,col_return,return,358.56,0,0,"[0.0, 6.071352309924398]"
4481,goal_449,1,exito,15805,2518.32,05,subwp,524,1,E2.1,E2.1-R0,False,subwp,524,05,1,1724115408,exito,,505.76,0,0,"[0.0, -12.86180592689906]"
4482,goal_449,2,exito,15815,2518.51,05,subwp,524,1,E2.1,E2.1-R0,False,subwp,524,05,2,4291475562,exito,,506.08,0,0,"[0.0, 8.912661445182216]"
4483,goal_449,3,exito,15815,2518.49,05,subwp,524,1,E2.1,E2.1-R0,False,subwp,524,05,3,2295171324,exito,,506.08,0,0,"[0.0, -23.354542987096497]"
4484,goal_449,4,exito,15815,2518.52,05,subwp,524,1,E2.1,E2.1-R0,False,subwp,524,05,4,380181855,exito,,506.08,0,0,"[0.0, 1.6693824872361795]"
4485,goal_449,5,exito,15815,2518.54,05,subwp,524,1,E2.1,E2.1-R0,False,subwp,524,05,5,1638804937,exito,,506.08,0,0,"[0.0, 20.106251745443743]"
4486,goal_449,6,exito,15815,2477.3,05,subwp,524,1,E2.1,E2.1-R0,False,subwp,524,05,6,4171725939,exito,,506.08,0,0,"[0.0, 21.945039822819563]"
4487,goal_449,7,col_return,10463,1475.42,05,subwp,524,1,E2.1,E2.1-R0,False,subwp,524,05,7,2409647333,col_return,return,334.816,0,0,"[0.0, -20.312063128569918]"
4488,goal_449,8,exito,15803,2518.09,05,subwp,524,1,E2.1,E2.1-R0,False,subwp,524,05,8,522146164,exito,,505.696,0,0,"[0.0, 2.6670069887270564]"
4489,goal_449,9,exito,15815,2518.56,05,subwp,524,1,E2.1,E2.1-R0,False,subwp,524,05,9,1746428386,exito,,506.08,0,0,"[0.0, -21.20663848554272]"
4490,goal_449,10,exito,15815,2518.56,05,subwp,524,1,E2.1,E2.1-R0,False,subwp,524,05,10,1919864348,exito,,506.08,0,0,"[0.0, 14.29356444085384]"
4491,goal_450,1,exito,15933,2536.48,05,subwp,524,1,E2.1,E2.1-R0,False,subwp,524,05,1,1728152551,exito,,509.856,0,0,"[0.0, 6.399099980109899]"
4492,goal_450,2,exito,15933,2525.81,05,subwp,524,1,E2.1,E2.1-R0,False,subwp,524,05,2,4261991005,exito,,509.856,0,0,"[0.0, 0.614057116004938]"
4493,goal_450,3,col_return,10638,1504.5,05,subwp,524,1,E2.1,E2.1-R0,False,subwp,524,05,3,2299519691,col_return,return,340.416,0,0,"[0.0, -9.380555096244336]"
4494,goal_450,4,exito,15923,2536.5,05,subwp,524,1,E2.1,E2.1-R0,False,subwp,524,05,4,392918888,exito,,509.536,0,0,"[0.0, 10.175113654281471]"
4495,goal_450,5,exito,15936,2536.26,05,subwp,524,1,E2.1,E2.1-R0,False,subwp,524,05,5,1617709054,exito,,509.952,0,0,"[0.0, -25.060519747418176]"
4496,goal_450,6,exito,15933,2536.85,05,subwp,524,1,E2.1,E2.1-R0,False,subwp,524,05,6,4184151620,exito,,509.856,0,0,"[0.0, -9.05881045813623]"
4497,goal_450,7,exito,15933,2536.89,05,subwp,524,1,E2.1,E2.1-R0,False,subwp,524,05,7,2388797138,exito,,509.856,0,0,"[0.0, -5.32576294937585]"
4498,goal_450,8,col_return,10957,1550.69,05,subwp,524,1,E2.1,E2.1-R0,False,subwp,524,05,8,517815107,col_return,return,350.624,0,0,"[0.0, 20.421320706217525]"
4499,goal_450,9,exito,15924,2536.19,05,subwp,524,1,E2.1,E2.1-R0,False,subwp,524,05,9,1775897557,exito,,509.568,0,0,"[0.0, -20.82449173562284]"
4500,goal_450,10,exito,15933,2536.82,05,subwp,524,1,E2.1,E2.1-R0,False,subwp,524,05,10,3402803577,exito,,509.856,0,0,"[0.0, -15.276329672671205]"
4501,goal_451,1,exito,15566,2480.98,05,subwp,524,1,E2.1,E2.1-R0,False,subwp,524,05,1,3496795917,exito,,498.112,0,0,"[0.0, 6.322583543677755]"
4502,goal_451,2,exito,15566,2480.47,05,subwp,524,1,E2.1,E2.1-R0,False,subwp,524,05,2,1231392439,exito,,498.112,0,0,"[0.0, 16.273317902746818]"
4503,goal_451,3,exito,15566,2480.97,05,subwp,524,1,E2.1,E2.1-R0,False,subwp,524,05,3,1046658593,exito,,498.112,0,0,"[0.0, 17.335341510354365]"
4504,goal_451,4,exito,15566,2480.98,05,subwp,524,1,E2.1,E2.1-R0,False,subwp,524,05,4,2684758914,exito,,498.112,0,0,"[0.0, 2.828772192160389]"
4505,goal_451,5,exito,15566,2468.31,05,subwp,524,1,E2.1,E2.1-R0,False,subwp,524,05,5,3607173908,exito,,498.112,0,0,"[0.0, 26.902469487876363]"
4506,goal_451,6,col_return,10439,1476.16,05,subwp,524,1,E2.1,E2.1-R0,False,subwp,524,05,6,1309166254,col_return,return,334.048,0,0,"[0.0, 14.390847319333304]"
4507,goal_451,7,exito,15556,2480.87,05,subwp,524,1,E2.1,E2.1-R0,False,subwp,524,05,7,957315640,exito,,497.792,0,0,"[0.0, -11.01083958309941]"
4508,goal_451,8,exito,15566,2480.99,05,subwp,524,1,E2.1,E2.1-R0,False,subwp,524,05,8,2846910377,exito,,498.112,0,0,"[0.0, 22.341248714379695]"
4509,goal_451,9,exito,15566,2480.99,05,subwp,524,1,E2.1,E2.1-R0,False,subwp,524,05,9,3736557375,exito,,498.112,0,0,"[0.0, 8.393562791667158]"
4510,goal_451,10,exito,15566,2480.97,05,subwp,524,1,E2.1,E2.1-R0,False,subwp,524,05,10,2327498563,exito,,498.112,0,0,"[0.0, 18.908949612407998]"
4511,goal_452,1,exito,15679,2500.08,05,subwp,524,1,E2.1,E2.1-R0,False,subwp,524,05,1,3517887802,exito,,501.728,0,0,"[0.0, 3.319044864039724]"
4512,goal_452,2,exito,15679,2500.11,05,subwp,524,1,E2.1,E2.1-R0,False,subwp,524,05,2,1218962560,exito,,501.728,0,0,"[0.0, 8.749415041933624]"
4513,goal_452,3,exito,15678,2498.24,05,subwp,524,1,E2.1,E2.1-R0,False,subwp,524,05,3,1067504662,exito,,501.696,0,0,"[0.0, -28.543896814274238]"
4514,goal_452,4,col_return,10632,1503.63,05,subwp,524,1,E2.1,E2.1-R0,False,subwp,524,05,4,2713993653,col_return,return,340.224,0,0,"[0.0, 28.965985018055463]"
4515,goal_452,5,exito,15666,2499.72,05,subwp,524,1,E2.1,E2.1-R0,False,subwp,524,05,5,3603132707,exito,,501.312,0,0,"[0.0, 7.72088601031621]"
4516,goal_452,6,exito,15679,2500.12,05,subwp,524,1,E2.1,E2.1-R0,False,subwp,524,05,6,1338646681,exito,,501.728,0,0,"[0.0, -10.886426102040092]"
4517,goal_452,7,exito,15678,2499.73,05,subwp,524,1,E2.1,E2.1-R0,False,subwp,524,05,7,952963087,exito,,501.696,0,0,"[0.0, 12.96631334142938]"
4518,goal_452,8,exito,15678,2499.73,05,subwp,524,1,E2.1,E2.1-R0,False,subwp,524,05,8,2826046878,exito,,501.696,0,0,"[0.0, -4.3036960986363315]"
4519,goal_452,9,exito,15680,2500.15,05,subwp,524,1,E2.1,E2.1-R0,False,subwp,524,05,9,3749002504,exito,,501.76,0,0,"[0.0, -17.05670740915062]"
4520,goal_452,10,exito,15680,2500.14,05,subwp,524,1,E2.1,E2.1-R0,False,subwp,524,05,10,839297062,exito,,501.76,0,0,"[0.0, -1.3523339367686948]"
4521,goal_453,1,exito,15345,2450.62,05,subwp,524,1,E2.1,E2.1-R0,False,subwp,524,05,1,3555199843,exito,,491.04,0,0,"[0.0, 29.028835683423107]"
4522,goal_453,2,exito,15346,2423.89,05,subwp,524,1,E2.1,E2.1-R0,False,subwp,524,05,2,1256282841,exito,,491.072,0,0,"[0.0, 20.755073317331053]"
4523,goal_453,3,col_return,10273,1452.0,05,subwp,524,1,E2.1,E2.1-R0,False,subwp,524,05,3,1038510671,col_return,return,328.736,0,0,"[0.0, 9.59753419241208]"
4524,goal_453,4,exito,15335,2452.72,05,subwp,524,1,E2.1,E2.1-R0,False,subwp,524,05,4,2743271404,exito,,490.72,0,0,"[0.0, -4.6183105326642]"
4525,goal_453,5,exito,15347,2453.15,05,subwp,524,1,E2.1,E2.1-R0,False,subwp,524,05,5,3565539194,exito,,491.104,0,0,"[0.0, -3.860213612278114]"
4526,goal_453,6,exito,15345,2452.89,05,subwp,524,1,E2.1,E2.1-R0,False,subwp,524,05,6,1301061312,exito,,491.04,0,0,"[0.0, -20.538459775289663]"
4527,goal_453,7,exito,15345,2452.85,05,subwp,524,1,E2.1,E2.1-R0,False,subwp,524,05,7,982232662,exito,,491.04,0,0,"[0.0, -13.039818553858511]"
4528,goal_453,8,exito,15346,2453.08,05,subwp,524,1,E2.1,E2.1-R0,False,subwp,524,05,8,2855580615,exito,,491.072,0,0,"[0.0, -10.162096437912435]"
4529,goal_453,9,exito,15347,2453.2,05,subwp,524,1,E2.1,E2.1-R0,False,subwp,524,05,9,3711140689,exito,,491.104,0,0,"[0.0, -11.356263587037425]"
4530,goal_453,10,exito,15345,2452.86,05,subwp,524,1,E2.1,E2.1-R0,False,subwp,524,05,10,548603848,exito,,491.04,0,0,"[0.0, -23.910825817029163]"
4531,goal_454,1,exito,15465,2468.91,05,subwp,524,1,E2.1,E2.1-R0,False,subwp,524,05,1,3525992788,exito,,494.88,0,0,"[0.0, 10.8671958814449]"
4532,goal_454,2,exito,15465,2468.99,05,subwp,524,1,E2.1,E2.1-R0,False,subwp,524,05,2,1260597486,exito,,494.88,0,0,"[0.0, 24.94496953914374]"
4533,goal_454,3,exito,15465,2468.99,05,subwp,524,1,E2.1,E2.1-R0,False,subwp,524,05,3,1008992376,exito,,494.88,0,0,"[0.0, -16.308944179568652]"
4534,goal_454,4,exito,15465,2468.16,05,subwp,524,1,E2.1,E2.1-R0,False,subwp,524,05,4,2722141659,exito,,494.88,0,0,"[0.0, -4.485882481515322]"
4535,goal_454,5,exito,15465,2436.55,05,subwp,524,1,E2.1,E2.1-R0,False,subwp,524,05,5,3578242381,exito,,494.88,0,0,"[0.0, 20.825232206524127]"
4536,goal_454,6,col_return,10309,1460.08,05,subwp,524,1,E2.1,E2.1-R0,False,subwp,524,05,6,1280242935,col_return,return,329.888,0,0,"[0.0, -17.384225596743857]"
4537,goal_454,7,exito,15449,2468.27,05,subwp,524,1,E2.1,E2.1-R0,False,subwp,524,05,7,994690145,exito,,494.368,0,0,"[0.0, 17.879892422834327]"
4538,goal_454,8,exito,15465,2468.94,05,subwp,524,1,E2.1,E2.1-R0,False,subwp,524,05,8,2885081584,exito,,494.88,0,0,"[0.0, -22.16886123366718]"
4539,goal_454,9,exito,15459,2468.49,05,subwp,524,1,E2.1,E2.1-R0,False,subwp,524,05,9,3706841446,exito,,494.688,0,0,"[0.0, -7.754152308587427]"
4540,goal_454,10,exito,15465,2468.93,05,subwp,524,1,E2.1,E2.1-R0,False,subwp,524,05,10,2551144621,exito,,494.88,0,0,"[0.0, -12.778135022963156]"
4541,goal_455,1,exito,15126,2419.94,05,subwp,524,1,E2.1,E2.1-R0,False,subwp,524,05,1,3613751249,exito,,484.032,0,0,"[0.0, 28.059858021075517]"
4542,goal_455,2,exito,15126,2419.98,05,subwp,524,1,E2.1,E2.1-R0,False,subwp,524,05,2,1315710571,exito,,484.032,0,0,"[0.0, -6.180603474348465]"
4543,goal_455,3,exito,15126,2419.94,05,subwp,524,1,E2.1,E2.1-R0,False,subwp,524,05,3,963319549,exito,,484.032,0,0,"[0.0, 13.067590186883685]"
4544,goal_455,4,exito,15126,2419.95,05,subwp,524,1,E2.1,E2.1-R0,False,subwp,524,05,4,2802811742,exito,,484.032,0,0,"[0.0, 14.635273047445267]"
4545,goal_455,5,exito,15126,2419.97,05,subwp,524,1,E2.1,E2.1-R0,False,subwp,524,05,5,3490231240,exito,,484.032,0,0,"[0.0, -23.447199419122292]"
4546,goal_455,6,exito,15126,2419.93,05,subwp,524,1,E2.1,E2.1-R0,False,subwp,524,05,6,1224860274,exito,,484.032,0,0,"[0.0, -4.404086369983986]"
4547,goal_455,7,exito,15126,2419.97,05,subwp,524,1,E2.1,E2.1-R0,False,subwp,524,05,7,1040634596,exito,,484.032,0,0,"[0.0, 8.078939656538095]"
4548,goal_455,8,exito,15126,2419.94,05,subwp,524,1,E2.1,E2.1-R0,False,subwp,524,05,8,2931412853,exito,,484.032,0,0,"[0.0, -15.352171430659896]"
4549,goal_455,9,exito,15125,2419.8,05,subwp,524,1,E2.1,E2.1-R0,False,subwp,524,05,9,3653173219,exito,,484.0,0,0,"[0.0, 25.49544558459371]"
4550,goal_455,10,exito,15126,2419.94,05,subwp,524,1,E2.1,E2.1-R0,False,subwp,524,05,10,98064404,exito,,484.032,0,0,"[0.0, -7.429190784321708]"
4551,goal_456,1,exito,15207,2435.14,05,subwp,524,1,E2.1,E2.1-R0,False,subwp,524,05,1,3601276390,exito,,486.624,0,0,"[0.0, 15.773548191581684]"
4552,goal_456,2,exito,15207,2435.12,05,subwp,524,1,E2.1,E2.1-R0,False,subwp,524,05,2,1336822876,exito,,486.624,0,0,"[0.0, 1.9829237366760855]"
4553,goal_456,3,exito,15207,2435.13,05,subwp,524,1,E2.1,E2.1-R0,False,subwp,524,05,3,950631626,exito,,486.624,0,0,"[0.0, 29.85446570923648]"
4554,goal_456,4,exito,15207,2435.14,05,subwp,524,1,E2.1,E2.1-R0,False,subwp,524,05,4,2798512489,exito,,486.624,0,0,"[0.0, -23.101970724913873]"
4555,goal_456,5,exito,15208,2434.36,05,subwp,524,1,E2.1,E2.1-R0,False,subwp,524,05,5,3519732223,exito,,486.656,0,0,"[0.0, -19.641465583827266]"
4556,goal_456,6,exito,15207,2431.99,05,subwp,524,1,E2.1,E2.1-R0,False,subwp,524,05,6,1220773957,exito,,486.624,0,0,"[0.0, -24.687554590597284]"
4557,goal_456,7,exito,15207,2419.55,05,subwp,524,1,E2.1,E2.1-R0,False,subwp,524,05,7,1069856979,exito,,486.624,0,0,"[0.0, -9.752829851125854]"
4558,goal_456,8,col_return,10270,1443.34,05,subwp,524,1,E2.1,E2.1-R0,False,subwp,524,05,8,2944116034,col_return,return,328.64,0,0,"[0.0, -6.989010512011797]"
4559,goal_456,9,exito,15197,2434.75,05,subwp,524,1,E2.1,E2.1-R0,False,subwp,524,05,9,3632043476,exito,,486.304,0,0,"[0.0, -13.264121244385942]"
4560,goal_456,10,exito,15208,2434.63,05,subwp,524,1,E2.1,E2.1-R0,False,subwp,524,05,10,3177463665,exito,,486.656,0,0,"[0.0, 8.386926069058854]"
4561,goal_457,1,exito,15216,2426.87,05,subwp,524,1,E2.1,E2.1-R0,False,subwp,524,05,1,3571557311,exito,,486.912,0,0,"[0.0, -27.441580920211198]"
4562,goal_457,2,exito,15216,2410.47,05,subwp,524,1,E2.1,E2.1-R0,False,subwp,524,05,2,1307111941,exito,,486.912,0,0,"[0.0, 19.85057149832606]"
4563,goal_457,3,col_approach,2947,264.26,05,subwp,524,1,E2.1,E2.1-R0,False,subwp,524,05,3,988791443,col_approach,approach,94.304,0,0,"[0.0, 28.310604975993467]"
4564,goal_457,4,exito,15206,2438.94,05,subwp,524,1,E2.1,E2.1-R0,False,subwp,524,05,4,2760595248,exito,,486.592,0,0,"[0.0, 28.383182579844142]"
4565,goal_457,5,exito,15216,2439.17,05,subwp,524,1,E2.1,E2.1-R0,False,subwp,524,05,5,3549194150,exito,,486.912,0,0,"[0.0, -17.872996650888982]"
4566,goal_457,6,exito,15216,2437.8,05,subwp,524,1,E2.1,E2.1-R0,False,subwp,524,05,6,1250244124,exito,,486.912,0,0,"[0.0, 23.806748169301976]"
4567,goal_457,7,exito,15216,2430.5,05,subwp,524,1,E2.1,E2.1-R0,False,subwp,524,05,7,1031931530,exito,,486.912,0,0,"[0.0, 15.691329016180244]"
4568,goal_457,8,exito,15216,2404.85,05,subwp,524,1,E2.1,E2.1-R0,False,subwp,524,05,8,2906463003,exito,,486.912,0,0,"[0.0, -5.333548507818744]"
4569,goal_457,9,col_return,10190,1442.6,05,subwp,524,1,E2.1,E2.1-R0,False,subwp,524,05,9,3661245325,col_return,return,326.08,0,0,"[0.0, -24.83014726564179]"
4570,goal_457,10,exito,15204,2436.5,05,subwp,524,1,E2.1,E2.1-R0,False,subwp,524,05,10,2949746847,exito,,486.528,0,0,"[0.0, -4.07378836275726]"
4571,goal_458,1,col_approach,3214,294.78,05,subwp,524,1,E2.1,E2.1-R0,False,subwp,524,05,1,3575892360,col_approach,approach,102.848,0,0,"[0.0, 25.684089182841408]"
4572,goal_458,2,exito,15169,2437.45,05,subwp,524,1,E2.1,E2.1-R0,False,subwp,524,05,2,1277859890,exito,,485.408,0,0,"[0.0, -16.54409028351897]"
4573,goal_458,3,exito,15179,2437.1,05,subwp,524,1,E2.1,E2.1-R0,False,subwp,524,05,3,992848036,exito,,485.728,0,0,"[0.0, -12.19929239558683]"
4574,goal_458,4,exito,15180,2437.63,05,subwp,524,1,E2.1,E2.1-R0,False,subwp,524,05,4,2773040391,exito,,485.76,0,0,"[0.0, 22.769468706094354]"
4575,goal_458,5,exito,15179,2437.44,05,subwp,524,1,E2.1,E2.1-R0,False,subwp,524,05,5,3528330641,exito,,485.728,0,0,"[0.0, -12.871477302163541]"
4576,goal_458,6,exito,15179,2436.71,05,subwp,524,1,E2.1,E2.1-R0,False,subwp,524,05,6,1262967851,exito,,485.728,0,0,"[0.0, -14.917751375798769]"
4577,goal_458,7,exito,15180,2433.73,05,subwp,524,1,E2.1,E2.1-R0,False,subwp,524,05,7,1010855101,exito,,485.76,0,0,"[0.0, 12.178876318927308]"
4578,goal_458,8,exito,15179,2422.06,05,subwp,524,1,E2.1,E2.1-R0,False,subwp,524,05,8,2902421804,exito,,485.728,0,0,"[0.0, 21.380834105297502]"
4579,goal_458,9,exito,15180,2397.13,05,subwp,524,1,E2.1,E2.1-R0,False,subwp,524,05,9,3690480058,exito,,485.76,0,0,"[0.0, 21.576369496812543]"
4580,goal_458,10,col_return,10146,1444.62,05,subwp,524,1,E2.1,E2.1-R0,False,subwp,524,05,10,393082874,col_return,return,324.672,0,0,"[0.0, -16.596995753411676]"
4581,goal_459,1,exito,15490,2474.83,05,subwp,524,1,E2.1,E2.1-R0,False,subwp,524,05,1,3732901557,exito,,495.68,0,0,"[0.0, -27.333201473672585]"
4582,goal_459,2,exito,15500,2472.78,05,subwp,524,1,E2.1,E2.1-R0,False,subwp,524,05,2,1198972687,exito,,496.0,0,0,"[0.0, 21.32483246805412]"
4583,goal_459,3,col_approach,2853,250.39,05,subwp,524,1,E2.1,E2.1-R0,False,subwp,524,05,3,812773273,col_approach,approach,91.296,0,0,"[0.0, -4.1278477236918825]"
4584,goal_459,4,exito,15490,2473.88,05,subwp,524,1,E2.1,E2.1-R0,False,subwp,524,05,4,2920643130,exito,,495.68,0,0,"[0.0, -0.08925930835897544]"
4585,goal_459,5,exito,15499,2436.54,05,subwp,524,1,E2.1,E2.1-R0,False,subwp,524,05,5,3641854636,exito,,495.968,0,0,"[0.0, 11.029332541330783]"
4586,goal_459,6,col_return,10307,1463.07,05,subwp,524,1,E2.1,E2.1-R0,False,subwp,524,05,6,1075518230,col_return,return,329.824,0,0,"[0.0, -4.683793058970811]"
4587,goal_459,7,exito,15491,2474.77,05,subwp,524,1,E2.1,E2.1-R0,False,subwp,524,05,7,924593024,exito,,495.712,0,0,"[0.0, -26.416629453200592]"
4588,goal_459,8,exito,15499,2469.77,05,subwp,524,1,E2.1,E2.1-R0,False,subwp,524,05,8,2812491281,exito,,495.968,0,0,"[0.0, -10.10977732450028]"
4589,goal_459,9,col_approach,2792,239.6,05,subwp,524,1,E2.1,E2.1-R0,False,subwp,524,05,9,3500410503,col_approach,approach,89.344,0,0,"[0.0, -17.750607008382076]"
4590,goal_459,10,exito,15490,2472.7,05,subwp,524,1,E2.1,E2.1-R0,False,subwp,524,05,10,1326376876,exito,,495.68,0,0,"[0.0, 17.351956311518855]"
4591,goal_460,1,col_return,10505,1493.61,05,subwp,524,1,E2.1,E2.1-R0,False,subwp,524,05,1,3753763970,col_return,return,336.16,0,0,"[0.0, -8.490225770943319]"
4592,goal_460,2,exito,15469,2473.62,05,subwp,524,1,E2.1,E2.1-R0,False,subwp,524,05,2,1186247992,exito,,495.008,0,0,"[0.0, -3.065567185858862]"
4593,goal_460,3,exito,15478,2456.76,05,subwp,524,1,E2.1,E2.1-R0,False,subwp,524,05,3,833848750,exito,,495.296,0,0,"[0.0, -4.725215396977034]"
4594,goal_460,4,col_approach,2915,251.84,05,subwp,524,1,E2.1,E2.1-R0,False,subwp,524,05,4,2950107149,col_approach,approach,93.28,0,0,"[0.0, 14.399308791184994]"
4595,goal_460,5,exito,15468,2476.22,05,subwp,524,1,E2.1,E2.1-R0,False,subwp,524,05,5,3637518491,exito,,494.976,0,0,"[0.0, -26.01790199595507]"
4596,goal_460,6,exito,15478,2452.58,05,subwp,524,1,E2.1,E2.1-R0,False,subwp,524,05,6,1104769313,exito,,495.296,0,0,"[0.0, -29.12101256478056]"
4597,goal_460,7,col_return,10353,1469.76,05,subwp,524,1,E2.1,E2.1-R0,False,subwp,524,05,7,920535479,col_return,return,331.296,0,0,"[0.0, -14.727614245397003]"
4598,goal_460,8,exito,15468,2471.41,05,subwp,524,1,E2.1,E2.1-R0,False,subwp,524,05,8,2791398438,exito,,494.976,0,0,"[0.0, -7.02028169178142]"
4599,goal_460,9,col_approach,3080,271.01,05,subwp,524,1,E2.1,E2.1-R0,False,subwp,524,05,9,3513150640,col_approach,approach,98.56,0,0,"[0.0, 19.375787618934442]"
4600,goal_460,10,exito,15468,2476.54,05,subwp,524,1,E2.1,E2.1-R0,False,subwp,524,05,10,4155670729,exito,,494.976,0,0,"[0.0, -5.572696512979705]"
4601,goal_461,1,col_return,10815,1535.13,05,subwp,524,1,E2.1,E2.1-R0,False,subwp,524,05,1,3269030115,col_return,return,346.08,0,0,"[0.0, -4.513053256665714]"
4602,goal_461,2,exito,15776,2518.75,05,subwp,524,1,E2.1,E2.1-R0,False,subwp,524,05,2,1540366681,exito,,504.832,0,0,"[0.0, -28.99849893167069]"
4603,goal_461,3,exito,15785,2512.48,05,subwp,524,1,E2.1,E2.1-R0,False,subwp,524,05,3,752292303,exito,,505.12,0,0,"[0.0, 17.65138180272484]"
4604,goal_461,4,exito,15784,2515.23,05,subwp,524,1,E2.1,E2.1-R0,False,subwp,524,05,4,2998109292,exito,,505.088,0,0,"[0.0, -9.206361863224902]"
4605,goal_461,5,col_approach,2872,231.42,05,subwp,524,1,E2.1,E2.1-R0,False,subwp,524,05,5,3316954362,col_approach,approach,91.904,0,0,"[0.0, 12.488668107566001]"
4606,goal_461,6,col_return,10289,1462.21,05,subwp,524,1,E2.1,E2.1-R0,False,subwp,524,05,6,1555948864,col_return,return,329.248,0,0,"[0.0, 12.413832568878458]"
4607,goal_461,7,exito,15775,2518.38,05,subwp,524,1,E2.1,E2.1-R0,False,subwp,524,05,7,733664726,exito,,504.8,0,0,"[0.0, -15.04900469337623]"
4608,goal_461,8,exito,15789,2485.92,05,subwp,524,1,E2.1,E2.1-R0,False,subwp,524,05,8,3137718343,exito,,505.248,0,0,"[0.0, -29.520938995165775]"
4609,goal_461,9,exito,15785,2518.97,05,subwp,524,1,E2.1,E2.1-R0,False,subwp,524,05,9,3422746833,exito,,505.12,0,0,"[0.0, 29.3521845748807]"
4610,goal_461,10,exito,15785,2518.96,05,subwp,524,1,E2.1,E2.1-R0,False,subwp,524,05,10,3441079699,exito,,505.12,0,0,"[0.0, 16.30354462531159]"
4611,goal_462,1,exito,15775,2513.99,05,subwp,524,1,E2.1,E2.1-R0,False,subwp,524,05,1,3273333460,exito,,504.8,0,0,"[0.0, -26.142136998009875]"
4612,goal_462,2,col_return,10684,1519.33,05,subwp,524,1,E2.1,E2.1-R0,False,subwp,524,05,2,1511148398,col_return,return,341.888,0,0,"[0.0, 21.26973466920223]"
4613,goal_462,3,exito,15765,2514.85,05,subwp,524,1,E2.1,E2.1-R0,False,subwp,524,05,3,756382712,exito,,504.48,0,0,"[0.0, 7.162253180163751]"
4614,goal_462,4,exito,15775,2498.28,05,subwp,524,1,E2.1,E2.1-R0,False,subwp,524,05,4,3010588251,exito,,504.8,0,0,"[0.0, -8.698469689213237]"
4615,goal_462,5,exito,15775,2513.32,05,subwp,524,1,E2.1,E2.1-R0,False,subwp,524,05,5,3296124621,exito,,504.8,0,0,"[0.0, 17.110033944295257]"
4616,goal_462,6,col_approach,2790,222.2,05,subwp,524,1,E2.1,E2.1-R0,False,subwp,524,05,6,1568640887,col_approach,approach,89.28,0,0,"[0.0, -21.096929965517827]"
4617,goal_462,7,col_return,10283,1459.91,05,subwp,524,1,E2.1,E2.1-R0,False,subwp,524,05,7,712556513,col_return,return,329.056,0,0,"[0.0, -15.597543271003651]"
4618,goal_462,8,exito,15765,2512.59,05,subwp,524,1,E2.1,E2.1-R0,False,subwp,524,05,8,3133645424,exito,,504.48,0,0,"[0.0, -15.592840503448729]"
4619,goal_462,9,exito,15776,2480.93,05,subwp,524,1,E2.1,E2.1-R0,False,subwp,524,05,9,3451949798,exito,,504.832,0,0,"[0.0, 13.043220172496264]"
4620,goal_462,10,exito,15775,2515.09,05,subwp,524,1,E2.1,E2.1-R0,False,subwp,524,05,10,1973867254,exito,,504.8,0,0,"[0.0, 24.41551315980889]"
4621,goal_463,1,exito,16021,2554.47,05,subwp,524,1,E2.1,E2.1-R0,False,subwp,524,05,1,3244139661,exito,,512.672,0,0,"[0.0, -19.92298424687737]"
4622,goal_463,2,exito,16021,2522.22,05,subwp,524,1,E2.1,E2.1-R0,False,subwp,524,05,2,1481962807,exito,,512.672,0,0,"[0.0, -12.941237370588226]"
4623,goal_463,3,col_return,10595,1502.87,05,subwp,524,1,E2.1,E2.1-R0,False,subwp,524,05,3,794019233,col_return,return,339.04,0,0,"[0.0, 7.491959101630224]"
4624,goal_463,4,exito,16009,2553.96,05,subwp,524,1,E2.1,E2.1-R0,False,subwp,524,05,4,2973192194,exito,,512.288,0,0,"[0.0, 17.71728315890581]"
4625,goal_463,5,exito,16020,2546.91,05,subwp,524,1,E2.1,E2.1-R0,False,subwp,524,05,5,3325059220,exito,,512.64,0,0,"[0.0, -18.12372972741926]"
4626,goal_463,6,exito,16022,2499.73,05,subwp,524,1,E2.1,E2.1-R0,False,subwp,524,05,6,1597583662,exito,,512.704,0,0,"[0.0, 19.204043971733043]"
4627,goal_463,7,exito,16020,2550.66,05,subwp,524,1,E2.1,E2.1-R0,False,subwp,524,05,7,675152312,exito,,512.64,0,0,"[0.0, -7.285200180556634]"
4628,goal_463,8,col_return,10764,1525.86,05,subwp,524,1,E2.1,E2.1-R0,False,subwp,524,05,8,3095469097,col_return,return,344.448,0,0,"[0.0, 23.677337444911778]"
4629,goal_463,9,exito,16009,2553.93,05,subwp,524,1,E2.1,E2.1-R0,False,subwp,524,05,9,3481676991,exito,,512.288,0,0,"[0.0, 2.8912151165395628]"
4630,goal_463,10,exito,16020,2528.8,05,subwp,524,1,E2.1,E2.1-R0,False,subwp,524,05,10,1729330456,exito,,512.64,0,0,"[0.0, -7.467984377544122]"
4631,goal_464,1,exito,16042,2499.97,05,subwp,524,1,E2.1,E2.1-R0,False,subwp,524,05,1,3231698618,exito,,513.344,0,0,"[0.0, -10.52333144180189]"
4632,goal_464,2,exito,16042,2552.34,05,subwp,524,1,E2.1,E2.1-R0,False,subwp,524,05,2,1503043328,exito,,513.344,0,0,"[0.0, 23.22798169186686]"
4633,goal_464,3,col_return,10822,1536.25,05,subwp,524,1,E2.1,E2.1-R0,False,subwp,524,05,3,781299606,col_return,return,346.304,0,0,"[0.0, 17.303833422485116]"
4634,goal_464,4,exito,16032,2553.13,05,subwp,524,1,E2.1,E2.1-R0,False,subwp,524,05,4,2968861237,exito,,513.024,0,0,"[0.0, -27.71218963667495]"
4635,goal_464,5,exito,16048,2514.8,05,subwp,524,1,E2.1,E2.1-R0,False,subwp,524,05,5,3354528419,exito,,513.536,0,0,"[0.0, 19.79226041844673]"
4636,goal_464,6,exito,16042,2508.02,05,subwp,524,1,E2.1,E2.1-R0,False,subwp,524,05,6,1593531161,exito,,513.344,0,0,"[0.0, 4.701482381385325]"
4637,goal_464,7,exito,16042,2552.44,05,subwp,524,1,E2.1,E2.1-R0,False,subwp,524,05,7,704408463,exito,,513.344,0,0,"[0.0, 0.7373507229431264]"
4638,goal_464,8,col_return,10835,1534.39,05,subwp,524,1,E2.1,E2.1-R0,False,subwp,524,05,8,3108206110,col_return,return,346.72,0,0,"[0.0, -19.266132126480148]"
4639,goal_464,9,exito,16032,2553.17,05,subwp,524,1,E2.1,E2.1-R0,False,subwp,524,05,9,3460581000,exito,,513.024,0,0,"[0.0, 15.960410149548139]"
4640,goal_464,10,exito,16041,2521.33,05,subwp,524,1,E2.1,E2.1-R0,False,subwp,524,05,10,3752794749,exito,,513.312,0,0,"[0.0, -15.04087370248323]"
4641,goal_465,1,exito,16286,2546.75,05,subwp,524,1,E2.1,E2.1-R0,False,subwp,524,05,1,3318798399,exito,,521.152,0,0,"[0.0, 19.864608296025448]"
4642,goal_465,2,exito,16286,2553.22,05,subwp,524,1,E2.1,E2.1-R0,False,subwp,524,05,2,1557760389,exito,,521.152,0,0,"[0.0, 19.283486885196027]"
4643,goal_465,3,col_return,10709,1519.12,05,subwp,524,1,E2.1,E2.1-R0,False,subwp,524,05,3,736016659,col_return,return,342.688,0,0,"[0.0, -4.192884463914366]"
4644,goal_465,4,exito,16277,2588.32,05,subwp,524,1,E2.1,E2.1-R0,False,subwp,524,05,4,3048877232,exito,,520.864,0,0,"[0.0, -28.285100646329187]"
4645,goal_465,5,exito,16286,2589.69,05,subwp,524,1,E2.1,E2.1-R0,False,subwp,524,05,5,3267173414,exito,,521.152,0,0,"[0.0, -23.15336772949545]"
4646,goal_465,6,exito,16286,2588.18,05,subwp,524,1,E2.1,E2.1-R0,False,subwp,524,05,6,1538543004,exito,,521.152,0,0,"[0.0, -1.804926008550467]"
4647,goal_465,7,col_return,10930,1552.85,05,subwp,524,1,E2.1,E2.1-R0,False,subwp,524,05,7,749960458,col_return,return,349.76,0,0,"[0.0, 26.13318071989395]"
4648,goal_465,8,exito,16276,2589.48,05,subwp,524,1,E2.1,E2.1-R0,False,subwp,524,05,8,3154927771,exito,,520.832,0,0,"[0.0, -18.00536073438137]"
4649,goal_465,9,exito,16286,2588.48,05,subwp,524,1,E2.1,E2.1-R0,False,subwp,524,05,9,3406516237,exito,,521.152,0,0,"[0.0, -5.682365434980543]"
4650,goal_465,10,exito,16286,2589.71,05,subwp,524,1,E2.1,E2.1-R0,False,subwp,524,05,10,1115169476,exito,,521.152,0,0,"[0.0, 19.531373287162314]"
4651,goal_466,1,col_return,11072,1569.85,05,subwp,524,1,E2.1,E2.1-R0,False,subwp,524,05,1,3289559560,col_return,return,354.304,0,0,"[0.0, 7.712068255484887]"
4652,goal_466,2,exito,16333,2596.84,05,subwp,524,1,E2.1,E2.1-R0,False,subwp,524,05,2,1562108850,exito,,522.656,0,0,"[0.0, 23.449564754775555]"
4653,goal_466,3,exito,16344,2595.6,05,subwp,524,1,E2.1,E2.1-R0,False,subwp,524,05,3,706532132,exito,,523.008,0,0,"[0.0, 3.358201036517583]"
4654,goal_466,4,exito,16344,2596.81,05,subwp,524,1,E2.1,E2.1-R0,False,subwp,524,05,4,3027781255,exito,,523.008,0,0,"[0.0, -21.061956745065164]"
4655,goal_466,5,col_return,11015,1562.88,05,subwp,524,1,E2.1,E2.1-R0,False,subwp,524,05,5,3279910417,col_return,return,352.48,0,0,"[0.0, 5.125177314406486]"
4656,goal_466,6,exito,16333,2596.84,05,subwp,524,1,E2.1,E2.1-R0,False,subwp,524,05,6,1517692843,exito,,522.656,0,0,"[0.0, -1.3792731174811657]"
4657,goal_466,7,exito,16344,2596.09,05,subwp,524,1,E2.1,E2.1-R0,False,subwp,524,05,7,762386237,exito,,523.008,0,0,"[0.0, 22.48709821111497]"
4658,goal_466,8,exito,16344,2596.5,05,subwp,524,1,E2.1,E2.1-R0,False,subwp,524,05,8,3184396972,exito,,523.008,0,0,"[0.0, 21.446503562172584]"
4659,goal_466,9,col_return,11007,1552.02,05,subwp,524,1,E2.1,E2.1-R0,False,subwp,524,05,9,3402185274,col_return,return,352.224,0,0,"[0.0, 0.5193796067477385]"
4660,goal_466,10,exito,16333,2596.84,05,subwp,524,1,E2.1,E2.1-R0,False,subwp,524,05,10,4207166881,exito,,522.656,0,0,"[0.0, 22.18757860116365]"
4661,goal_467,1,exito,16527,2622.58,05,subwp,524,1,E2.1,E2.1-R0,False,subwp,524,05,1,3327396945,exito,,528.864,0,0,"[0.0, -15.508759094783775]"
4662,goal_467,2,exito,16527,2604.25,05,subwp,524,1,E2.1,E2.1-R0,False,subwp,524,05,2,1599954411,exito,,528.864,0,0,"[0.0, -2.6645599902658312]"
4663,goal_467,3,col_return,10896,1539.14,05,subwp,524,1,E2.1,E2.1-R0,False,subwp,524,05,3,677014909,col_return,return,348.672,0,0,"[0.0, 13.39986974808319]"
4664,goal_467,4,exito,16517,2620.56,05,subwp,524,1,E2.1,E2.1-R0,False,subwp,524,05,4,3057580254,exito,,528.544,0,0,"[0.0, 0.5408206007416316]"
4665,goal_467,5,exito,16527,2620.45,05,subwp,524,1,E2.1,E2.1-R0,False,subwp,524,05,5,3241789512,exito,,528.864,0,0,"[0.0, -14.835996012365102]"
4666,goal_467,6,col_return,11416,1622.78,05,subwp,524,1,E2.1,E2.1-R0,False,subwp,524,05,6,1479580146,col_return,return,365.312,0,0,"[0.0, -26.772803614223967]"
4667,goal_467,7,exito,16517,2622.95,05,subwp,524,1,E2.1,E2.1-R0,False,subwp,524,05,7,792176996,exito,,528.544,0,0,"[0.0, 20.594781061832588]"
4668,goal_467,8,exito,16527,2621.65,05,subwp,524,1,E2.1,E2.1-R0,False,subwp,524,05,8,3213407477,exito,,528.864,0,0,"[0.0, -3.5122624780030387]"
4669,goal_467,9,exito,16527,2611.16,05,subwp,524,1,E2.1,E2.1-R0,False,subwp,524,05,9,3364848739,exito,,528.864,0,0,"[0.0, 12.680648798126752]"
4670,goal_467,10,col_return,10921,1547.65,05,subwp,524,1,E2.1,E2.1-R0,False,subwp,524,05,10,3899779663,col_return,return,349.472,0,0,"[0.0, -25.60685087444961]"
4671,goal_468,1,exito,16583,2630.78,05,subwp,524,1,E2.1,E2.1-R0,False,subwp,524,05,1,3348522598,exito,,530.656,0,0,"[0.0, -22.869963013468162]"
4672,goal_468,2,exito,16593,2627.63,05,subwp,524,1,E2.1,E2.1-R0,False,subwp,524,05,2,1587492828,exito,,530.976,0,0,"[0.0, 19.538570156265212]"
4673,goal_468,3,col_return,11410,1619.79,05,subwp,524,1,E2.1,E2.1-R0,False,subwp,524,05,3,697829194,col_return,return,365.12,0,0,"[0.0, -17.684726724278406]"
4674,goal_468,4,exito,16583,2632.37,05,subwp,524,1,E2.1,E2.1-R0,False,subwp,524,05,4,3086783209,exito,,530.656,0,0,"[0.0, -12.260250050416609]"
4675,goal_468,5,exito,16593,2632.63,05,subwp,524,1,E2.1,E2.1-R0,False,subwp,524,05,5,3237716607,exito,,530.976,0,0,"[0.0, -29.017821818648393]"
4676,goal_468,6,col_return,11609,1652.27,05,subwp,524,1,E2.1,E2.1-R0,False,subwp,524,05,6,1509094341,col_return,return,371.488,0,0,"[0.0, -27.35451944046651]"
4677,goal_468,7,exito,16583,2632.38,05,subwp,524,1,E2.1,E2.1-R0,False,subwp,524,05,7,787858259,exito,,530.656,0,0,"[0.0, -16.70393521557125]"
4678,goal_468,8,exito,16593,2629.97,05,subwp,524,1,E2.1,E2.1-R0,False,subwp,524,05,8,3192577730,exito,,530.976,0,0,"[0.0, 29.865298126561154]"
4679,goal_468,9,exito,16593,2613.01,05,subwp,524,1,E2.1,E2.1-R0,False,subwp,524,05,9,3377327700,exito,,530.976,0,0,"[0.0, -16.919409564665457]"
4680,goal_468,10,col_return,10926,1546.12,05,subwp,524,1,E2.1,E2.1-R0,False,subwp,524,05,10,1355648298,col_return,return,349.632,0,0,"[0.0, 12.001064766514421]"
4681,goal_469,1,exito,16282,2586.64,05,subwp,524,1,E2.1,E2.1-R0,False,subwp,524,05,1,3435798875,exito,,521.024,0,0,"[0.0, -18.489053025392565]"
4682,goal_469,2,exito,16292,2586.75,05,subwp,524,1,E2.1,E2.1-R0,False,subwp,524,05,2,1438871777,exito,,521.344,0,0,"[0.0, -2.276609752408001]"
4683,goal_469,3,exito,16292,2582.42,05,subwp,524,1,E2.1,E2.1-R0,False,subwp,524,05,3,583286903,exito,,521.344,0,0,"[0.0, -27.40671441793858]"
4684,goal_469,4,col_return,10873,1538.07,05,subwp,524,1,E2.1,E2.1-R0,False,subwp,524,05,4,3164657108,col_return,return,347.936,0,0,"[0.0, -4.152517859062588]"
4685,goal_469,5,exito,16282,2586.65,05,subwp,524,1,E2.1,E2.1-R0,False,subwp,524,05,5,3416778050,exito,,521.024,0,0,"[0.0, -12.922019844527243]"
4686,goal_469,6,exito,16292,2586.67,05,subwp,524,1,E2.1,E2.1-R0,False,subwp,524,05,6,1387181304,exito,,521.344,0,0,"[0.0, -21.611546338660236]"
4687,goal_469,7,exito,16293,2586.81,05,subwp,524,1,E2.1,E2.1-R0,False,subwp,524,05,7,631866478,exito,,521.376,0,0,"[0.0, 2.524680763350653]"
4688,goal_469,8,col_return,11009,1553.7,05,subwp,524,1,E2.1,E2.1-R0,False,subwp,524,05,8,3038157311,col_return,return,352.288,0,0,"[0.0, 2.856620134095993]"
4689,goal_469,9,exito,16282,2586.65,05,subwp,524,1,E2.1,E2.1-R0,False,subwp,524,05,9,3255937385,exito,,521.024,0,0,"[0.0, 11.191457318024776]"
4690,goal_469,10,exito,16292,2586.76,05,subwp,524,1,E2.1,E2.1-R0,False,subwp,524,05,10,145661308,exito,,521.344,0,0,"[0.0, -10.854649622592403]"
4691,goal_470,1,exito,16656,2633.97,05,subwp,524,1,E2.1,E2.1-R0,False,subwp,524,05,1,3439872876,exito,,532.992,0,0,"[0.0, 9.124629595136685]"
4692,goal_470,2,col_return,11061,1563.47,05,subwp,524,1,E2.1,E2.1-R0,False,subwp,524,05,2,1409358550,col_return,return,353.952,0,0,"[0.0, 25.154375441398525]"
4693,goal_470,3,exito,16646,2637.94,05,subwp,524,1,E2.1,E2.1-R0,False,subwp,524,05,3,587606592,exito,,532.672,0,0,"[0.0, 17.133556694079285]"
4694,goal_470,4,exito,16656,2637.91,05,subwp,524,1,E2.1,E2.1-R0,False,subwp,524,05,4,3177365475,exito,,532.992,0,0,"[0.0, -11.02173268575881]"
4695,goal_470,5,col_return,11383,1610.59,05,subwp,524,1,E2.1,E2.1-R0,False,subwp,524,05,5,3395653493,col_return,return,364.256,0,0,"[0.0, 26.501784321936704]"
4696,goal_470,6,exito,16646,2637.76,05,subwp,524,1,E2.1,E2.1-R0,False,subwp,524,05,6,1399643855,exito,,532.672,0,0,"[0.0, 19.710035313565612]"
4697,goal_470,7,exito,16656,2637.91,05,subwp,524,1,E2.1,E2.1-R0,False,subwp,524,05,7,611053145,exito,,532.992,0,0,"[0.0, 12.777876494845282]"
4698,goal_470,8,col_return,11539,1632.04,05,subwp,524,1,E2.1,E2.1-R0,False,subwp,524,05,8,3033854920,col_return,return,369.248,0,0,"[0.0, 24.467755853262275]"
4699,goal_470,9,exito,16646,2637.95,05,subwp,524,1,E2.1,E2.1-R0,False,subwp,524,05,9,3285435230,exito,,532.672,0,0,"[0.0, -4.366301024808472]"
4700,goal_470,10,exito,16656,2637.9,05,subwp,524,1,E2.1,E2.1-R0,False,subwp,524,05,10,2954033689,exito,,532.992,0,0,"[0.0, 14.60531337127464]"
4701,goal_471,1,exito,16194,2560.69,05,subwp,524,1,E2.1,E2.1-R0,False,subwp,524,05,1,2053445510,exito,,518.208,0,0,"[0.0, -27.117621727113544]"
4702,goal_471,2,col_return,10786,1521.26,05,subwp,524,1,E2.1,E2.1-R0,False,subwp,524,05,2,3815523900,col_return,return,345.152,0,0,"[0.0, 13.227945342017195]"
4703,goal_471,3,exito,16182,2568.39,05,subwp,524,1,E2.1,E2.1-R0,False,subwp,524,05,3,2490070698,exito,,517.824,0,0,"[0.0, -19.510134774500102]"
4704,goal_471,4,exito,16194,2568.84,05,subwp,524,1,E2.1,E2.1-R0,False,subwp,524,05,4,168813321,exito,,518.208,0,0,"[0.0, -10.032787266457973]"
4705,goal_471,5,exito,16194,2568.84,05,subwp,524,1,E2.1,E2.1-R0,False,subwp,524,05,5,2097730463,exito,,518.208,0,0,"[0.0, -25.908375524686576]"
4706,goal_471,6,col_return,11103,1571.37,05,subwp,524,1,E2.1,E2.1-R0,False,subwp,524,05,6,3825304101,col_return,return,355.296,0,0,"[0.0, -7.997934463953462]"
4707,goal_471,7,exito,16181,2568.19,05,subwp,524,1,E2.1,E2.1-R0,False,subwp,524,05,7,2466689715,exito,,517.792,0,0,"[0.0, -26.328391416798404]"
4708,goal_471,8,exito,16194,2568.83,05,subwp,524,1,E2.1,E2.1-R0,False,subwp,524,05,8,62500642,exito,,518.208,0,0,"[0.0, -29.541958001316154]"
4709,goal_471,9,exito,16191,2568.42,05,subwp,524,1,E2.1,E2.1-R0,False,subwp,524,05,9,1958649780,exito,,518.112,0,0,"[0.0, 13.119902263625773]"
4710,goal_471,10,exito,16194,2534.17,05,subwp,524,1,E2.1,E2.1-R0,False,subwp,524,05,10,4034567203,exito,,518.208,0,0,"[0.0, -22.505882715501954]"
4711,goal_472,1,col_return,10850,1536.43,05,subwp,524,1,E2.1,E2.1-R0,False,subwp,524,05,1,2074574257,col_return,return,347.2,0,0,"[0.0, -19.26442247351995]"
4712,goal_472,2,exito,16535,2627.94,05,subwp,524,1,E2.1,E2.1-R0,False,subwp,524,05,2,3803065355,exito,,529.12,0,0,"[0.0, 27.15470311645747]"
4713,goal_472,3,exito,16545,2628.11,05,subwp,524,1,E2.1,E2.1-R0,False,subwp,524,05,3,2510888093,exito,,529.44,0,0,"[0.0, -0.2023743963929725]"
4714,goal_472,4,col_return,11375,1620.77,05,subwp,524,1,E2.1,E2.1-R0,False,subwp,524,05,4,198019390,col_return,return,364.0,0,0,"[0.0, 28.376894533196815]"
4715,goal_472,5,exito,16535,2627.95,05,subwp,524,1,E2.1,E2.1-R0,False,subwp,524,05,5,2093660584,exito,,529.12,0,0,"[0.0, -23.47103689893045]"
4716,goal_472,6,exito,16545,2628.13,05,subwp,524,1,E2.1,E2.1-R0,False,subwp,524,05,6,3854821394,exito,,529.44,0,0,"[0.0, -11.758646368192213]"
4717,goal_472,7,exito,16545,2602.68,05,subwp,524,1,E2.1,E2.1-R0,False,subwp,524,05,7,2462374020,exito,,529.44,0,0,"[0.0, -14.587245229227877]"
4718,goal_472,8,col_return,10872,1545.09,05,subwp,524,1,E2.1,E2.1-R0,False,subwp,524,05,8,41665813,col_return,return,347.904,0,0,"[0.0, -28.345840911324128]"
4719,goal_472,9,exito,16535,2627.95,05,subwp,524,1,E2.1,E2.1-R0,False,subwp,524,05,9,1971123587,exito,,529.12,0,0,"[0.0, 0.7888479947993465]"
4720,goal_472,10,exito,16545,2628.08,05,subwp,524,1,E2.1,E2.1-R0,False,subwp,524,05,10,1221000006,exito,,529.44,0,0,"[0.0, -26.1156305803076]"
4721,goal_473,1,exito,15930,2519.27,05,subwp,524,1,E2.1,E2.1-R0,False,subwp,524,05,1,2044838888,exito,,509.76,0,0,"[0.0, -18.3124460238696]"
4722,goal_473,2,col_return,10631,1499.31,05,subwp,524,1,E2.1,E2.1-R0,False,subwp,524,05,2,3773338194,col_return,return,340.192,0,0,"[0.0, -10.146274721743982]"
4723,goal_473,3,exito,15920,2530.9,05,subwp,524,1,E2.1,E2.1-R0,False,subwp,524,05,3,2549064388,exito,,509.44,0,0,"[0.0, -9.28311996923118]"
4724,goal_473,4,exito,15930,2531.2,05,subwp,524,1,E2.1,E2.1-R0,False,subwp,524,05,4,160118631,exito,,509.76,0,0,"[0.0, 15.55379465016327]"
4725,goal_473,5,exito,15930,2531.16,05,subwp,524,1,E2.1,E2.1-R0,False,subwp,524,05,5,2123106289,exito,,509.76,0,0,"[0.0, 26.318686795370322]"
4726,goal_473,6,exito,15931,2530.8,05,subwp,524,1,E2.1,E2.1-R0,False,subwp,524,05,6,3884275275,exito,,509.792,0,0,"[0.0, -12.64941329254652]"
4727,goal_473,7,col_return,10949,1551.98,05,subwp,524,1,E2.1,E2.1-R0,False,subwp,524,05,7,2424465117,col_return,return,350.368,0,0,"[0.0, 22.324821892529812]"
4728,goal_473,8,exito,15920,2530.94,05,subwp,524,1,E2.1,E2.1-R0,False,subwp,524,05,8,4029260,exito,,509.44,0,0,"[0.0, 20.179946935956117]"
4729,goal_473,9,exito,15930,2531.15,05,subwp,524,1,E2.1,E2.1-R0,False,subwp,524,05,9,2000309210,exito,,509.76,0,0,"[0.0, -9.65208354964773]"
4730,goal_473,10,exito,15930,2531.17,05,subwp,524,1,E2.1,E2.1-R0,False,subwp,524,05,10,1517507752,exito,,509.76,0,0,"[0.0, -7.413828238831135]"
4731,goal_474,1,exito,16288,2593.03,05,subwp,524,1,E2.1,E2.1-R0,False,subwp,524,05,1,2015603167,exito,,521.216,0,0,"[0.0, 2.2611583495884258]"
4732,goal_474,2,col_return,11116,1585.7,05,subwp,524,1,E2.1,E2.1-R0,False,subwp,524,05,2,3777689701,col_return,return,355.712,0,0,"[0.0, -27.337051327008503]"
4733,goal_474,3,exito,16278,2592.81,05,subwp,524,1,E2.1,E2.1-R0,False,subwp,524,05,3,2519582963,exito,,520.896,0,0,"[0.0, 27.339630219292705]"
4734,goal_474,4,exito,16288,2593.14,05,subwp,524,1,E2.1,E2.1-R0,False,subwp,524,05,4,139025744,exito,,521.216,0,0,"[0.0, -4.158534455092877]"
4735,goal_474,5,exito,16288,2593.11,05,subwp,524,1,E2.1,E2.1-R0,False,subwp,524,05,5,2135846342,exito,,521.216,0,0,"[0.0, 15.099287425923771]"
4736,goal_474,6,col_return,11134,1582.85,05,subwp,524,1,E2.1,E2.1-R0,False,subwp,524,05,6,3863428220,col_return,return,356.288,0,0,"[0.0, -28.43586966662566]"
4737,goal_474,7,exito,16278,2592.82,05,subwp,524,1,E2.1,E2.1-R0,False,subwp,524,05,7,2436893930,exito,,520.896,0,0,"[0.0, 21.224882682584006]"
4738,goal_474,8,exito,16288,2593.15,05,subwp,524,1,E2.1,E2.1-R0,False,subwp,524,05,8,33493371,exito,,521.216,0,0,"[0.0, -8.971630265878472]"
4739,goal_474,9,exito,16288,2593.04,05,subwp,524,1,E2.1,E2.1-R0,False,subwp,524,05,9,1995973101,exito,,521.216,0,0,"[0.0, -26.818931777440536]"
4740,goal_474,10,col_return,11141,1582.85,05,subwp,524,1,E2.1,E2.1-R0,False,subwp,524,05,10,3805230029,col_return,return,356.512,0,0,"[0.0, 1.2153124646285574]"
4741,goal_475,1,exito,15669,2500.48,05,subwp,524,1,E2.1,E2.1-R0,False,subwp,524,05,1,2104278874,exito,,501.408,0,0,"[0.0, 17.41335048173549]"
4742,goal_475,2,exito,15679,2500.73,05,subwp,524,1,E2.1,E2.1-R0,False,subwp,524,05,2,3831885536,exito,,501.728,0,0,"[0.0, -4.219851579423912]"
4743,goal_475,3,exito,15679,2500.72,05,subwp,524,1,E2.1,E2.1-R0,False,subwp,524,05,3,2472730230,exito,,501.728,0,0,"[0.0, 28.852832819129198]"
4744,goal_475,4,exito,15679,2500.71,05,subwp,524,1,E2.1,E2.1-R0,False,subwp,524,05,4,218516437,exito,,501.728,0,0,"[0.0, 19.024734273271175]"
4745,goal_475,5,exito,15679,2500.72,05,subwp,524,1,E2.1,E2.1-R0,False,subwp,524,05,5,2046917443,exito,,501.728,0,0,"[0.0, -28.914970735066717]"
4746,goal_475,6,exito,15679,2500.73,05,subwp,524,1,E2.1,E2.1-R0,False,subwp,524,05,6,3808963321,exito,,501.728,0,0,"[0.0, 28.260645217818563]"
4747,goal_475,7,exito,15679,2458.92,05,subwp,524,1,E2.1,E2.1-R0,False,subwp,524,05,7,2484017775,exito,,501.728,0,0,"[0.0, 12.429566916034707]"
4748,goal_475,8,col_return,10383,1473.3,05,subwp,524,1,E2.1,E2.1-R0,False,subwp,524,05,8,78645246,col_return,return,332.256,0,0,"[0.0, 1.8665893253610322]"
4749,goal_475,9,exito,15669,2500.48,05,subwp,524,1,E2.1,E2.1-R0,False,subwp,524,05,9,1941387112,exito,,501.408,0,0,"[0.0, -26.343208523244382]"
4750,goal_475,10,exito,15680,2500.34,05,subwp,524,1,E2.1,E2.1-R0,False,subwp,524,05,10,2132282228,exito,,501.76,0,0,"[0.0, 19.965461953428044]"
4751,goal_476,1,exito,16040,2556.6,05,subwp,524,1,E2.1,E2.1-R0,False,subwp,524,05,1,2091832685,exito,,513.28,0,0,"[0.0, 14.30293364837018]"
4752,goal_476,2,exito,16040,2556.62,05,subwp,524,1,E2.1,E2.1-R0,False,subwp,524,05,2,3852960983,exito,,513.28,0,0,"[0.0, -13.779002925807077]"
4753,goal_476,3,exito,16040,2535.44,05,subwp,524,1,E2.1,E2.1-R0,False,subwp,524,05,3,2460005441,exito,,513.28,0,0,"[0.0, -27.041758855983538]"
4754,goal_476,4,col_return,10647,1506.16,05,subwp,524,1,E2.1,E2.1-R0,False,subwp,524,05,4,214180322,col_return,return,340.704,0,0,"[0.0, 4.282231650570607]"
4755,goal_476,5,exito,16028,2556.21,05,subwp,524,1,E2.1,E2.1-R0,False,subwp,524,05,5,2076381556,exito,,512.896,0,0,"[0.0, -2.7445009703391166]"
4756,goal_476,6,exito,16040,2556.58,05,subwp,524,1,E2.1,E2.1-R0,False,subwp,524,05,6,3804905678,exito,,513.28,0,0,"[0.0, -3.7435520550083146]"
4757,goal_476,7,exito,16040,2556.58,05,subwp,524,1,E2.1,E2.1-R0,False,subwp,524,05,7,2513268824,exito,,513.28,0,0,"[0.0, -3.764739072332306]"
4758,goal_476,8,exito,16040,2551.81,05,subwp,524,1,E2.1,E2.1-R0,False,subwp,524,05,8,91385289,exito,,513.28,0,0,"[0.0, 2.293965117614114]"
4759,goal_476,9,col_return,10745,1522.59,05,subwp,524,1,E2.1,E2.1-R0,False,subwp,524,05,9,1920294239,col_return,return,343.84,0,0,"[0.0, 24.643522423790817]"
4760,goal_476,10,exito,16028,2556.38,05,subwp,524,1,E2.1,E2.1-R0,False,subwp,524,05,10,3349441553,exito,,512.896,0,0,"[0.0, -29.36261743157727]"
4761,goal_477,1,exito,15496,2471.37,05,subwp,524,1,E2.1,E2.1-R0,False,subwp,524,05,1,2129161012,exito,,495.872,0,0,"[0.0, -5.369685659621428]"
4762,goal_477,2,exito,15496,2471.38,05,subwp,524,1,E2.1,E2.1-R0,False,subwp,524,05,2,3890297486,exito,,495.872,0,0,"[0.0, 7.627227516927697]"
4763,goal_477,3,exito,15495,2471.69,05,subwp,524,1,E2.1,E2.1-R0,False,subwp,524,05,3,2430994968,exito,,495.84,0,0,"[0.0, 12.751818633727947]"
4764,goal_477,4,exito,15495,2471.69,05,subwp,524,1,E2.1,E2.1-R0,False,subwp,524,05,4,243441595,exito,,495.84,0,0,"[0.0, -20.220854128924934]"
4765,goal_477,5,exito,15495,2471.71,05,subwp,524,1,E2.1,E2.1-R0,False,subwp,524,05,5,2038804269,exito,,495.84,0,0,"[0.0, 14.579874212295554]"
4766,goal_477,6,exito,15495,2471.34,05,subwp,524,1,E2.1,E2.1-R0,False,subwp,524,05,6,3767336599,exito,,495.84,0,0,"[0.0, -2.3309132143436817]"
4767,goal_477,7,exito,15495,2443.29,05,subwp,524,1,E2.1,E2.1-R0,False,subwp,524,05,7,2542521857,exito,,495.84,0,0,"[0.0, 20.337133792780435]"
4768,goal_477,8,col_return,10337,1462.53,05,subwp,524,1,E2.1,E2.1-R0,False,subwp,524,05,8,120902544,col_return,return,330.784,0,0,"[0.0, -28.849245820567102]"
4769,goal_477,9,exito,15485,2471.48,05,subwp,524,1,E2.1,E2.1-R0,False,subwp,524,05,9,1882448646,exito,,495.52,0,0,"[0.0, -14.305640204811148]"
4770,goal_477,10,exito,15495,2471.71,05,subwp,524,1,E2.1,E2.1-R0,False,subwp,524,05,10,3574711295,exito,,495.84,0,0,"[0.0, 12.344914151958283]"
4771,goal_478,1,exito,15828,2525.06,05,subwp,524,1,E2.1,E2.1-R0,False,subwp,524,05,1,2133459203,exito,,506.496,0,0,"[0.0, 12.405670123651715]"
4772,goal_478,2,exito,15828,2525.06,05,subwp,524,1,E2.1,E2.1-R0,False,subwp,524,05,2,3861074105,exito,,506.496,0,0,"[0.0, -10.806873587510106]"
4773,goal_478,3,exito,15828,2524.87,05,subwp,524,1,E2.1,E2.1-R0,False,subwp,524,05,3,2435080239,exito,,506.496,0,0,"[0.0, -2.412510229757918]"
4774,goal_478,4,exito,15828,2523.22,05,subwp,524,1,E2.1,E2.1-R0,False,subwp,524,05,4,255915404,exito,,506.496,0,0,"[0.0, 25.974086632579713]"
4775,goal_478,5,col_return,10690,1517.97,05,subwp,524,1,E2.1,E2.1-R0,False,subwp,524,05,5,2017969434,col_return,return,342.08,0,0,"[0.0, -8.185573275321957]"
4776,goal_478,6,exito,15814,2525.07,05,subwp,524,1,E2.1,E2.1-R0,False,subwp,524,05,6,3780023456,exito,,506.048,0,0,"[0.0, 10.444230338093421]"
4777,goal_478,7,exito,15828,2525.06,05,subwp,524,1,E2.1,E2.1-R0,False,subwp,524,05,7,2521408566,exito,,506.496,0,0,"[0.0, 23.99558579375071]"
4778,goal_478,8,exito,15828,2524.88,05,subwp,524,1,E2.1,E2.1-R0,False,subwp,524,05,8,116832679,exito,,506.496,0,0,"[0.0, -13.550586365472064]"
4779,goal_478,9,exito,15826,2524.6,05,subwp,524,1,E2.1,E2.1-R0,False,subwp,524,05,9,1911654705,exito,,506.432,0,0,"[0.0, -20.175708755297475]"
4780,goal_478,10,exito,15828,2524.94,05,subwp,524,1,E2.1,E2.1-R0,False,subwp,524,05,10,1840096410,exito,,506.496,0,0,"[0.0, -19.859696996926907]"
4781,goal_479,1,exito,15249,2435.43,05,subwp,524,1,E2.1,E2.1-R0,False,subwp,524,05,1,1953908286,exito,,487.968,0,0,"[0.0, 21.005387154932265]"
4782,goal_479,2,exito,15249,2416.93,05,subwp,524,1,E2.1,E2.1-R0,False,subwp,524,05,2,3984529284,exito,,487.968,0,0,"[0.0, 28.69379205342294]"
4783,goal_479,3,col_return,10250,1446.27,05,subwp,524,1,E2.1,E2.1-R0,False,subwp,524,05,3,2591565586,col_return,return,328.0,0,0,"[0.0, -6.484278994276387]"
4784,goal_479,4,exito,15240,2438.65,05,subwp,524,1,E2.1,E2.1-R0,False,subwp,524,05,4,68989617,exito,,487.68,0,0,"[0.0, -17.334359576069648]"
4785,goal_479,5,exito,15249,2438.85,05,subwp,524,1,E2.1,E2.1-R0,False,subwp,524,05,5,1931182631,exito,,487.968,0,0,"[0.0, -5.022770867443058]"
4786,goal_479,6,exito,15251,2438.52,05,subwp,524,1,E2.1,E2.1-R0,False,subwp,524,05,6,3927102365,exito,,488.032,0,0,"[0.0, -10.613925589528758]"
4787,goal_479,7,exito,15249,2438.84,05,subwp,524,1,E2.1,E2.1-R0,False,subwp,524,05,7,2635457291,exito,,487.968,0,0,"[0.0, -8.38344126049404]"
4788,goal_479,8,exito,15251,2438.53,05,subwp,524,1,E2.1,E2.1-R0,False,subwp,524,05,8,229310106,exito,,488.032,0,0,"[0.0, 22.611231255982272]"
4789,goal_479,9,exito,15249,2438.83,05,subwp,524,1,E2.1,E2.1-R0,False,subwp,524,05,9,2058210828,exito,,487.968,0,0,"[0.0, -1.236280725751009]"
4790,goal_479,10,exito,15249,2438.83,05,subwp,524,1,E2.1,E2.1-R0,False,subwp,524,05,10,902739148,exito,,487.968,0,0,"[0.0, 28.537655209147704]"
4791,goal_480,1,exito,15531,2482.63,05,subwp,524,1,E2.1,E2.1-R0,False,subwp,524,05,1,1974742025,exito,,496.992,0,0,"[0.0, 15.419814377066816]"
4792,goal_480,2,exito,15530,2482.69,05,subwp,524,1,E2.1,E2.1-R0,False,subwp,524,05,2,3971841459,exito,,496.96,0,0,"[0.0, 20.618000605049865]"
4793,goal_480,3,exito,15530,2482.6,05,subwp,524,1,E2.1,E2.1-R0,False,subwp,524,05,3,2612677925,exito,,496.96,0,0,"[0.0, 6.373765556462567]"
4794,goal_480,4,exito,15531,2482.63,05,subwp,524,1,E2.1,E2.1-R0,False,subwp,524,05,4,98490502,exito,,496.992,0,0,"[0.0, 5.571569239104999]"
4795,goal_480,5,exito,15530,2481.14,05,subwp,524,1,E2.1,E2.1-R0,False,subwp,524,05,5,1926883344,exito,,496.96,0,0,"[0.0, 5.8515423151097945]"
4796,goal_480,6,col_return,10557,1497.8,05,subwp,524,1,E2.1,E2.1-R0,False,subwp,524,05,6,3956324778,col_return,return,337.824,0,0,"[0.0, -16.641194934128226]"
4797,goal_480,7,exito,15522,2482.02,05,subwp,524,1,E2.1,E2.1-R0,False,subwp,524,05,7,2631371068,exito,,496.704,0,0,"[0.0, -15.826522586192135]"
4798,goal_480,8,exito,15530,2482.71,05,subwp,524,1,E2.1,E2.1-R0,False,subwp,524,05,8,208180397,exito,,496.96,0,0,"[0.0, 15.762659831082814]"
4799,goal_480,9,exito,15532,2482.3,05,subwp,524,1,E2.1,E2.1-R0,False,subwp,524,05,9,2070914107,exito,,497.024,0,0,"[0.0, 23.72098465381862]"
4800,goal_480,10,exito,15530,2482.68,05,subwp,524,1,E2.1,E2.1-R0,False,subwp,524,05,10,2373112745,exito,,496.96,0,0,"[0.0, 25.185827893360123]"
4801,goal_481,1,exito,15232,2443.91,05,subwp,524,1,E2.1,E2.1-R0,False,subwp,524,05,1,570820560,exito,,487.424,0,0,"[0.0, 11.755226869097125]"
4802,goal_481,2,exito,15233,2429.02,05,subwp,524,1,E2.1,E2.1-R0,False,subwp,524,05,2,3138344554,exito,,487.456,0,0,"[0.0, 21.883036003865335]"
4803,goal_481,3,exito,15261,2334.89,05,subwp,524,1,E2.1,E2.1-R0,False,subwp,524,05,3,3423102716,exito,,488.352,0,0,"[0.0, -10.084043258004288]"
4804,goal_481,4,exito,15233,2443.98,05,subwp,524,1,E2.1,E2.1-R0,False,subwp,524,05,4,1382871903,exito,,487.456,0,0,"[0.0, -14.626089518423196]"
4805,goal_481,5,exito,15233,2443.96,05,subwp,524,1,E2.1,E2.1-R0,False,subwp,524,05,5,627819465,exito,,487.456,0,0,"[0.0, 10.900666177628786]"
4806,goal_481,6,exito,15232,2443.44,05,subwp,524,1,E2.1,E2.1-R0,False,subwp,524,05,6,3160576627,exito,,487.424,0,0,"[0.0, 15.647226278370702]"
4807,goal_481,7,exito,15233,2443.97,05,subwp,524,1,E2.1,E2.1-R0,False,subwp,524,05,7,3412435685,exito,,487.456,0,0,"[0.0, 5.928874732557741]"
4808,goal_481,8,exito,15233,2443.96,05,subwp,524,1,E2.1,E2.1-R0,False,subwp,524,05,8,1541062516,exito,,487.456,0,0,"[0.0, 13.880112925958654]"
4809,goal_481,9,exito,15233,2443.96,05,subwp,524,1,E2.1,E2.1-R0,False,subwp,524,05,9,752717794,exito,,487.456,0,0,"[0.0, 5.406826819840644]"
4810,goal_481,10,exito,15232,2441.32,05,subwp,524,1,E2.1,E2.1-R0,False,subwp,524,05,10,1915358194,exito,,487.424,0,0,"[0.0, -24.438449716242786]"
4811,goal_482,1,exito,15410,2426.0,05,subwp,524,1,E2.1,E2.1-R0,False,subwp,524,05,1,600075751,exito,,493.12,0,0,"[0.0, 23.321618926180598]"
4812,goal_482,2,col_return,10268,1455.7,05,subwp,524,1,E2.1,E2.1-R0,False,subwp,524,05,2,3134012509,col_return,return,328.576,0,0,"[0.0, 23.312954236410192]"
4813,goal_482,3,exito,15400,2458.93,05,subwp,524,1,E2.1,E2.1-R0,False,subwp,524,05,3,3452570827,exito,,492.8,0,0,"[0.0, 18.936019620203993]"
4814,goal_482,4,exito,15410,2462.97,05,subwp,524,1,E2.1,E2.1-R0,False,subwp,524,05,4,1403951464,exito,,493.12,0,0,"[0.0, 17.168086583818724]"
4815,goal_482,5,exito,15410,2463.2,05,subwp,524,1,E2.1,E2.1-R0,False,subwp,524,05,5,615098878,exito,,493.12,0,0,"[0.0, -5.654940142562303]"
4816,goal_482,6,exito,15410,2463.18,05,subwp,524,1,E2.1,E2.1-R0,False,subwp,524,05,6,3181443140,exito,,493.12,0,0,"[0.0, -9.360069462886711]"
4817,goal_482,7,exito,15410,2463.19,05,subwp,524,1,E2.1,E2.1-R0,False,subwp,524,05,7,3399993554,exito,,493.12,0,0,"[0.0, 15.555732640696435]"
4818,goal_482,8,exito,15410,2463.25,05,subwp,524,1,E2.1,E2.1-R0,False,subwp,524,05,8,1511576899,exito,,493.12,0,0,"[0.0, 5.83230455098263]"
4819,goal_482,9,exito,15412,2396.4,05,subwp,524,1,E2.1,E2.1-R0,False,subwp,524,05,9,757065173,exito,,493.184,0,0,"[0.0, 22.634079149566507]"
4820,goal_482,10,exito,15410,2463.26,05,subwp,524,1,E2.1,E2.1-R0,False,subwp,524,05,10,3398855831,exito,,493.12,0,0,"[0.0, 8.536948996340337]"
4821,goal_483,1,exito,15479,2474.62,05,subwp,524,1,E2.1,E2.1-R0,False,subwp,524,05,1,562222014,exito,,495.328,0,0,"[0.0, -29.01893387219609]"
4822,goal_483,2,exito,15479,2473.64,05,subwp,524,1,E2.1,E2.1-R0,False,subwp,524,05,2,3096150532,exito,,495.328,0,0,"[0.0, -18.16321170515607]"
4823,goal_483,3,exito,15479,2438.78,05,subwp,524,1,E2.1,E2.1-R0,False,subwp,524,05,3,3482104466,exito,,495.328,0,0,"[0.0, -14.595913197103133]"
4824,goal_483,4,col_return,10304,1466.64,05,subwp,524,1,E2.1,E2.1-R0,False,subwp,524,05,4,1374168881,col_return,return,329.728,0,0,"[0.0, -23.46651999830575]"
4825,goal_483,5,exito,15469,2449.51,05,subwp,524,1,E2.1,E2.1-R0,False,subwp,524,05,5,653203367,exito,,495.008,0,0,"[0.0, -24.722669128817664]"
4826,goal_483,6,col_approach,3036,268.42,05,subwp,524,1,E2.1,E2.1-R0,False,subwp,524,05,6,3219539485,col_approach,approach,97.152,0,0,"[0.0, -2.872628070924539]"
4827,goal_483,7,exito,15469,2474.48,05,subwp,524,1,E2.1,E2.1-R0,False,subwp,524,05,7,3370219147,exito,,495.008,0,0,"[0.0, 2.3495959815748058]"
4828,goal_483,8,exito,15479,2466.61,05,subwp,524,1,E2.1,E2.1-R0,False,subwp,524,05,8,1482582810,exito,,495.328,0,0,"[0.0, 25.332765183147846]"
4829,goal_483,9,col_return,10427,1480.34,05,subwp,524,1,E2.1,E2.1-R0,False,subwp,524,05,9,794385292,col_return,return,333.664,0,0,"[0.0, 16.150744046120895]"
4830,goal_483,10,exito,15469,2458.56,05,subwp,524,1,E2.1,E2.1-R0,False,subwp,524,05,10,3626222457,exito,,495.008,0,0,"[0.0, 28.44965115603246]"
4831,goal_484,1,exito,15721,2499.15,05,subwp,524,1,E2.1,E2.1-R0,False,subwp,524,05,1,541112713,exito,,503.072,0,0,"[0.0, -28.163454716017384]"
4832,goal_484,2,exito,15721,2507.47,05,subwp,524,1,E2.1,E2.1-R0,False,subwp,524,05,2,3108628531,exito,,503.072,0,0,"[0.0, 8.222720573317215]"
4833,goal_484,3,exito,15721,2507.43,05,subwp,524,1,E2.1,E2.1-R0,False,subwp,524,05,3,3461273765,exito,,503.072,0,0,"[0.0, -3.1590019799489966]"
4834,goal_484,4,exito,15721,2497.73,05,subwp,524,1,E2.1,E2.1-R0,False,subwp,524,05,4,1344949510,exito,,503.072,0,0,"[0.0, 23.398624307391557]"
4835,goal_484,5,exito,15721,2507.44,05,subwp,524,1,E2.1,E2.1-R0,False,subwp,524,05,5,657292688,exito,,503.072,0,0,"[0.0, 25.052761811165542]"
4836,goal_484,6,exito,15721,2472.82,05,subwp,524,1,E2.1,E2.1-R0,False,subwp,524,05,6,3190041642,exito,,503.072,0,0,"[0.0, -0.043734160705737324]"
4837,goal_484,7,col_return,10431,1480.68,05,subwp,524,1,E2.1,E2.1-R0,False,subwp,524,05,7,3374521532,col_return,return,333.792,0,0,"[0.0, 13.670006567932845]"
4838,goal_484,8,exito,15711,2483.6,05,subwp,524,1,E2.1,E2.1-R0,False,subwp,524,05,8,1503396141,exito,,502.752,0,0,"[0.0, 14.520097201526841]"
4839,goal_484,9,exito,15721,2506.78,05,subwp,524,1,E2.1,E2.1-R0,False,subwp,524,05,9,781922747,exito,,503.072,0,0,"[0.0, -5.046051379483105]"
4840,goal_484,10,exito,15721,2507.47,05,subwp,524,1,E2.1,E2.1-R0,False,subwp,524,05,10,1621074972,exito,,503.072,0,0,"[0.0, -29.4740481582158]"
4841,goal_485,1,col_approach,2885,196.07,05,subwp,524,1,E2.1,E2.1-R0,False,subwp,524,05,1,621784844,col_approach,approach,92.32,0,0,"[0.0, -28.532939594182768]"
4842,goal_485,2,col_return,10225,1446.34,05,subwp,524,1,E2.1,E2.1-R0,False,subwp,524,05,2,3154575030,col_return,return,327.2,0,0,"[0.0, 16.708270577362214]"
4843,goal_485,3,exito,15775,2496.53,05,subwp,524,1,E2.1,E2.1-R0,False,subwp,524,05,3,3405893152,exito,,504.8,0,0,"[0.0, -21.926032949525464]"
4844,goal_485,4,exito,15785,2496.48,05,subwp,524,1,E2.1,E2.1-R0,False,subwp,524,05,4,1432705923,exito,,505.12,0,0,"[0.0, -27.54711003246294]"
4845,goal_485,5,exito,15785,2513.08,05,subwp,524,1,E2.1,E2.1-R0,False,subwp,524,05,5,576875285,exito,,505.12,0,0,"[0.0, -9.299638766454246]"
4846,goal_485,6,exito,15785,2513.06,05,subwp,524,1,E2.1,E2.1-R0,False,subwp,524,05,6,3144366767,exito,,505.12,0,0,"[0.0, 14.819103311135146]"
4847,goal_485,7,exito,15785,2510.67,05,subwp,524,1,E2.1,E2.1-R0,False,subwp,524,05,7,3429632569,exito,,505.12,0,0,"[0.0, -0.9250317519931528]"
4848,goal_485,8,col_return,10665,1501.47,05,subwp,524,1,E2.1,E2.1-R0,False,subwp,524,05,8,1557338024,col_return,return,341.28,0,0,"[0.0, 28.44208165515768]"
4849,goal_485,9,exito,15773,2510.08,05,subwp,524,1,E2.1,E2.1-R0,False,subwp,524,05,9,735323966,exito,,504.736,0,0,"[0.0, 20.32998460905562]"
4850,goal_485,10,col_approach,2914,255.24,05,subwp,524,1,E2.1,E2.1-R0,False,subwp,524,05,10,4249394341,col_approach,approach,93.248,0,0,"[0.0, -28.415787721777935]"
4851,goal_486,1,exito,16038,2520.96,05,subwp,524,1,E2.1,E2.1-R0,False,subwp,524,05,1,617465147,exito,,513.216,0,0,"[0.0, 5.312079380266388]"
4852,goal_486,2,col_return,10597,1502.36,05,subwp,524,1,E2.1,E2.1-R0,False,subwp,524,05,2,3183776897,col_return,return,339.104,0,0,"[0.0, 22.321268511049233]"
4853,goal_486,3,col_approach,3100,287.83,05,subwp,524,1,E2.1,E2.1-R0,False,subwp,524,05,3,3401819159,col_approach,approach,99.2,0,0,"[0.0, 13.887916302890893]"
4854,goal_486,4,exito,16038,2550.66,05,subwp,524,1,E2.1,E2.1-R0,False,subwp,524,05,4,1420243380,exito,,513.216,0,0,"[0.0, 22.345361335008526]"
4855,goal_486,5,col_return,10725,1521.82,05,subwp,524,1,E2.1,E2.1-R0,False,subwp,524,05,5,597688610,col_return,return,343.2,0,0,"[0.0, -4.619604905732269]"
4856,goal_486,6,col_approach,3199,285.32,05,subwp,524,1,E2.1,E2.1-R0,False,subwp,524,05,6,3131658392,col_approach,approach,102.368,0,0,"[0.0, -2.8054270158907912]"
4857,goal_486,7,exito,16038,2552.35,05,subwp,524,1,E2.1,E2.1-R0,False,subwp,524,05,7,3450757134,exito,,513.216,0,0,"[0.0, 0.6384809240934919]"
4858,goal_486,8,col_return,10741,1525.69,05,subwp,524,1,E2.1,E2.1-R0,False,subwp,524,05,8,1561427359,col_return,return,343.712,0,0,"[0.0, 9.293086609594951]"
4859,goal_486,9,col_approach,3193,295.37,05,subwp,524,1,E2.1,E2.1-R0,False,subwp,524,05,9,706104585,col_approach,approach,102.176,0,0,"[0.0, -25.283098399476142]"
4860,goal_486,10,exito,16038,2553.33,05,subwp,524,1,E2.1,E2.1-R0,False,subwp,524,05,10,1173683136,exito,,513.216,0,0,"[0.0, -18.421825260350154]"
4861,goal_487,1,col_return,10741,1521.87,05,subwp,524,1,E2.1,E2.1-R0,False,subwp,524,05,1,646675298,col_return,return,343.712,0,0,"[0.0, -10.947336351131886]"
4862,goal_487,2,exito,16015,2548.46,05,subwp,524,1,E2.1,E2.1-R0,False,subwp,524,05,2,3212978904,exito,,512.48,0,0,"[0.0, -13.263261809758205]"
4863,goal_487,3,exito,16025,2528.2,05,subwp,524,1,E2.1,E2.1-R0,False,subwp,524,05,3,3364166222,exito,,512.8,0,0,"[0.0, -4.786536644938073]"
4864,goal_487,4,exito,16025,2464.58,05,subwp,524,1,E2.1,E2.1-R0,False,subwp,524,05,4,1457623021,exito,,512.8,0,0,"[0.0, 14.03727614598318]"
4865,goal_487,5,exito,16025,2548.16,05,subwp,524,1,E2.1,E2.1-R0,False,subwp,524,05,5,568770427,exito,,512.8,0,0,"[0.0, -23.283740836972814]"
4866,goal_487,6,col_return,10821,1533.97,05,subwp,524,1,E2.1,E2.1-R0,False,subwp,524,05,6,3102731969,col_return,return,346.272,0,0,"[0.0, 22.668562991730482]"
4867,goal_487,7,exito,16015,2548.83,05,subwp,524,1,E2.1,E2.1-R0,False,subwp,524,05,7,3488144983,exito,,512.48,0,0,"[0.0, 27.70442012557369]"
4868,goal_487,8,exito,16037,2502.31,05,subwp,524,1,E2.1,E2.1-R0,False,subwp,524,05,8,1599587270,exito,,513.184,0,0,"[0.0, -18.19871112950044]"
4869,goal_487,9,exito,16025,2525.39,05,subwp,524,1,E2.1,E2.1-R0,False,subwp,524,05,9,676393808,exito,,512.8,0,0,"[0.0, -25.024292665911528]"
4870,goal_487,10,exito,16025,2548.76,05,subwp,524,1,E2.1,E2.1-R0,False,subwp,524,05,10,1463899182,exito,,512.8,0,0,"[0.0, 15.244671100127157]"
4871,goal_488,1,col_return,11011,1563.83,05,subwp,524,1,E2.1,E2.1-R0,False,subwp,524,05,1,659099989,col_return,return,352.352,0,0,"[0.0, -23.8678864459173]"
4872,goal_488,2,exito,16315,2589.39,05,subwp,524,1,E2.1,E2.1-R0,False,subwp,524,05,2,3191881967,exito,,522.08,0,0,"[0.0, -9.776293285048949]"
4873,goal_488,3,exito,16325,2596.66,05,subwp,524,1,E2.1,E2.1-R0,False,subwp,524,05,3,3376902265,exito,,522.4,0,0,"[0.0, -23.937112959242363]"
4874,goal_488,4,exito,16325,2597.72,05,subwp,524,1,E2.1,E2.1-R0,False,subwp,524,05,4,1461970394,exito,,522.4,0,0,"[0.0, -8.313234629739801]"
4875,goal_488,5,col_return,11027,1560.12,05,subwp,524,1,E2.1,E2.1-R0,False,subwp,524,05,5,539284812,col_return,return,352.864,0,0,"[0.0, 29.936170182363927]"
4876,goal_488,6,exito,16315,2589.56,05,subwp,524,1,E2.1,E2.1-R0,False,subwp,524,05,6,3106768118,exito,,522.08,0,0,"[0.0, 23.760469384464937]"
4877,goal_488,7,exito,16325,2596.62,05,subwp,524,1,E2.1,E2.1-R0,False,subwp,524,05,7,3458905184,exito,,522.4,0,0,"[0.0, 1.6867609196841826]"
4878,goal_488,8,exito,16325,2597.75,05,subwp,524,1,E2.1,E2.1-R0,False,subwp,524,05,8,1586866673,exito,,522.4,0,0,"[0.0, 27.48842559955291]"
4879,goal_488,9,col_return,11022,1566.47,05,subwp,524,1,E2.1,E2.1-R0,False,subwp,524,05,9,697473383,col_return,return,352.704,0,0,"[0.0, 19.980773214973844]"
4880,goal_488,10,exito,16315,2589.87,05,subwp,524,1,E2.1,E2.1-R0,False,subwp,524,05,10,4026348363,exito,,522.08,0,0,"[0.0, -22.02974465619111]"
4881,goal_489,1,exito,16301,2588.25,05,subwp,524,1,E2.1,E2.1-R0,False,subwp,524,05,1,739595880,exito,,521.632,0,0,"[0.0, 7.640286923841471]"
4882,goal_489,2,exito,16300,2589.48,05,subwp,524,1,E2.1,E2.1-R0,False,subwp,524,05,2,3038513106,exito,,521.6,0,0,"[0.0, -20.254559805301994]"
4883,goal_489,3,col_return,11042,1560.92,05,subwp,524,1,E2.1,E2.1-R0,False,subwp,524,05,3,3256563524,col_return,return,353.344,0,0,"[0.0, 6.89838061983772]"
4884,goal_489,4,exito,16291,2589.42,05,subwp,524,1,E2.1,E2.1-R0,False,subwp,524,05,4,1551868647,exito,,521.312,0,0,"[0.0, 15.997096325717074]"
4885,goal_489,5,exito,16300,2586.73,05,subwp,524,1,E2.1,E2.1-R0,False,subwp,524,05,5,729322097,exito,,521.6,0,0,"[0.0, -10.10952121323166]"
4886,goal_489,6,exito,16300,2589.47,05,subwp,524,1,E2.1,E2.1-R0,False,subwp,524,05,6,2993800139,exito,,521.6,0,0,"[0.0, 9.640004089269361]"
4887,goal_489,7,col_return,11070,1567.93,05,subwp,524,1,E2.1,E2.1-R0,False,subwp,524,05,7,3312907101,col_return,return,354.24,0,0,"[0.0, 7.42144189562143]"
4888,goal_489,8,exito,16291,2589.44,05,subwp,524,1,E2.1,E2.1-R0,False,subwp,524,05,8,1439297228,exito,,521.312,0,0,"[0.0, -11.2515907147864]"
4889,goal_489,9,exito,16302,2585.66,05,subwp,524,1,E2.1,E2.1-R0,False,subwp,524,05,9,583982682,exito,,521.664,0,0,"[0.0, -29.43083486533091]"
4890,goal_489,10,exito,16301,2589.68,05,subwp,524,1,E2.1,E2.1-R0,False,subwp,524,05,10,3080594205,exito,,521.632,0,0,"[0.0, -1.5160811735180468]"
4891,goal_490,1,col_return,11245,1601.9,05,subwp,524,1,E2.1,E2.1-R0,False,subwp,524,05,1,769080415,col_return,return,359.84,0,0,"[0.0, 15.28290109796143]"
4892,goal_490,2,exito,16607,2641.4,05,subwp,524,1,E2.1,E2.1-R0,False,subwp,524,05,2,3034476005,exito,,531.424,0,0,"[0.0, -20.369466738506752]"
4893,goal_490,3,exito,16618,2642.5,05,subwp,524,1,E2.1,E2.1-R0,False,subwp,524,05,3,3285802355,exito,,531.776,0,0,"[0.0, -18.359161304881322]"
4894,goal_490,4,col_return,11511,1638.63,05,subwp,524,1,E2.1,E2.1-R0,False,subwp,524,05,4,1572718800,col_return,return,368.352,0,0,"[0.0, 24.136440603362995]"
4895,goal_490,5,exito,16607,2642.22,05,subwp,524,1,E2.1,E2.1-R0,False,subwp,524,05,5,716896326,exito,,531.424,0,0,"[0.0, -4.424169441917143]"
4896,goal_490,6,exito,16618,2642.14,05,subwp,524,1,E2.1,E2.1-R0,False,subwp,524,05,6,3014896124,exito,,531.776,0,0,"[0.0, 4.156811937449623]"
4897,goal_490,7,col_return,11645,1652.4,05,subwp,524,1,E2.1,E2.1-R0,False,subwp,524,05,7,3300170090,col_return,return,372.64,0,0,"[0.0, -5.847869557561232]"
4898,goal_490,8,exito,16607,2642.11,05,subwp,524,1,E2.1,E2.1-R0,False,subwp,524,05,8,1410041083,exito,,531.424,0,0,"[0.0, -21.684627136281428]"
4899,goal_490,9,exito,16618,2640.73,05,subwp,524,1,E2.1,E2.1-R0,False,subwp,524,05,9,588035181,exito,,531.776,0,0,"[0.0, 14.871367711631278]"
4900,goal_490,10,exito,16618,2610.34,05,subwp,524,1,E2.1,E2.1-R0,False,subwp,524,05,10,253903992,exito,,531.776,0,0,"[0.0, -14.862726782558518]"
4901,goal_491,1,col_return,10871,1535.92,05,subwp,524,1,E2.1,E2.1-R0,False,subwp,524,05,1,2595905717,col_return,return,347.872,0,0,"[0.0, 11.229859212123852]"
4902,goal_491,2,exito,16559,2623.54,05,subwp,524,1,E2.1,E2.1-R0,False,subwp,524,05,2,62075151,exito,,529.888,0,0,"[0.0, 9.573068614699434]"
4903,goal_491,3,exito,16570,2600.75,05,subwp,524,1,E2.1,E2.1-R0,False,subwp,524,05,3,1957953945,exito,,530.24,0,0,"[0.0, -10.038780601795668]"
4904,goal_491,4,col_return,11369,1611.53,05,subwp,524,1,E2.1,E2.1-R0,False,subwp,524,05,4,3939537978,col_return,return,363.808,0,0,"[0.0, 1.7948730020286163]"
4905,goal_491,5,exito,16560,2627.95,05,subwp,524,1,E2.1,E2.1-R0,False,subwp,524,05,5,2648155308,exito,,529.92,0,0,"[0.0, 12.745620058623375]"
4906,goal_491,6,exito,16570,2628.17,05,subwp,524,1,E2.1,E2.1-R0,False,subwp,524,05,6,81720598,exito,,530.24,0,0,"[0.0, 13.185650388773704]"
4907,goal_491,7,col_return,11653,1632.63,05,subwp,524,1,E2.1,E2.1-R0,False,subwp,524,05,7,1943651712,col_return,return,372.896,0,0,"[0.0, 3.478813924707602]"
4908,goal_491,8,exito,16559,2627.82,05,subwp,524,1,E2.1,E2.1-R0,False,subwp,524,05,8,3815168017,exito,,529.888,0,0,"[0.0, 22.917291833489887]"
4909,goal_491,9,exito,16570,2625.13,05,subwp,524,1,E2.1,E2.1-R0,False,subwp,524,05,9,2489444487,exito,,530.24,0,0,"[0.0, -18.58856039522399]"
4910,goal_491,10,exito,16570,2614.51,05,subwp,524,1,E2.1,E2.1-R0,False,subwp,524,05,10,1330258498,exito,,530.24,0,0,"[0.0, 23.657524067300916]"
4911,goal_492,1,col_return,11089,1578.3,05,subwp,524,1,E2.1,E2.1-R0,False,subwp,524,05,1,2608335490,col_return,return,354.848,0,0,"[0.0, 7.235389315936271]"
4912,goal_492,2,exito,16862,2672.53,05,subwp,524,1,E2.1,E2.1-R0,False,subwp,524,05,2,40983352,exito,,539.584,0,0,"[0.0, -22.96742145877787]"
4913,goal_492,3,exito,16872,2676.9,05,subwp,524,1,E2.1,E2.1-R0,False,subwp,524,05,3,1970695086,exito,,539.904,0,0,"[0.0, 9.569710594144619]"
4914,goal_492,4,col_return,11175,1591.09,05,subwp,524,1,E2.1,E2.1-R0,False,subwp,524,05,4,3943890445,col_return,return,357.6,0,0,"[0.0, 10.119397399385697]"
4915,goal_492,5,exito,16862,2676.84,05,subwp,524,1,E2.1,E2.1-R0,False,subwp,524,05,5,2618674843,exito,,539.584,0,0,"[0.0, -20.444752685935633]"
4916,goal_492,6,exito,16873,2670.56,05,subwp,524,1,E2.1,E2.1-R0,False,subwp,524,05,6,85761825,exito,,539.936,0,0,"[0.0, -20.983756773925172]"
4917,goal_492,7,col_return,11219,1599.57,05,subwp,524,1,E2.1,E2.1-R0,False,subwp,524,05,7,1914417079,col_return,return,359.008,0,0,"[0.0, 9.267207290598044]"
4918,goal_492,8,exito,16862,2678.07,05,subwp,524,1,E2.1,E2.1-R0,False,subwp,524,05,8,3802444326,exito,,539.584,0,0,"[0.0, 1.441010942853711]"
4919,goal_492,9,exito,16873,2659.14,05,subwp,524,1,E2.1,E2.1-R0,False,subwp,524,05,9,2510521008,exito,,539.936,0,0,"[0.0, -23.098824851344382]"
4920,goal_492,10,col_return,11237,1599.9,05,subwp,524,1,E2.1,E2.1-R0,False,subwp,524,05,10,4160111911,col_return,return,359.584,0,0,"[0.0, -19.961088896084988]"
