episodio,goal_id,rep,resultado,pasos,reward,warehouse_id,metodo,seed,peaton,policy_stage,evaluation_variant,dynamic_replanning,architecture,model_seed,warehouse,repetition,episode_seed,result,collision_phase,simulated_time,replan_attempts,replan_successes,pedestrian_initial_position
1,goal_001,1,col_exit,2457,184.81,02,subwp,123,1,E2.1,E2.1-R0,False,subwp,123,02,1,4206466989,col_exit,exit,78.624,0,0,"[-6.6, -13.288806050211319]"
2,goal_001,2,col_exit,2872,256.91,02,subwp,123,1,E2.1,E2.1-R0,False,subwp,123,02,2,1672529431,col_exit,exit,91.904,0,0,"[-6.6, -9.804995492636445]"
3,goal_001,3,col_exit,3115,279.44,02,subwp,123,1,E2.1,E2.1-R0,False,subwp,123,02,3,347600513,col_exit,exit,99.68,0,0,"[-6.6, 2.9250294706324027]"
4,goal_001,4,col_exit,3244,45.66,02,subwp,123,1,E2.1,E2.1-R0,False,subwp,123,02,4,2329109282,col_exit,exit,103.808,0,0,"[-6.6, 12.86308621258538]"
5,goal_001,5,col_exit,1582,75.74,02,subwp,123,1,E2.1,E2.1-R0,False,subwp,123,02,5,4258550708,col_exit,exit,50.624,0,0,"[-6.6, -10.807134871322054]"
6,goal_001,6,col_exit,2438,202.21,02,subwp,123,1,E2.1,E2.1-R0,False,subwp,123,02,6,1692205582,col_exit,exit,78.016,0,0,"[-6.6, 5.685113305789184]"
7,goal_001,7,col_exit,2907,250.02,02,subwp,123,1,E2.1,E2.1-R0,False,subwp,123,02,7,333066904,col_exit,exit,93.024,0,0,"[-6.6, 10.857904168370222]"
8,goal_001,8,col_exit,3117,280.52,02,subwp,123,1,E2.1,E2.1-R0,False,subwp,123,02,8,2204446473,col_exit,exit,99.744,0,0,"[-6.6, 0.548414813541331]"
9,goal_001,9,col_exit,3254,57.13,02,subwp,123,1,E2.1,E2.1-R0,False,subwp,123,02,9,4100071327,col_exit,exit,104.128,0,0,"[-6.6, -0.15157551138759823]"
10,goal_001,10,col_exit,1645,47.95,02,subwp,123,1,E2.1,E2.1-R0,False,subwp,123,02,10,1548138979,col_exit,exit,52.64,0,0,"[-6.6, -7.976787910142123]"
11,goal_002,1,col_exit,2403,190.04,02,subwp,123,1,E2.1,E2.1-R0,False,subwp,123,02,1,4219207066,col_exit,exit,76.896,0,0,"[-6.6, 4.516735590538719]"
12,goal_002,2,col_exit,2865,252.74,02,subwp,123,1,E2.1,E2.1-R0,False,subwp,123,02,2,1651682336,col_exit,exit,91.68,0,0,"[-6.6, -10.930851927958457]"
13,goal_002,3,col_exit,3097,273.33,02,subwp,123,1,E2.1,E2.1-R0,False,subwp,123,02,3,360029366,col_exit,exit,99.104,0,0,"[-6.6, -1.04723451434348]"
14,goal_002,4,col_exit,1614,38.7,02,subwp,123,1,E2.1,E2.1-R0,False,subwp,123,02,4,2333149461,col_exit,exit,51.648,0,0,"[-6.6, 6.685028270560683]"
15,goal_002,5,col_exit,2396,190.26,02,subwp,123,1,E2.1,E2.1-R0,False,subwp,123,02,5,4229314947,col_exit,exit,76.672,0,0,"[-6.6, 1.7492454276635898]"
16,goal_002,6,col_exit,2861,253.46,02,subwp,123,1,E2.1,E2.1-R0,False,subwp,123,02,6,1696557113,col_exit,exit,91.552,0,0,"[-6.6, -8.50584227405461]"
17,goal_002,7,col_exit,3102,269.84,02,subwp,123,1,E2.1,E2.1-R0,False,subwp,123,02,7,303585455,col_exit,exit,99.264,0,0,"[-6.6, 4.87360094210328]"
18,goal_002,8,col_exit,1548,69.95,02,subwp,123,1,E2.1,E2.1-R0,False,subwp,123,02,8,2192000318,col_exit,exit,49.536,0,0,"[-6.6, 11.366717986503108]"
19,goal_002,9,col_exit,2439,189.44,02,subwp,123,1,E2.1,E2.1-R0,False,subwp,123,02,9,4120933800,col_exit,exit,78.048,0,0,"[-6.6, -11.84666589527444]"
20,goal_002,10,col_exit,2869,256.5,02,subwp,123,1,E2.1,E2.1-R0,False,subwp,123,02,10,3841646214,col_exit,exit,91.808,0,0,"[-6.6, -10.054266628299718]"
21,goal_003,1,exito,5732,992.2,02,subwp,123,1,E2.1,E2.1-R0,False,subwp,123,02,1,4181541827,exito,,183.424,0,0,"[-6.6, 9.855213805777778]"
22,goal_003,2,exito,5730,998.63,02,subwp,123,1,E2.1,E2.1-R0,False,subwp,123,02,2,1614025337,exito,,183.36,0,0,"[-6.6, 10.661603336991693]"
23,goal_003,3,exito,5732,998.8,02,subwp,123,1,E2.1,E2.1-R0,False,subwp,123,02,3,389227247,exito,,183.424,0,0,"[-6.6, 2.017642693917112]"
24,goal_003,4,exito,5732,998.35,02,subwp,123,1,E2.1,E2.1-R0,False,subwp,123,02,4,2304227148,exito,,183.424,0,0,"[-6.6, 4.075040175601167]"
25,goal_003,5,exito,5730,992.17,02,subwp,123,1,E2.1,E2.1-R0,False,subwp,123,02,5,4266690522,exito,,183.36,0,0,"[-6.6, -6.1726126274510165]"
26,goal_003,6,exito,5732,998.79,02,subwp,123,1,E2.1,E2.1-R0,False,subwp,123,02,6,1733940832,exito,,183.424,0,0,"[-6.6, -12.685155721647373]"
27,goal_003,7,exito,5732,998.86,02,subwp,123,1,E2.1,E2.1-R0,False,subwp,123,02,7,274654966,exito,,183.424,0,0,"[-6.6, -7.137782761827696]"
28,goal_003,8,exito,5730,998.63,02,subwp,123,1,E2.1,E2.1-R0,False,subwp,123,02,8,2162293607,exito,,183.36,0,0,"[-6.6, -2.425660885503489]"
29,goal_003,9,exito,5732,998.8,02,subwp,123,1,E2.1,E2.1-R0,False,subwp,123,02,9,4159097841,exito,,183.424,0,0,"[-6.6, -1.3871121292376118]"
30,goal_003,10,exito,5730,998.63,02,subwp,123,1,E2.1,E2.1-R0,False,subwp,123,02,10,4132401512,exito,,183.36,0,0,"[-6.6, -8.79026627363164]"
31,goal_004,1,exito,5660,976.76,02,subwp,123,1,E2.1,E2.1-R0,False,subwp,123,02,1,4177471988,exito,,181.12,0,0,"[-6.6, -1.631202208410498]"
32,goal_004,2,exito,5661,968.39,02,subwp,123,1,E2.1,E2.1-R0,False,subwp,123,02,2,1643542606,exito,,181.152,0,0,"[-6.6, 5.165565941226883]"
33,goal_004,3,exito,5660,991.22,02,subwp,123,1,E2.1,E2.1-R0,False,subwp,123,02,3,384911576,exito,,181.12,0,0,"[-6.6, -0.17569768713809353]"
34,goal_004,4,exito,5660,991.22,02,subwp,123,1,E2.1,E2.1-R0,False,subwp,123,02,4,2291522939,exito,,181.12,0,0,"[-6.6, 4.005485905839456]"
35,goal_004,5,exito,5660,990.05,02,subwp,123,1,E2.1,E2.1-R0,False,subwp,123,02,5,4287819245,exito,,181.12,0,0,"[-6.6, -0.41414030866921736]"
36,goal_004,6,exito,5660,991.21,02,subwp,123,1,E2.1,E2.1-R0,False,subwp,123,02,6,1721482327,exito,,181.12,0,0,"[-6.6, 0.06056847236186698]"
37,goal_004,7,exito,5660,991.22,02,subwp,123,1,E2.1,E2.1-R0,False,subwp,123,02,7,295472321,exito,,181.12,0,0,"[-6.6, 3.0743037605467665]"
38,goal_004,8,exito,5661,991.17,02,subwp,123,1,E2.1,E2.1-R0,False,subwp,123,02,8,2166591824,exito,,181.152,0,0,"[-6.6, -9.205088453146425]"
39,goal_004,9,exito,5660,991.22,02,subwp,123,1,E2.1,E2.1-R0,False,subwp,123,02,9,4129595846,exito,,181.12,0,0,"[-6.6, 9.693589222607065]"
40,goal_004,10,exito,5660,991.22,02,subwp,123,1,E2.1,E2.1-R0,False,subwp,123,02,10,1324553741,exito,,181.12,0,0,"[-6.6, -11.458927978104628]"
41,goal_005,1,exito,5641,968.47,02,subwp,123,1,E2.1,E2.1-R0,False,subwp,123,02,1,4256186225,exito,,180.512,0,0,"[-6.6, 11.113823625393291]"
42,goal_005,2,col_exit,3127,278.27,02,subwp,123,1,E2.1,E2.1-R0,False,subwp,123,02,2,1689874123,col_exit,exit,100.064,0,0,"[-6.6, -10.76987123762292]"
43,goal_005,3,exito,5640,986.97,02,subwp,123,1,E2.1,E2.1-R0,False,subwp,123,02,3,331243101,exito,,180.48,0,0,"[-6.6, -1.7661827439693953]"
44,goal_005,4,exito,5638,989.38,02,subwp,123,1,E2.1,E2.1-R0,False,subwp,123,02,4,2379926526,exito,,180.416,0,0,"[-6.6, 11.59659325171698]"
45,goal_005,5,exito,5639,984.34,02,subwp,123,1,E2.1,E2.1-R0,False,subwp,123,02,5,4208851816,exito,,180.448,0,0,"[-6.6, 4.676176930562161]"
46,goal_005,6,exito,5641,959.56,02,subwp,123,1,E2.1,E2.1-R0,False,subwp,123,02,6,1674881746,exito,,180.512,0,0,"[-6.6, -12.73382824932549]"
47,goal_005,7,exito,5639,989.23,02,subwp,123,1,E2.1,E2.1-R0,False,subwp,123,02,7,349411908,exito,,180.448,0,0,"[-6.6, 6.377713168583831]"
48,goal_005,8,exito,5639,989.2,02,subwp,123,1,E2.1,E2.1-R0,False,subwp,123,02,8,2221705173,exito,,180.448,0,0,"[-6.6, 0.7516907047169494]"
49,goal_005,9,exito,5638,989.37,02,subwp,123,1,E2.1,E2.1-R0,False,subwp,123,02,9,4083922755,exito,,180.416,0,0,"[-6.6, -7.9683675507501475]"
50,goal_005,10,exito,5639,989.25,02,subwp,123,1,E2.1,E2.1-R0,False,subwp,123,02,10,3542363828,exito,,180.448,0,0,"[-6.6, -9.857262996970006]"
51,goal_006,1,exito,5641,990.26,02,subwp,123,1,E2.1,E2.1-R0,False,subwp,123,02,1,4235351366,exito,,180.512,0,0,"[-6.6, 11.579440788788913]"
52,goal_006,2,exito,5640,988.4,02,subwp,123,1,E2.1,E2.1-R0,False,subwp,123,02,2,1702561020,exito,,180.48,0,0,"[-6.6, 5.642043108967087]"
53,goal_006,3,exito,5641,990.24,02,subwp,123,1,E2.1,E2.1-R0,False,subwp,123,02,3,310129770,exito,,180.512,0,0,"[-6.6, 3.218432385287487]"
54,goal_006,4,exito,5641,990.29,02,subwp,123,1,E2.1,E2.1-R0,False,subwp,123,02,4,2350424521,exito,,180.512,0,0,"[-6.6, -7.2907717176664395]"
55,goal_006,5,exito,5639,967.85,02,subwp,123,1,E2.1,E2.1-R0,False,subwp,123,02,5,4213150047,exito,,180.448,0,0,"[-6.6, 3.8635347951715477]"
56,goal_006,6,exito,5641,959.08,02,subwp,123,1,E2.1,E2.1-R0,False,subwp,123,02,6,1645658341,exito,,180.512,0,0,"[-6.6, -11.869448711498041]"
57,goal_006,7,exito,5641,990.24,02,subwp,123,1,E2.1,E2.1-R0,False,subwp,123,02,7,353497203,exito,,180.512,0,0,"[-6.6, -13.186816773099443]"
58,goal_006,8,exito,5642,990.23,02,subwp,123,1,E2.1,E2.1-R0,False,subwp,123,02,8,2242833890,exito,,180.544,0,0,"[-6.6, 3.0501745755460115]"
59,goal_006,9,exito,5639,988.09,02,subwp,123,1,E2.1,E2.1-R0,False,subwp,123,02,9,4071218548,exito,,180.448,0,0,"[-6.6, 0.21943217412643667]"
60,goal_006,10,exito,5640,990.08,02,subwp,123,1,E2.1,E2.1-R0,False,subwp,123,02,10,1805142481,exito,,180.48,0,0,"[-6.6, 9.571501933345676]"
61,goal_007,1,exito,5636,992.05,02,subwp,123,1,E2.1,E2.1-R0,False,subwp,123,02,1,4264880927,exito,,180.352,0,0,"[-6.6, -5.352853527239558]"
62,goal_007,2,exito,5636,992.09,02,subwp,123,1,E2.1,E2.1-R0,False,subwp,123,02,2,1732098725,exito,,180.352,0,0,"[-6.6, -5.1153136817705]"
63,goal_007,3,exito,5636,992.03,02,subwp,123,1,E2.1,E2.1-R0,False,subwp,123,02,3,272271923,exito,,180.352,0,0,"[-6.6, -6.865345781347139]"
64,goal_007,4,exito,5636,992.12,02,subwp,123,1,E2.1,E2.1-R0,False,subwp,123,02,4,2388533136,exito,,180.352,0,0,"[-6.6, 0.9529371430373202]"
65,goal_007,5,exito,5636,973.14,02,subwp,123,1,E2.1,E2.1-R0,False,subwp,123,02,5,4183371526,exito,,180.352,0,0,"[-6.6, 6.5481631806324945]"
66,goal_007,6,exito,5636,988.3,02,subwp,123,1,E2.1,E2.1-R0,False,subwp,123,02,6,1615888060,exito,,180.352,0,0,"[-6.6, -4.340065491558785]"
67,goal_007,7,exito,5637,992.09,02,subwp,123,1,E2.1,E2.1-R0,False,subwp,123,02,7,391597610,exito,,180.384,0,0,"[-6.6, 7.8306769397672085]"
68,goal_007,8,exito,5636,989.7,02,subwp,123,1,E2.1,E2.1-R0,False,subwp,123,02,8,2280149947,exito,,180.352,0,0,"[-6.6, 1.1581330204760796]"
69,goal_007,9,exito,5639,970.21,02,subwp,123,1,E2.1,E2.1-R0,False,subwp,123,02,9,4042220333,exito,,180.448,0,0,"[-6.6, -7.714053730487693]"
70,goal_007,10,exito,5636,992.02,02,subwp,123,1,E2.1,E2.1-R0,False,subwp,123,02,10,2033051199,exito,,180.352,0,0,"[-6.6, -4.3048086496151425]"
71,goal_008,1,exito,5633,990.82,02,subwp,123,1,E2.1,E2.1-R0,False,subwp,123,02,1,4294345000,exito,,180.256,0,0,"[-6.6, 11.763920922417572]"
72,goal_008,2,exito,5633,990.78,02,subwp,123,1,E2.1,E2.1-R0,False,subwp,123,02,2,1728041106,exito,,180.256,0,0,"[-6.6, 11.974394114776349]"
73,goal_008,3,exito,5632,990.73,02,subwp,123,1,E2.1,E2.1-R0,False,subwp,123,02,3,301522948,exito,,180.224,0,0,"[-6.6, 0.4564984105474866]"
74,goal_008,4,exito,5633,990.76,02,subwp,123,1,E2.1,E2.1-R0,False,subwp,123,02,4,2409395623,exito,,180.256,0,0,"[-6.6, -7.930010192149585]"
75,goal_008,5,exito,5632,989.0,02,subwp,123,1,E2.1,E2.1-R0,False,subwp,123,02,5,4170925361,exito,,180.224,0,0,"[-6.6, 9.704344347115116]"
76,goal_008,6,exito,5632,990.71,02,subwp,123,1,E2.1,E2.1-R0,False,subwp,123,02,6,1636963467,exito,,180.224,0,0,"[-6.6, 12.904090835819392]"
77,goal_008,7,exito,5632,990.71,02,subwp,123,1,E2.1,E2.1-R0,False,subwp,123,02,7,378872861,exito,,180.224,0,0,"[-6.6, -4.025739085775419]"
78,goal_008,8,exito,5632,964.27,02,subwp,123,1,E2.1,E2.1-R0,False,subwp,123,02,8,2250914188,exito,,180.224,0,0,"[-6.6, -7.81816985070778]"
79,goal_008,9,exito,5633,969.28,02,subwp,123,1,E2.1,E2.1-R0,False,subwp,123,02,9,4046260506,exito,,180.256,0,0,"[-6.6, -10.584885522842745]"
80,goal_008,10,exito,5632,990.56,02,subwp,123,1,E2.1,E2.1-R0,False,subwp,123,02,10,3247538522,exito,,180.224,0,0,"[-6.6, -7.657574555671438]"
81,goal_009,1,exito,5630,991.64,02,subwp,123,1,E2.1,E2.1-R0,False,subwp,123,02,1,4104832533,exito,,180.16,0,0,"[-6.6, -7.164342243611092]"
82,goal_009,2,exito,5630,985.8,02,subwp,123,1,E2.1,E2.1-R0,False,subwp,123,02,2,1839437743,exito,,180.16,0,0,"[-6.6, -9.358607083562143]"
83,goal_009,3,exito,5630,991.68,02,subwp,123,1,E2.1,E2.1-R0,False,subwp,123,02,3,446998329,exito,,180.16,0,0,"[-6.6, -4.935453459347124]"
84,goal_009,4,exito,5630,991.69,02,subwp,123,1,E2.1,E2.1-R0,False,subwp,123,02,4,2227188378,exito,,180.16,0,0,"[-6.6, 0.8058243338254306]"
85,goal_009,5,exito,5629,991.65,02,subwp,123,1,E2.1,E2.1-R0,False,subwp,123,02,5,4089905676,exito,,180.128,0,0,"[-6.6, -1.3145646759686633]"
86,goal_009,6,exito,5629,991.65,02,subwp,123,1,E2.1,E2.1-R0,False,subwp,123,02,6,1791906742,exito,,180.128,0,0,"[-6.6, 10.837379345242534]"
87,goal_009,7,exito,5629,991.62,02,subwp,123,1,E2.1,E2.1-R0,False,subwp,123,02,7,499737376,exito,,180.128,0,0,"[-6.6, -9.862202564898539]"
88,goal_009,8,exito,5629,986.82,02,subwp,123,1,E2.1,E2.1-R0,False,subwp,123,02,8,2373353137,exito,,180.128,0,0,"[-6.6, 11.574682650848903]"
89,goal_009,9,exito,5629,991.62,02,subwp,123,1,E2.1,E2.1-R0,False,subwp,123,02,9,4201729575,exito,,180.128,0,0,"[-6.6, 0.5643212129048182]"
90,goal_009,10,exito,5629,991.65,02,subwp,123,1,E2.1,E2.1-R0,False,subwp,123,02,10,2582810892,exito,,180.128,0,0,"[-6.6, -5.594182153440759]"
91,goal_010,1,exito,5639,975.45,02,subwp,123,1,E2.1,E2.1-R0,False,subwp,123,02,1,4117277730,exito,,180.448,0,0,"[-6.6, 8.887914748468175]"
92,goal_010,2,col_exit,3106,278.9,02,subwp,123,1,E2.1,E2.1-R0,False,subwp,123,02,2,1818361240,col_exit,exit,99.392,0,0,"[-6.6, -7.848458492258127]"
93,goal_010,3,exito,5640,988.3,02,subwp,123,1,E2.1,E2.1-R0,False,subwp,123,02,3,459721998,exito,,180.48,0,0,"[-6.6, -9.984370166744572]"
94,goal_010,4,exito,5639,990.29,02,subwp,123,1,E2.1,E2.1-R0,False,subwp,123,02,4,2231523501,exito,,180.448,0,0,"[-6.6, 13.179303136921831]"
95,goal_010,5,exito,5639,985.51,02,subwp,123,1,E2.1,E2.1-R0,False,subwp,123,02,5,4060440635,exito,,180.448,0,0,"[-6.6, 3.7508619168924766]"
96,goal_010,6,exito,5640,959.33,02,subwp,123,1,E2.1,E2.1-R0,False,subwp,123,02,6,1795963265,exito,,180.48,0,0,"[-6.6, 9.295605006784204]"
97,goal_010,7,exito,5639,990.43,02,subwp,123,1,E2.1,E2.1-R0,False,subwp,123,02,7,470485271,exito,,180.448,0,0,"[-6.6, 6.9665883800708714]"
98,goal_010,8,exito,5639,990.36,02,subwp,123,1,E2.1,E2.1-R0,False,subwp,123,02,8,2360611974,exito,,180.448,0,0,"[-6.6, -12.724611200127262]"
99,goal_010,9,exito,5639,990.27,02,subwp,123,1,E2.1,E2.1-R0,False,subwp,123,02,9,4222821392,exito,,180.448,0,0,"[-6.6, -2.3533780281303733]"
100,goal_010,10,exito,5639,990.33,02,subwp,123,1,E2.1,E2.1-R0,False,subwp,123,02,10,558823017,exito,,180.448,0,0,"[-6.6, -6.8302776828920795]"
101,goal_011,1,exito,5634,991.91,02,subwp,123,1,E2.1,E2.1-R0,False,subwp,123,02,1,2947197948,exito,,180.288,0,0,"[-6.6, -8.206783866889573]"
102,goal_011,2,exito,5633,990.74,02,subwp,123,1,E2.1,E2.1-R0,False,subwp,123,02,2,916716102,exito,,180.256,0,0,"[-6.6, 8.950156989367406]"
103,goal_011,3,exito,5633,991.96,02,subwp,123,1,E2.1,E2.1-R0,False,subwp,123,02,3,1101318864,exito,,180.256,0,0,"[-6.6, -7.95775513318136]"
104,goal_011,4,exito,5633,991.95,02,subwp,123,1,E2.1,E2.1-R0,False,subwp,123,02,4,3753926515,exito,,180.256,0,0,"[-6.6, 1.249436731265365]"
105,goal_011,5,exito,5633,962.91,02,subwp,123,1,E2.1,E2.1-R0,False,subwp,123,02,5,2831642597,exito,,180.256,0,0,"[-6.6, -8.799352030578364]"
106,goal_011,6,exito,5633,975.15,02,subwp,123,1,E2.1,E2.1-R0,False,subwp,123,02,6,835599967,exito,,180.256,0,0,"[-6.6, -7.563401628467601]"
107,goal_011,7,exito,5633,991.94,02,subwp,123,1,E2.1,E2.1-R0,False,subwp,123,02,7,1187581641,exito,,180.256,0,0,"[-6.6, -4.977245266658528]"
108,goal_011,8,exito,5634,991.9,02,subwp,123,1,E2.1,E2.1-R0,False,subwp,123,02,8,3598062424,exito,,180.288,0,0,"[-6.6, -6.29543529757296]"
109,goal_011,9,exito,5633,985.24,02,subwp,123,1,E2.1,E2.1-R0,False,subwp,123,02,9,2708546510,exito,,180.256,0,0,"[-6.6, 9.20901036628352]"
110,goal_011,10,exito,5633,991.91,02,subwp,123,1,E2.1,E2.1-R0,False,subwp,123,02,10,1082117053,exito,,180.256,0,0,"[-6.6, -12.95867426863301]"
111,goal_012,1,exito,5639,988.6,02,subwp,123,1,E2.1,E2.1-R0,False,subwp,123,02,1,2926100939,exito,,180.448,0,0,"[-6.6, 7.42933210209426]"
112,goal_012,2,exito,5640,988.65,02,subwp,123,1,E2.1,E2.1-R0,False,subwp,123,02,2,929140849,exito,,180.48,0,0,"[-6.6, -13.012983510600526]"
113,goal_012,3,exito,5640,988.63,02,subwp,123,1,E2.1,E2.1-R0,False,subwp,123,02,3,1080467687,exito,,180.48,0,0,"[-6.6, -8.932045581187326]"
114,goal_012,4,exito,5639,988.62,02,subwp,123,1,E2.1,E2.1-R0,False,subwp,123,02,4,3724686660,exito,,180.448,0,0,"[-6.6, 10.984997867626618]"
115,goal_012,5,exito,5639,980.05,02,subwp,123,1,E2.1,E2.1-R0,False,subwp,123,02,5,2835678674,exito,,180.448,0,0,"[-6.6, -4.291041712931185]"
116,goal_012,6,exito,5640,987.21,02,subwp,123,1,E2.1,E2.1-R0,False,subwp,123,02,6,806114408,exito,,180.48,0,0,"[-6.6, 1.5962919633073693]"
117,goal_012,7,exito,5639,988.65,02,subwp,123,1,E2.1,E2.1-R0,False,subwp,123,02,7,1191929086,exito,,180.448,0,0,"[-6.6, -5.860939138021669]"
118,goal_012,8,exito,5640,982.97,02,subwp,123,1,E2.1,E2.1-R0,False,subwp,123,02,8,3618929007,exito,,180.48,0,0,"[-6.6, -3.1586384605472144]"
119,goal_012,9,exito,5645,952.77,02,subwp,123,1,E2.1,E2.1-R0,False,subwp,123,02,9,2696104441,exito,,180.64,0,0,"[-6.6, -10.402854062478273]"
120,goal_012,10,exito,5640,988.65,02,subwp,123,1,E2.1,E2.1-R0,False,subwp,123,02,10,4173573336,exito,,180.48,0,0,"[-6.6, -2.0742310342834225]"
121,goal_013,1,exito,5632,991.22,02,subwp,123,1,E2.1,E2.1-R0,False,subwp,123,02,1,2888728466,exito,,180.224,0,0,"[-6.6, 10.832120874627568]"
122,goal_013,2,exito,5632,991.22,02,subwp,123,1,E2.1,E2.1-R0,False,subwp,123,02,2,891760168,exito,,180.224,0,0,"[-6.6, 1.9526715148986618]"
123,goal_013,3,exito,5632,991.23,02,subwp,123,1,E2.1,E2.1-R0,False,subwp,123,02,3,1109401278,exito,,180.224,0,0,"[-6.6, -2.8945455247350877]"
124,goal_013,4,exito,5632,991.22,02,subwp,123,1,E2.1,E2.1-R0,False,subwp,123,02,4,3695479581,exito,,180.224,0,0,"[-6.6, 1.757775827903488]"
125,goal_013,5,exito,5632,990.65,02,subwp,123,1,E2.1,E2.1-R0,False,subwp,123,02,5,2873342859,exito,,180.224,0,0,"[-6.6, 9.801529815865534]"
126,goal_013,6,exito,5632,991.27,02,subwp,123,1,E2.1,E2.1-R0,False,subwp,123,02,6,843770417,exito,,180.224,0,0,"[-6.6, 6.146255698046189]"
127,goal_013,7,exito,5632,991.22,02,subwp,123,1,E2.1,E2.1-R0,False,subwp,123,02,7,1162730151,exito,,180.224,0,0,"[-6.6, -8.547141506302417]"
128,goal_013,8,exito,5632,960.72,02,subwp,123,1,E2.1,E2.1-R0,False,subwp,123,02,8,3589457718,exito,,180.224,0,0,"[-6.6, -6.92383002244297]"
129,goal_013,9,exito,5632,980.54,02,subwp,123,1,E2.1,E2.1-R0,False,subwp,123,02,9,2734028704,exito,,180.224,0,0,"[-6.6, -3.4886406576223794]"
130,goal_013,10,exito,5632,991.21,02,subwp,123,1,E2.1,E2.1-R0,False,subwp,123,02,10,3933602614,exito,,180.224,0,0,"[-6.6, 12.292523945388567]"
131,goal_014,1,exito,5641,987.22,02,subwp,123,1,E2.1,E2.1-R0,False,subwp,123,02,1,2917930405,exito,,180.512,0,0,"[-6.6, 0.9730124875918433]"
132,goal_014,2,exito,5641,980.46,02,subwp,123,1,E2.1,E2.1-R0,False,subwp,123,02,2,887440415,exito,,180.512,0,0,"[-6.6, 1.9090144262378066]"
133,goal_014,3,exito,5641,988.06,02,subwp,123,1,E2.1,E2.1-R0,False,subwp,123,02,3,1138914441,exito,,180.512,0,0,"[-6.6, 0.7897078028032953]"
134,goal_014,4,exito,5641,988.08,02,subwp,123,1,E2.1,E2.1-R0,False,subwp,123,02,4,3716604202,exito,,180.512,0,0,"[-6.6, 7.609615297822573]"
135,goal_014,5,exito,5641,988.13,02,subwp,123,1,E2.1,E2.1-R0,False,subwp,123,02,5,2860634556,exito,,180.512,0,0,"[-6.6, 4.489896434227046]"
136,goal_014,6,exito,5641,988.05,02,subwp,123,1,E2.1,E2.1-R0,False,subwp,123,02,6,864583686,exito,,180.512,0,0,"[-6.6, 9.177061321579894]"
137,goal_014,7,exito,5641,988.08,02,subwp,123,1,E2.1,E2.1-R0,False,subwp,123,02,7,1150267536,exito,,180.512,0,0,"[-6.6, 11.483677032342314]"
138,goal_014,8,exito,5641,979.99,02,subwp,123,1,E2.1,E2.1-R0,False,subwp,123,02,8,3559959809,exito,,180.512,0,0,"[-6.6, -13.026176568040732]"
139,goal_014,9,exito,5641,986.52,02,subwp,123,1,E2.1,E2.1-R0,False,subwp,123,02,9,2738331031,exito,,180.512,0,0,"[-6.6, -0.8970212227371513]"
140,goal_014,10,exito,5641,988.06,02,subwp,123,1,E2.1,E2.1-R0,False,subwp,123,02,10,1388995667,exito,,180.512,0,0,"[-6.6, 10.64778093489831]"
141,goal_015,1,exito,5635,986.27,02,subwp,123,1,E2.1,E2.1-R0,False,subwp,123,02,1,2829255456,exito,,180.32,0,0,"[-6.6, 5.6614442574565755]"
142,goal_015,2,col_exit,3066,273.42,02,subwp,123,1,E2.1,E2.1-R0,False,subwp,123,02,2,833245850,col_exit,exit,98.112,0,0,"[-6.6, -2.693733548778707]"
143,goal_015,3,exito,5636,988.96,02,subwp,123,1,E2.1,E2.1-R0,False,subwp,123,02,3,1185767948,exito,,180.352,0,0,"[-6.6, -2.2619409538793978]"
144,goal_015,4,exito,5634,991.85,02,subwp,123,1,E2.1,E2.1-R0,False,subwp,123,02,4,3637114799,exito,,180.288,0,0,"[-6.6, 3.7052979091332783]"
145,goal_015,5,exito,5635,988.11,02,subwp,123,1,E2.1,E2.1-R0,False,subwp,123,02,5,2949564217,exito,,180.32,0,0,"[-6.6, 10.136459543950691]"
146,goal_015,6,exito,5635,962.8,02,subwp,123,1,E2.1,E2.1-R0,False,subwp,123,02,6,919049859,exito,,180.32,0,0,"[-6.6, 2.715067040227073]"
147,goal_015,7,exito,5634,991.89,02,subwp,123,1,E2.1,E2.1-R0,False,subwp,123,02,7,1103144469,exito,,180.288,0,0,"[-6.6, 3.631249007975123]"
148,goal_015,8,exito,5634,991.78,02,subwp,123,1,E2.1,E2.1-R0,False,subwp,123,02,8,3514809220,exito,,180.288,0,0,"[-6.6, 8.242175059606208]"
149,goal_015,9,exito,5634,991.91,02,subwp,123,1,E2.1,E2.1-R0,False,subwp,123,02,9,2792917778,exito,,180.288,0,0,"[-6.6, -4.442740442581741]"
150,goal_015,10,exito,5634,991.9,02,subwp,123,1,E2.1,E2.1-R0,False,subwp,123,02,10,3474808042,exito,,180.288,0,0,"[-6.6, 0.5555695135217602]"
151,goal_016,1,exito,5606,999.32,02,subwp,123,1,E2.1,E2.1-R0,False,subwp,123,02,1,2841733399,exito,,179.392,0,0,"[-6.6, 5.5587532968515685]"
152,goal_016,2,exito,5606,998.92,02,subwp,123,1,E2.1,E2.1-R0,False,subwp,123,02,2,812136621,exito,,179.392,0,0,"[-6.6, 3.4020045257877123]"
153,goal_016,3,exito,5606,999.31,02,subwp,123,1,E2.1,E2.1-R0,False,subwp,123,02,3,1198458939,exito,,179.392,0,0,"[-6.6, 1.9197567678593865]"
154,goal_016,4,exito,5606,999.32,02,subwp,123,1,E2.1,E2.1-R0,False,subwp,123,02,4,3641417112,exito,,179.392,0,0,"[-6.6, 1.454685241294893]"
155,goal_016,5,exito,5606,985.12,02,subwp,123,1,E2.1,E2.1-R0,False,subwp,123,02,5,2920066318,exito,,179.392,0,0,"[-6.6, -7.238904653855221]"
156,goal_016,6,exito,5606,998.91,02,subwp,123,1,E2.1,E2.1-R0,False,subwp,123,02,6,923139252,exito,,179.392,0,0,"[-6.6, 2.771794592487926]"
157,goal_016,7,exito,5606,999.31,02,subwp,123,1,E2.1,E2.1-R0,False,subwp,123,02,7,1073925154,exito,,179.392,0,0,"[-6.6, -10.079593478785918]"
158,goal_016,8,exito,5606,985.86,02,subwp,123,1,E2.1,E2.1-R0,False,subwp,123,02,8,3502100915,exito,,179.392,0,0,"[-6.6, -7.2644415313140245]"
159,goal_016,9,exito,5606,984.5,02,subwp,123,1,E2.1,E2.1-R0,False,subwp,123,02,9,2814042405,exito,,179.392,0,0,"[-6.6, 6.731803865902286]"
160,goal_016,10,exito,5606,999.27,02,subwp,123,1,E2.1,E2.1-R0,False,subwp,123,02,10,2007055247,exito,,179.392,0,0,"[-6.6, 10.913370948373663]"
161,goal_017,1,exito,5673,1006.91,02,subwp,123,1,E2.1,E2.1-R0,False,subwp,123,02,1,2871514958,exito,,181.536,0,0,"[-6.6, -5.731299195509065]"
162,goal_017,2,exito,5673,1006.8,02,subwp,123,1,E2.1,E2.1-R0,False,subwp,123,02,2,841910004,exito,,181.536,0,0,"[-6.6, 12.58980483957157]"
163,goal_017,3,exito,5674,1006.86,02,subwp,123,1,E2.1,E2.1-R0,False,subwp,123,02,3,1160361570,exito,,181.568,0,0,"[-6.6, 2.0462232136080947]"
164,goal_017,4,exito,5674,1006.83,02,subwp,123,1,E2.1,E2.1-R0,False,subwp,123,02,4,3679265729,exito,,181.568,0,0,"[-6.6, -4.709222049868782]"
165,goal_017,5,exito,5673,1006.29,02,subwp,123,1,E2.1,E2.1-R0,False,subwp,123,02,5,2890535767,exito,,181.536,0,0,"[-6.6, -8.675842850232847]"
166,goal_017,6,exito,5673,1006.86,02,subwp,123,1,E2.1,E2.1-R0,False,subwp,123,02,6,893600493,exito,,181.536,0,0,"[-6.6, -4.96049226048411]"
167,goal_017,7,exito,5673,1006.8,02,subwp,123,1,E2.1,E2.1-R0,False,subwp,123,02,7,1111782011,exito,,181.536,0,0,"[-6.6, 1.1283614486526465]"
168,goal_017,8,exito,5673,995.97,02,subwp,123,1,E2.1,E2.1-R0,False,subwp,123,02,8,3539693546,exito,,181.536,0,0,"[-6.6, -5.845106454013907]"
169,goal_017,9,exito,5673,1004.47,02,subwp,123,1,E2.1,E2.1-R0,False,subwp,123,02,9,2784780156,exito,,181.536,0,0,"[-6.6, 3.3387401990201218]"
170,goal_017,10,exito,5673,1006.85,02,subwp,123,1,E2.1,E2.1-R0,False,subwp,123,02,10,1695847521,exito,,181.536,0,0,"[-6.6, 9.393723554202497]"
171,goal_018,1,exito,5751,1016.92,02,subwp,123,1,E2.1,E2.1-R0,False,subwp,123,02,1,2867182969,exito,,184.032,0,0,"[-6.6, 13.114261193998315]"
172,goal_018,2,exito,5750,1016.93,02,subwp,123,1,E2.1,E2.1-R0,False,subwp,123,02,2,871165123,exito,,184.0,0,0,"[-6.6, 0.666994399503012]"
173,goal_018,3,exito,5751,1017.1,02,subwp,123,1,E2.1,E2.1-R0,False,subwp,123,02,3,1156308053,exito,,184.032,0,0,"[-6.6, -10.40960413201582]"
174,goal_018,4,exito,5750,1016.92,02,subwp,123,1,E2.1,E2.1-R0,False,subwp,123,02,4,3666823670,exito,,184.0,0,0,"[-6.6, 11.300113917586863]"
175,goal_018,5,exito,5750,1015.54,02,subwp,123,1,E2.1,E2.1-R0,False,subwp,123,02,5,2911402336,exito,,184.0,0,0,"[-6.6, -5.625352402097701]"
176,goal_018,6,exito,5751,1017.11,02,subwp,123,1,E2.1,E2.1-R0,False,subwp,123,02,6,880879834,exito,,184.032,0,0,"[-6.6, 2.682047980781132]"
177,goal_018,7,exito,5750,1016.92,02,subwp,123,1,E2.1,E2.1-R0,False,subwp,123,02,7,1132861516,exito,,184.0,0,0,"[-6.6, -7.152568591969191]"
178,goal_018,8,exito,5750,1016.95,02,subwp,123,1,E2.1,E2.1-R0,False,subwp,123,02,8,3543729629,exito,,184.0,0,0,"[-6.6, -0.34384735461434346]"
179,goal_018,9,exito,5750,988.48,02,subwp,123,1,E2.1,E2.1-R0,False,subwp,123,02,9,2755540299,exito,,184.0,0,0,"[-6.6, 4.8725673522966675]"
180,goal_018,10,exito,5750,1016.26,02,subwp,123,1,E2.1,E2.1-R0,False,subwp,123,02,10,3718836996,exito,,184.0,0,0,"[-6.6, -12.468695076630464]"
181,goal_019,1,exito,5689,1015.76,02,subwp,123,1,E2.1,E2.1-R0,False,subwp,123,02,1,2713320004,exito,,182.048,0,0,"[-6.6, 12.874748515620752]"
182,goal_019,2,exito,5689,1015.77,02,subwp,123,1,E2.1,E2.1-R0,False,subwp,123,02,2,951102462,exito,,182.048,0,0,"[-6.6, -11.398057163732268]"
183,goal_019,3,exito,5690,1015.94,02,subwp,123,1,E2.1,E2.1-R0,False,subwp,123,02,3,1337432936,exito,,182.08,0,0,"[-6.6, -8.274522476051088]"
184,goal_019,4,exito,5690,1015.94,02,subwp,123,1,E2.1,E2.1-R0,False,subwp,123,02,4,3520270027,exito,,182.08,0,0,"[-6.6, 1.3778555213481034]"
185,goal_019,5,exito,5689,1015.77,02,subwp,123,1,E2.1,E2.1-R0,False,subwp,123,02,5,2798927453,exito,,182.048,0,0,"[-6.6, 10.938245809918442]"
186,goal_019,6,exito,5689,1015.77,02,subwp,123,1,E2.1,E2.1-R0,False,subwp,123,02,6,1071476711,exito,,182.048,0,0,"[-6.6, -4.806356584575042]"
187,goal_019,7,exito,5690,1015.94,02,subwp,123,1,E2.1,E2.1-R0,False,subwp,123,02,7,1222270833,exito,,182.08,0,0,"[-6.6, -9.524568397758227]"
188,goal_019,8,exito,5690,1015.94,02,subwp,123,1,E2.1,E2.1-R0,False,subwp,123,02,8,3630514912,exito,,182.08,0,0,"[-6.6, 8.833622566429936]"
189,goal_019,9,exito,5689,1015.77,02,subwp,123,1,E2.1,E2.1-R0,False,subwp,123,02,9,2942464630,exito,,182.048,0,0,"[-6.6, -6.27683178270825]"
190,goal_019,10,exito,5689,1015.75,02,subwp,123,1,E2.1,E2.1-R0,False,subwp,123,02,10,2244731730,exito,,182.048,0,0,"[-6.6, 5.012446358720654]"
191,goal_020,1,exito,5670,1018.48,02,subwp,123,1,E2.1,E2.1-R0,False,subwp,123,02,1,2692452467,exito,,181.44,0,0,"[-6.6, 10.364552263748262]"
192,goal_020,2,exito,5670,1018.39,02,subwp,123,1,E2.1,E2.1-R0,False,subwp,123,02,2,963822025,exito,,181.44,0,0,"[-6.6, -11.85298637405322]"
193,goal_020,3,exito,5670,1018.4,02,subwp,123,1,E2.1,E2.1-R0,False,subwp,123,02,3,1316352351,exito,,181.44,0,0,"[-6.6, 11.79755517164854]"
194,goal_020,4,exito,5669,1018.3,02,subwp,123,1,E2.1,E2.1-R0,False,subwp,123,02,4,3490800892,exito,,181.408,0,0,"[-6.6, 13.27509128145107]"
195,goal_020,5,exito,5670,1018.41,02,subwp,123,1,E2.1,E2.1-R0,False,subwp,123,02,5,2803258474,exito,,181.44,0,0,"[-6.6, 11.983184658512924]"
196,goal_020,6,exito,5669,1018.26,02,subwp,123,1,E2.1,E2.1-R0,False,subwp,123,02,6,1042220496,exito,,181.408,0,0,"[-6.6, 4.250381727018011]"
197,goal_020,7,exito,5670,1018.4,02,subwp,123,1,E2.1,E2.1-R0,False,subwp,123,02,7,1226323270,exito,,181.44,0,0,"[-6.6, 8.296435322862033]"
198,goal_020,8,exito,5670,1018.48,02,subwp,123,1,E2.1,E2.1-R0,False,subwp,123,02,8,3651610839,exito,,181.44,0,0,"[-6.6, 11.713881905148359]"
199,goal_020,9,exito,5669,1018.3,02,subwp,123,1,E2.1,E2.1-R0,False,subwp,123,02,9,2929727553,exito,,181.408,0,0,"[-6.6, 3.597954266573044]"
200,goal_020,10,exito,5670,1018.4,02,subwp,123,1,E2.1,E2.1-R0,False,subwp,123,02,10,1031242807,exito,,181.44,0,0,"[-6.6, -6.207179583591218]"
201,goal_021,1,exito,5644,1026.33,02,subwp,123,1,E2.1,E2.1-R0,False,subwp,123,02,1,3172926482,exito,,180.608,0,0,"[-6.6, -1.6790009184908228]"
202,goal_021,2,exito,5644,1026.13,02,subwp,123,1,E2.1,E2.1-R0,False,subwp,123,02,2,605443496,exito,,180.608,0,0,"[-6.6, -10.920177325962536]"
203,goal_021,3,exito,5644,1026.15,02,subwp,123,1,E2.1,E2.1-R0,False,subwp,123,02,3,1393648958,exito,,180.608,0,0,"[-6.6, -13.193910975971498]"
204,goal_021,4,exito,5644,1026.27,02,subwp,123,1,E2.1,E2.1-R0,False,subwp,123,02,4,3447058589,exito,,180.608,0,0,"[-6.6, 3.609366724221605]"
205,goal_021,5,exito,5644,1026.18,02,subwp,123,1,E2.1,E2.1-R0,False,subwp,123,02,5,3128082443,exito,,180.608,0,0,"[-6.6, -10.37667866767344]"
206,goal_021,6,exito,5644,1026.17,02,subwp,123,1,E2.1,E2.1-R0,False,subwp,123,02,6,595300785,exito,,180.608,0,0,"[-6.6, 1.0404412343221936]"
207,goal_021,7,exito,5644,1026.1,02,subwp,123,1,E2.1,E2.1-R0,False,subwp,123,02,7,1417453863,exito,,180.608,0,0,"[-6.6, 0.8870012388026082]"
208,goal_021,8,exito,5644,1026.16,02,subwp,123,1,E2.1,E2.1-R0,False,subwp,123,02,8,3301162166,exito,,180.608,0,0,"[-6.6, -0.8276302856614459]"
209,goal_021,9,exito,5644,1026.32,02,subwp,123,1,E2.1,E2.1-R0,False,subwp,123,02,9,3016002592,exito,,180.608,0,0,"[-6.6, -0.3943409196772225]"
210,goal_021,10,exito,5644,1026.16,02,subwp,123,1,E2.1,E2.1-R0,False,subwp,123,02,10,132100461,exito,,180.608,0,0,"[-6.6, 1.4844736516943684]"
211,goal_022,1,exito,5584,1019.32,02,subwp,123,1,E2.1,E2.1-R0,False,subwp,123,02,1,3168628261,exito,,178.688,0,0,"[-6.6, -3.94870292558218]"
212,goal_022,2,exito,5584,1019.28,02,subwp,123,1,E2.1,E2.1-R0,False,subwp,123,02,2,634666911,exito,,178.688,0,0,"[-6.6, 7.1959051796687525]"
213,goal_022,3,exito,5584,1019.26,02,subwp,123,1,E2.1,E2.1-R0,False,subwp,123,02,3,1389563657,exito,,178.688,0,0,"[-6.6, -10.730153308746935]"
214,goal_022,4,exito,5584,1019.26,02,subwp,123,1,E2.1,E2.1-R0,False,subwp,123,02,4,3434584746,exito,,178.688,0,0,"[-6.6, -8.992932124699891]"
215,goal_022,5,exito,5584,1019.33,02,subwp,123,1,E2.1,E2.1-R0,False,subwp,123,02,5,3148917308,exito,,178.688,0,0,"[-6.6, -13.147258813394505]"
216,goal_022,6,exito,5584,1019.28,02,subwp,123,1,E2.1,E2.1-R0,False,subwp,123,02,6,582613894,exito,,178.688,0,0,"[-6.6, 7.769696044817384]"
217,goal_022,7,exito,5584,1019.26,02,subwp,123,1,E2.1,E2.1-R0,False,subwp,123,02,7,1438567184,exito,,178.688,0,0,"[-6.6, 2.940818469292397]"
218,goal_022,8,exito,5584,1019.27,02,subwp,123,1,E2.1,E2.1-R0,False,subwp,123,02,8,3305232001,exito,,178.688,0,0,"[-6.6, -9.062430060491007]"
219,goal_022,9,exito,5584,1019.28,02,subwp,123,1,E2.1,E2.1-R0,False,subwp,123,02,9,2986796567,exito,,178.688,0,0,"[-6.6, -11.439486309311997]"
220,goal_022,10,exito,5584,1019.33,02,subwp,123,1,E2.1,E2.1-R0,False,subwp,123,02,10,3210991112,exito,,178.688,0,0,"[-6.6, 10.590075175255325]"
221,goal_023,1,exito,5569,1016.51,02,subwp,123,1,E2.1,E2.1-R0,False,subwp,123,02,1,3197882492,exito,,178.208,0,0,"[-6.6, 9.537619338664715]"
222,goal_023,2,exito,5569,1016.54,02,subwp,123,1,E2.1,E2.1-R0,False,subwp,123,02,2,663912902,exito,,178.208,0,0,"[-6.6, 8.67364932733856]"
223,goal_023,3,exito,5569,1016.52,02,subwp,123,1,E2.1,E2.1-R0,False,subwp,123,02,3,1351987536,exito,,178.208,0,0,"[-6.6, 11.451333585277125]"
224,goal_023,4,exito,5569,1016.54,02,subwp,123,1,E2.1,E2.1-R0,False,subwp,123,02,4,3471910131,exito,,178.208,0,0,"[-6.6, 11.753114879947567]"
225,goal_023,5,exito,5569,1016.51,02,subwp,123,1,E2.1,E2.1-R0,False,subwp,123,02,5,3119912037,exito,,178.208,0,0,"[-6.6, 4.02984537043596]"
226,goal_023,6,exito,5569,1016.54,02,subwp,123,1,E2.1,E2.1-R0,False,subwp,123,02,6,553600479,exito,,178.208,0,0,"[-6.6, 8.635812212546572]"
227,goal_023,7,exito,5569,1016.54,02,subwp,123,1,E2.1,E2.1-R0,False,subwp,123,02,7,1475900745,exito,,178.208,0,0,"[-6.6, 5.495456796473599]"
228,goal_023,8,exito,5569,1016.54,02,subwp,123,1,E2.1,E2.1-R0,False,subwp,123,02,8,3343345880,exito,,178.208,0,0,"[-6.6, -11.694583365519158]"
229,goal_023,9,exito,5569,1016.54,02,subwp,123,1,E2.1,E2.1-R0,False,subwp,123,02,9,2957006926,exito,,178.208,0,0,"[-6.6, 11.402364172400274]"
230,goal_023,10,exito,5569,1016.51,02,subwp,123,1,E2.1,E2.1-R0,False,subwp,123,02,10,2916514278,exito,,178.208,0,0,"[-6.6, 0.44498907598361553]"
231,goal_024,1,exito,5566,1015.74,02,subwp,123,1,E2.1,E2.1-R0,False,subwp,123,02,1,3210328651,exito,,178.112,0,0,"[-6.6, -10.03231005853589]"
232,goal_024,2,exito,5566,1015.74,02,subwp,123,1,E2.1,E2.1-R0,False,subwp,123,02,2,642837489,exito,,178.112,0,0,"[-6.6, -2.1717928379932543]"
233,goal_024,3,exito,5566,1015.74,02,subwp,123,1,E2.1,E2.1-R0,False,subwp,123,02,3,1364712295,exito,,178.112,0,0,"[-6.6, -2.750915435934835]"
234,goal_024,4,exito,5566,1015.73,02,subwp,123,1,E2.1,E2.1-R0,False,subwp,123,02,4,3476246212,exito,,178.112,0,0,"[-6.6, 11.23622151251776]"
235,goal_024,5,exito,5566,1015.74,02,subwp,123,1,E2.1,E2.1-R0,False,subwp,123,02,5,3090447954,exito,,178.112,0,0,"[-6.6, -8.395835333135462]"
236,goal_024,6,exito,5566,1015.73,02,subwp,123,1,E2.1,E2.1-R0,False,subwp,123,02,6,557658088,exito,,178.112,0,0,"[-6.6, 11.710589323486902]"
237,goal_024,7,exito,5566,1015.74,02,subwp,123,1,E2.1,E2.1-R0,False,subwp,123,02,7,1446649726,exito,,178.112,0,0,"[-6.6, -9.272032897567042]"
238,goal_024,8,exito,5566,1015.72,02,subwp,123,1,E2.1,E2.1-R0,False,subwp,123,02,8,3330605807,exito,,178.112,0,0,"[-6.6, 6.817639356725724]"
239,goal_024,9,exito,5566,1015.75,02,subwp,123,1,E2.1,E2.1-R0,False,subwp,123,02,9,2978099833,exito,,178.112,0,0,"[-6.6, -6.910883521116435]"
240,goal_024,10,exito,5566,1015.75,02,subwp,123,1,E2.1,E2.1-R0,False,subwp,123,02,10,359276163,exito,,178.112,0,0,"[-6.6, 7.27967464829917]"
241,goal_025,1,exito,5569,1013.82,02,subwp,123,1,E2.1,E2.1-R0,False,subwp,123,02,1,3122048206,exito,,178.208,0,0,"[-6.6, -2.670923524905979]"
242,goal_025,2,exito,5569,1013.8,02,subwp,123,1,E2.1,E2.1-R0,False,subwp,123,02,2,589299060,exito,,178.208,0,0,"[-6.6, -0.3907688242925142]"
243,goal_025,3,exito,5569,1013.8,02,subwp,123,1,E2.1,E2.1-R0,False,subwp,123,02,3,1410911714,exito,,178.208,0,0,"[-6.6, 5.162882613468328]"
244,goal_025,4,exito,5569,1013.81,02,subwp,123,1,E2.1,E2.1-R0,False,subwp,123,02,4,3397146689,exito,,178.208,0,0,"[-6.6, 6.627918541045116]"
245,goal_025,5,exito,5569,1013.79,02,subwp,123,1,E2.1,E2.1-R0,False,subwp,123,02,5,3178981591,exito,,178.208,0,0,"[-6.6, 0.2780192480719837]"
246,goal_025,6,exito,5569,1013.81,02,subwp,123,1,E2.1,E2.1-R0,False,subwp,123,02,6,611465581,exito,,178.208,0,0,"[-6.6, -10.48330724069274]"
247,goal_025,7,exito,5569,1013.81,02,subwp,123,1,E2.1,E2.1-R0,False,subwp,123,02,7,1400179195,exito,,178.208,0,0,"[-6.6, -6.449717551826486]"
248,goal_025,8,exito,5569,1013.8,02,subwp,123,1,E2.1,E2.1-R0,False,subwp,123,02,8,3284800618,exito,,178.208,0,0,"[-6.6, 4.8213574348785855]"
249,goal_025,9,exito,5569,1013.82,02,subwp,123,1,E2.1,E2.1-R0,False,subwp,123,02,9,3033343228,exito,,178.208,0,0,"[-6.6, -9.214246787753604]"
250,goal_025,10,exito,5569,1013.8,02,subwp,123,1,E2.1,E2.1-R0,False,subwp,123,02,10,2294097466,exito,,178.208,0,0,"[-6.6, 2.74357782106186]"
251,goal_026,1,exito,5559,1013.37,02,subwp,123,1,E2.1,E2.1-R0,False,subwp,123,02,1,3151283961,exito,,177.888,0,0,"[-6.6, 10.465594361547346]"
252,goal_026,2,exito,5559,1013.38,02,subwp,123,1,E2.1,E2.1-R0,False,subwp,123,02,2,584947523,exito,,177.888,0,0,"[-6.6, 10.509272443714783]"
253,goal_026,3,exito,5559,1013.39,02,subwp,123,1,E2.1,E2.1-R0,False,subwp,123,02,3,1440393173,exito,,177.888,0,0,"[-6.6, -12.130852366508886]"
254,goal_026,4,exito,5559,1013.38,02,subwp,123,1,E2.1,E2.1-R0,False,subwp,123,02,4,3418239606,exito,,177.888,0,0,"[-6.6, -7.357854707544037]"
255,goal_026,5,exito,5560,1013.59,02,subwp,123,1,E2.1,E2.1-R0,False,subwp,123,02,5,3166241504,exito,,177.92,0,0,"[-6.6, 13.016511973543187]"
256,goal_026,6,exito,5560,1013.59,02,subwp,123,1,E2.1,E2.1-R0,False,subwp,123,02,6,632312666,exito,,177.92,0,0,"[-6.6, -1.8980981480496346]"
257,goal_026,7,exito,5560,1013.57,02,subwp,123,1,E2.1,E2.1-R0,False,subwp,123,02,7,1387750348,exito,,177.92,0,0,"[-6.6, -11.061500734528266]"
258,goal_026,8,exito,5559,1013.4,02,subwp,123,1,E2.1,E2.1-R0,False,subwp,123,02,8,3255336541,exito,,177.888,0,0,"[-6.6, 6.150883470114619]"
259,goal_026,9,exito,5560,1013.6,02,subwp,123,1,E2.1,E2.1-R0,False,subwp,123,02,9,3037679307,exito,,177.92,0,0,"[-6.6, 5.415329090102304]"
260,goal_026,10,exito,5560,1013.59,02,subwp,123,1,E2.1,E2.1-R0,False,subwp,123,02,10,805388639,exito,,177.92,0,0,"[-6.6, 9.96197303482673]"
261,goal_027,1,exito,5561,1013.75,02,subwp,123,1,E2.1,E2.1-R0,False,subwp,123,02,1,3113384096,exito,,177.952,0,0,"[-6.6, 8.591632512321294]"
262,goal_027,2,exito,5561,1013.79,02,subwp,123,1,E2.1,E2.1-R0,False,subwp,123,02,2,547039514,exito,,177.952,0,0,"[-6.6, 1.9072478040088983]"
263,goal_027,3,exito,5561,1013.79,02,subwp,123,1,E2.1,E2.1-R0,False,subwp,123,02,3,1469847948,exito,,177.952,0,0,"[-6.6, 10.132814064873166]"
264,goal_027,4,exito,5561,1013.78,02,subwp,123,1,E2.1,E2.1-R0,False,subwp,123,02,4,3388509231,exito,,177.952,0,0,"[-6.6, 12.18394049107162]"
265,goal_027,5,exito,5561,1013.78,02,subwp,123,1,E2.1,E2.1-R0,False,subwp,123,02,5,3204431033,exito,,177.952,0,0,"[-6.6, -4.719860039169736]"
266,goal_027,6,exito,5561,1013.79,02,subwp,123,1,E2.1,E2.1-R0,False,subwp,123,02,6,670493955,exito,,177.952,0,0,"[-6.6, -3.779375021922419]"
267,goal_027,7,exito,5561,1013.77,02,subwp,123,1,E2.1,E2.1-R0,False,subwp,123,02,7,1358028181,exito,,177.952,0,0,"[-6.6, -2.770737631122304]"
268,goal_027,8,exito,5561,1013.77,02,subwp,123,1,E2.1,E2.1-R0,False,subwp,123,02,8,3226386436,exito,,177.952,0,0,"[-6.6, 1.0645299371850812]"
269,goal_027,9,exito,5561,1013.77,02,subwp,123,1,E2.1,E2.1-R0,False,subwp,123,02,9,3075076242,exito,,177.952,0,0,"[-6.6, -12.70885276679668]"
270,goal_027,10,exito,5561,1013.78,02,subwp,123,1,E2.1,E2.1-R0,False,subwp,123,02,10,582282929,exito,,177.952,0,0,"[-6.6, 5.205976089771663]"
271,goal_028,1,exito,5559,1013.67,02,subwp,123,1,E2.1,E2.1-R0,False,subwp,123,02,1,3092255383,exito,,177.888,0,0,"[-6.6, 12.28602252237236]"
272,goal_028,2,exito,5559,1013.66,02,subwp,123,1,E2.1,E2.1-R0,False,subwp,123,02,2,559498029,exito,,177.888,0,0,"[-6.6, -3.7540867600148435]"
273,goal_028,3,exito,5559,1013.68,02,subwp,123,1,E2.1,E2.1-R0,False,subwp,123,02,3,1449030587,exito,,177.888,0,0,"[-6.6, 4.829735033673639]"
274,goal_028,4,exito,5559,1013.67,02,subwp,123,1,E2.1,E2.1-R0,False,subwp,123,02,4,3359303192,exito,,177.888,0,0,"[-6.6, -1.256714482148287]"
275,goal_028,5,exito,5559,1013.68,02,subwp,123,1,E2.1,E2.1-R0,False,subwp,123,02,5,3208500878,exito,,177.888,0,0,"[-6.6, 7.187965999099252]"
276,goal_028,6,exito,5559,1013.68,02,subwp,123,1,E2.1,E2.1-R0,False,subwp,123,02,6,640976692,exito,,177.888,0,0,"[-6.6, -4.590771749781853]"
277,goal_028,7,exito,5559,1013.66,02,subwp,123,1,E2.1,E2.1-R0,False,subwp,123,02,7,1362343842,exito,,177.888,0,0,"[-6.6, 10.464414738282608]"
278,goal_028,8,exito,5559,1013.66,02,subwp,123,1,E2.1,E2.1-R0,False,subwp,123,02,8,3247221299,exito,,177.888,0,0,"[-6.6, -5.149320627635468]"
279,goal_028,9,exito,5559,1013.67,02,subwp,123,1,E2.1,E2.1-R0,False,subwp,123,02,9,3062602405,exito,,177.888,0,0,"[-6.6, 0.19755844429316172]"
280,goal_028,10,exito,5559,1013.65,02,subwp,123,1,E2.1,E2.1-R0,False,subwp,123,02,10,2584250836,exito,,177.888,0,0,"[-6.6, 8.461484351024383]"
281,goal_029,1,exito,5565,1013.54,02,subwp,123,1,E2.1,E2.1-R0,False,subwp,123,02,1,3003930026,exito,,178.08,0,0,"[-6.6, -10.634609980949117]"
282,goal_029,2,exito,5565,1013.5,02,subwp,123,1,E2.1,E2.1-R0,False,subwp,123,02,2,704971792,exito,,178.08,0,0,"[-6.6, -5.663801675442602]"
283,goal_029,3,exito,5565,1013.52,02,subwp,123,1,E2.1,E2.1-R0,False,subwp,123,02,3,1560425606,exito,,178.08,0,0,"[-6.6, -3.3624434119271682]"
284,goal_029,4,exito,5565,1013.54,02,subwp,123,1,E2.1,E2.1-R0,False,subwp,123,02,4,3278283045,exito,,178.08,0,0,"[-6.6, 2.402524540417376]"
285,goal_029,5,exito,5565,1013.54,02,subwp,123,1,E2.1,E2.1-R0,False,subwp,123,02,5,3026293171,exito,,178.08,0,0,"[-6.6, 4.484425624707887]"
286,goal_029,6,exito,5565,1013.54,02,subwp,123,1,E2.1,E2.1-R0,False,subwp,123,02,6,761839625,exito,,178.08,0,0,"[-6.6, -10.279326301850208]"
287,goal_029,7,exito,5565,1013.52,02,subwp,123,1,E2.1,E2.1-R0,False,subwp,123,02,7,1517285535,exito,,178.08,0,0,"[-6.6, -0.6590511383688568]"
288,goal_029,8,exito,5565,1013.54,02,subwp,123,1,E2.1,E2.1-R0,False,subwp,123,02,8,3402689806,exito,,178.08,0,0,"[-6.6, 5.3787416967058075]"
289,goal_029,9,exito,5565,1013.54,02,subwp,123,1,E2.1,E2.1-R0,False,subwp,123,02,9,3185040792,exito,,178.08,0,0,"[-6.6, 0.9019415614500337]"
290,goal_029,10,exito,5565,1013.54,02,subwp,123,1,E2.1,E2.1-R0,False,subwp,123,02,10,3261831554,exito,,178.08,0,0,"[-6.6, 1.855322385304851]"
291,goal_030,1,exito,5562,1013.55,02,subwp,123,1,E2.1,E2.1-R0,False,subwp,123,02,1,2999861149,exito,,177.984,0,0,"[-6.6, -11.831385521818783]"
292,goal_030,2,exito,5561,1013.3,02,subwp,123,1,E2.1,E2.1-R0,False,subwp,123,02,2,734490151,exito,,177.952,0,0,"[-6.6, -12.776934161027135]"
293,goal_030,3,exito,5562,1013.53,02,subwp,123,1,E2.1,E2.1-R0,False,subwp,123,02,3,1556111025,exito,,177.984,0,0,"[-6.6, 2.8117496417243673]"
294,goal_030,4,exito,5562,1013.56,02,subwp,123,1,E2.1,E2.1-R0,False,subwp,123,02,4,3265579794,exito,,177.984,0,0,"[-6.6, -4.675495736209862]"
295,goal_030,5,exito,5562,1013.55,02,subwp,123,1,E2.1,E2.1-R0,False,subwp,123,02,5,3047422852,exito,,177.984,0,0,"[-6.6, -11.393626499393552]"
296,goal_030,6,exito,5561,1013.31,02,subwp,123,1,E2.1,E2.1-R0,False,subwp,123,02,6,749382206,exito,,177.952,0,0,"[-6.6, 1.4544071647542711]"
297,goal_030,7,exito,5562,1013.55,02,subwp,123,1,E2.1,E2.1-R0,False,subwp,123,02,7,1538103976,exito,,177.984,0,0,"[-6.6, 4.377945751421476]"
298,goal_030,8,exito,5562,1013.56,02,subwp,123,1,E2.1,E2.1-R0,False,subwp,123,02,8,3406989113,exito,,177.984,0,0,"[-6.6, -0.8594206706811345]"
299,goal_030,9,exito,5562,1013.56,02,subwp,123,1,E2.1,E2.1-R0,False,subwp,123,02,9,3155539887,exito,,177.984,0,0,"[-6.6, -11.833487929645756]"
300,goal_030,10,exito,5562,1013.56,02,subwp,123,1,E2.1,E2.1-R0,False,subwp,123,02,10,2060975847,exito,,177.984,0,0,"[-6.6, -7.74266697218485]"
301,goal_031,1,exito,5562,1013.37,02,subwp,123,1,E2.1,E2.1-R0,False,subwp,123,02,1,94593911,exito,,177.984,0,0,"[-6.6, -6.229236763595747]"
302,goal_031,2,exito,5562,1013.4,02,subwp,123,1,E2.1,E2.1-R0,False,subwp,123,02,2,2628399821,exito,,177.984,0,0,"[-6.6, 3.1315201739291134]"
303,goal_031,3,exito,5562,1013.37,02,subwp,123,1,E2.1,E2.1-R0,False,subwp,123,02,3,3953984091,exito,,177.984,0,0,"[-6.6, -12.848076332162263]"
304,goal_031,4,exito,5562,1013.35,02,subwp,123,1,E2.1,E2.1-R0,False,subwp,123,02,4,1976145912,exito,,177.984,0,0,"[-6.6, -6.400895030017547]"
305,goal_031,5,exito,5562,1013.36,02,subwp,123,1,E2.1,E2.1-R0,False,subwp,123,02,5,47097710,exito,,177.984,0,0,"[-6.6, 9.016282745689832]"
306,goal_031,6,exito,5562,1013.4,02,subwp,123,1,E2.1,E2.1-R0,False,subwp,123,02,6,2613573332,exito,,177.984,0,0,"[-6.6, -1.740200850498675]"
307,goal_031,7,exito,5562,1013.41,02,subwp,123,1,E2.1,E2.1-R0,False,subwp,123,02,7,3972056642,exito,,177.984,0,0,"[-6.6, 11.479430002202319]"
308,goal_031,8,exito,5563,1013.57,02,subwp,123,1,E2.1,E2.1-R0,False,subwp,123,02,8,2088754131,exito,,178.016,0,0,"[-6.6, 12.903108290304809]"
309,goal_031,9,exito,5562,1013.41,02,subwp,123,1,E2.1,E2.1-R0,False,subwp,123,02,9,192473925,exito,,177.984,0,0,"[-6.6, -10.133751856335932]"
310,goal_031,10,exito,5562,1013.4,02,subwp,123,1,E2.1,E2.1-R0,False,subwp,123,02,10,985635037,exito,,177.984,0,0,"[-6.6, -12.346966924219242]"
311,goal_032,1,exito,5559,1012.93,02,subwp,123,1,E2.1,E2.1-R0,False,subwp,123,02,1,73468224,exito,,177.888,0,0,"[-6.6, -6.600156900899274]"
312,goal_032,2,exito,5560,1013.17,02,subwp,123,1,E2.1,E2.1-R0,False,subwp,123,02,2,2640861434,exito,,177.92,0,0,"[-6.6, -5.058770819211398]"
313,goal_032,3,exito,5560,1013.18,02,subwp,123,1,E2.1,E2.1-R0,False,subwp,123,02,3,3933169772,exito,,177.92,0,0,"[-6.6, -12.160782492528291]"
314,goal_032,4,exito,5559,1012.94,02,subwp,123,1,E2.1,E2.1-R0,False,subwp,123,02,4,1946942927,exito,,177.888,0,0,"[-6.6, -5.249806268204867]"
315,goal_032,5,exito,5559,1012.95,02,subwp,123,1,E2.1,E2.1-R0,False,subwp,123,02,5,51170649,exito,,177.888,0,0,"[-6.6, 13.151800652581208]"
316,goal_032,6,exito,5560,1013.19,02,subwp,123,1,E2.1,E2.1-R0,False,subwp,123,02,6,2584059107,exito,,177.92,0,0,"[-6.6, 1.3213977893652276]"
317,goal_032,7,exito,5560,1013.19,02,subwp,123,1,E2.1,E2.1-R0,False,subwp,123,02,7,3976375413,exito,,177.92,0,0,"[-6.6, -9.87400760988568]"
318,goal_032,8,exito,5560,1013.19,02,subwp,123,1,E2.1,E2.1-R0,False,subwp,123,02,8,2109583844,exito,,177.92,0,0,"[-6.6, 1.9652234834627906]"
319,goal_032,9,exito,5560,1013.19,02,subwp,123,1,E2.1,E2.1-R0,False,subwp,123,02,9,179994994,exito,,177.92,0,0,"[-6.6, 6.699122546678755]"
320,goal_032,10,exito,5559,1012.95,02,subwp,123,1,E2.1,E2.1-R0,False,subwp,123,02,10,2181300152,exito,,177.888,0,0,"[-6.6, -10.223064153218028]"
321,goal_033,1,exito,5566,1013.05,02,subwp,123,1,E2.1,E2.1-R0,False,subwp,123,02,1,103266073,exito,,178.112,0,0,"[-6.6, 4.00689293933831]"
322,goal_033,2,exito,5566,1013.06,02,subwp,123,1,E2.1,E2.1-R0,False,subwp,123,02,2,2670651043,exito,,178.112,0,0,"[-6.6, 13.098868955160771]"
323,goal_033,3,exito,5566,1013.05,02,subwp,123,1,E2.1,E2.1-R0,False,subwp,123,02,3,3895055925,exito,,178.112,0,0,"[-6.6, -0.5618764440418175]"
324,goal_033,4,exito,5566,1013.06,02,subwp,123,1,E2.1,E2.1-R0,False,subwp,123,02,4,1984775062,exito,,178.112,0,0,"[-6.6, -0.24353284150164264]"
325,goal_033,5,exito,5566,1013.06,02,subwp,123,1,E2.1,E2.1-R0,False,subwp,123,02,5,21656320,exito,,178.112,0,0,"[-6.6, 10.4986572753607]"
326,goal_033,6,exito,5566,1013.06,02,subwp,123,1,E2.1,E2.1-R0,False,subwp,123,02,6,2554536634,exito,,178.112,0,0,"[-6.6, 0.9099457783458634]"
327,goal_033,7,exito,5566,1012.98,02,subwp,123,1,E2.1,E2.1-R0,False,subwp,123,02,7,4014215724,exito,,178.112,0,0,"[-6.6, 2.4800615810914253]"
328,goal_033,8,exito,5566,1013.05,02,subwp,123,1,E2.1,E2.1-R0,False,subwp,123,02,8,2147159997,exito,,178.112,0,0,"[-6.6, 0.3862445632709341]"
329,goal_033,9,exito,5566,1012.98,02,subwp,123,1,E2.1,E2.1-R0,False,subwp,123,02,9,150748971,exito,,178.112,0,0,"[-6.6, -9.738994339310915]"
330,goal_033,10,exito,5566,1013.05,02,subwp,123,1,E2.1,E2.1-R0,False,subwp,123,02,10,2427867222,exito,,178.112,0,0,"[-6.6, -7.610204043488786]"
331,goal_034,1,exito,5559,1011.97,02,subwp,123,1,E2.1,E2.1-R0,False,subwp,123,02,1,132504878,exito,,177.888,0,0,"[-6.6, -3.7146815286672137]"
332,goal_034,2,exito,5559,1011.97,02,subwp,123,1,E2.1,E2.1-R0,False,subwp,123,02,2,2666302612,exito,,177.888,0,0,"[-6.6, -1.884744985448041]"
333,goal_034,3,exito,5559,1011.96,02,subwp,123,1,E2.1,E2.1-R0,False,subwp,123,02,3,3924540418,exito,,177.888,0,0,"[-6.6, 6.8337475882633685]"
334,goal_034,4,exito,5559,1011.95,02,subwp,123,1,E2.1,E2.1-R0,False,subwp,123,02,4,2005871009,exito,,177.888,0,0,"[-6.6, 12.561582563043908]"
335,goal_034,5,exito,5559,1011.97,02,subwp,123,1,E2.1,E2.1-R0,False,subwp,123,02,5,8919351,exito,,177.888,0,0,"[-6.6, -8.896782662662405]"
336,goal_034,6,exito,5559,1011.97,02,subwp,123,1,E2.1,E2.1-R0,False,subwp,123,02,6,2575386765,exito,,177.888,0,0,"[-6.6, 13.105680938301767]"
337,goal_034,7,exito,5559,1011.95,02,subwp,123,1,E2.1,E2.1-R0,False,subwp,123,02,7,4001789979,exito,,177.888,0,0,"[-6.6, -6.028281808915868]"
338,goal_034,8,exito,5559,1011.94,02,subwp,123,1,E2.1,E2.1-R0,False,subwp,123,02,8,2117690762,exito,,177.888,0,0,"[-6.6, 0.0019175590282257016]"
339,goal_034,9,exito,5559,1011.95,02,subwp,123,1,E2.1,E2.1-R0,False,subwp,123,02,9,155079964,exito,,177.888,0,0,"[-6.6, 0.296553922169295]"
340,goal_034,10,exito,5559,1011.97,02,subwp,123,1,E2.1,E2.1-R0,False,subwp,123,02,10,671758131,exito,,177.888,0,0,"[-6.6, 9.877925668283114]"
341,goal_035,1,exito,5606,1017.17,02,subwp,123,1,E2.1,E2.1-R0,False,subwp,123,02,1,44747691,exito,,179.392,0,0,"[-6.6, 6.3702608081558445]"
342,goal_035,2,exito,5606,1017.15,02,subwp,123,1,E2.1,E2.1-R0,False,subwp,123,02,2,2611190289,exito,,179.392,0,0,"[-6.6, 7.6560475608245655]"
343,goal_035,3,exito,5606,1017.15,02,subwp,123,1,E2.1,E2.1-R0,False,subwp,123,02,3,3970214535,exito,,179.392,0,0,"[-6.6, -7.53321303215057]"
344,goal_035,4,exito,5606,1017.15,02,subwp,123,1,E2.1,E2.1-R0,False,subwp,123,02,4,1925201700,exito,,179.392,0,0,"[-6.6, 7.9089563158727945]"
345,goal_035,5,exito,5606,1017.14,02,subwp,123,1,E2.1,E2.1-R0,False,subwp,123,02,5,96931762,exito,,179.392,0,0,"[-6.6, -5.227576537294523]"
346,goal_035,6,exito,5606,1017.13,02,subwp,123,1,E2.1,E2.1-R0,False,subwp,123,02,6,2630770184,exito,,179.392,0,0,"[-6.6, -2.0780292267616707]"
347,goal_035,7,exito,5606,1017.15,02,subwp,123,1,E2.1,E2.1-R0,False,subwp,123,02,7,3955846814,exito,,179.392,0,0,"[-6.6, -5.821660894799495]"
348,goal_035,8,exito,5606,1017.15,02,subwp,123,1,E2.1,E2.1-R0,False,subwp,123,02,8,2071360271,exito,,179.392,0,0,"[-6.6, 3.9804067868712143]"
349,goal_035,9,exito,5606,1017.17,02,subwp,123,1,E2.1,E2.1-R0,False,subwp,123,02,9,208749465,exito,,179.392,0,0,"[-6.6, -10.682080159231573]"
350,goal_035,10,exito,5606,1017.19,02,subwp,123,1,E2.1,E2.1-R0,False,subwp,123,02,10,3051163530,exito,,179.392,0,0,"[-6.6, 2.0300559359757844]"
351,goal_036,1,exito,5671,1026.4,02,subwp,123,1,E2.1,E2.1-R0,False,subwp,123,02,1,57188764,exito,,181.472,0,0,"[-6.6, -8.421411512585133]"
352,goal_036,2,exito,5671,1026.47,02,subwp,123,1,E2.1,E2.1-R0,False,subwp,123,02,2,2590109734,exito,,181.472,0,0,"[-6.6, -6.7921485821008645]"
353,goal_036,3,exito,5671,1026.47,02,subwp,123,1,E2.1,E2.1-R0,False,subwp,123,02,3,3982934192,exito,,181.472,0,0,"[-6.6, 1.7407711237656651]"
354,goal_036,4,exito,5671,1026.42,02,subwp,123,1,E2.1,E2.1-R0,False,subwp,123,02,4,1929532691,exito,,181.472,0,0,"[-6.6, 4.420758218844816]"
355,goal_036,5,exito,5671,1026.41,02,subwp,123,1,E2.1,E2.1-R0,False,subwp,123,02,5,67462533,exito,,181.472,0,0,"[-6.6, 4.938999931036085]"
356,goal_036,6,exito,5671,1026.41,02,subwp,123,1,E2.1,E2.1-R0,False,subwp,123,02,6,2634822719,exito,,181.472,0,0,"[-6.6, 1.0725603169201468]"
357,goal_036,7,exito,5671,1026.46,02,subwp,123,1,E2.1,E2.1-R0,False,subwp,123,02,7,3926590633,exito,,181.472,0,0,"[-6.6, -4.162787052281106]"
358,goal_036,8,exito,5671,1026.47,02,subwp,123,1,E2.1,E2.1-R0,False,subwp,123,02,8,2058623288,exito,,181.472,0,0,"[-6.6, -7.505488309969097]"
359,goal_036,9,exito,5671,1026.41,02,subwp,123,1,E2.1,E2.1-R0,False,subwp,123,02,9,229845422,exito,,181.472,0,0,"[-6.6, 10.34158142566417]"
360,goal_036,10,exito,5671,1026.41,02,subwp,123,1,E2.1,E2.1-R0,False,subwp,123,02,10,224487663,exito,,181.472,0,0,"[-6.6, 9.017378764210054]"
361,goal_037,1,exito,5552,978.5,02,subwp,123,1,E2.1,E2.1-R0,False,subwp,123,02,1,19800005,exito,,177.664,0,0,"[-6.6, 6.223702677223569]"
362,goal_037,2,exito,5554,967.11,02,subwp,123,1,E2.1,E2.1-R0,False,subwp,123,02,2,2552712831,exito,,177.728,0,0,"[-6.6, 10.604826138374865]"
363,goal_037,3,exito,5552,978.49,02,subwp,123,1,E2.1,E2.1-R0,False,subwp,123,02,3,4011884265,exito,,177.664,0,0,"[-6.6, 1.0138898395825982]"
364,goal_037,4,exito,5552,978.47,02,subwp,123,1,E2.1,E2.1-R0,False,subwp,123,02,4,1900342090,exito,,177.664,0,0,"[-6.6, -6.856458019904599]"
365,goal_037,5,exito,5554,971.74,02,subwp,123,1,E2.1,E2.1-R0,False,subwp,123,02,5,105110492,exito,,177.728,0,0,"[-6.6, -6.597582909389156]"
366,goal_037,6,exito,5554,978.8,02,subwp,123,1,E2.1,E2.1-R0,False,subwp,123,02,6,2672462438,exito,,177.728,0,0,"[-6.6, 5.643830067956693]"
367,goal_037,7,exito,5554,978.79,02,subwp,123,1,E2.1,E2.1-R0,False,subwp,123,02,7,3897408240,exito,,177.728,0,0,"[-6.6, -12.280645000679847]"
368,goal_037,8,exito,5554,975.17,02,subwp,123,1,E2.1,E2.1-R0,False,subwp,123,02,8,2029168481,exito,,177.728,0,0,"[-6.6, -8.043736020991544]"
369,goal_037,9,exito,5552,978.49,02,subwp,123,1,E2.1,E2.1-R0,False,subwp,123,02,9,267753463,exito,,177.664,0,0,"[-6.6, -12.339990680217955]"
370,goal_037,10,exito,5552,978.49,02,subwp,123,1,E2.1,E2.1-R0,False,subwp,123,02,10,534038273,exito,,177.664,0,0,"[-6.6, 2.208843309007904]"
371,goal_038,1,exito,5554,974.89,02,subwp,123,1,E2.1,E2.1-R0,False,subwp,123,02,1,15496690,exito,,177.728,0,0,"[-6.6, -8.768825960432714]"
372,goal_038,2,exito,5555,976.93,02,subwp,123,1,E2.1,E2.1-R0,False,subwp,123,02,2,2581931080,exito,,177.76,0,0,"[-6.6, -6.808669424198828]"
373,goal_038,3,exito,5552,976.58,02,subwp,123,1,E2.1,E2.1-R0,False,subwp,123,02,3,4007793886,exito,,177.664,0,0,"[-6.6, -1.584093960457996]"
374,goal_038,4,exito,5553,975.9,02,subwp,123,1,E2.1,E2.1-R0,False,subwp,123,02,4,1887863165,exito,,177.696,0,0,"[-6.6, 8.903152919313689]"
375,goal_038,5,exito,5555,976.94,02,subwp,123,1,E2.1,E2.1-R0,False,subwp,123,02,5,125940203,exito,,177.76,0,0,"[-6.6, -3.294700438727705]"
376,goal_038,6,exito,5555,976.94,02,subwp,123,1,E2.1,E2.1-R0,False,subwp,123,02,6,2659770449,exito,,177.76,0,0,"[-6.6, -11.728988770676468]"
377,goal_038,7,exito,5555,976.94,02,subwp,123,1,E2.1,E2.1-R0,False,subwp,123,02,7,3918516423,exito,,177.76,0,0,"[-6.6, 8.782182455347487]"
378,goal_038,8,exito,5555,976.94,02,subwp,123,1,E2.1,E2.1-R0,False,subwp,123,02,8,2033241430,exito,,177.76,0,0,"[-6.6, -7.835501533483453]"
379,goal_038,9,exito,5555,976.92,02,subwp,123,1,E2.1,E2.1-R0,False,subwp,123,02,9,238550464,exito,,177.76,0,0,"[-6.6, 5.873118118216835]"
380,goal_038,10,exito,5555,976.93,02,subwp,123,1,E2.1,E2.1-R0,False,subwp,123,02,10,2808651876,exito,,177.76,0,0,"[-6.6, -4.310436502413705]"
381,goal_039,1,exito,5570,980.7,02,subwp,123,1,E2.1,E2.1-R0,False,subwp,123,02,1,196096719,exito,,178.24,0,0,"[-6.6, -1.9678186625846301]"
382,goal_039,2,exito,5566,980.72,02,subwp,123,1,E2.1,E2.1-R0,False,subwp,123,02,2,2461623157,exito,,178.112,0,0,"[-6.6, -1.0087484665007134]"
383,goal_039,3,exito,5566,980.74,02,subwp,123,1,E2.1,E2.1-R0,False,subwp,123,02,3,3854455779,exito,,178.112,0,0,"[-6.6, 7.5719739111050215]"
384,goal_039,4,exito,5566,980.78,02,subwp,123,1,E2.1,E2.1-R0,False,subwp,123,02,4,2077935168,exito,,178.112,0,0,"[-6.6, -6.419283290115371]"
385,goal_039,5,exito,5566,980.73,02,subwp,123,1,E2.1,E2.1-R0,False,subwp,123,02,5,215873238,exito,,178.112,0,0,"[-6.6, 7.516547693278876]"
386,goal_039,6,exito,5566,980.61,02,subwp,123,1,E2.1,E2.1-R0,False,subwp,123,02,6,2513741676,exito,,178.112,0,0,"[-6.6, -8.687954142746145]"
387,goal_039,7,exito,5566,980.82,02,subwp,123,1,E2.1,E2.1-R0,False,subwp,123,02,7,3805517818,exito,,178.112,0,0,"[-6.6, -11.706059951959308]"
388,goal_039,8,exito,5567,980.8,02,subwp,123,1,E2.1,E2.1-R0,False,subwp,123,02,8,1919715947,exito,,178.144,0,0,"[-6.6, -2.0921325004076032]"
389,goal_039,9,exito,5566,978.57,02,subwp,123,1,E2.1,E2.1-R0,False,subwp,123,02,9,90946301,exito,,178.112,0,0,"[-6.6, -0.1972544780911507]"
390,goal_039,10,exito,5566,980.75,02,subwp,123,1,E2.1,E2.1-R0,False,subwp,123,02,10,4278956082,exito,,178.112,0,0,"[-6.6, -5.283036974897172]"
391,goal_040,1,exito,5571,982.86,02,subwp,123,1,E2.1,E2.1-R0,False,subwp,123,02,1,175266040,exito,,178.272,0,0,"[-6.6, -8.433445590474243]"
392,goal_040,2,exito,5571,975.31,02,subwp,123,1,E2.1,E2.1-R0,False,subwp,123,02,2,2474314050,exito,,178.272,0,0,"[-6.6, -9.127335083419256]"
393,goal_040,3,exito,5571,982.89,02,subwp,123,1,E2.1,E2.1-R0,False,subwp,123,02,3,3833346516,exito,,178.272,0,0,"[-6.6, 11.275254939884187]"
394,goal_040,4,exito,5572,982.91,02,subwp,123,1,E2.1,E2.1-R0,False,subwp,123,02,4,2048437367,exito,,178.304,0,0,"[-6.6, -8.272045238855693]"
395,goal_040,5,exito,5571,959.19,02,subwp,123,1,E2.1,E2.1-R0,False,subwp,123,02,5,220175585,exito,,178.272,0,0,"[-6.6, 5.634913682675947]"
396,goal_040,6,exito,5571,982.89,02,subwp,123,1,E2.1,E2.1-R0,False,subwp,123,02,6,2484522331,exito,,178.272,0,0,"[-6.6, 0.07596836858556848]"
397,goal_040,7,exito,5572,983.2,02,subwp,123,1,E2.1,E2.1-R0,False,subwp,123,02,7,3809607117,exito,,178.304,0,0,"[-6.6, -5.243512799415412]"
398,goal_040,8,exito,5571,957.24,02,subwp,123,1,E2.1,E2.1-R0,False,subwp,123,02,8,1940840540,exito,,178.272,0,0,"[-6.6, 11.832616009082887]"
399,goal_040,9,exito,5571,979.86,02,subwp,123,1,E2.1,E2.1-R0,False,subwp,123,02,9,78237898,exito,,178.272,0,0,"[-6.6, 12.51564698006726]"
400,goal_040,10,exito,5571,982.86,02,subwp,123,1,E2.1,E2.1-R0,False,subwp,123,02,10,1203230551,exito,,178.272,0,0,"[-6.6, -12.32029586309457]"
401,goal_041,1,exito,5557,974.52,02,subwp,123,1,E2.1,E2.1-R0,False,subwp,123,02,1,2557762510,exito,,177.824,0,0,"[-6.6, -10.565592747362237]"
402,goal_041,2,exito,5556,974.6,02,subwp,123,1,E2.1,E2.1-R0,False,subwp,123,02,2,24971892,exito,,177.792,0,0,"[-6.6, 10.863824827779593]"
403,goal_041,3,exito,5557,983.38,02,subwp,123,1,E2.1,E2.1-R0,False,subwp,123,02,3,1987721954,exito,,177.824,0,0,"[-6.6, 7.061421525914629]"
404,goal_041,4,exito,5556,978.99,02,subwp,123,1,E2.1,E2.1-R0,False,subwp,123,02,4,3894325057,exito,,177.792,0,0,"[-6.6, 4.226608730045034]"
405,goal_041,5,exito,5556,965.6,02,subwp,123,1,E2.1,E2.1-R0,False,subwp,123,02,5,2669256663,exito,,177.792,0,0,"[-6.6, -3.030641350216881]"
406,goal_041,6,exito,5556,983.34,02,subwp,123,1,E2.1,E2.1-R0,False,subwp,123,02,6,101764717,exito,,177.792,0,0,"[-6.6, -11.341416463194271]"
407,goal_041,7,exito,5556,981.3,02,subwp,123,1,E2.1,E2.1-R0,False,subwp,123,02,7,1897398011,exito,,177.792,0,0,"[-6.6, -1.5643821545858902]"
408,goal_041,8,exito,5556,951.61,02,subwp,123,1,E2.1,E2.1-R0,False,subwp,123,02,8,3785941866,exito,,177.792,0,0,"[-6.6, -12.6434758596048]"
409,goal_041,9,exito,5556,983.36,02,subwp,123,1,E2.1,E2.1-R0,False,subwp,123,02,9,2528105468,exito,,177.792,0,0,"[-6.6, -6.455003254181647]"
410,goal_041,10,exito,5557,982.78,02,subwp,123,1,E2.1,E2.1-R0,False,subwp,123,02,10,2292139213,exito,,177.824,0,0,"[-6.6, -7.5591182141977775]"
411,goal_042,1,col_exit,3017,266.82,02,subwp,123,1,E2.1,E2.1-R0,False,subwp,123,02,1,2578854393,col_exit,exit,96.544,0,0,"[-6.6, -1.027180641131395]"
412,goal_042,2,exito,5562,981.55,02,subwp,123,1,E2.1,E2.1-R0,False,subwp,123,02,2,12542019,exito,,177.984,0,0,"[-6.6, 13.11514388336865]"
413,goal_042,3,exito,5561,981.91,02,subwp,123,1,E2.1,E2.1-R0,False,subwp,123,02,3,2008568021,exito,,177.952,0,0,"[-6.6, 12.797296307917941]"
414,goal_042,4,exito,5561,952.93,02,subwp,123,1,E2.1,E2.1-R0,False,subwp,123,02,4,3923559798,exito,,177.952,0,0,"[-6.6, 5.70766997241142]"
415,goal_042,5,exito,5561,980.34,02,subwp,123,1,E2.1,E2.1-R0,False,subwp,123,02,5,2665215456,exito,,177.952,0,0,"[-6.6, -6.133551778941878]"
416,goal_042,6,exito,5562,981.97,02,subwp,123,1,E2.1,E2.1-R0,False,subwp,123,02,6,131245146,exito,,177.984,0,0,"[-6.6, 8.94970613865857]"
417,goal_042,7,exito,5562,965.55,02,subwp,123,1,E2.1,E2.1-R0,False,subwp,123,02,7,1893045452,exito,,177.984,0,0,"[-6.6, 12.32382334792906]"
418,goal_042,8,exito,5562,976.76,02,subwp,123,1,E2.1,E2.1-R0,False,subwp,123,02,8,3765078365,exito,,177.984,0,0,"[-6.6, -9.586346727272241]"
419,goal_042,9,exito,5561,981.87,02,subwp,123,1,E2.1,E2.1-R0,False,subwp,123,02,9,2540550603,exito,,177.952,0,0,"[-6.6, -4.918073160096751]"
420,goal_042,10,exito,5562,974.83,02,subwp,123,1,E2.1,E2.1-R0,False,subwp,123,02,10,807609256,exito,,177.984,0,0,"[-6.6, 0.7679719273341006]"
421,goal_043,1,exito,5556,970.99,02,subwp,123,1,E2.1,E2.1-R0,False,subwp,123,02,1,2616233888,exito,,177.792,0,0,"[-6.6, -5.7004090625605155]"
422,goal_043,2,exito,5556,983.18,02,subwp,123,1,E2.1,E2.1-R0,False,subwp,123,02,2,49929754,exito,,177.792,0,0,"[-6.6, 5.07144833540674]"
423,goal_043,3,exito,5556,980.15,02,subwp,123,1,E2.1,E2.1-R0,False,subwp,123,02,3,1979641484,exito,,177.792,0,0,"[-6.6, -10.118028037917751]"
424,goal_043,4,exito,5556,959.89,02,subwp,123,1,E2.1,E2.1-R0,False,subwp,123,02,4,3952769839,exito,,177.792,0,0,"[-6.6, 1.865229900233554]"
425,goal_043,5,exito,5556,983.16,02,subwp,123,1,E2.1,E2.1-R0,False,subwp,123,02,5,2627554233,exito,,177.792,0,0,"[-6.6, 1.807094482691105]"
426,goal_043,6,exito,5556,981.72,02,subwp,123,1,E2.1,E2.1-R0,False,subwp,123,02,6,93592067,exito,,177.792,0,0,"[-6.6, -0.9303059434550275]"
427,goal_043,7,col_exit,3049,267.36,02,subwp,123,1,E2.1,E2.1-R0,False,subwp,123,02,7,1922247317,col_exit,exit,97.568,0,0,"[-6.6, 6.934723900224135]"
428,goal_043,8,exito,5557,982.93,02,subwp,123,1,E2.1,E2.1-R0,False,subwp,123,02,8,3794548484,exito,,177.824,0,0,"[-6.6, 4.402480142889368]"
429,goal_043,9,exito,5557,983.14,02,subwp,123,1,E2.1,E2.1-R0,False,subwp,123,02,9,2502625170,exito,,177.824,0,0,"[-6.6, 3.348602543709726]"
430,goal_043,10,exito,5556,953.68,02,subwp,123,1,E2.1,E2.1-R0,False,subwp,123,02,10,580291654,exito,,177.792,0,0,"[-6.6, 10.559659133494181]"
431,goal_044,1,exito,5560,980.36,02,subwp,123,1,E2.1,E2.1-R0,False,subwp,123,02,1,2587026839,exito,,177.92,0,0,"[-6.6, 4.230378339541871]"
432,goal_044,2,exito,5561,982.03,02,subwp,123,1,E2.1,E2.1-R0,False,subwp,123,02,2,54244397,exito,,177.952,0,0,"[-6.6, -0.6326333084797036]"
433,goal_044,3,exito,5566,962.4,02,subwp,123,1,E2.1,E2.1-R0,False,subwp,123,02,3,1950123195,exito,,178.112,0,0,"[-6.6, 5.475994610504747]"
434,goal_044,4,exito,5561,977.49,02,subwp,123,1,E2.1,E2.1-R0,False,subwp,123,02,4,3931640088,exito,,177.952,0,0,"[-6.6, 1.8228212242416886]"
435,goal_044,5,exito,5561,982.01,02,subwp,123,1,E2.1,E2.1-R0,False,subwp,123,02,5,2640257422,exito,,177.952,0,0,"[-6.6, -7.900977227883873]"
436,goal_044,6,exito,5562,974.03,02,subwp,123,1,E2.1,E2.1-R0,False,subwp,123,02,6,72773684,exito,,177.984,0,0,"[-6.6, 12.993273275568255]"
437,goal_044,7,exito,5561,969.62,02,subwp,123,1,E2.1,E2.1-R0,False,subwp,123,02,7,1934704802,exito,,177.952,0,0,"[-6.6, -13.028692363362511]"
438,goal_044,8,exito,5561,982.01,02,subwp,123,1,E2.1,E2.1-R0,False,subwp,123,02,8,3824049459,exito,,177.952,0,0,"[-6.6, -2.0840202506596968]"
439,goal_044,9,exito,5561,978.89,02,subwp,123,1,E2.1,E2.1-R0,False,subwp,123,02,9,2498325925,exito,,177.952,0,0,"[-6.6, 11.836533728922527]"
440,goal_044,10,exito,5561,953.77,02,subwp,123,1,E2.1,E2.1-R0,False,subwp,123,02,10,2586503971,exito,,177.952,0,0,"[-6.6, -11.175832686672123]"
441,goal_045,1,exito,5557,983.03,02,subwp,123,1,E2.1,E2.1-R0,False,subwp,123,02,1,2675831570,exito,,177.824,0,0,"[-6.6, -2.788198230846509]"
442,goal_045,2,exito,5557,981.99,02,subwp,123,1,E2.1,E2.1-R0,False,subwp,123,02,2,108307112,exito,,177.824,0,0,"[-6.6, -6.553109030913678]"
443,goal_045,3,col_exit,3038,263.74,02,subwp,123,1,E2.1,E2.1-R0,False,subwp,123,02,3,1903399486,col_exit,exit,97.216,0,0,"[-6.6, -12.145273449749073]"
444,goal_045,4,exito,5559,982.75,02,subwp,123,1,E2.1,E2.1-R0,False,subwp,123,02,4,4011263901,exito,,177.888,0,0,"[-6.6, -6.221097446868045]"
445,goal_045,5,exito,5557,983.0,02,subwp,123,1,E2.1,E2.1-R0,False,subwp,123,02,5,2551199499,exito,,177.824,0,0,"[-6.6, -12.316827527629636]"
446,goal_045,6,exito,5557,954.3,02,subwp,123,1,E2.1,E2.1-R0,False,subwp,123,02,6,18441905,exito,,177.824,0,0,"[-6.6, -11.7062738608327]"
447,goal_045,7,exito,5557,981.83,02,subwp,123,1,E2.1,E2.1-R0,False,subwp,123,02,7,1981699623,exito,,177.824,0,0,"[-6.6, -5.867339260564643]"
448,goal_045,8,exito,5557,983.05,02,subwp,123,1,E2.1,E2.1-R0,False,subwp,123,02,8,3869330358,exito,,177.824,0,0,"[-6.6, -7.6411933837772725]"
449,goal_045,9,exito,5558,964.14,02,subwp,123,1,E2.1,E2.1-R0,False,subwp,123,02,9,2443606816,exito,,177.856,0,0,"[-6.6, -12.47291037670315]"
450,goal_045,10,exito,5557,979.72,02,subwp,123,1,E2.1,E2.1-R0,False,subwp,123,02,10,134075290,exito,,177.824,0,0,"[-6.6, 4.0512037154080165]"
451,goal_046,1,exito,5566,979.9,02,subwp,123,1,E2.1,E2.1-R0,False,subwp,123,02,1,2663356709,exito,,178.112,0,0,"[-6.6, -11.743870138408358]"
452,goal_046,2,exito,5566,970.77,02,subwp,123,1,E2.1,E2.1-R0,False,subwp,123,02,2,129419423,exito,,178.112,0,0,"[-6.6, 12.02942933792492]"
453,goal_046,3,exito,5565,967.55,02,subwp,123,1,E2.1,E2.1-R0,False,subwp,123,02,3,1890711561,exito,,178.08,0,0,"[-6.6, -6.651914071020118]"
454,goal_046,4,exito,5566,979.89,02,subwp,123,1,E2.1,E2.1-R0,False,subwp,123,02,4,4006964650,exito,,178.112,0,0,"[-6.6, 2.5199409828716344]"
455,goal_046,5,exito,5566,977.22,02,subwp,123,1,E2.1,E2.1-R0,False,subwp,123,02,5,2580700476,exito,,178.112,0,0,"[-6.6, -1.9904601900444547]"
456,goal_046,6,exito,5565,946.62,02,subwp,123,1,E2.1,E2.1-R0,False,subwp,123,02,6,14355590,exito,,178.08,0,0,"[-6.6, 8.190326068810968]"
457,goal_046,7,exito,5566,979.89,02,subwp,123,1,E2.1,E2.1-R0,False,subwp,123,02,7,2010922000,exito,,178.112,0,0,"[-6.6, -5.885825174608972]"
458,goal_046,8,exito,5565,979.34,02,subwp,123,1,E2.1,E2.1-R0,False,subwp,123,02,8,3882033537,exito,,178.08,0,0,"[-6.6, 4.210860860101521]"
459,goal_046,9,exito,5565,938.48,02,subwp,123,1,E2.1,E2.1-R0,False,subwp,123,02,9,2422477079,exito,,178.08,0,0,"[-6.6, -3.0302763797027072]"
460,goal_046,10,exito,5565,979.69,02,subwp,123,1,E2.1,E2.1-R0,False,subwp,123,02,10,3208754431,exito,,178.08,0,0,"[-6.6, -3.8804075171317542]"
461,goal_047,1,exito,5557,982.9,02,subwp,123,1,E2.1,E2.1-R0,False,subwp,123,02,1,2633574268,exito,,177.824,0,0,"[-6.6, -3.761801541491767]"
462,goal_047,2,exito,5559,957.94,02,subwp,123,1,E2.1,E2.1-R0,False,subwp,123,02,2,99645126,exito,,177.888,0,0,"[-6.6, 7.336369600875429]"
463,goal_047,3,exito,5557,982.89,02,subwp,123,1,E2.1,E2.1-R0,False,subwp,123,02,3,1928808016,exito,,177.824,0,0,"[-6.6, -2.8352905933198977]"
464,goal_047,4,exito,5557,982.84,02,subwp,123,1,E2.1,E2.1-R0,False,subwp,123,02,4,3969111027,exito,,177.824,0,0,"[-6.6, -3.315756756450303]"
465,goal_047,5,exito,5557,969.91,02,subwp,123,1,E2.1,E2.1-R0,False,subwp,123,02,5,2610226021,exito,,177.824,0,0,"[-6.6, 5.0358358884051]"
466,goal_047,6,exito,5557,982.87,02,subwp,123,1,E2.1,E2.1-R0,False,subwp,123,02,6,43889375,exito,,177.824,0,0,"[-6.6, 13.223344157497857]"
467,goal_047,7,exito,5558,982.77,02,subwp,123,1,E2.1,E2.1-R0,False,subwp,123,02,7,1973060169,exito,,177.856,0,0,"[-6.6, 9.527400403907516]"
468,goal_047,8,exito,5558,976.79,02,subwp,123,1,E2.1,E2.1-R0,False,subwp,123,02,8,3844448216,exito,,177.856,0,0,"[-6.6, 8.083526301828034]"
469,goal_047,9,exito,5557,982.88,02,subwp,123,1,E2.1,E2.1-R0,False,subwp,123,02,9,2451746638,exito,,177.824,0,0,"[-6.6, 8.361438442458445]"
470,goal_047,10,exito,5558,982.89,02,subwp,123,1,E2.1,E2.1-R0,False,subwp,123,02,10,2918456081,exito,,177.856,0,0,"[-6.6, -11.856902190542433]"
471,goal_048,1,exito,5565,977.81,02,subwp,123,1,E2.1,E2.1-R0,False,subwp,123,02,1,2637909323,exito,,178.08,0,0,"[-6.6, 6.270994064228511]"
472,goal_048,2,exito,5565,979.95,02,subwp,123,1,E2.1,E2.1-R0,False,subwp,123,02,2,70393073,exito,,178.08,0,0,"[-6.6, -7.430607328959148]"
473,goal_048,3,exito,5566,979.98,02,subwp,123,1,E2.1,E2.1-R0,False,subwp,123,02,3,1932864615,exito,,178.112,0,0,"[-6.6, 11.415750671599602]"
474,goal_048,4,exito,5563,979.44,02,subwp,123,1,E2.1,E2.1-R0,False,subwp,123,02,4,3981556164,exito,,178.016,0,0,"[-6.6, 6.679906632766949]"
475,goal_048,5,exito,5565,979.99,02,subwp,123,1,E2.1,E2.1-R0,False,subwp,123,02,5,2589362514,exito,,178.08,0,0,"[-6.6, 2.360264281639464]"
476,goal_048,6,exito,5565,979.98,02,subwp,123,1,E2.1,E2.1-R0,False,subwp,123,02,6,56613096,exito,,178.08,0,0,"[-6.6, 7.422109718967125]"
477,goal_048,7,exito,5566,979.98,02,subwp,123,1,E2.1,E2.1-R0,False,subwp,123,02,7,1951983742,exito,,178.112,0,0,"[-6.6, 10.300504645596735]"
478,goal_048,8,exito,5563,979.75,02,subwp,123,1,E2.1,E2.1-R0,False,subwp,123,02,8,3840407023,exito,,178.016,0,0,"[-6.6, 12.358758150155966]"
479,goal_048,9,exito,5565,980.03,02,subwp,123,1,E2.1,E2.1-R0,False,subwp,123,02,9,2480981369,exito,,178.08,0,0,"[-6.6, -3.4985337713646754]"
480,goal_048,10,exito,5565,979.96,02,subwp,123,1,E2.1,E2.1-R0,False,subwp,123,02,10,357071988,exito,,178.08,0,0,"[-6.6, 9.418727203898142]"
481,goal_049,1,exito,5558,982.71,02,subwp,123,1,E2.1,E2.1-R0,False,subwp,123,02,1,2523335286,exito,,177.856,0,0,"[-6.6, -10.570299564896924]"
482,goal_049,2,exito,5558,982.7,02,subwp,123,1,E2.1,E2.1-R0,False,subwp,123,02,2,258890700,exito,,177.856,0,0,"[-6.6, -1.2210061720408456]"
483,goal_049,3,exito,5558,982.74,02,subwp,123,1,E2.1,E2.1-R0,False,subwp,123,02,3,2020174682,exito,,177.856,0,0,"[-6.6, -9.596536969568659]"
484,goal_049,4,exito,5558,982.74,02,subwp,123,1,E2.1,E2.1-R0,False,subwp,123,02,4,3859676921,exito,,177.856,0,0,"[-6.6, -9.601187500885583]"
485,goal_049,5,exito,5558,982.69,02,subwp,123,1,E2.1,E2.1-R0,False,subwp,123,02,5,2433404527,exito,,177.856,0,0,"[-6.6, -6.386559252912636]"
486,goal_049,6,exito,5558,981.59,02,subwp,123,1,E2.1,E2.1-R0,False,subwp,123,02,6,134455253,exito,,177.856,0,0,"[-6.6, -5.951525481555723]"
487,goal_049,7,exito,5558,982.73,02,subwp,123,1,E2.1,E2.1-R0,False,subwp,123,02,7,2131013443,exito,,177.856,0,0,"[-6.6, 6.093528518929933]"
488,goal_049,8,exito,5558,982.7,02,subwp,123,1,E2.1,E2.1-R0,False,subwp,123,02,8,4022055634,exito,,177.856,0,0,"[-6.6, -10.76705648868798]"
489,goal_049,9,exito,5558,979.76,02,subwp,123,1,E2.1,E2.1-R0,False,subwp,123,02,9,2562490948,exito,,177.856,0,0,"[-6.6, -8.149084095992016]"
490,goal_049,10,exito,5558,982.74,02,subwp,123,1,E2.1,E2.1-R0,False,subwp,123,02,10,1294691362,exito,,177.856,0,0,"[-6.6, 3.5550770232477467]"
491,goal_050,1,exito,5526,988.6,02,subwp,123,1,E2.1,E2.1-R0,False,subwp,123,02,1,2544197697,exito,,176.832,0,0,"[-6.6, 13.219448259748626]"
492,goal_050,2,exito,5526,984.57,02,subwp,123,1,E2.1,E2.1-R0,False,subwp,123,02,2,246166011,exito,,176.832,0,0,"[-6.6, 5.395070533926523]"
493,goal_050,3,exito,5526,988.59,02,subwp,123,1,E2.1,E2.1-R0,False,subwp,123,02,3,2041250157,exito,,176.832,0,0,"[-6.6, -3.62882621496821]"
494,goal_050,4,exito,5527,988.58,02,subwp,123,1,E2.1,E2.1-R0,False,subwp,123,02,4,3889140942,exito,,176.864,0,0,"[-6.6, 0.47802681190477275]"
495,goal_050,5,exito,5526,986.55,02,subwp,123,1,E2.1,E2.1-R0,False,subwp,123,02,5,2429068376,exito,,176.832,0,0,"[-6.6, -2.2762053297283993]"
496,goal_050,6,exito,5526,988.56,02,subwp,123,1,E2.1,E2.1-R0,False,subwp,123,02,6,163706338,exito,,176.832,0,0,"[-6.6, -12.034983755252084]"
497,goal_050,7,exito,5526,988.56,02,subwp,123,1,E2.1,E2.1-R0,False,subwp,123,02,7,2126955892,exito,,176.832,0,0,"[-6.6, -8.502730896135736]"
498,goal_050,8,exito,5526,987.74,02,subwp,123,1,E2.1,E2.1-R0,False,subwp,123,02,8,4000962789,exito,,176.832,0,0,"[-6.6, -12.217559249913192]"
499,goal_050,9,exito,5526,988.56,02,subwp,123,1,E2.1,E2.1-R0,False,subwp,123,02,9,2575231091,exito,,176.832,0,0,"[-6.6, 3.2713355936638777]"
500,goal_050,10,exito,5526,988.55,02,subwp,123,1,E2.1,E2.1-R0,False,subwp,123,02,10,4120316743,exito,,176.832,0,0,"[-6.6, 11.67340326685753]"
501,goal_051,1,col_exit,697,-25.24,02,subwp,123,1,E2.1,E2.1-R0,False,subwp,123,02,1,549993643,col_exit,exit,22.304,0,0,"[-6.6, -2.5511029211600413]"
502,goal_051,2,col_exit,2019,153.31,02,subwp,123,1,E2.1,E2.1-R0,False,subwp,123,02,2,3116461329,col_exit,exit,64.608,0,0,"[-6.6, 11.003606594511146]"
503,goal_051,3,col_exit,999,17.08,02,subwp,123,1,E2.1,E2.1-R0,False,subwp,123,02,3,3469106567,col_exit,exit,31.968,0,0,"[-6.6, -8.462950132077665]"
504,goal_051,4,col_exit,2178,49.87,02,subwp,123,1,E2.1,E2.1-R0,False,subwp,123,02,4,1352845348,col_exit,exit,69.696,0,0,"[-6.6, 4.721553013721035]"
505,goal_051,5,col_exit,1079,24.6,02,subwp,123,1,E2.1,E2.1-R0,False,subwp,123,02,5,665188530,col_exit,exit,34.528,0,0,"[-6.6, 11.927514038272554]"
506,goal_051,6,col_approach,524,-101.74,02,subwp,123,1,E2.1,E2.1-R0,False,subwp,123,02,6,3198986504,col_approach,approach,16.768,0,0,"[-6.6, 7.294878527473584]"
507,goal_051,7,col_exit,1935,145.9,02,subwp,123,1,E2.1,E2.1-R0,False,subwp,123,02,7,3383466398,col_exit,exit,61.92,0,0,"[-6.6, -10.920928957098585]"
508,goal_051,8,col_exit,972,8.37,02,subwp,123,1,E2.1,E2.1-R0,False,subwp,123,02,8,1494516751,col_exit,exit,31.104,0,0,"[-6.6, -2.8322831520484817]"
509,goal_051,9,col_exit,2163,111.97,02,subwp,123,1,E2.1,E2.1-R0,False,subwp,123,02,9,773043353,col_exit,exit,69.216,0,0,"[-6.6, -2.5224084231928114]"
510,goal_051,10,col_exit,1065,21.36,02,subwp,123,1,E2.1,E2.1-R0,False,subwp,123,02,10,3053415805,col_exit,exit,34.08,0,0,"[-6.6, 0.4545899642686646]"
511,goal_052,1,col_approach,516,-104.64,02,subwp,123,1,E2.1,E2.1-R0,False,subwp,123,02,1,554325660,col_approach,approach,16.512,0,0,"[-6.6, 1.6498809041499127]"
512,goal_052,2,col_exit,1940,136.09,02,subwp,123,1,E2.1,E2.1-R0,False,subwp,123,02,2,3087206182,col_exit,exit,62.08,0,0,"[-6.6, 12.733731632889539]"
513,goal_052,3,col_exit,955,7.27,02,subwp,123,1,E2.1,E2.1-R0,False,subwp,123,02,3,3473160112,col_exit,exit,30.56,0,0,"[-6.6, 2.103250061523118]"
514,goal_052,4,col_exit,2145,72.06,02,subwp,123,1,E2.1,E2.1-R0,False,subwp,123,02,4,1365287443,col_exit,exit,68.64,0,0,"[-6.6, -7.333480846034949]"
515,goal_052,5,col_exit,1064,22.07,02,subwp,123,1,E2.1,E2.1-R0,False,subwp,123,02,5,644321925,col_exit,exit,34.048,0,0,"[-6.6, -4.172279526004431]"
516,goal_052,6,col_approach,539,-117.47,02,subwp,123,1,E2.1,E2.1-R0,False,subwp,123,02,6,3211707199,col_approach,approach,17.248,0,0,"[-6.6, -12.444384158896414]"
517,goal_052,7,col_exit,1931,139.85,02,subwp,123,1,E2.1,E2.1-R0,False,subwp,123,02,7,3362386857,col_exit,exit,61.792,0,0,"[-6.6, -6.90131100351357]"
518,goal_052,8,col_exit,954,10.02,02,subwp,123,1,E2.1,E2.1-R0,False,subwp,123,02,8,1490480696,col_exit,exit,30.528,0,0,"[-6.6, 3.192036459907399]"
519,goal_052,9,col_exit,2154,42.62,02,subwp,123,1,E2.1,E2.1-R0,False,subwp,123,02,9,802283182,col_exit,exit,68.928,0,0,"[-6.6, -5.734338507279886]"
520,goal_052,10,col_exit,1067,22.0,02,subwp,123,1,E2.1,E2.1-R0,False,subwp,123,02,10,222497304,col_exit,exit,34.144,0,0,"[-6.6, 2.0459760802845346]"
521,goal_053,1,col_approach,523,-105.2,02,subwp,123,1,E2.1,E2.1-R0,False,subwp,123,02,1,592242885,col_approach,approach,16.736,0,0,"[-6.6, -0.19355580620659976]"
522,goal_053,2,col_exit,1948,130.46,02,subwp,123,1,E2.1,E2.1-R0,False,subwp,123,02,2,3125131647,col_exit,exit,62.336,0,0,"[-6.6, -0.4591906471690629]"
523,goal_053,3,col_exit,960,5.35,02,subwp,123,1,E2.1,E2.1-R0,False,subwp,123,02,3,3443689961,col_exit,exit,30.72,0,0,"[-6.6, -9.844789635234438]"
524,goal_053,4,col_exit,2145,33.75,02,subwp,123,1,E2.1,E2.1-R0,False,subwp,123,02,4,1395006538,col_exit,exit,68.64,0,0,"[-6.6, 9.520099079726915]"
525,goal_053,5,col_exit,1065,19.37,02,subwp,123,1,E2.1,E2.1-R0,False,subwp,123,02,5,606153948,col_exit,exit,34.08,0,0,"[-6.6, 2.056861485716219]"
526,goal_053,6,col_approach,521,-103.86,02,subwp,123,1,E2.1,E2.1-R0,False,subwp,123,02,6,3173547366,col_approach,approach,16.672,0,0,"[-6.6, 9.233226813767681]"
527,goal_053,7,col_exit,1937,140.41,02,subwp,123,1,E2.1,E2.1-R0,False,subwp,123,02,7,3392097776,col_exit,exit,61.984,0,0,"[-6.6, 11.559264995823275]"
528,goal_053,8,col_exit,961,9.12,02,subwp,123,1,E2.1,E2.1-R0,False,subwp,123,02,8,1519407201,col_exit,exit,30.752,0,0,"[-6.6, -9.494182909451418]"
529,goal_053,9,col_exit,2147,-9.64,02,subwp,123,1,E2.1,E2.1-R0,False,subwp,123,02,9,764895479,col_exit,exit,68.704,0,0,"[-6.6, -12.159588553529797]"
530,goal_053,10,col_exit,1073,20.26,02,subwp,123,1,E2.1,E2.1-R0,False,subwp,123,02,10,536258038,col_exit,exit,34.336,0,0,"[-6.6, 9.19182016352437]"
531,goal_054,1,col_approach,529,-105.41,02,subwp,123,1,E2.1,E2.1-R0,False,subwp,123,02,1,579764978,col_approach,approach,16.928,0,0,"[-6.6, 8.031751709655275]"
532,goal_054,2,col_exit,1930,142.53,02,subwp,123,1,E2.1,E2.1-R0,False,subwp,123,02,2,3146240840,col_exit,exit,61.76,0,0,"[-6.6, -0.1404015196212188]"
533,goal_054,3,col_exit,981,0.58,02,subwp,123,1,E2.1,E2.1-R0,False,subwp,123,02,3,3430999006,col_exit,exit,31.392,0,0,"[-6.6, -12.586456429583517]"
534,goal_054,4,col_exit,2151,29.1,02,subwp,123,1,E2.1,E2.1-R0,False,subwp,123,02,4,1390704253,col_exit,exit,68.832,0,0,"[-6.6, 3.328976523487298]"
535,goal_054,5,col_exit,1062,21.09,02,subwp,123,1,E2.1,E2.1-R0,False,subwp,123,02,5,635651819,col_exit,exit,33.984,0,0,"[-6.6, 9.280181157839868]"
536,goal_054,6,col_approach,522,-104.85,02,subwp,123,1,E2.1,E2.1-R0,False,subwp,123,02,6,3169458001,col_approach,approach,16.704,0,0,"[-6.6, -2.6629056644417313]"
537,goal_054,7,col_exit,1939,139.95,02,subwp,123,1,E2.1,E2.1-R0,False,subwp,123,02,7,3421317063,col_exit,exit,62.048,0,0,"[-6.6, 2.3498691663626734]"
538,goal_054,8,col_exit,963,5.17,02,subwp,123,1,E2.1,E2.1-R0,False,subwp,123,02,8,1532115542,col_exit,exit,30.816,0,0,"[-6.6, 0.3441527751679576]"
539,goal_054,9,col_exit,2147,7.7,02,subwp,123,1,E2.1,E2.1-R0,False,subwp,123,02,9,743770816,col_exit,exit,68.704,0,0,"[-6.6, 10.118798668567122]"
540,goal_054,10,col_exit,1059,23.82,02,subwp,123,1,E2.1,E2.1-R0,False,subwp,123,02,10,2806694547,col_exit,exit,33.888,0,0,"[-6.6, 6.0294411514578705]"
541,goal_055,1,col_approach,535,-106.56,02,subwp,123,1,E2.1,E2.1-R0,False,subwp,123,02,1,666997879,col_approach,approach,17.12,0,0,"[-6.6, -3.0626269013443412]"
542,goal_055,2,col_exit,1932,142.79,02,subwp,123,1,E2.1,E2.1-R0,False,subwp,123,02,2,3200828877,col_exit,exit,61.824,0,0,"[-6.6, -2.711197156335713]"
543,goal_055,3,col_exit,994,-10.02,02,subwp,123,1,E2.1,E2.1-R0,False,subwp,123,02,3,3385849179,col_exit,exit,31.808,0,0,"[-6.6, 12.442398258552023]"
544,goal_055,4,col_exit,2146,63.0,02,subwp,123,1,E2.1,E2.1-R0,False,subwp,123,02,4,1470849272,col_exit,exit,68.672,0,0,"[-6.6, -4.603668221462281]"
545,goal_055,5,exito,4744,842.78,02,subwp,123,1,E2.1,E2.1-R0,False,subwp,123,02,5,548163694,exito,,151.808,0,0,"[-6.6, 10.8141916533986]"
546,goal_055,6,col_exit,2014,152.9,02,subwp,123,1,E2.1,E2.1-R0,False,subwp,123,02,6,3114598868,col_exit,exit,64.448,0,0,"[-6.6, -3.022535531373524]"
547,goal_055,7,exito,4744,845.12,02,subwp,123,1,E2.1,E2.1-R0,False,subwp,123,02,7,3466735938,exito,,151.808,0,0,"[-6.6, 1.2124306150915054]"
548,goal_055,8,col_exit,1956,144.39,02,subwp,123,1,E2.1,E2.1-R0,False,subwp,123,02,8,1578970323,col_exit,exit,62.592,0,0,"[-6.6, 5.37904368509587]"
549,goal_055,9,exito,4744,840.76,02,subwp,123,1,E2.1,E2.1-R0,False,subwp,123,02,9,689577029,exito,,151.808,0,0,"[-6.6, -10.884110953550396]"
550,goal_055,10,col_exit,1932,138.38,02,subwp,123,1,E2.1,E2.1-R0,False,subwp,123,02,10,983431722,col_exit,exit,61.824,0,0,"[-6.6, 12.527889553368597]"
551,goal_056,1,col_approach,967,-48.17,02,subwp,123,1,E2.1,E2.1-R0,False,subwp,123,02,1,637795904,col_approach,approach,30.944,0,0,"[-6.6, 8.41614037145803]"
552,goal_056,2,col_exit,2144,12.79,02,subwp,123,1,E2.1,E2.1-R0,False,subwp,123,02,2,3205148666,col_exit,exit,68.608,0,0,"[-6.6, -2.5733165061362424]"
553,goal_056,3,col_approach,1052,-26.74,02,subwp,123,1,E2.1,E2.1-R0,False,subwp,123,02,3,3356335980,col_approach,approach,33.664,0,0,"[-6.6, 11.664256943366352]"
554,goal_056,4,col_approach,538,-105.53,02,subwp,123,1,E2.1,E2.1-R0,False,subwp,123,02,4,1449724623,col_approach,approach,17.216,0,0,"[-6.6, -9.8259810304778]"
555,goal_056,5,col_exit,1933,143.28,02,subwp,123,1,E2.1,E2.1-R0,False,subwp,123,02,5,560872025,col_exit,exit,61.856,0,0,"[-6.6, 8.453882815635517]"
556,goal_056,6,col_approach,964,-44.6,02,subwp,123,1,E2.1,E2.1-R0,False,subwp,123,02,6,3093785571,col_approach,approach,30.848,0,0,"[-6.6, -1.8100875021292]"
557,goal_056,7,col_exit,2171,-37.39,02,subwp,123,1,E2.1,E2.1-R0,False,subwp,123,02,7,3479198581,col_exit,exit,69.472,0,0,"[-6.6, 7.325521771847747]"
558,goal_056,8,col_approach,1057,-30.88,02,subwp,123,1,E2.1,E2.1-R0,False,subwp,123,02,8,1608468196,col_approach,approach,33.824,0,0,"[-6.6, 6.359333262022072]"
559,goal_056,9,col_approach,526,-105.49,02,subwp,123,1,E2.1,E2.1-R0,False,subwp,123,02,9,685274738,col_approach,approach,16.832,0,0,"[-6.6, -0.7446709902717461]"
560,goal_056,10,col_exit,1935,141.68,02,subwp,123,1,E2.1,E2.1-R0,False,subwp,123,02,10,2183241039,col_exit,exit,61.92,0,0,"[-6.6, 2.8899184195848266]"
561,goal_057,1,col_approach,961,-44.66,02,subwp,123,1,E2.1,E2.1-R0,False,subwp,123,02,1,608518169,col_approach,approach,30.752,0,0,"[-6.6, -11.518256783605834]"
562,goal_057,2,col_exit,2152,-31.95,02,subwp,123,1,E2.1,E2.1-R0,False,subwp,123,02,2,3175879075,col_exit,exit,68.864,0,0,"[-6.6, 4.327398650344891]"
563,goal_057,3,col_approach,1058,-27.19,02,subwp,123,1,E2.1,E2.1-R0,False,subwp,123,02,3,3393921333,col_approach,approach,33.856,0,0,"[-6.6, 5.005812112373923]"
564,goal_057,4,col_approach,537,-106.82,02,subwp,123,1,E2.1,E2.1-R0,False,subwp,123,02,4,1412412566,col_approach,approach,17.184,0,0,"[-6.6, -7.019797559271443]"
565,goal_057,5,col_exit,1932,140.75,02,subwp,123,1,E2.1,E2.1-R0,False,subwp,123,02,5,589857792,col_exit,exit,61.824,0,0,"[-6.6, -6.173783068201059]"
566,goal_057,6,col_approach,961,-43.11,02,subwp,123,1,E2.1,E2.1-R0,False,subwp,123,02,6,3122779578,col_approach,approach,30.752,0,0,"[-6.6, 12.532865117308722]"
567,goal_057,7,col_exit,2157,-54.45,02,subwp,123,1,E2.1,E2.1-R0,False,subwp,123,02,7,3441878316,col_exit,exit,69.024,0,0,"[-6.6, 6.515018459463187]"
568,goal_057,8,col_approach,1059,-27.48,02,subwp,123,1,E2.1,E2.1-R0,False,subwp,123,02,8,1570371773,col_approach,approach,33.888,0,0,"[-6.6, 12.375753811533496]"
569,goal_057,9,col_approach,536,-106.75,02,subwp,123,1,E2.1,E2.1-R0,False,subwp,123,02,9,715049003,col_approach,approach,17.152,0,0,"[-6.6, -0.1543158945904277]"
570,goal_057,10,col_exit,1934,140.24,02,subwp,123,1,E2.1,E2.1-R0,False,subwp,123,02,10,2425631393,col_exit,exit,61.888,0,0,"[-6.6, -4.5450467029153945]"
571,goal_058,1,col_approach,956,-42.08,02,subwp,123,1,E2.1,E2.1-R0,False,subwp,123,02,1,629615150,col_approach,approach,30.592,0,0,"[-6.6, -2.801300671902043]"
572,goal_058,2,exito,4763,610.82,02,subwp,123,1,E2.1,E2.1-R0,False,subwp,123,02,2,3163454356,exito,,152.416,0,0,"[-6.6, -12.795173851518648]"
573,goal_058,3,col_exit,1428,71.31,02,subwp,123,1,E2.1,E2.1-R0,False,subwp,123,02,3,3414772482,col_exit,exit,45.696,0,0,"[-6.6, 4.547593621257501]"
574,goal_058,4,col_approach,709,-81.39,02,subwp,123,1,E2.1,E2.1-R0,False,subwp,123,02,4,1441652385,col_approach,approach,22.688,0,0,"[-6.6, -8.093093540275706]"
575,goal_058,5,col_exit,2044,145.04,02,subwp,123,1,E2.1,E2.1-R0,False,subwp,123,02,5,585821751,col_exit,exit,65.408,0,0,"[-6.6, 13.22223103686379]"
576,goal_058,6,col_approach,992,-40.5,02,subwp,123,1,E2.1,E2.1-R0,False,subwp,123,02,6,3152265101,col_approach,approach,31.744,0,0,"[-6.6, -10.727664232805783]"
577,goal_058,7,col_approach,607,-137.28,02,subwp,123,1,E2.1,E2.1-R0,False,subwp,123,02,7,3437530907,col_approach,approach,19.424,0,0,"[-6.6, 9.623418696142348]"
578,goal_058,8,col_exit,1865,131.18,02,subwp,123,1,E2.1,E2.1-R0,False,subwp,123,02,8,1549505162,col_exit,exit,59.68,0,0,"[-6.6, 11.763583549723569]"
579,goal_058,9,col_approach,934,-54.64,02,subwp,123,1,E2.1,E2.1-R0,False,subwp,123,02,9,727491100,col_approach,approach,29.888,0,0,"[-6.6, 9.491191953671995]"
580,goal_058,10,col_exit,2132,86.27,02,subwp,123,1,E2.1,E2.1-R0,False,subwp,123,02,10,673732036,col_exit,exit,68.224,0,0,"[-6.6, 7.296866657537243]"
581,goal_059,1,col_approach,1050,-30.0,02,subwp,123,1,E2.1,E2.1-R0,False,subwp,123,02,1,786132243,col_approach,approach,33.6,0,0,"[-6.6, -0.7399467916213127]"
582,goal_059,2,col_approach,540,-114.87,02,subwp,123,1,E2.1,E2.1-R0,False,subwp,123,02,2,3084008617,col_approach,approach,17.28,0,0,"[-6.6, -11.391569516381152]"
583,goal_059,3,col_exit,1932,138.5,02,subwp,123,1,E2.1,E2.1-R0,False,subwp,123,02,3,3235187775,col_exit,exit,61.824,0,0,"[-6.6, 0.21603759523814134]"
584,goal_059,4,col_approach,956,-45.84,02,subwp,123,1,E2.1,E2.1-R0,False,subwp,123,02,4,1588697500,col_approach,approach,30.592,0,0,"[-6.6, -6.669958331871348]"
585,goal_059,5,col_exit,2165,-32.09,02,subwp,123,1,E2.1,E2.1-R0,False,subwp,123,02,5,699836682,col_exit,exit,69.28,0,0,"[-6.6, -2.418809284547392]"
586,goal_059,6,col_approach,1052,-30.12,02,subwp,123,1,E2.1,E2.1-R0,False,subwp,123,02,6,2965371056,col_approach,approach,33.664,0,0,"[-6.6, 3.45593141927396]"
587,goal_059,7,col_approach,525,-104.76,02,subwp,123,1,E2.1,E2.1-R0,False,subwp,123,02,7,3350775846,col_approach,approach,16.8,0,0,"[-6.6, 10.32399150635184]"
588,goal_059,8,col_exit,1954,129.19,02,subwp,123,1,E2.1,E2.1-R0,False,subwp,123,02,8,1460131255,col_exit,exit,62.528,0,0,"[-6.6, 11.073189767693094]"
589,goal_059,9,col_approach,941,-43.22,02,subwp,123,1,E2.1,E2.1-R0,False,subwp,123,02,9,536929569,col_approach,approach,30.112,0,0,"[-6.6, 9.64986557444973]"
590,goal_059,10,col_exit,2158,-47.32,02,subwp,123,1,E2.1,E2.1-R0,False,subwp,123,02,10,1883981202,col_exit,exit,69.056,0,0,"[-6.6, -9.132491147995227]"
591,goal_060,1,col_approach,1062,-29.62,02,subwp,123,1,E2.1,E2.1-R0,False,subwp,123,02,1,790169380,col_approach,approach,33.984,0,0,"[-6.6, 8.950289675602344]"
592,goal_060,2,col_approach,523,-103.16,02,subwp,123,1,E2.1,E2.1-R0,False,subwp,123,02,2,3054524062,col_approach,approach,16.736,0,0,"[-6.6, -2.5851185912543744]"
593,goal_060,3,exito,4750,840.17,02,subwp,123,1,E2.1,E2.1-R0,False,subwp,123,02,3,3239536136,exito,,152.0,0,0,"[-6.6, 12.992303005923835]"
594,goal_060,4,col_approach,1217,-9.1,02,subwp,123,1,E2.1,E2.1-R0,False,subwp,123,02,4,1601434539,col_approach,approach,38.944,0,0,"[-6.6, -12.379299526104203]"
595,goal_060,5,col_approach,608,-96.87,02,subwp,123,1,E2.1,E2.1-R0,False,subwp,123,02,5,678740797,col_approach,approach,19.456,0,0,"[-6.6, 3.264453257686758]"
596,goal_060,6,col_exit,1981,142.3,02,subwp,123,1,E2.1,E2.1-R0,False,subwp,123,02,6,2977796743,col_exit,exit,63.392,0,0,"[-6.6, 0.5933396874019496]"
597,goal_060,7,col_approach,977,-47.16,02,subwp,123,1,E2.1,E2.1-R0,False,subwp,123,02,7,3329925649,col_approach,approach,31.264,0,0,"[-6.6, -2.3431413699522055]"
598,goal_060,8,col_exit,2177,-114.67,02,subwp,123,1,E2.1,E2.1-R0,False,subwp,123,02,8,1455800192,col_exit,exit,69.664,0,0,"[-6.6, -1.0264443130161636]"
599,goal_060,9,col_approach,1058,-29.12,02,subwp,123,1,E2.1,E2.1-R0,False,subwp,123,02,9,566398742,col_approach,approach,33.856,0,0,"[-6.6, -3.52998138209222]"
600,goal_060,10,col_approach,525,-103.59,02,subwp,123,1,E2.1,E2.1-R0,False,subwp,123,02,10,3371639543,col_approach,approach,16.8,0,0,"[-6.6, -9.233008595866616]"
601,goal_061,1,col_exit,1943,139.38,02,subwp,123,1,E2.1,E2.1-R0,False,subwp,123,02,1,847090501,col_exit,exit,62.176,0,0,"[-6.6, 4.163016345106624]"
602,goal_061,2,col_approach,967,-47.91,02,subwp,123,1,E2.1,E2.1-R0,False,subwp,123,02,2,2876556031,col_approach,approach,30.944,0,0,"[-6.6, -8.256196593489763]"
603,goal_061,3,col_exit,2145,-16.85,02,subwp,123,1,E2.1,E2.1-R0,False,subwp,123,02,3,3698586217,col_exit,exit,68.64,0,0,"[-6.6, 1.8739288640416305]"
604,goal_061,4,col_approach,1054,-26.58,02,subwp,123,1,E2.1,E2.1-R0,False,subwp,123,02,4,1108830154,col_approach,approach,33.728,0,0,"[-6.6, 5.918203991925645]"
605,goal_061,5,col_approach,536,-105.29,02,subwp,123,1,E2.1,E2.1-R0,False,subwp,123,02,5,890263388,col_approach,approach,17.152,0,0,"[-6.6, -5.0625425098102355]"
606,goal_061,6,col_exit,1935,143.06,02,subwp,123,1,E2.1,E2.1-R0,False,subwp,123,02,6,2887321318,col_exit,exit,61.92,0,0,"[-6.6, -7.505106140468455]"
607,goal_061,7,col_approach,963,-44.78,02,subwp,123,1,E2.1,E2.1-R0,False,subwp,123,02,7,3676190320,col_approach,approach,30.816,0,0,"[-6.6, 9.103680923174522]"
608,goal_061,8,col_exit,2169,-77.74,02,subwp,123,1,E2.1,E2.1-R0,False,subwp,123,02,8,1268853729,col_exit,exit,69.408,0,0,"[-6.6, -2.663641256619484]"
609,goal_061,9,col_approach,1047,-27.49,02,subwp,123,1,E2.1,E2.1-R0,False,subwp,123,02,9,1017518967,col_approach,approach,33.504,0,0,"[-6.6, 8.568250584547881]"
610,goal_061,10,col_approach,533,-105.73,02,subwp,123,1,E2.1,E2.1-R0,False,subwp,123,02,10,4066318253,col_approach,approach,17.056,0,0,"[-6.6, 11.861869189289772]"
611,goal_062,1,col_exit,1947,135.68,02,subwp,123,1,E2.1,E2.1-R0,False,subwp,123,02,1,868219250,col_exit,exit,62.304,0,0,"[-6.6, -2.458429013350499]"
612,goal_062,2,col_approach,963,-47.96,02,subwp,123,1,E2.1,E2.1-R0,False,subwp,123,02,2,2864097480,col_approach,approach,30.816,0,0,"[-6.6, -3.921259530000632]"
613,goal_062,3,col_exit,2148,-19.83,02,subwp,123,1,E2.1,E2.1-R0,False,subwp,123,02,3,3719403614,col_exit,exit,68.736,0,0,"[-6.6, 6.209224471300317]"
614,goal_062,4,col_approach,1053,-27.33,02,subwp,123,1,E2.1,E2.1-R0,False,subwp,123,02,4,1138036221,col_approach,approach,33.696,0,0,"[-6.6, -0.3091109315584303]"
615,goal_062,5,col_approach,537,-107.09,02,subwp,123,1,E2.1,E2.1-R0,False,subwp,123,02,5,886193515,col_approach,approach,17.184,0,0,"[-6.6, -10.294553587634692]"
616,goal_062,6,col_exit,1933,139.76,02,subwp,123,1,E2.1,E2.1-R0,False,subwp,123,02,6,2916838609,col_exit,exit,61.856,0,0,"[-6.6, -9.831435729008962]"
617,goal_062,7,col_approach,959,-42.81,02,subwp,123,1,E2.1,E2.1-R0,False,subwp,123,02,7,3671874631,col_approach,approach,30.688,0,0,"[-6.6, 2.560531123343811]"
618,goal_062,8,col_exit,2170,-90.91,02,subwp,123,1,E2.1,E2.1-R0,False,subwp,123,02,8,1248018902,col_exit,exit,69.44,0,0,"[-6.6, -4.5246909881451085]"
619,goal_062,9,col_approach,1050,-28.06,02,subwp,123,1,E2.1,E2.1-R0,False,subwp,123,02,9,1029992768,col_approach,approach,33.6,0,0,"[-6.6, 4.235911963206317]"
620,goal_062,10,col_approach,534,-107.23,02,subwp,123,1,E2.1,E2.1-R0,False,subwp,123,02,10,1256419528,col_approach,approach,17.088,0,0,"[-6.6, 8.455600548166112]"
621,goal_063,1,col_exit,1937,136.53,02,subwp,123,1,E2.1,E2.1-R0,False,subwp,123,02,1,838420267,col_exit,exit,61.984,0,0,"[-6.6, 1.6197044007195445]"
622,goal_063,2,col_approach,960,-46.69,02,subwp,123,1,E2.1,E2.1-R0,False,subwp,123,02,2,2834306705,col_approach,approach,30.72,0,0,"[-6.6, 0.04107323914311041]"
623,goal_063,3,col_exit,2154,-71.79,02,subwp,123,1,E2.1,E2.1-R0,False,subwp,123,02,3,3757516295,col_exit,exit,68.928,0,0,"[-6.6, 7.798788649702735]"
624,goal_063,4,col_approach,1059,-28.23,02,subwp,123,1,E2.1,E2.1-R0,False,subwp,123,02,4,1100198820,col_approach,approach,33.888,0,0,"[-6.6, 2.872936870274841]"
625,goal_063,5,col_approach,538,-108.55,02,subwp,123,1,E2.1,E2.1-R0,False,subwp,123,02,5,915702578,col_approach,approach,17.216,0,0,"[-6.6, -1.3485605001035514]"
626,goal_063,6,col_exit,1941,133.31,02,subwp,123,1,E2.1,E2.1-R0,False,subwp,123,02,6,2946355848,col_exit,exit,62.112,0,0,"[-6.6, 11.337460376472363]"
627,goal_063,7,col_approach,955,-44.86,02,subwp,123,1,E2.1,E2.1-R0,False,subwp,123,02,7,3634029086,col_approach,approach,30.56,0,0,"[-6.6, -12.857226743627953]"
628,goal_063,8,col_exit,2163,-68.77,02,subwp,123,1,E2.1,E2.1-R0,False,subwp,123,02,8,1210449807,col_exit,exit,69.216,0,0,"[-6.6, -4.929066659531679]"
629,goal_063,9,col_approach,1053,-28.95,02,subwp,123,1,E2.1,E2.1-R0,False,subwp,123,02,9,1059245849,col_approach,approach,33.696,0,0,"[-6.6, 8.901440464092119]"
630,goal_063,10,col_approach,532,-107.19,02,subwp,123,1,E2.1,E2.1-R0,False,subwp,123,02,10,1482088230,col_approach,approach,17.024,0,0,"[-6.6, -1.654215398597025]"
631,goal_064,1,col_approach,1928,86.04,02,subwp,123,1,E2.1,E2.1-R0,False,subwp,123,02,1,809184540,col_approach,approach,61.696,0,0,"[-6.6, -9.379331872542904]"
632,goal_064,2,col_approach,954,-41.28,02,subwp,123,1,E2.1,E2.1-R0,False,subwp,123,02,2,2838658214,col_approach,approach,30.528,0,0,"[-6.6, -3.9737629960313363]"
633,goal_064,3,col_exit,2147,-124.84,02,subwp,123,1,E2.1,E2.1-R0,False,subwp,123,02,3,3728034864,col_exit,exit,68.704,0,0,"[-6.6, -3.5889535511497104]"
634,goal_064,4,col_approach,1074,-34.1,02,subwp,123,1,E2.1,E2.1-R0,False,subwp,123,02,4,1079105939,col_approach,approach,34.368,0,0,"[-6.6, 2.474966837613943]"
635,goal_064,5,col_approach,535,-105.86,02,subwp,123,1,E2.1,E2.1-R0,False,subwp,123,02,5,928442629,col_approach,approach,17.12,0,0,"[-6.6, -7.470531172842099]"
636,goal_064,6,col_approach,1932,86.4,02,subwp,123,1,E2.1,E2.1-R0,False,subwp,123,02,6,2925508799,col_approach,approach,61.824,0,0,"[-6.6, 3.5454507522406757]"
637,goal_064,7,col_approach,966,-43.99,02,subwp,123,1,E2.1,E2.1-R0,False,subwp,123,02,7,3646457897,col_approach,approach,30.912,0,0,"[-6.6, 5.554486474530923]"
638,goal_064,8,col_exit,2142,-95.24,02,subwp,123,1,E2.1,E2.1-R0,False,subwp,123,02,8,1239913912,col_exit,exit,68.544,0,0,"[-6.6, -7.669532645585902]"
639,goal_064,9,col_approach,1070,-32.06,02,subwp,123,1,E2.1,E2.1-R0,False,subwp,123,02,9,1054909742,col_approach,approach,34.24,0,0,"[-6.6, -1.5173547574044959]"
640,goal_064,10,col_approach,535,-105.27,02,subwp,123,1,E2.1,E2.1-R0,False,subwp,123,02,10,3773478979,col_approach,approach,17.12,0,0,"[-6.6, 5.0875440098059235]"
641,goal_065,1,col_exit,1916,142.57,02,subwp,123,1,E2.1,E2.1-R0,False,subwp,123,02,1,896809881,col_exit,exit,61.312,0,0,"[-6.6, 1.5951586683305587]"
642,goal_065,2,exito,4712,838.57,02,subwp,123,1,E2.1,E2.1-R0,False,subwp,123,02,2,2893900323,exito,,150.784,0,0,"[-6.6, 10.394262836496026]"
643,goal_065,3,col_exit,1942,137.46,02,subwp,123,1,E2.1,E2.1-R0,False,subwp,123,02,3,3682228917,col_exit,exit,62.144,0,0,"[-6.6, 10.260920226423856]"
644,goal_065,4,col_exit,975,-1.17,02,subwp,123,1,E2.1,E2.1-R0,False,subwp,123,02,4,1159646998,col_exit,exit,31.2,0,0,"[-6.6, -7.533419526835593]"
645,goal_065,5,col_exit,2146,-68.78,02,subwp,123,1,E2.1,E2.1-R0,False,subwp,123,02,5,840564608,col_exit,exit,68.672,0,0,"[-6.6, 1.103961088634057]"
646,goal_065,6,col_exit,1064,20.69,02,subwp,123,1,E2.1,E2.1-R0,False,subwp,123,02,6,2869997114,col_exit,exit,34.048,0,0,"[-6.6, -2.166944242190621]"
647,goal_065,7,col_exit,538,-55.7,02,subwp,123,1,E2.1,E2.1-R0,False,subwp,123,02,7,3692535468,col_exit,exit,17.216,0,0,"[-6.6, -11.030053278796238]"
648,goal_065,8,col_exit,1917,142.64,02,subwp,123,1,E2.1,E2.1-R0,False,subwp,123,02,8,1286112061,col_exit,exit,61.344,0,0,"[-6.6, 10.851166894314169]"
649,goal_065,9,exito,4711,838.1,02,subwp,123,1,E2.1,E2.1-R0,False,subwp,123,02,9,1001370539,exito,,150.752,0,0,"[-6.6, 1.7721983355182782]"
650,goal_065,10,col_exit,1944,135.33,02,subwp,123,1,E2.1,E2.1-R0,False,subwp,123,02,10,2101182714,col_exit,exit,62.208,0,0,"[-6.6, -12.193240940513755]"
651,goal_066,1,col_exit,974,-1.87,02,subwp,123,1,E2.1,E2.1-R0,False,subwp,123,02,1,884363694,col_exit,exit,31.168,0,0,"[-6.6, -11.576470356674651]"
652,goal_066,2,col_exit,2150,-65.24,02,subwp,123,1,E2.1,E2.1-R0,False,subwp,123,02,2,2914975764,col_exit,exit,68.8,0,0,"[-6.6, 11.996518392967156]"
653,goal_066,3,col_exit,1066,19.17,02,subwp,123,1,E2.1,E2.1-R0,False,subwp,123,02,3,3669504130,col_exit,exit,34.112,0,0,"[-6.6, 7.033982546596796]"
654,goal_066,4,col_approach,538,-108.2,02,subwp,123,1,E2.1,E2.1-R0,False,subwp,123,02,4,1155310881,col_approach,approach,17.216,0,0,"[-6.6, 1.792140092979501]"
655,goal_066,5,col_exit,1917,138.77,02,subwp,123,1,E2.1,E2.1-R0,False,subwp,123,02,5,870028727,col_exit,exit,61.344,0,0,"[-6.6, 10.233024038040101]"
656,goal_066,6,col_exit,962,6.53,02,subwp,123,1,E2.1,E2.1-R0,False,subwp,123,02,6,2865939469,col_exit,exit,30.784,0,0,"[-6.6, -4.409799017125238]"
657,goal_066,7,col_exit,2175,-86.82,02,subwp,123,1,E2.1,E2.1-R0,False,subwp,123,02,7,3721786523,col_exit,exit,69.6,0,0,"[-6.6, -4.094185971313288]"
658,goal_066,8,col_exit,1047,21.72,02,subwp,123,1,E2.1,E2.1-R0,False,subwp,123,02,8,1298852106,col_exit,exit,33.504,0,0,"[-6.6, -2.790181452759533]"
659,goal_066,9,col_approach,533,-104.98,02,subwp,123,1,E2.1,E2.1-R0,False,subwp,123,02,9,980277660,col_approach,approach,17.056,0,0,"[-6.6, -11.551593269527526]"
660,goal_066,10,col_exit,1939,132.45,02,subwp,123,1,E2.1,E2.1-R0,False,subwp,123,02,10,3313624991,col_exit,exit,62.048,0,0,"[-6.6, -9.770340197869736]"
661,goal_067,1,col_exit,971,-6.28,02,subwp,123,1,E2.1,E2.1-R0,False,subwp,123,02,1,921759735,col_exit,exit,31.072,0,0,"[-6.6, 9.395478942991854]"
662,goal_067,2,col_exit,2144,-53.77,02,subwp,123,1,E2.1,E2.1-R0,False,subwp,123,02,2,2952379981,col_exit,exit,68.608,0,0,"[-6.6, -3.138809813448155]"
663,goal_067,3,col_exit,1070,15.57,02,subwp,123,1,E2.1,E2.1-R0,False,subwp,123,02,3,3640561371,col_exit,exit,34.24,0,0,"[-6.6, -6.910417288832909]"
664,goal_067,4,col_approach,538,-111.07,02,subwp,123,1,E2.1,E2.1-R0,False,subwp,123,02,4,1184504696,col_approach,approach,17.216,0,0,"[-6.6, 6.884763230407005]"
665,goal_067,5,col_exit,1918,138.19,02,subwp,123,1,E2.1,E2.1-R0,False,subwp,123,02,5,832383982,col_exit,exit,61.376,0,0,"[-6.6, -2.5702252885915713]"
666,goal_067,6,col_exit,959,5.23,02,subwp,123,1,E2.1,E2.1-R0,False,subwp,123,02,6,2828302932,col_exit,exit,30.688,0,0,"[-6.6, -7.1046808009542]"
667,goal_067,7,col_exit,2171,-85.07,02,subwp,123,1,E2.1,E2.1-R0,False,subwp,123,02,7,3750972098,col_exit,exit,69.472,0,0,"[-6.6, -4.6077243715190965]"
668,goal_067,8,col_exit,1051,19.59,02,subwp,123,1,E2.1,E2.1-R0,False,subwp,123,02,8,1328306003,col_exit,exit,33.632,0,0,"[-6.6, -0.6863058710622353]"
669,goal_067,9,col_approach,533,-106.35,02,subwp,123,1,E2.1,E2.1-R0,False,subwp,123,02,9,942368709,col_approach,approach,17.056,0,0,"[-6.6, -7.904180169243234]"
670,goal_067,10,col_exit,1938,130.25,02,subwp,123,1,E2.1,E2.1-R0,False,subwp,123,02,10,3610527857,col_exit,exit,62.016,0,0,"[-6.6, -6.125375012503374]"
671,goal_068,1,col_exit,946,7.64,02,subwp,123,1,E2.1,E2.1-R0,False,subwp,123,02,1,926057920,col_exit,exit,30.272,0,0,"[-6.6, -10.398094808409827]"
672,goal_068,2,col_exit,2166,-80.26,02,subwp,123,1,E2.1,E2.1-R0,False,subwp,123,02,2,2923156602,col_exit,exit,69.312,0,0,"[-6.6, -12.899929327674052]"
673,goal_068,3,col_exit,1072,12.41,02,subwp,123,1,E2.1,E2.1-R0,False,subwp,123,02,3,3644646636,col_exit,exit,34.304,0,0,"[-6.6, -2.868129121346625]"
674,goal_068,4,col_approach,536,-111.64,02,subwp,123,1,E2.1,E2.1-R0,False,subwp,123,02,4,1196978511,col_approach,approach,17.152,0,0,"[-6.6, -11.972916403438298]"
675,goal_068,5,col_exit,1919,137.57,02,subwp,123,1,E2.1,E2.1-R0,False,subwp,123,02,5,811549145,col_exit,exit,61.408,0,0,"[-6.6, -11.045167208499302]"
676,goal_068,6,col_exit,963,4.17,02,subwp,123,1,E2.1,E2.1-R0,False,subwp,123,02,6,2840989795,col_exit,exit,30.816,0,0,"[-6.6, 10.576529828993566]"
677,goal_068,7,col_exit,2166,-75.68,02,subwp,123,1,E2.1,E2.1-R0,False,subwp,123,02,7,3729858805,col_exit,exit,69.312,0,0,"[-6.6, -3.5180260806188848]"
678,goal_068,8,col_exit,1055,18.51,02,subwp,123,1,E2.1,E2.1-R0,False,subwp,123,02,8,1324236132,col_exit,exit,33.76,0,0,"[-6.6, 1.6886679616830507]"
679,goal_068,9,col_approach,532,-107.33,02,subwp,123,1,E2.1,E2.1-R0,False,subwp,123,02,9,971574770,col_approach,approach,17.024,0,0,"[-6.6, 5.961359835152015]"
680,goal_068,10,col_exit,1936,129.05,02,subwp,123,1,E2.1,E2.1-R0,False,subwp,123,02,10,1871195924,col_exit,exit,61.952,0,0,"[-6.6, 8.34488374648662]"
681,goal_069,1,col_approach,960,-44.81,02,subwp,123,1,E2.1,E2.1-R0,False,subwp,123,02,1,1013891837,col_approach,approach,30.72,0,0,"[-6.6, 4.5595854251541885]"
682,goal_069,2,col_exit,2150,-61.98,02,subwp,123,1,E2.1,E2.1-R0,False,subwp,123,02,2,2775028551,col_exit,exit,68.8,0,0,"[-6.6, -10.24994443840236]"
683,goal_069,3,col_exit,1076,8.56,02,subwp,123,1,E2.1,E2.1-R0,False,subwp,123,02,3,3529548753,col_exit,exit,34.432,0,0,"[-6.6, -10.600492440911914]"
684,goal_069,4,col_approach,536,-114.47,02,subwp,123,1,E2.1,E2.1-R0,False,subwp,123,02,4,1275344498,col_approach,approach,17.152,0,0,"[-6.6, 9.13077548866981]"
685,goal_069,5,exito,4712,837.2,02,subwp,123,1,E2.1,E2.1-R0,False,subwp,123,02,5,990054116,exito,,150.784,0,0,"[-6.6, 11.860396623743089]"
686,goal_069,6,col_exit,1239,31.06,02,subwp,123,1,E2.1,E2.1-R0,False,subwp,123,02,6,2718586718,col_exit,exit,39.648,0,0,"[-6.6, 9.061349986237293]"
687,goal_069,7,col_approach,601,-96.27,02,subwp,123,1,E2.1,E2.1-R0,False,subwp,123,02,7,3574425544,col_approach,approach,19.232,0,0,"[-6.6, -9.324137110802537]"
688,goal_069,8,exito,4712,837.16,02,subwp,123,1,E2.1,E2.1-R0,False,subwp,123,02,8,1169324633,exito,,150.784,0,0,"[-6.6, -11.796663902969055]"
689,goal_069,9,col_exit,1284,40.65,02,subwp,123,1,E2.1,E2.1-R0,False,subwp,123,02,9,850741967,col_exit,exit,41.088,0,0,"[-6.6, 9.693295753265712]"
690,goal_069,10,col_approach,620,-89.18,02,subwp,123,1,E2.1,E2.1-R0,False,subwp,123,02,10,938164034,col_approach,approach,19.84,0,0,"[-6.6, -9.538463728264505]"
691,goal_070,1,col_exit,1972,148.21,02,subwp,123,1,E2.1,E2.1-R0,False,subwp,123,02,1,1034725578,col_exit,exit,63.104,0,0,"[-6.6, 7.088266760588089]"
692,goal_070,2,col_approach,986,-39.6,02,subwp,123,1,E2.1,E2.1-R0,False,subwp,123,02,2,2762340720,col_approach,approach,31.552,0,0,"[-6.6, 1.2568018029773236]"
693,goal_070,3,col_approach,532,-121.14,02,subwp,123,1,E2.1,E2.1-R0,False,subwp,123,02,3,3550661094,col_approach,approach,17.024,0,0,"[-6.6, 12.62338500938787]"
694,goal_070,4,col_exit,1889,136.65,02,subwp,123,1,E2.1,E2.1-R0,False,subwp,123,02,4,1304845381,col_exit,exit,60.448,0,0,"[-6.6, -0.5476763341035052]"
695,goal_070,5,col_approach,950,-44.46,02,subwp,123,1,E2.1,E2.1-R0,False,subwp,123,02,5,985754835,col_approach,approach,30.4,0,0,"[-6.6, 6.830431131943091]"
696,goal_070,6,col_exit,2165,-74.56,02,subwp,123,1,E2.1,E2.1-R0,False,subwp,123,02,6,2747809129,col_exit,exit,69.28,0,0,"[-6.6, -2.364418161181215]"
697,goal_070,7,col_approach,1053,-29.58,02,subwp,123,1,E2.1,E2.1-R0,False,subwp,123,02,7,3570339327,col_approach,approach,33.696,0,0,"[-6.6, -2.557605269101825]"
698,goal_070,8,col_approach,533,-107.66,02,subwp,123,1,E2.1,E2.1-R0,False,subwp,123,02,8,1148194926,col_approach,approach,17.056,0,0,"[-6.6, -7.2542258350725835]"
699,goal_070,9,col_exit,1940,126.34,02,subwp,123,1,E2.1,E2.1-R0,False,subwp,123,02,9,863445240,col_exit,exit,62.08,0,0,"[-6.6, 11.008517794915488]"
700,goal_070,10,col_approach,947,-42.88,02,subwp,123,1,E2.1,E2.1-R0,False,subwp,123,02,10,2404866087,col_approach,approach,30.304,0,0,"[-6.6, 9.778988916589046]"
701,goal_071,1,col_exit,2158,-69.25,02,subwp,123,1,E2.1,E2.1-R0,False,subwp,123,02,1,2327966752,col_exit,exit,69.056,0,0,"[-6.6, 5.155895875444254]"
702,goal_071,2,col_approach,1075,-41.1,02,subwp,123,1,E2.1,E2.1-R0,False,subwp,123,02,2,331916698,col_approach,approach,34.4,0,0,"[-6.6, -4.993194170042204]"
703,goal_071,3,col_approach,535,-112.18,02,subwp,123,1,E2.1,E2.1-R0,False,subwp,123,02,3,1691325708,col_approach,approach,17.12,0,0,"[-6.6, 1.9898585815893621]"
704,goal_071,4,exito,4713,836.99,02,subwp,123,1,E2.1,E2.1-R0,False,subwp,123,02,4,4205510831,exito,,150.816,0,0,"[-6.6, 5.86355868292227]"
705,goal_071,5,col_exit,1237,34.38,02,subwp,123,1,E2.1,E2.1-R0,False,subwp,123,02,5,2376871993,col_exit,exit,39.584,0,0,"[-6.6, -8.17496877035469]"
706,goal_071,6,col_approach,602,-95.39,02,subwp,123,1,E2.1,E2.1-R0,False,subwp,123,02,6,346382723,col_approach,approach,19.264,0,0,"[-6.6, -8.939934052235632]"
707,goal_071,7,exito,4712,836.83,02,subwp,123,1,E2.1,E2.1-R0,False,subwp,123,02,7,1671581973,exito,,150.784,0,0,"[-6.6, 9.168018541445225]"
708,goal_071,8,col_exit,1284,42.08,02,subwp,123,1,E2.1,E2.1-R0,False,subwp,123,02,8,4078783620,col_exit,exit,41.088,0,0,"[-6.6, 7.864475948647378]"
709,goal_071,9,col_approach,631,-94.07,02,subwp,123,1,E2.1,E2.1-R0,False,subwp,123,02,9,2216328210,col_approach,approach,20.192,0,0,"[-6.6, -0.20581493426298716]"
710,goal_071,10,col_exit,1992,133.11,02,subwp,123,1,E2.1,E2.1-R0,False,subwp,123,02,10,3477028381,col_exit,exit,63.744,0,0,"[-6.6, -12.000377431545974]"
711,goal_072,1,col_approach,995,-55.75,02,subwp,123,1,E2.1,E2.1-R0,False,subwp,123,02,1,2332270103,col_approach,approach,31.84,0,0,"[-6.6, -11.293073317587442]"
712,goal_072,2,col_exit,2157,-71.38,02,subwp,123,1,E2.1,E2.1-R0,False,subwp,123,02,2,302698413,col_exit,exit,69.024,0,0,"[-6.6, 9.884429863505009]"
713,goal_072,3,col_approach,1064,-32.07,02,subwp,123,1,E2.1,E2.1-R0,False,subwp,123,02,3,1695416123,col_approach,approach,34.048,0,0,"[-6.6, 9.646798020838215]"
714,goal_072,4,col_approach,539,-105.77,02,subwp,123,1,E2.1,E2.1-R0,False,subwp,123,02,4,4217989784,col_approach,approach,17.248,0,0,"[-6.6, -3.5768934048796455]"
715,goal_072,5,col_exit,1917,139.98,02,subwp,123,1,E2.1,E2.1-R0,False,subwp,123,02,5,2356042254,col_exit,exit,61.344,0,0,"[-6.6, 6.283545010719491]"
716,goal_072,6,col_approach,967,-46.08,02,subwp,123,1,E2.1,E2.1-R0,False,subwp,123,02,6,359074740,col_approach,approach,30.944,0,0,"[-6.6, -5.416415482092197]"
717,goal_072,7,col_exit,2173,-80.03,02,subwp,123,1,E2.1,E2.1-R0,False,subwp,123,02,7,1650473762,col_exit,exit,69.536,0,0,"[-6.6, -11.731173511875946]"
718,goal_072,8,col_approach,1068,-40.62,02,subwp,123,1,E2.1,E2.1-R0,False,subwp,123,02,8,4074710707,col_approach,approach,34.176,0,0,"[-6.6, -6.80319887390124]"
719,goal_072,9,col_approach,520,-104.29,02,subwp,123,1,E2.1,E2.1-R0,False,subwp,123,02,9,2245531173,col_approach,approach,16.64,0,0,"[-6.6, -0.42467873998726047]"
720,goal_072,10,col_exit,1931,136.06,02,subwp,123,1,E2.1,E2.1-R0,False,subwp,123,02,10,2005096824,col_exit,exit,61.792,0,0,"[-6.6, -12.148219860286368]"
721,goal_073,1,col_approach,971,-54.32,02,subwp,123,1,E2.1,E2.1-R0,False,subwp,123,02,1,2303008846,col_approach,approach,31.072,0,0,"[-6.6, -1.070705011421515]"
722,goal_073,2,col_exit,2144,-49.12,02,subwp,123,1,E2.1,E2.1-R0,False,subwp,123,02,2,273445364,col_exit,exit,68.608,0,0,"[-6.6, 12.13766282146121]"
723,goal_073,3,col_approach,1065,-33.09,02,subwp,123,1,E2.1,E2.1-R0,False,subwp,123,02,3,1732985186,col_approach,approach,34.08,0,0,"[-6.6, 6.720701423252431]"
724,goal_073,4,col_approach,541,-108.38,02,subwp,123,1,E2.1,E2.1-R0,False,subwp,123,02,4,4180661441,col_approach,approach,17.312,0,0,"[-6.6, -13.237170476505884]"
725,goal_073,5,col_exit,1916,139.25,02,subwp,123,1,E2.1,E2.1-R0,False,subwp,123,02,5,2385044567,col_exit,exit,61.312,0,0,"[-6.6, -7.7748716621323775]"
726,goal_073,6,col_approach,964,-46.6,02,subwp,123,1,E2.1,E2.1-R0,False,subwp,123,02,6,388085229,col_approach,approach,30.848,0,0,"[-6.6, 1.4359798495579326]"
727,goal_073,7,col_exit,2174,-79.01,02,subwp,123,1,E2.1,E2.1-R0,False,subwp,123,02,7,1613137275,col_exit,exit,69.568,0,0,"[-6.6, -4.2220929208116456]"
728,goal_073,8,col_approach,1052,-28.79,02,subwp,123,1,E2.1,E2.1-R0,False,subwp,123,02,8,4036597994,col_approach,approach,33.664,0,0,"[-6.6, -5.706721646981135]"
729,goal_073,9,col_approach,530,-104.77,02,subwp,123,1,E2.1,E2.1-R0,False,subwp,123,02,9,2275321980,col_approach,approach,16.96,0,0,"[-6.6, -8.169388058990956]"
730,goal_073,10,col_exit,1938,133.48,02,subwp,123,1,E2.1,E2.1-R0,False,subwp,123,02,10,1698100886,col_exit,exit,62.016,0,0,"[-6.6, -8.610997429537528]"
731,goal_074,1,col_approach,970,-57.4,02,subwp,123,1,E2.1,E2.1-R0,False,subwp,123,02,1,2290567801,col_approach,approach,31.04,0,0,"[-6.6, -2.481702780132413]"
732,goal_074,2,col_exit,2144,-47.55,02,subwp,123,1,E2.1,E2.1-R0,False,subwp,123,02,2,294525891,col_exit,exit,68.608,0,0,"[-6.6, 0.15293482459741825]"
733,goal_074,3,col_approach,1067,-35.07,02,subwp,123,1,E2.1,E2.1-R0,False,subwp,123,02,3,1720265557,col_approach,approach,34.144,0,0,"[-6.6, -7.405717732070157]"
734,goal_074,4,col_approach,538,-109.49,02,subwp,123,1,E2.1,E2.1-R0,False,subwp,123,02,4,4176330486,col_approach,approach,17.216,0,0,"[-6.6, -10.684912569412898]"
735,goal_074,5,col_exit,1918,138.59,02,subwp,123,1,E2.1,E2.1-R0,False,subwp,123,02,5,2414513760,col_exit,exit,61.376,0,0,"[-6.6, 9.61455064822487]"
736,goal_074,6,col_approach,959,-42.16,02,subwp,123,1,E2.1,E2.1-R0,False,subwp,123,02,6,384032730,col_approach,approach,30.688,0,0,"[-6.6, 6.415291469912821]"
737,goal_074,7,col_exit,2175,-78.66,02,subwp,123,1,E2.1,E2.1-R0,False,subwp,123,02,7,1642393420,col_exit,exit,69.6,0,0,"[-6.6, -10.98513361416498]"
738,goal_074,8,col_approach,1049,-28.45,02,subwp,123,1,E2.1,E2.1-R0,False,subwp,123,02,8,4049335005,col_approach,approach,33.568,0,0,"[-6.6, -12.166925188465195]"
739,goal_074,9,col_approach,533,-105.89,02,subwp,123,1,E2.1,E2.1-R0,False,subwp,123,02,9,2254225995,col_approach,approach,17.056,0,0,"[-6.6, -13.118410305564078]"
740,goal_074,10,col_exit,1939,129.47,02,subwp,123,1,E2.1,E2.1-R0,False,subwp,123,02,10,3716846067,col_exit,exit,62.048,0,0,"[-6.6, -2.86293402957927]"
741,goal_075,1,col_approach,967,-52.51,02,subwp,123,1,E2.1,E2.1-R0,False,subwp,123,02,1,2378718460,col_approach,approach,30.944,0,0,"[-6.6, 12.008602176291328]"
742,goal_075,2,col_exit,2145,-48.01,02,subwp,123,1,E2.1,E2.1-R0,False,subwp,123,02,2,348196166,col_exit,exit,68.64,0,0,"[-6.6, -10.18690421196345]"
743,goal_075,3,col_approach,1073,-38.94,02,subwp,123,1,E2.1,E2.1-R0,False,subwp,123,02,3,1673936336,col_approach,approach,34.336,0,0,"[-6.6, 5.036477273123882]"
744,goal_075,4,col_approach,537,-112.08,02,subwp,123,1,E2.1,E2.1-R0,False,subwp,123,02,4,4255295603,col_approach,approach,17.184,0,0,"[-6.6, -9.40352298206698]"
745,goal_075,5,col_exit,1919,135.88,02,subwp,123,1,E2.1,E2.1-R0,False,subwp,123,02,5,2326108389,col_exit,exit,61.408,0,0,"[-6.6, -5.960510216222035]"
746,goal_075,6,col_approach,959,-43.51,02,subwp,123,1,E2.1,E2.1-R0,False,subwp,123,02,6,330090847,col_approach,approach,30.688,0,0,"[-6.6, 4.973851695504081]"
747,goal_075,7,col_exit,2168,-72.16,02,subwp,123,1,E2.1,E2.1-R0,False,subwp,123,02,7,1688992201,col_exit,exit,69.376,0,0,"[-6.6, 13.228719424247661]"
748,goal_075,8,col_approach,1053,-29.38,02,subwp,123,1,E2.1,E2.1-R0,False,subwp,123,02,8,4095009880,col_approach,approach,33.696,0,0,"[-6.6, 6.006112412614663]"
749,goal_075,9,col_approach,534,-107.9,02,subwp,123,1,E2.1,E2.1-R0,False,subwp,123,02,9,2199114958,col_approach,approach,17.088,0,0,"[-6.6, -10.475575800075328]"
750,goal_075,10,col_exit,1940,128.1,02,subwp,123,1,E2.1,E2.1-R0,False,subwp,123,02,10,1079880010,col_exit,exit,62.08,0,0,"[-6.6, 9.409261057218817]"
751,goal_076,1,col_approach,947,-42.92,02,subwp,123,1,E2.1,E2.1-R0,False,subwp,123,02,1,2349479627,col_approach,approach,30.304,0,0,"[-6.6, -5.003762680960954]"
752,goal_076,2,col_exit,2158,-68.06,02,subwp,123,1,E2.1,E2.1-R0,False,subwp,123,02,2,352544625,col_exit,exit,69.056,0,0,"[-6.6, 0.8532379637277384]"
753,goal_076,3,col_approach,1076,-41.52,02,subwp,123,1,E2.1,E2.1-R0,False,subwp,123,02,3,1644451815,col_approach,approach,34.432,0,0,"[-6.6, 12.069751491987905]"
754,goal_076,4,col_approach,535,-112.57,02,subwp,123,1,E2.1,E2.1-R0,False,subwp,123,02,4,4234199620,col_approach,approach,17.12,0,0,"[-6.6, 4.014052477949424]"
755,goal_076,5,col_exit,1928,135.06,02,subwp,123,1,E2.1,E2.1-R0,False,subwp,123,02,5,2338845394,col_exit,exit,61.696,0,0,"[-6.6, 4.6750582929351365]"
756,goal_076,6,col_approach,959,-45.92,02,subwp,123,1,E2.1,E2.1-R0,False,subwp,123,02,6,309240680,col_approach,approach,30.688,0,0,"[-6.6, 3.2532196363299932]"
757,goal_076,7,col_exit,2138,-47.22,02,subwp,123,1,E2.1,E2.1-R0,False,subwp,123,02,7,1701417982,col_exit,exit,68.416,0,0,"[-6.6, 12.198065881126142]"
758,goal_076,8,col_approach,1090,-41.59,02,subwp,123,1,E2.1,E2.1-R0,False,subwp,123,02,8,4124479087,col_approach,approach,34.88,0,0,"[-6.6, -11.38658017277117]"
759,goal_076,9,col_approach,526,-108.01,02,subwp,123,1,E2.1,E2.1-R0,False,subwp,123,02,9,2194783993,col_approach,approach,16.832,0,0,"[-6.6, 8.643558789595215]"
760,goal_076,10,col_exit,1935,128.2,02,subwp,123,1,E2.1,E2.1-R0,False,subwp,123,02,10,4175547951,col_exit,exit,61.92,0,0,"[-6.6, 0.7497533911317115]"
761,goal_077,1,col_approach,986,-62.3,02,subwp,123,1,E2.1,E2.1-R0,False,subwp,123,02,1,2387380370,col_approach,approach,31.552,0,0,"[-6.6, 10.227189074097202]"
762,goal_077,2,col_exit,2123,13.89,02,subwp,123,1,E2.1,E2.1-R0,False,subwp,123,02,2,390453544,col_exit,exit,67.936,0,0,"[-6.6, 10.459645189445682]"
763,goal_077,3,col_approach,1071,-41.47,02,subwp,123,1,E2.1,E2.1-R0,False,subwp,123,02,3,1614997950,col_approach,approach,34.272,0,0,"[-6.6, 6.849905955706653]"
764,goal_077,4,col_approach,525,-107.57,02,subwp,123,1,E2.1,E2.1-R0,False,subwp,123,02,4,4263935005,col_approach,approach,16.8,0,0,"[-6.6, -8.029777716662267]"
765,goal_077,5,col_exit,1925,137.08,02,subwp,123,1,E2.1,E2.1-R0,False,subwp,123,02,5,2300660875,col_exit,exit,61.6,0,0,"[-6.6, -0.6144619398492254]"
766,goal_077,6,col_approach,972,-53.67,02,subwp,123,1,E2.1,E2.1-R0,False,subwp,123,02,6,271064369,col_approach,approach,31.104,0,0,"[-6.6, 4.957142155567863]"
767,goal_077,7,col_exit,2140,-47.24,02,subwp,123,1,E2.1,E2.1-R0,False,subwp,123,02,7,1731145127,col_exit,exit,68.48,0,0,"[-6.6, -5.678357356062564]"
768,goal_077,8,col_approach,1064,-32.05,02,subwp,123,1,E2.1,E2.1-R0,False,subwp,123,02,8,4153421878,col_approach,approach,34.048,0,0,"[-6.6, -13.210189802365548]"
769,goal_077,9,col_approach,539,-105.77,02,subwp,123,1,E2.1,E2.1-R0,False,subwp,123,02,9,2157379744,col_approach,approach,17.248,0,0,"[-6.6, -2.270618964796745]"
770,goal_077,10,col_exit,1921,139.53,02,subwp,123,1,E2.1,E2.1-R0,False,subwp,123,02,10,3931398593,col_exit,exit,61.472,0,0,"[-6.6, 6.523000234606274]"
771,goal_078,1,col_approach,965,-46.42,02,subwp,123,1,E2.1,E2.1-R0,False,subwp,123,02,1,2408506021,col_approach,approach,30.88,0,0,"[-6.6, -6.3650968769200125]"
772,goal_078,2,col_exit,2171,-75.59,02,subwp,123,1,E2.1,E2.1-R0,False,subwp,123,02,2,377991967,col_exit,exit,69.472,0,0,"[-6.6, -12.500364701985493]"
773,goal_078,3,col_approach,1068,-40.64,02,subwp,123,1,E2.1,E2.1-R0,False,subwp,123,02,3,1635812233,col_approach,approach,34.176,0,0,"[-6.6, -4.827270240024395]"
774,goal_078,4,col_approach,520,-104.29,02,subwp,123,1,E2.1,E2.1-R0,False,subwp,123,02,4,4293137962,col_approach,approach,16.64,0,0,"[-6.6, -3.5799174459021326]"
775,goal_078,5,col_approach,1932,83.48,02,subwp,123,1,E2.1,E2.1-R0,False,subwp,123,02,5,2296587964,col_approach,approach,61.824,0,0,"[-6.6, 4.904619211710743]"
776,goal_078,6,col_approach,970,-54.21,02,subwp,123,1,E2.1,E2.1-R0,False,subwp,123,02,6,300578566,col_approach,approach,31.04,0,0,"[-6.6, -7.436030838528313]"
777,goal_078,7,col_exit,2144,-50.25,02,subwp,123,1,E2.1,E2.1-R0,False,subwp,123,02,7,1726826384,col_exit,exit,68.608,0,0,"[-6.6, 11.475702715302328]"
778,goal_078,8,col_approach,1065,-33.09,02,subwp,123,1,E2.1,E2.1-R0,False,subwp,123,02,8,4132592129,col_approach,approach,34.08,0,0,"[-6.6, -5.697093295102263]"
779,goal_078,9,col_approach,541,-108.38,02,subwp,123,1,E2.1,E2.1-R0,False,subwp,123,02,9,2169858711,col_approach,approach,17.312,0,0,"[-6.6, 9.69538243656464]"
780,goal_078,10,col_approach,1917,86.69,02,subwp,123,1,E2.1,E2.1-R0,False,subwp,123,02,10,1390937764,col_approach,approach,61.344,0,0,"[-6.6, 7.90448889677592]"
781,goal_079,1,exito,4261,822.03,02,subwp,123,1,E2.1,E2.1-R0,False,subwp,123,02,1,2228397464,exito,,136.352,0,0,"[-6.6, 10.832727732597725]"
782,goal_079,2,exito,4259,821.91,02,subwp,123,1,E2.1,E2.1-R0,False,subwp,123,02,2,500954146,exito,,136.288,0,0,"[-6.6, -10.523999260299398]"
783,goal_079,3,exito,4259,821.83,02,subwp,123,1,E2.1,E2.1-R0,False,subwp,123,02,3,1792853172,exito,,136.288,0,0,"[-6.6, -6.453415332971513]"
784,goal_079,4,exito,4259,821.89,02,subwp,123,1,E2.1,E2.1-R0,False,subwp,123,02,4,4105720087,exito,,136.288,0,0,"[-6.6, -3.1227192642075114]"
785,goal_079,5,exito,4259,821.87,02,subwp,123,1,E2.1,E2.1-R0,False,subwp,123,02,5,2210357633,exito,,136.288,0,0,"[-6.6, -1.1155187506133686]"
786,goal_079,6,exito,4259,821.86,02,subwp,123,1,E2.1,E2.1-R0,False,subwp,123,02,6,448147515,exito,,136.288,0,0,"[-6.6, 0.9891956582176196]"
787,goal_079,7,exito,4259,821.91,02,subwp,123,1,E2.1,E2.1-R0,False,subwp,123,02,7,1840316589,exito,,136.288,0,0,"[-6.6, 10.40781765741874]"
788,goal_079,8,exito,4259,821.85,02,subwp,123,1,E2.1,E2.1-R0,False,subwp,123,02,8,4245560636,exito,,136.288,0,0,"[-6.6, 10.931369901755577]"
789,goal_079,9,exito,4259,821.93,02,subwp,123,1,E2.1,E2.1-R0,False,subwp,123,02,9,2315857322,exito,,136.288,0,0,"[-6.6, -6.26450936584997]"
790,goal_079,10,exito,4259,821.9,02,subwp,123,1,E2.1,E2.1-R0,False,subwp,123,02,10,176887538,exito,,136.288,0,0,"[-6.6, -3.320645711817712]"
791,goal_080,1,exito,4263,821.41,02,subwp,123,1,E2.1,E2.1-R0,False,subwp,123,02,1,2232471471,exito,,136.416,0,0,"[-6.6, -8.559397268819026]"
792,goal_080,2,exito,4263,821.38,02,subwp,123,1,E2.1,E2.1-R0,False,subwp,123,02,2,471440917,exito,,136.416,0,0,"[-6.6, -7.486750795628476]"
793,goal_080,3,exito,4263,821.37,02,subwp,123,1,E2.1,E2.1-R0,False,subwp,123,02,3,1797172867,exito,,136.416,0,0,"[-6.6, -9.39791306242235]"
794,goal_080,4,exito,4263,821.34,02,subwp,123,1,E2.1,E2.1-R0,False,subwp,123,02,4,4118428448,exito,,136.416,0,0,"[-6.6, 8.988865984492097]"
795,goal_080,5,exito,4263,821.38,02,subwp,123,1,E2.1,E2.1-R0,False,subwp,123,02,5,2189233078,exito,,136.416,0,0,"[-6.6, -6.062102756773399]"
796,goal_080,6,exito,4263,821.36,02,subwp,123,1,E2.1,E2.1-R0,False,subwp,123,02,6,460610060,exito,,136.416,0,0,"[-6.6, 6.944438996851232]"
797,goal_080,7,exito,4263,821.37,02,subwp,123,1,E2.1,E2.1-R0,False,subwp,123,02,7,1819503258,exito,,136.416,0,0,"[-6.6, 6.269966537218216]"
798,goal_080,8,exito,4263,821.38,02,subwp,123,1,E2.1,E2.1-R0,False,subwp,123,02,8,4241258251,exito,,136.416,0,0,"[-6.6, -12.085067148319451]"
799,goal_080,9,exito,4263,821.35,02,subwp,123,1,E2.1,E2.1-R0,False,subwp,123,02,9,2345355165,exito,,136.416,0,0,"[-6.6, 9.6352359938717]"
800,goal_080,10,exito,4263,821.38,02,subwp,123,1,E2.1,E2.1-R0,False,subwp,123,02,10,2989978007,exito,,136.416,0,0,"[-6.6, -8.703418759710976]"
801,goal_081,1,exito,4258,821.69,02,subwp,123,1,E2.1,E2.1-R0,False,subwp,123,02,1,3533890678,exito,,136.256,0,0,"[-6.6, 8.069500419588566]"
802,goal_081,2,exito,4258,821.7,02,subwp,123,1,E2.1,E2.1-R0,False,subwp,123,02,2,1269544396,exito,,136.256,0,0,"[-6.6, 4.077122657939]"
803,goal_081,3,exito,4258,821.67,02,subwp,123,1,E2.1,E2.1-R0,False,subwp,123,02,3,1017939290,exito,,136.256,0,0,"[-6.6, -5.895787396020172]"
804,goal_081,4,exito,4258,821.73,02,subwp,123,1,E2.1,E2.1-R0,False,subwp,123,02,4,2731020537,exito,,136.256,0,0,"[-6.6, -0.9100188701736487]"
805,goal_081,5,exito,4258,821.72,02,subwp,123,1,E2.1,E2.1-R0,False,subwp,123,02,5,3587121263,exito,,136.256,0,0,"[-6.6, 3.1190172846067625]"
806,goal_081,6,exito,4258,821.66,02,subwp,123,1,E2.1,E2.1-R0,False,subwp,123,02,6,1288073685,exito,,136.256,0,0,"[-6.6, -3.875541128692779]"
807,goal_081,7,exito,4258,821.68,02,subwp,123,1,E2.1,E2.1-R0,False,subwp,123,02,7,1002520899,exito,,136.256,0,0,"[-6.6, 5.985842048389834]"
808,goal_081,8,exito,4258,821.68,02,subwp,123,1,E2.1,E2.1-R0,False,subwp,123,02,8,2877185234,exito,,136.256,0,0,"[-6.6, 7.3821204213827585]"
809,goal_081,9,exito,4258,821.68,02,subwp,123,1,E2.1,E2.1-R0,False,subwp,123,02,9,3698945092,exito,,136.256,0,0,"[-6.6, 4.689957240392058]"
810,goal_081,10,exito,4258,821.74,02,subwp,123,1,E2.1,E2.1-R0,False,subwp,123,02,10,1299163596,exito,,136.256,0,0,"[-6.6, 6.609578023257123]"
811,goal_082,1,exito,4264,821.62,02,subwp,123,1,E2.1,E2.1-R0,False,subwp,123,02,1,3546320449,exito,,136.448,0,0,"[-6.6, -5.028137471189492]"
812,goal_082,2,exito,4266,821.88,02,subwp,123,1,E2.1,E2.1-R0,False,subwp,123,02,2,1248452603,exito,,136.512,0,0,"[-6.6, -8.276729968009866]"
813,goal_082,3,exito,4264,821.59,02,subwp,123,1,E2.1,E2.1-R0,False,subwp,123,02,3,1030680429,exito,,136.448,0,0,"[-6.6, -3.8471372839979376]"
814,goal_082,4,exito,4266,821.88,02,subwp,123,1,E2.1,E2.1-R0,False,subwp,123,02,4,2735373006,exito,,136.512,0,0,"[-6.6, -2.406321745532614]"
815,goal_082,5,exito,4264,821.59,02,subwp,123,1,E2.1,E2.1-R0,False,subwp,123,02,5,3557640792,exito,,136.448,0,0,"[-6.6, -3.7979856194832133]"
816,goal_082,6,exito,4264,821.56,02,subwp,123,1,E2.1,E2.1-R0,False,subwp,123,02,6,1292114914,exito,,136.448,0,0,"[-6.6, -4.7544424974999995]"
817,goal_082,7,exito,4264,821.56,02,subwp,123,1,E2.1,E2.1-R0,False,subwp,123,02,7,973286260,exito,,136.448,0,0,"[-6.6, 2.301399817700592]"
818,goal_082,8,exito,4264,821.56,02,subwp,123,1,E2.1,E2.1-R0,False,subwp,123,02,8,2864461541,exito,,136.448,0,0,"[-6.6, 4.975158607706413]"
819,goal_082,9,exito,4264,821.56,02,subwp,123,1,E2.1,E2.1-R0,False,subwp,123,02,9,3720021619,exito,,136.448,0,0,"[-6.6, -6.948405577653075]"
820,goal_082,10,exito,4264,821.55,02,subwp,123,1,E2.1,E2.1-R0,False,subwp,123,02,10,4124298921,exito,,136.448,0,0,"[-6.6, -2.735469567052657]"
821,goal_083,1,exito,4263,821.5,02,subwp,123,1,E2.1,E2.1-R0,False,subwp,123,02,1,3508940824,exito,,136.416,0,0,"[-6.6, 3.6583927946381207]"
822,goal_083,2,exito,4263,821.38,02,subwp,123,1,E2.1,E2.1-R0,False,subwp,123,02,2,1211064738,exito,,136.416,0,0,"[-6.6, 11.970282433791871]"
823,goal_083,3,exito,4263,821.51,02,subwp,123,1,E2.1,E2.1-R0,False,subwp,123,02,3,1059606836,exito,,136.416,0,0,"[-6.6, -5.7047559807015364]"
824,goal_083,4,exito,4263,821.47,02,subwp,123,1,E2.1,E2.1-R0,False,subwp,123,02,4,2706162839,exito,,136.416,0,0,"[-6.6, -2.949401823690748]"
825,goal_083,5,exito,4263,821.5,02,subwp,123,1,E2.1,E2.1-R0,False,subwp,123,02,5,3595301889,exito,,136.416,0,0,"[-6.6, -9.22838977836719]"
826,goal_083,6,exito,4263,821.49,02,subwp,123,1,E2.1,E2.1-R0,False,subwp,123,02,6,1329767867,exito,,136.416,0,0,"[-6.6, -12.06171568252392]"
827,goal_083,7,exito,4263,821.49,02,subwp,123,1,E2.1,E2.1-R0,False,subwp,123,02,7,944084269,exito,,136.416,0,0,"[-6.6, 5.382055190901453]"
828,goal_083,8,exito,4263,821.51,02,subwp,123,1,E2.1,E2.1-R0,False,subwp,123,02,8,2834991292,exito,,136.416,0,0,"[-6.6, 1.183695225614217]"
829,goal_083,9,exito,4263,821.49,02,subwp,123,1,E2.1,E2.1-R0,False,subwp,123,02,9,3757946922,exito,,136.416,0,0,"[-6.6, 0.16312047992671497]"
830,goal_083,10,exito,4263,821.51,02,subwp,123,1,E2.1,E2.1-R0,False,subwp,123,02,10,3882246471,exito,,136.416,0,0,"[-6.6, -4.06195855652956]"
831,goal_084,1,exito,4266,821.44,02,subwp,123,1,E2.1,E2.1-R0,False,subwp,123,02,1,3504626223,exito,,136.512,0,0,"[-6.6, 5.492533314416127]"
832,goal_084,2,exito,4266,821.48,02,subwp,123,1,E2.1,E2.1-R0,False,subwp,123,02,2,1240271765,exito,,136.512,0,0,"[-6.6, 4.735435658235955]"
833,goal_084,3,exito,4266,821.48,02,subwp,123,1,E2.1,E2.1-R0,False,subwp,123,02,3,1055537923,exito,,136.512,0,0,"[-6.6, 10.213157076565693]"
834,goal_084,4,exito,4266,821.45,02,subwp,123,1,E2.1,E2.1-R0,False,subwp,123,02,4,2693705376,exito,,136.512,0,0,"[-6.6, 7.867037165838311]"
835,goal_084,5,exito,4266,821.45,02,subwp,123,1,E2.1,E2.1-R0,False,subwp,123,02,5,3616120374,exito,,136.512,0,0,"[-6.6, 6.642634856957891]"
836,goal_084,6,exito,4266,821.46,02,subwp,123,1,E2.1,E2.1-R0,False,subwp,123,02,6,1317064588,exito,,136.512,0,0,"[-6.6, 11.807677331073977]"
837,goal_084,7,exito,4266,821.44,02,subwp,123,1,E2.1,E2.1-R0,False,subwp,123,02,7,965213978,exito,,136.512,0,0,"[-6.6, 3.606305445891688]"
838,goal_084,8,exito,4266,821.43,02,subwp,123,1,E2.1,E2.1-R0,False,subwp,123,02,8,2839077515,exito,,136.512,0,0,"[-6.6, -10.17737733907548]"
839,goal_084,9,exito,4266,821.45,02,subwp,123,1,E2.1,E2.1-R0,False,subwp,123,02,9,3728724509,exito,,136.512,0,0,"[-6.6, 12.923843228431338]"
840,goal_084,10,exito,4266,821.46,02,subwp,123,1,E2.1,E2.1-R0,False,subwp,123,02,10,1608123938,exito,,136.512,0,0,"[-6.6, 0.09435265270003379]"
841,goal_085,1,exito,4265,821.38,02,subwp,123,1,E2.1,E2.1-R0,False,subwp,123,02,1,3584773290,exito,,136.48,0,0,"[-6.6, 7.6847268950415835]"
842,goal_085,2,exito,4265,821.38,02,subwp,123,1,E2.1,E2.1-R0,False,subwp,123,02,2,1285692688,exito,,136.48,0,0,"[-6.6, -4.697838122395305]"
843,goal_085,3,exito,4265,821.38,02,subwp,123,1,E2.1,E2.1-R0,False,subwp,123,02,3,1000680838,exito,,136.48,0,0,"[-6.6, 10.574670172167252]"
844,goal_085,4,exito,4265,821.36,02,subwp,123,1,E2.1,E2.1-R0,False,subwp,123,02,4,2780936229,exito,,136.48,0,0,"[-6.6, -10.826304636557593]"
845,goal_085,5,exito,4264,821.24,02,subwp,123,1,E2.1,E2.1-R0,False,subwp,123,02,5,3536226483,exito,,136.448,0,0,"[-6.6, -10.742596564713867]"
846,goal_085,6,exito,4265,821.36,02,subwp,123,1,E2.1,E2.1-R0,False,subwp,123,02,6,1271912713,exito,,136.48,0,0,"[-6.6, -3.327521978766128]"
847,goal_085,7,exito,4265,821.37,02,subwp,123,1,E2.1,E2.1-R0,False,subwp,123,02,7,1019799967,exito,,136.48,0,0,"[-6.6, -4.115275827318231]"
848,goal_085,8,exito,4265,821.39,02,subwp,123,1,E2.1,E2.1-R0,False,subwp,123,02,8,2893542414,exito,,136.48,0,0,"[-6.6, 12.011971599711194]"
849,goal_085,9,exito,4265,821.36,02,subwp,123,1,E2.1,E2.1-R0,False,subwp,123,02,9,3681600664,exito,,136.48,0,0,"[-6.6, 8.41012071815453]"
850,goal_085,10,exito,4266,821.57,02,subwp,123,1,E2.1,E2.1-R0,False,subwp,123,02,10,3255647899,exito,,136.512,0,0,"[-6.6, 2.140492985196869]"
851,goal_086,1,exito,4265,821.62,02,subwp,123,1,E2.1,E2.1-R0,False,subwp,123,02,1,3563660957,exito,,136.48,0,0,"[-6.6, -11.615340936974675]"
852,goal_086,2,exito,4265,821.64,02,subwp,123,1,E2.1,E2.1-R0,False,subwp,123,02,2,1298167591,exito,,136.48,0,0,"[-6.6, -6.355589264738916]"
853,goal_086,3,exito,4265,821.66,02,subwp,123,1,E2.1,E2.1-R0,False,subwp,123,02,3,979847089,exito,,136.48,0,0,"[-6.6, 13.23406559409388]"
854,goal_086,4,exito,4265,821.65,02,subwp,123,1,E2.1,E2.1-R0,False,subwp,123,02,4,2751713810,exito,,136.48,0,0,"[-6.6, 12.379089809514964]"
855,goal_086,5,exito,4265,821.64,02,subwp,123,1,E2.1,E2.1-R0,False,subwp,123,02,5,3540312708,exito,,136.48,0,0,"[-6.6, 4.549258249171895]"
856,goal_086,6,exito,4265,821.65,02,subwp,123,1,E2.1,E2.1-R0,False,subwp,123,02,6,1242411838,exito,,136.48,0,0,"[-6.6, -8.83265219920561]"
857,goal_086,7,exito,4265,821.66,02,subwp,123,1,E2.1,E2.1-R0,False,subwp,123,02,7,1024099240,exito,,136.48,0,0,"[-6.6, -10.183773441803712]"
858,goal_086,8,exito,4265,821.65,02,subwp,123,1,E2.1,E2.1-R0,False,subwp,123,02,8,2914360889,exito,,136.48,0,0,"[-6.6, -5.991335195213027]"
859,goal_086,9,exito,4265,821.67,02,subwp,123,1,E2.1,E2.1-R0,False,subwp,123,02,9,3669143215,exito,,136.48,0,0,"[-6.6, 8.766560675755178]"
860,goal_086,10,exito,4265,821.64,02,subwp,123,1,E2.1,E2.1-R0,False,subwp,123,02,10,2058443262,exito,,136.48,0,0,"[-6.6, -1.0927161424732617]"
861,goal_087,1,exito,4264,821.52,02,subwp,123,1,E2.1,E2.1-R0,False,subwp,123,02,1,3593443524,exito,,136.448,0,0,"[-6.6, -7.811797388438573]"
862,goal_087,2,exito,4264,821.54,02,subwp,123,1,E2.1,E2.1-R0,False,subwp,123,02,2,1327942014,exito,,136.448,0,0,"[-6.6, 1.0664780464810244]"
863,goal_087,3,exito,4264,821.55,02,subwp,123,1,E2.1,E2.1-R0,False,subwp,123,02,3,941750760,exito,,136.448,0,0,"[-6.6, 5.155346129341345]"
864,goal_087,4,exito,4264,821.52,02,subwp,123,1,E2.1,E2.1-R0,False,subwp,123,02,4,2789567563,exito,,136.448,0,0,"[-6.6, 5.1273056968621]"
865,goal_087,5,exito,4264,821.53,02,subwp,123,1,E2.1,E2.1-R0,False,subwp,123,02,5,3510787293,exito,,136.448,0,0,"[-6.6, -4.928330346293941]"
866,goal_087,6,exito,4264,821.53,02,subwp,123,1,E2.1,E2.1-R0,False,subwp,123,02,6,1212878183,exito,,136.448,0,0,"[-6.6, 1.961728700107815]"
867,goal_087,7,exito,4264,821.53,02,subwp,123,1,E2.1,E2.1-R0,False,subwp,123,02,7,1061961201,exito,,136.448,0,0,"[-6.6, 12.162054836106451]"
868,goal_087,8,exito,4264,821.53,02,subwp,123,1,E2.1,E2.1-R0,False,subwp,123,02,8,2951946336,exito,,136.448,0,0,"[-6.6, -1.896771302018629]"
869,goal_087,9,exito,4264,821.53,02,subwp,123,1,E2.1,E2.1-R0,False,subwp,123,02,9,3639873782,exito,,136.448,0,0,"[-6.6, -1.7377736361657368]"
870,goal_087,10,exito,4264,821.53,02,subwp,123,1,E2.1,E2.1-R0,False,subwp,123,02,10,1745155600,exito,,136.448,0,0,"[-6.6, 5.846212096596817]"
871,goal_088,1,exito,4261,822.05,02,subwp,123,1,E2.1,E2.1-R0,False,subwp,123,02,1,3622695667,exito,,136.352,0,0,"[-6.6, -1.180365469619223]"
872,goal_088,2,exito,4261,822.11,02,subwp,123,1,E2.1,E2.1-R0,False,subwp,123,02,2,1323606857,exito,,136.352,0,0,"[-6.6, 10.018932565859892]"
873,goal_088,3,exito,4261,822.09,02,subwp,123,1,E2.1,E2.1-R0,False,subwp,123,02,3,971215839,exito,,136.352,0,0,"[-6.6, -6.853627050405948]"
874,goal_088,4,exito,4261,822.09,02,subwp,123,1,E2.1,E2.1-R0,False,subwp,123,02,4,2810644092,exito,,136.352,0,0,"[-6.6, 11.925743508637115]"
875,goal_088,5,exito,4261,822.09,02,subwp,123,1,E2.1,E2.1-R0,False,subwp,123,02,5,3498063594,exito,,136.352,0,0,"[-6.6, 7.967940790117752]"
876,goal_088,6,exito,4261,822.07,02,subwp,123,1,E2.1,E2.1-R0,False,subwp,123,02,6,1233741648,exito,,136.352,0,0,"[-6.6, -3.9763130472533477]"
877,goal_088,7,exito,4261,822.06,02,subwp,123,1,E2.1,E2.1-R0,False,subwp,123,02,7,1049515974,exito,,136.352,0,0,"[-6.6, 9.863420723796516]"
878,goal_088,8,exito,4261,822.1,02,subwp,123,1,E2.1,E2.1-R0,False,subwp,123,02,8,2922465879,exito,,136.352,0,0,"[-6.6, 0.7687431099773191]"
879,goal_088,9,exito,4261,822.09,02,subwp,123,1,E2.1,E2.1-R0,False,subwp,123,02,9,3644226241,exito,,136.352,0,0,"[-6.6, 5.923779389564631]"
880,goal_088,10,exito,4261,822.09,02,subwp,123,1,E2.1,E2.1-R0,False,subwp,123,02,10,3501756789,exito,,136.352,0,0,"[-6.6, 12.732822257464592]"
881,goal_089,1,exito,4265,821.44,02,subwp,123,1,E2.1,E2.1-R0,False,subwp,123,02,1,3702633934,exito,,136.48,0,0,"[-6.6, 9.345257121671347]"
882,goal_089,2,exito,4265,821.45,02,subwp,123,1,E2.1,E2.1-R0,False,subwp,123,02,2,1169745012,exito,,136.48,0,0,"[-6.6, 4.33294772603076]"
883,goal_089,3,exito,4265,821.41,02,subwp,123,1,E2.1,E2.1-R0,False,subwp,123,02,3,851432674,exito,,136.48,0,0,"[-6.6, -7.675149971815214]"
884,goal_089,4,exito,4265,821.33,02,subwp,123,1,E2.1,E2.1-R0,False,subwp,123,02,4,2900050241,exito,,136.48,0,0,"[-6.6, -12.01711917672509]"
885,goal_089,5,exito,4265,821.39,02,subwp,123,1,E2.1,E2.1-R0,False,subwp,123,02,5,3688657367,exito,,136.48,0,0,"[-6.6, 2.0714095505059413]"
886,goal_089,6,exito,4265,821.42,02,subwp,123,1,E2.1,E2.1-R0,False,subwp,123,02,6,1121263725,exito,,136.48,0,0,"[-6.6, -4.576464320213978]"
887,goal_089,7,exito,4265,821.27,02,subwp,123,1,E2.1,E2.1-R0,False,subwp,123,02,7,902959355,exito,,136.48,0,0,"[-6.6, 5.580531475135756]"
888,goal_089,8,exito,4265,821.33,02,subwp,123,1,E2.1,E2.1-R0,False,subwp,123,02,8,2775387498,exito,,136.48,0,0,"[-6.6, -7.884687648672192]"
889,goal_089,9,exito,4265,821.42,02,subwp,123,1,E2.1,E2.1-R0,False,subwp,123,02,9,3530178044,exito,,136.48,0,0,"[-6.6, -6.5683897878437625]"
890,goal_089,10,exito,4265,821.41,02,subwp,123,1,E2.1,E2.1-R0,False,subwp,123,02,10,2296086819,exito,,136.48,0,0,"[-6.6, -0.7564205713493696]"
891,goal_090,1,exito,4261,821.94,02,subwp,123,1,E2.1,E2.1-R0,False,subwp,123,02,1,3715358713,exito,,136.352,0,0,"[-6.6, 1.1899998659123583]"
892,goal_090,2,exito,4262,822.29,02,subwp,123,1,E2.1,E2.1-R0,False,subwp,123,02,2,1148882499,exito,,136.384,0,0,"[-6.6, 6.305099173568738]"
893,goal_090,3,exito,4262,822.3,02,subwp,123,1,E2.1,E2.1-R0,False,subwp,123,02,3,863878869,exito,,136.384,0,0,"[-6.6, 0.6437403270927257]"
894,goal_090,4,exito,4261,822.06,02,subwp,123,1,E2.1,E2.1-R0,False,subwp,123,02,4,2904107894,exito,,136.352,0,0,"[-6.6, 2.3289872357741377]"
895,goal_090,5,exito,4261,822.07,02,subwp,123,1,E2.1,E2.1-R0,False,subwp,123,02,5,3659406304,exito,,136.352,0,0,"[-6.6, -4.260885377056568]"
896,goal_090,6,exito,4261,822.08,02,subwp,123,1,E2.1,E2.1-R0,False,subwp,123,02,6,1125599834,exito,,136.352,0,0,"[-6.6, -9.274647359325689]"
897,goal_090,7,exito,4262,822.3,02,subwp,123,1,E2.1,E2.1-R0,False,subwp,123,02,7,873495244,exito,,136.384,0,0,"[-6.6, 8.63021109595996]"
898,goal_090,8,exito,4262,822.3,02,subwp,123,1,E2.1,E2.1-R0,False,subwp,123,02,8,2762958685,exito,,136.384,0,0,"[-6.6, -11.904646538914356]"
899,goal_090,9,exito,4261,822.04,02,subwp,123,1,E2.1,E2.1-R0,False,subwp,123,02,9,3551025099,exito,,136.352,0,0,"[-6.6, 13.173879390813093]"
900,goal_090,10,exito,4262,822.28,02,subwp,123,1,E2.1,E2.1-R0,False,subwp,123,02,10,812115526,exito,,136.384,0,0,"[-6.6, 0.6699950945943124]"
901,goal_091,1,exito,4268,822.45,02,subwp,123,1,E2.1,E2.1-R0,False,subwp,123,02,1,1780384531,exito,,136.576,0,0,"[-6.6, 2.975697570865353]"
902,goal_091,2,exito,4268,822.4,02,subwp,123,1,E2.1,E2.1-R0,False,subwp,123,02,2,4078424745,exito,,136.576,0,0,"[-6.6, -7.027153270202914]"
903,goal_091,3,exito,4268,822.4,02,subwp,123,1,E2.1,E2.1-R0,False,subwp,123,02,3,2215699007,exito,,136.576,0,0,"[-6.6, -0.6790181553319148]"
904,goal_091,4,exito,4268,822.39,02,subwp,123,1,E2.1,E2.1-R0,False,subwp,123,02,4,443840412,exito,,136.576,0,0,"[-6.6, 0.26862310697280256]"
905,goal_091,5,exito,4268,822.41,02,subwp,123,1,E2.1,E2.1-R0,False,subwp,123,02,5,1836271370,exito,,136.576,0,0,"[-6.6, -6.6808749966927286]"
906,goal_091,6,exito,4268,822.4,02,subwp,123,1,E2.1,E2.1-R0,False,subwp,123,02,6,4101641904,exito,,136.576,0,0,"[-6.6, -9.576789490758735]"
907,goal_091,7,exito,4268,822.42,02,subwp,123,1,E2.1,E2.1-R0,False,subwp,123,02,7,2206017062,exito,,136.576,0,0,"[-6.6, -8.9028940175037]"
908,goal_091,8,exito,4268,822.41,02,subwp,123,1,E2.1,E2.1-R0,False,subwp,123,02,8,331496375,exito,,136.576,0,0,"[-6.6, -2.3343009204770064]"
909,goal_091,9,exito,4268,822.39,02,subwp,123,1,E2.1,E2.1-R0,False,subwp,123,02,9,1690635041,exito,,136.576,0,0,"[-6.6, -1.2164570220401252]"
910,goal_091,10,exito,4268,822.41,02,subwp,123,1,E2.1,E2.1-R0,False,subwp,123,02,10,1880064124,exito,,136.576,0,0,"[-6.6, -8.498841541848057]"
911,goal_092,1,exito,4270,821.32,02,subwp,123,1,E2.1,E2.1-R0,False,subwp,123,02,1,1809639716,exito,,136.64,0,0,"[-6.6, 0.5539726397146661]"
912,goal_092,2,exito,4270,821.31,02,subwp,123,1,E2.1,E2.1-R0,False,subwp,123,02,2,4074092702,exito,,136.64,0,0,"[-6.6, 11.840111786648603]"
913,goal_092,3,exito,4270,821.33,02,subwp,123,1,E2.1,E2.1-R0,False,subwp,123,02,3,2245167112,exito,,136.64,0,0,"[-6.6, 8.389242063163266]"
914,goal_092,4,exito,4270,821.34,02,subwp,123,1,E2.1,E2.1-R0,False,subwp,123,02,4,464919979,exito,,136.64,0,0,"[-6.6, 12.463439350799979]"
915,goal_092,5,exito,4270,821.33,02,subwp,123,1,E2.1,E2.1-R0,False,subwp,123,02,5,1823550781,exito,,136.64,0,0,"[-6.6, -6.491286115407999]"
916,goal_092,6,exito,4270,821.3,02,subwp,123,1,E2.1,E2.1-R0,False,subwp,123,02,6,4122508423,exito,,136.64,0,0,"[-6.6, 2.341116235509408]"
917,goal_092,7,exito,4270,821.31,02,subwp,123,1,E2.1,E2.1-R0,False,subwp,123,02,7,2193574929,exito,,136.64,0,0,"[-6.6, -9.990220738841295]"
918,goal_092,8,exito,4270,821.33,02,subwp,123,1,E2.1,E2.1-R0,False,subwp,123,02,8,302010752,exito,,136.64,0,0,"[-6.6, -8.190268529077994]"
919,goal_092,9,exito,4270,821.35,02,subwp,123,1,E2.1,E2.1-R0,False,subwp,123,02,9,1694982422,exito,,136.64,0,0,"[-6.6, -2.636975910434264]"
920,goal_092,10,exito,4270,821.33,02,subwp,123,1,E2.1,E2.1-R0,False,subwp,123,02,10,3367233305,exito,,136.64,0,0,"[-6.6, 0.07915776778843298]"
921,goal_093,1,exito,4256,820.85,02,subwp,123,1,E2.1,E2.1-R0,False,subwp,123,02,1,1771722621,exito,,136.192,0,0,"[-6.6, 1.3725672047139013]"
922,goal_093,2,exito,4256,820.85,02,subwp,123,1,E2.1,E2.1-R0,False,subwp,123,02,2,4036167367,exito,,136.192,0,0,"[-6.6, -7.3983362071484295]"
923,goal_093,3,exito,4256,820.83,02,subwp,123,1,E2.1,E2.1-R0,False,subwp,123,02,3,2274637393,exito,,136.192,0,0,"[-6.6, 9.46799308319608]"
924,goal_093,4,exito,4256,820.82,02,subwp,123,1,E2.1,E2.1-R0,False,subwp,123,02,4,435201010,exito,,136.192,0,0,"[-6.6, 4.901062762107116]"
925,goal_093,5,exito,4256,820.81,02,subwp,123,1,E2.1,E2.1-R0,False,subwp,123,02,5,1861718884,exito,,136.192,0,0,"[-6.6, 5.50198510623889]"
926,goal_093,6,exito,4256,820.82,02,subwp,123,1,E2.1,E2.1-R0,False,subwp,123,02,6,4160668382,exito,,136.192,0,0,"[-6.6, 12.498985350831866]"
927,goal_093,7,exito,4256,820.83,02,subwp,123,1,E2.1,E2.1-R0,False,subwp,123,02,7,2163864136,exito,,136.192,0,0,"[-6.6, -1.5041164322265792]"
928,goal_093,8,exito,4256,820.79,02,subwp,123,1,E2.1,E2.1-R0,False,subwp,123,02,8,273084377,exito,,136.192,0,0,"[-6.6, -2.3645494707006387]"
929,goal_093,9,exito,4256,820.84,02,subwp,123,1,E2.1,E2.1-R0,False,subwp,123,02,9,1732370255,exito,,136.192,0,0,"[-6.6, -4.863410668363515]"
930,goal_093,10,exito,4256,820.84,02,subwp,123,1,E2.1,E2.1-R0,False,subwp,123,02,10,3657844983,exito,,136.192,0,0,"[-6.6, 2.1285608404828125]"
931,goal_094,1,exito,4256,822.72,02,subwp,123,1,E2.1,E2.1-R0,False,subwp,123,02,1,1750613322,exito,,136.192,0,0,"[-6.6, -5.890695477001532]"
932,goal_094,2,exito,4256,822.72,02,subwp,123,1,E2.1,E2.1-R0,False,subwp,123,02,2,4048645360,exito,,136.192,0,0,"[-6.6, -10.98525420825344]"
933,goal_094,3,exito,4256,822.72,02,subwp,123,1,E2.1,E2.1-R0,False,subwp,123,02,3,2253806694,exito,,136.192,0,0,"[-6.6, 0.3294289827378763]"
934,goal_094,4,exito,4256,822.73,02,subwp,123,1,E2.1,E2.1-R0,False,subwp,123,02,4,405981637,exito,,136.192,0,0,"[-6.6, -13.02097340719729]"
935,goal_094,5,exito,4256,822.73,02,subwp,123,1,E2.1,E2.1-R0,False,subwp,123,02,5,1865808211,exito,,136.192,0,0,"[-6.6, -13.061778714160074]"
936,goal_094,6,exito,4256,822.72,02,subwp,123,1,E2.1,E2.1-R0,False,subwp,123,02,6,4131170537,exito,,136.192,0,0,"[-6.6, -0.8966035003896957]"
937,goal_094,7,exito,4256,822.72,02,subwp,123,1,E2.1,E2.1-R0,False,subwp,123,02,7,2168166527,exito,,136.192,0,0,"[-6.6, 2.7641177624567765]"
938,goal_094,8,exito,4256,822.72,02,subwp,123,1,E2.1,E2.1-R0,False,subwp,123,02,8,293897710,exito,,136.192,0,0,"[-6.6, -1.8116813298214995]"
939,goal_094,9,exito,4256,822.72,02,subwp,123,1,E2.1,E2.1-R0,False,subwp,123,02,9,1719907704,exito,,136.192,0,0,"[-6.6, 3.647325511032085]"
940,goal_094,10,exito,4256,822.72,02,subwp,123,1,E2.1,E2.1-R0,False,subwp,123,02,10,1656369042,exito,,136.192,0,0,"[-6.6, 5.1549064495045345]"
941,goal_095,1,exito,4257,820.99,02,subwp,123,1,E2.1,E2.1-R0,False,subwp,123,02,1,1830235087,exito,,136.224,0,0,"[-6.6, 3.9102951031363324]"
942,goal_095,2,exito,4257,820.95,02,subwp,123,1,E2.1,E2.1-R0,False,subwp,123,02,2,4095638133,exito,,136.224,0,0,"[-6.6, -11.36905393466615]"
943,goal_095,3,exito,4257,820.97,02,subwp,123,1,E2.1,E2.1-R0,False,subwp,123,02,3,2199472867,exito,,136.224,0,0,"[-6.6, 8.76086656040108]"
944,goal_095,4,exito,4257,820.98,02,subwp,123,1,E2.1,E2.1-R0,False,subwp,123,02,4,494788416,exito,,136.224,0,0,"[-6.6, -11.004267531580334]"
945,goal_095,5,exito,4257,820.97,02,subwp,123,1,E2.1,E2.1-R0,False,subwp,123,02,5,1786441686,exito,,136.224,0,0,"[-6.6, -4.720048208408038]"
946,goal_095,6,exito,4257,820.97,02,subwp,123,1,E2.1,E2.1-R0,False,subwp,123,02,6,4084448876,exito,,136.224,0,0,"[-6.6, 8.341279851484241]"
947,goal_095,7,exito,4257,820.99,02,subwp,123,1,E2.1,E2.1-R0,False,subwp,123,02,7,2222231290,exito,,136.224,0,0,"[-6.6, 8.918418963354469]"
948,goal_095,8,exito,4257,820.99,02,subwp,123,1,E2.1,E2.1-R0,False,subwp,123,02,8,348885867,exito,,136.224,0,0,"[-6.6, -7.638326413934643]"
949,goal_095,9,exito,4257,820.99,02,subwp,123,1,E2.1,E2.1-R0,False,subwp,123,02,9,1674355709,exito,,136.224,0,0,"[-6.6, 12.834846703535725]"
950,goal_095,10,exito,4257,820.98,02,subwp,123,1,E2.1,E2.1-R0,False,subwp,123,02,10,4285339435,exito,,136.224,0,0,"[-6.6, 2.0156433736533628]"
951,goal_096,1,exito,4253,822.63,02,subwp,123,1,E2.1,E2.1-R0,False,subwp,123,02,1,1825915384,exito,,136.096,0,0,"[-6.6, -3.2088493144122787]"
952,goal_096,2,exito,4253,822.68,02,subwp,123,1,E2.1,E2.1-R0,False,subwp,123,02,2,4124840002,exito,,136.096,0,0,"[-6.6, 2.4171790103281072]"
953,goal_096,3,exito,4253,822.65,02,subwp,123,1,E2.1,E2.1-R0,False,subwp,123,02,3,2195398868,exito,,136.096,0,0,"[-6.6, 7.041931331981743]"
954,goal_096,4,exito,4253,822.71,02,subwp,123,1,E2.1,E2.1-R0,False,subwp,123,02,4,482325879,exito,,136.096,0,0,"[-6.6, -3.4047901217801373]"
955,goal_096,5,exito,4253,822.63,02,subwp,123,1,E2.1,E2.1-R0,False,subwp,123,02,5,1807255009,exito,,136.096,0,0,"[-6.6, -9.844818344624368]"
956,goal_096,6,exito,4253,822.69,02,subwp,123,1,E2.1,E2.1-R0,False,subwp,123,02,6,4071740507,exito,,136.096,0,0,"[-6.6, 4.962819740234425]"
957,goal_096,7,exito,4253,822.65,02,subwp,123,1,E2.1,E2.1-R0,False,subwp,123,02,7,2243355853,exito,,136.096,0,0,"[-6.6, -3.923068098595974]"
958,goal_096,8,exito,4253,822.69,02,subwp,123,1,E2.1,E2.1-R0,False,subwp,123,02,8,352975196,exito,,136.096,0,0,"[-6.6, -0.03436477474411608]"
959,goal_096,9,exito,4253,822.65,02,subwp,123,1,E2.1,E2.1-R0,False,subwp,123,02,9,1645136330,exito,,136.096,0,0,"[-6.6, -12.31018359131311]"
960,goal_096,10,exito,4253,822.69,02,subwp,123,1,E2.1,E2.1-R0,False,subwp,123,02,10,1204908110,exito,,136.096,0,0,"[-6.6, -9.418392303320141]"
961,goal_097,1,exito,4256,822.56,02,subwp,123,1,E2.1,E2.1-R0,False,subwp,123,02,1,1855192993,exito,,136.192,0,0,"[-6.6, 3.5937831691287503]"
962,goal_097,2,exito,4256,822.52,02,subwp,123,1,E2.1,E2.1-R0,False,subwp,123,02,2,4154109467,exito,,136.192,0,0,"[-6.6, -9.187473374502122]"
963,goal_097,3,exito,4256,822.52,02,subwp,123,1,E2.1,E2.1-R0,False,subwp,123,02,3,2157813389,exito,,136.192,0,0,"[-6.6, 7.152332979261095]"
964,goal_097,4,exito,4256,822.51,02,subwp,123,1,E2.1,E2.1-R0,False,subwp,123,02,4,519637806,exito,,136.192,0,0,"[-6.6, -1.173875735167325]"
965,goal_097,5,exito,4256,822.5,02,subwp,123,1,E2.1,E2.1-R0,False,subwp,123,02,5,1778269112,exito,,136.192,0,0,"[-6.6, 0.9970968082166546]"
966,goal_097,6,exito,4256,822.48,02,subwp,123,1,E2.1,E2.1-R0,False,subwp,123,02,6,4042746370,exito,,136.192,0,0,"[-6.6, -11.649647681414852]"
967,goal_097,7,exito,4256,822.51,02,subwp,123,1,E2.1,E2.1-R0,False,subwp,123,02,7,2280675988,exito,,136.192,0,0,"[-6.6, -5.344023353105363]"
968,goal_097,8,exito,4256,822.49,02,subwp,123,1,E2.1,E2.1-R0,False,subwp,123,02,8,391071493,exito,,136.192,0,0,"[-6.6, 0.47489873461161203]"
969,goal_097,9,exito,4256,822.5,02,subwp,123,1,E2.1,E2.1-R0,False,subwp,123,02,9,1615361939,exito,,136.192,0,0,"[-6.6, 5.041428072245698]"
970,goal_097,10,exito,4256,822.43,02,subwp,123,1,E2.1,E2.1-R0,False,subwp,123,02,10,1432674208,exito,,136.192,0,0,"[-6.6, 9.328660911774591]"
971,goal_098,1,exito,4256,823.43,02,subwp,123,1,E2.1,E2.1-R0,False,subwp,123,02,1,1867617686,exito,,136.192,0,0,"[-6.6, 4.598473878915434]"
972,goal_098,2,exito,4256,823.42,02,subwp,123,1,E2.1,E2.1-R0,False,subwp,123,02,2,4133012524,exito,,136.192,0,0,"[-6.6, 9.94192909146645]"
973,goal_098,3,exito,4256,823.43,02,subwp,123,1,E2.1,E2.1-R0,False,subwp,123,02,3,2170549434,exito,,136.192,0,0,"[-6.6, 11.954624640211692]"
974,goal_098,4,exito,4256,823.43,02,subwp,123,1,E2.1,E2.1-R0,False,subwp,123,02,4,523985177,exito,,136.192,0,0,"[-6.6, -5.6795092148064406]"
975,goal_098,5,exito,4255,823.21,02,subwp,123,1,E2.1,E2.1-R0,False,subwp,123,02,5,1748783503,exito,,136.16,0,0,"[-6.6, -10.294617264420365]"
976,goal_098,6,exito,4256,823.43,02,subwp,123,1,E2.1,E2.1-R0,False,subwp,123,02,6,4046782517,exito,,136.192,0,0,"[-6.6, -1.8046733028542015]"
977,goal_098,7,exito,4256,823.42,02,subwp,123,1,E2.1,E2.1-R0,False,subwp,123,02,7,2251436195,exito,,136.192,0,0,"[-6.6, 6.838310379194711]"
978,goal_098,8,exito,4256,823.42,02,subwp,123,1,E2.1,E2.1-R0,False,subwp,123,02,8,378350898,exito,,136.192,0,0,"[-6.6, -2.2034269342017607]"
979,goal_098,9,exito,4256,823.43,02,subwp,123,1,E2.1,E2.1-R0,False,subwp,123,02,9,1636441508,exito,,136.192,0,0,"[-6.6, -0.6245388263572023]"
980,goal_098,10,exito,4256,823.43,02,subwp,123,1,E2.1,E2.1-R0,False,subwp,123,02,10,3990403269,exito,,136.192,0,0,"[-6.6, -12.975095434381286]"
981,goal_099,1,exito,4256,823.06,02,subwp,123,1,E2.1,E2.1-R0,False,subwp,123,02,1,1678627499,exito,,136.192,0,0,"[-6.6, 7.573133824271551]"
982,goal_099,2,exito,4256,823.06,02,subwp,123,1,E2.1,E2.1-R0,False,subwp,123,02,2,4244931345,exito,,136.192,0,0,"[-6.6, -5.619103409621269]"
983,goal_099,3,exito,4256,823.04,02,subwp,123,1,E2.1,E2.1-R0,False,subwp,123,02,3,2315498375,exito,,136.192,0,0,"[-6.6, 5.812233153287251]"
984,goal_099,4,exito,4256,823.04,02,subwp,123,1,E2.1,E2.1-R0,False,subwp,123,02,4,342304292,exito,,136.192,0,0,"[-6.6, -10.187723770401576]"
985,goal_099,5,exito,4256,823.06,02,subwp,123,1,E2.1,E2.1-R0,False,subwp,123,02,5,1667241650,exito,,136.192,0,0,"[-6.6, 8.054939324673182]"
986,goal_099,6,exito,4256,823.05,02,subwp,123,1,E2.1,E2.1-R0,False,subwp,123,02,6,4201203464,exito,,136.192,0,0,"[-6.6, -5.601876070632661]"
987,goal_099,7,exito,4256,823.06,02,subwp,123,1,E2.1,E2.1-R0,False,subwp,123,02,7,2372827038,exito,,136.192,0,0,"[-6.6, -6.212988044669877]"
988,goal_099,8,exito,4256,823.08,02,subwp,123,1,E2.1,E2.1-R0,False,subwp,123,02,8,500263439,exito,,136.192,0,0,"[-6.6, 9.057757085321754]"
989,goal_099,9,exito,4256,823.08,02,subwp,123,1,E2.1,E2.1-R0,False,subwp,123,02,9,1792432793,exito,,136.192,0,0,"[-6.6, 5.6428651037757245]"
990,goal_099,10,exito,4256,823.08,02,subwp,123,1,E2.1,E2.1-R0,False,subwp,123,02,10,3048974483,exito,,136.192,0,0,"[-6.6, 12.606188320000888]"
991,goal_100,1,exito,4255,823.84,02,subwp,123,1,E2.1,E2.1-R0,False,subwp,123,02,1,1708112028,exito,,136.16,0,0,"[-6.6, -8.710871085901656]"
992,goal_100,2,exito,4255,823.85,02,subwp,123,1,E2.1,E2.1-R0,False,subwp,123,02,2,4240894246,exito,,136.16,0,0,"[-6.6, 2.9917098357422134]"
993,goal_100,3,exito,4255,823.85,02,subwp,123,1,E2.1,E2.1-R0,False,subwp,123,02,3,2344737200,exito,,136.16,0,0,"[-6.6, -0.24320512229669103]"
994,goal_100,4,exito,4255,823.77,02,subwp,123,1,E2.1,E2.1-R0,False,subwp,123,02,4,363154451,exito,,136.16,0,0,"[-6.6, 0.17873415758641262]"
995,goal_100,5,exito,4255,823.74,02,subwp,123,1,E2.1,E2.1-R0,False,subwp,123,02,5,1654815877,exito,,136.16,0,0,"[-6.6, -8.467573582936057]"
996,goal_100,6,exito,4255,823.81,02,subwp,123,1,E2.1,E2.1-R0,False,subwp,123,02,6,4222299455,exito,,136.16,0,0,"[-6.6, 7.049916943230595]"
997,goal_100,7,exito,4255,823.83,02,subwp,123,1,E2.1,E2.1-R0,False,subwp,123,02,7,2360090025,exito,,136.16,0,0,"[-6.6, 4.096219218469222]"
998,goal_100,8,exito,4255,823.82,02,subwp,123,1,E2.1,E2.1-R0,False,subwp,123,02,8,471007288,exito,,136.16,0,0,"[-6.6, 8.624127098142578]"
999,goal_100,9,exito,4255,823.84,02,subwp,123,1,E2.1,E2.1-R0,False,subwp,123,02,9,1796485294,exito,,136.16,0,0,"[-6.6, 2.499204417072964]"
1000,goal_100,10,exito,4255,823.86,02,subwp,123,1,E2.1,E2.1-R0,False,subwp,123,02,10,218615798,exito,,136.16,0,0,"[-6.6, -5.746786742082729]"
1001,goal_101,1,exito,4255,823.0,02,subwp,123,1,E2.1,E2.1-R0,False,subwp,123,02,1,187678407,exito,,136.16,0,0,"[-6.6, -11.936124763696217]"
1002,goal_101,2,exito,4255,822.99,02,subwp,123,1,E2.1,E2.1-R0,False,subwp,123,02,2,2452025213,exito,,136.16,0,0,"[-6.6, -1.0983232773802065]"
1003,goal_101,3,exito,4255,822.99,02,subwp,123,1,E2.1,E2.1-R0,False,subwp,123,02,3,3844202475,exito,,136.16,0,0,"[-6.6, -8.980965101498086]"
1004,goal_101,4,exito,4255,822.99,02,subwp,123,1,E2.1,E2.1-R0,False,subwp,123,02,4,2068138568,exito,,136.16,0,0,"[-6.6, -1.536276557060592]"
1005,goal_101,5,exito,4255,822.99,02,subwp,123,1,E2.1,E2.1-R0,False,subwp,123,02,5,205683422,exito,,136.16,0,0,"[-6.6, -3.8441573749026263]"
1006,goal_101,6,exito,4255,822.99,02,subwp,123,1,E2.1,E2.1-R0,False,subwp,123,02,6,2504731492,exito,,136.16,0,0,"[-6.6, 7.0211242273483165]"
1007,goal_101,7,exito,4255,822.99,02,subwp,123,1,E2.1,E2.1-R0,False,subwp,123,02,7,3796638706,exito,,136.16,0,0,"[-6.6, 4.745657461978238]"
1008,goal_101,8,exito,4255,822.99,02,subwp,123,1,E2.1,E2.1-R0,False,subwp,123,02,8,1928529507,exito,,136.16,0,0,"[-6.6, 10.418863057263332]"
1009,goal_101,9,exito,4255,822.99,02,subwp,123,1,E2.1,E2.1-R0,False,subwp,123,02,9,99890933,exito,,136.16,0,0,"[-6.6, 4.035349635582663]"
1010,goal_101,10,exito,4255,822.99,02,subwp,123,1,E2.1,E2.1-R0,False,subwp,123,02,10,4056983436,exito,,136.16,0,0,"[-6.6, 10.671392778434052]"
1011,goal_102,1,exito,4257,822.62,02,subwp,123,1,E2.1,E2.1-R0,False,subwp,123,02,1,183358704,exito,,136.224,0,0,"[-6.6, 7.2964762317920355]"
1012,goal_102,2,exito,4257,822.61,02,subwp,123,1,E2.1,E2.1-R0,False,subwp,123,02,2,2481227082,exito,,136.224,0,0,"[-6.6, 2.847230843420901]"
1013,goal_102,3,exito,4259,822.97,02,subwp,123,1,E2.1,E2.1-R0,False,subwp,123,02,3,3840128476,exito,,136.288,0,0,"[-6.6, 11.452799088980765]"
1014,goal_102,4,exito,4257,822.62,02,subwp,123,1,E2.1,E2.1-R0,False,subwp,123,02,4,2055676031,exito,,136.224,0,0,"[-6.6, 13.165717992899738]"
1015,goal_102,5,exito,4257,822.63,02,subwp,123,1,E2.1,E2.1-R0,False,subwp,123,02,5,226496745,exito,,136.224,0,0,"[-6.6, -4.308714699340202]"
1016,goal_102,6,exito,4257,822.63,02,subwp,123,1,E2.1,E2.1-R0,False,subwp,123,02,6,2492023123,exito,,136.224,0,0,"[-6.6, 9.871532003862601]"
1017,goal_102,7,exito,4257,822.64,02,subwp,123,1,E2.1,E2.1-R0,False,subwp,123,02,7,3817763269,exito,,136.224,0,0,"[-6.6, -9.940032778260804]"
1018,goal_102,8,exito,4259,822.97,02,subwp,123,1,E2.1,E2.1-R0,False,subwp,123,02,8,1932618836,exito,,136.288,0,0,"[-6.6, -1.4184471331130797]"
1019,goal_102,9,exito,4257,822.6,02,subwp,123,1,E2.1,E2.1-R0,False,subwp,123,02,9,70671554,exito,,136.224,0,0,"[-6.6, -1.6346380658231017]"
1020,goal_102,10,exito,4257,822.62,02,subwp,123,1,E2.1,E2.1-R0,False,subwp,123,02,10,1231864041,exito,,136.224,0,0,"[-6.6, 2.080800763488524]"
1021,goal_103,1,exito,4256,823.78,02,subwp,123,1,E2.1,E2.1-R0,False,subwp,123,02,1,145451689,exito,,136.192,0,0,"[-6.6, 8.828300826489068]"
1022,goal_103,2,exito,4256,823.79,02,subwp,123,1,E2.1,E2.1-R0,False,subwp,123,02,2,2443328275,exito,,136.192,0,0,"[-6.6, 12.460607178674007]"
1023,goal_103,3,exito,4255,823.58,02,subwp,123,1,E2.1,E2.1-R0,False,subwp,123,02,3,3869576069,exito,,136.16,0,0,"[-6.6, 12.296705604124956]"
1024,goal_103,4,exito,4256,823.8,02,subwp,123,1,E2.1,E2.1-R0,False,subwp,123,02,4,2025954854,exito,,136.192,0,0,"[-6.6, 7.97705897351576]"
1025,goal_103,5,exito,4256,823.78,02,subwp,123,1,E2.1,E2.1-R0,False,subwp,123,02,5,264679088,exito,,136.192,0,0,"[-6.6, -8.288672840895078]"
1026,goal_103,6,exito,4255,823.57,02,subwp,123,1,E2.1,E2.1-R0,False,subwp,123,02,6,2530213642,exito,,136.16,0,0,"[-6.6, 12.285704092505332]"
1027,goal_103,7,exito,4256,823.8,02,subwp,123,1,E2.1,E2.1-R0,False,subwp,123,02,7,3788033948,exito,,136.192,0,0,"[-6.6, -1.3654085423575715]"
1028,goal_103,8,exito,4255,823.58,02,subwp,123,1,E2.1,E2.1-R0,False,subwp,123,02,8,1903677965,exito,,136.16,0,0,"[-6.6, -5.923639349268775]"
1029,goal_103,9,exito,4256,823.78,02,subwp,123,1,E2.1,E2.1-R0,False,subwp,123,02,9,108061339,exito,,136.192,0,0,"[-6.6, -10.790778571526705]"
1030,goal_103,10,exito,4255,823.53,02,subwp,123,1,E2.1,E2.1-R0,False,subwp,123,02,10,1540976391,exito,,136.16,0,0,"[-6.6, -12.97082219762303]"
1031,goal_104,1,exito,4256,822.94,02,subwp,123,1,E2.1,E2.1-R0,False,subwp,123,02,1,157876382,exito,,136.192,0,0,"[-6.6, 7.83203027532696]"
1032,goal_104,2,exito,4256,822.89,02,subwp,123,1,E2.1,E2.1-R0,False,subwp,123,02,2,2422231332,exito,,136.192,0,0,"[-6.6, 7.9987456127664]"
1033,goal_104,3,exito,4256,822.92,02,subwp,123,1,E2.1,E2.1-R0,False,subwp,123,02,3,3882312114,exito,,136.192,0,0,"[-6.6, 3.5241116447653695]"
1034,goal_104,4,exito,4256,822.94,02,subwp,123,1,E2.1,E2.1-R0,False,subwp,123,02,4,2030302225,exito,,136.192,0,0,"[-6.6, -2.90302020840841]"
1035,goal_104,5,exito,4256,822.93,02,subwp,123,1,E2.1,E2.1-R0,False,subwp,123,02,5,235193479,exito,,136.192,0,0,"[-6.6, 2.6749302870903713]"
1036,goal_104,6,exito,4256,822.94,02,subwp,123,1,E2.1,E2.1-R0,False,subwp,123,02,6,2534249789,exito,,136.192,0,0,"[-6.6, 6.069170859616606]"
1037,goal_104,7,exito,4256,822.94,02,subwp,123,1,E2.1,E2.1-R0,False,subwp,123,02,7,3758794155,exito,,136.192,0,0,"[-6.6, -11.193311822781697]"
1038,goal_104,8,exito,4256,822.92,02,subwp,123,1,E2.1,E2.1-R0,False,subwp,123,02,8,1890957370,exito,,136.192,0,0,"[-6.6, 3.6212783193596993]"
1039,goal_104,9,exito,4256,822.93,02,subwp,123,1,E2.1,E2.1-R0,False,subwp,123,02,9,129140908,exito,,136.192,0,0,"[-6.6, 8.06348222750156]"
1040,goal_104,10,exito,4256,822.98,02,subwp,123,1,E2.1,E2.1-R0,False,subwp,123,02,10,3815049314,exito,,136.192,0,0,"[-6.6, 11.09161896302431]"
1041,goal_105,1,exito,4266,821.0,02,subwp,123,1,E2.1,E2.1-R0,False,subwp,123,02,1,203822619,exito,,136.512,0,0,"[-6.6, -2.1518460460196764]"
1042,goal_105,2,exito,4266,821.01,02,subwp,123,1,E2.1,E2.1-R0,False,subwp,123,02,2,2502903713,exito,,136.512,0,0,"[-6.6, -0.7070041072133877]"
1043,goal_105,3,exito,4266,821.0,02,subwp,123,1,E2.1,E2.1-R0,False,subwp,123,02,3,3794302775,exito,,136.512,0,0,"[-6.6, 8.751904382155836]"
1044,goal_105,4,exito,4266,820.99,02,subwp,123,1,E2.1,E2.1-R0,False,subwp,123,02,4,2085413524,exito,,136.512,0,0,"[-6.6, 5.275689344087076]"
1045,goal_105,5,exito,4266,821.0,02,subwp,123,1,E2.1,E2.1-R0,False,subwp,123,02,5,189518338,exito,,136.512,0,0,"[-6.6, 4.513862382793006]"
1046,goal_105,6,exito,4266,821.0,02,subwp,123,1,E2.1,E2.1-R0,False,subwp,123,02,6,2453832632,exito,,136.512,0,0,"[-6.6, 10.111921051867093]"
1047,goal_105,7,exito,4266,820.99,02,subwp,123,1,E2.1,E2.1-R0,False,subwp,123,02,7,3846550318,exito,,136.512,0,0,"[-6.6, -10.305817378414588]"
1048,goal_105,8,exito,4266,820.99,02,subwp,123,1,E2.1,E2.1-R0,False,subwp,123,02,8,1979363007,exito,,136.512,0,0,"[-6.6, 5.539853044815683]"
1049,goal_105,9,exito,4266,821.01,02,subwp,123,1,E2.1,E2.1-R0,False,subwp,123,02,9,50175529,exito,,136.512,0,0,"[-6.6, 1.357133152024341]"
1050,goal_105,10,exito,4266,821.0,02,subwp,123,1,E2.1,E2.1-R0,False,subwp,123,02,10,2125607131,exito,,136.512,0,0,"[-6.6, -5.6953838300333945]"
1051,goal_106,1,exito,4264,821.55,02,subwp,123,1,E2.1,E2.1-R0,False,subwp,123,02,1,233077804,exito,,136.448,0,0,"[-6.6, 5.318118882629289]"
1052,goal_106,2,exito,4264,821.55,02,subwp,123,1,E2.1,E2.1-R0,False,subwp,123,02,2,2498571670,exito,,136.448,0,0,"[-6.6, -11.217054286168562]"
1053,goal_106,3,exito,4263,821.34,02,subwp,123,1,E2.1,E2.1-R0,False,subwp,123,02,3,3823770880,exito,,136.416,0,0,"[-6.6, 4.686420049137755]"
1054,goal_106,4,exito,4264,821.57,02,subwp,123,1,E2.1,E2.1-R0,False,subwp,123,02,4,2106493091,exito,,136.448,0,0,"[-6.6, 0.7746822773935333]"
1055,goal_106,5,exito,4264,821.57,02,subwp,123,1,E2.1,E2.1-R0,False,subwp,123,02,5,176797749,exito,,136.448,0,0,"[-6.6, -8.451016038387596]"
1056,goal_106,6,exito,4264,821.56,02,subwp,123,1,E2.1,E2.1-R0,False,subwp,123,02,6,2474699151,exito,,136.448,0,0,"[-6.6, -8.420536319310674]"
1057,goal_106,7,exito,4264,821.56,02,subwp,123,1,E2.1,E2.1-R0,False,subwp,123,02,7,3834108185,exito,,136.448,0,0,"[-6.6, -11.471551992161286]"
1058,goal_106,8,exito,4264,821.56,02,subwp,123,1,E2.1,E2.1-R0,False,subwp,123,02,8,1949877384,exito,,136.448,0,0,"[-6.6, -7.6324651781858925]"
1059,goal_106,9,exito,4264,821.56,02,subwp,123,1,E2.1,E2.1-R0,False,subwp,123,02,9,54522910,exito,,136.448,0,0,"[-6.6, -12.148428351162012]"
1060,goal_106,10,exito,4264,821.56,02,subwp,123,1,E2.1,E2.1-R0,False,subwp,123,02,10,3322828734,exito,,136.448,0,0,"[-6.6, 7.795258630095719]"
1061,goal_107,1,exito,4690,894.41,02,subwp,123,1,E2.1,E2.1-R0,False,subwp,123,02,1,262324853,exito,,150.08,0,0,"[-6.6, -6.091864221265751]"
1062,goal_107,2,exito,4690,894.41,02,subwp,123,1,E2.1,E2.1-R0,False,subwp,123,02,2,2527826895,exito,,150.08,0,0,"[-6.6, 5.908281175398621]"
1063,goal_107,3,exito,4690,894.4,02,subwp,123,1,E2.1,E2.1-R0,False,subwp,123,02,3,3786187609,exito,,150.08,0,0,"[-6.6, 9.255434556989531]"
1064,goal_107,4,exito,4690,894.41,02,subwp,123,1,E2.1,E2.1-R0,False,subwp,123,02,4,2143827706,exito,,150.08,0,0,"[-6.6, -6.34744977200366]"
1065,goal_107,5,exito,4690,894.4,02,subwp,123,1,E2.1,E2.1-R0,False,subwp,123,02,5,147785324,exito,,150.08,0,0,"[-6.6, -5.141182997974042]"
1066,goal_107,6,exito,4690,894.4,02,subwp,123,1,E2.1,E2.1-R0,False,subwp,123,02,6,2445694934,exito,,150.08,0,0,"[-6.6, 7.341676067403402]"
1067,goal_107,7,exito,4691,894.58,02,subwp,123,1,E2.1,E2.1-R0,False,subwp,123,02,7,3871434560,exito,,150.112,0,0,"[-6.6, -3.192980605297608]"
1068,goal_107,8,exito,4690,894.41,02,subwp,123,1,E2.1,E2.1-R0,False,subwp,123,02,8,1988000465,exito,,150.08,0,0,"[-6.6, -1.598482465488327]"
1069,goal_107,9,exito,4691,894.58,02,subwp,123,1,E2.1,E2.1-R0,False,subwp,123,02,9,24726087,exito,,150.112,0,0,"[-6.6, 4.446929922218021]"
1070,goal_107,10,exito,4691,894.58,02,subwp,123,1,E2.1,E2.1-R0,False,subwp,123,02,10,3569088592,exito,,150.112,0,0,"[-6.6, 2.605374005993642]"
1071,goal_108,1,exito,4689,894.1,02,subwp,123,1,E2.1,E2.1-R0,False,subwp,123,02,1,241215554,exito,,150.048,0,0,"[-6.6, 8.373963102456372]"
1072,goal_108,2,exito,4689,894.1,02,subwp,123,1,E2.1,E2.1-R0,False,subwp,123,02,2,2540304888,exito,,150.048,0,0,"[-6.6, 4.877242095873386]"
1073,goal_108,3,exito,4689,894.1,02,subwp,123,1,E2.1,E2.1-R0,False,subwp,123,02,3,3765356910,exito,,150.048,0,0,"[-6.6, -11.734558965771502]"
1074,goal_108,4,exito,4689,894.1,02,subwp,123,1,E2.1,E2.1-R0,False,subwp,123,02,4,2114608333,exito,,150.048,0,0,"[-6.6, 6.927145920455494]"
1075,goal_108,5,exito,4689,894.11,02,subwp,123,1,E2.1,E2.1-R0,False,subwp,123,02,5,151874651,exito,,150.048,0,0,"[-6.6, -3.053808822306179]"
1076,goal_108,6,exito,4689,894.11,02,subwp,123,1,E2.1,E2.1-R0,False,subwp,123,02,6,2416197089,exito,,150.048,0,0,"[-6.6, 11.475611583365685]"
1077,goal_108,7,exito,4689,894.12,02,subwp,123,1,E2.1,E2.1-R0,False,subwp,123,02,7,3875736951,exito,,150.048,0,0,"[-6.6, 3.1965190875605765]"
1078,goal_108,8,exito,4689,894.1,02,subwp,123,1,E2.1,E2.1-R0,False,subwp,123,02,8,2008813798,exito,,150.048,0,0,"[-6.6, -9.550101683151636]"
1079,goal_108,9,exito,4689,894.1,02,subwp,123,1,E2.1,E2.1-R0,False,subwp,123,02,9,12263536,exito,,150.048,0,0,"[-6.6, 12.10696764428609]"
1080,goal_108,10,exito,4689,894.11,02,subwp,123,1,E2.1,E2.1-R0,False,subwp,123,02,10,1812438837,exito,,150.048,0,0,"[-6.6, 5.665169432783772]"
1081,goal_109,1,exito,4688,893.75,02,subwp,123,1,E2.1,E2.1-R0,False,subwp,123,02,1,87879551,exito,,150.016,0,0,"[-6.6, -1.694112472399904]"
1082,goal_109,2,exito,4688,893.79,02,subwp,123,1,E2.1,E2.1-R0,False,subwp,123,02,2,2620767941,exito,,150.016,0,0,"[-6.6, 0.7416220872902037]"
1083,goal_109,3,exito,4688,893.76,02,subwp,123,1,E2.1,E2.1-R0,False,subwp,123,02,3,3945958995,exito,,150.016,0,0,"[-6.6, 4.143840211736208]"
1084,goal_109,4,exito,4688,893.76,02,subwp,123,1,E2.1,E2.1-R0,False,subwp,123,02,4,1968577520,exito,,150.016,0,0,"[-6.6, 9.008203035925627]"
1085,goal_109,5,exito,4688,893.76,02,subwp,123,1,E2.1,E2.1-R0,False,subwp,123,02,5,38873958,exito,,150.016,0,0,"[-6.6, -13.132156597724832]"
1086,goal_109,6,exito,4688,893.77,02,subwp,123,1,E2.1,E2.1-R0,False,subwp,123,02,6,2606267100,exito,,150.016,0,0,"[-6.6, -0.17069755648629534]"
1087,goal_109,7,exito,4688,893.77,02,subwp,123,1,E2.1,E2.1-R0,False,subwp,123,02,7,3965667914,exito,,150.016,0,0,"[-6.6, -9.746934156140785]"
1088,goal_109,8,exito,4688,893.76,02,subwp,123,1,E2.1,E2.1-R0,False,subwp,123,02,8,2095077339,exito,,150.016,0,0,"[-6.6, 2.091808735799933]"
1089,goal_109,9,exito,4688,893.77,02,subwp,123,1,E2.1,E2.1-R0,False,subwp,123,02,9,199714637,exito,,150.016,0,0,"[-6.6, -6.459770873809436]"
1090,goal_109,10,exito,4688,893.79,02,subwp,123,1,E2.1,E2.1-R0,False,subwp,123,02,10,879005539,exito,,150.016,0,0,"[-6.6, -9.358503136737268]"
1091,goal_110,1,exito,4689,894.01,02,subwp,123,1,E2.1,E2.1-R0,False,subwp,123,02,1,83789128,exito,,150.048,0,0,"[-6.6, -13.040594639528042]"
1092,goal_110,2,exito,4689,894.0,02,subwp,123,1,E2.1,E2.1-R0,False,subwp,123,02,2,2650264818,exito,,150.048,0,0,"[-6.6, -12.49402272768605]"
1093,goal_110,3,exito,4689,894.01,02,subwp,123,1,E2.1,E2.1-R0,False,subwp,123,02,3,3941655652,exito,,150.048,0,0,"[-6.6, 8.031859259858427]"
1094,goal_110,4,exito,4689,894.02,02,subwp,123,1,E2.1,E2.1-R0,False,subwp,123,02,4,1955885511,exito,,150.048,0,0,"[-6.6, 12.631212766746454]"
1095,goal_110,5,exito,4689,894.02,02,subwp,123,1,E2.1,E2.1-R0,False,subwp,123,02,5,59982161,exito,,150.048,0,0,"[-6.6, 6.421394271219345]"
1096,goal_110,6,exito,4689,894.03,02,subwp,123,1,E2.1,E2.1-R0,False,subwp,123,02,6,2593788139,exito,,150.048,0,0,"[-6.6, 4.95867066921626]"
1097,goal_110,7,exito,4689,893.98,02,subwp,123,1,E2.1,E2.1-R0,False,subwp,123,02,7,3986497661,exito,,150.048,0,0,"[-6.6, -7.250227302736696]"
1098,goal_110,8,exito,4689,894.01,02,subwp,123,1,E2.1,E2.1-R0,False,subwp,123,02,8,2099396076,exito,,150.048,0,0,"[-6.6, 12.38536516470786]"
1099,goal_110,9,exito,4689,894.01,02,subwp,123,1,E2.1,E2.1-R0,False,subwp,123,02,9,170200442,exito,,150.048,0,0,"[-6.6, 12.982528499082273]"
1100,goal_110,10,exito,4689,894.0,02,subwp,123,1,E2.1,E2.1-R0,False,subwp,123,02,10,2363025414,exito,,150.048,0,0,"[-6.6, 1.3372816076938305]"
1101,goal_111,1,exito,4685,893.18,02,subwp,123,1,E2.1,E2.1-R0,False,subwp,123,02,1,3012811170,exito,,149.92,0,0,"[-6.6, 8.520616743139973]"
1102,goal_111,2,exito,4685,893.18,02,subwp,123,1,E2.1,E2.1-R0,False,subwp,123,02,2,714770456,exito,,149.92,0,0,"[-6.6, 7.899405811709264]"
1103,goal_111,3,exito,4685,893.15,02,subwp,123,1,E2.1,E2.1-R0,False,subwp,123,02,3,1570617486,exito,,149.92,0,0,"[-6.6, -6.9146203502375325]"
1104,goal_111,4,exito,4685,893.18,02,subwp,123,1,E2.1,E2.1-R0,False,subwp,123,02,4,3287887149,exito,,149.92,0,0,"[-6.6, 6.250379188570947]"
1105,goal_111,5,exito,4685,893.15,02,subwp,123,1,E2.1,E2.1-R0,False,subwp,123,02,5,3036552635,exito,,149.92,0,0,"[-6.6, 10.733692496367922]"
1106,goal_111,6,exito,4685,893.14,02,subwp,123,1,E2.1,E2.1-R0,False,subwp,123,02,6,771181569,exito,,149.92,0,0,"[-6.6, -9.752325953061034]"
1107,goal_111,7,exito,4685,893.15,02,subwp,123,1,E2.1,E2.1-R0,False,subwp,123,02,7,1525709975,exito,,149.92,0,0,"[-6.6, 3.754988238691476]"
1108,goal_111,8,exito,4685,893.18,02,subwp,123,1,E2.1,E2.1-R0,False,subwp,123,02,8,3394199814,exito,,149.92,0,0,"[-6.6, -12.479184494348978]"
1109,goal_111,9,exito,4685,893.14,02,subwp,123,1,E2.1,E2.1-R0,False,subwp,123,02,9,3175633296,exito,,149.92,0,0,"[-6.6, -12.594803257850225]"
1110,goal_111,10,exito,4685,893.18,02,subwp,123,1,E2.1,E2.1-R0,False,subwp,123,02,10,3434122812,exito,,149.92,0,0,"[-6.6, 2.5419681977033903]"
1111,goal_112,1,exito,4690,893.98,02,subwp,123,1,E2.1,E2.1-R0,False,subwp,123,02,1,2991698837,exito,,150.08,0,0,"[-6.6, -1.7742195482204202]"
1112,goal_112,2,exito,4690,893.97,02,subwp,123,1,E2.1,E2.1-R0,False,subwp,123,02,2,727245359,exito,,150.08,0,0,"[-6.6, -5.377537514495951]"
1113,goal_112,3,exito,4690,893.97,02,subwp,123,1,E2.1,E2.1-R0,False,subwp,123,02,3,1549783737,exito,,150.08,0,0,"[-6.6, -10.39152927636136]"
1114,goal_112,4,exito,4690,893.96,02,subwp,123,1,E2.1,E2.1-R0,False,subwp,123,02,4,3258664730,exito,,150.08,0,0,"[-6.6, -0.9049170111250407]"
1115,goal_112,5,exito,4690,893.96,02,subwp,123,1,E2.1,E2.1-R0,False,subwp,123,02,5,3040638860,exito,,150.08,0,0,"[-6.6, -6.945625699129189]"
1116,goal_112,6,exito,4690,893.96,02,subwp,123,1,E2.1,E2.1-R0,False,subwp,123,02,6,741680694,exito,,150.08,0,0,"[-6.6, -0.26492802300941065]"
1117,goal_112,7,exito,4690,893.96,02,subwp,123,1,E2.1,E2.1-R0,False,subwp,123,02,7,1530009248,exito,,150.08,0,0,"[-6.6, -4.048275441123963]"
1118,goal_112,8,exito,4690,893.96,02,subwp,123,1,E2.1,E2.1-R0,False,subwp,123,02,8,3415018289,exito,,150.08,0,0,"[-6.6, 3.1869166872321455]"
1119,goal_112,9,exito,4690,893.96,02,subwp,123,1,E2.1,E2.1-R0,False,subwp,123,02,9,3163175847,exito,,150.08,0,0,"[-6.6, 2.6994525404799403]"
1120,goal_112,10,exito,4690,893.96,02,subwp,123,1,E2.1,E2.1-R0,False,subwp,123,02,10,1947003225,exito,,150.08,0,0,"[-6.6, 5.081847681708872]"
1121,goal_113,1,exito,4685,893.08,02,subwp,123,1,E2.1,E2.1-R0,False,subwp,123,02,1,2954300876,exito,,149.92,0,0,"[-6.6, 9.057925853240247]"
1122,goal_113,2,exito,4685,893.1,02,subwp,123,1,E2.1,E2.1-R0,False,subwp,123,02,2,689855606,exito,,149.92,0,0,"[-6.6, -5.119793660025297]"
1123,goal_113,3,exito,4685,893.08,02,subwp,123,1,E2.1,E2.1-R0,False,subwp,123,02,3,1578724576,exito,,149.92,0,0,"[-6.6, 3.8777294629779866]"
1124,goal_113,4,exito,4685,893.1,02,subwp,123,1,E2.1,E2.1-R0,False,subwp,123,02,4,3229481283,exito,,149.92,0,0,"[-6.6, -7.505160527333081]"
1125,goal_113,5,exito,4685,893.09,02,subwp,123,1,E2.1,E2.1-R0,False,subwp,123,02,5,3078277589,exito,,149.92,0,0,"[-6.6, -2.997114002391087]"
1126,goal_113,6,exito,4685,893.1,02,subwp,123,1,E2.1,E2.1-R0,False,subwp,123,02,6,779327599,exito,,149.92,0,0,"[-6.6, 9.589299483365425]"
1127,goal_113,7,exito,4685,893.08,02,subwp,123,1,E2.1,E2.1-R0,False,subwp,123,02,7,1500817657,exito,,149.92,0,0,"[-6.6, 3.286793238897075]"
1128,goal_113,8,exito,4685,893.1,02,subwp,123,1,E2.1,E2.1-R0,False,subwp,123,02,8,3385570664,exito,,149.92,0,0,"[-6.6, -2.933863227906047]"
1129,goal_113,9,exito,4685,893.08,02,subwp,123,1,E2.1,E2.1-R0,False,subwp,123,02,9,3201074686,exito,,149.92,0,0,"[-6.6, 2.3679178724693286]"
1130,goal_113,10,exito,4685,893.1,02,subwp,123,1,E2.1,E2.1-R0,False,subwp,123,02,10,1723418295,exito,,149.92,0,0,"[-6.6, -8.076790513070145]"
1131,goal_114,1,exito,4691,893.99,02,subwp,123,1,E2.1,E2.1-R0,False,subwp,123,02,1,2983553019,exito,,150.112,0,0,"[-6.6, -0.8996057347797854]"
1132,goal_114,2,exito,4691,893.99,02,subwp,123,1,E2.1,E2.1-R0,False,subwp,123,02,2,685520449,exito,,150.112,0,0,"[-6.6, 7.27777322011188]"
1133,goal_114,3,exito,4691,893.99,02,subwp,123,1,E2.1,E2.1-R0,False,subwp,123,02,3,1608189655,exito,,150.112,0,0,"[-6.6, -3.7523557480423437]"
1134,goal_114,4,exito,4691,893.99,02,subwp,123,1,E2.1,E2.1-R0,False,subwp,123,02,4,3250557812,exito,,150.112,0,0,"[-6.6, -12.52571523314059]"
1135,goal_114,5,exito,4691,893.98,02,subwp,123,1,E2.1,E2.1-R0,False,subwp,123,02,5,3065553890,exito,,150.112,0,0,"[-6.6, 3.1271690565008163]"
1136,goal_114,6,exito,4691,893.98,02,subwp,123,1,E2.1,E2.1-R0,False,subwp,123,02,6,800191064,exito,,150.112,0,0,"[-6.6, -8.405783845080125]"
1137,goal_114,7,exito,4691,893.98,02,subwp,123,1,E2.1,E2.1-R0,False,subwp,123,02,7,1488372430,exito,,150.112,0,0,"[-6.6, 3.537976752828223]"
1138,goal_114,8,exito,4691,893.98,02,subwp,123,1,E2.1,E2.1-R0,False,subwp,123,02,8,3356090207,exito,,150.112,0,0,"[-6.6, -7.999826074472158]"
1139,goal_114,9,exito,4691,893.98,02,subwp,123,1,E2.1,E2.1-R0,False,subwp,123,02,9,3205427145,exito,,150.112,0,0,"[-6.6, 2.616936369621353]"
1140,goal_114,10,exito,4691,893.98,02,subwp,123,1,E2.1,E2.1-R0,False,subwp,123,02,10,3724878290,exito,,150.112,0,0,"[-6.6, -9.917525082525685]"
1141,goal_115,1,exito,4686,892.9,02,subwp,123,1,E2.1,E2.1-R0,False,subwp,123,02,1,3030020478,exito,,149.952,0,0,"[-6.6, 7.015754436677561]"
1142,goal_115,2,exito,4686,892.99,02,subwp,123,1,E2.1,E2.1-R0,False,subwp,123,02,2,764616900,exito,,149.952,0,0,"[-6.6, -9.251298626833899]"
1143,goal_115,3,exito,4686,892.98,02,subwp,123,1,E2.1,E2.1-R0,False,subwp,123,02,3,1519652946,exito,,149.952,0,0,"[-6.6, 5.687823272351202]"
1144,goal_115,4,exito,4686,892.9,02,subwp,123,1,E2.1,E2.1-R0,False,subwp,123,02,4,3304097265,exito,,149.952,0,0,"[-6.6, 8.46596930112482]"
1145,goal_115,5,exito,4686,892.98,02,subwp,123,1,E2.1,E2.1-R0,False,subwp,123,02,5,3019355495,exito,,149.952,0,0,"[-6.6, 2.7612595433918865]"
1146,goal_115,6,exito,4686,892.98,02,subwp,123,1,E2.1,E2.1-R0,False,subwp,123,02,6,721347805,exito,,149.952,0,0,"[-6.6, -4.213801528257142]"
1147,goal_115,7,exito,4686,892.98,02,subwp,123,1,E2.1,E2.1-R0,False,subwp,123,02,7,1576653899,exito,,149.952,0,0,"[-6.6, 5.780498110275912]"
1148,goal_115,8,exito,4686,892.98,02,subwp,123,1,E2.1,E2.1-R0,False,subwp,123,02,8,3443968474,exito,,149.952,0,0,"[-6.6, -11.03767037661003]"
1149,goal_115,9,exito,4686,892.98,02,subwp,123,1,E2.1,E2.1-R0,False,subwp,123,02,9,3124885836,exito,,149.952,0,0,"[-6.6, 3.981084581339809]"
1150,goal_115,10,exito,4686,892.91,02,subwp,123,1,E2.1,E2.1-R0,False,subwp,123,02,10,1137842539,exito,,149.952,0,0,"[-6.6, 2.6004581486128364]"
1151,goal_116,1,exito,4690,893.44,02,subwp,123,1,E2.1,E2.1-R0,False,subwp,123,02,1,3042450249,exito,,150.08,0,0,"[-6.6, 3.3308045181218318]"
1152,goal_116,2,exito,4690,893.43,02,subwp,123,1,E2.1,E2.1-R0,False,subwp,123,02,2,743525107,exito,,150.08,0,0,"[-6.6, 2.4649342755050334]"
1153,goal_116,3,exito,4690,893.43,02,subwp,123,1,E2.1,E2.1-R0,False,subwp,123,02,3,1532394085,exito,,150.08,0,0,"[-6.6, 5.147776843435895]"
1154,goal_116,4,exito,4690,893.43,02,subwp,123,1,E2.1,E2.1-R0,False,subwp,123,02,4,3308449734,exito,,150.08,0,0,"[-6.6, -7.678157092311884]"
1155,goal_116,5,exito,4690,893.41,02,subwp,123,1,E2.1,E2.1-R0,False,subwp,123,02,5,2989875024,exito,,150.08,0,0,"[-6.6, -8.950297151842362]"
1156,goal_116,6,exito,4690,893.43,02,subwp,123,1,E2.1,E2.1-R0,False,subwp,123,02,6,725389034,exito,,150.08,0,0,"[-6.6, 2.3139506753108567]"
1157,goal_116,7,exito,4690,893.42,02,subwp,123,1,E2.1,E2.1-R0,False,subwp,123,02,7,1547419260,exito,,150.08,0,0,"[-6.6, -9.901874283977783]"
1158,goal_116,8,exito,4690,893.43,02,subwp,123,1,E2.1,E2.1-R0,False,subwp,123,02,8,3431244781,exito,,150.08,0,0,"[-6.6, -5.435394019691989]"
1159,goal_116,9,exito,4690,893.43,02,subwp,123,1,E2.1,E2.1-R0,False,subwp,123,02,9,3145962363,exito,,150.08,0,0,"[-6.6, 6.924997720312706]"
1160,goal_116,10,exito,4690,893.42,02,subwp,123,1,E2.1,E2.1-R0,False,subwp,123,02,10,4218322446,exito,,150.08,0,0,"[-6.6, 3.6864739010969934]"
1161,goal_117,1,exito,4687,893.06,02,subwp,123,1,E2.1,E2.1-R0,False,subwp,123,02,1,3072238864,exito,,149.984,0,0,"[-6.6, -8.047456326567794]"
1162,goal_117,2,exito,4687,893.07,02,subwp,123,1,E2.1,E2.1-R0,False,subwp,123,02,2,773321898,exito,,149.984,0,0,"[-6.6, -7.332816764041991]"
1163,goal_117,3,exito,4686,892.91,02,subwp,123,1,E2.1,E2.1-R0,False,subwp,123,02,3,1494271036,exito,,149.952,0,0,"[-6.6, -9.340435798262424]"
1164,goal_117,4,exito,4686,892.92,02,subwp,123,1,E2.1,E2.1-R0,False,subwp,123,02,4,3346289055,exito,,149.952,0,0,"[-6.6, -11.721117292778917]"
1165,goal_117,5,exito,4686,892.92,02,subwp,123,1,E2.1,E2.1-R0,False,subwp,123,02,5,2960351497,exito,,149.952,0,0,"[-6.6, -2.164067812940674]"
1166,goal_117,6,exito,4687,893.07,02,subwp,123,1,E2.1,E2.1-R0,False,subwp,123,02,6,695873715,exito,,149.984,0,0,"[-6.6, 5.855102284899101]"
1167,goal_117,7,exito,4687,893.07,02,subwp,123,1,E2.1,E2.1-R0,False,subwp,123,02,7,1585250341,exito,,149.984,0,0,"[-6.6, 6.898048864675708]"
1168,goal_117,8,exito,4686,892.91,02,subwp,123,1,E2.1,E2.1-R0,False,subwp,123,02,8,3468828084,exito,,149.952,0,0,"[-6.6, 12.20186255549934]"
1169,goal_117,9,exito,4686,892.91,02,subwp,123,1,E2.1,E2.1-R0,False,subwp,123,02,9,3116707106,exito,,149.952,0,0,"[-6.6, -10.013968802636986]"
1170,goal_117,10,exito,4687,893.08,02,subwp,123,1,E2.1,E2.1-R0,False,subwp,123,02,10,3923497440,exito,,149.984,0,0,"[-6.6, 8.273271638954991]"
1171,goal_118,1,exito,4691,893.43,02,subwp,123,1,E2.1,E2.1-R0,False,subwp,123,02,1,3067924263,exito,,150.112,0,0,"[-6.6, 3.9666636022258555]"
1172,goal_118,2,exito,4691,893.43,02,subwp,123,1,E2.1,E2.1-R0,False,subwp,123,02,2,802528925,exito,,150.112,0,0,"[-6.6, -10.679051557668823]"
1173,goal_118,3,exito,4691,893.42,02,subwp,123,1,E2.1,E2.1-R0,False,subwp,123,02,3,1490202123,exito,,150.112,0,0,"[-6.6, 0.25210993295863254]"
1174,goal_118,4,exito,4691,893.42,02,subwp,123,1,E2.1,E2.1-R0,False,subwp,123,02,4,3333831592,exito,,150.112,0,0,"[-6.6, 11.03851145996419]"
1175,goal_118,5,exito,4691,893.43,02,subwp,123,1,E2.1,E2.1-R0,False,subwp,123,02,5,2981169982,exito,,150.112,0,0,"[-6.6, 13.271420575626847]"
1176,goal_118,6,exito,4690,893.21,02,subwp,123,1,E2.1,E2.1-R0,False,subwp,123,02,6,683170436,exito,,150.08,0,0,"[-6.6, 12.021255428104451]"
1177,goal_118,7,exito,4691,893.43,02,subwp,123,1,E2.1,E2.1-R0,False,subwp,123,02,7,1606380050,exito,,150.112,0,0,"[-6.6, -11.904933573974564]"
1178,goal_118,8,exito,4691,893.43,02,subwp,123,1,E2.1,E2.1-R0,False,subwp,123,02,8,3472914307,exito,,150.112,0,0,"[-6.6, 11.167305102234044]"
1179,goal_118,9,exito,4691,893.43,02,subwp,123,1,E2.1,E2.1-R0,False,subwp,123,02,9,3087484693,exito,,150.112,0,0,"[-6.6, 0.7565615920406393]"
1180,goal_118,10,exito,4691,893.42,02,subwp,123,1,E2.1,E2.1-R0,False,subwp,123,02,10,1365751429,exito,,150.112,0,0,"[-6.6, 10.996011660259136]"
1181,goal_119,1,exito,4687,892.72,02,subwp,123,1,E2.1,E2.1-R0,False,subwp,123,02,1,3179317274,exito,,149.984,0,0,"[-6.6, 0.951842688792813]"
1182,goal_119,2,exito,4687,892.72,02,subwp,123,1,E2.1,E2.1-R0,False,subwp,123,02,2,613013920,exito,,149.984,0,0,"[-6.6, 2.805435540273566]"
1183,goal_119,3,exito,4687,892.73,02,subwp,123,1,E2.1,E2.1-R0,False,subwp,123,02,3,1401874742,exito,,149.984,0,0,"[-6.6, -5.133164348692712]"
1184,goal_119,4,exito,4687,892.73,02,subwp,123,1,E2.1,E2.1-R0,False,subwp,123,02,4,3454696597,exito,,149.984,0,0,"[-6.6, 7.474406446264333]"
1185,goal_119,5,exito,4687,892.73,02,subwp,123,1,E2.1,E2.1-R0,False,subwp,123,02,5,3136113667,exito,,149.984,0,0,"[-6.6, -1.1842839897027602]"
1186,goal_119,6,exito,4687,892.72,02,subwp,123,1,E2.1,E2.1-R0,False,subwp,123,02,6,602152377,exito,,149.984,0,0,"[-6.6, 6.325622880446274]"
1187,goal_119,7,exito,4687,892.73,02,subwp,123,1,E2.1,E2.1-R0,False,subwp,123,02,7,1424174383,exito,,149.984,0,0,"[-6.6, 9.705887726323136]"
1188,goal_119,8,exito,4687,892.72,02,subwp,123,1,E2.1,E2.1-R0,False,subwp,123,02,8,3294376126,exito,,149.984,0,0,"[-6.6, -4.3413468577738765]"
1189,goal_119,9,exito,4687,892.72,02,subwp,123,1,E2.1,E2.1-R0,False,subwp,123,02,9,3009085480,exito,,149.984,0,0,"[-6.6, 12.962418444374132]"
1190,goal_119,10,exito,4687,892.72,02,subwp,123,1,E2.1,E2.1-R0,False,subwp,123,02,10,151299795,exito,,149.984,0,0,"[-6.6, 1.187955706492741]"
1191,goal_120,1,exito,4694,893.35,02,subwp,123,1,E2.1,E2.1-R0,False,subwp,123,02,1,3158499885,exito,,150.208,0,0,"[-6.6, 9.445546768670061]"
1192,goal_120,2,exito,4694,893.39,02,subwp,123,1,E2.1,E2.1-R0,False,subwp,123,02,2,625718167,exito,,150.208,0,0,"[-6.6, 5.478211861491411]"
1193,goal_120,3,exito,4694,893.36,02,subwp,123,1,E2.1,E2.1-R0,False,subwp,123,02,3,1380745985,exito,,150.208,0,0,"[-6.6, -9.858873545904949]"
1194,goal_120,4,exito,4694,893.39,02,subwp,123,1,E2.1,E2.1-R0,False,subwp,123,02,4,3425179298,exito,,150.208,0,0,"[-6.6, -6.31310969956537]"
1195,goal_120,5,exito,4694,893.36,02,subwp,123,1,E2.1,E2.1-R0,False,subwp,123,02,5,3140429364,exito,,150.208,0,0,"[-6.6, 11.098285380425336]"
1196,goal_120,6,exito,4694,893.39,02,subwp,123,1,E2.1,E2.1-R0,False,subwp,123,02,6,572946318,exito,,150.208,0,0,"[-6.6, -5.906545071619628]"
1197,goal_120,7,exito,4694,893.37,02,subwp,123,1,E2.1,E2.1-R0,False,subwp,123,02,7,1428244248,exito,,150.208,0,0,"[-6.6, 4.375737116108051]"
1198,goal_120,8,exito,4694,893.4,02,subwp,123,1,E2.1,E2.1-R0,False,subwp,123,02,8,3315489417,exito,,150.208,0,0,"[-6.6, -11.557538596551048]"
1199,goal_120,9,exito,4694,893.36,02,subwp,123,1,E2.1,E2.1-R0,False,subwp,123,02,9,2996398623,exito,,150.208,0,0,"[-6.6, 5.1879693205109225]"
1200,goal_120,10,exito,4694,893.4,02,subwp,123,1,E2.1,E2.1-R0,False,subwp,123,02,10,2981675446,exito,,150.208,0,0,"[-6.6, 7.604494125818351]"
1201,goal_121,1,exito,4742,900.56,02,subwp,123,1,E2.1,E2.1-R0,False,subwp,123,02,1,2703652428,exito,,151.744,0,0,"[-6.6, 1.0846759495990546]"
1202,goal_121,2,exito,4742,900.57,02,subwp,123,1,E2.1,E2.1-R0,False,subwp,123,02,2,942614518,exito,,151.744,0,0,"[-6.6, -9.85802453312126]"
1203,goal_121,3,exito,4742,900.57,02,subwp,123,1,E2.1,E2.1-R0,False,subwp,123,02,3,1328027488,exito,,151.744,0,0,"[-6.6, 7.208675789017197]"
1204,goal_121,4,exito,4742,900.58,02,subwp,123,1,E2.1,E2.1-R0,False,subwp,123,02,4,3511452355,exito,,151.744,0,0,"[-6.6, 3.5403281583797344]"
1205,goal_121,5,exito,4742,900.58,02,subwp,123,1,E2.1,E2.1-R0,False,subwp,123,02,5,2789978709,exito,,151.744,0,0,"[-6.6, 6.747407489111621]"
1206,goal_121,6,exito,4742,900.58,02,subwp,123,1,E2.1,E2.1-R0,False,subwp,123,02,6,1061348335,exito,,151.744,0,0,"[-6.6, 10.77987246750525]"
1207,goal_121,7,exito,4742,900.58,02,subwp,123,1,E2.1,E2.1-R0,False,subwp,123,02,7,1212535673,exito,,151.744,0,0,"[-6.6, 3.9713521138191106]"
1208,goal_121,8,exito,4742,900.57,02,subwp,123,1,E2.1,E2.1-R0,False,subwp,123,02,8,3640315624,exito,,151.744,0,0,"[-6.6, 11.175775906860666]"
1209,goal_121,9,exito,4742,900.57,02,subwp,123,1,E2.1,E2.1-R0,False,subwp,123,02,9,2952658558,exito,,151.744,0,0,"[-6.6, -3.4217560722701603]"
1210,goal_121,10,exito,4742,900.57,02,subwp,123,1,E2.1,E2.1-R0,False,subwp,123,02,10,2333144300,exito,,151.744,0,0,"[-6.6, 0.6309344868390236]"
1211,goal_122,1,exito,4729,899.15,02,subwp,123,1,E2.1,E2.1-R0,False,subwp,123,02,1,2699304059,exito,,151.328,0,0,"[-6.6, -3.2501128288310284]"
1212,goal_122,2,exito,4729,899.16,02,subwp,123,1,E2.1,E2.1-R0,False,subwp,123,02,2,971853249,exito,,151.328,0,0,"[-6.6, 8.79284707714967]"
1213,goal_122,3,exito,4729,899.16,02,subwp,123,1,E2.1,E2.1-R0,False,subwp,123,02,3,1323990359,exito,,151.328,0,0,"[-6.6, 11.843907534344567]"
1214,goal_122,4,exito,4729,899.14,02,subwp,123,1,E2.1,E2.1-R0,False,subwp,123,02,4,3499026676,exito,,151.328,0,0,"[-6.6, 0.8941661321238523]"
1215,goal_122,5,exito,4729,899.15,02,subwp,123,1,E2.1,E2.1-R0,False,subwp,123,02,5,2810828898,exito,,151.328,0,0,"[-6.6, -8.467803459856933]"
1216,goal_122,6,exito,4728,898.97,02,subwp,123,1,E2.1,E2.1-R0,False,subwp,123,02,6,1048611288,exito,,151.296,0,0,"[-6.6, 5.391709568401973]"
1217,goal_122,7,exito,4728,898.96,02,subwp,123,1,E2.1,E2.1-R0,False,subwp,123,02,7,1233631566,exito,,151.296,0,0,"[-6.6, -4.389173197470553]"
1218,goal_122,8,exito,4728,898.96,02,subwp,123,1,E2.1,E2.1-R0,False,subwp,123,02,8,3644368095,exito,,151.296,0,0,"[-6.6, -3.278391308329507]"
1219,goal_122,9,exito,4728,898.96,02,subwp,123,1,E2.1,E2.1-R0,False,subwp,123,02,9,2923402313,exito,,151.296,0,0,"[-6.6, -3.8959607705754515]"
1220,goal_122,10,exito,4728,898.97,02,subwp,123,1,E2.1,E2.1-R0,False,subwp,123,02,10,866947977,exito,,151.296,0,0,"[-6.6, -12.757092455615622]"
1221,goal_123,1,exito,4719,896.09,02,subwp,123,1,E2.1,E2.1-R0,False,subwp,123,02,1,2728567330,exito,,151.008,0,0,"[-6.6, -9.79152654787551]"
1222,goal_123,2,exito,4719,896.12,02,subwp,123,1,E2.1,E2.1-R0,False,subwp,123,02,2,1001124760,exito,,151.008,0,0,"[-6.6, 4.635056913994421]"
1223,goal_123,3,exito,4719,896.11,02,subwp,123,1,E2.1,E2.1-R0,False,subwp,123,02,3,1286390542,exito,,151.008,0,0,"[-6.6, -11.671054471379911]"
1224,goal_123,4,exito,4719,896.13,02,subwp,123,1,E2.1,E2.1-R0,False,subwp,123,02,4,3536344749,exito,,151.008,0,0,"[-6.6, 1.8900449558436359]"
1225,goal_123,5,exito,4719,896.11,02,subwp,123,1,E2.1,E2.1-R0,False,subwp,123,02,5,2781832763,exito,,151.008,0,0,"[-6.6, 1.415894741993592]"
1226,goal_123,6,exito,4719,896.11,02,subwp,123,1,E2.1,E2.1-R0,False,subwp,123,02,6,1019623297,exito,,151.008,0,0,"[-6.6, -5.286372588342373]"
1227,goal_123,7,exito,4719,896.11,02,subwp,123,1,E2.1,E2.1-R0,False,subwp,123,02,7,1270941463,exito,,151.008,0,0,"[-6.6, -9.123619443200479]"
1228,goal_123,8,exito,4719,896.14,02,subwp,123,1,E2.1,E2.1-R0,False,subwp,123,02,8,3682474630,exito,,151.008,0,0,"[-6.6, 11.917304515661483]"
1229,goal_123,9,exito,4719,896.08,02,subwp,123,1,E2.1,E2.1-R0,False,subwp,123,02,9,2893621776,exito,,151.008,0,0,"[-6.6, 7.294404075136029]"
1230,goal_123,10,exito,4719,896.12,02,subwp,123,1,E2.1,E2.1-R0,False,subwp,123,02,10,555301991,exito,,151.008,0,0,"[-6.6, 3.1070690553779747]"
1231,goal_124,1,exito,4717,896.24,02,subwp,123,1,E2.1,E2.1-R0,False,subwp,123,02,1,2741028885,exito,,150.944,0,0,"[-6.6, -1.1154994289446805]"
1232,goal_124,2,exito,4717,896.24,02,subwp,123,1,E2.1,E2.1-R0,False,subwp,123,02,2,979999151,exito,,150.944,0,0,"[-6.6, -0.3806766629561864]"
1233,goal_124,3,exito,4717,896.24,02,subwp,123,1,E2.1,E2.1-R0,False,subwp,123,02,3,1299097913,exito,,150.944,0,0,"[-6.6, 8.185613501089943]"
1234,goal_124,4,exito,4717,896.24,02,subwp,123,1,E2.1,E2.1-R0,False,subwp,123,02,4,3540663450,exito,,150.944,0,0,"[-6.6, 4.424285788724414]"
1235,goal_124,5,exito,4717,896.24,02,subwp,123,1,E2.1,E2.1-R0,False,subwp,123,02,5,2752318476,exito,,150.944,0,0,"[-6.6, 6.263378958210741]"
1236,goal_124,6,exito,4717,896.24,02,subwp,123,1,E2.1,E2.1-R0,False,subwp,123,02,6,1023696310,exito,,150.944,0,0,"[-6.6, -5.258715131933026]"
1237,goal_124,7,exito,4717,896.24,02,subwp,123,1,E2.1,E2.1-R0,False,subwp,123,02,7,1241738528,exito,,150.944,0,0,"[-6.6, -5.394595538585563]"
1238,goal_124,8,exito,4717,896.23,02,subwp,123,1,E2.1,E2.1-R0,False,subwp,123,02,8,3669782705,exito,,150.944,0,0,"[-6.6, -6.974857291007709]"
1239,goal_124,9,exito,4717,896.24,02,subwp,123,1,E2.1,E2.1-R0,False,subwp,123,02,9,2914730023,exito,,150.944,0,0,"[-6.6, 3.280923962790117]"
1240,goal_124,10,exito,4717,896.24,02,subwp,123,1,E2.1,E2.1-R0,False,subwp,123,02,10,2577750786,exito,,150.944,0,0,"[-6.6, 10.929067250537779]"
1241,goal_125,1,exito,4712,895.41,02,subwp,123,1,E2.1,E2.1-R0,False,subwp,123,02,1,2788155024,exito,,150.784,0,0,"[-6.6, -8.122587672245]"
1242,goal_125,2,exito,4712,895.42,02,subwp,123,1,E2.1,E2.1-R0,False,subwp,123,02,2,1059491626,exito,,150.784,0,0,"[-6.6, -10.732643150641456]"
1243,goal_125,3,exito,4712,895.41,02,subwp,123,1,E2.1,E2.1-R0,False,subwp,123,02,3,1210171324,exito,,150.784,0,0,"[-6.6, 5.25668791575857]"
1244,goal_125,4,exito,4712,895.41,02,subwp,123,1,E2.1,E2.1-R0,False,subwp,123,02,4,3594856991,exito,,150.784,0,0,"[-6.6, -7.0763417932953905]"
1245,goal_125,5,exito,4712,895.4,02,subwp,123,1,E2.1,E2.1-R0,False,subwp,123,02,5,2705463945,exito,,150.784,0,0,"[-6.6, -6.239445673196363]"
1246,goal_125,6,exito,4712,895.41,02,subwp,123,1,E2.1,E2.1-R0,False,subwp,123,02,6,944458547,exito,,150.784,0,0,"[-6.6, -5.815281022766563]"
1247,goal_125,7,exito,4712,895.41,02,subwp,123,1,E2.1,E2.1-R0,False,subwp,123,02,7,1330412453,exito,,150.784,0,0,"[-6.6, 7.067999792493241]"
1248,goal_125,8,exito,4712,895.42,02,subwp,123,1,E2.1,E2.1-R0,False,subwp,123,02,8,3757270580,exito,,150.784,0,0,"[-6.6, 8.138225240569342]"
1249,goal_125,9,exito,4712,895.41,02,subwp,123,1,E2.1,E2.1-R0,False,subwp,123,02,9,2834585250,exito,,150.784,0,0,"[-6.6, -0.09128271413325129]"
1250,goal_125,10,exito,4712,895.41,02,subwp,123,1,E2.1,E2.1-R0,False,subwp,123,02,10,74605499,exito,,150.784,0,0,"[-6.6, 9.438945861748634]"
1251,goal_126,1,exito,4724,896.68,02,subwp,123,1,E2.1,E2.1-R0,False,subwp,123,02,1,2817373351,exito,,151.168,0,0,"[-6.6, -3.7479326077709527]"
1252,goal_126,2,exito,4724,896.69,02,subwp,123,1,E2.1,E2.1-R0,False,subwp,123,02,2,1055188253,exito,,151.168,0,0,"[-6.6, -13.167900818617433]"
1253,goal_126,3,exito,4724,896.68,02,subwp,123,1,E2.1,E2.1-R0,False,subwp,123,02,3,1239668107,exito,,151.168,0,0,"[-6.6, 5.950854418010117]"
1254,goal_126,4,exito,4724,896.68,02,subwp,123,1,E2.1,E2.1-R0,False,subwp,123,02,4,3615965224,exito,,151.168,0,0,"[-6.6, 8.847308377413976]"
1255,goal_126,5,exito,4724,896.69,02,subwp,123,1,E2.1,E2.1-R0,False,subwp,123,02,5,2692772030,exito,,151.168,0,0,"[-6.6, -5.751338674054871]"
1256,goal_126,6,exito,4724,896.68,02,subwp,123,1,E2.1,E2.1-R0,False,subwp,123,02,6,965288196,exito,,151.168,0,0,"[-6.6, 3.800838414296921]"
1257,goal_126,7,exito,4724,896.68,02,subwp,123,1,E2.1,E2.1-R0,False,subwp,123,02,7,1317933458,exito,,151.168,0,0,"[-6.6, -9.267915397006671]"
1258,goal_126,8,exito,4724,896.68,02,subwp,123,1,E2.1,E2.1-R0,False,subwp,123,02,8,3727756291,exito,,151.168,0,0,"[-6.6, -10.148534600165334]"
1259,goal_126,9,exito,4724,896.69,02,subwp,123,1,E2.1,E2.1-R0,False,subwp,123,02,9,2838903957,exito,,151.168,0,0,"[-6.6, -4.2455702735445335]"
1260,goal_126,10,exito,4724,896.68,02,subwp,123,1,E2.1,E2.1-R0,False,subwp,123,02,10,3167618270,exito,,151.168,0,0,"[-6.6, -8.43646137692682]"
1261,goal_127,1,exito,4718,896.94,02,subwp,123,1,E2.1,E2.1-R0,False,subwp,123,02,1,2779450110,exito,,150.976,0,0,"[-6.6, -9.082458997934575]"
1262,goal_127,2,exito,4718,896.94,02,subwp,123,1,E2.1,E2.1-R0,False,subwp,123,02,2,1017273156,exito,,150.976,0,0,"[-6.6, 2.810582892312277]"
1263,goal_127,3,exito,4718,896.94,02,subwp,123,1,E2.1,E2.1-R0,False,subwp,123,02,3,1269132242,exito,,150.976,0,0,"[-6.6, -7.901021765299241]"
1264,goal_127,4,exito,4718,896.94,02,subwp,123,1,E2.1,E2.1-R0,False,subwp,123,02,4,3586260593,exito,,150.976,0,0,"[-6.6, 7.338735116145748]"
1265,goal_127,5,exito,4718,896.94,02,subwp,123,1,E2.1,E2.1-R0,False,subwp,123,02,5,2730938087,exito,,150.976,0,0,"[-6.6, 7.965673235759277]"
1266,goal_127,6,exito,4718,896.94,02,subwp,123,1,E2.1,E2.1-R0,False,subwp,123,02,6,1003462493,exito,,150.976,0,0,"[-6.6, -6.380306985044165]"
1267,goal_127,7,exito,4718,896.94,02,subwp,123,1,E2.1,E2.1-R0,False,subwp,123,02,7,1288220619,exito,,150.976,0,0,"[-6.6, -6.030593802804456]"
1268,goal_127,8,exito,4718,896.94,02,subwp,123,1,E2.1,E2.1-R0,False,subwp,123,02,8,3698831962,exito,,150.976,0,0,"[-6.6, 11.61592766684764]"
1269,goal_127,9,exito,4718,896.94,02,subwp,123,1,E2.1,E2.1-R0,False,subwp,123,02,9,2876277452,exito,,150.976,0,0,"[-6.6, -6.056773576641296]"
1270,goal_127,10,exito,4718,896.94,02,subwp,123,1,E2.1,E2.1-R0,False,subwp,123,02,10,2927340336,exito,,150.976,0,0,"[-6.6, 4.550134109001553]"
1271,goal_128,1,exito,4721,897.44,02,subwp,123,1,E2.1,E2.1-R0,False,subwp,123,02,1,2758369481,exito,,151.072,0,0,"[-6.6, -1.1754350044827613]"
1272,goal_128,2,exito,4721,897.43,02,subwp,123,1,E2.1,E2.1-R0,False,subwp,123,02,2,1029714291,exito,,151.072,0,0,"[-6.6, 9.614369293778562]"
1273,goal_128,3,exito,4721,897.42,02,subwp,123,1,E2.1,E2.1-R0,False,subwp,123,02,3,1248264677,exito,,151.072,0,0,"[-6.6, 5.082126028316347]"
1274,goal_128,4,exito,4721,897.45,02,subwp,123,1,E2.1,E2.1-R0,False,subwp,123,02,4,3557004358,exito,,151.072,0,0,"[-6.6, -9.382639671529072]"
1275,goal_128,5,exito,4721,897.44,02,subwp,123,1,E2.1,E2.1-R0,False,subwp,123,02,5,2734990544,exito,,151.072,0,0,"[-6.6, 9.32797137175194]"
1276,goal_128,6,exito,4721,897.42,02,subwp,123,1,E2.1,E2.1-R0,False,subwp,123,02,6,973993322,exito,,151.072,0,0,"[-6.6, 1.900149048105113]"
1277,goal_128,7,exito,4721,897.45,02,subwp,123,1,E2.1,E2.1-R0,False,subwp,123,02,7,1292551676,exito,,151.072,0,0,"[-6.6, -1.3266841853974793]"
1278,goal_128,8,exito,4721,897.42,02,subwp,123,1,E2.1,E2.1-R0,False,subwp,123,02,8,3719682157,exito,,151.072,0,0,"[-6.6, -9.144759339656025]"
1279,goal_128,9,exito,4721,897.42,02,subwp,123,1,E2.1,E2.1-R0,False,subwp,123,02,9,2863851771,exito,,151.072,0,0,"[-6.6, -12.468531712575318]"
1280,goal_128,10,exito,4721,897.44,02,subwp,123,1,E2.1,E2.1-R0,False,subwp,123,02,10,382192725,exito,,151.072,0,0,"[-6.6, -4.726978670269195]"
1281,goal_129,1,exito,4713,896.01,02,subwp,123,1,E2.1,E2.1-R0,False,subwp,123,02,1,2939496436,exito,,150.816,0,0,"[-6.6, 8.769563758433147]"
1282,goal_129,2,exito,4713,896.01,02,subwp,123,1,E2.1,E2.1-R0,False,subwp,123,02,2,909932110,exito,,150.816,0,0,"[-6.6, -7.064748693931721]"
1283,goal_129,3,exito,4713,895.99,02,subwp,123,1,E2.1,E2.1-R0,False,subwp,123,02,3,1094403800,exito,,150.816,0,0,"[-6.6, -3.902518664897787]"
1284,goal_129,4,exito,4713,895.99,02,subwp,123,1,E2.1,E2.1-R0,False,subwp,123,02,4,3747599227,exito,,150.816,0,0,"[-6.6, 12.727256002071279]"
1285,goal_129,5,exito,4713,896.01,02,subwp,123,1,E2.1,E2.1-R0,False,subwp,123,02,5,2824397805,exito,,150.816,0,0,"[-6.6, -4.970015089230162]"
1286,goal_129,6,exito,4713,896.01,02,subwp,123,1,E2.1,E2.1-R0,False,subwp,123,02,6,827437655,exito,,150.816,0,0,"[-6.6, -5.7746077931452255]"
1287,goal_129,7,exito,4713,896.0,02,subwp,123,1,E2.1,E2.1-R0,False,subwp,123,02,7,1180074689,exito,,150.816,0,0,"[-6.6, -9.61473959649367]"
1288,goal_129,8,exito,4713,895.99,02,subwp,123,1,E2.1,E2.1-R0,False,subwp,123,02,8,3605634896,exito,,150.816,0,0,"[-6.6, 10.929580358123685]"
1289,goal_129,9,exito,4713,896.01,02,subwp,123,1,E2.1,E2.1-R0,False,subwp,123,02,9,2716774342,exito,,150.816,0,0,"[-6.6, -1.7994135846383357]"
1290,goal_129,10,exito,4713,896.01,02,subwp,123,1,E2.1,E2.1-R0,False,subwp,123,02,10,1319427075,exito,,150.816,0,0,"[-6.6, -2.02192622192374]"
1291,goal_130,1,exito,4723,896.99,02,subwp,123,1,E2.1,E2.1-R0,False,subwp,123,02,1,2935442883,exito,,151.136,0,0,"[-6.6, 5.008669178232429]"
1292,goal_130,2,exito,4723,896.99,02,subwp,123,1,E2.1,E2.1-R0,False,subwp,123,02,2,939400313,exito,,151.136,0,0,"[-6.6, 1.5416102230870838]"
1293,goal_130,3,exito,4723,896.99,02,subwp,123,1,E2.1,E2.1-R0,False,subwp,123,02,3,1090071791,exito,,151.136,0,0,"[-6.6, 0.3133507049422519]"
1294,goal_130,4,exito,4723,896.99,02,subwp,123,1,E2.1,E2.1-R0,False,subwp,123,02,4,3734878540,exito,,151.136,0,0,"[-6.6, -1.6637118795828179]"
1295,goal_130,5,exito,4723,896.99,02,subwp,123,1,E2.1,E2.1-R0,False,subwp,123,02,5,2845477338,exito,,151.136,0,0,"[-6.6, 6.878433791321707]"
1296,goal_130,6,exito,4723,896.99,02,subwp,123,1,E2.1,E2.1-R0,False,subwp,123,02,6,814995552,exito,,151.136,0,0,"[-6.6, 7.6988442503769]"
1297,goal_130,7,exito,4723,896.99,02,subwp,123,1,E2.1,E2.1-R0,False,subwp,123,02,7,1200941302,exito,,151.136,0,0,"[-6.6, 2.3574356991492795]"
1298,goal_130,8,exito,4723,896.99,02,subwp,123,1,E2.1,E2.1-R0,False,subwp,123,02,8,3609982311,exito,,151.136,0,0,"[-6.6, 10.024818138697368]"
1299,goal_130,9,exito,4723,896.98,02,subwp,123,1,E2.1,E2.1-R0,False,subwp,123,02,9,2687288817,exito,,151.136,0,0,"[-6.6, 9.655201000294765]"
1300,goal_130,10,exito,4723,896.98,02,subwp,123,1,E2.1,E2.1-R0,False,subwp,123,02,10,4128815974,exito,,151.136,0,0,"[-6.6, 3.6261353618297467]"
1301,goal_131,1,exito,4714,895.32,02,subwp,123,1,E2.1,E2.1-R0,False,subwp,123,02,1,429527337,exito,,150.848,0,0,"[-6.6, 7.782767413775104]"
1302,goal_131,2,exito,4714,895.32,02,subwp,123,1,E2.1,E2.1-R0,False,subwp,123,02,2,2157133971,exito,,150.848,0,0,"[-6.6, -6.470497706217522]"
1303,goal_131,3,exito,4714,895.32,02,subwp,123,1,E2.1,E2.1-R0,False,subwp,123,02,3,4153700357,exito,,150.848,0,0,"[-6.6, -9.84064914236988]"
1304,goal_131,4,exito,4714,895.32,02,subwp,123,1,E2.1,E2.1-R0,False,subwp,123,02,4,1777395110,exito,,150.848,0,0,"[-6.6, -5.966565599806431]"
1305,goal_131,5,exito,4714,895.32,02,subwp,123,1,E2.1,E2.1-R0,False,subwp,123,02,5,519558448,exito,,150.848,0,0,"[-6.6, -4.1042488633956165]"
1306,goal_131,6,exito,4714,895.32,02,subwp,123,1,E2.1,E2.1-R0,False,subwp,123,02,6,2281604234,exito,,150.848,0,0,"[-6.6, -3.183554639018776]"
1307,goal_131,7,exito,4714,895.32,02,subwp,123,1,E2.1,E2.1-R0,False,subwp,123,02,7,4042896412,exito,,150.848,0,0,"[-6.6, -5.145155552419506]"
1308,goal_131,8,exito,4714,895.32,02,subwp,123,1,E2.1,E2.1-R0,False,subwp,123,02,8,1615243661,exito,,150.848,0,0,"[-6.6, 9.826340078586915]"
1309,goal_131,9,exito,4714,895.3,02,subwp,123,1,E2.1,E2.1-R0,False,subwp,123,02,9,390175003,exito,,150.848,0,0,"[-6.6, -8.63813669254613]"
1310,goal_131,10,exito,4714,895.32,02,subwp,123,1,E2.1,E2.1-R0,False,subwp,123,02,10,3060850012,exito,,150.848,0,0,"[-6.6, 8.923114910017638]"
1311,goal_132,1,exito,4721,895.92,02,subwp,123,1,E2.1,E2.1-R0,False,subwp,123,02,1,408451870,exito,,151.072,0,0,"[-6.6, -6.4471674510841845]"
1312,goal_132,2,exito,4721,895.92,02,subwp,123,1,E2.1,E2.1-R0,False,subwp,123,02,2,2169580196,exito,,151.072,0,0,"[-6.6, -12.525506000990953]"
1313,goal_132,3,exito,4721,895.91,02,subwp,123,1,E2.1,E2.1-R0,False,subwp,123,02,3,4132837938,exito,,151.072,0,0,"[-6.6, -2.4362878671853627]"
1314,goal_132,4,exito,4721,895.9,02,subwp,123,1,E2.1,E2.1-R0,False,subwp,123,02,4,1748144017,exito,,151.072,0,0,"[-6.6, 3.4862327519771172]"
1315,goal_132,5,exito,4721,895.92,02,subwp,123,1,E2.1,E2.1-R0,False,subwp,123,02,5,523616007,exito,,151.072,0,0,"[-6.6, 7.702181905000294]"
1316,goal_132,6,exito,4721,895.93,02,subwp,123,1,E2.1,E2.1-R0,False,subwp,123,02,6,2252140221,exito,,151.072,0,0,"[-6.6, 0.5613200613657932]"
1317,goal_132,7,exito,4721,895.91,02,subwp,123,1,E2.1,E2.1-R0,False,subwp,123,02,7,4047232555,exito,,151.072,0,0,"[-6.6, -12.819266997367187]"
1318,goal_132,8,exito,4721,895.91,02,subwp,123,1,E2.1,E2.1-R0,False,subwp,123,02,8,1636090810,exito,,151.072,0,0,"[-6.6, 7.056564473394629]"
1319,goal_132,9,exito,4721,895.9,02,subwp,123,1,E2.1,E2.1-R0,False,subwp,123,02,9,377746220,exito,,151.072,0,0,"[-6.6, 0.36433811717518616]"
1320,goal_132,10,exito,4721,895.9,02,subwp,123,1,E2.1,E2.1-R0,False,subwp,123,02,10,248298041,exito,,151.072,0,0,"[-6.6, 3.364036644243814]"
1321,goal_133,1,exito,4718,895.83,02,subwp,123,1,E2.1,E2.1-R0,False,subwp,123,02,1,438224199,exito,,150.976,0,0,"[-6.6, 9.048863634820801]"
1322,goal_133,2,exito,4718,895.83,02,subwp,123,1,E2.1,E2.1-R0,False,subwp,123,02,2,2199360765,exito,,150.976,0,0,"[-6.6, -5.481373281513028]"
1323,goal_133,3,exito,4718,895.82,02,subwp,123,1,E2.1,E2.1-R0,False,subwp,123,02,3,4094731371,exito,,150.976,0,0,"[-6.6, -10.456822364487675]"
1324,goal_133,4,exito,4718,895.82,02,subwp,123,1,E2.1,E2.1-R0,False,subwp,123,02,4,1785999816,exito,,150.976,0,0,"[-6.6, 5.484712018216611]"
1325,goal_133,5,exito,4718,895.82,02,subwp,123,1,E2.1,E2.1-R0,False,subwp,123,02,5,494076254,exito,,150.976,0,0,"[-6.6, 7.847530215079736]"
1326,goal_133,6,exito,4718,895.82,02,subwp,123,1,E2.1,E2.1-R0,False,subwp,123,02,6,2222608612,exito,,150.976,0,0,"[-6.6, -13.093351074227499]"
1327,goal_133,7,exito,4718,895.85,02,subwp,123,1,E2.1,E2.1-R0,False,subwp,123,02,7,4085080178,exito,,150.976,0,0,"[-6.6, 11.277798832430241]"
1328,goal_133,8,exito,4718,895.82,02,subwp,123,1,E2.1,E2.1-R0,False,subwp,123,02,8,1673690595,exito,,150.976,0,0,"[-6.6, 1.503324783106783]"
1329,goal_133,9,exito,4718,895.83,02,subwp,123,1,E2.1,E2.1-R0,False,subwp,123,02,9,348474741,exito,,150.976,0,0,"[-6.6, 1.4014916986467316]"
1330,goal_133,10,exito,4718,895.82,02,subwp,123,1,E2.1,E2.1-R0,False,subwp,123,02,10,477697495,exito,,150.976,0,0,"[-6.6, -4.332603383414048]"
1331,goal_134,1,exito,4718,896.11,02,subwp,123,1,E2.1,E2.1-R0,False,subwp,123,02,1,467447664,exito,,150.976,0,0,"[-6.6, 5.978073265630197]"
1332,goal_134,2,exito,4718,896.1,02,subwp,123,1,E2.1,E2.1-R0,False,subwp,123,02,2,2195062474,exito,,150.976,0,0,"[-6.6, 10.448998967614758]"
1333,goal_134,3,exito,4718,896.09,02,subwp,123,1,E2.1,E2.1-R0,False,subwp,123,02,3,4124233308,exito,,150.976,0,0,"[-6.6, 12.480775409890775]"
1334,goal_134,4,exito,4718,896.12,02,subwp,123,1,E2.1,E2.1-R0,False,subwp,123,02,4,1807113215,exito,,150.976,0,0,"[-6.6, 4.1486798376345915]"
1335,goal_134,5,exito,4718,896.09,02,subwp,123,1,E2.1,E2.1-R0,False,subwp,123,02,5,481389417,exito,,150.976,0,0,"[-6.6, 4.904749350311533]"
1336,goal_134,6,exito,4718,896.12,02,subwp,123,1,E2.1,E2.1-R0,False,subwp,123,02,6,2243443411,exito,,150.976,0,0,"[-6.6, 8.82796998670499]"
1337,goal_134,7,exito,4718,896.1,02,subwp,123,1,E2.1,E2.1-R0,False,subwp,123,02,7,4072606277,exito,,150.976,0,0,"[-6.6, -6.4762372509305255]"
1338,goal_134,8,exito,4718,896.09,02,subwp,123,1,E2.1,E2.1-R0,False,subwp,123,02,8,1644173268,exito,,150.976,0,0,"[-6.6, 5.682478334724706]"
1339,goal_134,9,exito,4719,896.34,02,subwp,123,1,E2.1,E2.1-R0,False,subwp,123,02,9,352790338,exito,,151.008,0,0,"[-6.6, -13.144387230961932]"
1340,goal_134,10,exito,4718,896.08,02,subwp,123,1,E2.1,E2.1-R0,False,subwp,123,02,10,2764403378,exito,,150.976,0,0,"[-6.6, 8.821871115421263]"
1341,goal_135,1,exito,5484,1006.63,02,subwp,123,1,E2.1,E2.1-R0,False,subwp,123,02,1,512997877,exito,,175.488,0,0,"[-6.6, -11.63921954398462]"
1342,goal_135,2,exito,5484,1006.63,02,subwp,123,1,E2.1,E2.1-R0,False,subwp,123,02,2,2275076175,exito,,175.488,0,0,"[-6.6, -9.276907063298784]"
1343,goal_135,3,exito,5484,1006.64,02,subwp,123,1,E2.1,E2.1-R0,False,subwp,123,02,3,4036876505,exito,,175.488,0,0,"[-6.6, -11.777309120237659]"
1344,goal_135,4,exito,5484,1006.6,02,subwp,123,1,E2.1,E2.1-R0,False,subwp,123,02,4,1861832058,exito,,175.488,0,0,"[-6.6, 5.779094078825549]"
1345,goal_135,5,exito,5484,1006.63,02,subwp,123,1,E2.1,E2.1-R0,False,subwp,123,02,5,436108780,exito,,175.488,0,0,"[-6.6, 11.984567091010385]"
1346,goal_135,6,exito,5484,1006.64,02,subwp,123,1,E2.1,E2.1-R0,False,subwp,123,02,6,2163682390,exito,,175.488,0,0,"[-6.6, -6.860732858807066]"
1347,goal_135,7,exito,5484,1006.61,02,subwp,123,1,E2.1,E2.1-R0,False,subwp,123,02,7,4159708352,exito,,175.488,0,0,"[-6.6, 5.229665705238426]"
1348,goal_135,8,exito,5484,1006.63,02,subwp,123,1,E2.1,E2.1-R0,False,subwp,123,02,8,1733230929,exito,,175.488,0,0,"[-6.6, 7.962522621350974]"
1349,goal_135,9,exito,5484,1006.63,02,subwp,123,1,E2.1,E2.1-R0,False,subwp,123,02,9,273166791,exito,,175.488,0,0,"[-6.6, -0.784320283353613]"
1350,goal_135,10,exito,5484,1006.64,02,subwp,123,1,E2.1,E2.1-R0,False,subwp,123,02,10,957499915,exito,,175.488,0,0,"[-6.6, 6.968927375175602]"
1351,goal_136,1,exito,5474,1003.16,02,subwp,123,1,E2.1,E2.1-R0,False,subwp,123,02,1,525456322,exito,,175.168,0,0,"[-6.6, 1.3263756038624162]"
1352,goal_136,2,exito,5474,1003.19,02,subwp,123,1,E2.1,E2.1-R0,False,subwp,123,02,2,2253947512,exito,,175.168,0,0,"[-6.6, -7.145170549999609]"
1353,goal_136,3,exito,5474,1003.2,02,subwp,123,1,E2.1,E2.1-R0,False,subwp,123,02,3,4049580782,exito,,175.168,0,0,"[-6.6, -2.683032986558508]"
1354,goal_136,4,exito,5475,1003.47,02,subwp,123,1,E2.1,E2.1-R0,False,subwp,123,02,4,1866147661,exito,,175.2,0,0,"[-6.6, 10.966113255922211]"
1355,goal_136,5,exito,5474,1003.17,02,subwp,123,1,E2.1,E2.1-R0,False,subwp,123,02,5,406591451,exito,,175.168,0,0,"[-6.6, -8.768187525466645]"
1356,goal_136,6,exito,5474,1003.17,02,subwp,123,1,E2.1,E2.1-R0,False,subwp,123,02,6,2167752289,exito,,175.168,0,0,"[-6.6, -11.63169165911992]"
1357,goal_136,7,exito,5474,1003.18,02,subwp,123,1,E2.1,E2.1-R0,False,subwp,123,02,7,4130502391,exito,,175.168,0,0,"[-6.6, 8.243749172599022]"
1358,goal_136,8,exito,5474,1003.14,02,subwp,123,1,E2.1,E2.1-R0,False,subwp,123,02,8,1720544102,exito,,175.168,0,0,"[-6.6, -0.68198395396701]"
1359,goal_136,9,exito,5474,1003.13,02,subwp,123,1,E2.1,E2.1-R0,False,subwp,123,02,9,294280176,exito,,175.168,0,0,"[-6.6, 10.407735674780016]"
1360,goal_136,10,exito,5474,1003.18,02,subwp,123,1,E2.1,E2.1-R0,False,subwp,123,02,10,2175675758,exito,,175.168,0,0,"[-6.6, 9.09459859019076]"
1361,goal_137,1,exito,5502,1007.8,02,subwp,123,1,E2.1,E2.1-R0,False,subwp,123,02,1,488074651,exito,,176.064,0,0,"[-6.6, -5.994575927529743]"
1362,goal_137,2,exito,5502,1007.8,02,subwp,123,1,E2.1,E2.1-R0,False,subwp,123,02,2,2216573985,exito,,176.064,0,0,"[-6.6, 4.939336223082848]"
1363,goal_137,3,exito,5502,1007.79,02,subwp,123,1,E2.1,E2.1-R0,False,subwp,123,02,3,4078505143,exito,,176.064,0,0,"[-6.6, 2.323239537787117]"
1364,goal_137,4,exito,5502,1007.79,02,subwp,123,1,E2.1,E2.1-R0,False,subwp,123,02,4,1836947732,exito,,176.064,0,0,"[-6.6, 11.533603978762295]"
1365,goal_137,5,exito,5502,1007.79,02,subwp,123,1,E2.1,E2.1-R0,False,subwp,123,02,5,444246402,exito,,176.064,0,0,"[-6.6, -11.805015024773452]"
1366,goal_137,6,exito,5502,1007.78,02,subwp,123,1,E2.1,E2.1-R0,False,subwp,123,02,6,2205415480,exito,,176.064,0,0,"[-6.6, 1.613371341390408]"
1367,goal_137,7,exito,5502,1007.8,02,subwp,123,1,E2.1,E2.1-R0,False,subwp,123,02,7,4101294254,exito,,176.064,0,0,"[-6.6, -0.9457211406096965]"
1368,goal_137,8,exito,5502,1007.8,02,subwp,123,1,E2.1,E2.1-R0,False,subwp,123,02,8,1691079999,exito,,176.064,0,0,"[-6.6, 7.848684250424156]"
1369,goal_137,9,exito,5502,1007.77,02,subwp,123,1,E2.1,E2.1-R0,False,subwp,123,02,9,332195241,exito,,176.064,0,0,"[-6.6, -10.410276260870553]"
1370,goal_137,10,exito,5502,1007.78,02,subwp,123,1,E2.1,E2.1-R0,False,subwp,123,02,10,2468053632,exito,,176.064,0,0,"[-6.6, 6.917013905031449]"
1371,goal_138,1,exito,5500,1006.51,02,subwp,123,1,E2.1,E2.1-R0,False,subwp,123,02,1,483723180,exito,,176.0,0,0,"[-6.6, 3.3725616496752515]"
1372,goal_138,2,exito,5500,1006.51,02,subwp,123,1,E2.1,E2.1-R0,False,subwp,123,02,2,2245809686,exito,,176.0,0,0,"[-6.6, 4.788987349949173]"
1373,goal_138,3,exito,5500,1006.51,02,subwp,123,1,E2.1,E2.1-R0,False,subwp,123,02,3,4074464896,exito,,176.0,0,0,"[-6.6, 2.4495867822416666]"
1374,goal_138,4,exito,5500,1006.51,02,subwp,123,1,E2.1,E2.1-R0,False,subwp,123,02,4,1824518947,exito,,176.0,0,0,"[-6.6, -0.5608147159364575]"
1375,goal_138,5,exito,5500,1006.51,02,subwp,123,1,E2.1,E2.1-R0,False,subwp,123,02,5,465093557,exito,,176.0,0,0,"[-6.6, -1.3904965661088444]"
1376,goal_138,6,exito,5500,1006.51,02,subwp,123,1,E2.1,E2.1-R0,False,subwp,123,02,6,2192675343,exito,,176.0,0,0,"[-6.6, -3.2357075638419284]"
1377,goal_138,7,exito,5500,1006.51,02,subwp,123,1,E2.1,E2.1-R0,False,subwp,123,02,7,4122387097,exito,,176.0,0,0,"[-6.6, 1.852632382078541]"
1378,goal_138,8,exito,5500,1006.51,02,subwp,123,1,E2.1,E2.1-R0,False,subwp,123,02,8,1695137544,exito,,176.0,0,0,"[-6.6, -5.694631581349477]"
1379,goal_138,9,exito,5500,1006.51,02,subwp,123,1,E2.1,E2.1-R0,False,subwp,123,02,9,302944158,exito,,176.0,0,0,"[-6.6, -1.48606934381989]"
1380,goal_138,10,exito,5500,1006.51,02,subwp,123,1,E2.1,E2.1-R0,False,subwp,123,02,10,732423653,exito,,176.0,0,0,"[-6.6, 5.858240892370826]"
1381,goal_139,1,exito,5489,1006.7,02,subwp,123,1,E2.1,E2.1-R0,False,subwp,123,02,1,394870929,exito,,175.648,0,0,"[-6.6, 1.6196209468511769]"
1382,goal_139,2,exito,5489,1006.7,02,subwp,123,1,E2.1,E2.1-R0,False,subwp,123,02,2,2390757675,exito,,175.648,0,0,"[-6.6, -5.311428841362313]"
1383,goal_139,3,exito,5489,1006.7,02,subwp,123,1,E2.1,E2.1-R0,False,subwp,123,02,3,4186382781,exito,,175.648,0,0,"[-6.6, 1.3324577473037509]"
1384,goal_139,4,exito,5489,1006.71,02,subwp,123,1,E2.1,E2.1-R0,False,subwp,123,02,4,1742976030,exito,,175.648,0,0,"[-6.6, -3.0432553651952117]"
1385,goal_139,5,exito,5489,1006.7,02,subwp,123,1,E2.1,E2.1-R0,False,subwp,123,02,5,283411592,exito,,175.648,0,0,"[-6.6, -13.201697340259981]"
1386,goal_139,6,exito,5489,1006.69,02,subwp,123,1,E2.1,E2.1-R0,False,subwp,123,02,6,2314065202,exito,,175.648,0,0,"[-6.6, 11.602953804965574]"
1387,goal_139,7,exito,5489,1006.71,02,subwp,123,1,E2.1,E2.1-R0,False,subwp,123,02,7,4276807076,exito,,175.648,0,0,"[-6.6, 9.57279015909236]"
1388,goal_139,8,exito,5489,1006.71,02,subwp,123,1,E2.1,E2.1-R0,False,subwp,123,02,8,1851127861,exito,,175.648,0,0,"[-6.6, 8.199073357743274]"
1389,goal_139,9,exito,5489,1006.69,02,subwp,123,1,E2.1,E2.1-R0,False,subwp,123,02,9,424855715,exito,,175.648,0,0,"[-6.6, -10.295994779764403]"
1390,goal_139,10,exito,5489,1006.7,02,subwp,123,1,E2.1,E2.1-R0,False,subwp,123,02,10,1942287795,exito,,175.648,0,0,"[-6.6, 11.479161713149754]"
1391,goal_140,1,exito,5489,1006.22,02,subwp,123,1,E2.1,E2.1-R0,False,subwp,123,02,1,374024870,exito,,175.648,0,0,"[-6.6, 13.184880128091482]"
1392,goal_140,2,exito,5489,1006.23,02,subwp,123,1,E2.1,E2.1-R0,False,subwp,123,02,2,2403498780,exito,,175.648,0,0,"[-6.6, 11.898139401542993]"
1393,goal_140,3,exito,5489,1006.2,02,subwp,123,1,E2.1,E2.1-R0,False,subwp,123,02,3,4165290890,exito,,175.648,0,0,"[-6.6, -2.812132370116492]"
1394,goal_140,4,exito,5489,1006.21,02,subwp,123,1,E2.1,E2.1-R0,False,subwp,123,02,4,1713495593,exito,,175.648,0,0,"[-6.6, 0.08669302775483395]"
1395,goal_140,5,exito,5489,1006.21,02,subwp,123,1,E2.1,E2.1-R0,False,subwp,123,02,5,287764159,exito,,175.648,0,0,"[-6.6, -8.757082559564305]"
1396,goal_140,6,exito,5489,1006.22,02,subwp,123,1,E2.1,E2.1-R0,False,subwp,123,02,6,2284830469,exito,,175.648,0,0,"[-6.6, -9.440293888938731]"
1397,goal_140,7,exito,5489,1006.23,02,subwp,123,1,E2.1,E2.1-R0,False,subwp,123,02,7,4280848275,exito,,175.648,0,0,"[-6.6, 10.941319696114467]"
1398,goal_140,8,exito,5489,1006.2,02,subwp,123,1,E2.1,E2.1-R0,False,subwp,123,02,8,1872204290,exito,,175.648,0,0,"[-6.6, -10.59623604357661]"
1399,goal_140,9,exito,5489,1006.22,02,subwp,123,1,E2.1,E2.1-R0,False,subwp,123,02,9,412131988,exito,,175.648,0,0,"[-6.6, 9.757760178523363]"
1400,goal_140,10,exito,5489,1006.21,02,subwp,123,1,E2.1,E2.1-R0,False,subwp,123,02,10,3413676758,exito,,175.648,0,0,"[-6.6, 1.6681732040080488]"
1401,goal_141,1,exito,5489,1006.52,02,subwp,123,1,E2.1,E2.1-R0,False,subwp,123,02,1,2219649424,exito,,175.648,0,0,"[-6.6, -3.375842738799343]"
1402,goal_141,2,exito,5489,1006.5,02,subwp,123,1,E2.1,E2.1-R0,False,subwp,123,02,2,491026474,exito,,175.648,0,0,"[-6.6, 2.5328158091275217]"
1403,goal_141,3,exito,5489,1006.51,02,subwp,123,1,E2.1,E2.1-R0,False,subwp,123,02,3,1782794428,exito,,175.648,0,0,"[-6.6, 8.038445026108985]"
1404,goal_141,4,exito,5489,1006.51,02,subwp,123,1,E2.1,E2.1-R0,False,subwp,123,02,4,4096253215,exito,,175.648,0,0,"[-6.6, -7.708010887629782]"
1405,goal_141,5,exito,5489,1006.52,02,subwp,123,1,E2.1,E2.1-R0,False,subwp,123,02,5,2199973257,exito,,175.648,0,0,"[-6.6, 3.6378627454124315]"
1406,goal_141,6,exito,5489,1006.51,02,subwp,123,1,E2.1,E2.1-R0,False,subwp,123,02,6,438942771,exito,,175.648,0,0,"[-6.6, -11.812292248810307]"
1407,goal_141,7,exito,5489,1006.52,02,subwp,123,1,E2.1,E2.1-R0,False,subwp,123,02,7,1831767205,exito,,175.648,0,0,"[-6.6, 10.989404241940186]"
1408,goal_141,8,exito,5489,1006.51,02,subwp,123,1,E2.1,E2.1-R0,False,subwp,123,02,8,4254175540,exito,,175.648,0,0,"[-6.6, 8.120006093651844]"
1409,goal_141,9,exito,5489,1006.52,02,subwp,123,1,E2.1,E2.1-R0,False,subwp,123,02,9,2325127586,exito,,175.648,0,0,"[-6.6, 4.814189390385614]"
1410,goal_141,10,exito,5489,1006.52,02,subwp,123,1,E2.1,E2.1-R0,False,subwp,123,02,10,72352076,exito,,175.648,0,0,"[-6.6, -12.717655458874503]"
1411,goal_142,1,exito,5489,1005.91,02,subwp,123,1,E2.1,E2.1-R0,False,subwp,123,02,1,2240758695,exito,,175.648,0,0,"[-6.6, 10.143145120109736]"
1412,goal_142,2,exito,5489,1005.86,02,subwp,123,1,E2.1,E2.1-R0,False,subwp,123,02,2,478548509,exito,,175.648,0,0,"[-6.6, 4.208566638753459]"
1413,goal_142,3,exito,5489,1005.9,02,subwp,123,1,E2.1,E2.1-R0,False,subwp,123,02,3,1803625099,exito,,175.648,0,0,"[-6.6, 6.876120052145387]"
1414,goal_142,4,exito,5489,1005.88,02,subwp,123,1,E2.1,E2.1-R0,False,subwp,123,02,4,4125472552,exito,,175.648,0,0,"[-6.6, -8.750147663822744]"
1415,goal_142,5,exito,5489,1005.9,02,subwp,123,1,E2.1,E2.1-R0,False,subwp,123,02,5,2195883966,exito,,175.648,0,0,"[-6.6, -7.9969242876701525]"
1416,goal_142,6,exito,5489,1005.9,02,subwp,123,1,E2.1,E2.1-R0,False,subwp,123,02,6,468440580,exito,,175.648,0,0,"[-6.6, -5.061623360646583]"
1417,goal_142,7,exito,5489,1005.88,02,subwp,123,1,E2.1,E2.1-R0,False,subwp,123,02,7,1827464850,exito,,175.648,0,0,"[-6.6, -11.373685602846443]"
1418,goal_142,8,exito,5489,1005.9,02,subwp,123,1,E2.1,E2.1-R0,False,subwp,123,02,8,4233362179,exito,,175.648,0,0,"[-6.6, 2.115181195728687]"
1419,goal_142,9,exito,5489,1005.86,02,subwp,123,1,E2.1,E2.1-R0,False,subwp,123,02,9,2337590165,exito,,175.648,0,0,"[-6.6, 5.404624622936298]"
1420,goal_142,10,exito,5489,1005.91,02,subwp,123,1,E2.1,E2.1-R0,False,subwp,123,02,10,3169609257,exito,,175.648,0,0,"[-6.6, -7.8256152626872675]"
1421,goal_143,1,exito,5490,1006.38,02,subwp,123,1,E2.1,E2.1-R0,False,subwp,123,02,1,2278161918,exito,,175.68,0,0,"[-6.6, 12.687958897551042]"
1422,goal_143,2,exito,5490,1006.38,02,subwp,123,1,E2.1,E2.1-R0,False,subwp,123,02,2,515943492,exito,,175.68,0,0,"[-6.6, -2.9466647771505254]"
1423,goal_143,3,exito,5490,1006.38,02,subwp,123,1,E2.1,E2.1-R0,False,subwp,123,02,3,1774689490,exito,,175.68,0,0,"[-6.6, 12.77181597144976]"
1424,goal_143,4,exito,5490,1006.38,02,subwp,123,1,E2.1,E2.1-R0,False,subwp,123,02,4,4154657137,exito,,175.68,0,0,"[-6.6, 7.575927740230322]"
1425,goal_143,5,exito,5490,1006.38,02,subwp,123,1,E2.1,E2.1-R0,False,subwp,123,02,5,2158246375,exito,,175.68,0,0,"[-6.6, -1.692356401059205]"
1426,goal_143,6,exito,5490,1006.38,02,subwp,123,1,E2.1,E2.1-R0,False,subwp,123,02,6,430794845,exito,,175.68,0,0,"[-6.6, -8.678451170804172]"
1427,goal_143,7,exito,5490,1006.38,02,subwp,123,1,E2.1,E2.1-R0,False,subwp,123,02,7,1856657611,exito,,175.68,0,0,"[-6.6, -3.237294107535622]"
1428,goal_143,8,exito,5490,1006.38,02,subwp,123,1,E2.1,E2.1-R0,False,subwp,123,02,8,4262806874,exito,,175.68,0,0,"[-6.6, -0.9995448744637994]"
1429,goal_143,9,exito,5490,1006.38,02,subwp,123,1,E2.1,E2.1-R0,False,subwp,123,02,9,2299688396,exito,,175.68,0,0,"[-6.6, -2.1261361377808004]"
1430,goal_143,10,exito,5490,1006.38,02,subwp,123,1,E2.1,E2.1-R0,False,subwp,123,02,10,2925119943,exito,,175.68,0,0,"[-6.6, -12.488354155660078]"
1431,goal_144,1,exito,5494,1006.76,02,subwp,123,1,E2.1,E2.1-R0,False,subwp,123,02,1,2248906697,exito,,175.808,0,0,"[-6.6, -6.27702271013794]"
1432,goal_144,2,exito,5494,1006.76,02,subwp,123,1,E2.1,E2.1-R0,False,subwp,123,02,2,520275571,exito,,175.808,0,0,"[-6.6, 11.210323017161718]"
1433,goal_144,3,exito,5494,1006.76,02,subwp,123,1,E2.1,E2.1-R0,False,subwp,123,02,3,1745221349,exito,,175.808,0,0,"[-6.6, 1.0759572047695358]"
1434,goal_144,4,exito,5494,1006.77,02,subwp,123,1,E2.1,E2.1-R0,False,subwp,123,02,4,4133577542,exito,,175.808,0,0,"[-6.6, 6.909043149300511]"
1435,goal_144,5,exito,5494,1006.76,02,subwp,123,1,E2.1,E2.1-R0,False,subwp,123,02,5,2170966992,exito,,175.808,0,0,"[-6.6, 0.7310266887783964]"
1436,goal_144,6,exito,5494,1006.77,02,subwp,123,1,E2.1,E2.1-R0,False,subwp,123,02,6,409928298,exito,,175.808,0,0,"[-6.6, -7.175327228292783]"
1437,goal_144,7,exito,5494,1006.76,02,subwp,123,1,E2.1,E2.1-R0,False,subwp,123,02,7,1869099772,exito,,175.808,0,0,"[-6.6, -4.756036947620869]"
1438,goal_144,8,exito,5494,1006.77,02,subwp,123,1,E2.1,E2.1-R0,False,subwp,123,02,8,4292292461,exito,,175.808,0,0,"[-6.6, -2.844227898360898]"
1439,goal_144,9,exito,5494,1006.76,02,subwp,123,1,E2.1,E2.1-R0,False,subwp,123,02,9,2295341051,exito,,175.808,0,0,"[-6.6, -10.480674270874038]"
1440,goal_144,10,exito,5494,1006.76,02,subwp,123,1,E2.1,E2.1-R0,False,subwp,123,02,10,384151202,exito,,175.808,0,0,"[-6.6, 5.018916918488987]"
1441,goal_145,1,exito,5490,1006.19,02,subwp,123,1,E2.1,E2.1-R0,False,subwp,123,02,1,2202304844,exito,,175.68,0,0,"[-6.6, 7.840705487517126]"
1442,goal_145,2,exito,5490,1006.21,02,subwp,123,1,E2.1,E2.1-R0,False,subwp,123,02,2,441307382,exito,,175.68,0,0,"[-6.6, -2.7647327306032543]"
1443,goal_145,3,exito,5490,1006.21,02,subwp,123,1,E2.1,E2.1-R0,False,subwp,123,02,3,1833623648,exito,,175.68,0,0,"[-6.6, 12.102524993844142]"
1444,goal_145,4,exito,5490,1006.2,02,subwp,123,1,E2.1,E2.1-R0,False,subwp,123,02,4,4079908291,exito,,175.68,0,0,"[-6.6, 7.980157333264939]"
1445,goal_145,5,exito,5490,1006.21,02,subwp,123,1,E2.1,E2.1-R0,False,subwp,123,02,5,2217297237,exito,,175.68,0,0,"[-6.6, -3.2009377122652514]"
1446,goal_145,6,exito,5490,1006.21,02,subwp,123,1,E2.1,E2.1-R0,False,subwp,123,02,6,488641775,exito,,175.68,0,0,"[-6.6, 12.555600019125155]"
1447,goal_145,7,exito,5490,1006.21,02,subwp,123,1,E2.1,E2.1-R0,False,subwp,123,02,7,1780950137,exito,,175.68,0,0,"[-6.6, -2.0316109089490437]"
1448,goal_145,8,exito,5490,1006.21,02,subwp,123,1,E2.1,E2.1-R0,False,subwp,123,02,8,4204280296,exito,,175.68,0,0,"[-6.6, -12.57212429073772]"
1449,goal_145,9,exito,5490,1006.2,02,subwp,123,1,E2.1,E2.1-R0,False,subwp,123,02,9,2376010110,exito,,175.68,0,0,"[-6.6, -5.437117294755665]"
1450,goal_145,10,exito,5490,1006.21,02,subwp,123,1,E2.1,E2.1-R0,False,subwp,123,02,10,2335348251,exito,,175.68,0,0,"[-6.6, 11.598582425551427]"
1451,goal_146,1,exito,5494,1006.37,02,subwp,123,1,E2.1,E2.1-R0,False,subwp,123,02,1,2189880187,exito,,175.808,0,0,"[-6.6, 8.498305163160028]"
1452,goal_146,2,exito,5494,1006.36,02,subwp,123,1,E2.1,E2.1-R0,False,subwp,123,02,2,462404289,exito,,175.808,0,0,"[-6.6, 4.903823588716251]"
1453,goal_146,3,exito,5494,1006.37,02,subwp,123,1,E2.1,E2.1-R0,False,subwp,123,02,3,1820887639,exito,,175.808,0,0,"[-6.6, -10.237311959718808]"
1454,goal_146,4,exito,5494,1006.37,02,subwp,123,1,E2.1,E2.1-R0,False,subwp,123,02,4,4075560948,exito,,175.808,0,0,"[-6.6, -0.7641652752459624]"
1455,goal_146,5,exito,5494,1006.37,02,subwp,123,1,E2.1,E2.1-R0,False,subwp,123,02,5,2246782818,exito,,175.808,0,0,"[-6.6, -2.591016597656589]"
1456,goal_146,6,exito,5494,1006.35,02,subwp,123,1,E2.1,E2.1-R0,False,subwp,123,02,6,484605656,exito,,175.808,0,0,"[-6.6, -1.448147465989412]"
1457,goal_146,7,exito,5494,1006.35,02,subwp,123,1,E2.1,E2.1-R0,False,subwp,123,02,7,1810189902,exito,,175.808,0,0,"[-6.6, -0.863158048054428]"
1458,goal_146,8,exito,5494,1006.37,02,subwp,123,1,E2.1,E2.1-R0,False,subwp,123,02,8,4217000927,exito,,175.808,0,0,"[-6.6, -9.888055959306726]"
1459,goal_146,9,exito,5494,1006.36,02,subwp,123,1,E2.1,E2.1-R0,False,subwp,123,02,9,2354930505,exito,,175.808,0,0,"[-6.6, -10.154530474460104]"
1460,goal_146,10,exito,5494,1006.37,02,subwp,123,1,E2.1,E2.1-R0,False,subwp,123,02,10,865005950,exito,,175.808,0,0,"[-6.6, 11.620483066752058]"
1461,goal_147,1,exito,5491,1006.04,02,subwp,123,1,E2.1,E2.1-R0,False,subwp,123,02,1,2160088354,exito,,175.712,0,0,"[-6.6, 6.625213937666632]"
1462,goal_147,2,exito,5491,1006.05,02,subwp,123,1,E2.1,E2.1-R0,False,subwp,123,02,2,432604312,exito,,175.712,0,0,"[-6.6, 4.739069576534111]"
1463,goal_147,3,exito,5491,1006.06,02,subwp,123,1,E2.1,E2.1-R0,False,subwp,123,02,3,1859007502,exito,,175.712,0,0,"[-6.6, 6.733851767313017]"
1464,goal_147,4,exito,5491,1006.06,02,subwp,123,1,E2.1,E2.1-R0,False,subwp,123,02,4,4037714349,exito,,175.712,0,0,"[-6.6, -10.71217723566928]"
1465,goal_147,5,exito,5491,1006.06,02,subwp,123,1,E2.1,E2.1-R0,False,subwp,123,02,5,2276299067,exito,,175.712,0,0,"[-6.6, -10.566744538912678]"
1466,goal_147,6,exito,5491,1006.06,02,subwp,123,1,E2.1,E2.1-R0,False,subwp,123,02,6,514113665,exito,,175.712,0,0,"[-6.6, 0.3604826203322721]"
1467,goal_147,7,exito,5491,1006.06,02,subwp,123,1,E2.1,E2.1-R0,False,subwp,123,02,7,1772351511,exito,,175.712,0,0,"[-6.6, -11.873699741733938]"
1468,goal_147,8,exito,5491,1006.07,02,subwp,123,1,E2.1,E2.1-R0,False,subwp,123,02,8,4179422598,exito,,175.712,0,0,"[-6.6, -13.02192655891944]"
1469,goal_147,9,exito,5491,1006.06,02,subwp,123,1,E2.1,E2.1-R0,False,subwp,123,02,9,2384190736,exito,,175.712,0,0,"[-6.6, 0.14219482001124797]"
1470,goal_147,10,exito,5491,1006.06,02,subwp,123,1,E2.1,E2.1-R0,False,subwp,123,02,10,557538960,exito,,175.712,0,0,"[-6.6, -5.129897175349129]"
1471,goal_148,1,exito,5488,1005.34,02,subwp,123,1,E2.1,E2.1-R0,False,subwp,123,02,1,2164408085,exito,,175.616,0,0,"[-6.6, 10.656458359895657]"
1472,goal_148,2,exito,5488,1005.29,02,subwp,123,1,E2.1,E2.1-R0,False,subwp,123,02,2,403402415,exito,,175.616,0,0,"[-6.6, -0.9371286287064396]"
1473,goal_148,3,exito,5488,1005.29,02,subwp,123,1,E2.1,E2.1-R0,False,subwp,123,02,3,1863081529,exito,,175.616,0,0,"[-6.6, -5.616199732984714]"
1474,goal_148,4,exito,5488,1005.29,02,subwp,123,1,E2.1,E2.1-R0,False,subwp,123,02,4,4050176922,exito,,175.616,0,0,"[-6.6, 8.113217969849421]"
1475,goal_148,5,exito,5488,1005.29,02,subwp,123,1,E2.1,E2.1-R0,False,subwp,123,02,5,2255485708,exito,,175.616,0,0,"[-6.6, -7.40145522166974]"
1476,goal_148,6,exito,5488,1005.26,02,subwp,123,1,E2.1,E2.1-R0,False,subwp,123,02,6,526822070,exito,,175.616,0,0,"[-6.6, 7.9029930532825485]"
1477,goal_148,7,exito,5488,1005.29,02,subwp,123,1,E2.1,E2.1-R0,False,subwp,123,02,7,1751226912,exito,,175.616,0,0,"[-6.6, 10.698886225006918]"
1478,goal_148,8,exito,5488,1005.29,02,subwp,123,1,E2.1,E2.1-R0,False,subwp,123,02,8,4175333297,exito,,175.616,0,0,"[-6.6, 7.106966957090914]"
1479,goal_148,9,exito,5488,1005.26,02,subwp,123,1,E2.1,E2.1-R0,False,subwp,123,02,9,2413410087,exito,,175.616,0,0,"[-6.6, 11.029567922067043]"
1480,goal_148,10,exito,5488,1005.29,02,subwp,123,1,E2.1,E2.1-R0,False,subwp,123,02,10,2575776245,exito,,175.616,0,0,"[-6.6, 4.324018885979014]"
1481,goal_149,1,col_exit,2562,214.3,02,subwp,123,1,E2.1,E2.1-R0,False,subwp,123,02,1,2321446952,col_exit,exit,81.984,0,0,"[-6.6, 3.576788003017579]"
1482,goal_149,2,col_exit,2947,265.65,02,subwp,123,1,E2.1,E2.1-R0,False,subwp,123,02,2,324479378,col_exit,exit,94.304,0,0,"[-6.6, -9.977685915108383]"
1483,goal_149,3,col_exit,3163,38.38,02,subwp,123,1,E2.1,E2.1-R0,False,subwp,123,02,3,1682970884,col_exit,exit,101.216,0,0,"[-6.6, 7.766210844589909]"
1484,goal_149,4,col_exit,1556,73.91,02,subwp,123,1,E2.1,E2.1-R0,False,subwp,123,02,4,4197747879,col_exit,exit,49.792,0,0,"[-6.6, 12.550903050094643]"
1485,goal_149,5,col_exit,2438,196.27,02,subwp,123,1,E2.1,E2.1-R0,False,subwp,123,02,5,2368977969,col_exit,exit,78.016,0,0,"[-6.6, -5.162455700695473]"
1486,goal_149,6,col_exit,2876,259.53,02,subwp,123,1,E2.1,E2.1-R0,False,subwp,123,02,6,339406219,col_exit,exit,92.032,0,0,"[-6.6, 0.7418879940992631]"
1487,goal_149,7,col_exit,3112,153.07,02,subwp,123,1,E2.1,E2.1-R0,False,subwp,123,02,7,1664998685,col_exit,exit,99.584,0,0,"[-6.6, -5.873718175723964]"
1488,goal_149,8,col_exit,1562,66.08,02,subwp,123,1,E2.1,E2.1-R0,False,subwp,123,02,8,4085432460,col_exit,exit,49.984,0,0,"[-6.6, 9.335581517572932]"
1489,goal_149,9,col_exit,2434,193.41,02,subwp,123,1,E2.1,E2.1-R0,False,subwp,123,02,9,2223370266,col_exit,exit,77.888,0,0,"[-6.6, -9.765644527858692]"
1490,goal_149,10,col_exit,2873,258.16,02,subwp,123,1,E2.1,E2.1-R0,False,subwp,123,02,10,3252955555,col_exit,exit,91.936,0,0,"[-6.6, 6.533930572157655]"
1491,goal_150,1,col_exit,1332,44.45,02,subwp,123,1,E2.1,E2.1-R0,False,subwp,123,02,1,2342261279,col_exit,exit,42.624,0,0,"[-6.6, 4.326411185096742]"
1492,goal_150,2,col_exit,2323,182.83,02,subwp,123,1,E2.1,E2.1-R0,False,subwp,123,02,2,311772069,col_exit,exit,74.336,0,0,"[-6.6, -8.608632729925379]"
1493,goal_150,3,col_exit,2836,246.22,02,subwp,123,1,E2.1,E2.1-R0,False,subwp,123,02,3,1704096563,col_exit,exit,90.752,0,0,"[-6.6, 1.176978572525124]"
1494,goal_150,4,col_exit,1409,54.64,02,subwp,123,1,E2.1,E2.1-R0,False,subwp,123,02,4,4227262096,col_exit,exit,45.088,0,0,"[-6.6, -5.9578020535751985]"
1495,goal_150,5,col_exit,2360,190.78,02,subwp,123,1,E2.1,E2.1-R0,False,subwp,123,02,5,2364659206,col_exit,exit,75.52,0,0,"[-6.6, -5.99144298749059]"
1496,goal_150,6,col_exit,2860,227.15,02,subwp,123,1,E2.1,E2.1-R0,False,subwp,123,02,6,368609212,col_exit,exit,91.52,0,0,"[-6.6, 8.800120590525934]"
1497,goal_150,7,col_exit,1415,57.2,02,subwp,123,1,E2.1,E2.1-R0,False,subwp,123,02,7,1660925738,col_exit,exit,45.28,0,0,"[-6.6, -2.4230452579803567]"
1498,goal_150,8,col_exit,2367,189.47,02,subwp,123,1,E2.1,E2.1-R0,False,subwp,123,02,8,4064324283,col_exit,exit,75.744,0,0,"[-6.6, -12.128032722016831]"
1499,goal_150,9,col_exit,2853,233.56,02,subwp,123,1,E2.1,E2.1-R0,False,subwp,123,02,9,2236062253,col_exit,exit,91.296,0,0,"[-6.6, -12.083156426273833]"
1500,goal_150,10,col_exit,1432,52.21,02,subwp,123,1,E2.1,E2.1-R0,False,subwp,123,02,10,2035830470,col_exit,exit,45.824,0,0,"[-6.6, 3.1823268612850475]"
1501,goal_151,1,col_exit,2245,171.85,02,subwp,123,1,E2.1,E2.1-R0,False,subwp,123,02,1,1022447349,col_exit,exit,71.84,0,0,"[-6.6, 2.1882132170419943]"
1502,goal_151,2,col_exit,1113,19.51,02,subwp,123,1,E2.1,E2.1-R0,False,subwp,123,02,2,2784501583,col_exit,exit,35.616,0,0,"[-6.6, -5.829575314969502]"
1503,goal_151,3,col_exit,2225,171.77,02,subwp,123,1,E2.1,E2.1-R0,False,subwp,123,02,3,3539939289,col_exit,exit,71.2,0,0,"[-6.6, 8.022194222879671]"
1504,goal_151,4,col_exit,1128,7.82,02,subwp,123,1,E2.1,E2.1-R0,False,subwp,123,02,4,1285274234,col_exit,exit,36.096,0,0,"[-6.6, 6.269522658030233]"
1505,goal_151,5,col_exit,2204,170.12,02,subwp,123,1,E2.1,E2.1-R0,False,subwp,123,02,5,1000114924,col_exit,exit,70.528,0,0,"[-6.6, 4.25410901136211]"
1506,goal_151,6,col_exit,1111,14.42,02,subwp,123,1,E2.1,E2.1-R0,False,subwp,123,02,6,2727730006,col_exit,exit,35.552,0,0,"[-6.6, -7.474313130151682]"
1507,goal_151,7,col_exit,2222,166.54,02,subwp,123,1,E2.1,E2.1-R0,False,subwp,123,02,7,3583175616,col_exit,exit,71.104,0,0,"[-6.6, -12.372939843061973]"
1508,goal_151,8,col_exit,1104,15.25,02,subwp,123,1,E2.1,E2.1-R0,False,subwp,123,02,8,1160640081,col_exit,exit,35.328,0,0,"[-6.6, -12.718620703251483]"
1509,goal_151,9,col_exit,2215,168.31,02,subwp,123,1,E2.1,E2.1-R0,False,subwp,123,02,9,841664199,col_exit,exit,70.88,0,0,"[-6.6, -1.254296801640788]"
1510,goal_151,10,col_exit,1101,18.07,02,subwp,123,1,E2.1,E2.1-R0,False,subwp,123,02,10,959457532,col_exit,exit,35.232,0,0,"[-6.6, 13.295244376193594]"
1511,goal_152,1,col_exit,2136,164.74,02,subwp,123,1,E2.1,E2.1-R0,False,subwp,123,02,1,1026761922,col_exit,exit,68.352,0,0,"[-6.6, 12.661517232820465]"
1512,goal_152,2,col_exit,1082,1.15,02,subwp,123,1,E2.1,E2.1-R0,False,subwp,123,02,2,2755294584,col_exit,exit,34.624,0,0,"[-6.6, 7.5402472315307065]"
1513,goal_152,3,col_exit,2195,168.76,02,subwp,123,1,E2.1,E2.1-R0,False,subwp,123,02,3,3544008174,col_exit,exit,70.24,0,0,"[-6.6, -11.733792572269804]"
1514,goal_152,4,col_exit,1104,7.06,02,subwp,123,1,E2.1,E2.1-R0,False,subwp,123,02,4,1297731661,col_exit,exit,35.328,0,0,"[-6.6, -11.602574473649566]"
1515,goal_152,5,col_exit,2206,169.96,02,subwp,123,1,E2.1,E2.1-R0,False,subwp,123,02,5,979296475,col_exit,exit,70.592,0,0,"[-6.6, -4.691341140610125]"
1516,goal_152,6,col_exit,1110,9.07,02,subwp,123,1,E2.1,E2.1-R0,False,subwp,123,02,6,2740433249,col_exit,exit,35.52,0,0,"[-6.6, 0.6032442138341257]"
1517,goal_152,7,col_exit,2201,173.4,02,subwp,123,1,E2.1,E2.1-R0,False,subwp,123,02,7,3562045943,col_exit,exit,70.432,0,0,"[-6.6, 10.607379472016765]"
1518,goal_152,8,col_exit,1109,15.56,02,subwp,123,1,E2.1,E2.1-R0,False,subwp,123,02,8,1156553830,col_exit,exit,35.488,0,0,"[-6.6, -11.472146205818904]"
1519,goal_152,9,col_exit,2230,162.94,02,subwp,123,1,E2.1,E2.1-R0,False,subwp,123,02,9,870886640,col_exit,exit,71.36,0,0,"[-6.6, 12.572064922862731]"
1520,goal_152,10,col_exit,1116,8.07,02,subwp,123,1,E2.1,E2.1-R0,False,subwp,123,02,10,2173456281,col_exit,exit,35.712,0,0,"[-6.6, 9.988229956713754]"
1521,goal_153,1,exito,4976,893.92,02,subwp,123,1,E2.1,E2.1-R0,False,subwp,123,02,1,1064671899,exito,,159.232,0,0,"[-6.6, -12.348564714531257]"
1522,goal_153,2,exito,4974,894.24,02,subwp,123,1,E2.1,E2.1-R0,False,subwp,123,02,2,2793196321,exito,,159.168,0,0,"[-6.6, 8.24795486612135]"
1523,goal_153,3,exito,4974,894.27,02,subwp,123,1,E2.1,E2.1-R0,False,subwp,123,02,3,3514563511,exito,,159.168,0,0,"[-6.6, 1.323932373417654]"
1524,goal_153,4,exito,4974,894.26,02,subwp,123,1,E2.1,E2.1-R0,False,subwp,123,02,4,1327459860,exito,,159.168,0,0,"[-6.6, -6.755318397265353]"
1525,goal_153,5,exito,4974,894.29,02,subwp,123,1,E2.1,E2.1-R0,False,subwp,123,02,5,941121154,exito,,159.168,0,0,"[-6.6, -0.732938833836202]"
1526,goal_153,6,exito,4972,894.26,02,subwp,123,1,E2.1,E2.1-R0,False,subwp,123,02,6,2702249784,exito,,159.104,0,0,"[-6.6, -10.879649641814984]"
1527,goal_153,7,exito,4974,894.28,02,subwp,123,1,E2.1,E2.1-R0,False,subwp,123,02,7,3591782318,exito,,159.168,0,0,"[-6.6, 11.316915163670192]"
1528,goal_153,8,exito,4974,894.28,02,subwp,123,1,E2.1,E2.1-R0,False,subwp,123,02,8,1185489471,exito,,159.168,0,0,"[-6.6, 7.073035210470058]"
1529,goal_153,9,exito,4974,894.28,02,subwp,123,1,E2.1,E2.1-R0,False,subwp,123,02,9,833491625,exito,,159.168,0,0,"[-6.6, 5.39332363533765]"
1530,goal_153,10,exito,4974,894.26,02,subwp,123,1,E2.1,E2.1-R0,False,subwp,123,02,10,2470043767,exito,,159.168,0,0,"[-6.6, 12.075727007040863]"
1531,goal_154,1,exito,4722,857.65,02,subwp,123,1,E2.1,E2.1-R0,False,subwp,123,02,1,1052242092,exito,,151.104,0,0,"[-6.6, -9.91610642677838]"
1532,goal_154,2,exito,4722,857.54,02,subwp,123,1,E2.1,E2.1-R0,False,subwp,123,02,2,2814288150,exito,,151.104,0,0,"[-6.6, -6.748285633989895]"
1533,goal_154,3,exito,4722,857.64,02,subwp,123,1,E2.1,E2.1-R0,False,subwp,123,02,3,3501822336,exito,,151.104,0,0,"[-6.6, 2.416552628613009]"
1534,goal_154,4,exito,4722,857.55,02,subwp,123,1,E2.1,E2.1-R0,False,subwp,123,02,4,1323107363,exito,,151.104,0,0,"[-6.6, -12.814712863883814]"
1535,goal_154,5,exito,4722,857.68,02,subwp,123,1,E2.1,E2.1-R0,False,subwp,123,02,5,970601653,exito,,151.104,0,0,"[-6.6, 4.853173054451822]"
1536,goal_154,6,exito,4722,857.55,02,subwp,123,1,E2.1,E2.1-R0,False,subwp,123,02,6,2698208527,exito,,151.104,0,0,"[-6.6, 5.967402694841296]"
1537,goal_154,7,exito,4722,857.65,02,subwp,123,1,E2.1,E2.1-R0,False,subwp,123,02,7,3621016985,exito,,151.104,0,0,"[-6.6, 9.355913794812652]"
1538,goal_154,8,exito,4722,857.5,02,subwp,123,1,E2.1,E2.1-R0,False,subwp,123,02,8,1198213128,exito,,151.104,0,0,"[-6.6, 0.8040341398723606]"
1539,goal_154,9,exito,4722,857.62,02,subwp,123,1,E2.1,E2.1-R0,False,subwp,123,02,9,812415134,exito,,151.104,0,0,"[-6.6, 1.1797943554887906]"
1540,goal_154,10,exito,4722,857.67,02,subwp,123,1,E2.1,E2.1-R0,False,subwp,123,02,10,730171154,exito,,151.104,0,0,"[-6.6, 10.806311615631676]"
1541,goal_155,1,exito,4632,867.63,02,subwp,123,1,E2.1,E2.1-R0,False,subwp,123,02,1,1006167593,exito,,148.224,0,0,"[-6.6, -4.924027722282388]"
1542,goal_155,2,exito,4632,867.62,02,subwp,123,1,E2.1,E2.1-R0,False,subwp,123,02,2,2733750163,exito,,148.224,0,0,"[-6.6, 12.828676721817727]"
1543,goal_155,3,exito,4632,867.62,02,subwp,123,1,E2.1,E2.1-R0,False,subwp,123,02,3,3589703429,exito,,148.224,0,0,"[-6.6, -13.049256112755875]"
1544,goal_155,4,exito,4632,867.63,02,subwp,123,1,E2.1,E2.1-R0,False,subwp,123,02,4,1267864230,exito,,148.224,0,0,"[-6.6, -2.1610237925687295]"
1545,goal_155,5,exito,4632,867.63,02,subwp,123,1,E2.1,E2.1-R0,False,subwp,123,02,5,1016406576,exito,,148.224,0,0,"[-6.6, -12.809261231106069]"
1546,goal_155,6,exito,4632,867.63,02,subwp,123,1,E2.1,E2.1-R0,False,subwp,123,02,6,2778493834,exito,,148.224,0,0,"[-6.6, -5.550402996031676]"
1547,goal_155,7,exito,4632,867.62,02,subwp,123,1,E2.1,E2.1-R0,False,subwp,123,02,7,3533390620,exito,,148.224,0,0,"[-6.6, -9.983362148484042]"
1548,goal_155,8,exito,4632,867.63,02,subwp,123,1,E2.1,E2.1-R0,False,subwp,123,02,8,1109679757,exito,,148.224,0,0,"[-6.6, 6.6917503709082125]"
1549,goal_155,9,exito,4632,867.63,02,subwp,123,1,E2.1,E2.1-R0,False,subwp,123,02,9,891514395,exito,,148.224,0,0,"[-6.6, -13.131857218491778]"
1550,goal_155,10,exito,4632,867.62,02,subwp,123,1,E2.1,E2.1-R0,False,subwp,123,02,10,3058876331,exito,,148.224,0,0,"[-6.6, -12.826310257440982]"
1551,goal_156,1,exito,4860,895.09,02,subwp,123,1,E2.1,E2.1-R0,False,subwp,123,02,1,976915486,exito,,155.52,0,0,"[-6.6, -0.6296382973502218]"
1552,goal_156,2,exito,4860,895.1,02,subwp,123,1,E2.1,E2.1-R0,False,subwp,123,02,2,2738085284,exito,,155.52,0,0,"[-6.6, 0.8618457869100198]"
1553,goal_156,3,exito,4860,895.09,02,subwp,123,1,E2.1,E2.1-R0,False,subwp,123,02,3,3560238386,exito,,155.52,0,0,"[-6.6, 11.335685302105874]"
1554,goal_156,4,exito,4860,895.1,02,subwp,123,1,E2.1,E2.1-R0,False,subwp,123,02,4,1246787729,exito,,155.52,0,0,"[-6.6, -10.83013731644815]"
1555,goal_156,5,exito,4860,895.09,02,subwp,123,1,E2.1,E2.1-R0,False,subwp,123,02,5,1029130247,exito,,155.52,0,0,"[-6.6, -10.317419423310232]"
1556,goal_156,6,exito,4860,895.09,02,subwp,123,1,E2.1,E2.1-R0,False,subwp,123,02,6,2757630397,exito,,155.52,0,0,"[-6.6, -8.070402163163044]"
1557,goal_156,7,exito,4860,895.09,02,subwp,123,1,E2.1,E2.1-R0,False,subwp,123,02,7,3545835819,exito,,155.52,0,0,"[-6.6, 9.65940085818902]"
1558,goal_156,8,exito,4860,895.09,02,subwp,123,1,E2.1,E2.1-R0,False,subwp,123,02,8,1139160250,exito,,155.52,0,0,"[-6.6, 2.4150913405812444]"
1559,goal_156,9,exito,4860,895.09,02,subwp,123,1,E2.1,E2.1-R0,False,subwp,123,02,9,887161900,exito,,155.52,0,0,"[-6.6, 5.354101115248028]"
1560,goal_156,10,exito,4860,895.09,02,subwp,123,1,E2.1,E2.1-R0,False,subwp,123,02,10,250534094,exito,,155.52,0,0,"[-6.6, 6.758991837577268]"
1561,goal_157,1,exito,5013,933.92,02,subwp,123,1,E2.1,E2.1-R0,False,subwp,123,02,1,947663431,exito,,160.416,0,0,"[-6.6, -3.431994407789204]"
1562,goal_157,2,exito,5013,933.92,02,subwp,123,1,E2.1,E2.1-R0,False,subwp,123,02,2,2708825085,exito,,160.416,0,0,"[-6.6, -5.473669077831802]"
1563,goal_157,3,exito,5013,933.92,02,subwp,123,1,E2.1,E2.1-R0,False,subwp,123,02,3,3597816683,exito,,160.416,0,0,"[-6.6, 6.255906907074891]"
1564,goal_157,4,exito,5013,933.91,02,subwp,123,1,E2.1,E2.1-R0,False,subwp,123,02,4,1209452232,exito,,160.416,0,0,"[-6.6, -5.766474920811468]"
1565,goal_157,5,exito,5013,933.91,02,subwp,123,1,E2.1,E2.1-R0,False,subwp,123,02,5,1058141790,exito,,160.416,0,0,"[-6.6, 0.43912380073926993]"
1566,goal_157,6,exito,5013,933.91,02,subwp,123,1,E2.1,E2.1-R0,False,subwp,123,02,6,2786633700,exito,,160.416,0,0,"[-6.6, 2.5657520774955507]"
1567,goal_157,7,exito,5013,933.9,02,subwp,123,1,E2.1,E2.1-R0,False,subwp,123,02,7,3508508530,exito,,160.416,0,0,"[-6.6, 8.985375483372694]"
1568,goal_157,8,exito,5013,933.91,02,subwp,123,1,E2.1,E2.1-R0,False,subwp,123,02,8,1101040355,exito,,160.416,0,0,"[-6.6, -6.8020661985913975]"
1569,goal_157,9,exito,5013,933.92,02,subwp,123,1,E2.1,E2.1-R0,False,subwp,123,02,9,916961909,exito,,160.416,0,0,"[-6.6, 6.906813842075011]"
1570,goal_157,10,exito,5013,933.91,02,subwp,123,1,E2.1,E2.1-R0,False,subwp,123,02,10,475756320,exito,,160.416,0,0,"[-6.6, 6.029896805747181]"
1571,goal_158,1,exito,5157,950.51,02,subwp,123,1,E2.1,E2.1-R0,False,subwp,123,02,1,968775792,exito,,165.024,0,0,"[-6.6, 12.36994582359372]"
1572,goal_158,2,exito,5157,950.5,02,subwp,123,1,E2.1,E2.1-R0,False,subwp,123,02,2,2696350154,exito,,165.024,0,0,"[-6.6, -7.910785467368523]"
1573,goal_158,3,exito,5157,950.5,02,subwp,123,1,E2.1,E2.1-R0,False,subwp,123,02,3,3618650460,exito,,165.024,0,0,"[-6.6, 3.6462220183510765]"
1574,goal_158,4,exito,5157,950.51,02,subwp,123,1,E2.1,E2.1-R0,False,subwp,123,02,4,1238674687,exito,,165.024,0,0,"[-6.6, 3.186583969306262]"
1575,goal_158,5,exito,5157,950.5,02,subwp,123,1,E2.1,E2.1-R0,False,subwp,123,02,5,1054055529,exito,,165.024,0,0,"[-6.6, -3.833958667465222]"
1576,goal_158,6,exito,5157,950.5,02,subwp,123,1,E2.1,E2.1-R0,False,subwp,123,02,6,2816134611,exito,,165.024,0,0,"[-6.6, -11.35062668662518]"
1577,goal_158,7,exito,5157,950.51,02,subwp,123,1,E2.1,E2.1-R0,False,subwp,123,02,7,3504209221,exito,,165.024,0,0,"[-6.6, 2.4748012029573445]"
1578,goal_158,8,exito,5157,950.5,02,subwp,123,1,E2.1,E2.1-R0,False,subwp,123,02,8,1080221908,exito,,165.024,0,0,"[-6.6, -6.438241212007981]"
1579,goal_158,9,exito,5157,950.5,02,subwp,123,1,E2.1,E2.1-R0,False,subwp,123,02,9,929419330,exito,,165.024,0,0,"[-6.6, 11.75651497560295]"
1580,goal_158,10,exito,5157,950.5,02,subwp,123,1,E2.1,E2.1-R0,False,subwp,123,02,10,2766606405,exito,,165.024,0,0,"[-6.6, -1.5081493516115605]"
1581,goal_159,1,exito,5404,978.12,02,subwp,123,1,E2.1,E2.1-R0,False,subwp,123,02,1,853679949,exito,,172.928,0,0,"[-6.6, 0.5338108441778044]"
1582,goal_159,2,exito,5404,978.12,02,subwp,123,1,E2.1,E2.1-R0,False,subwp,123,02,2,2884325111,exito,,172.928,0,0,"[-6.6, -5.932105021326079]"
1583,goal_159,3,exito,5404,978.11,02,subwp,123,1,E2.1,E2.1-R0,False,subwp,123,02,3,3706486369,exito,,172.928,0,0,"[-6.6, -11.089487977680957]"
1584,goal_159,4,exito,5404,978.11,02,subwp,123,1,E2.1,E2.1-R0,False,subwp,123,02,4,1116269506,exito,,172.928,0,0,"[-6.6, -0.841030662161684]"
1585,goal_159,5,exito,5404,978.11,02,subwp,123,1,E2.1,E2.1-R0,False,subwp,123,02,5,898620244,exito,,172.928,0,0,"[-6.6, -7.192623188731323]"
1586,goal_159,6,exito,5404,978.11,02,subwp,123,1,E2.1,E2.1-R0,False,subwp,123,02,6,2894498542,exito,,172.928,0,0,"[-6.6, 1.89401848463175]"
1587,goal_159,7,exito,5404,978.11,02,subwp,123,1,E2.1,E2.1-R0,False,subwp,123,02,7,3682712184,exito,,172.928,0,0,"[-6.6, 11.280488894622948]"
1588,goal_159,8,exito,5404,978.12,02,subwp,123,1,E2.1,E2.1-R0,False,subwp,123,02,8,1262397417,exito,,172.928,0,0,"[-6.6, -8.788673007347764]"
1589,goal_159,9,exito,5404,978.11,02,subwp,123,1,E2.1,E2.1-R0,False,subwp,123,02,9,1010407295,exito,,172.928,0,0,"[-6.6, 1.1536388646039812]"
1590,goal_159,10,exito,5404,978.11,02,subwp,123,1,E2.1,E2.1-R0,False,subwp,123,02,10,4236509203,exito,,172.928,0,0,"[-6.6, -3.6315178628650426]"
1591,goal_160,1,exito,5658,1011.35,02,subwp,123,1,E2.1,E2.1-R0,False,subwp,123,02,1,857765242,exito,,181.056,0,0,"[-6.6, -0.488500033833358]"
1592,goal_160,2,exito,5658,1011.36,02,subwp,123,1,E2.1,E2.1-R0,False,subwp,123,02,2,2854823104,exito,,181.056,0,0,"[-6.6, 12.93905548773183]"
1593,goal_160,3,exito,5658,1011.35,02,subwp,123,1,E2.1,E2.1-R0,False,subwp,123,02,3,3710784598,exito,,181.056,0,0,"[-6.6, -10.934405131853918]"
1594,goal_160,4,exito,5658,1011.36,02,subwp,123,1,E2.1,E2.1-R0,False,subwp,123,02,4,1128956405,exito,,181.056,0,0,"[-6.6, -12.900035208344622]"
1595,goal_160,5,exito,5658,1011.35,02,subwp,123,1,E2.1,E2.1-R0,False,subwp,123,02,5,877506915,exito,,181.056,0,0,"[-6.6, -1.6287395234126898]"
1596,goal_160,6,exito,5658,1011.35,02,subwp,123,1,E2.1,E2.1-R0,False,subwp,123,02,6,2906972377,exito,,181.056,0,0,"[-6.6, -2.2993443414019685]"
1597,goal_160,7,exito,5658,1011.35,02,subwp,123,1,E2.1,E2.1-R0,False,subwp,123,02,7,3661877327,exito,,181.056,0,0,"[-6.6, 0.5196131363537599]"
1598,goal_160,8,exito,5658,1011.34,02,subwp,123,1,E2.1,E2.1-R0,False,subwp,123,02,8,1258081758,exito,,181.056,0,0,"[-6.6, 0.9048034586726923]"
1599,goal_160,9,exito,5658,1011.35,02,subwp,123,1,E2.1,E2.1-R0,False,subwp,123,02,9,1039924552,exito,,181.056,0,0,"[-6.6, 3.677475946378354]"
1600,goal_160,10,exito,5658,1011.33,02,subwp,123,1,E2.1,E2.1-R0,False,subwp,123,02,10,1144547190,exito,,181.056,0,0,"[-6.6, -6.4379619611885435]"
1601,goal_161,1,col_approach,1058,-41.69,02,subwp,123,1,E2.1,E2.1-R0,False,subwp,123,02,1,776266011,col_approach,approach,33.856,0,0,"[-6.6, 9.452044449430232]"
1602,goal_161,2,col_approach,514,-106.15,02,subwp,123,1,E2.1,E2.1-R0,False,subwp,123,02,2,3075322017,col_approach,approach,16.448,0,0,"[-6.6, -3.4214904408387548]"
1603,goal_161,3,col_approach,1925,82.45,02,subwp,123,1,E2.1,E2.1-R0,False,subwp,123,02,3,3226107959,col_approach,approach,61.6,0,0,"[-6.6, 8.239189814450778]"
1604,goal_161,4,col_approach,968,-55.82,02,subwp,123,1,E2.1,E2.1-R0,False,subwp,123,02,4,1580078484,col_approach,approach,30.976,0,0,"[-6.6, 11.83935630729582]"
1605,goal_161,5,col_approach,2160,-99.15,02,subwp,123,1,E2.1,E2.1-R0,False,subwp,123,02,5,690562306,col_approach,approach,69.12,0,0,"[-6.6, -10.183359618571451]"
1606,goal_161,6,col_approach,1052,-29.92,02,subwp,123,1,E2.1,E2.1-R0,False,subwp,123,02,6,2954917048,col_approach,approach,33.664,0,0,"[-6.6, -0.29733197463788646]"
1607,goal_161,7,col_approach,537,-108.98,02,subwp,123,1,E2.1,E2.1-R0,False,subwp,123,02,7,3341239342,col_approach,approach,17.184,0,0,"[-6.6, -12.259327816006852]"
1608,goal_161,8,col_approach,1916,86.03,02,subwp,123,1,E2.1,E2.1-R0,False,subwp,123,02,8,1469602239,col_approach,approach,61.312,0,0,"[-6.6, -2.319394070115907]"
1609,goal_161,9,col_approach,961,-42.27,02,subwp,123,1,E2.1,E2.1-R0,False,subwp,123,02,9,547318057,col_approach,approach,30.752,0,0,"[-6.6, 4.779757247488131]"
1610,goal_161,10,col_approach,2175,-121.75,02,subwp,123,1,E2.1,E2.1-R0,False,subwp,123,02,10,2123387436,col_approach,approach,69.6,0,0,"[-6.6, 6.678755109155816]"
1611,goal_162,1,col_approach,1049,-28.8,02,subwp,123,1,E2.1,E2.1-R0,False,subwp,123,02,1,797346604,col_approach,approach,33.568,0,0,"[-6.6, -8.618826351662515]"
1612,goal_162,2,col_approach,530,-104.81,02,subwp,123,1,E2.1,E2.1-R0,False,subwp,123,02,2,3062880918,col_approach,approach,16.96,0,0,"[-6.6, 12.545108995822162]"
1613,goal_162,3,col_approach,1942,78.42,02,subwp,123,1,E2.1,E2.1-R0,False,subwp,123,02,3,3246975488,col_approach,approach,62.144,0,0,"[-6.6, 9.654998766855106]"
1614,goal_162,4,col_approach,967,-51.87,02,subwp,123,1,E2.1,E2.1-R0,False,subwp,123,02,4,1609334691,col_approach,approach,30.944,0,0,"[-6.6, 2.2267577916846557]"
1615,goal_162,5,col_approach,2167,-107.29,02,subwp,123,1,E2.1,E2.1-R0,False,subwp,123,02,5,686509877,col_approach,approach,69.344,0,0,"[-6.6, -10.810928574585185]"
1616,goal_162,6,col_approach,1053,-31.82,02,subwp,123,1,E2.1,E2.1-R0,False,subwp,123,02,6,2984386191,col_approach,approach,33.696,0,0,"[-6.6, 1.7085375451719407]"
1617,goal_162,7,col_approach,534,-110.31,02,subwp,123,1,E2.1,E2.1-R0,False,subwp,123,02,7,3336908313,col_approach,approach,17.088,0,0,"[-6.6, -10.509040549735797]"
1618,goal_162,8,col_approach,1917,84.49,02,subwp,123,1,E2.1,E2.1-R0,False,subwp,123,02,8,1448752008,col_approach,approach,61.344,0,0,"[-6.6, 3.7044331669636152]"
1619,goal_162,9,col_approach,959,-43.18,02,subwp,123,1,E2.1,E2.1-R0,False,subwp,123,02,9,559743774,col_approach,approach,30.688,0,0,"[-6.6, -7.360599031940691]"
1620,goal_162,10,col_approach,2186,-123.0,02,subwp,123,1,E2.1,E2.1-R0,False,subwp,123,02,10,3324785993,col_approach,approach,69.952,0,0,"[-6.6, -12.242101015950286]"
1621,goal_163,1,col_approach,1081,-49.04,02,subwp,123,1,E2.1,E2.1-R0,False,subwp,123,02,1,767571317,col_approach,approach,34.592,0,0,"[-6.6, -7.698721219919325]"
1622,goal_163,2,col_approach,512,-107.83,02,subwp,123,1,E2.1,E2.1-R0,False,subwp,123,02,2,3033097423,col_approach,approach,16.384,0,0,"[-6.6, 9.48860463099324]"
1623,goal_163,3,col_approach,1927,77.33,02,subwp,123,1,E2.1,E2.1-R0,False,subwp,123,02,3,3285079129,col_approach,approach,61.664,0,0,"[-6.6, 6.285925410684513]"
1624,goal_163,4,col_approach,962,-55.31,02,subwp,123,1,E2.1,E2.1-R0,False,subwp,123,02,4,1571471866,col_approach,approach,30.784,0,0,"[-6.6, -4.491969527496521]"
1625,goal_163,5,col_approach,2160,-92.92,02,subwp,123,1,E2.1,E2.1-R0,False,subwp,123,02,5,716042604,col_approach,approach,69.12,0,0,"[-6.6, -9.215167566160806]"
1626,goal_163,6,col_approach,1057,-37.86,02,subwp,123,1,E2.1,E2.1-R0,False,subwp,123,02,6,3013910742,col_approach,approach,33.824,0,0,"[-6.6, 9.478334256291571]"
1627,goal_163,7,col_approach,533,-112.17,02,subwp,123,1,E2.1,E2.1-R0,False,subwp,123,02,7,3299053632,col_approach,approach,17.056,0,0,"[-6.6, -10.46858016676066]"
1628,goal_163,8,col_approach,1918,82.63,02,subwp,123,1,E2.1,E2.1-R0,False,subwp,123,02,8,1411157457,col_approach,approach,61.376,0,0,"[-6.6, 10.816140167472124]"
1629,goal_163,9,col_approach,960,-44.74,02,subwp,123,1,E2.1,E2.1-R0,False,subwp,123,02,9,589020487,col_approach,approach,30.72,0,0,"[-6.6, -8.84161622744984]"
1630,goal_163,10,col_approach,2161,-109.43,02,subwp,123,1,E2.1,E2.1-R0,False,subwp,123,02,10,3566836391,col_approach,approach,69.152,0,0,"[-6.6, 6.484307099366093]"
1631,goal_164,1,col_approach,1058,-33.77,02,subwp,123,1,E2.1,E2.1-R0,False,subwp,123,02,1,738352962,col_approach,approach,33.856,0,0,"[-6.6, -5.403976244061606]"
1632,goal_164,2,col_approach,532,-107.35,02,subwp,123,1,E2.1,E2.1-R0,False,subwp,123,02,2,3037400824,col_approach,approach,17.024,0,0,"[-6.6, -2.529404913785963]"
1633,goal_164,3,col_approach,1945,70.7,02,subwp,123,1,E2.1,E2.1-R0,False,subwp,123,02,3,3255582318,col_approach,approach,62.24,0,0,"[-6.6, -7.271292467728163]"
1634,goal_164,4,col_approach,992,-64.53,02,subwp,123,1,E2.1,E2.1-R0,False,subwp,123,02,4,1550363597,col_approach,approach,31.744,0,0,"[-6.6, -13.006396145148324]"
1635,goal_164,5,col_approach,2116,-13.93,02,subwp,123,1,E2.1,E2.1-R0,False,subwp,123,02,5,728734555,col_approach,approach,67.712,0,0,"[-6.6, 7.108970085667582]"
1636,goal_164,6,col_approach,1072,-41.9,02,subwp,123,1,E2.1,E2.1-R0,False,subwp,123,02,6,2993081057,col_approach,approach,34.304,0,0,"[-6.6, 6.317472907782928]"
1637,goal_164,7,col_approach,533,-112.74,02,subwp,123,1,E2.1,E2.1-R0,False,subwp,123,02,7,3311532663,col_approach,approach,17.056,0,0,"[-6.6, 6.4153551467527095]"
1638,goal_164,8,exito,5083,888.11,02,subwp,123,1,E2.1,E2.1-R0,False,subwp,123,02,8,1440671718,exito,,162.656,0,0,"[-6.6, -4.785190352656029]"
1639,goal_164,9,exito,5082,888.15,02,subwp,123,1,E2.1,E2.1-R0,False,subwp,123,02,9,584701808,exito,,162.624,0,0,"[-6.6, -4.862002810287023]"
1640,goal_164,10,col_approach,1837,61.76,02,subwp,123,1,E2.1,E2.1-R0,False,subwp,123,02,10,1814429122,col_approach,approach,58.784,0,0,"[-6.6, -11.84249547023737]"
1641,goal_165,1,col_approach,901,-53.98,02,subwp,123,1,E2.1,E2.1-R0,False,subwp,123,02,1,692931015,col_approach,approach,28.832,0,0,"[-6.6, -6.38542512031635]"
1642,goal_165,2,col_approach,2115,-0.89,02,subwp,123,1,E2.1,E2.1-R0,False,subwp,123,02,2,2957252733,col_approach,approach,67.68,0,0,"[-6.6, 11.017278586077117]"
1643,goal_165,3,col_approach,1064,-37.19,02,subwp,123,1,E2.1,E2.1-R0,False,subwp,123,02,3,3343067371,col_approach,approach,34.048,0,0,"[-6.6, -10.530401880254326]"
1644,goal_165,4,col_approach,536,-111.83,02,subwp,123,1,E2.1,E2.1-R0,False,subwp,123,02,4,1495776584,col_approach,approach,17.152,0,0,"[-6.6, 12.09562924212233]"
1645,goal_165,5,col_approach,1918,83.47,02,subwp,123,1,E2.1,E2.1-R0,False,subwp,123,02,5,773885406,col_approach,approach,61.376,0,0,"[-6.6, -4.828691302434182]"
1646,goal_165,6,col_approach,959,-43.51,02,subwp,123,1,E2.1,E2.1-R0,False,subwp,123,02,6,3072973924,col_approach,approach,30.688,0,0,"[-6.6, -11.691579681510335]"
1647,goal_165,7,col_approach,2172,-126.41,02,subwp,123,1,E2.1,E2.1-R0,False,subwp,123,02,7,3224300786,col_approach,approach,69.504,0,0,"[-6.6, 6.141504927526166]"
1648,goal_165,8,col_approach,1051,-29.53,02,subwp,123,1,E2.1,E2.1-R0,False,subwp,123,02,8,1351741795,col_approach,approach,33.632,0,0,"[-6.6, -8.796473237272311]"
1649,goal_165,9,col_approach,532,-107.18,02,subwp,123,1,E2.1,E2.1-R0,False,subwp,123,02,9,664191477,col_approach,approach,17.024,0,0,"[-6.6, -11.463794291487512]"
1650,goal_165,10,col_approach,1941,74.84,02,subwp,123,1,E2.1,E2.1-R0,False,subwp,123,02,10,4059219323,col_approach,approach,62.112,0,0,"[-6.6, 0.9680827018141103]"
1651,goal_166,1,exito,4757,880.19,02,subwp,123,1,E2.1,E2.1-R0,False,subwp,123,02,1,680469488,exito,,152.224,0,0,"[-6.6, -12.939342228571592]"
1652,goal_166,2,exito,4754,880.21,02,subwp,123,1,E2.1,E2.1-R0,False,subwp,123,02,2,2978378314,exito,,152.128,0,0,"[-6.6, 12.131197052912958]"
1653,goal_166,3,exito,4754,880.12,02,subwp,123,1,E2.1,E2.1-R0,False,subwp,123,02,3,3330360028,exito,,152.128,0,0,"[-6.6, -7.5638432347210465]"
1654,goal_166,4,exito,4755,880.36,02,subwp,123,1,E2.1,E2.1-R0,False,subwp,123,02,4,1491457919,exito,,152.16,0,0,"[-6.6, 0.010583943965034703]"
1655,goal_166,5,exito,4754,880.22,02,subwp,123,1,E2.1,E2.1-R0,False,subwp,123,02,5,803399657,exito,,152.128,0,0,"[-6.6, 0.0063869063624466095]"
1656,goal_166,6,exito,4754,880.11,02,subwp,123,1,E2.1,E2.1-R0,False,subwp,123,02,6,3068900947,exito,,152.128,0,0,"[-6.6, -2.065303869600803]"
1657,goal_166,7,exito,4755,880.35,02,subwp,123,1,E2.1,E2.1-R0,False,subwp,123,02,7,3253503685,exito,,152.16,0,0,"[-6.6, 7.082703406437735]"
1658,goal_166,8,exito,4755,880.35,02,subwp,123,1,E2.1,E2.1-R0,False,subwp,123,02,8,1364433748,exito,,152.16,0,0,"[-6.6, 5.877708802484938]"
1659,goal_166,9,exito,4755,880.36,02,subwp,123,1,E2.1,E2.1-R0,False,subwp,123,02,9,643083202,exito,,152.16,0,0,"[-6.6, -8.326745766771822]"
1660,goal_166,10,exito,4755,880.35,02,subwp,123,1,E2.1,E2.1-R0,False,subwp,123,02,10,1229890078,exito,,152.16,0,0,"[-6.6, -7.165957048344609]"
1661,goal_167,1,exito,4656,875.71,02,subwp,123,1,E2.1,E2.1-R0,False,subwp,123,02,1,717856169,exito,,148.992,0,0,"[-6.6, 10.734257684353707]"
1662,goal_167,2,exito,4656,875.71,02,subwp,123,1,E2.1,E2.1-R0,False,subwp,123,02,2,3015756819,exito,,148.992,0,0,"[-6.6, -0.2567989330892372]"
1663,goal_167,3,exito,4656,875.71,02,subwp,123,1,E2.1,E2.1-R0,False,subwp,123,02,3,3301440645,exito,,148.992,0,0,"[-6.6, 3.884936517970829]"
1664,goal_167,4,exito,4656,875.7,02,subwp,123,1,E2.1,E2.1-R0,False,subwp,123,02,4,1520658726,exito,,148.992,0,0,"[-6.6, -10.049937907084013]"
1665,goal_167,5,exito,4656,875.71,02,subwp,123,1,E2.1,E2.1-R0,False,subwp,123,02,5,765745584,exito,,148.992,0,0,"[-6.6, -2.216442083026249]"
1666,goal_167,6,exito,4656,875.72,02,subwp,123,1,E2.1,E2.1-R0,False,subwp,123,02,6,3031238666,exito,,148.992,0,0,"[-6.6, -6.999307740076016]"
1667,goal_167,7,exito,4656,875.72,02,subwp,123,1,E2.1,E2.1-R0,False,subwp,123,02,7,3282712732,exito,,148.992,0,0,"[-6.6, 10.292520104239092]"
1668,goal_167,8,exito,4656,875.7,02,subwp,123,1,E2.1,E2.1-R0,False,subwp,123,02,8,1393894669,exito,,148.992,0,0,"[-6.6, -11.820965589989543]"
1669,goal_167,9,exito,4656,875.7,02,subwp,123,1,E2.1,E2.1-R0,False,subwp,123,02,9,605164955,exito,,148.992,0,0,"[-6.6, 12.086490453677863]"
1670,goal_167,10,exito,4656,875.7,02,subwp,123,1,E2.1,E2.1-R0,False,subwp,123,02,10,1543179760,exito,,148.992,0,0,"[-6.6, 3.682942823729759]"
1671,goal_168,1,exito,4850,917.13,02,subwp,123,1,E2.1,E2.1-R0,False,subwp,123,02,1,722204574,exito,,155.2,0,0,"[-6.6, -3.8042489590652697]"
1672,goal_168,2,exito,4850,917.12,02,subwp,123,1,E2.1,E2.1-R0,False,subwp,123,02,2,2986518052,exito,,155.2,0,0,"[-6.6, 10.630101135816332]"
1673,goal_168,3,exito,4850,917.12,02,subwp,123,1,E2.1,E2.1-R0,False,subwp,123,02,3,3305477810,exito,,155.2,0,0,"[-6.6, 9.307269372287971]"
1674,goal_168,4,exito,4850,917.14,02,subwp,123,1,E2.1,E2.1-R0,False,subwp,123,02,4,1533084433,exito,,155.2,0,0,"[-6.6, 11.910772059204351]"
1675,goal_168,5,exito,4850,917.12,02,subwp,123,1,E2.1,E2.1-R0,False,subwp,123,02,5,744895367,exito,,155.2,0,0,"[-6.6, -8.932703333835063]"
1676,goal_168,6,exito,4850,917.14,02,subwp,123,1,E2.1,E2.1-R0,False,subwp,123,02,6,3043975741,exito,,155.2,0,0,"[-6.6, 3.4112236798336024]"
1677,goal_168,7,exito,4850,917.12,02,subwp,123,1,E2.1,E2.1-R0,False,subwp,123,02,7,3261616811,exito,,155.2,0,0,"[-6.6, 0.02393649309483701]"
1678,goal_168,8,exito,4850,917.14,02,subwp,123,1,E2.1,E2.1-R0,False,subwp,123,02,8,1389842234,exito,,155.2,0,0,"[-6.6, 4.64464065483516]"
1679,goal_168,9,exito,4850,917.12,02,subwp,123,1,E2.1,E2.1-R0,False,subwp,123,02,9,634421164,exito,,155.2,0,0,"[-6.6, -7.292586257864885]"
1680,goal_168,10,exito,4850,917.13,02,subwp,123,1,E2.1,E2.1-R0,False,subwp,123,02,10,3813108373,exito,,155.2,0,0,"[-6.6, 3.0412704796607524]"
1681,goal_169,1,exito,4998,936.22,02,subwp,123,1,E2.1,E2.1-R0,False,subwp,123,02,1,542617763,exito,,159.936,0,0,"[-6.6, -3.2250569339031636]"
1682,goal_169,2,exito,4998,936.21,02,subwp,123,1,E2.1,E2.1-R0,False,subwp,123,02,2,3110002969,exito,,159.936,0,0,"[-6.6, 5.068167858963885]"
1683,goal_169,3,exito,4998,936.21,02,subwp,123,1,E2.1,E2.1-R0,False,subwp,123,02,3,3461992847,exito,,159.936,0,0,"[-6.6, 6.014309229986003]"
1684,goal_169,4,exito,4998,936.21,02,subwp,123,1,E2.1,E2.1-R0,False,subwp,123,02,4,1346192428,exito,,159.936,0,0,"[-6.6, -9.864966504172706]"
1685,goal_169,5,exito,4998,936.22,02,subwp,123,1,E2.1,E2.1-R0,False,subwp,123,02,5,658142394,exito,,159.936,0,0,"[-6.6, -8.041240357725798]"
1686,goal_169,6,exito,4998,936.21,02,subwp,123,1,E2.1,E2.1-R0,False,subwp,123,02,6,3191022848,exito,,159.936,0,0,"[-6.6, -4.149037541595632]"
1687,goal_169,7,exito,4998,936.22,02,subwp,123,1,E2.1,E2.1-R0,False,subwp,123,02,7,3375633814,exito,,159.936,0,0,"[-6.6, -0.807577034082092]"
1688,goal_169,8,exito,4998,936.21,02,subwp,123,1,E2.1,E2.1-R0,False,subwp,123,02,8,1502283783,exito,,159.936,0,0,"[-6.6, 2.7888978206181005]"
1689,goal_169,9,exito,4998,936.22,02,subwp,123,1,E2.1,E2.1-R0,False,subwp,123,02,9,780941457,exito,,159.936,0,0,"[-6.6, -9.998907400033046]"
1690,goal_169,10,exito,4998,936.21,02,subwp,123,1,E2.1,E2.1-R0,False,subwp,123,02,10,3139730115,exito,,159.936,0,0,"[-6.6, 12.442554858796969]"
1691,goal_170,1,exito,5160,950.38,02,subwp,123,1,E2.1,E2.1-R0,False,subwp,123,02,1,563468948,exito,,165.12,0,0,"[-6.6, 3.5693867000249955]"
1692,goal_170,2,exito,5160,950.38,02,subwp,123,1,E2.1,E2.1-R0,False,subwp,123,02,2,3097266990,exito,,165.12,0,0,"[-6.6, -10.938088729291364]"
1693,goal_170,3,exito,5160,950.38,02,subwp,123,1,E2.1,E2.1-R0,False,subwp,123,02,3,3483089848,exito,,165.12,0,0,"[-6.6, -6.290012446856538]"
1694,goal_170,4,exito,5160,950.38,02,subwp,123,1,E2.1,E2.1-R0,False,subwp,123,02,4,1375677979,exito,,165.12,0,0,"[-6.6, -7.221559260988732]"
1695,goal_170,5,exito,5160,950.38,02,subwp,123,1,E2.1,E2.1-R0,False,subwp,123,02,5,653794957,exito,,165.12,0,0,"[-6.6, 6.55497692943583]"
1696,goal_170,6,exito,5160,950.39,02,subwp,123,1,E2.1,E2.1-R0,False,subwp,123,02,6,3220262711,exito,,165.12,0,0,"[-6.6, -1.1930404737847657]"
1697,goal_170,7,exito,5160,950.37,02,subwp,123,1,E2.1,E2.1-R0,False,subwp,123,02,7,3371597729,exito,,165.12,0,0,"[-6.6, 2.6407664842853182]"
1698,goal_170,8,exito,5160,950.39,02,subwp,123,1,E2.1,E2.1-R0,False,subwp,123,02,8,1481204272,exito,,165.12,0,0,"[-6.6, -6.788474826367969]"
1699,goal_170,9,exito,5160,950.38,02,subwp,123,1,E2.1,E2.1-R0,False,subwp,123,02,9,793662118,exito,,165.12,0,0,"[-6.6, 1.3825445032471726]"
1700,goal_170,10,exito,5162,950.6,02,subwp,123,1,E2.1,E2.1-R0,False,subwp,123,02,10,60300710,exito,,165.184,0,0,"[-6.6, -1.2086716459411453]"
1701,goal_171,1,exito,5403,977.6,02,subwp,123,1,E2.1,E2.1-R0,False,subwp,123,02,1,2532869758,exito,,172.896,0,0,"[-6.6, 4.144243092547303]"
1702,goal_171,2,exito,5403,977.67,02,subwp,123,1,E2.1,E2.1-R0,False,subwp,123,02,2,267507652,exito,,172.896,0,0,"[-6.6, -1.9531159366623625]"
1703,goal_171,3,exito,5403,977.67,02,subwp,123,1,E2.1,E2.1-R0,False,subwp,123,02,3,2029446994,exito,,172.896,0,0,"[-6.6, -0.4729172993765236]"
1704,goal_171,4,exito,5403,977.6,02,subwp,123,1,E2.1,E2.1-R0,False,subwp,123,02,4,3868357361,exito,,172.896,0,0,"[-6.6, 3.980084631444486]"
1705,goal_171,5,exito,5403,977.67,02,subwp,123,1,E2.1,E2.1-R0,False,subwp,123,02,5,2442478183,exito,,172.896,0,0,"[-6.6, 0.8871863611917599]"
1706,goal_171,6,exito,5403,977.67,02,subwp,123,1,E2.1,E2.1-R0,False,subwp,123,02,6,144446429,exito,,172.896,0,0,"[-6.6, -2.2659975661398355]"
1707,goal_171,7,exito,5403,977.62,02,subwp,123,1,E2.1,E2.1-R0,False,subwp,123,02,7,2140873547,exito,,172.896,0,0,"[-6.6, -0.25287195156514647]"
1708,goal_171,8,exito,5403,977.64,02,subwp,123,1,E2.1,E2.1-R0,False,subwp,123,02,8,4012130010,exito,,172.896,0,0,"[-6.6, -7.609609271290122]"
1709,goal_171,9,exito,5403,977.6,02,subwp,123,1,E2.1,E2.1-R0,False,subwp,123,02,9,2552434252,exito,,172.896,0,0,"[-6.6, -7.165665971369606]"
1710,goal_171,10,exito,5403,977.65,02,subwp,123,1,E2.1,E2.1-R0,False,subwp,123,02,10,1139833756,exito,,172.896,0,0,"[-6.6, 1.012422416593003]"
1711,goal_172,1,exito,5632,1006.94,02,subwp,123,1,E2.1,E2.1-R0,False,subwp,123,02,1,2537221193,exito,,180.224,0,0,"[-6.6, -6.288220566300215]"
1712,goal_172,2,exito,5632,1006.93,02,subwp,123,1,E2.1,E2.1-R0,False,subwp,123,02,2,238271987,exito,,180.224,0,0,"[-6.6, -8.970200766286261]"
1713,goal_172,3,exito,5632,1006.88,02,subwp,123,1,E2.1,E2.1-R0,False,subwp,123,02,3,2033487205,exito,,180.224,0,0,"[-6.6, -1.1216671840848258]"
1714,goal_172,4,exito,5632,1006.94,02,subwp,123,1,E2.1,E2.1-R0,False,subwp,123,02,4,3880786118,exito,,180.224,0,0,"[-6.6, -2.6807679844032744]"
1715,goal_172,5,exito,5632,1006.94,02,subwp,123,1,E2.1,E2.1-R0,False,subwp,123,02,5,2421631056,exito,,180.224,0,0,"[-6.6, 7.007536468812929]"
1716,goal_172,6,exito,5632,1006.94,02,subwp,123,1,E2.1,E2.1-R0,False,subwp,123,02,6,157186538,exito,,180.224,0,0,"[-6.6, -10.036254703060893]"
1717,goal_172,7,exito,5632,1006.93,02,subwp,123,1,E2.1,E2.1-R0,False,subwp,123,02,7,2119780732,exito,,180.224,0,0,"[-6.6, 2.6336282315356314]"
1718,goal_172,8,exito,5632,1006.94,02,subwp,123,1,E2.1,E2.1-R0,False,subwp,123,02,8,4008072429,exito,,180.224,0,0,"[-6.6, 2.7097734975501435]"
1719,goal_172,9,exito,5632,1006.93,02,subwp,123,1,E2.1,E2.1-R0,False,subwp,123,02,9,2581685371,exito,,180.224,0,0,"[-6.6, 11.592474009399304]"
1720,goal_172,10,exito,5632,1006.9,02,subwp,123,1,E2.1,E2.1-R0,False,subwp,123,02,10,4216069369,exito,,180.224,0,0,"[-6.6, 13.181599357470416]"
